S01B00006275696C642F72656C656173652F7A69676265652E73333714
S21400400008100020A192000081DC000013270300A6
S2140040101327030089DC000091DC0000132703004F
S2140040201327030013270300132703001327030097
S21400403095DC0000D8700400132703001327030044
S214004040132703001327030013270300B98D00006E
S2140040501327030013270300132703001327030067
S214004060132703001327030095E100003F1D0300FC
S2140040701327030013270300132703001327030047
S2140040801327030013270300132703001327030037
S2140040901327030013270300132703001327030027
S2140040A013270300699600004D96000013270300AF
S2140040B01327030013270300132703007D35020090
S2140040C04F8303004B830300E12C0200658303004B
S2140040D0538303003D350200578303007119020025
S2140040E0BD35020013270300132703001327030020
S2140040F013270300132703001327030013270300C7
S21400410013270300132703001327030013270300B6
S21400411013270300132703001327030013270300A6
S2140041201327030013270300132703001327030096
S2080041301327030049
S214004134F0B5114A114C124E00F00105E3695F0711
S21400414413D40DB9334213D103EA00078F4207D1C3
S2140041540B4A1A40002A14BF6FF001000020F0BD7D
S214004164013AEBD16FF00200F9E74FF0FF30F6E7C3
S2140041746FF00100F3E700BF80969800000003503C
S214004184020001000B4B70B5D96911F480310DD1D2
S21400419401244FF48072084E084DF46020462C64C7
S2140041A41A61FFF7C5FF3464EC6070BD6FF0010060
S2140041B4FBE700BF0000035000100350002003502C
S2140041C438B541F6713301220C4C0021E569E363EE
S2140041D40B4B05F48035DA600223606121202361ED
S2140041E4FFF7A6FF10B92120FFF7A2FF0122054B17
S2140041F4DA600DB10023E36338BD00BF000003504E
S214004204001003500020035070B5134C6061E3693E
S2140042145B071ED40E4656F8043B8D18A361AE42C7
S2140042240BD10423002121202361FFF781FF58B915
S214004234BDE870402120FFF77BBF08210846FFF742
S21400424477FF10B10423236170BD56F8043BA361C5
S214004254E5E74FF0FF30F7E7000003502DE9F84399
S214004264154641F67132164B8946DF69DA63012238
S214004274064603F58053DFF8508007F48037DA608B
S21400428455B9284601220F4BDA601FB10022A3F568
S2140042940053DA63BDE8F88306F5005404EA08041C
S2140042A4A41BAC4228BF2C46494622463046FFF79C
S2140042B4ABFF0028E6D12644A1442D1BE0E700BF4F
S2100042C4000003500020035000E0FFFF45
S2140042D02DE9F04F4FF0FD0BC9B09A460DF11B09C2
S2140042E09DF8503108AFCDF80C90CDF808B0019786
S2140042F0059303890446009383790E4690464188C9
S2140043008288407813F086FE054650B10090A38858
S214004310002062883A4914F0C1F9284649B0BDE841
S214004320F08F99F8000031F064FB38B12846A38876
S2140043306288344914F0B2F98D25EEE75A463946BC
S21400434099F8000031F0FDFA8346002851D0529BC0
S2140043501BB1BDF84C3198424BD8002399F8009019
S2140043600793A9F14102012A5FFA8BF123D8384658
S2140043700139254ADFF898C05FFA81FE734513DBE2
S214004380059B04210792C3B907AF18221F489FED6B
S2140043901A7B02FB060420460A460830394684ED9E
S2140043A0027B18F0A3FE11E010F8011F0133514004
S2140043B00CFB01F2E2E7059B33B123464A4638463A
S2140043C0009611F0A9FDA8E70829DED9B8F1000F7C
S2140043D001D088F80090BAF1000F01D0AAF800B01A
S2140043E0529B002B99D05A46184608A918F07EFE14
S2140043F093E7012591E700BF0000000000000000E1
S214004400F51804002A190400C59D1C811811002007
S21400441093010001000000002DE9F04F93B0CDE9B4
S2140044200A32DDE91C530E9353EC102BCDE908013C
S214004430104619468DED060B1E9E18F0E1F880B169
S214004440DDE906014FF0FF32C54B18F001F940B91F
S214004450DDE906014FF0FF326FF4801318F0DAF84A
S21400446070B1DDE908019DED060B0E9B1E96CDE9A9
S2140044701C53DDE90A3213B0BDE8F04F00F088B9EE
S2140044800022DDE90601002318F0C4F8002800F039
S2140044903381DDE906A303F1004BCBF30A5016F493
S2140044A08063A0F2FF3008BF06250F9317F0D6FDF5
S2140044B09BA3D3E9002317F03BFE9BA3D3E900237D
S2140044C017F080FCCBF31304894644F07F518046F6
S2140044D00022A44B504641F4401117F071FC94A3FF
S2140044E0D3E9002317F024FE02460B464046494611
S2140044F017F068FC18F0B6F8044617F0AFFD8EA368
S214004500D3E900238046894617F012FE0022964B18
S21400451017F058FC18F0A6F889A3D3E9002307463D
S2140045204946404617F004FE80463846894617F04E
S21400453095FD85A3D3E9002317F0FAFD02460B4646
S2140045404046494617F03CFC02460B46CDE90C2394
S21400455017F0EEFDDDE90C23804689461046194625
S21400456017F030FC0022CDE91001804B404649464A
S21400457017F008FF00227E4B17F024FC02460B467D
S2140045804046494617F0FEFE00227A4B17F01AFC0A
S21400459002460B464046494617F0F4FEDDE90C237A
S2140045A08046894600204FF0804117F009FC0246FD
S2140045B00B464046494617F005FC02460B46DDE929
S2140045C0100117F0DFFE07F2FF3700226A4B17F0E4
S2140045D0F9FB00223B0517F0ABFD52465B468046D2
S2140045E0894618F035F8002840F08980CDE90C8916
S2140045F004F16303C62B8CBF0527042731051BD5A2
S21400460053A3D3E900235046594618F017F800285C
S2140046107FD051A3D3E900235046594617F0FAFF3E
S214004620002876D00027A542C6BF2C1B04F1FF3514
S21400463000253C4646F480660E9B9F422CBF4FF0FA
S2140046400008A3EB070816F0020903D0002F18BFD6
S2140046504FF000083CB1DDE90C235046594617F0F0
S21400466091FE82468B46DDE906010022002317F004
S214004670D1FF10B10BF100439B46DDE9080126F49B
S2140046800063CDE90183DDE90A324BEC10AB0095FF
S21400469000F07EF802465FB3DDE9091316F0200F3E
S2140046A000F10105089E0CBF65204520B047DDE9F6
S2140046B008010523002205930A23002CCDE90232C7
S2140046C007F1FF374FEAD473B8BF64422A46019316
S2140046D004970A9B009432F0A8FF0246B9F1000F37
S2140046E006D00B9BC41A0B9B1A190E9BA34245D8E7
S2140046F0104613B0BDE8F08FDDE906ABCDE600222C
S214004700404649461A4B17F03DFE013CCDE90C01E8
S2140047106EE7002D90D00F9B002B8DD0013D8BE7D0
S214004720FB799F501344D33FB3C8608B288AC63F9B
S21400473061436F63A787D23F71A379094F930A40FD
S2140047401655B5BBB16B0240EF39FAFE422EE63F76
S2140047502D431CEBE2361A3F0000000080842E41F9
S214004760FFFFEF7F0000F83F0000E03F00002C4016
S21400477000002440000018400000F03F2020DDE943
S2140047800913089DA8470134ADE700BF00000000EC
S2140047902DE9F04F5BEC10AB97B0CDE90501DDE9F4
S2140047A02058CDE90723504652465B465946229F7D
S2140047B017F026FF70B90323CDE902870193AA4BB1
S2140047C00093DDE90501DDE9072332F060FE17B04E
S2140047D0BDE8F08F4FF0FF326FF480135046594615
S2140047E017F018FF28B10423CDE9028701939F4BE9
S2140047F0E6E74FF0FF32504659469D4B17F028FF2C
S21400480068B19C4A07F00403002B08BF03229A4BAA
S2140048101CBF13460422CDE902870192D0E750461A
S2140048208DA3D3E90023594617F012FF38B98CA39D
S214004830D3E900235046594617F0ECFE68B1DDE98F
S2140048400723DDE905014BEC10ABCDE92187209568
S21400485017B0BDE8F04FFFF7DFBD0022002350463B
S214004860594617F0D7FE002800F091805B46524666
S2140048700020002117F0A4FA012382468B460993F4
S21400488017F4806400F08580092D40F285800024AE
S21400489030210EABA5F109020134202C03F8011BD0
S2140048A0A5EB040901D09442F6D15946504617F0BC
S2140048B0D9FE724B054603EBC90393ED007B8DEDE5
S2140048C00A7B17F0CBFB02460B465046594617F0BC
S2140048D077FADDE90A2317F02BFC02460B46CDE9F2
S2140048E00C2317F0E7FE064617F0A8FB02460B4619
S2140048F0DDE90C0117F064FA02460B46CDE90C23FD
S21400490000225F4B17F0A4FE002848D00136304640
S21400491017F094FB02460B46DDE90A0117F084FE09
S21400492008B100260135B9F1000F45D1284617F029
S21400493095FB02460B465046594617F041FA0022B0
S2140049404F4B17F067FE10B9E90700D501350A216D
S2140049500EAB1A19202C0AD095FBF1F001FB10556E
S214004960303502F8015B013405460028F2D107F025
S2140049700302012A55D1B8F1000F52D0099A12B994
S21400498017F00C0F01D008F1FF38302240E00990F4
S21400499076E74FF0060988E7A946002485E7002257
S2140049A0DDE90C01364B17F035FE0028BBD10EB101
S2140049B0F007B8D50136B6E70A210EAB1A19202C37
S2140049C00DD0B6FBF1F001FB1063092E03F13003A6
S2140049D009F1FF3904F1010402F8013B11D8302136
S2140049E0A1440EAA202CB2D04C4504F101030AD1F2
S2140049F004F158020DEB02042E2204F8202C1C466B
S214004A00A5E70646DBE7A1541C46EBE71A5501343A
S214004A10444506D2202CF9D1CDE9028701940EAB8D
S214004A20CEE6202CF8D0099B3BB12D2204F158038A
S214004A306B4403F8202C0134EEE77A0704D504F122
S214004A4058032B226B44F4E73B07E5D504F15803E3
S214004A5020226B44EDE700BF0000000065CDCD418D
S214004A600000000065CDCDC1883604008C360400F9
S214004A70FFFFEF7F7F3604008436040010800400BA
S214004A800000E03F0000000070B58EB02C22002130
S214004A9003A818F09BF964234FF002320893CDE97F
S214004AA005230B2301218DF834305B4B8DF8101055
S214004AB01D880D4040F0A980084636F011FE0A22F7
S214004AC0564B574C1A704FF42873ADF812304FF00F
S214004AD0FF332360534B54491B8820460B82534BAD
S214004AE0534A1B68CD828B61524B0D621B884B82EA
S214004AF0514B1B68CB611EF0D7FD20B14FF41B71E4
S214004B004E4837F088FE0521206832F081FF20B13C
S214004B1040F27D21494837F07EFE206817F00CF9F8
S214004B20474B2068196833F036F80C2537F040FA02
S214004B306843099037F03CFA68430DEB050107908F
S214004B40206819F005F820B140F295213B4837F06F
S214004B5062FE256820F0E0FF00220146284633F07A
S214004B6092F820B140F29721344837F054FE40F2D4
S214004B700353344D344E2B80052396F90000AB705A
S214004B807F2801D11EF086FE3378EB7037F010FADE
S214004B9000EB80008000A88037F00AFA0023C000EF
S214004BA04FF0FF31E880AB604FF0FF3018A3D3E939
S214004BB0002336F0E7FE2549206833F01DF820680C
S214004BC002A933F039FC20B14FF434711B4837F09A
S214004BD022FE042220680DEB020132F0B1FF042809
S214004BE004D040F2D721154837F015FE01A9012060
S214004BF032F0B2FB09F088F801201FF0CFFA2EF051
S214004C0015FC1FF0F5FA1EF0DDFD0EB070BD00BFFE
S214004C100A0020FF4203000084600020B7670020DF
S214004C20A45A0020BE990400846E0020C499040093
S214004C3009B70300BC990400C0990400516F040032
S214004C40CC6B0020985A00206B7100207DB70300C3
S214004C500348044B834202D0034B03B11847704706
S214004C60987100209871002000000000064B07494C
S214004C70C91A891048BF0131491003D0044B0BB143
S214004C8001481847704700BF9871002098710020AF
S214004C900000000010B5064C237843B9FFF7D8FF94
S214004CA0044B13B10448AFF300800123237010BDFA
S214004CB0481600200000000044BD040008B5044B60
S214004CC01BB104490448AFF30080BDE80840CDE7B7
S214004CD0000000004C16002044BD0400A3F5803AF6
S214004CE0704700BF154B002B08BF114B9D46FFF7C2
S214004CF0F5FF00218B460F461148124A121A18F08B
S214004D0065F80C4B002B00D098470B4B002B00D0BF
S214004D1098470020002104000D000B4818F09CFB6B
S214004D2018F02CF8200029002DF0B2F818F082FBBD
S214004D30000008000000000000000000081000202E
S214004D40081000200C680020C1D4010007B501211E
S214004D5020200DF1070201F0ADFC58B1022301211D
S214004D6020200DF107028DF8073001F0B3FC03B0E8
S214004D705DF804FB9DF807100229F8D002220948C6
S214004D8016F012FF022301210DF1070220208DF8F4
S214004D90073001F09FFC2CF0B8FF4FF4FA6001F0EA
S214004DA0D3FAE4E748CC030038B501F04BFA03F039
S214004DB05DFA01F081FF012805D001F07DFF022891
S214004DC001D001F09FFF124D2B783BB901F074FF24
S214004DD00128044602D12DF03EF82C7001F06CFF3D
S214004DE00128044609D101F013FA2CF0A1FF094A64
S214004DF0094B117811B91470186038BD1A68074944
S214004E00821A8A42F9D91860BDE8384003F05ABAC7
S214004E10636100206261002064160020DF930400B6
S214004E2010B5044600882CF03CFFA37884F84400B4
S214004E30834202BF0123E3702371074B04F11C0079
S214004E40C4E9073401F042FD224620880349BDE844
S214004E50104001F0C9BB00BF17150300E1140300A2
S214004E6070B5C37804460D461646002B34D1D1B132
S214004E70214816F099FE0123E370E36CA6600BB19F
S214004E80E06D9847E368F61A63699E4221D2217E58
S214004E901A480131C9B2217616F086FEA36D13B109
S214004EA0217EE06D9847E5702CF042FF15B323791C
S214004EB003BBA268238A801A83421BD801231048AA
S214004EC0237116F071FE236DA3B1E06DBDE870404E
S214004ED0184701232376E6E70029E4D1094816F0AF
S214004EE063FE636DE660E5702571002BDBD0E06D38
S214004EF09847D8E770BD00BF70CC030081CC030094
S214004F00AFCC03009CCC030013B5C8B1C2B10129D5
S214004F1010D0022911D099B9C369283083B114047E
S214004F20B4FBF3F404600848009416F03DFE00203D
S214004F3002B010BD036A2C30F0E7436A3030EDE76C
S214004F404FF0FF30F4E700BFC5CC03000A46044923
S214004F500346086810B119462CF039BB704700BFED
S214004F606816002070B5044694F89D2094F89E308C
S214004F70D21A4032514201F03F0102F03F0258BFC0
S214004F804A42D2B2162A00D870BD03F03F0222442D
S214004F9092F85D20552A05D0013303F03F0384F8CC
S214004FA09E30E1E700205822191801F03F01214405
S214004FB091F85D1001300A441628D2B2F4D1D243DB
S214004FC003F1160101F03F01214491F85D10D2B2C1
S214004FD08A42E1D1012120462CF0BEFA0421054682
S214004FE020462CF0B9FA0A21064620462CF0B4FAE0
S214004FF0A26AC4E907655643E26A030248BF434211
S21400500002FB05F5226B48BF23F07F4002FB00F34E
S21400501003F500431B0C360C2D0C23816062A68022
S214005020E5802CF085FE237E33B90123237694F8A1
S2140050309E3060611733B0E742F210726369C31A9C
S2140050409342F2D82269B4F9081003FB01222261C8
S214005050064A23699342E8D3A3F55B13A3F53A53B4
S2140050602361E3680133E360F3E700BF80EE3600B8
S21400507010B5044601F0D0FC2046FFF773FF02216E
S214005080054801F0B5FC04F134004FF47A71BDE830
S21400509010402CF044BE00BF487004002DE9F843D1
S2140050A00D4616469846044610B3A8220021043042
S2140050B017F08CFE40F29D1240F20513C4E90A2355
S2140050C06923DFF8889023634246314628461A4B08
S2140050D025806680C9F8004001F026FC074660B1CE
S2140050E00023324629461548C9F8003016F05CFD04
S2140050F04FF0FF373846BDE8F8832CF019FE012341
S21400510084F85C300E4B6061C4E92834032384F8CD
S214005110A8300C4BC4E90D343434204601F0D6FBDD
S21400512020464FF47A712CF0FAFD43463246294663
S214005130054816F039FDDDE74D4F0000FECC0300B4
S2140051404C700400715000002BCD03006816002040
S21400515058B101B1816202B1C26203B10363816AD0
S214005160D0E90B23014816F01FBD70475CCD030045
S2140051702DE9F8430E4617461D460446002846D03D
S21400518092220021063017F021FE224A224B30469A
S214005190C4E9152343F273630022E36511462680B3
S2140051A06780A5802CF09FFD0022A071114638462E
S2140051B02CF099FD00224FF001081146E0712846B8
S2140051C02CF03CFD28462CF058FD84F83C802CF052
S2140051D0AFFD124B04F16009C4E91834206284F86C
S2140051E08980484601F072FB0D4B3A463146C4E9C9
S2140051F023340C482B4684F8948016F0D5FC484699
S21400520041F288312CF08BFD0020BDE8F8834FF08A
S214005210FF30FAE7305C020076CF0100EB160300A1
S2140052206870040081CD030060B1002914BF01231B
S214005230002380F88A30044B0449054818BF1946F5
S21400524016F0B2BC704700BFB5CD0300C7CD030053
S214005250D8CD030058B101B1416502B1826503B1F2
S214005260C365416DD0E91623014816F09DBC704712
S214005270F3CD030013B5C8B1C2B1012910D002297D
S21400528011D099B9836C543083B11404B4FBF3F491
S21400529004600848009416F087FC002002B010BD99
S2140052A0C36C5830F0E7036D5C30EDE74FF0FF302D
S2140052B0F4E700BF19CE030070B5044600F13C06C3
S2140052C080F83B1030460D462CF02EFD238F1BB188
S2140052D094F83A30AB4205D129462046BDE87040E6
S2140052E02CF080BA054B3046C4E90F3401F0EEFAD4
S2140052F03046BDE8704014212CF011BD0D18030097
S21400530070B51E46838804460D46C18002810BB1E7
S214005310868070BD3C302CF007FD94F83430BBB16D
S21400532094F83610002908BFFF2120462CF05AFAC0
S2140053300123E370074BA680C4E903340C342046EF
S21400534001F0C4FA29462046BDE870402CF0E7BCC0
S214005350FF21EAE77B18030058B1064B064A0749C7
S214005360C0E90023064BC0E902130023C0E904335A
S214005370836170471E009065C409102708523C00E0
S214005380600E803E10B501790446B1FA81F10088BE
S21400539049092CF0CFFB21796088B1FA81F14909DF
S2140053A02CF0C8FB034B1A68A24204BF00221A6006
S2140053B010BD00BF6C16002070B543790446A3B13B
S2140053C000880E4E04F10805336813B10C4B1B78A9
S2140053D06BB121792CF0AEFB64210A4B3460A360DC
S2140053E02846BDE870402CF09ABC4088E9E706489D
S2140053F016F0DAFB054B3221A360F1E76C160020AD
S214005400666100208553000056CE0300B9530000A5
S21400541010B50446E0B10F4816F0C6FB01236371D1
S214005420A37953B9217920882CF084FB236B7BB1B8
S214005430606B0121BDE8104018472046FFF7A2FF29
S21400544004F108002CF070FC2046FFF7B5FFEDE7EE
S21400545010BD00BF8CCE030010B50446F8B110484E
S21400546016F0A2FB00236371A3796BB9217920881B
S214005470B1FA81F149092CF05DFB236B7BB1606BBF
S2140054800021BDE8104018472046FFF77BFF04F1D7
S21400549008002CF049FC2046FFF78EFFEDE710BD14
S2140054A097CE030010B5044668B1074816F07CFB9B
S2140054B0637920461BB1BDE81040FFF7CDBFBDE8BD
S2140054C01040FFF7A5BF10BDA3CE030010B50E4CCD
S2140054D00E48214616F068FB82210D4816F064FB44
S2140054E082210220A21E01F0F5F8014630B134F800
S2140054F0022C0848BDE8104016F056BB0648BDE82A
S214005500104016F051BB00BFEA5B0020B2CE03008D
S214005510CDCE0300D8CE03001CCF030038B50E4C0A
S21400552082212246022001F0C5F8A51C014650B192
S21400553022880A4816F038FB44222846084917F005
S214005540D5FD4323238035F8021C064A0648BDE8ED
S214005550384016F029BB00BFE85B002027CF0300C9
S214005560A7CF0300EA5B002085CF0300034B1B7820
S2140055701BB18B4201D82CF0C8BB704701710020CC
S21400558010B5044601460E4816F00EFB012C11D14C
S2140055900C4B0D481A884FF6FF739A421EBF002226
S2140055A0094B5A742CF0FBF902F0FEFFBDE81040E0
S2140055B002F0A2BE0448BDE810402CF0F2B900BFCD
S2140055C0EBCF0300B4700020586B002070B50024A9
S2140055D01A4D1B4E3378A3421BDC0024194D1A4E7D
S2140055E03378A3421BDC0024184D194E3378A342AF
S2140055F01BDC01F061FB012816481CD12CF0CFF90A
S21400560002F0D2FF02F078FEBDE87040124801F0CA
S21400561073BB2846FFF704FC01346035DAE72846FA
S2140056202CF07AF901346435DAE728462CF087FA4C
S21400563001343835DAE72CF0B4F9E5E7D426002053
S2140056406C610020F42A00206D610020A424002054
S2140056506B610020586B0020815500002DE9F04F4B
S21400566089B0FFF75BFFAB4B07A807932CF0A5FAB2
S214005670054617F0A7FAA84CC2B21F2A627004D9D2
S214005680A64816F091FA00F053FE2946A01C17F023
S2140056902DFD07A82CF091FA054617F093FAC2B232
S2140056A01F2A84F8212001D99D48EAE7294604F1FB
S2140056B0220017F01BFD07A82CF07FFA3225824641
S2140056C000269AF80030002B40F00481954CFFF736
S2140056D07DFF2378944F0093944E954B3A781B7831
S2140056E03178944816F060FA934B1B7803930BB10D
S2140056F0337803938E483278397800785318034409
S214005700207800240344DFF86C920398254603446F
S2140057104846DBB2A24200F3E384012B38BF0123E4
S214005720864D04932A4600232C464FF482714FF68A
S214005730FF7804980133984213705180A2F80480D1
S21400574002F10C02F5DC7E4B7C497348A36001F045
S214005750FDFBE079A36800EB400003EB800000F05F
S214005760F3FFE3790133E371764C2388434503D096
S2140057707249754801F03CFD4FF6FF7322886F4969
S214005780D21A18BF0122714802F0DCFC4FF0000864
S214005790DFF8E0A16A4C3378434500F3AB846C4BEA
S2140057A01B785BB16B4B1B78012B07D163496A48AA
S2140057B002F03AF86149694802F0DAFA4FF0000858
S2140057C04FF00C0BDFF898A15C4D3A78424500F399
S2140057D0A6845F4B1B7823B11AB161495E482CF052
S2140057E029FD0C214FF000084FF0940B3B7896F8FB
S2140057F000A09A4401FB0A514D4B1878594A40457F
S21400580000F3AE840C214FF0000B96F800803B7836
S214005810DFF810A19844804401FB08519AF8002054
S214005820514B5A4500F3B384494B1B78ABB1DFF8B4
S21400583024B19BF8001001290FD94FF00C0801394C
S21400584008FB0151444801F0EFFF9BF80010434865
S214005850013908FB015102F08BFA33783A780621B9
S2140058601344334A0126127813449AF8002013444E
S2140058700C2202FB035500231846039A0C359A4265
S21400588009F1AC0900F39A8404992C48314D01F0D3
S2140058904DF92F4B40F2055240F6043128781E7819
S2140058A001F026F90022044640F20271287801F041
S2140058B01FF921460246304601F0C4FA079B1549F7
S2140058C01A468B4240F08D84284809B0BDE8F04F58
S2140058D016F06AB9532B11D19AF801304C2B40F0D0
S2140058E051819AF80230502B40F04C81204B012217
S2140058F01A7007A82CF061F98246E2E6322B3BD1FB
S2140059009AF80130452BF4D19AF80230502BF0D19A
S214005910094BECE7EA5B0020546A00200AD003003B
S21400592021D0030067610020696100206A610020C1
S21400593068610020E0D00300656100205C1A00204A
S214005940EC1A0020B4700020E81600207016002024
S2140059506461002000710020381700200810002025
S214005960D81F00201C1E0020CC1C002030D10300B5
S21400597066610020E8210020442B15D19AF80130FA
S214005980303B092BB5D80AF101002CF023F9B84BAF
S214005990B84A1978002385B2994202F16002A8DD60
S2140059A022F8465C0133F7E7422B0DD19AF8013016
S2140059B0542B43D10AF1020000F064FEAE4B18806F
S2140059C018462BF06AFD94E7582B1ED8412B90D929
S2140059D0A3F14302152A00F24B83DFE812F0D00150
S2140059E049031B0249034903490378004903490355
S2140059F05000210049034903490349031701D30016
S214005A0049034903490349037801692B7FF471AFC1
S214005A100AF101002CF0DEF880B22CF072F968E78B
S214005A20964B012019780023954A994202F1AC0260
S214005A307FF75FAF02F8AA0C0133F6E70AF1010020
S214005A4000F020FE04460AF103002CF03BF9012189
S214005A50024620462CF0F2F860218548854F0378F0
S214005A6059437A187C524FF4FA6111824FF4487108
S214005A7051618449013355831165037039E70AF192
S214005A80010000F0FFFD00224FF0640881467E4FC3
S214005A9011462CF0D3F87D4C3E780AF1030108FB42
S214005AA006F306FB0846304624F803902CF06BF805
S214005AB0304601262BF030FF00213B78744A03FB6A
S214005AC0084433441460516016743B7011E70AF1C1
S214005AD0010000F0D7FD00224FF0640881466A4CB2
S214005AE011462CF0ABF8694F23780AF1030108FB46
S214005AF003F203FB0878404627F802902CF043F8A0
S214005B0040462BF009FF634B634A93F800C01046EB
S214005B1000239C450ADD116D583239BB582202FB22
S214005B2003006423227802FB03730365544A0023B0
S214005B301046D2F8A410D9B9AC2202FB03006423A5
S214005B40227802FB0373C0F8A4305EB9504A33468D
S214005B50114652F8040B88B96422207800FB0272C2
S214005B6041F82320237801332370C2E60133D0E7BF
S214005B700133042B02F1AC02DBD1E6E70133042B40
S214005B80E7D1EFE70AF1010000F07CFD07460AF1D5
S214005B9003002CF097F80121024638462CF04EF808
S214005BA060213348334C0278DFF8D0C05143631885
S214005BB067524FF448711982596138495D83996577
S214005BC09AF80310AC27642904BF012199709CF849
S214005BD00030DFF8ACE05F430EEB07010EF807304D
S214005BE04FF400774F8003270F718F7102EB420747
S214005BF004EB47148C6032240133DBB201324B7164
S214005C0081F8A04002708CF8003072E60AF10100BC
S214005C1000F038FD00224FF0380B80464FF00109A7
S214005C201F4F11462CF00AF83B781E4C0BFB03F373
S214005C30E21824F8038082F804909AF80330692B5F
S214005C4032D1002313715822124913480B785A4355
S214005C5000EB020C835438780133C0EBC00204EB2F
S214005C60C204421CCCF84C403A700B7041E600BFB0
S214005C706C610020D4260020B47000206A610020E9
S214005C80E8210020711B03006D610020F42A00202B
S214005C90586B002069610020D81F00206D55000059
S214005CA06B610020A4240020002BCCD00AF1030056
S214005CB000F0E8FC0022804611462BF0BFFF3B7840
S214005CC00BFB0343A3F8028083F80690BBE70AF1B8
S214005CD0010000F0D7FC07460AF1030000F0D2FCF2
S214005CE004460AF105002BF0EDFF8046024601212E
S214005CF038462BF0A3FF4246204601212BF09EFF9C
S214005D006020DFF85CE3C74A9EF80030DFF8548373
S214005D1000FB03FC02EB0C0122F80C704FF4487CED
S214005D204D83A1F810C0C1F814C0C1F85880591CA2
S214005D30C9B24843145294241718A7F810C0C7F8DD
S214005D4014C07D83C7F85880B74F981C8EF80000A3
S214005D503878DFF814C3444303EB430301EB4101F7
S214005D600CEB040E02EB431302EB41120CF804009A
S214005D70CEF80430CEF8082001303870B9E50AF1C4
S214005D80010000F07FFC80460AF1030000F07AFC78
S214005D9000220746114640462BF050FF00223824CA
S214005DA0114638462BF04AFFA048A14A03784FF028
S214005DB0000E04FB03FC22F80C804FF0010802EBF7
S214005DC00C0181F806E081F8048003EB0801C9B2F3
S214005DD04C4302EB040C17539C1C04707024954F24
S214005DE08CF806E038788CF804804443DFF87CC2F0
S214005DF0C3EBC303C1EBC1010CEB040E02EBC30300
S214005E0002EBC1020CF80400CEF80430CEF80820ED
S214005E104044B2E79AF80130502B40F08580514656
S214005E20854815F0C1FE0AF1020000F02BFC07467B
S214005E300AF1040000F026FC80460AF1060000F095
S214005E4021FC4FF6FF739F4281463FF452AD9845C2
S214005E503FF44FAD98423FF44CAD034642463946B8
S214005E607648FFF785F900287FF443AD0AF1080469
S214005E705621049020462BF07DFE412103902046BB
S214005E802BF078FE5721834620462BF073FE4921DF
S214005E90824620462BF06EFE01786848A1F1490341
S214005EA059425941FFF7C0F9039A049B11785629C5
S214005EB033D1501C2BF08EFE04469BF80030412B4D
S214005EC02DD10BF101002BF085FE83469AF80030A9
S214005ED0572B27D10AF101002BF07CFE03465A46C9
S214005EE021465648FFF7B6F954482BF072FC544C3E
S214005EF001462060534801F04DFC216852482CF0C2
S214005F001BFA0123514A39461370514A51481370FF
S214005F104B46424615F048FEEBE41C46CDE74FF0F4
S214005F20000BD3E70023DAE7422B7FF4E2AC5146BE
S214005F30414815F039FE0AF1020000F0A3FB0746BF
S214005F400AF1040000F09EFB4FF6FF739F42804666
S214005F503FF4CFAC98423FF4CCAC0AF1060A53218A
S214005F6050462BF007FE03788B4253D101302BF0BE
S214005F7031FE0346424639463748FFF78FF8044657
S214005F8000287FF4B6AC562150462BF0F3FD412195
S214005F90834650462BF0EEFD5721814650462BF0A7
S214005FA0E9FD9BF800308246562B04D10BF1010028
S214005FB02BF010FE044699F80030412B2DD109F144
S214005FC001002BF007FE81469AF80030572B27D1A8
S214005FD00AF101002BF0FEFD03464A4621461E4804
S214005FE0FFF7B6F81C482BF00CFB154C014620605A
S214005FF0144801F0CFFB216813482CF09DF90123CB
S214006000124A39461370124A14481370424615F065
S214006010CBFD6EE44FF49653ACE74FF00009D3E7A0
S2140060200023DAE7D4260020686100206B61002098
S214006030A42400206761002031D00300C41900208A
S2140060401419002038170020081000206461002072
S214006050007100205FD00300181900208ED00300C6
S2140060606C6100206D5500001C1E0020CC1C00201A
S2140060704F2B7FF43EAC9AF801304C2B7FF439ACB2
S2140060805D4B1B78002B3FF434AC0AF1020A432127
S21400609050462BF06FFD8046502150462BF06AFD8F
S2140060A098F800300746432B16D108F101002BF074
S2140060B091FD84B23B78502B10D1781C2BF08AFDD2
S2140060C082B221464D482BF084FC4D4B4D48B3F828
S2140060D06A20B3F85E109AE70024EBE70022F0E7A8
S2140060E090F805C001348C4584BF05714571AC300D
S2140060F0FFF710BBB8F1000F06D015F8053C03EB10
S214006100430304EB8304AC602946504602F04AFC85
S21400611008F101080AF1AC0A0C35FFF73CBB3178F0
S21400612011EB08010AD04A1E0BFB0252D27902EB91
S214006130420204EB82040BFB0152946050460BFBB8
S214006140015102F095F931782F4841440BFB01517B
S21400615001F0D0FD08F101080AF1580AFFF735BB37
S21400616018EB0A0F18BF11F8050C05911EBF00EBBF
S214006170400004EB80048C600BFB082001F0FCF967
S2140061800599224B08F101080C31FFF736BB702049
S2140061901BEB080F18BF11F8052C00FB0B301EBFB9
S2140061A002EB420204EB82048C60059101F0BAF81F
S2140061B005990BF1010B0C31FFF730BB15F8112CCC
S2140061C005F8056C02EB420204EB820415F80C2C71
S2140061D0C4E9001045F8044C09F8042C0133FFF715
S2140061E04CBB13F8011D00297FF469AB3B2102F874
S2140061F0011CFFF764BB00BF6461002094170020F9
S21400620038170020B2D003009824002068610020D0
S21400621008B5094B1B786BB108482CF00EF80748F8
S2140062202CF089F8064801F02FFEBDE80840044827
S2140062302CF094B808BD00BF646100203817002019
S2140062400810002008B5064B1B783BB105482BF01C
S214006250C8FABDE8084004482BF0EFBF08BD00BFF1
S21400626064610020C41900203817002007B50121FA
S21400627021200DF1070200F01DFA18B99DF807203D
S214006280024B1A7003B05DF804FB00BF01710020DA
S21400629007B5064B8DF80700187001210DF10702AF
S2140062A0212000F017FA03B05DF804FB017100200E
S2140062B007B5022101200DF1060200F0FBF938B9FE
S2140062C0044815F071FCBDF8060003B05DF804FB49
S2140062D00020FAE74DD1030007B50221ADF806000D
S2140062E00DF10602012000F0F5F9014610B1034851
S2140062F015F05AFC03B05DF804FB00BF6ED1030036
S21400630010B5FFF7D5FF04460146074815F04CFCCC
S2140063100121064815F048FC24B9BDE810400120CC
S214006320FFF7DABF10BD00BF9ED10300B0D1030057
S21400633008B5044815F038FC00F0DCF92BF0E5FC55
S2140063402BF0E0FCC6D1030038B50446084D094BD7
S21400635028462B6000F0BAFA002C18BF21462846C3
S214006360BDE8384008BF4FF496712BF0D8BC00BF8C
S214006370E82C0020F31B03002DE9F043384D91B0C4
S21400638008AC0746894690460FCD0FC495E80F0027
S214006390002684E80F0001250323324C3248CDE95D
S2140063A00366CDE905668DF80E300796029536F041
S2140063B0DBF92E4836F0D8F932462D4920468DF8BE
S2140063C0176005F017FC334632462A498DF8190047
S2140063D0009020468DF82390CDF82C808DF8216013
S2140063E005F022FC0A9020468DF8097005F084FB23
S2140063F0204608AA05A905F03DFC02AA204603A9E6
S2140064002CF0DBFE4FF400721B4B5A62194BE56012
S214006410626A920510D46BB94FF40072164B11489D
S2140064205A6205F069FB114836F0A1F9002011B058
S214006430BDE8F083013BEBE7002BEDD0094908A847
S2140064402CF0EEFE4FF400720B4B06485A6205F035
S21400645053FB064836F08BF9BDF82000E7E700BF8F
S214006460847004000040005A38730400347304003B
S21400647080841E0040420F000060005A0122034B39
S2140064801870034B1980034B1A7070476F61002019
S214006490BC7000206E610020F8B5454B1B780BB928
S2140064A00020F8BD434B1B78012B03D1BDE8F84014
S2140064B02BF0A2BB404B1C884FF6FF739C42EFD0DC
S2140064C03E4836F051F90023260AE4B21A46214621
S2140064D0304605F0D1FA012E354604F0010335D0DA
S2140064E015D9B51E012DDBD8002B0BBF4FF48075D8
S2140064F04FF080754FF470614FF070610BBF01274D
S2140065004FF480370F204FF470202D4B11E0002BF6
S2140065100BBF4FF480754FF080754FF470614FF0ED
S21400652070610BBF01274FF480370F204FF47020A7
S214006530244B1A6802401CD0BA421AD01A680A4085
S21400654032D11A6822EA01022A4316E0002B0BBF5A
S2140065504FF480754FF080754FF470614FF07061A6
S2140065600BBF01274FF480370F204FF47020164BD7
S214006570DFE71A6822EA00023A431A602BF03CFB77
S214006580054600288CD0083644EA06102A46032121
S214006590C0B2FFF7F1FE40F6FF73684300F2FF70EB
S2140065A0B0FBF3F080B27CE795427FF479AFC8E7A2
S2140065B06E6100206F610020BC70002038730400FC
S2140065C028C3035020C3035024C3035010B5044C03
S2140065D0237823B9034836F0C7F80123237010BD8B
S2140065E071610020387304002DE9F0431F4C85B01C
S2140065F0074688469146FFF7E9FF23781BB902F065
S214006600EBFE012323707BBAADF80C30302200235A
S214006610174E02FB03F4315DA51901BB0123335568
S2140066204FF0FF3304F1100012493044AB606F8026
S214006630C5F80480C5F80C900AF086FA04F1080143
S214006640042231440C4B009503A802F09BFFA96876
S21400665002460A4815F0A8FA05B0BDE8F0830133F3
S214006660102BD6D1064815F09FFAF5E7706100208A
S214006670102D00201D1C03002F1C0300D3D1030087
S21400668001D2030080B10278A2F14103032B0BD89C
S21400669040783038C0B2082806D8054B134413F8A3
S2140066A0413C40EA032070474FF6FF70704700BF3A
S2140066B0A470040008B50B4642B1014604480068C1
S2140066C004F0A4F8BDE808402BF015BB022008BD76
S2140066D0C46B002008B50B4642B10146044800686A
S2140066E004F01CFABDE808402BF005BB022008BDEC
S2140066F0C46B0020F0B50026124F8DB0FF23009328
S2140067000A223346386802A92CF014FBC0B102AB4B
S2140067101D4603EB800404E055F8043BB34228BF53
S2140067205E1CAC423868E9D9296804F07DFB002875
S214006730F2D02D28F0D00DB0BDE8F0402BF0DBBA3B
S2140067400DB0F0BDC46B002028B1034B0360034BB3
S2140067504360002383607047190000036C6B0020C1
S2140067602DE9F04F00230746DFF828818B4698F87E
S2140067700020424985B022FA03F0C00708D531F858
S2140067801300B84204D15DB2284605B0BDE8F08FCC
S2140067900133032BEFD112F0010667D1384C75B2E6
S2140067A094F80090B9F1000F21D10F2249460DF15F
S2140067B0010016F00BFB3F238DF80090DFF8C89021
S2140067C069464846ADF802302CF069FD1E2004F0FC
S2140067D0C3FE4FF47A43B0FBF3F02A4B1860D9F8A7
S2140067E030300123C9F81C00C9F80C3023700D2284
S2140067F00021684616F0EAFABBF1000B18BF4FF00E
S214006800010B0323204C6A46314620468DF806309D
S2140068108DF80AB02CF080FD236B00234FF0010AA0
S21400682004EB461083664FEA1729184BF9B249EA7B
S214006830014032B243F82200154A0AFA06FAD2F8A4
S2140068404C35484643EA0A03C2F84C355B460422F8
S21400685005F012F998F8003043EA0A0388F8003089
S214006860064B23F816708FE7022697E7910795D513
S2140068705307F9D54FF0FF3586E700BF6A5C002066
S214006880736100201030002000C0045050C5035033
S21400689000C0035072610020022810D8084B1B78F5
S2140068A0C340DB070BD5074B1B6803FB0111FF2317
S2140068B0B1FBF3F1044B1A6B03EB401319677047F7
S2140068C0726100201030002000C00450FF2307B57E
S2140068D00021044A009308300AF0BAF803B05DF8C5
S2140068E004FB00BF191D03007FB50D4E0D4C336829
S2140068F06A4600211046A5692D0606D411F0FF0150
S21400690001D003B1984704B070BD656A0131102903
S21400691002F8015BEFD1002BEAD09847E7E700BF0B
S21400692014300020008005502DE9F0478A46914635
S21400693088B0002A4DD04FF6FF72904249D091425F
S21400694047D0254A5FFA80F8070A38460E0A1360D1
S2140069504146012304225FFA8AFA204D05F08CF89E
S21400696001AC304601230222514605F085F80FCDD2
S2140069700FC495E8070084E80700002401A918481A
S214006980CDF80C908DF8044005F042FC1022154B13
S21400699047EA084746EA0A46C3F8C475C3F8BC6522
S2140069A0C3F8AC250423104A0B209364A2F580524A
S2140069B0D36406F055FF0B2006F036FF0848052185
S2140069C02CF0E7FC01222046084B1A7008B0BDE800
S2140069D0F0874FF0FF30F9E714300020A87004006D
S2140069E00080055000C0035000A0055074610020D0
S2140069F070B5074B04461B784BB141B1054E4518A0
S214006A0014F8011B30462CF0D3FCAC42F8D170BD14
S214006A10746100200080055010B5074B1B784BB101
S214006A2035F004FE0446FFF75FFF2046BDE8104041
S214006A3035F0F7BD10BD00BF746100200B46044959
S214006A40024608680349097808B12BF08EB97047EA
S214006A502430002076610020F7B50C4618B12F21AF
S214006A60194835F0D8FE246823685E795F8830467A
S214006A703946FFF7E3FFF0B18568E5B1A089227DCE
S214006A803946904291BF0020801AA36880B294BF16
S214006A9003469B18E27C00903046A847013803283E
S214006AA003D8DFE800F0080F0B0D002420462FF077
S214006AB008FD204600E0812003B0F0BD8024F5E705
S214006AC09324F3E78724F1E729D2030007B50B46A2
S214006AD00092054902460548097800682BF067F9D8
S214006AE003B05DF804FB00BF766100202430002070
S214006AF007B50B4600920649024606480978006824
S214006B002BF055F9003818BF012003B05DF804FBE0
S214006B10766100202430002008B5034B1B6803B1C3
S214006B209847002008BD00BF203000202DE9F74F11
S214006B3004460D460026454B454F1860454B1970D8
S214006B4033010021F85C013611F052F80C2EF7D113
S214006B500C2D28BF0C254FF0000901953C4EDFF8A0
S214006B6000A13D4DDFF8FC80019B4B4502DC03B0E5
S214006B70BDE8F08F23784FF0000B33706388738086
S214006B80A388B380A379C6F80880B371E379C8F800
S214006B90005088F804304FF00003A768A8F80630C5
S214006BA0E3795B450ADC012116F8100B11F020F89A
S214006BB008F1080809F101090C34D5E74FF0000385
S214006BC038886B812880FB784FF0000C2B81BA78D0
S214006BD0C5F804A0002A00920CBF802240222A7327
S214006BE079680AF10C02634513DC03EB43030AEBF6
S214006BF0830ABB6843B1009A4FF6FF71B2FA82F27D
S214006C00164B52092FF0EDFB14350BF1010B0C3728
S214006C10C6E7B1F800E00CF1010C22F80CEC91F894
S214006C2002E00C3202F816EC91F804E00C3102F89F
S214006C3015EC11F809ECBEF1010F14BF4FF0100E61
S214006C404FF0110E02F814ECCDE700BF2430002000
S214006C50884700207661002028360020596A000008
S214006C6028300020A8380020014B1860704700BF6D
S214006C701C300020014B1860704700BF20300020F9
S214006C8070B5128805460E46FFF720FF044670B121
S214006C9002790499806816F0EBF8064B1B680BB96E
S214006CA0002070BD3146284622889847F8E786209F
S214006CB0F7E700BF1C30002008B510F035F80228B2
S214006CC006D0012806D0044B18784000C0B208BD94
S214006CD00120FCE70220FAE775610020054B10B59D
S214006CE01C682CB1FFF7E8FF2346BDE810401847A4
S214006CF010BD00BF18300020014B1860704700BF61
S214006D0018300020034B1A781AB901221A700CF0BA
S214006D106BB87047756100200022024B1A70FFF7AF
S214006D20DDBF00BF7561002037B50446002832D0AD
S214006D300FF0FAFF022830D160892FF024FFE079A7
S214006D40237A003818BF0120012B637A08BF40F071
S214006D5008000BB140F0100063890BB140F004004E
S214006D60257CA188A2790DB1E36873B90C4B11F0AC
S214006D701BFB2178084611F093FB2FF02DFA002814
S214006D8014BF0320002003B030BDCDE90035054B0D
S214006D9011F00AFBEDE70220F5E70120F3E700BF5C
S214006DA042250400B7F403002DE9F04186B00546FD
S214006DB00E4690461F469DF834400FF0B5FF022859
S214006DC024D1082C16D8ADF80C808DF80E702CB196
S214006DD022460C990DF10F0016F088F903AB033428
S214006DE000930A2231460820094B019411F0DCFA80
S214006DF018B1032006B0BDE8F0812946284611F0F8
S214006E004FFB2FF0E9F90028F4D0F2E70120F1E774
S214006E10B7F4030008B50EF045F9014630B1044852
S214006E2014F0C2FEBDE808400EF0E0BC08BD00BF8E
S214006E30B7D20300024B187C00B11868704700BF39
S214006E40586B002050B100290CBF30213121002A98
S214006E500CBF30223122034814F0A6BE2D210A466C
S214006E60F9E700BFE4D20300034B044A5B7C012130
S214006E7003201370FFF72EBC586B002077610020AC
S214006E8037B50446FFF7F0FFB4F57F4F27D100254E
S214006E90204B1A8813449D70FEF718FB2846FFF710
S214006EA053FA1D4D2A68C2B1FFF7C4FFA8B14FF6CA
S214006EB005739C4224D192F841102AF04CFD2B68B1
S214006EC00421B3F8422093F841303220ADF8062072
S214006ED001AA8DF80430FFF7FDFB03B030BD4FF676
S214006EE001739C4203D10D482AF041FDD9E74FF6C5
S214006EF002739C42D5D10A4B1878FFF7C9F9D0E740
S214006F004FF606739C42E8D1B2F842102AF02DFDE7
S214006F10D5E700BFE85B002008390020586B00204A
S214006F200171002010B5074C012122460320FFF70F
S214006F30C1FB28B92378044A003B18BF01235374C9
S214006F4010BD00BF77610020586B00207B4BF7B563
S214006F501A884FF6FF739A4218BF03234FF00802B1
S214006F6004464FF030000D4675494FF0320718BF03
S214006F700B70744B1A7036229870587137201A713D
S214006F801A724FF4001298716F486264E0646F489A
S214006F90012220656E48A618A0656E48E667E06583
S214006FA06D486E4E60666E485F70A0666D48DF7016
S214006FB020676D48DF716067202084F8780084F8C9
S214006FC0840004F12100C4F888006848C4F8806092
S214006FD084F8482084F8542084F8602084F86C20D4
S214006FE0C4F88C0084F89020C4F89410C4F8B83024
S214006FF05F4B6049C4F8BC300223C4F898105E4961
S21400700084F8C030C4F8A41010215C4B84F8A81093
S214007010C4F8C4305A4B5B49C4F8C8308223C4F85D
S214007020AC10594984F8CC30C4F8B0100921574B3D
S214007030574EC4F8D030574B84F89C20C4F8D43050
S214007040554BC4F8A040C4F8DC30337C84F8B41048
S21400705084F8D820002B6AD0504B84F8E420C4F87B
S214007060E03006F11103C4F8E830FFF7E3FE90F8CD
S2140070703430002B5DD090F83630042184F841304F
S214007080FFF7D8FE038F01AA3846A4F84230FFF770
S21400709011FB38B99DF8043084F84130BDF806304D
S2140070A0A4F84230FFF7C6FE94F841102AF053FCCD
S2140070B0FFF7C0FEB4F842102AF057FC384B1021F8
S2140070C01C60384BC4F8EC30012384F8F03004F12F
S2140070D04103C4F8F430344BC4F8F830022384F883
S2140070E0FC3004F14203C4F800314FF0000CEA799A
S2140070F0A86802EB42039F0000EB830320F807C05A
S214007100D9700121443499705C605318EB71FFF715
S214007110ADF8FFF707FFFFF7CFFD01280BD1337C53
S2140071204BB11B4803B0BDE8F0402AF020BC0D214F
S214007130DBE70E21D9E703B0F0BD00BFB470002036
S2140071401271002078610020C97004000100200040
S214007150C870040002002000C7700400050042004A
S21400716003002000C6700400040042000700300040
S214007170FDFF21001200100100404200C470040010
S21400718000FF44010271002006004200E85B002078
S214007190586B002002FF20010171002001FF100142
S2140071A00839002005FF200106FF210113B504461B
S2140071B00D482AF07DF96422C0F30F43637083B252
S2140071C0B3FBF2F3A0782370202201212AF00AFEF6
S2140071D0A078212201212AF005FE0449201D02B0D4
S2140071E0BDE810402AF09BBDB4700020E093040078
S2140071F00B7870B583704CF61E0303804FF0201397
S214007200C362012380F8303080F83C30C318036432
S214007210124B044643640223114A80F84830114B4F
S2140072208263C3644063CA798D6802EB420305EB50
S214007230830004F12C0646600B4E45F823600023BD
S2140072408360531CCB71094B201DC4E90134FFF742
S2140072503DFB2046BDE87040FFF7A8BFFDFF2100BC
S21400726021002000CA70040001000103AD71000077
S214007270437B044A0121137000781130C0B2FFF737
S21400728029BA00BF8261002038B504460078054D53
S21400729011302A460121C0B2FFF70CFA08B92B7844
S2140072A0637338BD82610020024B53F820002AF039
S2140072B074BE00BF0C390020012908B506D002298B
S2140072C007D049B92AF060FE002008BD2AF05FFE0C
S2140072D0FAE72AF05FFEF7E7024814F065FC0120A3
S2140072E0F3E700BFFBD2030010B4054C114654F878
S2140072F020001A46BDF804305DF8044BFFF7DCBFEB
S2140073000C390020002310B5044683810364A0F8DE
S21400731044304830FFF7DAFA014BC4E9123410BDA6
S214007320811F030038B504460B781A4A43700D4691
S21400733042F82300FFF7E6FF2046FFF7A5FF4FF4CD
S214007340401323610123144A2375A261134A84F86B
S2140073502030E261124A84F82C306262114A84F8C6
S2140073603830A26204F10C0222630F4A04F10D03C6
S2140073706263E363EA79A86802EB420300EB8301E9
S21400738010344C60094C40F82340094B8B60531C6A
S214007390EB7138BD0C390020816100200800200008
S2140073A01371002000FF300001FF100102010104EC
S2140073B0E972000010B47024427B0D48013A01299E
S2140073C004FB020006D0022908D059B95DF8044B28
S2140073D02AF0DABD5DF8044B2AF0D9BD5DF8044BFF
S2140073E02AF0D8BD03485DF8044B14F0DDBB00BF9F
S2140073F0CC1C002017D30300B0F85C302DE9F04118
S2140074008B4204460E4638D0437B077C8BB31C4A1F
S21400741012789A422DD370251A4A013B05FB0323A6
S21400742090F80F801B7B42462AF0C5FDB8450546FE
S21400743001D1FF281FD13A463146204694F89030B5
S2140074402AF0B9FD2F460546552212216078A4F889
S2140074505C602AF0C7FCFF2F03D039462046FFF7B2
S214007460A9FFFF2D09D029462046BDE8F0412AF0A5
S214007470E2BDFF25DFE70746E6E7BDE8F08100BF8F
S21400748067610020CC1C002041688268C978D278E9
S21400749049B112B10321FFF7AFBF837B002B0CBFAE
S2140074A001210221F7E72AB1837B002B0CBF0221C2
S2140074B00121F0E7014814F077BB00BF28D3030092
S2140074C0037BD3B14368DA7812B18268D278A2B966
S2140074D01B7933B1837B002B0CBF04210521FFF7FA
S2140074E08BBF83681B792BB1837B002B0CBF0521D8
S2140074F00421F4E7014814F057BB70475AD3030041
S214007500084A437B05211370837B5370C37B9370BB
S214007510037CD370037B137100780E30C0B2FFF784
S214007520D9B800BF8361002038B5044600780C4DFA
S2140075300E302A460521C0B2FFF7BCF820B1BDE8E0
S2140075403840084814F030BB2B7863736B78A3730D
S214007550AB78E373EB7823742B79237338BD00BFC5
S2140075608361002096D30300024B53F820002AF0D4
S214007570ACBD00BF3C390020F8B504460B78424A43
S21400758043700D4642F82300404E2AF0BCFDFFF73C
S214007590CBFF6268A3683E483E49D6641165D46551
S2140075A05065C3E91410DE64DC654FF0987302265C
S2140075B06361012304F10C01E16137491032216255
S2140075C004F10D01A16235492376E16204F10E0152
S2140075D06163334984F82430A16304F10F01216408
S2140075E0304984F83030616404F11001E1642E49BA
S2140075F084F83C3084F84830216584F85460A265ED
S214007600E879A96800EB400201EB820704F1140C4C
S214007610C7F804C04FF4817C244F41F82270C2188A
S214007620D2B202EB420241F822C001EB82070022EE
S2140076307A601F4A84F8703022661E4A84F88830C2
S214007640A2661D4A1D4BE2661D4AC4F88C3062676E
S2140076501C4A8319A26704F15C02C4F88020DBB2DE
S214007660194A03EB4303C4F8842084F8646084F862
S2140076707C6001EB830260345460144A033041F8A6
S2140076802320E871F8BD00BF3C3900208974000053
S2140076908D200300C17400000100200102001001CB
S2140076A003003001040030010500210101FC010641
S2140076B04A002100CC70040051001000CE70040077
S2140076C0CF700400550021006F001800120001045E
S2140076D000B589B001A92AF030FD084B10210493AB
S2140076E0019B04AA0593029B2C200693039B0793F9
S2140076F0FEF7F0FF09B05DF804FB00BF43574C48A7
S214007700F0B54843DDE90576204C214D82EAE2716A
S214007710A1EBE271A042B0FBF5F589B225D9642051
S21400772012FB00F26FF0630092FBF5F28242B8BFE4
S2140077300246642AA8BF642252B205FB05F44943F8
S214007740A14221D24FF08040641A84420FD3002118
S21400775078B947F6FF70814228BF014603B11D8005
S21400776007B1398006B13270F0BD0022E5E7800827
S214007770EBE701EB000CA4454FEA51019CBF09184A
S214007780A4EB0C048008E3E70021E7E79F860100EE
S214007790A086010038B50D46044600B3F9B14FF493
S2140077A0EE72002115F012FB0F23A3600C4B6560F0
S2140077B0A36103F16173E3614FF0011304F15C0010
S2140077C02362FDF7C9FDE36DE367236EC4F88030DE
S2140077D0636EC4F8843094F86C3084F8883038BD12
S2140077E0010064001FB50446B8B14368ABB16A46F1
S2140077F010212C20FEF75EFF78B9094B009A9A42BA
S2140078000BD1DDE90223019960682AF09EFCDDE9D0
S21400781002230199034814F0C7F904B010BD00BF55
S21400782043574C48C5D30300F0B5044685B000283E
S21400783000F03081002900F02D814FF4D813C0F8F5
S2140078408C3000F10803C0F89430934B0422C0F843
S2140078509830022300F10C05C0F8A0508F4D80F838
S2140078609020C0F8A45000F10E05C0F8AC508C4D26
S21400787080F89C30C0F8B05000F11005C0F8B85041
S214007880884D80F8A830C0F8BC5000F11805C0F844
S214007890C450854D80F8B430C0F8C85000F11A05C1
S2140078A0C0F8D050814D80F8C030C0F8D45000F1F8
S2140078B01C05C0F8DC507E4D80F8CC30C0F8E05097
S2140078C000F11E05C0F8E8507A4D80F8D830C0F8B0
S2140078D0EC5000F12005C0F8F450774D80F8E43005
S2140078E0C0F8F85000F12205C0F80051734D80F83A
S2140078F0F030C0F8045100F1240580F8FC3080F820
S2140079000821C0F80C516E4D80F81421C0F81051B3
S21400791000F12C05C0F824516A4D00F12802C0F889
S214007920285100F12E05C0F83051674DC0F81821D7
S214007930C0F8345100F13005C0F83C51634D644A3C
S214007940C0F8405100F13205C0F84851614DC0F80A
S2140079501C21C0F84C512525012280F8505100F119
S2140079603405C0F854515C4D80F82021C0F85851B9
S21400797000F17C05C0F86051584D80F82C31C0F8F5
S214007980645100F17E05C0F86C51554D80F83831D1
S214007990C0F8705100F18005C0F87851514D80F85C
S2140079A04431C0F87C5100F18205C0F884514E4D38
S2140079B080F85C31C0F8885100F1840580F86831A1
S2140079C080F8743180F8803180F88C31C0F890519E
S2140079D0464D80F89831C0F8945100F18605C0F8FD
S2140079E09C51434D80F8B031C0F8A05100F1880595
S2140079F0C0F8A8513F4D80F8BC3100F11403C0F820
S214007A00AC51C0F8C03100F112053B4BC0F8B45180
S214007A103A4DC0F8C43100F1160380F8A421C0F82E
S214007A20B85180F8C821C0F8CC31CA798D6802EB0D
S214007A30420305EB830600F18C077760304E45F86D
S214007A4023606E46531CCB710B7804F15C05037003
S214007A502C4B1860FFF7C6FE20462AF0ABFB3246DA
S214007A6010213320A76EFEF725FE18B996E80F0002
S214007A7085E80F002846A7662AF0C4FBE36DE36797
S214007A80236EC4F88030636EC4F8843094F86C308B
S214007A9084F8883005B0F0BD0505210008052100F2
S214007AA00B05290000062100010621000206210020
S214007AB003062100040621000506210000FF23001E
S214007AC001FF230010FF210111FF210112FF2101F8
S214007AD002FF200020FF420130FF210131FF21017B
S214007AE032FF210133FF210134FF210135FF21013F
S214007AF036FF30000F052100100528000E0529006E
S214007B00040B011B6C3900202DE9FF414C4B1C680F
S214007B108CB1237883420ED1606860B14FF6127341
S214007B20994241D00AD84FF6107399422CD04FF69E
S214007B301173994231D004B0BDE8F0814FF620733E
S214007B40994238D0D03189B20529F4D8E36F04F1D0
S214007B505C00E365D4F880302366D4F8843063662E
S214007B602AF050FB024610213320FEF7B3FDE36DEA
S214007B70E367236EC4F88030636EC4F8843094F8EC
S214007B806C3084F88830D6E70021E28D2AF0CBFAF4
S214007B900023E3850028CED121E00121228E2AF0A1
S214007BA0C2FA00232386F5E70221628E2AF0BBFA8A
S214007BB000236386EEE7002394F834504FF00A0C57
S214007BC0232D28BF2325CDE9013304F13507039380
S214007BD09D420DD8DDE9022301992AF0B6FA6068C5
S214007BE0FFF776FD204604B0BDE8F0412AF0E2BA81
S214007BF0FA5C562A14D0572A14D0412A0DD10121F6
S214007C0000220133DEB2F3B29D420DD804AE013B32
S214007C1006EB8101DBB241F80C2C0133DBB2D7E76F
S214007C200021EDE70221EBE717F806E00136AEF19A
S214007C303008B8F1090FE9D80CFB02E2303AE2E767
S214007C406C39002070B50D460646144613460A46A3
S214007C500146244813F0A8FF25B92046BDE8704029
S214007C60FFF70EB9072D05D121463046BDE8704016
S214007C7000F05CBE4FF601439D4205D121463046DA
S214007C80BDE87040FFF770BC062D05D12146304692
S214007C90BDE8704000F0A6BBB5F5817F05D1214652
S214007CA03046BDE87040FFF7FFBA40F202739D42CF
S214007CB005D121463046BDE8704000F037B940F6A1
S214007CC004339D4205D121463046BDE87040FFF79B
S214007CD01BBF202D04D12046BDE8704000F0FEB941
S214007CE070BD00BFF5D303000148FEF7BDBF00BF5F
S214007CF0457C00004FF4C01330B5036001230371C8
S214007D00074B8C688360CA7902EB420304EB830559
S214007D106860044844F82300531CCB7130BD00BF94
S214007D20D07004000400010113B5044680B1007849
S214007D306A4627300821C0B2FEF7BCFC50B9DDE920
S214007D4000230948C4E90223C4E9242313F02CFFC6
S214007D5002B010BD002200230448C4E90223C4E98F
S214007D60242313F021FFF3E728D4030053D40300A1
S214007D7070B50D460446002858D0002956D00B781A
S214007D8004F1200603702A4B1860FFF7CDFF4FF46E
S214007D9014132362082304F110026263254A84F850
S214007DA02430A26304F111022264234AE3186264B9
S214007DB00422A362214B84F84820E362012384F85E
S214007DC0542004F11802A2651D4A04F11401E2656C
S214007DD004F11C0262661B4AE164A26604F11D02FD
S214007DE022671949194A84F8303084F83C3084F800
S214007DF0603084F86C3084F8783004F11E03216516
S214007E006267E367EA79A96802EB420301EB830045
S214007E1046600F4841F82300531CEB712978D4E9DB
S214007E2002230C48BDE8704013F0BEBE70BD00BF14
S214007E307039002000033000010322000002180001
S214007E4003031800060318000203220000F02001B6
S214007E500207010881D4030013B5044678B1D0E9BF
S214007E6002230078CDE9002327306A460821C0B2F5
S214007E70FEF730FCD4E90223024813F095FE02B068
S214007E8010BD00BFB2D4030030B5044689B040B37D
S214007E90436833B31A6822B1126812B1586801A950
S214007EA090479DF81030E3B10399D4F880208A42B9
S214007EB007D8D4E902308A1A9B1840F10000C4E9BA
S214007EC00230C4F8801029F033FFD4F88430064A14
S214007ED0C31A9342054604D92046FFF7BDFFC4F8EF
S214007EE0845009B030BD00BFDF93040010B50446CF
S214007EF0C0B1002300220021C0E90223C0E92423E8
S214007F004368C0F880102BB11A681AB152680AB1DB
S214007F10586890472046FFF79FFFBDE8104002488C
S214007F2013F042BE10BD00BFDAD40300B1F5704FA7
S214007F30034607D1044A106820B102789A4201D15C
S214007F40FFF7D4BF704700BF703900200368064AA9
S214007F500C211360436853600389138143892220F0
S214007F605381FEF7B7BB00BF7439002010B5036815
S214007F70044686B0FBB1114813F016FEA37B104AE8
S214007F808DF804304FF48273ADF806300123CDE946
S214007F900223002301A804938DF81430FEF7C4FED4
S214007FA0204661892AF0DBF92046FA2150F8143B76
S214007FB0594329F0B4FE06B010BD00BFFBD4030041
S214007FC02000000110B5064C236843B1054813F0A5
S214007FD0EBFD2068BDE8104041892AF0C0B910BD0D
S214007FE0803900201CD5030070B5364910460C6851
S214007FF0BDF81020002C5ED003285CD8DFE800F027
S214008000021E2745002B5AD0022A58D91D78B3F8ED
S2140080100160291E18BF012132462B4813F0C4FD0B
S2140080202DB1314620462AF09AF9002070BDE5733E
S214008030FA206368584329F016FFF6E7234813F042
S214008040B3FDE37B002B38D00023E373F0E7002B6F
S21400805035D0032A33D91D681D48294613F0A4FDE0
S2140080601C4B2A1F9A4201D90220DFE723680BB176
S2140080709D42F9D823899D42F6D3E37B6560B3B968
S214008080FA20684329F0EFFE11E0002BCED0012A3B
S214008090CCD91D881048294613F086FD002DE3D064
S2140080A063689D42E0D8E37B2581002BE8D120461B
S2140080B0FFF74CFFB9E70120B8E70420B6E7032036
S2140080C0B4E700BF803900203FD5030076D5030013
S2140080D095D50300FCFF6D00C0D5030038B5154BE1
S2140080E01C6834B3F0B92168134813F05DFD2368AB
S2140080F03BB16268934204D2104813F055FD6368A2
S214008100236004F11405284629F00EFE236823B1E7
S214008110FA212846594329F002FE2046BDE8384099
S214008120FFF714BF032804D16189054813F03CFD0E
S214008130F3E738BD80390020EBD5030019D60300DD
S2140081404ED6030070B53E4B0D46044609781860BF
S214008150002A6FD101231A46A1730021E173012181
S214008160A1814FF46151C4E900132823354E2281C2
S2140081700C21324622206381FEF79CFA60B9D6E9CC
S21400818000230AB19A4207D3318999429FBFC4E9B6
S21400819000237389218163812B4B2C4AE3630423DC
S2140081A084F8403084F84C30E3182365284BA264EA
S2140081B06365022304F10802E265264A84F8583013
S2140081C0226604F10A02A266234A84F8643084F820
S2140081D0703004F10C03E26663676464EA79A868A9
S2140081E002EB420300EB830104F13C064E601B4E9B
S2140081F040F82360FA261A4B1A488B60531CEB7122
S214008200FEF738FD208904F11405704329F02BFE93
S214008210618920462AF0A3F8134B2846C4E90534A2
S214008220FEF754FB216849B128467143BDE870400B
S21400823029F075BD4FF4F07302228DE770BD00BFC4
S214008240803900207439002000002301010023003B
S2140082500200210003002101FDFF2100200001058E
S214008260E97F0000C57F00006D7F0000134B10B54E
S2140082701C680CB3E37BEBB129F05AFD2369C01AE6
S214008280002809DB0E4813F08FFC0023FA20E37366
S2140082906368584329F0E7FDE37B5BB12489FA2342
S2140082A05C4329F0EBFDA04206D02046BDE8104016
S2140082B029F0D9BD6468F2E710BD00BF8039002000
S2140082C07BD6030073B5002401260A4D55F8042B0F
S2140082D052B1D36C43B10533507806210093002287
S2140082E010230196FEF760FD01340C2CEED102B08F
S2140082F070BD00BF8439002038B50024044D55F801
S214008300040B08B12AF03EF801340C2CF7D138BD26
S21400831084390020042908B50AD172B16BB11378EC
S2140083201BB92AF05AF8002008BD2AF04CF8FAE7E4
S214008330034813F039FC0120F6E70320F4E700BFFA
S214008340B5D6030010B4054C114654F820001A4662
S214008350BDF804305DF8044BFFF7DCBF843900201D
S2140083600229024608B50ED004D839B910462AF0BC
S21400837034F806E04029F9D0412907D110462AF002
S21400838022F8002008BD2AF032F8FAE7024813F077
S2140083900BFC0120F6E700BFD5D6030010B4054C51
S2140083A0114654F820001A46BDF804305DF8044B18
S2140083B0FFF7D6BF84390020C26C094B52791A7079
S2140083C082785A70C2789A70026D12B190F8542072
S2140083D0DA70007804210930014AC0B2FEF77AB993
S2140083E088610020024B53F820002AF043B800BFF3
S2140083F08439002038B504460078084D09302A46EE
S2140084000421C0B2FEF756F930B96B78A370AB788A
S214008410E370EB7884F8543038BD00BF88610020E4
S21400842038B504460078114D09302A460421C0B2FA
S214008430FEF740F9C8B9A3782A78022B0CD004D8E6
S21400844063B9204629F0C9FF01E0FF2B0AD0204679
S214008450BDE8384029F096BF002AF2D1204629F020
S214008460B2FFF4E7002AF9D1EBE738BD88610020B7
S214008470F8B504460B783D4A0D4642F82300437093
S214008480FFF7B8FFE36C3A4A5C631A632046FFF7CF
S214008490C7FF204629F076FF4FF48013012663605D
S2140084A0E36C26720533E360324B26752361A31C0A
S2140084B0A361236D002B54D02F4A84F82060E2611C
S2140084C0E21C62622D4A84F82C60A26204F1540217
S2140084D0226393F83420002A45D093F836202046AD
S2140084E084F855201B8FA4F8563029F08AFF94F89C
S2140084F05510206D29F02FFAB4F85610206D29F08B
S21400850034FA1F4B84F83860636304F15503E36361
S2140085101C4B06262364022384F8443004F15603D9
S214008520A3640627EA79A96802EB420321F82370C0
S21400853001EB830001238370134B04348360531CC8
S2140085404460DBB2114C03EB4303C67041F8234092
S21400855001EB8300002343600D4B02328360EA7117
S214008560F8BD0226DDE70426DBE700BF84390020DD
S214008570512403000340300101FF300102FF1001C7
S21400858003FF200104FF21019D8300000800010075
S2140085904583000028B1034B1B78834234BF00207C
S2140085A0012070476961002070B500250A4C0B4E0B
S2140085B03378AB4200DC70BDD4F8A42042B12379F6
S2140085C01BB16079FFF7E6FF10B9104629F094F961
S2140085D00135AC34ECE700BFE82100206A610020DA
S2140085E008B5427901461046FFF7D4FFB0B1CB7804
S2140085F058210B48013A042B01FB02000ED8012B30
S21400860008D81BB9BDE8084029F0DDBEBDE8084023
S21400861029F0E3BEBDE8084029F0E9BE08BD00BF6A
S214008620D81F002008B5427901461046FFF7B2FF72
S214008630B0B1CB7858210B48013A042B01FB02005D
S2140086400ED8012B08D81BB9BDE8084029F0C5BED6
S214008650BDE8084029F0B7BEBDE8084029F0C7BE0F
S21400866008BD00BFD81F002010B586B00446FEF730
S21400867023FB012831D1E17804292ED8DFE801F068
S21400868014333503030062791046FFF783FF60B3A7
S2140086905820174B013A00FB0233DB6C032958794C
S2140086A01DD1003818BF012063784FF480728DF812
S2140086B004304FF48273ADF806300623ADF8083068
S2140086C001238DF80B3000238DF80A0001A8CDE9B0
S2140086D003238DF81430FEF727FB06B010BDB0FA62
S2140086E080F04009E0E70020DEE70220DCE700BF7C
S2140086F0D81F002010B586B00446FEF7DDFA012824
S21400870031D1E278042A2ED8DFE802F014143303BD
S214008710030061790846FFF73DFF50B35820164B1B
S214008720013900FB0133DB6C032A5B791DD11A1E6D
S21400873018BF012263788DF80A208DF804304FF4B4
S2140087408273ADF806300623ADF8083001234FF4E7
S21400875080728DF80B30002301A8CDE903238DF835
S2140087601430FEF7E1FA06B010BDB3FA83F25209F0
S214008770E0E70222DEE700BFD81F002010B586B073
S2140087800446FEF799FA012812D16378094A8DF853
S21400879004304FF48273ADF806304FF48073CDE9A1
S2140087A00223002301A804938DF81430FEF7BCFAC8
S2140087B006B010BD0800070110B586B00446FEF7E7
S2140087C07BFA012820D16278104B8DF804204FF4F4
S2140087D0827294F8A01094F8A10059701870ADF841
S2140087E0062004934FF480720223094901A88DF8ED
S2140087F01430CDE90212FEF797FA94F8A130013B47
S21400880018BF012384F8A13006B010BD8C6100208B
S2140088100800050110B58378044686B0002B3DD0CD
S2140088200379022B0BD142791046FFF7B3FE30B125
S21400883058201B4B013A00FB023029F0D8FDA379E3
S214008840022B02D12046FFF70FFF94F8A830BBB1E9
S214008850FEF732FA012813D194F8A830114A8DF8A1
S21400886004304FF48273ADF806304FF48073CDE9D0
S2140088700223002301A804938DF81430FEF754FA5F
S2140088802046FFF799FF0223552212216078A4F8AC
S2140088906C3006B0BDE8104029F0A4BA06B010BD92
S2140088A0D81F0020060002014388094A08211380C9
S2140088B08388538083681B8A938090F8A0309371D6
S2140088C08379D37100780430C0B2FDF703BF00BFD0
S2140088D0705C002038B50D4604460178114813F048
S2140088E063F94FF602739D420ED10F4B1B782BB9DE
S2140088F063712046BDE83840FFF7D6BF62790AB1FB
S2140089009342F6D20123F3E7B5F57F4FF1D1204627
S21400891029F047FEA378022B0CBF01220022A36891
S2140089209A70E6E7F1D6030069610020024B53F81F
S2140089302000FFF7CFBF00BFB439002038B504468B
S2140089400078144D04302A460821C0B2FDF7B2FE66
S21400895020B1BDE83840104813F026B92B88638054
S2140089606B88E978A380AA88A3681A82AB7984F812
S214008970A030EB79A371094B1B780BB9637138BD36
S21400898009B19942FBD9064813F00EF92378013352
S214008990F4E700BF705C00200BD70300696100207D
S2140089A034D70300F8B504460B78474A0D4642F81C
S2140089B023004370FFF7C2FFA268444BD465D3641C
S2140089C0434B02265365434BA11C13654FF44013DB
S2140089D0E36001236161E1623F4910322163226551
S2140089E0211D3E4AA1633E483E49626504F1A0024D
S2140089F0A061E163E265E01C611D3B4A20626164A0
S214008A003A483B492266A21D2374237784F828300F
S214008A1084F8343084F84030A16484F84C6084F8DC
S214008A20583084F864306062A266E879AA6800EB81
S214008A30400102EB810704F10C0CC7F804C04FF0AC
S214008A40060C2C4F42F82170C118C9B201EB410147
S214008A5042F821C002EB810700217960264F84F896
S214008A6080302767254F84F89830A767244F254B1A
S214008A70E767254F84F8746084F88C60C4F89C30EF
S214008A8004F16C06831CC4F88470C4F890601F4F11
S214008A901F4EDBB203EB4303C4F89460C4F888703F
S214008AA002EB83067034746008261A4C42F82340A2
S214008AB0C31CDBB203EB430302EB8304043042F82F
S214008AC023606160E871F8BDB4390020F924030022
S214008AD0432503001588000001FF300104FF200134
S214008AE01000300102FF200105FF300100FF3001B9
S214008AF003FF2101070001084A002100D27004008C
S214008B0051001000D4700400D570040055002100F8
S214008B106F0018001200010400239B6AB3F5804F13
S214008B2003D21968064A914203D00023037083607B
S214008B307047012202709A689B694260F7E700BF9F
S214008B4007B0CD5E024B034A1A602BF0E3B900BFB4
S214008B500000002002020FF073B53F4B04461A785F
S214008B601AB102221A7002B070BDCDE900220028A8
S214008B70F9D001261E7033F059FD384D384B186079
S214008B8017F0F4FD2B785BB902F0F2F940B93548DE
S214008B900823354A3549006801F038FE00B92E70C2
S214008BA0334B5A68E260334A9A601A6E22605A6EF5
S214008BB06260D3F87021A2601B6E5C042CD52E4A2E
S214008BC0D368D807FCD42D4B1A68531C29D04FF411
S214008BD0801393402A4A13660423294C4FF08042A0
S214008BE023664FF480632366102323664FF40053F6
S214008BF06846236601A92266636629F0EAFC009BA4
S214008C002366019B63662B78002BACD0164B1A6844
S214008C1022665B686366A6E71A4AD368D907FCD45F
S214008C20D1E7194B1B78002BD6D1184B5A68144B3A
S214008C3012B94FF480121A66154A526812B94FF4E8
S214008C4000121A66134B5B68002BC5D14FF48002E6
S214008C500B4B1A66C0E700BF8F61002090610020B2
S214008C60F4390020C46B0020F83900200071080099
S214008C700080004455CEAC0000000440906B0020FD
S214008C8000900044000004508E61002000800550D3
S214008C9000C005500000065038B5224D04462B781B
S214008CA0012B02D001232B7038BD0028FCD029F000
S214008CB0B5FC013009D029F0B1FC40F2011398420E
S214008CC003D0194AD368DB07FCD42268174B1A6610
S214008CD062685A66A268C3F87021E268D40744BF87
S214008CE000229A60124B1A68013213D1114A127888
S214008CF082B911494968C80748BF1A600F4A5268C6
S214008D00D10744BF01221A600D4A5268D20744BFF9
S214008D1002221A6017F032FD0A4B186833F081FC05
S214008D200023C0E78F61002000000440008000445C
S214008D30906B00208E6100200080055000C005501A
S214008D4000000650F439002070B50024A36AB3F57D
S214008D50804F23D21A68134B9A421FD1124E337893
S214008D6013F0FD0518D14FF480341048FFF7F4FED9
S214008D70032004F075FD0E4B0320DC6004F054FD68
S214008D800C4B1C61AB6ADB69984704460748FFF743
S214008D9083FF0CB901233370204670BD4FF48174F5
S214008DA0FAE700BF07B0CD5E8E610020E4390020F0
S214008DB000A000440090004413B5204B1B7803B974
S214008DC0FEE700231E4CCDE900336A4608231D4902
S214008DD0206801F01BFDF8B91B4AD2F84031D2F8E2
S214008DE040211F2B4FF0010311D9203A9340019ADE
S214008DF01A43019208236A461249206801F08EFE43
S214008E00124B134A1A602BF085F802B010BD93403F
S214008E10009A1A430092EDE72D28F1D10A4AD2F8BB
S214008E204031D2F840211F2B4FF0010385BF203A76
S214008E3093409340019398BF0093DBE78F61002037
S214008E40C46B002000710800008000440000002071
S214008E500B020FF038B50025AB6A0446B3F5804F19
S214008E6010D21B6BB3F5804F0CD20748FFF774FE89
S214008E70AB6A20461B6B5B689847BDE838400248E3
S214008E80FFF70ABF38BD00BF003A002013B5002424
S214008E90A36A0190B3F5804F13D21B6BB3F5804FD6
S214008EA00FD20948FFF758FEA36A01211B6B01A8E1
S214008EB09B69984704460448FFF7EEFE204602B03A
S214008EC010BD4FF48174F9E7003A002070B5002613
S214008ED0B36A0446B3F5804F0D4612D21B6BB3F54A
S214008EE0804F0ED20848FFF737FEB36A20461B6B4A
S214008EF029469B69984704460348FFF7CDFE20465F
S214008F0070BD4FF48174FAE7003A002070B5002671
S214008F10B36A0446B3F5804F0D4612D21B6BB3F509
S214008F20804F0ED20848FFF717FEB36A20461B6B29
S214008F302946DB69984704460348FFF7ADFE2046FE
S214008F4070BD4FF48174FAE7003A0020F8B50027A8
S214008F50BB6A0446B3F5804F0D46164611D21B6B0E
S214008F607BB10948FFF7F8FDBB6A20461B6B32460B
S214008F7029465B6A984704460348FFF78DFE20465D
S214008F80F8BD4FF40174FAE7003A002070B50026E9
S214008F90B36A0446B3F5804F0D4612D21B6BB3F589
S214008FA0804F0ED20848FFF7D7FDB36A20461B6BEA
S214008FB029469B6A984704460348FFF76DFE2046FD
S214008FC070BD4FF40174FAE7003A0020F0B50027B0
S214008FD0BB6A0446B3F5804F0D461646ADF5337DA5
S214008FE020D21B6BB3F5804F1CD21048FFF7B4FDA0
S214008FF0BB6A20461B6B40F2C1225B6A01A99847F8
S214009000044630B10948FFF747FE20460DF5337D8C
S214009010F0BD836A32461B6B2946DB6A01A8984777
S2140090200446EFE74FF40174EFE700BF003A002074
S21400903010B50024A36AB3F5804F10D21B6BB3F5AE
S214009040804F0CD20748FFF787FDA36A1B6B1B6B8C
S214009050984704460348FFF71FFE204610BD01242C
S214009060FBE700BF003A0020F0B58FB0044601A829
S2140090700E461546FFF7EEFE9DF80C30012B12D17A
S214009080B5F5402F27D8B4F5402F24D86319B3F58B
S214009090402F20D821462A46304614F027F80024D0
S2140090A020460FB0F0BD0027BB6AB3F5804F15D23F
S2140090B01B6BB3F5804F11D20A48FFF74DFDBB6A14
S2140090C02A461B6B314620465B6B9847044605488C
S2140090D0FFF7E2FDE4E740F20244E1E740F2011464
S2140090E0DEE700BF003A0020F0B58FB0044601A8C6
S2140090F00E461546FFF7AEFE9DF80C30012B1FD12D
S214009100B5F5402F06D8B4F5402F03D86319B3F54C
S214009110402F13D940F2024420460FB0F0BDE2586B
S214009120013225D104339D42F9D82A4631462046DD
S21400913029F0A4FA0028EDD00024EDE70023F2E79A
S2140091400027BB6AB3F5804F15D21B6BB3F5804F73
S21400915011D20A48FFF700FDBB6A2A461B6B314650
S21400916020469B6B984704460448FFF795FDD3E7D7
S21400917040F20344D0E740F20114CDE7003A002065
S21400918070B58EB0044601A80D46FFF763FE9DF845
S2140091900C30012B22D144EA0503C3F30C03002B49
S2140091A033D1B5F5402F04D940F2024420460EB024
S2140091B070BDB4F5402FF7D82544B5F5402FF3D849
S2140091C0204604F5005429F052FAAC4202D000289A
S2140091D0F6D1E9E70028E7D00024E7E70026B36ADF
S2140091E0B3F5804F14D21B6BB3F5804F10D20A48EC
S2140091F0FFF7B2FCB36A29461B6B2046DB6B984729
S21400920004460548FFF748FDD0E740F20444CDE7A2
S21400921040F20114CAE700BF003A0020BFF34F8FA8
S2140092200549064BCA6802F4E0621343CB60BFF3FD
S2140092304F8F00BFFDE700BF00ED00E00400FA0519
S21400924070B5D0B1C9B10E4E431E013913F8014FA7
S2140092502046325D02F00302012A11F8012F08BFF2
S21400926004F12000B55C05F00305012D08BF20328F
S214009270801A01D1002CE9D170BD0120FCE700BFA7
S214009280AD9804000348044A0449121A921029F0C3
S21400929041BA00BF34410000D0420000A868002058
S2140092A008B5154B83F30A8800F030F8FFF7EAFF9D
S2140092B0124B13498B4212D30020124B12498B4299
S2140092C018D3FBF70FFD186850F82240586840F88E
S2140092D02240013298688242F5D30C33EAE7002236
S2140092E0F8E71C6844F8220001325C68A242F8D312
S2140092F00833E4E70022F8E7080000204CBD04002D
S21400930058BD040058BD040058BD0400124B134A53
S21400931070B59A60D3F88820114D42F47002C3F8F5
S21400932088206FF0010205F50054226641F2FF72B4
S21400933062660222C3F8D020BFF34F8FBFF36F8F51
S2140093404FF44036032004F08BFA0320E66004F066
S2140093506BFA2E6170BD00BF00ED00E0004000001B
S21400936000800044014B1860704700BF986B0020D7
S214009370054B1860054B1B6F03F00703032B01D149
S21400938031F0ACBA704700BFA06B002000800050E0
S2140093902DE9F04104464FF001080C250D4E0CB99E
S2140093A0BDE8F08194FAA4F0B0FA80F00F2808FA2D
S2140093B000F2C8BF103824EA0204CABF05FB0062E8
S2140093C005FB0062B4325768002FE8D09168C0B23F
S2140093D0B847E4E7103A002008B50C4833F0C4F963
S2140093E0192004F02FFA28B1192004F039FA1920B0
S2140093F004F01AFA1A2004F025FA28B11A2004F00C
S2140094002FFA1A2004F010FA002008BD3873040062
S2140094102DE9F0410E461746054618B30F2923D806
S2140094200378DBB1013BDBB2022B19D8104AD35CC0
S2140094306A78D340DB0717D50E4BD3F81043ACB988
S21400944033F0F4F880463A462846314602F068FF84
S214009450404633F0E6F82046BDE8F0817F23E7E794
S2140094600023E5E72224F6E72124F4E70224F2E7C6
S2140094702871040000C0035010B5044610B30378EA
S214009480E3B1013BDBB2022B1AD8104AD35C6278F8
S214009490D340DB0718D533F0C9F80122617823786A
S2140094A08A4030214B4341F2100103F1A04303F5FB
S2140094B070335A5033F0B5F8002010BD7F23E6E72E
S2140094C00023E4E72220F8E72120F6E728710400CD
S2140094D010B5044610B30378E3B1013BDBB2022BB0
S2140094E01AD8104AD35C6278D340DB0718D533F01D
S2140094F09DF80122617823788A4030214B4342F25E
S214009500100103F1A04303F570335A5033F089F885
S214009510002010BD7F23E6E70023E4E72220F8E7DB
S2140095202120F6E72871040038B50D46044618B326
S21400953011B30378E3B1013BDBB2022B1AD8104A11
S214009540D35C6278D340DB0718D533F06FF830224F
S2140095502378534303F1A04303F570335B696278C5
S214009560D34003F001032B7033F05BF8002038BDC6
S2140095707F23E6E70023E4E72220F8E72120F6E74A
S214009580287104002DE9F0410D461646984604461B
S21400959000284FD000294DD00178002940D04B1E1E
S2140095A0DBB2022B3ED8254AD25C6378DA40D2077B
S2140095B001D4FF2940D1022E01D9042E3CD133F02C
S2140095C035F823780746FF2B05D032462046296813
S2140095D002F0ECFE28602B68013309D12378FF2BBC
S2140095E006D1174B6078D3F8241429F003FF2860BF
S2140095F029684B1C18D00C23124A03FB0122069B39
S214009600C2F8048093602378FF2B04D001230E4A0F
S2140096108B40C2F82434384633F003F8002007E0C5
S2140096207F22C2E70022C0E7384632F0FAFF2D203C
S214009630BDE8F0812220FBE72120F9E7287104002D
S21400964000C00350103A002000D0035008B502F0C6
S2140096505DFE044B00F05530C3F82004BDE808401A
S214009660FFF796BE00E0035008B502F04FFE044B2D
S21400967000F0AA30C3F82004BDE80840FFF788BE13
S21400968000E003502DE9F04F144605460E469B4673
S214009690C36B87B001225B6902A960689847EB6BD1
S2140096A001225B6903A93046984702A829F031FCDD
S2140096B0074648B10023A37563754FF0FF33A360D8
S2140096C0002007B0BDE8F08F03A829F02FFC012387
S2140096D0A375237E04EBC303DE611F846368B34275
S2140096E00ED1206003A829F043FC4FF0FF3320750D
S2140096F0A360237D043B022B26D80023A375DFE757
S21400970023681A1A53425341A37503A829F030FC64
S214009710237D834218BFA77503A829F00BFC0746D4
S21400972002A829F007FC874218BF002303A818BF29
S214009730A37529F007FC074602A829F003FC874218
S2140097401CBF0023A375D4E703A829F0F3FB80B160
S214009750EB6B022230465B6904A9984704A829F0FF
S214009760F8FB0346207D032839D8DFE800F03838B8
S214009770040903A8F3E7CC22237E04EBC3031A8470
S21400978001F06EFC109B187003A8277E29F0C6FB1C
S21400979004EBC70787F82200237E03A804EBC30365
S2140097A0B3F8209093F8227029F0C4FB804603A8F3
S2140097B029F0C8FB8246B8F1000F15D0EB6B0222E9
S2140097C030465B6904A9984704A829F087FB6075B2
S2140097D0637D6BB90023A3754FF0000838E0227E46
S2140097E004EBC2021384CBE703A829F062FBEEE782
S2140097F094F81680B8F1000FEED0B9F1000F09D139
S214009800DFB10123E375637E002B4FD1012F42D1D8
S214009810677614E06B6C06EB0A015A4286EA010092
S21400982010421CBF0022A2755A1E0A409B1A994578
S214009830D0D8A37D002BE3D1CEE7E37D43B94FF02C
S21400984000084B4652463146284629F0ADF8A0603F
S214009850A27D12B123694B4423611A49237E0978FD
S21400986099422AD901332376BBF1000F27D032B3B1
S214009870E37D23B3B8F1000F21D1032F1FD0A168D9
S2140098804B1C1CD0109B2246009328460123FFF752
S214009890F9FEA07513E095F8343063B9EB6A01332E
S2140098A0CFD1032FCDD10123A376C8E7012FCFD088
S2140098B0032FC4D1F7E79846C3E70023A375A07D1E
S2140098C0FFE600BF4C7104002DE9F04F0E469846A7
S2140098D000238BB004464FF0FF31104617468DF834
S2140098E0133001F0A7FBB6F5801F20D2314605AA3B
S2140098F004F1080029F05FFA451C014603D1237CD9
S214009900BBB92D2010E0384601F094FB0122394601
S21400991020460DF1130329F099F80028EFD09DF8A2
S214009920133088F8003000200BB0BDE8F08FB01C74
S214009930E5D1E56A691C36D12046616A28F07AFFCF
S2140099400546B31C18BF0123DFF8CC900193636A69
S214009950626C0293236805A902FB053AE36B0522B5
S2140099605B695046984705A829F06EFB29F091FBE5
S214009970504629F099FB4FF0000B824601464B1CDF
S21400998005D0636C81EA0A025B42134211D0294675
S214009990204628F04FFF029BAB422CD0BBF1000FB5
S2140099A02CD10546D3E72368ED1A636CB5FBF3F5B7
S2140099B0C7E7484601F03EFB0DF113034946204633
S2140099C0019A29F043F8034690B1B21C03D0D9F8A7
S2140099D00020B2420CD19DF8132003930D4B88F85B
S2140099E0002049461A68384613F080FB039B9B46C6
S2140099F0D9F80810C3E7BBF1000F82D0B6F5801F78
S214009A0091D2314698F800307A6804F1080001F0E7
S214009A103FFA88E748710400EC4100202DE9F34145
S214009A200446174698460E46184D816AE36A8B42EE
S214009A3001D04B1C02D102B0BDE8F081284601F0EF
S214009A40F9FA0122294620460DF1070328F0FEFF09
S214009A5038B14346294620469DF80720B8470028D7
S214009A60E9D0A9684A1C04D16968204628F06FFF2F
S214009A700146012EDAD16B6881EA0302636C5B4211
S214009A801A4218BF4FF0FF31D0E700BFC041002098
S214009A902DE9F04F4FF0FF334FF6FF7200250446D6
S214009AA000F10806C0E909238BB0C36205620563AE
S214009AB03046884629F050F9204628F08BFE60BBD9
S214009AC02046414628F006FF204628F083FE60BB6D
S214009AD05E200BB0BDE8F08F2368E26B606C5769C0
S214009AE000FB0530052205A9B84705A829F0ACFA01
S214009AF0012807460CD12946204628F0BCFE012F37
S214009B00024600D101322946204628F082FE03E0B4
S214009B1029F0C4FA0028EED10135E3699D42DBD373
S214009B20204628F057FE0028CAD000254FF0FF39FF
S214009B304FF6FF73CA46A846C4E90853E36998453A
S214009B400AD3A5EB0905012D2CD84FF6FF72636AE0
S214009B5093423CD16720BCE72368E26B606C576990
S214009B6000FB0830052205A9B84705A829F06CFABD
S214009B70834605A829F03FFA0746584629F089FA91
S214009B8068B1574538BFC4F82480B94528BFB946E0
S214009B90BD4238BF3D46BA46236A0133236208F108
S214009BA00108CBE74FF6FF7300256362E3699D4229
S214009BB0CBD2676C2068E36B052207FB05005B6968
S214009BC005A9984705A829F016FA0135EEE7E26BD5
S214009BD0676C2068694607FB030055690522A8479D
S214009BE0684629F008FA626A2368606C4B4D00FBF1
S214009BF0023029F059FA4FF0FF33A062E3622A469A
S214009C006FF00101204605ABFFF75EFE002846D147
S214009C10AD6829462046E56228F0B8FD206320B9E5
S214009C202046E16A28F093FEE0622946204628F0A6
S214009C308EFE0546A36A9D4233D1204628F079FD64
S214009C4000278046B946E36999453CD3B84559D9BB
S214009C502046616A28F0EEFD0026054604F1400A1B
S214009C60B74212D8626C2368694602FB0539E36B7B
S214009C7005225B6948469847684629F0BCF9534672
S214009C8002464946E06B29F011FA2946204628F09C
S214009C90D1FD0136B0450546E2D1642019E7A56A34
S214009CA0B7E72946204628F071FD236B2946034472
S214009CB007462363204628F04AFE0546002FB9D102
S214009CC0C4E90B07B6E7636C2568052203FB095554
S214009CD0E36B05A95B692846984705A829F0B4F9FF
S214009CE029F0D7F958B1284629F0DEF90146204672
S214009CF028F04CFD636C143B984208BF013709F10D
S214009D000109A0E7304629F027F800232046194627
S214009D10034AFFF783FE0020DBE600BF1842002060
S214009D203B2A03002DE9F041036B9046826B0768DF
S214009D309A4288BF8363426C436A90B002FB037703
S214009D40C36B0E46052201A95B6904463846984750
S214009D5001A829F079F901280146307057D0656CC2
S214009D60E26B2368606AD2F814C005FB0030052257
S214009D7006A9E04706A829F067F901284FF0000574
S214009D8023D0D4E90A3201219342CDE90B458DF860
S214009D9034800E958DF83C102AD11946204628F0BE
S214009DA0D6FD236B626C14339B1AE06223630C9B14
S214009DB053B99DF83C303BB1626A616C2368E06B36
S214009DC001FB023129F0F8F80C9DE36B05225B6974
S214009DD001A93846984701A829F036F93070284678
S214009DE0236BA26B9A4288BFA36310B0BDE8F081D4
S214009DF0237C33B91C490BAA04F1080001F096F83D
S214009E00D5E72046194A0BABFFF708FECFE7237CC1
S214009E1023BB2246164904F1080001F087F8616A60
S214009E20204628F028FD616A421C204628F0F1FCF6
S214009E30054620B9236B626C1344143B236320460B
S214009E40A16A28F084FD2368A062C01A636CB0FB88
S214009E50F3F06062204628F0BDFDB6E700232046FA
S214009E60044AFFF7DBFDDAE7C9A5000045A50000B8
S214009E70D52A0300712A030073B50D46D11E4A4247
S214009E801C461B7E4A419A4226D12968236899427D
S214009E9022D3636899421FD8114E0DF1070332464C
S214009EA0FFF712FDC0B972686B689A4214D19DF82C
S214009EB00730DA1E53425341227E93420CD1636927
S214009EC001336361D4E90323934205D22968A2686B
S214009ED042F8231001332361012002B070BD00BF99
S214009EE0184200202DE9F04F9B4689B09DF8483077
S214009EF09046514A0193136907465B450D46C0F0EC
S214009F009580D94653680093B9F1000F7BD0FB6B60
S214009F1001225B6905A90098984705A829F006F86C
S214009F20454B1B68984240F0848005A829F00AF843
S214009F300428064615D105A829F00BF8009B044610
S214009F401E44019B002B3ED1804512D91C46A8EB2F
S214009F5000083846009928F0FAFCA9EB040900909E
S214009F60D2E7FB6B02225B69009806A9984706A811
S214009F70E2E7A0EB08045C4528BF5C46032C464499
S214009F80ABEB040B1DD9FB6B294630465B69A20878
S214009F90984724F0030304F0030A1E441D44DDF82A
S214009FA00480BAF1000FD4D0FB6B012206A930461C
S214009FB05B6998475246284606A913F097F8554419
S214009FC0C7E7A246EBE7824600F0030302932B188E
S214009FD003930644039BA6EB0A00A3EB0A05029B29
S214009FE09A4514D1BAF1000FB3D0FB6B012206A933
S214009FF05B6998475246284606A913F033FA0028AC
S21400A000DDD04FF03609484609B0BDE8F08FFB6B4F
S21400A010012206A95B6998470422284606A913F080
S21400A02021FA0028EDD1AAF1040AD3E74FF063091C
S21400A030E9E74FF06F09E6E7444200202DE9F041DA
S21400A0400F4616469846044688B060B390F83450DB
S21400A050FDB1012128F0B3FB00210E9BCDE90511CF
S21400A060CDE902379DF83C30CDF804808DF81C30E1
S21400A070237C04968BB90D4901AA04F1080000F070
S21400A08055FFDDE90553E06B002E08BF1D4628F09E
S21400A0902FFD284608B0BDE8F0812046044A01ABF3
S21400A0A0FFF7BCFCEDE70546F3E700BF9F2A030079
S21400A0B0799E00007FB590F84260044601920DF14B
S21400A0C00B030A463046114928F01AFD012E0546B4
S21400A0D0E36B17D132465B6903A998479DF80B10CE
S21400A0E0039B019A59B19BB243EA024301222846D8
S21400A0F00393E36B03A99B69984704B070BD62F3B2
S21400A1000F03F3E701229B6901A9F5E7444200200B
S21400A1102DE9F04F99B00E460D920A69416C0B93EB
S21400A1201439D31DB3FBF1F3013302EBC302036B07
S21400A13004469342C0F001820023DFF8049408939B
S21400A140E36A48461946059300F074FFD6E90337DC
S21400A15007930B9B022B4DD1CC2F40F0D7810D9B44
S21400A1603BB13146204628F021FD656C1490012055
S21400A17044E00120079B656C1B68149300F0010007
S21400A18000280CBF04230823782F0E9349D8059A7D
S21400A1906B1E1340ED1A3B1D9D423CD2002F3DD056
S21400A1A0082D3ED80023042506934FF0040A336892
S21400A1B006990B98C9F80030C9F8107028F0DCFE34
S21400A1C04FEA9A030F93059B89F814000393002324
S21400A1D009930C9304930A93616C039B4A1E1A40DE
S21400A1E08B1A27B35544AB4223D8236B5B1A134410
S21400A1F023632FE1782F656CB9D8F07D0D9B002B7B
S21400A200BCD0E36B01225B69706816A9984716A854
S21400A21028F090FEB4E700250695C6E704250697C5
S21400A220C3E7012300254FF0080A0693BFE753450E
S21400A230DBD3A3EB0A029742039BB84628BF90469F
S21400A2409742534428D90122D9F8101089F81720CC
S21400A2508F4226D10399C9F80410049299F8172062
S21400A2600AB399F818100398CA1C09EBC20250608A
S21400A27004980131A2F80880907289F81810B8F195
S21400A280000F07D00B9A022A40F08180099A72B11B
S21400A290012209929B46ABE0049A002A18BF0322CB
S21400A2A0DBE70222D9E7039AC9F80420E7E70C9A0D
S21400A2B04244032AEED9E26B1846956914A9012296
S21400A2C00993A847099B05460028E1D03D2D40F09C
S21400A2D01E8104F1080303932368059A606CA2EBC1
S21400A2E0030ABAFBF0FA00FB0A3028F0DDFEE16A4A
S21400A2F08046204628F02BFBA26A824200F00F819F
S21400A300626CD9F80830511E0B40216B2768891AF9
S21400A3100B442363089BE062DF1BB7FBF2F7BA45EA
S21400A32040F0FA80059BB3EB080A12D0E36B4FEAC5
S21400A3309A0241469B6998478346E36A059A5344C6
S21400A340E362236B03989B1A4344236328F004FDBF
S21400A350DA462368616CE06B01FB073128F019FED2
S21400A360204628F037FA204628F034FB2063BAF15E
S21400A370000F00F0D4803269616CD31D1439B3FB32
S21400A380F1F3013302EBC3029042A5D2BFE00D9A6F
S21400A390002A77D1B8F1030F4FEA98026ED9E16B25
S21400A3A018468D6907991093A847109B0546C0B9B3
S21400A3B018F0030515D0079A28F0030B02EB0B01E3
S21400A3C09B444FF0FF3215A815922A46109312F0C0
S21400A3D08DFEE26B5846956915A90122A8470546E9
S21400A3E0109B9B46079A42440792002D40F08B80B4
S21400A3F0049B16A80193069B009399F814204346E5
S21400A400316800F0CDFDE36B0F9A9B69039816A99F
S21400A4109847039A051E089B18BF134608934346A1
S21400A42052462046039928F0BFFA236B08F1030230
S21400A430A3EB0A0322F003029B1AC9F80800236361
S21400A440002D7FF443AF0C9BA7EB080743440C9307
S21400A450CDF80CB02046039928F079FA0025039031
S21400A460002F7FF4B9AE364A3168936804F10800CD
S21400A470E36252680B9B00F00BFD49E09B464546A5
S21400A48007999EE79B4606F120021092F27D7068BF
S21400A490A2B1002296F818C00A99D5B2AC4511D9D7
S21400A4A0109D02F1010E35F832508D4228D90E98D3
S21400A4B006EBC2020144D069084403E00E9A0A99EA
S21400A4C00A441044E26B15A9556901221193A84766
S21400A4D0159A0A9B1392E26B04339569584601223B
S21400A4E013A90A93A847119B054603EB0802A2EBA3
S21400A4F00B02042A7FF679AF28B90BF1040BC5E7E7
S21400A5007246491BC9E7CDF820B088E770252F466C
S21400A510384619B0BDE8F08F4FF0000A19E73269E7
S21400A520616CD31D1439B3FBF1F3013302EBC302A4
S21400A530236B9342BFF404AEE9E71C27E8E700BFAD
S21400A540EC410020032A2DE9F34106460D46174646
S21400A5501C4606D1237A012B23D0012002B0BDE889
S21400A560F081DFF86080096842460DF10703FFF7C7
S21400A570ABF960600028EDD19DF80720237A032A06
S21400A580E8D0D8F804106A689142E3D1012B296913
S21400A590D4F80CC007D172690CEB0103934202D9C0
S21400A5A02074207CDAE708316144E1603B460122F2
S21400A5B029463046FFF7ACFD60600028CAD0002070
S21400A5C0CCE700BF184200202DE9F341089C032A7F
S21400A5D01746266806D1237A012B24D0012002B024
S21400A5E0BDE8F081DFF89080304642460DF1070363
S21400A5F0FFF76AF960600028EDD12568D8F80400F6
S21400A600A96AD5F844C04840CCF100031840227A25
S21400A610E1D1012A09D1E268D8F8103013447269F2
S21400A620934202D92074207CD9E72868EB6A1B1A6B
S21400A630081AB3FBFCF3B0FBFCF083420BD1706C42
S21400A640F36A421E1340326B121A134428463363D1
S21400A65028F07DF9E862D8F81020E3680832134441
S21400A660E36001223B4604492068FFF751FD606025
S21400A6700028B0D00020B2E7184200202DE9F041B3
S21400A6800025604B0E46D3F8008004461D6018B9BE
S21400A69021252846BDE8F08190F8347007B30A6893
S21400A6A003689A4240F0A3804A6843689A4240F0A2
S21400A6B09E808A6883689A4240F09980CA68C36818
S21400A6C09A4240F094800A6943699A4240F08F802B
S21400A6D08A69C36B9A4240F08A804B698361D8E7E7
S21400A6E068223946856B12F071FBD6E90212336890
S21400A6F004F1080023607368A563636033696361CF
S21400A7007369A36128F03AFBB36904F14000E36380
S21400A7109B68984720B9676C17B16368B3FBF7F777
S21400A72094F84330E761002BB2D00023656C2366B3
S21400A730002D64D0002F62D02368B3FBF5F205FB32
S21400A7401233002B55D16668B6FBF5F305FB136391
S21400A750002B4ED1204628F009F8A36904330344A1
S21400A7609E4248D340F634726369CC3B934244D849
S21400A770B5F5805F43D30321204628F020F8D4E9BE
S21400A7800001E36B1B6898470546E36B0220DB6815
S21400A7909847CDB941462046FFF77AF96428054622
S21400A7A004D141462046FFF773F90546666C5DB94D
S21400A7B0236A2046143E5E4327F0D8FFA36904337D
S21400A7C003449E4238BF5A25002D0CBF01230023A8
S21400A7D084F8343007D1D4E900010B4A13680133FA
S21400A7E0136028F065FBE06B28F082F951E75D25E1
S21400A7F04FE759254DE75A254BE75F2549E75B2587
S21400A80047E700BF7C3B0020783B00202DE9FF4156
S21400A8100C4616461F46054680B390F834307BB388
S21400A820B1F5801F2ED2DFF86080012127F0C7FF28
S21400A8302146424628460DF10F03FFF745F8044629
S21400A84070B99DF80F30012B11D1D8F81030BB42EB
S21400A85012D10246009031462846FFF743FB0446D5
S21400A860E86B28F045F9204604B0BDE8F081022BDD
S21400A87014BF2D246024F3E76324F1E72124F2E7D4
S21400A8801124F0E72924EEE7444200202DE9F043A6
S21400A89085B00C4617461E460546DDF8308098B350
S21400A8A090F8343093B3B1F5801F31D2DFF864905E
S21400A8B0012127F084FF21464A4628460DF10F0362
S21400A8C0FFF702F8044688B99DF80F30012B14D123
S21400A8D0D9F8102006EB08039A4213D3009043469B
S21400A8E0324639462846FFF7FDFA0446E86B28F05C
S21400A8F0FFF8204605B0BDE8F083022B14BF2D24D8
S21400A9006024F3E76324F1E72124F2E71124F0E75B
S21400A9102924EEE74442002073B50C461646054649
S21400A92030B390F834302BB3B1F5801F24D2012118
S21400A93027F045FF21462846104A0DF10703FEF78B
S21400A940C3FF044680B99DF80730032B0CD0022BBA
S21400A9500CD12846094928F029F93060E86B28F020
S21400A960C7F8204602B070BD2D24F7E76124F5E74E
S21400A9702124F6E71124F4E72924F2E744420020D4
S21400A9802DE9F3411E4600230C4617460546336064
S21400A99050B390F834304BB3B1F5801F28D2DFF8AF
S21400A9A05480012127F00BFF2146424628460DF130
S21400A9B00703FEF789FF0446A0B99DF80730032B6E
S21400A9C010D0022B03BF01233B600423D8F81030BD
S21400A9D018BF38603360E86B28F08AF8204602B06B
S21400A9E0BDE8F0812D24F6E72124F7E71124F5E7EA
S21400A9F02924F3E74442002073B50446056B27F08C
S21400AA00B5FE636E03449D422CBF0023012385429E
S21400AA1094BF00252D1A207C84F85030656584F894
S21400AA205800A8B100230C4E1A4619462046009638
S21400AA3028F080F9002305461A4619462046009657
S21400AA4028F081F9E3682844984294BF0020C01A91
S21400AA50E06502B070BD00BFFFFF0F002DE9F347B1
S21400AA601E4643690446B342884617469DF828901A
S21400AA704ED300258DF80750204627F077FED4F8F1
S21400AA8030A082450AD2236AB5EB430F06D20022D5
S21400AA9020460DF10701FFF745F9B8B39DF80730DA
S21400AAA0012B05D1002220460DF10701FFF73AF9E8
S21400AAB0B9F1030F06D03146204627F047FE256B36
S21400AAC0854227D3144D4FF0FF31284600F0B2FAE6
S21400AAD04B46294600222046C5E90376C5F8008085
S21400AAE0FFF716FB236E054663B12046FFF784FF8B
S21400AAF094F8503013B994F858301BB1236E04F113
S21400AB0050009847284602B0BDE8F0870135B3E705
S21400AB106225F7E71C25F5E7184200202DE9FF41DE
S21400AB200F4690461E46054698B390F8343093B3C9
S21400AB30B1F5801F31D21A4C022127F040FE224682
S21400AB40394628460DF10F03FEF7BEFE024678B1E1
S21400AB50012342460093394633462846FFF77EFFD8
S21400AB600446E86B27F0C4FF204604B0BDE8F08139
S21400AB709DF80F30012BEBD12169B142E8D100934B
S21400AB80414633462846FFF7ADF904460028DFD194
S21400AB90E7E72124E8E71124E6E72924E4E700BFF5
S21400ABA0444200202DE9F04790F8423086B0012B51
S21400ABB005460391A1EB020740F0AA80FF2F03D8B9
S21400ABC01E464FF0640807E00226012B14BF4FF024
S21400ABD032084FF06408013600244FF6FF79DFF89C
S21400ABE044A195F84230012B14BF322364239C42C3
S21400ABF002D35FFA88F40DE005AB2246514628469C
S21400AC0027F0B2FF95F84230012B059B34D14B4517
S21400AC102DD1E4B295F84230012B14BF32226422C3
S21400AC20121BB24217D3012E39D10022012B0597F1
S21400AC308DF8132027D1082205A90DF1130028F05E
S21400AC404FFA9DF81330059A42EA03222146284619
S21400AC50FFF730FA40B10223324900932846CC234E
S21400AC60096803AAFFF7FAFE06B0BDE8F087DBB274
S21400AC7003B902340134B4E7591CCAD09BB2002B86
S21400AC80F8D10134F6E7102205A90DF1130028F0DB
S21400AC9027FA9DF81330059A42EA0342D6E7039A4C
S21400ACA0012B059223D10823202205A90DF11300BC
S21400ACB08DF8133028F014FA9DF81320120221465E
S21400ACC02846FFF7F7F995F84230611C012BC9B208
S21400ACD01AD10028BFD12846BDF81420FFF7EAF99C
S21400ACE00028B8D10234BDF81620E1B2AFE7102331
S21400ACF0202205A90DF113008DF8133028F0F0F985
S21400AD009DF813201204DAE70028A4D1059A9EE7DE
S21400AD10B7F5803F4FF00106BFF457AF4FF032084B
S21400AD205AE700BF4442002070B586B00E4605467E
S21400AD300392A0B390F834309BB3B1F5801F32D2A3
S21400AD40022127F03CFD31462846184A0DF117032C
S21400AD50FEF7BAFD044618B99DF81730032B0ED13E
S21400AD600223314600932846CC2303AAFFF776FE3B
S21400AD700446E86B27F0BCFE204606B070BD022BEA
S21400AD800BD10A49284627F011FF03990246814253
S21400AD90EFD02846FFF706FFEAE76124E9E721241B
S21400ADA0EAE71124E8E72924E6E700BF444200204A
S21400ADB0F7B50C461646054668B390F8343063B3CC
S21400ADC0B1F5801F2BD2022127F0F9FC2146284638
S21400ADD0144A0DF10703FEF777FDC0B99DF807305A
S21400ADE0032B14D0022B14D10E49284627F0DEFE82
S21400ADF0471C024639462846FFF7D4FE044606B1ED
S21400AE003760E86B27F074FE204603B0F0BD2D24B3
S21400AE10F7E76124F5E72124F6E71124F4E729246F
S21400AE20F2E700BF4442002030B50C46054685B028
S21400AE3028B390F8343023B3B1F5801F23D2022113
S21400AE4027F0BDFC0DF10F03214628460F4AFEF7FA
S21400AE503BFD034688B99DF80F20032A0DD0032238
S21400AE602146009202462846FFF7F8FD0446E86BA6
S21400AE7027F03EFE204605B030BD2D24F7E72124FE
S21400AE80F8E71124F6E72924F4E700BF444200203F
S21400AE902DE9F043466886B3056898464FF0000CE7
S21400AEA0A946AE4655F83C400CF1010CC4F3130716
S21400AEB0013401D0B94217D0B4450EF1080EF1D1D5
S21400AEC02F46002403E0B44207F1080712D055F8D5
S21400AED0343001340133F6D1C1F3130141EA08518D
S21400AEE0C7E90012BDE8F08341EA0851CEE9001236
S21400AEF0BDE8F083B8F1030F03D101230372BDE868
S21400AF00F083002303E0B34209F10809F5D055F8B1
S21400AF1033400133C4F30754032CF4D1C1F31303B5
S21400AF2043EA0853C9E90032BDE8F0832DE9F04151
S21400AF300646406882B0B8B10F4690460024336893
S21400AF4053F8345003EBC403C5F30752C5F313019B
S21400AF50013506D05B683046CDF80080B84718B19A
S21400AF60706801348442EAD302B0BDE8F08100BFC5
S21400AF70024B1968024B1868FFF780BBA46B0020D1
S21400AF80C46B002008B531F044FB014B186008BDC7
S21400AF9070420020014B186831F036BB704200202A
S21400AFA073B504462248012A00EAC1119DF81850DC
S21400AFB023F07C4007D9961E012E28D9073303F0CC
S21400AFC07F03194308E09DF81C300A43DB0603F0B4
S21400AFD0C053134343F060410023C4E900108DF8CA
S21400AFE00730B5B1202221460DF1070028F078F889
S21400AFF01A220DF10700211D28F072F80820636858
S21400B0009DF8072043EA8263636002B070BD114377
S21400B010E2E71B220DF10700214628F061F82368BD
S21400B0209DF80720042043EAC2632360EDE700BFD3
S21400B03080FFFF0738B5094B0D461A680021044605
S21400B04011F0C4FE00234FF0FF322383C4E900252D
S21400B0502361A260E382A37638BD00BF4871040076
S21400B0600138C0B205289ABF014B185C0120704712
S21400B0704D7104002DE9F0410746154600240E46A2
S21400B080596888B0490A012922464FEA510104F15D
S21400B0900104F8D8DC78997824031B88C90201F4E7
S21400B0A0006104F480540C43C3F30A0352032344A0
S21400B0B092B24FF000089C18274B6FEA04440393A3
S21400B0C025F07843ED4302A90DF107001B220293F9
S21400B0D08DF8078028F004F89DF80720029B02A947
S21400B0E043EAC2630DF107001B2225F0784504935E
S21400B0F002958DF8078027F0F3FF9DF80720029B46
S21400B1006FEA144443EAC26305934FF0FF33079493
S21400B110069307A9BB69012206F110009847BB6990
S21400B12005A90446012206F108009847BB69404578
S21400B13018BF044604A90122301D98470122404545
S21400B14018BF0446BB69304603A99847404508BF68
S21400B150204608B0BDE8F08101009AB238B5104B21
S21400B1600546D3F800310C4603F00303022B0BD040
S21400B170032B0DD0012B0FD12FF0CAFB032305B1F3
S21400B180286004B1236038BD2FF00CFC0723F6E7D7
S21400B19031F052FA0623F2E701230020EFE700BF62
S21400B1A00080005038B5134B0546D3F820010C46F6
S21400B1B000F0070004281AD8DFE800F003090D1194
S21400B1C01500012305B1286004B1236038BD2FF0B7
S21400B1D065FB0423F6E72FF09BFB0323F2E72FF033
S21400B1E09DFB0523EEE72FF08FFB0223EAE7002303
S21400B1F01846E7E70080005038B5104B0546D3F8F0
S21400B20040310C4603F00303022B0BD0032B0DD06A
S21400B210012B0FD131F012FA082305B1286004B1D2
S21400B220236038BD2FF0BEFB0723F6E731F009FA9E
S21400B2300923F2E701230020EFE700BF008000505B
S21400B24038B5104B0546D3F860310C4603F00303BF
S21400B250022B0BD0032B0DD0012B0FD131F0EEF9C2
S21400B260082305B1286004B1236038BD2FF09AFB8F
S21400B2700723F6E731F0E5F90923F2E7012300207A
S21400B280EFE700BF0080005041F6713210B5104C59
S21400B290104BA04294BF00240124D969DA639A684F
S21400B2A001F4803122F4401242EA04529A600A4ABB
S21400B2B090420A4AD2F818028CBF40F0020020F0F2
S21400B2C00200C2F8180209B10022DA6310BD00BFFE
S21400B2D0005A62020000035080F0FA0200C00750D5
S21400B2E02E4B98424AD022D82D4B984240D014D8A4
S21400B2F02C4B984239D00AD82B4B984232D02B4B45
S21400B30098422FD02A4B98422CD000207047294BC9
S21400B3109842FAD1284B186F7047284B98422AD08B
S21400B320274B9842F1D1244BD3F880007047254B29
S21400B33098422BD009D8244B984223D0234B9842CE
S21400B340E3D11D4BD3F88C007047214B984221D097
S21400B35003F5740303F510539842D6D1164BD3F871
S21400B36098007047144B986D7047134B586E704793
S21400B370114B586F7047104B986F70470E4BD3F8B1
S21400B380840070470C4BD3F8880070470A4BD3F8FC
S21400B39090007047084BD3F8940070470048E801C7
S21400B3A00024F400C0CF6A0080841E0000093D001F
S21400B3B040420F00405DC6000080E00FC0EA210159
S21400B3C080BA8C01007E560380D54302006CDC02F6
S21400B3D00090D00337B50C460021114B0191D3F8ED
S21400B3E08031054603F00303022B0ED0032B11D049
S21400B3F0012B03D101A8FFF7D5FE0D210DB1019B4E
S21400B4002B6004B1216003B030BD2FF087FA052110
S21400B4100190F3E72FF078FA02210190EEE700BFE3
S21400B4200080005038B5104B0546D3F840320C4625
S21400B43003F00303022B0BD0032B0DD0012B0FD1EF
S21400B44031F0FCF8082305B1286004B1236038BD4C
S21400B4502FF0A8FA0723F6E731F0F3F80923F2E70E
S21400B46000231846EFE700BF0080005038B5144BA5
S21400B4700546D3F800020C4600F0070004281BD847
S21400B480DFE800F003090D111500012305B128605F
S21400B49004B1236038BD31F0D1F80823F6E72FF069
S21400B4A081FA0723F2E731F0CCF80923EEE72FF014
S21400B4B015FA0C23800AE9E700231846E6E700BFE2
S21400B4C00080005038B5144B0546D3F808020C46E9
S21400B4D000F0070004281BD8DFE800F003090D1170
S21400B4E01500012305B1286004B1236038BD31F092
S21400B4F0A5F80823F6E72FF055FA0723F2E731F010
S21400B500A0F80923EEE72FF0E9F90C23800AE9E713
S21400B51000231846E6E700BF00800050032814D03A
S21400B52005D8012805D0022809D0002005E00F28FC
S21400B530FBD1084B186FC0F3013001307047054B44
S21400B540D3F89000C0F30460F7E7024B186FC0F31F
S21400B5508020F2E7008000501FB5002301932528C5
S21400B56017D8DFE800F0131A1D272C363B51565B20
S21400B57060656A78161A401616561A272C27361A49
S21400B5805127783B3B3B3B2727275B602FF08CF906
S21400B5900190019805B05DF804FB2FF09FF9F7E7DE
S21400B5A02FF082F902460220FFF7B8FFB2FBF0F256
S21400B5B00192EEE72FF092F902460320F4E72FF00F
S21400B5C08DF902460320FFF7A9FFB2FBF0F25208FE
S21400B5D0EEE7002101A8FFF7FDFEDAE7002101A84B
S21400B5E0FFF7E0FDD5E702934FF0E0231B695B070A
S21400B5F005D52FF073F90290029B0193C9E703A9C2
S21400B60002A8FFF7F9FDF7E7002101A8FFF7F4FD10
S21400B610BFE7002101A8FFF713FEBAE7002101A843
S21400B620FFF724FFB5E7002101A8FFF74BFFB0E7BF
S21400B630002101A8FFF792FDABE7094BD3F8803055
S21400B64003F00303022BA8D0032B01D000209FE7B2
S21400B6502FF064F99CE7002101A8FFF7E3FE98E7C6
S21400B6600080005008B50120FFF776FFBDE80840CF
S21400B6700349884294BF01210221032000F002B84A
S21400B68080F0FA02032810B50C4627D004D801280B
S21400B69004D0022817D010BD0F28FCD127F03EFD9D
S21400B6A027F044FD124A013C136F23F4405343EA4B
S21400B6B0043313672FF012F90021FFF7E5FDBDE80C
S21400B6C01040FFF7CFBF0A4A4C1ED2F8903023F046
S21400B6D0F85343EA0463C2F89030DCE7044A4C1E91
S21400B6E0136F23F4806343EA84231367D3E700BF12
S21400B6F0008000501FB500230193252821D8DFE8DD
S21400B70000F013202020202A2F454A4F54595E71FE
S21400B71020203420204A202020202A204520712F57
S21400B7202F2F2F2020204F54314B1B6F03F0070381
S21400B730013B032B05D8DFE803F00C02080A0423BC
S21400B7400193019805B05DF804FB0323F8E7062390
S21400B750F6E70223F4E7002001A9FFF73BFEF0E737
S21400B760002001A9FFF71EFDEBE702934FF0E02350
S21400B7701B695B0705D52FF0B1F80B230393039BDA
S21400B780DEE703A902A8FFF737FDF8E7002001A9C6
S21400B790FFF732FDD5E7002001A9FFF751FDD0E7FE
S21400B7A0002001A9FFF762FECBE7002001A9FFF702
S21400B7B089FEC6E7002001A9FFF7D0FCC1E70C4BC5
S21400B7C0D3F8803003F00303022B03D0032B05D0FD
S21400B7D00023B5E72FF082F80B23B1E72FF09EF891
S21400B7E00523ADE7002001A9FFF71CFEA9E700BF6F
S21400B7F00080005008B50320FFF790FE034B18703A
S21400B80027F08CFCBDE8084027F090BC9161002032
S21400B81010B504462FF062F80021FFF735FD1CB185
S21400B820BDE81040FFF71EBF034B0320BDE81040E5
S21400B8301978FFF727BF00BF9161002038B505468D
S21400B840FFF74EFD204B04465A68012A04D11F49D3
S21400B8504A609A699207FCD10020FFF74BFF042844
S21400B86003D127F05BFC27F061FC194A24F04073F3
S21400B87095421FD0174A95421FD0174AD16811F03B
S21400B880060FFBD19068936091684B4013F4F81F45
S21400B89016D12846FDF766FD0020FFF72BFF04288B
S21400B8A010D12FF01BF80021FFF7EEFCBDE8384062
S21400B8B0FFF7D8BE43F00073DFE743F08073DCE7A2
S21400B8C09060E9E738BD00BF00C0015000E00150BD
S21400B8D040420F0080841E000000015070B50446F0
S21400B8E00020FFF707FF03287CD045F60E03022151
S21400B8F0414AC2F88030414B9962012103F58053DA
S21400B9009962936DD903FCD4D4E900131B0543EA6E
S21400B9100163E17B94F823500B43217B43EA014308
S21400B920617B43EA0133A17B43EA8113136191698A
S21400B930D4E904031B0643EA806301F000410B438D
S21400B940A17EE07E0B43217E43EA0143617E43EA0B
S21400B95001239361E169136A002923F00D0343EA8A
S21400B960010314BF0121002143EA800343EAC10317
S21400B970136294F8203094F82200916A4FEA431339
S21400B98031D194F8216021F0330143EA06130B43CA
S21400B99043F0010393621A49174A936D31EA030391
S21400B9A0FBD10221154B9962936D5B00FCD41369A1
S21400B9B0A16823F4700343EA015313614FF0004279
S21400B9C00E4B9A6118B9022203F580539A6215B994
S21400B9D001220C4B9A6294F824301BB1064B0A4A9B
S21400B9E0C3F8802070BD21F0330129430B4343EA9E
S21400B9F040039362EFE700BF00C0005000D0005045
S21400BA000300014000E00050F1A7FFFF014B93F94F
S21400BA100000704792610020014B1880704700BFFD
S21400BA20BE7000200C4A10B51369044643F00403A8
S21400BA3013612FF0C3FA27F07DFB084B084AC3F8C2
S21400BA40202430BF27F077FB02F08CFA1CB9BDE843
S21400BA5010402EF043BF10BD00ED00E000E00350A4
S21400BA600000FFFF034A0179D36E23F030030B4337
S21400BA70D366704700400050F8B504460D461F4692
S21400BA8016464AB101238B403021184A01FB00229A
S21400BA90F7B141F21001535004EB4403072D4FF069
S21400BAA00F014FEA031316D8A80006FA00F28140E9
S21400BAB00F48184427F042FB4EB9012330210B4AA9
S21400BAC0AB4001FB042277B141F210015350F8BDA0
S21400BAD042F21001DFE7A5F10800800006FA00F246
S21400BAE081400448E5E742F21001EFE700C003504A
S21400BAF004C003500CC00350012200F5805310B55B
S21400BB005A60244B244AC36043691340FCD18361C6
S21400BB10C0F89830436913F4401FFBD14369DA0537
S21400BB202CD4836F53BB43699B0529D4D0F8883047
S21400BB3033BB0121C26FD0F88C2000F50052516053
S21400BB40302183600361C36203620167C0F880101E
S21400BB501249884208D142F26004114984640165A2
S21400BB6043658465016643660C49884202D100201D
S21400BB70102B08D10B4B5362936210BD436FCDE779
S21400BB80D0F88430CFE703F1280441F824000133CD
S21400BB90EEE700BF12000200520001000040005A0B
S21400BBA000C002808F330F80084608B569B9182098
S21400BBB0FFF7D2FCB0B10C4B984206D90B4B9B68F2
S21400BBC0C3F302730133B0FBF3F0094B00F57420A6
S21400BBD000F23F20B0FBF3F001387F2828BF7F201B
S21400BBE0C0B208BD0120F0E7005A62020040005AC9
S21400BBF040420F000B4B10B5994228BF19460C4621
S21400BC001AB91820FFF7A8FC0246631E1344B3FBBC
S21400BC10F4F0A34228BF00F1FF30032828BF03201A
S21400BC20C0B210BD005A620210B51048104C002B6E
S21400BC3008BF04468C4228BF0C461AB91820FFF7E6
S21400BC408BFC02469DF8083040F2FF300133B2FB11
S21400BC50F3F2631E1A44B2FBF4F3A24228BF03F1C8
S21400BC60FF33984228BF184610BD00BF8096980044
S21400BC70404B4C002DE9F04F2DED068BB64D0C4693
S21400BC8016462946002285B00746FFF7B3FF94F80C
S21400BC9005800122804538BF804607F500535A606C
S21400BCA020795FFA88F850B91820FFF755FCA842AB
S21400BCB0014628BFB0FBF8F13846FFF775FF4FF096
S21400BCC00009E37822781B01524202F0020203F0D8
S21400BCD03003134362780004524202F00402134316
S21400BCE0A27800F4FE00524202F0080213434FEA24
S21400BCF0087202F0E04213431843E3882289B860D2
S21400BD003B616389DFF85CA243EA02433B62574526
S21400BD1002D1B9F1020F08D1012307F580577B60E5
S21400BD2005B0BDEC068BBDE8F08F002235788B4859
S21400BD308B49B468954218BF01462B468948CDF812
S21400BD400080FFF771FF07EB09118B6CA2B223F09E
S21400BD50405323F4EE2323F01F0305F003041C4393
S21400BD60737882424FEA830303F01C0344EA030419
S21400BD70B37838BF02461B03F07803F4E04323434E
S21400BD80040404F4E024234334794FEA091C24070E
S21400BD9004F0405423438B648C6C09F1050BC4F308
S21400BDA00234013C7049042C26D8DFE804F025252F
S21400BDB003101A00D1F88041240C2DB3C2F30902F7
S21400BDC00AEB0B135A6009F1010910369FE7D1F808
S21400BDD08441002DF2D1D1F88C11A4B20914490087
S21400BDE015E0D1F88441002DE8D1D1F88C11240C4F
S21400BDF0091401EB41010AE0D1F88041A4B2002DFC
S21400BE00DCD1DFED5A7A06E0D1F88C11091407EE82
S21400BE10901AF8EEE77A01210CF1B44C0CF5804C40
S21400BE202304DCF8483024F4C045C3F3820C0CF13C
S21400BE30010C01FA0CF107EE101A4FEA854548BFCF
S21400BE4045F0004513F01C0FB8EEC79AF6EE008AD0
S21400BE50454B55D1D3F88C110BB208EE103AB8EE1C
S21400BE60C88A38EE278A9FED42AAF7EE049A002881
S21400BE705DD1039227F0DCF907EE900AF8EE677AB8
S21400BE8087EE8A7AC9EE877A27EE888A039A9FED2C
S21400BE90397AC7EE097A9FED387A67EE877AB1EE7F
S21400BEA0007AB5F1004F48EE077A0BD09FED337A53
S21400BEB006EE104A77EE876ABAEEE86AF0EE477A40
S21400BEC056EE267AF5EEC07AF1EE10FACBBFF1EE1A
S21400BED0677A78EEE78A77EEE87AFDEEE87AC8BF0A
S21400BEE0FDEEE77A17EE901AB1F5003F2ADB6FEA0F
S21400BEF055456FEA45451B484FEA0B1145505DE72F
S21400BF00D3F8901169EE286A09B207EE101AB8EE57
S21400BF10C77AD3F8881177EE677A0BB208EE103A34
S21400BF2087EEA67AB8EEC88A38EE078A9BE7D6ED83
S21400BF30037AF8EE677A87EE8A7AC9EE877A27EE72
S21400BF40888AA4E711F5003FAABFC1F3110145F4A2
S21400BF5000350D43CFE700BF005A6202404B4C004D
S21400BF60809698000040005A0080E00F0000000015
S21400BF7000007A440000804300002044000000498E
S21400BF8041F67132034BDA63012203F50053DA609F
S21400BF90704700BF0000035041F671320121044B88
S21400BFA0DA6303F50052D1600022DA63704700BFFF
S21400BFB000000350044B1868421C02BF034AD2F824
S21400BFC094001860704700BFC86B00200040005007
S21400BFD0CB784A7810B55B010C7843EA82030A797D
S21400BFE0234343EA02130C22424302F1B042136396
S21400BFF0012C02BF8A78024B43F8202010BD00BFF8
S21400C000D080035008B54FF0B0435A6802B960B10B
S21400C0105B680BB127F034F94FF0B04130B1012026
S21400C020074B586027F02CF9C86008BD27F028F9A0
S21400C0300223CB6027F024F90122024B5A60F4E772
S21400C04000100058002000584FF0B0414B6810B563
S21400C0500BB127F015F901220B4BC4785A60837890
S21400C060934043EA840344782343047943EA041361
S21400C070447943EAC4038B60044B5A600378C3F1E7
S21400C0800203CB6010BD00BF00200058001000580F
S21400C090054B5B69C3F38512827003F03F021B0BEE
S21400C0A042700370704700BF00C007500120034B6A
S21400C0B09B680A3303F01F03984070470080E00F28
S21400C0C030B5124CA04215D004F58044A04213D0DF
S21400C0D004F58044A04211D004F58044A04208D163
S21400C0E0032006250A4C5BB105FB001004EB800418
S21400C0F0E26130BD0020F4E70120F2E70220F0E71D
S21400C10005FB0011120204EB8104F1E700800450E5
S21400C110008103500D4B984208D1A3F50033C3F8B5
S21400C1208411802300F58050C3657047084B984201
S21400C13004D1A3F51033C3F89411F2E7054B9842E7
S21400C14004BFA3F52033C3F8A411EAE70080055026
S21400C15000C005500000065070B5054616461C4641
S21400C16019B90320FFF7F8F90146402C1BD003D875
S21400C170DCB1202C1BD070BD602CFCD1042303FB4B
S21400C18006F2530803EB4113B3FBF2F36021094AAE
S21400C190203B02EAC30305F50052916005F5805284
S21400C1A09460EB61E7E70623E9E71023E7E7082357
S21400C1B0E5E700BFF8FF7F00012200F580535A60D4
S21400C1C040F6AA6341F20502436100230D498360ED
S21400C1D0C365C26000F500520361C361C364916425
S21400C1E009498365884203D103650023436506E059
S21400C1F006498842F8D001F580418842F4D00123F0
S21400C20053607047FFFF01000080055000C00550D6
S21400C21070B50D46FFF7D0FF012300F5805673601A
S21400C220AB7C04461BB1836843F080438360EB7CA1
S21400C2301BB12046297DFFF76DFF2A8A6B7B2046BF
S21400C2401343EA891343E3602B7BD5E90112FFF71A
S21400C25083FF6B7D1BB1A36843F48033A360AB7D83
S21400C2601BB1A36843F40043A360EB7D2A7E1B0743
S21400C270120502F4E00203F0E0431343A365697E6F
S21400C2801F4A8B1E012B1F4B1DD8944217D002F558
S21400C2908042944215D002F58042944214BF4FF07B
S21400C2A0FF32022203EB4213022041F2AC52032972
S21400C2B0985020D10423F3652B78636170BD00226B
S21400C2C0F0E70122EEE7944211D00F4A944210D0D4
S21400C2D002F58042944214BF4FF0FF32022203EB75
S21400C2E04213022042F2AC5201299850E1E70022A4
S21400C2F0F5E70122F3E7042204F50053DA65DBE7ED
S21400C3000080055000C0035000C00550034BD3F812
S21400C3102424D3F820041040704700BF00C0035008
S21400C3202DE9F8431E4B0546D3F810334B1E0E2B53
S21400C3300E46174690F8009044781DD909B34FF082
S21400C34000082846D7B130F07FF909EB4903072CDF
S21400C3504FF00F014FEA031315D8A400114808FA4E
S21400C36004F2A140184427F028F8BEB928468FB139
S21400C370BDE8F84330F068B98846E2E727F02CF8C5
S21400C380E3E78846E1E7083CA400074808FA04F219
S21400C390A140E7E7BDE8F84327F01EB8BDE8F883FC
S21400C3A000C0035004C003500CC003502DE9F041F8
S21400C3B0204B1646D3F810234A1C05460C464078F8
S21400C3C004D1D3F8241427F015F80446002C2EDBED
S21400C3D0072C14DC03274FEA84082A7807FA08F7A4
S21400C3E03946154802FA08F226F0E7FF6A78394619
S21400C3F002F00302114802FA08F226F0DEFF0123DB
S21400C40016F0050F0E4A18BF0E4903FA04F30CBFC8
S21400C410C2F81034C1F8103416F0060F18BF094AD7
S21400C420C2F814340123064AA340C2F8203420463A
S21400C430BDE8F08100C0035000C4035008C4035098
S21400C44000E0035000D0035070B504462BF0B4FB58
S21400C450064630B90FCC044D0FC594E80F0085E8AA
S21400C4600F00304670BD00BF7442002047F6FF73D1
S21400C4709A42F0B570D0022970D8394B5B5C022B1B
S21400C4806CD8384DDE0005EBC304A77815F83330BA
S21400C490012F394638BF0121012B16D1E078401A0A
S21400C4A00021884205D8012F2CBFC0190130C0B228
S21400C4B0F0BD431A6568A0EB530335F91350954257
S21400C4C0D4BF194603F1FF30EBE760680028EFD0D1
S21400C4D0B0F90040944204DBB0F902409442B8BF81
S21400C4E0144683883544FF2B19BFC8232827B0F984
S21400C4F00630B0F90870A3EB04030CBF012200223B
S21400C50093FBF7F36E7813441BB29E4201DD002BBB
S21400C51001DA731E1BB24FF47A7C00EBC305EA887F
S21400C520AD685F1C14FB02521D4622EAE2723BB263
S21400C5305C329E42B2FBFCF204DD00EBC307BF8810
S21400C5409742EAD200EBC5039888904228BF10466F
S21400C550884238BF0846AAE7FF20A9E70020A7E7D9
S21400C56053710400744200200229F0B560D8314BA4
S21400C570595C02295CD8304B13F83100012816D1DB
S21400C58003EBC1039C78D878012C214638BF0121E3
S21400C590904294BFC1EB0001C1EB0201001BCAB27E
S21400C5A08242C8BF00225B6833F91200F0BD002A41
S21400C5B03CD003EBC1035968002939D098789042E3
S21400C5C002D3B1F90200F1E7DC78B1F90000944239
S21400C5D0ECD95C788B88013CA3F1FF06734201F12D
S21400C5E00405E4B2734101F10C07DEB2B44216D87A
S21400C5F005EBC3034FF47A756A43B3F902405B68F0
S21400C600D21A04EBD47302EB630292FBF4F290426C
S21400C610CCDBB1F902009042C8DC10B2C6E737F8AE
S21400C62033C05E1C9445E3D33346DEE70348BDE7DC
S21400C6300348BBE753710400744200200CFEFFFF62
S21400C6400080FFFF08B50448FFF7FEFEBDE808407F
S21400C65001202BF0B7BA00BF587104007FB5142232
S21400C660002101A810F0B2FB044B01A94FF0FF30E7
S21400C67002932BF0EDFA07B05DF804FB006A180091
S21400C6802DE9F0418CB08846DDE912761D46044659
S21400C690002847D0002945D0002F43D0002E41D097
S21400C6A013F00F033ED120482049A360002A08BF9C
S21400C6B001462362C4E90013404609A926F02CFF70
S21400C6C068BB2046099930F01AF82946204630F013
S21400C6D016F86946404626F0AEFF00BB694620467F
S21400C6E026F0D9FF404603A926F0B0FFB8B9204689
S21400C6F003A926F0D0FF06970127204645F00055EF
S21400C70006A90797089526F0C6FF204609A90996A8
S21400C7100A970B9530F019F820462FF0D3FF0CB08F
S21400C720BDE8F0812120FAE70001000400010104C1
S21400C7302DE9F04F97B0894690461F460546DDF82E
S21400C74080A0002800F0BB80002900F0B8803AB135
S21400C750229B002B00F0B380239B002B00F0AF80C1
S21400C760BAF1000F00F0AB80219B002B00F0A780F1
S21400C77067B13C680026229B43440293464507D394
S21400C78007B13C60002017B0BDE8F08F3C46F1E7EB
S21400C7905CB1229B219A9B5D125D01345340239A23
S21400C7A004F00F0493550136E8E7A8EB060BBBF13F
S21400C7B00F0F58D9434B4846C5E90034AC602C628D
S21400C7C013A926F0A9FE0028DDD1284613992BF0E0
S21400C7D00F0B2FF094FF594628462FF090FF48463F
S21400C7E004A926F028FF0028CDD1284604A926F063
S21400C7F052FF484607A926F029FF0028C3D128463D
S21400C80007A926F048FF012322992F4ACDF828A031
S21400C8100B930C928A190D9228464BF000520AA9E7
S21400C8200E9303920F9226F036FF28460DA926F0A7
S21400C83032FF239B039A99190123109111931292A8
S21400C840214A284610A9CDF84CA0149315922FF033
S21400C8507CFF284613A92FF078FF28462FF032FFDA
S21400C8605E4400288FD1229B03EB060B239B1E44BD
S21400C870029B9B4501D1464680E7ACB9219B2246E8
S21400C880CDE900A3494610232846FFF7F9FE002805
S21400C8907FF479AF0AF1100212F8013D0133DBB2E2
S21400C8A013700BB95245F7D1219A1BF8013B125D64
S21400C8B00134534006F8013B04F00F04D8E721206A
S21400C8C061E700BF03030004100000207FB50E469A
S21400C8D01D460446F0B102B9E3B901230192029362
S21400C8E045F00053039300230B4AA360C4E90023DA
S21400C8F02362204601A926F0CEFE314620462FF0C0
S21400C900FEFE204629462FF0FAFE20462FF0DAFEDD
S21400C91004B070BD2120FBE700000943084B984295
S21400C92002D0084B984207D10B88B3F5105F14BFAE
S21400C9306FF08500002070476FF08500704700BFDD
S21400C940004440040013C0041038102808D8064BD2
S21400C950C34013F0010F0CBF6FF086000020704735
S21400C9606FF08600704700BF010101002DE9F04F0F
S21400C970A7B008AFCDE90501DDE93295DDE9346AF7
S21400C98000210792384610229846DDF8D8B010F0FD
S21400C9901DFA102200210CA810F018FA069B2BB9DD
S21400C9A06FF08604204627B0BDE8F08F079B002B6B
S21400C9B0F6D0B9F1000F01D1002DF1D1309B13B99B
S21400C9C0319B002BECD116B9BAF1000FE8D1BBF1C0
S21400C9D0000FE5D040460599FFF7A0FF0446002863
S21400C9E0E0D1014628221CA810F0F0F920222146AA
S21400C9F014A810F0EBF91CA82FF077FE002840F0E2
S21400CA00AF80DDE90612059814AB26F090FE0446CA
S21400CA100028C7D11498FFF797FF04460028C1D115
S21400CA2015B9CBF80000BDE7B14518D209EB0503F0
S21400CA309E4214D25545B3D82A464946304610F091
S21400CA4017FA554B984526D006D3544B984524D014
S21400CA5003F54073984520D06FF08504A2E74F4B4E
S21400CA6098451BD003F54073984517D04A4B984518
S21400CA70F2D1554594D815F00F0291D12B46CDE949
S21400CA80009614A91CA8FFF7FBFD814600285CD180
S21400CA90CBF8005086E7B146EDE7B14610220021FC
S21400CAA010A810F093F955453FF67AAF3C4B9845E1
S21400CAB0319B39D10D2B7FF473AF01238DF84030B5
S21400CAC0309B0DF1410203F10C0153F8040B8B422D
S21400CAD042F8040BF9D11B78137001238DF84F3000
S21400CAE015F00F0842D025F00F034B440DF1300C23
S21400CAF003F1100E624618685968083303C273457E
S21400CB009446F7D10F2D33D825F00F033344039303
S21400CB100CABCDE9017310AB00934246002314A979
S21400CB201CA8FFF705FEB0E7102B7FF439AF309B4B
S21400CB3010AA03F1100E9446186859680833ACE83A
S21400CB40030073456246F6D1CAE7524600213046D6
S21400CB5010F03CF90023B9F1010FCBF8003002D0F9
S21400CB606FF092041EE76FF08B041BE70F2D8FD932
S21400CB7010ABCDE9029600930197002325F00F0233
S21400CB8014A91CA8FFF7D4FD81460028DDD1B8F112
S21400CB90000F3FF47DAFB7E7004440040010C00428
S21400CBA00013C0042DE9F04F8A46A1B00021DDE94C
S21400CBB02A56DDE92C790590934606A81022984659
S21400CBC010F004F9102200210AA810F0FFF8BAF1BC
S21400CBD0000F05D16FF08604204621B0BDE8F08F27
S21400CBE0BBF1000FF6D00DB9002EF3D117B9B9F18D
S21400CBF0000FEFD12E9B002BECD040460599FFF797
S21400CC008DFE04460028E7D10146282216A810F01B
S21400CC10DDF8202221460EA810F0D8F816A82FF02E
S21400CC2064FD002854D15A46514605980EAB26F0AE
S21400CC307EFD04460028CFD10E98FFF785FE0446F9
S21400CC400028C9D116B92E9B1860C5E7BD4216D27A
S21400CC50AB199F4213D24E45BCD8324629463846B9
S21400CC6010F006F93A4B98455BD003F540739845AB
S21400CC7031D0384B984511D06FF08504ACE7344B73
S21400CC8098454FD003F54073984525D0314B9845CD
S21400CC90F2D14E4503D96FF089049DE73D46330730
S21400CCA098D133460122CDE900570EA916A8FFF702
S21400CCB0E7FC2E9B05461E6000288DD04A460021C4
S21400CCC0384610F083F800232E9A012D13603BD0CF
S21400CCD06FF0920480E73D460D3E4E45DBD80123BB
S21400CCE08DF828302B460DF1290205F10C0153F87A
S21400CCF0040B8B4242F8040BF9D11B780D351370E8
S21400CD004FF48073ADF8363006AB01930AAB009350
S21400CD1032460023CDE902570EA916A8FFF708FDF4
S21400CD20C7E73D46103E4E45B5D82B460DF1280CBC
S21400CD3005F1100E624618685968083303C2734539
S21400CD409446F7D11035DFE76FF08B0444E700BF59
S21400CD500010C0040044400410B54FF42F720021A8
S21400CD60044610F033F88023C4F88C30054B04F1E9
S21400CD709C00C4F88430012384F88830BDE8104055
S21400CD8025F08CBC69D7030010B5D0F8A0400A4641
S21400CD908CB926F0E2FE044610B90024204610BDE9
S21400CDA02D2896BF064B074953F82010064A074819
S21400CDB027F019F8F2E7D0F8A4101046A047ECE7E1
S21400CDC0447204006CD70300D1D103009CD8030042
S21400CDD0F8B590F88060044616B100263046F8BDD7
S21400CDE026F0EEFC0028F8D1012384F8803094F871
S21400CDF0883033B1D4F884101F4884F8886026F051
S21400CE00F2FF4FF0FF37D4F8B402421C1FD0C4F82C
S21400CE10B47210F0FF052CD0204626F0CEFC294632
S21400CE20204600F0A7FB0028EDD0204626F0D3FCD5
S21400CE3094F888303BB1D4F884100F4826F0D3FF1E
S21400CE40002384F88830002384F88030C6E726F074
S21400CE50AFFF431CDDD1D4F88C30D4F89420013BCE
S21400CE609A4204DB054A0649064826F0BCFF01261E
S21400CE70E9E70126C7E700BFCAEA0300D1D10300ED
S21400CE807AD703009CD80300F8B50B780446302BFD
S21400CE900D46164604D14B7803F0DF03582B11D00D
S21400CEA0284F6A1E12F8011F002934D128460A228C
S21400CEB00FF07CFE202C03460D4631D1B1FA81F0EE
S21400CEC040091AE04A1C1F4912F8013F8BB9284650
S21400CED00FF078FE1C4B02382340032B12D101348E
S21400CEE0A41084420AD1A87837288CBF00200120DD
S21400CEF003E0CB5C13F04400E6D1F8BDCCBF0120C4
S21400CF000020FAE7002CB8BF0334B0EBA40FD4BF60
S21400CF1001200020F1E77B5C13F00400C2D1ECE7AF
S21400CF2026B1084302D0013B61F100050122A24070
S21400CF30013A1A40002D08BF9A420CBF012000207B
S21400CF40DBE700BFAD98040003000080F0B503786F
S21400CF5001467B2B17D10646022400220B4F16F8FB
S21400CF60015F7D2D05D10B5D6BB9D24302F0010048
S21400CF7008E07B5D13F0440002D001320134EEE796
S21400CF80202DFBD0F0BD0020FCE700BFAD980400CC
S21400CF9070B506460D460FF015FE0446304626F0E0
S21400CFA022FF044EAC4200D370BD304626F01BFF75
S21400CFB00134F7E76AE103002DE9F84F0446022141
S21400CFC05148FFF7E5FF1E212068FFF7E1FF636881
S21400CFD0586826F008FF4D4826F005FF67683B7B3B
S21400CFE0FD2B12D8D7F808804FF0FF3640460FF0DA
S21400CFF0E9FD0546DFF81091DFF870A1DFF84CB1C7
S21400D0000C3717F8013BFF2B01D1BDE8F88F212B19
S21400D01018D8212B36D8DFE803F0377274111B1DA1
S21400D0201F213535353535353535232527292B2D23
S21400D0302F3135353535353535353D33344C002DC6
S21400D0402BD12EE0334C344AFE2B08BF1446F6E7AD
S21400D050324CF4E7324CF2E7324CF0E7324CEEE773
S21400D060324CECE7324CEAE7324CE8E7324CE6E783
S21400D070324CE4E7324CE2E7324CE0E7324CDEE793
S21400D080324CDCE7234CDAE7314CD8E726F09FFE3B
S21400D09001362AE0002DB4D02E4C202B06F10106D6
S21400D0A0AFD002214846FFF773FF1E214846FFF720
S21400D0B06FFF504626F097FE5946204610F0DCF8E3
S21400D0C02549002818BF2146244826F08CFE3B78C8
S21400D0D0202B02D12B2026F07AFE214826F083FE54
S21400D0E04DB118F806301F2B05D018F806001F287B
S21400D0F001D0AE42CADB054826F075FE81E7194C22
S21400D1009DE7194C9BE700BF42250400D1D10300E0
S21400D11024D8030036D8030020F5030081D8030086
S21400D12088D8030079D8030075D803006CD80300AC
S21400D13062D8030058D803006DD8030063D80300F4
S21400D14059D803004ED8030047D803003ED8030042
S21400D15023D8030029D8030034D80300CAEA030002
S21400D16001DC030080D8030087D8030008F603001C
S21400D1702DE9F04F9BB005468B46002400920393A2
S21400D1800FF020FD249F039B04901C6028463C6003
S21400D1900AAA09A926F049FE064658B90A980FF0C9
S21400D1A011FD3446B046039B1860D5F89C300293B8
S21400D1B0029B1BB920461BB0BDE8F08F029BD3F83C
S21400D1C00890B9F1000F6CD02E4416F8013B202BC6
S21400D1D011D000260C23734309EB030A59F80330D9
S21400D1E00193002B58D0099B434555DB9AF808203D
S21400D1F02AB1721C39E03B6801333B60E5E73968C9
S21400D200D5F894200793039B521A1A601AAB03EBC7
S21400D210880151F8403C0199184605930FF0ECFF41
S21400D22006900028E5D101980FF0CCFCDDE9062336
S21400D2300146DAF80400D7F800A090F80CC0BCF15C
S21400D240FE0F16D103F1FF3EC64512D0D0F800906F
S21400D250059801920FF0B6FC0AF1010A019A5044B3
S21400D2602B5C23B1386008F101081646B2E701309E
S21400D270F6E7D5F894200591A2EB0A028A4220DC54
S21400D28058460FF09FFC059901447B290DD9584656
S21400D2901F4A009925F029FA2B46049A2A449342FD
S21400D2A02CD1029B1B68029382E7DDE900125846E8
S21400D2B025F01BFA5846174A0099013425F015FA4E
S21400D2C097E7BCF1FE0F94D1013B434591D1D0F8CE
S21400D2D000A0DFF840905AF80C2B22B9049B3B6064
S21400D2E0039B1A60D8E75846009925F0FEF94A468F
S21400D2F05846009925F0F9F90134ECE713F8011BBC
S21400D3000029CCD14FF0200103F8011CC7E700BF6D
S21400D3108ED803006AE103002DE9F047002486B0AA
S21400D3201C60DDE90EA8064689468AF800401168AA
S21400D330154888F8004017461D468DF81740FBF73D
S21400D3407FFF18B901242B6801332B600020D6F824
S21400D3509C6036B914B1012388F8003006B0BDE8E9
S21400D360F087B06868B14B460021CDE902A8CDE948
S21400D37000750DF1170226F08FFB9DF81730002B75
S21400D380E8D13668E5E700BF93D803002DE9F047FB
S21400D3900446ADF5447D8022002104A802AF0FF0BC
S21400D3A015FD80222046009703AB04A9FFF7E0FE98
S21400D3B001283DD104A80FF005FC03993B68461AE6
S21400D3C00B4426EAE6762344054604A83246014482
S21400D3D018460FF08BFE00228255D4F89060039B0F
S21400D3E03968D4F890201944B14212DCD4F894106D
S21400D3F0E81A0244C4F89020014404AAC4F8941021
S21400D400D41825182B1B002B0DDC0DF5447DBDE82C
S21400D410F087A05C26F0DBFCD4F8903001360133B0
S21400D420C4F89030DBE714F8010B26F0D0FCE9E7EF
S21400D430EBDD24AD8022002128460DF5887A0FF01A
S21400D440C5FC0DF110094FF40072002150460FF094
S21400D450BDFC4FF001084A46002312F8016BA6B93E
S21400D46004A84AF828300FF0ADFB29463346984505
S21400D4701CDB19F8016B0DF5887C5CF8042B8242E6
S21400D4800CD101F8016B0133F1E7202E03F1010303
S21400D49004BF4AF8283008F10108DEE70DF1100E47
S21400D4A07244D25CB242E8D00022EA54D4F89060CB
S21400D4B0039BB3422FDC23462C4A04A92C4826F0B3
S21400D4C092FC28460FF07EFB0646039B3F68F61A42
S21400D4D01F4426EAE672E01917441D44E11904F1D8
S21400D4E0900399423CD904F19803984238D26A1EB8
S21400D4F081190B1A002B27DD12F8013F00F8013BBB
S21400D500D4F890300133C4F89030D4F89430013316
S21400D510C4F89430EDE7D4F890300136E05C26F09D
S21400D52056FCD4F890300133C4F89030C0E7D4F8F5
S21400D5309020013B0132C4F89020D4F894200132A8
S21400D540C4F89420002BF2DC00232E44E355731B12
S21400D550002B7FF75AAF15F8010B26F038FCF6E7DC
S21400D56029460FF0C3FD3346ECE700BF69D703003A
S21400D57098D803002DE9F843D0E9245604460F4610
S21400D580002294F89830012B07D10A2F07D10023E8
S21400D59084F898300020BDE8F88300F29F801B2FA7
S21400D5A001D10223F4E70D2F0DD1012384F8983022
S21400D5B00D2026F00CFC0A2026F009FC0023012092
S21400D5C0C4E92433E7E74FF00008082F84F8988072
S21400D5D034D1454530DDB5420FD1384626F0F7FB4D
S21400D5E0202026F0F4FB013D384626F0F0FB013EF5
S21400D5F004F80580C4E92456CCE7FBDA05F1FF39C8
S21400D600384626F0E4FB04EB0903A6EB0902611991
S21400D61018460FF02DFC04F806800146013E4848E7
S21400D62026F0E1FB35464D4501DC4D46E2E7082095
S21400D63026F0CDFB013DF6E7ACD0DBE77F2F1CD113
S21400D640002EA7DDB542A5DA6319691C21441846E9
S21400D650721B0FF00DFC04F806800146394826F0D0
S21400D660C2FB0820013E26F0B2FBB542F9D1D4F841
S21400D6709430013BC4F894308CE70A2F98D0092FD9
S21400D68003D12046FFF782FE84E7D4F88C30013BB6
S21400D690B3427FF77FAFB54204EB050805F10109F9
S21400D6A00CDB384688F80070D4F89430C4F89090B4
S21400D6B00133C4F8943026F08AFB6BE74146721BB0
S21400D6C004EB09000FF0D4FB404626F08CFB082044
S21400D6D0013E26F07CFBB542F9DDE2E7022B06D1DF
S21400D6E05B2F01D1032353E784F8982049E7032BE7
S21400D6F07FF450AF413F84F89820032F3FF64AAF9F
S21400D700DFE807F002070A160121204626F010FB84
S21400D71040E74FF0FF31F8E7B542BFF63BAF605D3C
S21400D72026F055FBD4F890300133C4F8903031E73A
S21400D730002D7FF72FAF013D0820C4F89050BAE7C0
S21400D740A1D80300EFDC030008B50248FEF776F820
S21400D750002008BD00B4C40430B58BB06C46174D2D
S21400D7600FCD0FC40FCD0FC495E8030084E8030067
S21400D770134BD3F84C2112031CD5A3F5FE431C888B
S21400D7804FF6FF739C4208BF8C248DF81940FEF7B5
S21400D7903DF9204480F308008DF818000948FBF78F
S21400D7A0E7FD6846FEF79AF83220FEF735F90020C6
S21400D7B00BB030BDD3F85041E4B2E6E7FC7204008B
S21400D7C00080E00F00F049020028ACBF00F1604086
S21400D7D0064B4FEA0111C9B2ABBF00F5614000F03D
S21400D7E00F0080F800131954704700BF14ED00E0D6
S21400D7F008B52EF01BFF0B4B1A7872B901221A706F
S21400D8002EF00FFF6FF0040210460132052152B2CF
S21400D810FFF7DAFF3D2AF7D108BDBDE808402EF035
S21400D82000BF00BF93610020002807DB01234109E9
S21400D830034A00F01F00834042F82130704700BFC3
S21400D84000E100E0054B421153F8223000F01F00C3
S21400D85023FA00F0C04300F00100704700E100E04A
S21400D860002808DB01224309034900F01F0082401C
S21400D870603341F82320704700E100E010B504460D
S21400D8802EF0C7FE024B1C602EF0BEFE002010BD20
S21400D8909C42002010B52EF0BCFE034B1C682EF0F8
S21400D8A0B3FE204610BD00BF9C42002038B50C4693
S21400D8B01546014610B9FFF7EDFF01462B462246F6
S21400D8C003480EF093F90028D4BF3720002038BD57
S21400D8D0813F030008B500F0E3FB18B16A21024857
S21400D8E02EF099FF002008BDA6D8030008B500F06A
S21400D8F049F80C4A536A43F470235362EFF30883E3
S21400D9004FF0CD31084A043B934208D200F070FA3B
S21400D910FFF7E0FFBDE808400448FEF795BD43F872
S21400D9200419F1E700ED00E008000020587104003B
S21400D93007B5042200200DEB02012AF001F90428A5
S21400D94003D0D72104482EF066FF019800F0DCF9DA
S21400D95003B05DF804FB00BFA6D80300082310B58B
S21400D9600C0A41400648C9B241F30002013B02409E
S21400D97013F0FF0382EA5101F6D184EA010010BDDC
S21400D9802083B8ED38B5FEF715FB044625F072FC8B
S21400D990E3072AD401221046114600FA01F3234079
S21400D9A002F1010223D01D4B33F811301C48062B20
S21400D9B0028844881B4920D14FF20F039C4219D19C
S21400D9C0B2F5406F28BF4FF4C0624CF23C330A8079
S21400D9D0438040F201730A889A4201BF124B134AF1
S21400D9E0D2E90001C3E9000115E00021DBE7102AB7
S21400D9F0D2D1DBE74FF4C062E7E740F20725AB423F
S21400DA000AD14FF20F05AC4206D19A4204D14CF22D
S21400DA103C320B80428038BD0B80DAE7C0740400CD
S21400DA20A4680020785C0020A04200209C680020AB
S21400DA30014B1888704700BF785C0020014B18889F
S21400DA40000A7047785C0020044B05481B881A0AB9
S21400DA50B3F5406F38BF00EB82007047785C00205B
S21400DA6090740400044B1888044B020A53F82230C2
S21400DA70C0B203EB80007047785C0020607404003E
S21400DA8010B504462EF0C9FD4FF20F02044B1C8061
S21400DA905A80BFF35F8FBDE8104026F03BBA00BF48
S21400DAA0A46800206D4A2DE9F0416D4B55686D4C19
S21400DAB05D65516A99656C49D1F80002D865D1F860
S21400DAC00412586B1966916A10F0040F5966D16AF1
S21400DAD04FF000009966116BD966516B1967D26BCF
S21400DAE0D8645A67D3E90E1218BF11465F4A9142AE
S21400DAF01A655DD301F12000A04259D88869C5F3A4
S21400DB0008051864CE69062D5E6455D1584DA842A6
S21400DB1052D3584DA8424FD205884DF642608542F2
S21400DB204AD11868C3F890005868C3F8940040F2C9
S21400DB300170A242154604D22E680432B6F1CD3FDB
S21400DB40F7D00022C3E91E22C3E92022C3E922221D
S21400DB50641BDFF81CC1434DDFF818E19C648D425E
S21400DB602DD8D3E91EC7D3E92065D3E922414FF06B
S21400DB70000E013AD2B2FF2A3CD1BEF1000F05D00A
S21400DB80C3E91EC7C3E92065C3E92241B3F8543090
S21400DB90C3F308030C2B3BD8022B54D9DA1E092AF0
S21400DBA051D8DFE802F03157404350505050504DA6
S21400DBB00021C3E910112D494FF42060B9E755F84C
S21400DBC0044D6445CBD37445C9D2E607C7D50026B5
S21400DBD0294F57F8048FA045C1D00136062EF8D13C
S21400DBE032B1013AD2B202F11E0643F82640B6E739
S21400DBF00522F8E7E0464FF0010EBC4637462E46B3
S21400DC0025460C464146B4E740F60120BDE8F081C3
S21400DC103B2B18D1194B9B6913F0020F40F20253AD
S21400DC2018BF1846F2E740F60320EFE740F6042256
S21400DC3040F20173B0F5206F0CBF10461846E5E7BA
S21400DC4040F60520E2E740F60722013B4B2B98BF43
S21400DC501046DBE740F60220D8E700BF00ED00E004
S21400DC600C6800200810002000E100E008000020FA
S21400DC70D042000020CC0300806800200080015ABB
S21400DC8000F00CB800F00AB800F008B800F006B8CB
S21400DC9000F004B800F002B800F000B872B61EF04B
S21400DCA0080F09D01EF0040F0DD0DFF850E0AEE8E4
S21400DCB0FF1F6FF002000CE0DFF840E0AEE8FF1F49
S21400DCC06FF00E0005E0DFF834E0AEE8FF1F6FF0FF
S21400DCD006006946EFF309828EE807008646084884
S21400DCE0084C854501D3A54501D384F30888FFF782
S21400DCF0D9FE84F30888FFF7C3FE00000C680020F6
S21400DD0048000020081000204BF6EF6283B2002B7C
S21400DD1008BF1346044A000C13804FF6CE2308BFF4
S21400DD201846024B18807047C2700020C070002052
S21400DD300B4BB3F900201888002AB8BF80F06200A9
S21400DD4042001A80074AB2F9001013880029BCBFA7
S21400DD5083F4805383F00B035900118058407047BA
S21400DD60C2700020C070002007B5684600F01AF8A0
S21400DD70DDE900010022034B03B05DF804EB26F05A
S21400DD80C5BB00BFA842002007B5009313460A464D
S21400DD900146034826F06EF903B05DF804FB00BFA9
S21400DDA0A84200200249034A0160521A42607047A6
S21400DDB0987100200000012000487047A84200200B
S21400DDC038B5416004462EF024FC0546214604483A
S21400DDD024F067FC2846BDE838402EF015BC00BF8E
S21400DDE0D0420020014824F059BC00BFD042002099
S21400DDF00222014B1A6770470040005070B52EF0A3
S21400DE0008FC174E054617482EF0AEFC3378CBB903
S21400DE1000F046F9044620B128462EF0F5FB2046D1
S21400DE2070BDFFF7DFFF2EF069FD0F4B1C602DF075
S21400DE3041FA0E4B0E4A1860536F43F001035367C6
S21400DE4026F080FB00F028F826F093FB094B002410
S21400DE5018600123284633702EF0D6FBDFE700BF9C
S21400DE609F61002038730400D4420020FC4200204A
S21400DE7000400050D8420020054B1B685843054B15
S21400DE8000F5742000F23F20B0FBF3F0704700BFAF
S21400DE90FC42002040420F00294B2A4AD3F80031AA
S21400DEA070B503F0030313602CF09AFF4FF4C870AC
S21400DEB0FFF7E2FF0022244B24491860244C0B682D
S21400DEC00132D2B20A2A44F8040BF9D1034400EB1B
S21400DED0C00003440B601F4B1F4D1B7813B3184B39
S21400DEE0D3F8003103F00303022B22D0032B23D0F8
S21400DEF0012B17D12CF00CFD024698B1174B184E8B
S21400DF00DC6800231946C4F30B04013404EB8404D4
S21400DF100138E4FB06010EF0EDFBFFF7ADFF2B68C2
S21400DF2003442B601F20FFF7A7FF2B6803442B60DA
S21400DF3070BD2CF037FDDFE72EF07EFBDCE700BF80
S21400DF40008000503C430020004300200443002093
S21400DF5008430020A36100203443002000C0015085
S21400DF6040420F000122154B10B55A67144B154C52
S21400DF701B7813B302202EF0B2FCF0B12DF020FA7D
S21400DF80D8B1A36DD90302D5E36D9A0715D40D4B0E
S21400DF909B6DDB0711D401220B4B1A702EF093FCFD
S21400DFA0BDE81040094B0A4A1860136F23F00703B8
S21400DFB043F0030313672CF091BC10BD00D0005053
S21400DFC0A461002000C00050A16100203043002062
S21400DFD0008000500122014B1A707047A461002097
S21400DFE007B5FFF7C1FE01A8FEF752F89DF8053009
S21400DFF0012B25D1234B9A6DD20311D45A6B6FF3A4
S21400E000162242F4BC1242F4A0625A631A6B22F43F
S21400E010704242F440421A631A6B42F4E0621A639A
S21400E0209DF8043063B94FF000531B68164B1B680D
S21400E030164B1B68164B1B68164B1B68164B1B684B
S21400E040164AD2F8803043F00303C2F8803026F038
S21400E05098FAFFF7CDFBFFF777FBFFF77DFB0DF098
S21400E0600FFEFFF7CBFE00F01BF826F08BFAFFF74B
S21400E0703DFC26F096FA29F093FB03B05DF804EB1E
S21400E08026F081BA00C0005000400020008000202A
S21400E09000C0002000000120004001200080005049
S21400E0A070B52EF0C3FA144E05463478FCB9134BFF
S21400E0B01C60134B1C60134B1C6000F031F80120F1
S21400E0C02DF06CFA2DF05EFA0F4B0246186020B960
S21400E0D028462EF0A6FA232070BD234640F2E731EC
S21400E0E00A480EF007FB0A4B1860012333702846D7
S21400E0F02EF097FA0020EFE7A76100204C4300209F
S21400E10048430020544300205043002018FCFFFFE3
S21400E11044430020014B1868704700BF444300206A
S21400E1201FB50024184B18689A880290D3F806008A
S21400E1309B7A00901548ADF80C208DF804302EF030
S21400E14013FB02A88DF808408DF80C40FDF77CFF05
S21400E150694601208DF80040FDF73AFF1F220C4B60
S21400E1609A615A614FF0B042936A13F00803FBD1EC
S21400E17013620120FDF746FF0A20FFF771FB0A2015
S21400E180FFF752FB04B010BDE974040030730400BE
S21400E1900020005810B52EF049FA4FF0B043044660
S21400E1A05B691A07074A03F0010003F00D0348BF36
S21400E1B040F0020053612DF019F92046BDE81040EA
S21400E1C02EF02FBA0020005821282DE9F3410546ED
S21400E1D004D82C46204602B0BDE8F08100240B4E41
S21400E1E00B4FDFF830800023CDF800801A46194622
S21400E1F0386824F09FFD8442EBD2222CE9D056F8F2
S21400E200043BAB42E6D00134EDE700BF08780400DB
S21400E210C46B0020FFFF0F002DE9F04F644E654DE4
S21400E22089B026F00AFA31682868FCF727FA04460F
S21400E230002827D033680024D3E900019A691268C1
S21400E2409047336804A89B699B6898473368022008
S21400E2509B69DB689847326805985368E7B2B3FB5A
S21400E260F0F3BB42916904F101044ED8CB6800205C
S21400E270984733689B695B68984731682868FCF75D
S21400E280FDF904460027DFF844A1DFF84481DFF8F3
S21400E2904491F4B9484B2868DB5D002B00F083807E
S21400E2A0D8F8006002AB314603AAFCF769FB2D28BC
S21400E2B007D070B9039B012B0BD031462868FCF7BA
S21400E2C0B3FDDAF8003031461A682868FCF72CFDF2
S21400E2D004460137222F0AF1040A08F1040809F15E
S21400E2E00109D6D1B4FA84F3344A5B0913702B685B
S21400E2F01B7C33B126F06DF918B1DB2130482EF0C7
S21400E3008AFA204609B0BDE8F08F12680B6907FB51
S21400E310002098479FE7D8F8003003AA194402ABBC
S21400E3200191FCF72DFB2D28034601992BD0286878
S21400E33013B30BF1010B5FFA8BF18E422868EAD813
S21400E340204BDB5D002BC4D0F3B27E2B2868C0D8F0
S21400E350D8F8003003AA06EB030B594602ABFCF7CD
S21400E3600FFB2D28B5D059462868FCF75DFD013611
S21400E37004460028E8D0ACE7039B7BB999F8002058
S21400E380029B9A42D5D099F80030DAF80020286827
S21400E390FCF7C4FB0028CCD00446D1E70191FCF77B
S21400E3A043FD0199EFE7084BA346DE5DC3E700BFD8
S21400E3B0A46B0020C46B0020E4770400A961002051
S21400E3C049D90300C27704007E770400F474040081
S21400E3D008780400A0770400F8B51F46214B0446D1
S21400E3E01B780D46164623B100F47E23B3F50E2F98
S21400E3F02BD02046FFF7E8FE2128044614D81A4BF7
S21400E40053F82010194B1B78ABB1194B212C186808
S21400E4101DD8184B1B5DD3B13268FCF785FC04464B
S21400E42050B126F0D5F807E0FF2807D93A4631461E
S21400E43080B225F0E1FD00242046F8BD4FF4A97116
S21400E4400D482EF0E8F90021DCE70146DAE77F2DDB
S21400E45008BF00253B46324651FA85F1FCF75EFBC5
S21400E460DDE700BFA861002008780400A96100204D
S21400E470C46B0020E477040049D9030030B5134686
S21400E48000F07E62B2F17E6F8BB00DD10A46C0F30B
S21400E4900B016846FEF71AFA20B140F293110948BC
S21400E4A02EF0B9F90BB030BD5A0826F094F80028C3
S21400E4B0F8D04FF49C7103480BB0BDE830402EF006
S21400E4C0AAB900BFF6D903002DE9F743C7070546EA
S21400E4D00E46144604D540F2E31149482EF09BF947
S21400E4E0E10704D54FF4F27145482EF094F9454BF8
S21400E4F093F80080B8F1000F20D043F260239D42CD
S21400E50008D12246314640480EF0F0FD002003B008
S21400E510BDE8F083C5F30B0705F44055B5F5805FFD
S21400E52014BF4FF40F204FF40E20234632467F21AF
S21400E530384303B0BDE8F043FFF74EBF05F4704321
S21400E540B3F5805F3FD1C5F30B05304A05F17E6514
S21400E550631E2B44934230D82F46DFF8A49007EB77
S21400E5600408474542D1AA070ED04FF6FF7336F887
S21400E570022BA81E43EA024304220DEB020101937C
S21400E580FFF77CFF0235023CA3070ED0023C24F0C6
S21400E5900103F35A04226FEA03436FEA13430DEBB9
S21400E5A0020128190193FFF769FF002CAED022461E
S21400E5B031462846FFF762FFA8E740F2FD111048F3
S21400E5C02EF029F9C8E705F46043B3F5005F04D1DF
S21400E5D0C5F30B0505F53E25BEE740F205210848C4
S21400E5E02EF019F96FF00F074546B6E717F8013B0E
S21400E5F0FF2BB6D04FF4047148462EF00CF9B0E766
S21400E600F6D90300A8610020C4700020FF03E00FC5
S21400E61010B500F077F826F02AF8044618B100F096
S21400E62079F8204610BD00F07BF804460028F6D1A5
S21400E6300122014B1A70F2E7AA610020054B1B78F5
S21400E64033B1054BC0F3130100221868FCF7B0BBCA
S21400E65011207047AA610020C46B0020144B2DE9DE
S21400E660F0411B7805460E461746FBB125F0E6FF3F
S21400E670012805D9841EE4B2012C09D9212412E010
S21400E6803B4631462846BDE8F041002200F052B82D
S21400E69000F038F83B4600223146284600F076F86F
S21400E6A0044600F037F82046BDE8F0811124FAE76A
S21400E6B0AA610020124B70B51B7804460D4616461C
S21400E6C0E3B125F0BBFF012805D9831EDBB2012B81
S21400E6D008D9212410E0324629462046BDE870407D
S21400E6E000F040B800F00EF820463246294625F0E5
S21400E6F0C0FF044600F00EF8204670BD1124FBE76C
S21400E700AA61002008B52DF084FF014B186008BDF3
S21400E71058430020014B18682DF076BF5843002060
S21400E720024B1968024B1868FBF7A8BFA46B0020C1
S21400E730C46B002037B505460C46C0F313010848E5
S21400E740ED02006805D5224603B0BDE83040FCF770
S21400E750E3B8009313462246FCF798F803B030BDA2
S21400E760C46B002030B405461346074A0C46C0F377
S21400E77013011068EA0203D5226830BCFCF7D4BA4D
S21400E780224630BCFCF7CAB9C46B0020F7B5054674
S21400E7900F4614461E461BB92125284603B0F0BD79
S21400E7A00029F9D025F04AFF4BF23462ABB293420F
S21400E7B020D14FF0FF3322466946CDE90033254885
S21400E7C03346FFF7E3FF08220546234968460EF066
S21400E7D049FE38B933462246694641F2F010FFF743
S21400E7E0D5FF0546002DD8D13246694638460EF08C
S21400E7F07DFCD2E741F2F01293420FD1174B31194C
S21400E80008299A6CDB6CC7D8CDE9002332460DEB9D
S21400E810040138460EF06AFC0025BEE702280BD13C
S21400E820C5F30C4332199342B6D3C5F30B0104F17A
S21400E8307E6432462144ECE7032809D1C5F30C4335
S21400E84032199342A8D3C5F30B0104F53E24F0E732
S21400E8500125A2E7021008C0947804000080E00FAB
S21400E86010B528F066F929F0FDF9BDE8104003461A
S21400E87001210220014A02F00BBC00BFA9DA030006
S21400E88013B5D0E9023253F822301C78204628F01F
S21400E89062F92346009001210220024A02F0F8FBAA
S21400E8A002B010BDBDDA0300014B187827F03BBD5F
S21400E8B0AB610020FF232DE9F04F8FB0112200211D
S21400E8C008A88DF813300EF081FA08A826F0EBFEA3
S21400E8D001210220B04A08AB02F0DAFB41F24903FC
S21400E8E0AE4A0121022002F0D3FB06A827F00AF860
S21400E8F008A90DF1130027F010F802200021A84AFD
S21400E90002F0C6FB002027F03FFD10B106A809F074
S21400E91047FE9DF92A3001210220A24A00939DF865
S21400E9202B3002F0B5FB28F000F9831EDBB2FC2B7F
S21400E930054631D8012102209B4A02F0A9FB01249A
S21400E9409A4E9B4FDFF8D0822346324600210220A3
S21400E95002F09EFB05A9E0B228F0E9F8034650B1A4
S21400E960A0F11602012A40F2AA80424601210220A6
S21400E97002F08EFB0CE09DF914303A4601939DF8A8
S21400E98016300121009302209DF8153002F080FB1E
S21400E9900134E3B29D42D7D8BDF8284008F0ECF920
S21400E9A023460021834A0090022002F071FB0220D9
S21400E9B00021814A02F06CFB002027F0E5FC10B134
S21400E9C008A809F0EDFD01217C4A022002F060FB58
S21400E9D028F007F8044628F002F823460121784A72
S21400E9E00090022002F054FB08F09EFE0021022058
S21400E9F0744A02F04DFB9DF81330FF2B65D00021C2
S21400EA000220714A02F044FB01216C4A022002F007
S21400EA103FFB26F087FF012103466C4A022002F0E6
S21400EA2037FB08F081F900210346694A022002F00C
S21400EA302FFB26F07DFF044626F07CFF23460121AF
S21400EA40644A0090022002F023FB2DF0F1FE08F04D
S21400EA5013FF01210346604A022002F019FB00253D
S21400EA60DFF8B88108F008FFECB2A04233D82DF0EA
S21400EA70DFFE0123594A1946022002F009FB002056
S21400EA8027F051FC564B574C0093012100230220DF
S21400EA90554A02F0FDFA236863B1012102201B7873
S21400EAA0524A02F0F5FA2368012102205B78504AA8
S21400EAB002F0EEFA27F03CFC0FB0BDE8F08F012123
S21400EAC002204C4A02F0E4FA62E7002102204A4A99
S21400EAD002F0DEFA98E7494B204603EB0416D6F818
S21400EAE0089008F083FF8246204608F0CBFE444F8D
S21400EAF000280CBFC346BB46204608F077FF0AF046
S21400EB0031FD002808BF4746534600210220CDE9C4
S21400EB1000B73C4A02F0BCFAB37901210293B388ED
S21400EB20022001937388384A0093337B02F0B0FAD0
S21400EB300026DFF8ECB099F80430F4B2A34203D80C
S21400EB402DF076FE01358DE714235C43D9F800706E
S21400EB5002203A5B07EB040A9AF90C3000922B4A23
S21400EB60002132EA230228BF5A461346284A02F0FA
S21400EB708FFA002027F008FC38B150463C5B26F0A0
S21400EB8040FF014620460AF03BFD01210220214AB3
S21400EB9002F07EFA0136CEE7FEDA03000DDB030054
S21400EBA029DB030055DB030030DB030046DB0300F4
S21400EBB04DDB030082DB0300A2DB0300ECDB03007B
S21400EBC0ABDB0300CDDB03009FFC0300D8DB0300B8
S21400EBD0EEDB030004DC03001ADC030093DC030016
S21400EBE0ABDC0300544800209FDC0300B9DC0300C4
S21400EBF0CDDC03006ADB030036D80300884700201C
S21400EC00D5DA030025DC030045DC0300F2DA030056
S21400EC107BDC03004225040075DB0300DDDA03001D
S21400EC20E6DA03002DE9F7430025134EDFF8588097
S21400EC3008F022FEECB2A04202D803B0BDE8F08392
S21400EC402701204616F8079008F01CFE0B4A4B4694
S21400EC50002808BF4246002102200092084A02F01F
S21400EC6017FAF05D26F06AFE01210220054A02F03E
S21400EC700FFA0135DCE700BF88470020DB2B0400D5
S21400EC80E8DC030042250400E52B040008B5836891
S21400EC905A681178C26853F82230A1F165025142D1
S21400ECA05141187808F0A4FF30B9BDE808400121AA
S21400ECB00220024A02F0ECB908BD00BFF3DC0300F4
S21400ECC000210220014A02F0E3B900BF0DDD030077
S21400ECD000210220014A02F0DBB900BF3BDD030041
S21400ECE010B5044686B01822002168460EF06EF86D
S21400ECF0684627F098FAD4E9022052F8203002EB52
S21400ED0080021B788DF80B30516891F900108DF851
S21400ED100A1091680988ADF808106168091A032975
S21400ED2007DDD26803F01F03127843EA42138DF81A
S21400ED300B30684608F0CEF800210346024A02204F
S21400ED4002F0A6F906B010BD57DD030007B5002097
S21400ED5027F0AFFE00210090034B0220034A02F08A
S21400ED6097F903B05DF804FB64DD03006ADD030079
S21400ED7013B5D0E9023253F8221003EB82035B6826
S21400ED80087819680023094CA222994208BF214638
S21400ED90C01A18BF012027F080FE01210090044B06
S21400EDA00420044A02F074F902B010BD00F8FF0710
S21400EDB075DD030083DE030013B5D0E9023203EBF2
S21400EDC0820153F82230D1E901141878FF22003866
S21400EDD018BF01202378096827F05FFE0121009004
S21400EDE0034B0420034A02F053F902B010BD00BFE3
S21400EDF07CDD030083DE030008B5002101230C4AF6
S21400EE0027F0D0FC0A4827F030FA0020094909F01C
S21400EE105FFC002027F0B8FA10B1054809F0C0FBE7
S21400EE20BDE8084001210420034A02F031B900BFC2
S21400EE30DD66002091DD03004225040010B526F0B3
S21400EE407BFD034630B1BDE8104001210420054A91
S21400EE5002F01EB90121BDE810400420024A02F06B
S21400EE6017B900BF9FDD0300B0DD030010B527F023
S21400EE70FEF9BDE81040034601210220014A02F0D7
S21400EE8007B900BFBBDD030010B527F0C2F9BDE827
S21400EE901040034601210220014A02F0F9B800BFE3
S21400EEA0D1DD030037B5D0E90232012453F8223011
S21400EEB04FF6FF701D78FE2204FA05F1002327F0B6
S21400EEC058FE2B46009021460420024A02F0E0F845
S21400EED003B030BDE5DD0300D0E9023253F822303E
S21400EEE01B7823B101210220024A02F0D1B8024A5F
S21400EEF01370704704DE0300AB61002007B5684658
S21400EF0026F000FD07F038FF01210346084A0220DC
S21400EF1002F0BEF8684609F043FB08F0A1F90121AB
S21400EF200346044A022002F0B3F803B05DF804FB7F
S21400EF301ADE030034DE030037B5D0E90245406828
S21400EF4054F82530401B0328D8BF002004EB850466
S21400EF50C8BFE06819786368C8BF00781A78A368E5
S21400EF6093F900300090012027F087FD38B9012181
S21400EF700220084A03B0BDE8304002F089B8064BCC
S21400EF800190009301210220044B054A02F080F80C
S21400EF9003B030BD45DE03004DDE0300910D0400D6
S21400EFA061DE030007B5012027F06FFD48B9009029
S21400EFB001210220084B094A02F06AF803B05DF806
S21400EFC004FB054B0190009301210220044B054AE7
S21400EFD002F05EF8F2E700BF4DDE030078DE0300C5
S21400EFE03A3A040061DE030008B5D0E9023253F86D
S21400EFF02230187827F0FBFC30B9044A0121BDE81E
S21400F0000840042002F044B8014AF7E78DDE03000A
S21400F010A9DE030008B5D0E9023253F8223018887A
S21400F02027F0E3FC30B9044A0121BDE8084004207B
S21400F03002F02EB8014AF7E7C8DE0300F8DE030048
S21400F04073B50378044613F0050F0ED04588062DD9
S21400F05017D1836801215B68174A1B780193838860
S21400F06004200093154B02F013F82378012B20D0D0
S21400F07001210420114B124A02B0BDE8704002F094
S21400F08007B835B98388012104200E4A02F000F83B
S21400F090EBE7012DE9D186680B49002009F018FB43
S21400F0A0304609F07DFA29460420084A01F0F0FFB0
S21400F0B0DBE702B070BD00BF2EDF030025DF0300D4
S21400F0C080DF03004BDF030068DF030042250400F7
S21400F0D02DE9F04F00268FB0364D09AC0FCD0FC48A
S21400F0E02B6801210220344A236001F0D1FF344608
S21400F0F0DFF8DC9026F01AFCF5B2A8420BD826F012
S21400F10015FC23460090012102202C4A01F0C0FF86
S21400F1100FB0BDE8F08F284605A927F052FC03463D
S21400F120002841D19DF81430032B39D904238DF8DB
S21400F13014302B4600210220214A01F0A9FF9DF839
S21400F14014300EAA02EB830300214A4653F8143CFF
S21400F150022001F09DFF28469DF821A09DF815B0DD
S21400F1609DF81870BDF8168027F02DFC5346CDE9A3
S21400F170028000210220CDE900B7124A01F088FF84
S21400F18001340020E4B227F0FFF818B10DF11900A1
S21400F19009F006FA002102200B4A01F079FF01E08F
S21400F1A0002BC6D10136A5E700210220074A01F050
S21400F1B06FFFF7E79C78040092DF03000BE0030084
S21400F1C048DB0300BFDF0300D1D10300E6DF030006
S21400F1D0CAEA0300C3688268013BDBB252F82330F8
S21400F1E002201B78652B14BF00220121044B1BBF95
S21400F1F001211A70034A044A08BF197001F048BF7B
S21400F2003C71002022E0030030E00300D0E9023227
S21400F21053F822301A88014B1A807047C6700020B7
S21400F22007B5D0E9023103EB810253F8213052686A
S21400F2301988054B0548128800930088012309F0B9
S21400F240A3FE03B05DF804FB41F00000C67000208A
S21400F250C3688268013BDBB252F823305B78A3F1C7
S21400F260660253425341014A137070473F710020B3
S21400F27030B5D0E9023253F8223089B01D78012328
S21400F28002AA1946044627F08DFA0123009310239C
S21400F29002210DEB0302204627F065FA284604AA51
S21400F2A002A927F080FC0446002027F06DF818B16C
S21400F2B02146044807F0F0FD0020034909F0EEF966
S21400F2C009B030BD3FE0030042250400002330B5FE
S21400F2D08FB00221009309AA1223054627F043FAAD
S21400F2E005AA014609A807F0B5FB044698B12328ED
S21400F2F005D1134A0121042001F0CAFE09E02128A5
S21400F30001D1104AF6E70346012104200E4A01F017
S21400F310BFFE0FB030BD01232846194603AA27F0CA
S21400F32041FA05A903A827F040FC0546204627F029
S21400F3302BF818B12946054807F0AEFD044AD9E770
S21400F3404CE003006FE00300AAE00300CBE00300FC
S21400F35042250400F0B5D0E9023253F8221003EB40
S21400F36082039B6805461F7887B038460E7826F0DD
S21400F370EBFF044608BBD5E9022101238DF80830CF
S21400F380194452F8210002EB810200888DF80970BA
S21400F3909268ADF80A00127804218DF80C202846F1
S21400F3A00DF10D0227F0FEF9304602A98DF8154042
S21400F3B027F00BFB044626F0BBFF33460121042052
S21400F3C0024A009401F064FE07B0F0BDE0E00300DE
S21400F3D02DE9F04101218EB00220274A01F058FEA7
S21400F3E0002005AB01AA09A927F0D7FB0025044693
S21400F3F0224E234FDFF898801CB128460EB0BDE899
S21400F400F08102202B463246214601F041FE20467E
S21400F41026F0BAFF10B10AA809F0C2F83A46002151
S21400F42002209DF8303001F033FE424600210220D3
S21400F430079B01F02DFE00210220BDF82030114A66
S21400F44001F026FEBDF8143000210F4A022001F01C
S21400F4501FFE013501A826F092FFEDB20121022021
S21400F4600A4A01F015FE284605AB01AA09A927F0AD
S21400F47094FB0446C0E700BF12E1030058E1030016
S21400F48060E10300BEFC030075E1030042250400B2
S21400F4906CE103002DE9F047064698B0C0B926F0A7
S21400F4A043FA074600250EA827F081FB012102201B
S21400F4B0384A01F0EDFD2C46DFF8E080DFF8E090FA
S21400F4C0DFF8E0A0BC4205D3284618B0BDE8F087B8
S21400F4D00127E7E713A827F06AFB002E4CD002238B
S21400F4E006A913A88DF84C30FE2427F052FB0028FE
S21400F4F03FD102A913A827F052FB9DF8593043F0DC
S21400F50001038DF85930002E3DD1234631460220A6
S21400F510214A01F0BDFD9DF859300AA943F00103C8
S21400F52013A88DF8593027F03AFB002026F02CFF60
S21400F53010B114A809F034F80C9B424600210220B2
S21400F54001F0A6FDBDF82820002112F4007F0CBFB4
S21400F5504C23412312F0100F0CBF6E22792202209A
S21400F56000924A4601F094FD06A826F008FF0135F1
S21400F570EDB20134E4B2A5E720460AAB06AA13A909
S21400F58027F009FBB3E752460021022001F080FD78
S21400F590C1E700BF7FE1030058E103006CE1030010
S21400F5A0BBE10300B4E1030030B5012499B00EA816
S21400F5B027F0FDFA13A88DF8384027F096FAC0B960
S21400F5C0BDF84C1011EA040513D121460220444A26
S21400F5D001F05EFD29460220424A01F059FD21460F
S21400F5E002203F4A01F054FD214602203C4A01F029
S21400F5F04FFD06A90EA827F0CCFA20B11022FF2155
S21400F60006A80DF0E3FB04A827F0CBFA059B012122
S21400F6100220354A0093354B01F03AFD9DF8123032
S21400F62001210220324A0093304B01F031FD0021C7
S21400F6302E4B304A022001F02BFD06A826F09FFE36
S21400F64013A827F0B4FA02230AA913A88DF84C30A1
S21400F65027F0A5FA00283FD10B9B0093012102203A
S21400F660254B264A01F014FD0121234B244A022093
S21400F67001F00EFD0120FFF70DFF01211E4B214A70
S21400F680022001F005FD0020FFF704FF044626F0E7
S21400F6904BF923460090012102201B4A01F0F8FC9A
S21400F6A001211A4B174A022001F0F2FCFFF790FEE8
S21400F6B01749022803461748174A28BF0A4608492A
S21400F6C028BF01460092CDE9013102200121134AEC
S21400F6D001F0DEFC19B030BD4FF0FF33BDE700BFD0
S21400F6E042250400CEE103000CE2030004E203001E
S21400F6F01CE203001B0C04009C1A04002FE203000B
S21400F7003FE2030046E203004FE2030063E2030029
S21400F710CAE1030085010400D701040071E203007A
S21400F72010B5D0E9023253F822301C78201E18BFDC
S21400F730012027F0C6F9054A054B0020002C18BF0B
S21400F7401A46BDE81040034908F0A8BF9EE2030031
S21400F75099E20300A7E20300D0E9023210B553F89D
S21400F76022301C88204627F0AEF92246BDE810401D
S21400F7700020014908F092BFE8E2030037B50446CE
S21400F78007F0D2FA014638B100200D4A0D4903B001
S21400F790BDE8304008F082BFE368A268013BDBB2F8
S21400F7A052F8233008481D780123084A00936C2D30
S21400F7B008BF02461023204626F0D5FF03B030BD12
S21400F7C036E303003EE30300257100201571002098
S21400F7D013B583689A681278672A22D101A827F0A1
S21400F7E084F90446A8B9BDF80420174908F056FF66
S21400F7F0BDF80430DA070AD413F0020F134B144A8C
S21400F80018BF1A461349002008F048FF19E0124AAC
S21400F810F8E702461149002008F040FF224610494A
S21400F820F1E7C26801A953F8220003EB82035B6884
S21400F83000681B68ADF8043027F05DF90446002820
S21400F840ECD102B010BD00BF71E3030064E3030017
S21400F850780D040092E3030054E30300A4E30300DE
S21400F860D0E30300034A04491388C85401331380C5
S21400F870704700BF885C0020B161002073B5154D4D
S21400F88001242B78144E13F0040F0CBF022304231C
S21400F890124A21461470328802200192EB5C104A0C
S21400F8A00093104B5B8801F0F3FB002102200E4A08
S21400F8B001F0EEFB0D4B29460093328823460220CA
S21400F8C001F02CFC21460220094A02B0BDE8704037
S21400F8D001F0DEBBB1610020885C0020B061002032
S21400F8E0DFE303007A5C002004E4030026E4030060
S21400F8F04225040070B516464FF48A52114B124D3D
S21400F900DA805980114B1B881A1E18BF012240EA64
S21400F91082000F4A1278003A18BF012240EA02100D
S21400F920287063B103246B701B0AAB7009F088FE65
S21400F930631C2855EE54074B02341C8070BD01240E
S21400F940F4E700BF7A5C0020B1610020865C0020EE
S21400F950AF610020885C002038B5D1E902320C4641
S21400F960054653F82230024619880C4B1878FFF7E4
S21400F970C1FFE368A268013352F82330188824F0E8
S21400F980BAFE4DB1E368A268023352F82330187805
S21400F990BDE83840FFF766BF38BD00BFAC61002049
S21400F9A0F0B50546EB68AA68023352F823300846DD
S21400F9B01C78294685B0FFF7CFFF204626F00DF8C5
S21400F9C0204E214F78B3204626F013F80321441C1E
S21400F9D003AA284623F0F6FE3288E4B2C2F1FF03FB
S21400F9E003991B1B9BB28B4222443CBFC2F1FF0310
S21400F9F003930123032100933A449DF80C302846D4
S21400FA0026F0B1FE039A022C338804BF0F48110A71
S21400FA10FA5408BFC15413441C44348005B0BDE8F2
S21400FA20F040FFF72BBF204607F086FE0123328802
S21400FA3004460093032103463A44284626F093FEE4
S21400FA403388E9E7885C0020B1610020B2610020BD
S21400FA50052307B5012100930220044B044A01F058
S21400FA6017FB03B05DF804EBFFF79EBD0DE4030043
S21400FA7014E4030013B5044627F033F838B1CDE993
S21400FA80004001210220034B034A01F001FB02B0B3
S21400FA9010BD00BF36E303002BE40300194B37B557
S21400FAA01B783BB901210220174A03B0BDE830405D
S21400FAB001F0EEBAD0E90232144C53F8223001219C
S21400FAC01D78638802200093114A2B4601F0E0FA65
S21400FAD0104B25711B78104D63B1012102200F4A8F
S21400FAE001F0D6FA20460E4A298803B0BDE8304019
S21400FAF025F014BD20460A4A298803B0BDE83040E8
S21400FB0025F0CEBDB061002042E403007A5C002000
S21400FB1050E40300AD610020885C002067E4030029
S21400FB20B16100202DE9F041D0E9023253F82210ED
S21400FB3003EB82035A680C7817889A68DB68B2F879
S21400FB400080C6B01D780021304B0220304A009459
S21400FB50CDE9017801F09CFA002D0CBF6E237923C5
S21400FB60012102202B4A01F093FAFF23002D0DF10C
S21400FB70170606AD019320460CBF8023402342465D
S21400FB8039460296009526F06EFA0446002835D1CE
S21400FB90307825F028FF0746B0B1284626F0B3FB9C
S21400FBA01D4BFD28A8BFFD200093234682B20DF111
S21400FBB01901022001F0B2FA01210220174A01F0D1
S21400FBC067FA46B0BDE8F081307825F012FF60B1E4
S21400FBD0284626F09DFBFD28A8BFFD200E4B82B2CE
S21400FBE000930DF11A013B46E3E7307807F0A4FDD9
S21400FBF00B4B0246009329460123DAE700900121C9
S21400FC000220084B084A01F043FADAE7381B0400E2
S21400FC1081E40300A6E40300442F04004225040008
S21400FC2026E4030082ED0300B0E40300D0E90232CC
S21400FC3053F8221003EB82032DE9F04F5A680F7831
S21400FC40B2F800809A68C7B0B2F80090DA681B690C
S21400FC5092F800A01E7800212F4B304A0446CDE9CA
S21400FC6001890220009701F013FABAF1000F0CBFC9
S21400FC706E23792301210220294A009606AD01F061
S21400FC8007FAFF22002128460DF0A0F8304625F09E
S21400FC90AAFE834608B30023052100932046FD23D1
S21400FCA00DF1190226F05FFD2870BAF1000F0CBFA7
S21400FCB0802340234A4641463846CDE9005626F082
S21400FCC09DF90146144807F0E7F801210220154A7D
S21400FCD001F0DEF947B0BDE8F08F304625F089FE2A
S21400FCE060B1FD2305212046CDF800B00DF11A02C3
S21400FCF026F039FD85F801B02870D6E70590304625
S21400FD0007F01AFD059A0346009205212A4620466A
S21400FD1026F029FDC9E700BF2B1B040081E4030081
S21400FD20C1E40300422504002DE9FF471C465B683A
S21400FD30E5685B1B00255FFA83F803952E46FFF700
S21400FD40D9FDEBB298450BD90C9B9B5D282B39D877
S21400FD50202B00F2CB800136F6B2002B40F0C98093
S21400FD60FFF78CFD04B0BDE8F087132A2FD801A159
S21400FD7051F822F03BFE00004DFE00005FFE000042
S21400FD8093FE000061FD000061FD000061FD0000C3
S21400FD9061FD0000CFFD0000CFFD0000CFFD00009C
S21400FDA0CFFD0000CFFD0000CFFD0000CFFD00001E
S21400FDB0CFFD0000CFFD0000CFFD0000DFFD0000FE
S21400FDC0B9FE0000A3F13102D1B21329CDD9013614
S21400FDD0F6B2A3F14102032AC2D8422B6CD06C4F74
S21400FDE000213A88DFF8B0A1C2F1FE039BB2FF2BD8
S21400FDF028BFFF2301320091DBB22046524469B28D
S21400FE0026F08DFC3B880AF803000133184438803E
S21400FE1011E04FF00409E368A2682B4452F823303F
S21400FE201F68F8B209F1FF39FFF71CFD19F0FF094A
S21400FE304FEA1727F5D1013583E7E368A2682B441C
S21400FE4052F823301878FFF70DFDF4E7E368A26850
S21400FE502B4452F82330188824F04DFCEBE7E36877
S21400FE60A2682B4452F823301F68B7F1807F09D26E
S21400FE70F8B2FFF7F7FCC7F30720FFF7F3FCC7F36A
S21400FE800740E0E72B4601210820424A01F000F92E
S21400FE9066E74FF00409E368A2682B4452F8233063
S21400FEA01F68F8B209F1FF39FFF7DCFC19F0FF090B
S21400FEB04FEA1727F5D1BEE7294603AA204623F0C6
S21400FEC081FC0021324F344A3B88DDF80C9002EB6F
S21400FED0030CCAB2914501F1010102D84B443B80A4
S21400FEE0A9E710F802A00CF802A0F2E7242B3FF6D0
S21400FEF070AF013B232B3FF633AF01A252F823F03D
S21400FF003BFE00004DFE00005FFE000013FE0000FA
S21400FF1061FD000061FD000061FD000061FD000064
S21400FF2061FD000061FD000061FD000061FD000054
S21400FF3061FD000061FD000061FD000061FD000044
S21400FF403BFE00004DFE00005FFE000093FE00003A
S21400FF5061FD000061FD000061FD000061FD000024
S21400FF6061FD000061FD000061FD000061FD000014
S21400FF7061FD000061FD000061FD000061FD000004
S21400FF803BFE00004DFE00005FFE000013FE00007A
S21400FF90885C0020DAE40300B1610020094B1B787E
S21400FFA023B101210820084A01F072B8D0E90232D4
S21400FFB053F82230054A1B88012113800820044A82
S21400FFC001F066B8B061002000E50300865C002002
S21400FFD042E50300D0E9023253F82230054A1B7886
S21400FFE00121003B18BF012308201370024A01F0CC
S21400FFF04FB800BFAE61002068E50300D0E90232CA
S21401000053F82230034A1B78012113700820024A54
S21401001001F03EB8AF61002097E5030010B5D0E9C6
S2140100200232044653F82230132219880B4B1878F3
S214010030FFF760FCE368A268013352F823301878B2
S214010040FFF710FCE368A268023352F823301878F1
S214010050FFF708FCBDE81040FFF710BCAC610020BC
S21401006010B5D0E90232044653F82230112219881D
S2140100700B4B1878FFF73EFCE368A268013352F891
S21401008023301878FFF7EEFBE368A268023352F8D4
S21401009023301878FFF7E6FBBDE81040FFF7EEBB0C
S2140100A0AC610020D0E9023253F82230034A1B78B3
S2140100B0003B18BF0123DB0013707047AC610020C2
S2140100C010B5D0E9023253F82230044619880E4B97
S2140100D006221878FFF70EFC0120FFF7C3FBE36842
S2140100E0A268034452F82330188824F004FBE3681E
S2140100F0A268023352F82330188824F0FCFABDE8CF
S2140101001040FFF7BBBB00BFAC6100202DE9F043F8
S214010110D0E902324FF0FD09013253F8221003EB09
S21401012082035A68C7B017889A68B1F800801478B5
S21401013053F8043C002C0DF1170506AE18783A4624
S21401014014BF4023802341460295CDF804900096C3
S21401015025F089FF034638B1184A0121082000F02E
S21401016097FF47B0BDE8F083201E18BF01200A2282
S2140101704146C000FFF7BEFB384624F0BCFA28789B
S214010180FFF770FB4A463146287825F0DAFB04462D
S21401019028B10B4F3D88C5F1FF03984202DD234687
S2140101A0084ADAE7024608483146284425440CF056
S2140101B09DFF3D80FFF762FBD3E700BFCDE503005F
S2140101C0885C0020E9E50300B161002010B5D0E9A4
S2140101D00232044653F82230082219880B4B18784D
S2140101E0FFF788FBE368A268023352F823301878D9
S2140101F0FFF738FBE368A268013352F8233018880A
S21401020024F079FABDE81040FFF738BBAC61002056
S21401021073B5D0E902320546023253F8221003EBD9
S214010220820353F8042C53F8083C0C781988234BA6
S214010230168818780622FFF75DFB0020FFF712FBF1
S214010240304624F058FA2046FFF70CFBEB68AA6804
S214010250033352F82330188824F04DFAEB68AA6865
S214010260043352F82330188824F045FA204609F062
S214010270E7FBE8B9204607F05FFA0521044601903E
S21401028001AA284623F09EFA019B01469C4206D00D
S214010290224631460A480BF087FC02B070BD094D74
S2140102A009482E882246304434440CF0E1FD2C8067
S2140102B002B0BDE87040FFF7E1BA00BFAC610020B4
S2140102C015E60300885C0020B161002073B5D0E913
S2140102D002324FF48A5153F82230104D1A88104BCF
S2140102E0D9805A8000232A4600930121FF2326F055
S2140102F03AFA2B78044613F0040F0A4B08BF01267E
S2140103001B7818BF032613B109F09AF9A855064BB6
S2140103101C8002B0BDE87040FFF7B0BAB1610020A2
S2140103207A5C0020AE610020885C0020D0E90232B1
S21401033053F82230034A1B78003B18BF0123137081
S214010340704700BFAD61002010B50C4608B908F033
S21401035003F9024B18715C7110BD00BF7A5C002076
S21401036002462DE9F341D0E90253526855F82310AD
S214010370D21A0C8805EB8301013BDBB255F82380CA
S214010380294D022A4868C8BF8A682B78D8BFFF2142
S2140103900078C8BF11783BB901210220234A02B078
S2140103A0BDE8F04100F074BEFFF7CEFF06F0E4FCB6
S2140103B01F4F204E3B880146224600931E48334677
S2140103C025F03EFF0246C8B998F804103B885F291D
S2140103D017D1CDE900364FF6FF712046164B25F0B2
S2140103E091F828B1034601210220144A00F050FE7C
S2140103F00023134A2B701380124A137002B0BDE813
S214010400F0814FF6FB718C4208D9CDE900362146C2
S214010410094B4FF6FF7025F0D3F8E2E72146064A6E
S214010420009625F0FFF8DCE7B061002060E60300E7
S214010430885C0020B16100207A5C002067E603003A
S214010440865C0020AF610020002210B50A21044618
S2140104501046FFF74FFA002024F04DF90122044B15
S2140104601A70FFF70BFA2046BDE81040FFF778BF79
S214010470DA66002038B51C4615460123224626F0CA
S21401048091F960B92146284626F055FB044620B16D
S21401049001210420034A00F0FBFD204638BD00245C
S2140104A0FBE700BF8EE603002DE9F0430C46154638
S2140104B01F46D0E9022352F8231002EB8302936809
S2140104C00E8893F80080D3688BB0B3F8009032465C
S2140104D0012106ABFFF7CEFFF0B90DF1200CF4B108
S2140104E001232A884021CDE902C2CDE90471CDE974
S2140104F000932221434606AA304626F08AF90B4B82
S2140105000B4A00930B4B0190002C08BF13460121A8
S2140105100420094A00F0BCFD0BB0BDE8F08362463A
S21401052028686968032303C22246DBE7EDE6030079
S214010530D2E60300CCE60300DAE6030007B50123A2
S2140105406A46002126F02EF96846034908F0C8FDE0
S21401055003B05DF804FB00BF41F00000D0E90232B1
S21401056053F822300149188808F08CBD41F000008C
S21401057010B5D0E9023203EB8201496853F8223004
S21401058009784FF48A52188826F033F9BDE81040EE
S214010590034601210420014A00F07ABDF7E6030074
S2140105A0D0E9023253F8223002214FF48A5210B5B4
S2140105B0188826F010F9BDE81040034601210420F2
S2140105C0014A00F065BD00BF10E703001FB5D0E982
S2140105D0023203EB820153F82230496818884FF43F
S2140105E08A5309880293094B094A0193094B1B78E0
S2140105F000931278084B26F064F901210346042083
S214010600064A05B05DF804EB00F042BD8A5C0020A6
S214010610B1620020B0620020945C002027E703004E
S2140106202DE9F043D0E9023253F8221003EB82039E
S2140106305A680E8817789A68DB688BB092F8009033
S214010640B3F800803246042106AB0446FFF712FFDA
S21401065028BB08AD01232A460521204626F0A2F82C
S21401066038B9042001210F4A00F012FD284625F072
S21401067049F94FF48A53CDE904930023CDE9025397
S21401068003232121CDE9008306AA3B46304626F006
S214010690C0F801210346044A042000F0F9FC0BB01F
S2140106A0BDE8F0833FE703006EE7030038B5D0E905
S2140106B0024303F18043023B02220F4954F8230010
S2140106C09D000CF0CFFE60B90C4B0D491A78042A38
S2140106D00BD82C44A068008821F8120001321A7049
S2140106E038BD084B08491A78F1E70121BDE83840C2
S2140106F00420064A00F0CCBC44130400B16200207A
S214010700945C0020B06200208A5C002080E7030031
S21401071008B5C368806803F18043023B022206499C
S21401072050F823000CF09EFE10B9044B187008BD5B
S2140107300022034B1A70FAE744130400B16200204A
S214010740B062002037B5D0E9023153F821208C0081
S21401075015784268521A012AC5BF1B195B686C09D5
S2140107601C78DCBF44F0180405F01F052946204616
S21401077025F06BFF034640B12346012104200E4AB3
S214010780009500F085FC03B030BD0121A94074B985
S2140107902346FE224FF6FF7026F0EBF901210346B1
S2140107A00420064A03B0BDE8304000F071BCFE22CA
S2140107B041EAC461EEE700BF96E70300B6E703002F
S2140107C070B5D0E9021551F8253001EB85010446D4
S2140107D018884B681A788B68052A1B8802D85E1E13
S2140107E0072E0BD9012104200C4A00F051FCBDE86C
S2140107F07040012104200A4A00F04ABC6468641B68
S214010800032CCABFC9680749096826F0B2F9BDE8D2
S214010810704002460449002007F05ABFD4E703009F
S214010820F4E7030000F8FF0711E8030008B5D0E974
S214010830023253F8220003EB82035968FF22038831
S21401084009684FF6FF7026F094F9BDE808400246A5
S2140108500149002007F03CBF24E8030008B5D0E9B1
S214010860023253F8223005214022188825F0B3FFC2
S214010870BDE8084002460249002007F029BF00BF34
S21401088045E8030008B5D0E9023203EB8201486867
S21401089053F82210027840230988312025F0EEFF14
S2140108A0BDE8084002460249002007F011BF00BF1C
S2140108B066E8030008B5D0E9023203EB8201486816
S2140108C053F82210027840230988332025F0D6FFFA
S2140108D0BDE8084002460249002007F0F9BE00BF05
S2140108E080E803001FB5D0E9023253F8221003EB6B
S2140108F082039B6808881A780023D21A18BF01223F
S214010900CDE9023302A94023D20125F0C6FF012119
S2140109100090044B0420044A00F0BAFB05B05DF8D1
S21401092004FB00BFEDE603009EE8030007B5D0E92F
S214010930023253F8223003214022188825F04BFF5B
S21401094001210090034B0420034A00F0A1FB03B0F1
S2140109505DF804FBEDE60300ADE8030037B5C368B8
S2140109608268053352F8233004211D786A46012334
S214010970044625F017FF38B904200121064A00F085
S21401098087FB684624F0BEFF2B466A4600212046B8
S214010990FFF78AFD03B030BDC7E8030007B5D0E90D
S2140109A0023203EB8201486853F822100278402392
S2140109B00988322025F062FF01210090034B0420B4
S2140109C0034A00F065FB03B05DF804FBEDE60300A7
S2140109D0F8E8030070B585690446EA0705F00206E3
S2140109E005D476B1C5F3072025F0AEFC09E01EB1AB
S2140109F0B2210F482BF00FFFA069C0F3810025F04C
S214010A0092FCE3691BB9BA2109482BF004FF204682
S214010A1014F00EFCE3693EB1607E9847AB0706D042
S214010A20BDE8704025F084BC20469847F6E770BDC7
S214010A300DE9030008B514F0EFFE28B1BDE8084043
S214010A40472102482BF0E7BE08BD00BF0DE90300B1
S214010A502DE9F041FF2B04460F4690461D469DF8B2
S214010A60186005D0FF2E03D0D52111482BF0D3FEF8
S214010A700023FF2D18BFAD000E4A1CBF45F001052F
S214010A80EDB222600C4AC4E9063818BFA561FF2EF4
S214010A90C4E901232361E76007D0A36943F0020399
S214010AA023F47F4343EA0623A361BDE8F08100BF38
S214010AB00DE903005C430020D5090100002310B5B1
S214010AC0054C03610460054CC261C0E90143012382
S214010AD0C160836110BD00BF5C430020D5090100E1
S214010AE070B58669044606F00303032B0D4603D151
S214010AF0FC2114482BF08FFEFF2D16D0B20704D42C
S214010B0040F201110F482BF086FE284625F0BAF870
S214010B10FF28054604D14FF482710A482BF07BFE6C
S214010B202DB204EB4514204670BDF307FBD5A3692F
S214010B3013F00C0FF7D040F20B1102482BF06BFEAE
S214010B40F1E700BF0DE903000023054AC0E90631BD
S214010B5003610260C360034A034B426083607047CF
S214010B605C430020D5090100FD510200014827F031
S214010B70C4BE00BF5C430020014827F0CABE00BFC8
S214010B805C43002013B50E4827F091FE23F036FE95
S214010B9026F05AFE26F07CFE26F086FEFCF748FF7D
S214010BA00446FCF75FFF2346009001210420054A16
S214010BB000F06EFA02B0BDE81040FCF73FBF00BF80
S214010BC05C430020BCE90300022808B503D12BF0E2
S214010BD01BFE014B186008BD8C43002008B50DF0C4
S214010BE05BF90122044B1A702BF097FEBDE8084012
S214010BF002490348FDF7E4B8B3620020D06B002039
S214010C0090430020014B1870704700BFB26200206D
S214010C10024B187808B106F093B87047357100207A
S214010C2008B5074B1B780BB1002008BDFFF7F0FF96
S214010C300028F9D106F05EFC023818BF0120F4E75F
S214010C40B262002070B5FFF7EBFF174D20B1FFF73A
S214010C508DFF0428044613D82B781BB92BF05DFEB4
S214010C6001232B7023F0D8FD0446D8B12B781BB98D
S214010C70F7210E482BF0CFFDBDE87040FFF776BF99
S214010C8023F0CCFD0028E7D02B785BB12BF0C1FC1C
S214010C9006460021012029F027FF30462BF0B4FC40
S214010CA000232B70204670BDB3620020DDE90300EF
S214010CB01FB5FFF7C7FF0446FDF72CFAA04228BF71
S214010CC0204688B103A92AF0FBFA034638B9CDE9D4
S214010CD00000064A039906482BF0B2FD18B18E2192
S214010CE004482BF098FD012004B010BD17480300FE
S214010CF06C430020DDE903000D4B70B51B780D4DEC
S214010D000D4C0121002B0CBF2B46234602200B4A1B
S214010D1000F0BEF90A4B01211B780220002B0CBF04
S214010D202B462346BDE87040064A00F0B1B900BF25
S214010D303571002063130400821304008FEA030058
S214010D40B2620020AEEA030010B5D0E9023253F8D1
S214010D50223002201B780121002B15BF012400241C
S214010D60044A054A00F094F92046BDE81040FFF712
S214010D7049BF00BFCDEA0300EAEA0300D0E9023228
S214010D8053F82230034A1B78003B18BF0123137027
S214010D90704700BF3571002038B50125084B1D701E
S214010DA02BF037FC04462946284629F09DFE2046AE
S214010DB02BF02AFCBDE8384002490348FDF700B88D
S214010DC0B4620020D86B0020B843002070B514F040
S214010DD0A9FD10F0070F1D4D11D02B785BB9012628
S214010DE02E702BF016FC04463146304629F07CFE68
S214010DF020462BF009FCBDE8704014F063BB25F0DB
S214010E009CFE022803D1124B1B78032BE5D914F064
S214010E1089FD18B90E4B1B78032B14D814F052FB1E
S214010E2004460028D9D02B785BB100262E702BF013
S214010E30F0FB05463146012029F056FE28462BF0E8
S214010E40E3FB204670BD4FF0FF34ECE7B4620020B0
S214010E503B6700201FB5FFF7B9FF0446FDF75AF9B7
S214010E60A04228BF204688B103A92AF029FA0346E2
S214010E7038B9CDE90000064A039906482BF0E0FC94
S214010E8018B18C2104482BF0C6FC012004B010BD1B
S214010E90F14C03009843002009EB030010B5094C00
S214010EA00949002007F0FAFB23681B68587924F0EB
S214010EB01FFF23681B68587923F023FF05F066F9A6
S214010EC0002010BD18490020B3EB030008B525F03B
S214010ED024FE024628B1BDE808400020014907F07B
S214010EE0DDBB08BDD6EB030008B525F02CFE024697
S214010EF028B1BDE808400020044907F0CFBB5422C2
S214010F00BDE80840FF2102480BF060BFEEEB03008E
S214010F109E5C002038B504460D4625F018FE0246B4
S214010F2028B1BDE838400020034907F0B7BB034BA2
S214010F3023F8145038BD00BF0CEC03009E5C002063
S214010F402DE9F34100240C4E0C4DDFF838800C4F90
S214010F5056F8043B0BB9D8F8003035F8022B394661
S214010F60009200202246013407F098FB2A2CEFD18C
S214010F7002B0BDE8F08100BFE46B0020F25C002007
S214010F8028EC0300E06B002008B52A21034825F071
S214010F90D6FDBDE80840FFF7D3BF00BFF25C0020D6
S214010FA007B5D0E9023253F822301A78292A0DD82B
S214010FB0084B53F822300BB9074B1B680749002032
S214010FC031F812100091064907F068FB03B05DF88E
S214010FD004FB00BFE46B0020E06B0020F25C002005
S214010FE028EC030008B52A21034825F0AAFDBDE830
S214010FF00840FFF7A5BF00BFF25C002038B5D0E976
S214011000023253F8221003EB82035B680C781D88CA
S2140110100020044907F042FB29462046BDE8384037
S214011020FFF778BF33EC03002DE9F34100240C4EA3
S2140110300C4DDFF838800C4F56F8043B0BB9D8F846
S214011040003035F8022B3946009200202246013442
S21401105007F024FB2A2CEFD102B0BDE8F08100BFD7
S214011060E46B00209E5C002028EC0300E06B00206F
S21401107010B5024623F05BFE20B9044C236811B17B
S2140110801343236010BD23EA0203FAE7906C0020A5
S2140110900CB413B502460C4623F049FE60B9094B61
S2140110A01B681A4208D005A9049801910AF090FD20
S2140110B014B1054826F054FB02B0BDE8104002B05A
S2140110C0704700BF906C002032EF0300034610B556
S2140110D0D3E9023253F8223008461C78211E18BF85
S2140110E00121FFF7C5FF014648B9084A084B02200F
S2140110F0002C08BF1346074AFFF7CAFF10BD0021A0
S2140111000220054AFFF7C4FFF8E700BFDDDA030057
S214011110D5DA030034EF03004AEF03002DE9F0416E
S21401112005461F460C46DFF82C808E18B44201D1C6
S214011130BDE8F0810021284614F8013B069AFFF726
S214011140A7FF002FF2D0424600212846FFF7A0FF56
S214011150ECE700BF6AE103000021024A0248FFF7FC
S214011160ADBC00BFED110100C0430020FF210148C6
S21401117023F036BBC04300200022034BFF21034867
S2140111801A7023F026BB00BFB5620020C0430020C2
S21401119013B5114C2378032B13D8009300230F4A61
S2140111A018460F4907F07AFA237842F21072002B9C
S2140111B008BF0022FF210B4802B0BDE8104023F013
S2140111C0F7BA00220849104607F068FA02B0BDE8EF
S2140111D01040FFF7D1BF00BFB56200205BEF0300F0
S2140111E06DEF0300C043002077EF0300F0B52B4DF1
S2140111F08FB02B7823B309A825F0D9FC022309A8C0
S2140112008DF8243025F0C1FC01AA06469446244BED
S21401121003F11007144618685968083303C4BB4223
S2140112202246F7D105AA17461E4B03F1100E1446A7
S21401123018685968083303C473452246F7D1E6B1E6
S214011240012409A825F04FFC28B9BDF8243013F075
S214011250020F18BF01242B781349002B4FF000030F
S2140112604FF0A00208BF1946204625F016FC90B99B
S2140112702B7801332B700FB0F0BD614609A825F01D
S21401128086FC0028DCD1394609A825F080FC0446F6
S2140112900028D6D0D4E7FFF77BFFECE7B562002045
S2140112A0B0780400C078040000F8FF0710B50020ED
S2140112B0324907F0F3F908220020314907F0EEF928
S2140112C0304B314A1978314B0020002918BF1A4695
S2140112D02F4C304907F0E2F9002025F024F8236866
S2140112E0002B47D01B78022B44D900222A4B1046EC
S2140112F02A4907F0D3F923F061FD29490246002067
S21401130007F0CCF900F0D0F826490246002007F095
S214011310C5F923681B78032B2CD900F0D5F8224990
S2140113200246002007F0BAF900F0DEF81F4902462F
S214011330002007F0B3F900F0DFF81D49024600204F
S21401134007F0ACF900F0A4F81A490246002007F0AD
S214011350A5F900F0D7F8184C184954F820200020B9
S21401136007F09CF900F024F9154954F820200020D4
S21401137007F094F9BDE8104024F0DABF99EF0300B6
S214011380B5EF0300B6620020631304008213040065
S21401139054480020D8EF0300ABDC03009FDC0300B9
S2140113A0F4EF030018F003003CF0030060F00300C4
S2140113B084F00300ABF00300946C0020D2F003002D
S2140113C0F5F0030008B5D0E9023253F82230187858
S2140113D040B10020074907F061F9BDE808408020C8
S2140113E000F034B8044907F059F9BDE808408020F8
S2140113F000F046B818F1030035F10300D0E90232D7
S21401140053F82230034A1B78003B18BF01231370A0
S214011410704700BFB662002018220021094BC3E9BD
S21401142000121A7B0AB9084A9A601A7C12B94FF45C
S2140114307A72DA8140F6B8325A8200229A829A7516
S214011440704700BFE0430020E09304000A4B10B54C
S2140114501B687BB11B78032B02D8B0F5007F09D13E
S214011460064C2368034323606368184202D02BF0BE
S214011470C6F9A08210BD00BF54480020E0430020FA
S214011480024A136823EA000313607047E043002012
S214011490014B1868704700BFE0430020014B986875
S2140114A0704700BFE0430020024B9868FA23B0FB68
S2140114B0F3F07047E04300200122024B98601A7354
S2140114C0704700BFE0430020024BD889FA23B0FBE7
S2140114D0F3F07047E04300200122024BD8811A74D2
S2140114E0704700BFE0430020024B588AFA23B0FB46
S2140114F0F3F07047E0430020014B5868704700BF87
S214011500E04300202DE9F84300244FF00C08104B6F
S214011510104F9D7D104E3988E3B28B4202D3284688
S214011520BDE8F88308FB03F3F05C06EB030924F03F
S21401153001FF50B9FF21D9F8080023F051F920B175
S21401154099F805309D4238BF1D460134E3E700BFD8
S214011550E0430020CA700020186D0020124B10B521
S2140115601B68124CEBB11B78032B02D823689B0532
S21401157017D52BF044F9A38AC01A638A80B2834236
S2140115803EBFD4E900329343236025F050FA08B1F8
S214011590E08910BD2368002BFAD1FFF7B3FF0128BD
S2140115A0F6D0A068F5E700BF54480020E0430020CD
S2140115B0014B987D704700BFE043002038B50446D4
S2140115C00D462BF0CDF9244B1B7813B1204623F0A2
S2140115D0F0FB402C27D006D884B13F2C18D0BDE8AC
S2140115E0384024F0A5BE4C3C0C2CF8D81B4B2341AC
S2140115F0DB07F4D40220FFF743FFF0E74FF4007057
S214011600FFF73EFF0220FFF721FF154B1C71E6E7AF
S2140116104FF40070FFF734FF0220FFF731FF00227E
S2140116200F4B1A71DBE724F006FE0028D7D10C4CCD
S2140116300220237901332371FFF722FF4FF4007054
S214011640FFF704FF2379AB42C9D323F0B3FB00288D
S214011650C5D123F088FBC2E7B6620020FEEEFFFF8D
S214011660F843002010B505F05FFB02280AD125F0EB
S214011670BAF9034630B1BDE81040002202491046CF
S21401168007F00CB810BD00BF81F103000021024A2B
S2140116900248FFF713BA00BF651601000044002098
S2140116A038B5002024F03FFE124B1B6893B11B781F
S2140116B0022B0FD905F038FB022816D10E4C2568EF
S2140116C0FFF74CFFA842206008D0FF2122680B4894
S2140116D023F06EF8BDE8384024F02ABEFF21074803
S2140116E023F07EF80028F5D1EFE7FF21034823F029
S2140116F070F8EFE754480020F8430020004400202B
S21401170002460249002006F0C9BF00BF95F103005A
S21401171010B5234C2348FF2123F05BF820780228DC
S2140117201ED003282ED0012804D02120BDE8104069
S214011730FFF7E6BF1C4B19780029F7D002231B4A96
S21401174023701378052B0EBF00230133DBB29942B9
S214011750137003D1052313700020E7E7052BFBD098
S214011760124B1B78052B02D103232370DDE7104AA9
S214011770104932F8230007F085FC03232370002864
S214011780D4D110BD094B0C4A1878094B03EB8001E4
S214011790897833F8200007F045FC0123EEE700BF07
S2140117A0B762002020440020C0620020377100206C
S2140117B0465D002099190100451901002DE9F04FF9
S2140117C00D46144695B00490112200210FA89946A3
S2140117D0DFF86C810BF0FAFA04EB45030393D9F8B2
S2140117E000301C2B02D0039B9C4202D115B0BDE8F1
S2140117F0F08F0123DFF844A18DF81C3023884C4A72
S214011800ADF81E309AF800304A4D08EB83039B78FA
S21401181028788DF8203013688DF81D00CDF821301A
S2140118205368CDF8253024F085FD049B8DF82900FA
S21401183021882878002B4AD124F04BFA002844D07E
S2140118409AF800300FAA38F8230007A923F0C0FA47
S21401185000283AD024F06AF84FF0000B07460646F7
S2140118601C255FFA8BF2974234D8B7422BD99DF8E4
S2140118701C30032B1AD10FAB0193BDF82130002287
S2140118800421009301202C4B06F08EFD9AF80030BF
S21401189008EB83039978274B187806F001FE9AF82F
S2140118A00030002038F8231024F099FC5DB107A918
S2140118B0304625F08AF8214B05461B78304638F825
S2140118C0231025F084F8C9F80050023487E724F085
S2140118D0F7F9B3E710460BA9059225F072F830B96F
S2140118E09DF82C1031B9059AB74208BF16460BF180
S2140118F0010BB6E7BDF82E00BDF81E209042F6D1CA
S2140119009DF830009DF820209042F0D19DF81C20D3
S2140119108A42ECD1032A14BF082202220DF12101CA
S2140119200DF131000BF09EFD002808BF0025DEE713
S214011930B8620020367100202EF4030037710020B3
S214011940465D002013B503460020114A9C681278B4
S2140119500190052A03D01B78032B00D12CB9012056
S21401196002B0BDE81040FFF7CBBE6268217801AB3C
S214011970FFF724FF217A0120E26801ABFFF71EFF83
S214011980FF21044802B0BDE8104022F01ABF00BF94
S2140119903771002020440020094B1B78052B02D00C
S2140119A00378032B02D00120FFF7AABE8168054AFF
S2140119B00B68054813604B68FF21536022F001BF96
S2140119C037710020B86200202044002038B500247A
S2140119D0114B124D1870124BFF211C702C7006F023
S2140119E05FFD0122032110460E4B06F0DDFC4FF68B
S2140119F0FF712246084624F0F5FB044648B940F636
S214011A00B832FF21084822F0D3FE01232B7020466E
S214011A1038BDFFF775FEFAE736710020B762002081
S214011A20C06200204225040020440020144BF0B57B
S214011A301A68144913680978587988420BD11249F3
S214011A40D78808460022114D1E792B78D4B2A342BE
S214011A5003D8052C0AD10020F0BD0C88BC4202D167
S214011A608C78B442F7D001320431EFE7A342F2D1C9
S214011A7020F82270013300EB820086702B70EAE7B3
S214011A801849002036710020465D0020C062002003
S214011A90FF2307B50021044A04480093FEF7D8FF48
S214011AA003B05DF804FB00BF1117010020440020BD
S214011AB01FB5B42303210446ADF80E3024F000F917
S214011AC098B1212320460093002203210DF10E0335
S214011AD024F0A5FA04460020054B064A0649009460
S214011AE006F0DCFD204604B010BD8624F3E700BFF7
S214011AF0BFF10300CCF10300E1F10300D0E90232AB
S214011B0053F82230034A1B78012113700220024A3F
S214011B10FFF7BEBA4F710020F0F103000122014B1E
S214011B201A7070474F7100200A4B90F805111B7808
S214011B3090F8082119448A42BCBFB2FBF3F103FBBB
S214011B4011234FF0FF32B8BFDBB202FA03F380F87D
S214011B500A3170474F7100202DE9FF410446057F89
S214011B60867EDFF870806E43237F98F8002013444A
S214011B709D4212DB607F60B9238B029363690193F8
S214011B80237C00936288A31D217805F095FDFF2331
S214011B902370002004B0BDE8F081E37EAB42E9D9B2
S214011BA0A77E228BF1199142A4BF921BD7B205EBF7
S214011BB00323E3813A4633462946204623F022F999
S214011BC00028E7D1637F3744013301356377BEB21E
S214011BD0EDB2C9E74F71002037B5054624F023FF63
S214011BE00D4B04461B6869461B78032B82BF0B4BC3
S214011BF01B881B18284688BF9CB224F09CFF38B966
S214011C00684624F012FF18B9044B1B8823449CB283
S214011C10204603B030BD00BF54480020CE700020DF
S214011C20084B1B78FF2B0BD1074B1B78FF2B07D1DB
S214011C30064B1B78022B03D04FF48070FFF720BCB5
S214011C40704700BF9C6C0020704500204044002077
S214011C5010B50446FF2122F0BCFD054B9C4202BF95
S214011C600023A4F588742370BDE81040FFF7D8BFA1
S214011C70504500202DE9F0479A462A4B81461B78AD
S214011C8088461646BDF82050002B49D0FF2D3ED978
S214011C9038252846BDE8F087234B0C223146A01D87
S214011CA0636184F80090A4F802800BF0E1F8A28941
S214011CB0414642F4004242F040022046A28123F00F
S214011CC0B3F82A46514660690BF0D2F841464846B9
S214011CD0A21D258324F0FBFBA0760028D8D005445E
S214011CE0013DB5FBF0F0FF28D2DC0023E07620466C
S214011CF0A383FFF731FF054680B923794FF480703F
S214011D00B372FFF7A3FB227C099B1A80C1E7074C3D
S214011D102778FF2FC0D040F60345BAE72770F2E7D1
S214011D200225B6E74F710020C262002070450020F0
S214011D30B0F9063010B5002B25DA144C2278237C36
S214011D40FF2A02D0827A9A4207D0114C2378FF2BC1
S214011D5017D0827A237C9A4213D169B9637F013BFB
S214011D60DBB263775BB90B4A237F127820461344B4
S214011D702377FFF7F1FE0146204623F064F8FFF7CC
S214011D804FFF012010BD0020FCE700BF704500207A
S214011D909C6C00204F7100202DE9F04F9A46B1F956
S214011DA0063091B0002B0D461746DDF8688004908A
S214011DB080F22981B8F80030FF2B04D94FF4B871AE
S214011DC0A6482AF028FDA64B00241A7893F80401A9
S214011DD0B3F80211002A40F0A5802E7AA14A1278A3
S214011DE0B24240F2AF800222A3F802711A70AA7AB8
S214011DF0FF2483F804210022A3F8084183F8052173
S214011E00A3F80621B8F80020954883F80C21FFF7BF
S214011E108BFE3846FFF7E0FE214600EB4002924873
S214011E2022F0C6FC4FF48070FFF710FB8C4C94F840
S214011E300A91B9F1FF0F20D18A4A94F80531127838
S214011E401344B34219DC94F80C1184F80531B4F844
S214011E500631204601FB0233A4F80631FFF764FE83
S214011E600122824B38461A70FFF7B6FE494600EB50
S214011E70400204F5887022F09BFC94F80531B342C9
S214011E8060D8DFF8E0B19BF800C00CEB0302964285
S214011E9058DA764994F808210878013A002853D090
S214011EA0964205DAB8F8002084F80C2100220A7060
S214011EB0B6FBFCF901220CFB196994F80A015FFADA
S214011EC089F902FA09F2D1B2024076B92889000AE4
S214011ED0844584F8080108D92046CDE906210593F2
S214011EE0FFF722FEDDE90621059B94F80A0101436E
S214011EF084F80A1182B994F80921B4F806C10132AE
S214011F0084F80921B8F80020DAF800100CEB02007A
S214011F10FF2826DD0323237094F80831013B9E42F7
S214011F2030D138E0AE7A864202D18F4200D11C46CB
S214011F302E7A002C7FF47BAF002A3FF44FAF012AA4
S214011F403FF44CAF01205FE09642B1DA94F80C11F1
S214011F5098F800209142ABD004F58870FFF778FE20
S214011F60F0E794F80CE1F31A0EFB03C3A01C10FA79
S214011F7083F005920AF07CFF94F80831059A013B3C
S214011F809E4244D0012394F80A2103FA09F3013B47
S214011F901343FF2B04D122462946384622F045FF3B
S214011FA094F8083194F809219A42CBD19BF8003075
S214011FB0B2FBF3F103FB112212F0FF0218BF134626
S214011FC02278022A26D1264A02341078517801282E
S214011FD004BF01315170012224F8022CEA88B4F8BA
S214011FE0041122F04002EA8094F809210A44591E9D
S214011FF094F80A3113FB01F31344A8F80030CAF829
S2140120000040FFF70DFE002011B0BDE8F08F84F808
S2140120100B21C0E76979002994D0032A92D1B4F83C
S214012020062194F80B1108AE11445A1E94F80C318F
S214012030284613FB02F30B4400219BB2A21CA8F80E
S2140120400030CAF80020CDE900710296049907F025
S21401205005FD8921304624F037FA7DE717F20300A3
S214012060404400204F71002050450020C1620020EE
S21401207013B5044618B101280BD002B010BDFF23DA
S21401208001460093064A0748FEF7E2FC064B1C7021
S214012090F3E7FFF743FDFF22044B1A70EDE700BF9D
S2140120A0511C01005045002040440020704500208E
S2140120B013B501A909F04AFE044648B9BDF8063031
S2140120C09DF80420034906F0E9FA204602B010BD47
S2140120D08120FBE7CAF2030013B5694609F042FE08
S2140120E0044688B9BDF802309DF80020074906F07D
S2140120F0EFFA2046019906F043FA2046044906F015
S214012100CDFA204602B010BD8120FBE7EEF20300B7
S21401211014F3030037B5694609F048FE044618BBB8
S2140121209DF801309DF80020104906F0D1FA104DB7
S2140121309DF80120E3B29A4206D800200D4906F028
S214012140ADFA002003B030BD0198630003F4FF73BD
S21401215002220021184424F0D0F829460246002025
S21401216006F0B6FA0134E3E78120EBE716F3030045
S21401217045F303004225040013B501A909F0ECFD5F
S214012180044648B9BDF806309DF80420034906F018
S21401219085FA204602B010BD8120FBE74FF303000D
S2140121A030B500240B4D85B06946E0B224F009FC39
S2140121B050B99DF80030032B06D12946BDF80530ED
S2140121C09DF8012006F06AFA0134202CECD105B006
S2140121D030BD00BF76F3030008B50020034906F0C2
S2140121E05DFABDE80840FF2000F0DEBA88F3030080
S2140121F02DE9F04F85B006460D46174622F063FEE0
S214012200044640B130463A46294622F046FE0020B2
S21401221005B0BDE8F08F4FF003094FEA15285FFAC5
S21401222084FA6946504624F0CCFBB8B99DF800B054
S214012230BBF1000F12D1694650468DF800908DF81B
S21401224005508DF806808DF8016024F0BEFB02462D
S2140122500028D7D05846064906F020FA0134202C2B
S214012260DDD10020034906F019FA8920D0E700BF26
S2140122709DF30300C4F303001FB5002304468DF845
S2140122800F3022F00BFE28B19DF80F3063F07F036C
S2140122908DF80F30182301930DF10F0300220093E0
S2140122A004214023204623F0A9FE024618B100204F
S2140122B0024906F0F3F904B010BD00BFDFF30300D6
S2140122C01FB502A909F060FD044688BBBDF80820C9
S2140122D0184906F0FDF92046039906F051F9204603
S2140122E0154906F0DBF94FF6F672BDF80810134CE7
S2140122F04B1E9BB2934219D82368039A1B685879E0
S214012300FFF776FF23681B79012B0BD8BDF8083041
S2140123100022CDE900030421094B092006F044F808
S21401232024F0CCF86FF0FF0004B010BD8720E9E779
S2140123308120F9E7FEF3030014F303001849002097
S21401234015F4030070B504468AB005AD11220021CC
S21401235028460AF03BFD204604A909F009FD04467B
S21401236000283AD11E4EBDF810201E4906F096F9F7
S21401237032681379012B28D84FF6F670BDF8101085
S2140123804B1E9BB2834224D81368587922F09BFDDA
S21401239008B333682A461B68BDF81010587922F036
S2140123A07BFDBDF8103001220421CDE90043092050
S2140123B00D4B029505F0F8FF24F080F8034620B196
S2140123C000200A4A0A4906F069F96FF0FF000AB0D0
S2140123D070BD8724E5E78B24E3E78120F7E700BF9C
S2140123E01849002018F403002DF4030031F403000B
S2140123F03CF403002DE9F0479AB004A909F0D0FC9B
S2140124000446002840F0B5809DF810205B4906F090
S2140124105FF925465A4E9DF81020EBB29A4254D8E1
S2140124200020584906F03AF99DF81050002D40F06A
S21401243099802C462E46544F06A9F0B224F0C1FAD4
S214012440C8B99DF81830032B15D13B689DF81920A3
S2140124501B685B799A420ED19DF81D2005F1680331
S2140124606B4403F8402C9DF81E200235013403F816
S2140124703F2CEDB2E4B20136202EDDD19DF81030AE
S2140124800BB1002C77D00AABCDE90143FF23022222
S2140124900421009309203D4B039505F085FF24F0A8
S2140124A00DF8034660B19DF81020002A5FD0384A27
S2140124B03849002C08BF0A460020374906F0EEF8D6
S2140124C06FF0FF001AB0BDE8F08705986B0003F4C3
S2140124D0FF7302220021184423F00FFF3146024603
S2140124E0002006F0F5F8013595E70598730003F42A
S2140124F0FF7302220021184423F0FFFE00278046C6
S2140125005FFA80FA06A9F8B224F05BFA00BB9DF8E0
S2140125101830032B1CD1D9F800309DF819201B6800
S2140125205B799A4214D19DF81D30534510D19DF820
S2140125301E30C8F307229A420AD105F168036B449C
S2140125400235013403F840AC03F83F2CEDB2E4B297
S2140125500137202FD6D101369DF81020F3B29A42CA
S214012560C3D88BE70025DFF820902E46F4E7084A0B
S214012570A2E78120A6E78B20A4E700BF96F403001C
S21401258045F303004225040018490020B5F4030072
S21401259067F4030085F40300B9F403002DE9F04362
S2140125A089B002A909F0EAFB0446002867D1BDF804
S2140125B00820344906F072F84FF6F672BDF8085056
S2140125C0DFF8D4906B1E9BB2934254D8D9F80030F2
S2140125D029461B685F79384622F075FC00284CD0E6
S2140125E026465FFA86F8404603A924F0EAF928B998
S2140125F02946384603AA22F053FC20B90136202E7C
S214012600EFD14FF0FF08404624F0D9F9014658BBF8
S214012610112203A80AF0DAFB2946384603AA22F05B
S2140126203CFCD9F800301A79012A18D81B68BDF885
S2140126300810587923F022FEBDF808300322042141
S214012640CDE900430920104B05F0AEFE23F036FF1E
S214012650034620B100200D4A0D4906F01FF86FF021
S214012660FF0009B0BDE8F08302460A49002006F0E3
S21401267015F80124D5E78724D3E78B24D1E78120F9
S214012680EFE700BFDBF4030015F4030019F50300C0
S2140126903CF40300F2F40300184900202DE9F0434E
S2140126A0DFF894800020D8F8003021491B688BB0F1
S2140126B05E79002505F0F2FF01275FFA85F94846A5
S2140126C001A924F07EF9044690B99DF80430032B45
S2140126D00ED19DF80530B3420AD1484624F06FF971
S2140126E00146A0B102461349204605F0D7FF27460A
S2140126F00135202DE1D1D8F8003000211B6858792A
S21401270023F0BCFD87F001000BB0BDE8F083112279
S21401271005A80AF05BFBBDF809403046214605AA2C
S21401272022F0BBFB2146304623F0A8FDE0E700BFC0
S21401273026F50300F2F403001849002037B5694670
S21401274009F028FB044638BBBDF80020134905F004
S214012750BFFF134D2046019905F012FF204611498F
S21401276005F09CFF2B681B68587923F096FE70B124
S2140127704FF6F672BDF800104B1E9BB2934209D875
S2140127802B68019A1B685879FFF732FD04462046EC
S21401279003B030BD8724FAE78120F9E73AF5030054
S2140127A01849002014F303007FB505460024E6B25D
S2140127B06946304624F005F9A8B99DF80030032B88
S2140127C011D19DF80130AB4204D0FF2D0BD19DF8FD
S2140127D00D3043B9304624F0F2F8024618B1002015
S2140127E0034905F05BFF0134202CE0D104B070BD35
S2140127F0F2F40300034B1B681878012808BF022077
S214012800704700BF54480020D0E9023253F8223006
S2140128101A78024B1A7000F0E7BA00BFC1630020B5
S21401282070B5D0E902456B1EDBB254F823000322D3
S2140128301B490AF017FE54F8253004EB8504197875
S21401284063681A78A2F10B030F2B05D915490020EE
S214012850BDE8704005F022BF01290FD1124C91400E
S214012860236840B90B43114A23600020BDE870403D
S2140128700F4905F013BF23EA0103F4E702290CD13F
S21401288001230C4903FA02F20B6818B913430A4AEA
S2140128900B60EAE723EA0203F9E70A460749D6E7A7
S2140128A05EF5030062F50300C06C002078F50300B6
S2140128B080F50300BC6C002093F503009DF5030032
S2140128C007B5D0E9023103EB810253F821300B49F9
S2140128D01B785268012B0A4B08BF0B4612684FF053
S2140128E000001A600092074A074B084918BF1346B2
S2140128F0074A05F0D3FE03B05DF804FBC06C002068
S214012900BC6C0020B8F50300B0F50300C2F5030067
S214012910E078040038B5254A254B264C0020264988
S21401292005F0BCFE0020254905F0B8FE22682449C2
S214012930002005F0CDFE2068224C234D05F088FED0
S2140129402146002005F0AAFE2A682049002005F04D
S214012950BFFE286805F07CFE2146002005F09EFE9D
S2140129601B4B1C491A781C4B002053F8223005F0EB
S21401297095FE00F00DF919490246002005F08EFE7D
S214012980174B00201A78174905F088FE164B174991
S2140129901A78002005F082FE04F0C6F9BDE838403A
S2140129A002461349002005F079BE00BFE078040016
S2140129B0DCF50300C06C0020E3F50300EBF5030033
S2140129C0F9F50300ECDB0300BC6C00200AF60300FB
S2140129D0EF6300201BF60300C46C00202EF60300F4
S2140129E0D463002042F60300D363002054F60300AC
S2140129F066F6030007B500F071F8054B0090054A2E
S214012A000020054905F04AFE03B05DF804FB00BF4F
S214012A107CF60300E0780400E1F10300F8B5044613
S214012A200B4F0C4E0C4D00200C4A0D4905F036FE9E
S214012A3020463B7829783278F4F76EF900233B700C
S214012A4033702B70FF21BDE8F840064821F0C1BE67
S214012A50EF630020D3630020D4630020E0780400F5
S214012A6081F603009045002037B51248FF2121F07A
S214012A70B0FE114B187810F0100505D0002003B0F9
S214012A80BDE8304003F01CBF0121B42004F0C6FAB3
S214012A9004460A4B0A4A0B490090284605F0FEFDFB
S214012AA02046FFF7BBFF4FF4806003B0BDE830401F
S214012AB0FEF7E6BC90450020EF63002098F6030081
S214012AC0E0780400E1F103000021024A0248FDF724
S214012AD0F5BF00BF692A01009045002008B5054BE7
S214012AE01B7823B11720FFF799FF002008BD0220AD
S214012AF0FCE700BFEF63002010B550B1054B00F1B5
S214012B00100250F8044B904243F8044BF9D1024BA3
S214012B10197010BDD5630020E563002037B5174D49
S214012B2004462B78DB0626D50090154B0020154A67
S214012B30154905F0B3FD1E2C0BD0652C09D0032CCE
S214012B4019D0002023F0B5FF40F61C40FFF766FFC2
S214012B500DE023F0D6FF4FF4FA63B0FBF3F202FB6D
S214012B601300C218FF21094892B221F021FE2B78EA
S214012B7023F010032B7003B030BD00BFEF630020BD
S214012B80B1F60300E0780400E1F10300904500206F
S214012B90014B1879704700BF5A5D002070B54C4E46
S214012BA08EB0337803F0FB02A3F10905022AEDB2D9
S214012BB058D0042B41F6041257D0A3F108014B421A
S214012BC04B415B0013434348ADF80C3022F0ABF9A0
S214012BD048B9414B3F4A03F1100153F8040B8B42AD
S214012BE042F8040BF9D13D4B1B78002B3FD03C4BF0
S214012BF00DF10E0203F1100153F8040B8B4242F85B
S214012C00040BF9D103A823F074FF2328044610D13E
S214012C10012D49D80020334A334905F03FFDBDF860
S214012C200C3003A823F40053ADF80C3023F061FFF9
S214012C300446002C41D14FF40C7023F058FF044693
S214012C4000283AD103F0FAFE012D36D8274A01AB07
S214012C501068516803C3264901A823F0A6FF78B37C
S214012C6019242AE043F60412A7E70223AAE73378D9
S214012C70042B0DD0082B0BD01E4B0DF10E0203F1C9
S214012C80100153F8040B8B4242F8040BF9D1B9E753
S214012C90104A0DF10E0302F1100152F8040B8A429C
S214012CA043F8040BF9D1ADE7337803F0FB03022BAD
S214012CB003D10020104905F0F1FC20460EB070BD8E
S214012CC0044901A823F071FF04460028C8D1F4E79F
S214012CD0EF630020C36300207EF70300E563002056
S214012CE0D5630020E0780400D5F603008FF70300D3
S214012CF0D078040098F7030030F7030070B500267B
S214012D0086B00446252023F0DAFE16220021164856
S214012D100AF05CF8154B1E60154B1878FFF76AFD34
S214012D20022814BF0123042303208DF8083023F062
S214012D3014FF04238DF810300E4B02A8059303945C
S214012D4003F030FD05460C4B0C4A19680C4B304617
S214012D50A14208BF134600940A4A0B4905F09EFC9F
S214012D60284606B070BD00BF5A5D0020B045002061
S214012D70EF6300205D300100C06C0020B0F5030059
S214012D80B8F50300E0780400A9F7030008B5134A74
S214012D901378042B09BF124B01331B78C3F10603CA
S214012DA0DBB2137003F0FD02092A04D11720FFF7E6
S214012DB035FE172008BD0A4A1278002A14BF0522DC
S214012DC006229A4207D1074B18680028EED0FFF773
S214012DD095FF4D20EEE70020ECE700BFEF630020F3
S214012DE0E5630020BC6C002073B51E4C1E4E2368A4
S214012DF03268134334D01D4B1B6853B31C4D2B78DC
S214012E003BBB03F091FFF8B94FF48060FEF71EFB61
S214012E10184B24681B7894B1C3F102032B7003F09E
S214012E2047FD2046FFF76AFF04460020124B134A6F
S214012E301349009405F032FC204602B070BDC3F180
S214012E40060334682B70EAE70121B42004F0E6F8A3
S214012E50EAE70020094A0B4905F020FC0224E4E7D2
S214012E600224E9E7C06C0020BC6C00205448002016
S214012E70EF630020E5630020F1F70300E07804002B
S214012E80E1F10300D7F703002DE9F347384D394E3A
S214012E9000202A792B88384905F000FC3268287909
S214012EA022FA00F010F0010002D1344905F0F6FBD9
S214012EB0334F3C783CB10822324933480AF0D2FA03
S214012EC0041E18BF0124DFF8DC80DFF8A490DFF8C9
S214012ED0B4A014E098F8000049460130C0B288F862
S214012EE0000023F0DEFD002835D13C783CB10822F5
S214012EF0514625480AF0B6FA041E18BF01242A795D
S214012F003368D340DB07E5D5002CE3D100922B884C
S214012F101E4A1F49204605F0C1FB1E4B1878FFF7D5
S214012F2069FC01230322124923F0C1FD1A4A054612
S214012F3013780133137010B902B0BDE8F08720464C
S214012F402B46124A154905F0A9FB284602B0BDE8F2
S214012F50F047FFF763BD0020114905F09FFBFFF71F
S214012F6015FF0028E8D102B0BDE8F04700F01CB814
S214012F705A5D0020B0450020F7F7030028F803004B
S214012F80EE630020E6630020685D0020E078040020
S214012F90F7F80300EF630020D363002098F80300DE
S214012FA0C1F80300C26300202DE9F041214C224DF7
S214012FB02378002055F82330204A214905F06EFB7E
S214012FC0FFF7ECFD03461D4E1E4FDFF874802BB94C
S214012FD02378042B15D8B3B91B4B15E03246394676
S214012FE0002005F05BFBFFF7D1FE00BB23783246DD
S214012FF055F82330414605F051FBFFF7CFFD034658
S214013000E5E7092BE8D1114B00201B68104A11494E
S2140130101360114B187023F044FD20B1BDE8F04158
S2140130200120FFF7FBBCBDE8F041FFF72DBFBDE86F
S214013030F08100BFEF630020C46C0020E07804003C
S21401304017F9030024F90300BC6C0020C06C0020B3
S214013050B04500205A5D0020C263002070B51C4CAC
S21401306023789BB3838913F4407F2FD0056835B14D
S2140130702A46BDE870400020164905F00FBB23F034
S2140130800EFD154E03463070144A2846144905F0C5
S21401309005FB33781BB1BDE87040FFF785BF237889
S2140130A0082B0CD8042B0CD80E4B1B78C3F1060347
S2140130B023700D4BBDE870401868FFF71FBE0A2B42
S2140130C0F2D1BDE870401820FFF7A8BC70BD00BF64
S2140130D0EF6300204FF90300D4630020E07804007A
S2140130E07CF90300E5630020BC6C002030B5464D3A
S2140130F003460446454A0020454987B005F0CEFA06
S2140131002B782BBB01A823F052FD022301A88DF8D2
S214013110043023F03AFDB0B93E4901A823F037FD4B
S21401312088B1152C0FD123F0ECFC47F23153B0FBDC
S214013130F3F202FB130000F51C50103080B203F0CE
S214013140BFFB07B030BD162CFBD103F0F3FBF8E74D
S214013150152C2AD100202D4A2F4905F09FFA2B78ED
S214013160042B11D0082B0FD02C4B1B78DA070BD46D
S21401317001A823F0B8FC18B9BDF804309B0703D4A6
S2140131802B7843F010032B7023F0BBFC4FF4FA634B
S214013190B0FBF3F2FF2102FB1300C218204892B2E3
S2140131A007B0BDE8304021F003BB23F0DCFC044649
S2140131B00028C6D12B78013B092B1ED8134A194982
S2140131C005F06CFA184A194913780133D8B2107011
S2140131D023F067FC60B12046154905F05FFAFFF75A
S2140131E0D5FD0028ADD107B0BDE83040FFF7DCBE05
S2140131F007B0BDE83040FFF747BE40F61C4007B0B9
S214013200BDE83040FFF70ABCEF630020E078040019
S214013210A0F90300D0780400B7F90300C1630020C9
S21401322090450020CAF90300C26300205A5D0020C1
S214013230C1F803002DE9F0410B4686B004460E4660
S21401324017463A490246002005F028FA4FF00008D2
S2140132500123CDE901380DF11603009342464023C0
S2140132600621204622F0FFFE054640B102463049BF
S214013270404605F013FA284606B0BDE8F0819DF8F1
S21401328016202AB936B900202A4905F007FAF2E7CE
S214013290012EF8D082F00103002027498DF817305F
S2140132A005F0FCF99DF817300DF1170633B310231E
S2140132B00022CDE9006306214023204622F09EFE2F
S2140132C0064630B1324600201C4905F0E7F935467E
S2140132D0D1E74FB90821204622F0F2FC20B1204662
S2140132E09DF8171022F0CBFF0521204622F0E8FCBE
S2140132F00028C0D0204622F0BFFFBCE74FB9082106
S214013300204622F0DDFC20B120469DF8171022F061
S214013310B6FF10230022CDE9006306214023204694
S21401332022F06CFE06460028DED0CBE7F9FB030050
S21401333015FC03002EFC03004EFC03006EFC03008C
S214013340002208B5034B11461B681B685879FFF726
S21401335071FF08BD1849002008B5044B00221B6800
S21401336001211B685879FFF765FF08BD1849002041
S21401337008B5044B00221B6802211B685879FFF729
S21401338059FF08BD1849002010B50123002488B054
S21401339001A88DF80430CDE90244F5F7BDFB2046BF
S2140133A09DF80420124905F079F92046039A11493F
S2140133B005F074F92046029A0F4905F06FF91022BC
S2140133C00E4B0DEB0201188840F0604040F480106F
S2140133D0FBF744F920460A4905F07AF904A822F0D9
S2140133E0CEFF2046074905F059F908B010BD00BFC9
S2140133F087FC0300A6FC0300C5FC030090780400CC
S214013400E4FC03004225040008B521F0BDFD0020C0
S214013410024905F043F9012008BD00BF01FD030084
S2140134200023054A8360C360044BC0E9002311B141
S2140134304FF6FF730B80704749102EAA0030081113
S21401344010B5044660B10020064905F027F9052CA1
S21401345006D002F0CBF904490246002005F01EF919
S214013460012010BD15FD030026FD030037B5002120
S2140134706A4601AB054621F048FE044668B10022C3
S2140134800F49104605F00AF902F0B0F90D49024657
S214013490002005F003F903B030BD0B4905F0FEF836
S2140134A0012020F087FD01F099FF431C02D007F0B0
S2140134B09DFFF0E721462846FFF7A6FFEBE700BF92
S2140134C04FFD030026FD030097FD030038B50546B2
S2140134D001F084FF044622F09BFE4DB100200E4908
S2140134E005F0DCF8631C14BF2046002007F040FFFF
S2140134F021F058FD0228044605D0012805D10020F8
S214013500064905F0CBF8204638BD0020044905F0F1
S214013510C5F80024F7E700BFB4FD0300CEFD0300A5
S214013520E7FD030008B50020034A044905F0B6F894
S214013530BDE8084000F050BD910D040000FE0300F8
S21401354008B50020034A044905F0A8F8BDE808407C
S21401355001F0CAB91FFE030000FE03001FB5D0E943
S214013560023253F8223068461C78214601F0D0FB1F
S214013570684601F073FC28B92246044905F08EF826
S21401358004B010BD6846FFF771FFF9E725FE03009A
S2140135900020014905F082B841FE03007FB50DF118
S2140135A0060102A8FFF73CFF0020264905F076F841
S2140135B00020BDF80820244905F070F80020BDF869
S2140135C00A20224905F06AF8039A0020204905F0EE
S2140135D065F800201F4905F07BF84FF6FF73BDF82C
S2140135E006209A4229D000201B4905F057F80020F2
S2140135F01A4A1B4905F052F800201A4A1A4905F0E2
S2140136004DF800221949104605F048F80020154AE1
S214013610174905F043F80A220020164905F03EF83E
S2140136200A220020144905F039F80A22002013491D
S21401363005F034F807B05DF804FB0020104905F0EA
S2140136402DF8D4E750FE030068FE030081FE030058
S2140136509AFE0300B3FE0300BEFC0300E0930400E1
S214013660C9FE0300C0270900E8FE030007FF0300A8
S21401367026FF030045FF030064FF030082FF0300EB
S214013680C6FE030008B50020034905F007F8BDE8AB
S2140136900840012001F0FAB9A0FF030008B5002098
S2140136A0034904F0FBFFBDE80840002001F0EEB935
S2140136B0B9FF030030B5104B104D1B5C85B08DF87B
S2140136C00F302B780446834206D00D4B0D4953F834
S2140136D02020002004F0E2FF30232C700A480193DA
S2140136E00DF10F030093062280231921007822F0A2
S2140136F085FC05B030BD00BFF7780400F7630020F5
S21401370004790400D1FF0300397100201FB523237B
S21401371003900193064803AB0093012280231921ED
S214013720007822F06BFC039805B05DF804FB00BF3F
S2140137303971002073B5164D04462B78154ECBB162
S21401374021F051FC012815D0346040F6B244124BEA
S2140137501B78072B17D02D78C5B921F044FC031E22
S21401376018BF01230D48009522461921007821F043
S214013770C9FF03E000233360002CE8D1201E18BFE8
S214013780012002B070BD02250123EBE70025FBE70F
S214013790F4630020B4450020F7630020397100204F
S2140137A008B50448FFF7C6FFBDE808400220FFF74A
S2140137B081BF00BFC027090010B5064C208822F043
S2140137C05FFD608822F05CFD6068BDE8104022F075
S2140137D066BD00BFB84500207FB523238DF81330A2
S2140137E00DF11303029304230648019305AB0093DE
S2140137F0012280231921007822F035FC059807B0B4
S2140138005DF804FB397100202DE9F047DFF84C9193
S214013810044699F8000090460F4622F033FA0B282A
S21401382099F8002005D9BDE8F04700203F4904F08B
S21401383035BF00263E4B3F4D1E803F4BDFF820A193
S21401384003EB00135B8801202B802A7104F04EFEE7
S21401385005F0F6FE04F04AFE204604F047FE01237A
S214013860042C8AF800300BD8022C45D89C4216D07E
S2140138702346BDE8F0470020304A314904F00EBF28
S214013880062CF5D130462F4904F008FF384604F0DF
S2140138902DFEFFF791FF97B18AF800600FE04FF613
S2140138A0FF76294F3888801B18BF012004F01EFEC2
S2140138B0FFF782FF3888B04201D022F0E1FC1923DD
S2140138C06B8099F8003000202B71204B1B786B71B0
S2140138D0EB8843F04003EB801D4B198822F07FFCF8
S2140138E0034620B1224600201A4904F0D7FE40467E
S2140138F0BDE8F047FFF71EBF304604F0F7FDFFF7BF
S2140139005BFFFFF769FF22F0CAFC134B1B78002B05
S2140139100CBF3F20202004F0E9FD042CCFD14FF44A
S214013920806022F0ADFC3220C7E700BFE4FF030051
S2140139307E5D0020825D00208847002082ED030026
S2140139403000040013000400725D0020387100206E
S214013950C870002049000400F3630020397100207C
S214013960F463002038B5044605200D46FFF7A2FE95
S214013970184B1A884FF6FD739A4207D10020164954
S21401398004F08CFEBDE83840FFF70ABF65B1134A64
S21401399013780133DBB2092B137014D90A220020E5
S2140139A00F4904F07BFEEDE7012C0ED10B4B1D7089
S2140139B00C490D48FFF734FDBDE8384000210120D1
S2140139C00A4AFFF721BF012CF2D0BDE8384007486C
S2140139D0FFF7B0BEC870002083000400F663002025
S2140139E0AE000400725D0020B8450020E09304009C
S2140139F008B50649002004F051FE0548FFF736FDDC
S214013A00BDE8084000210846FFF7ACBFF2000400FD
S214013A10B8450020814237B50346154608D2002036
S214013A2000910F4A0F4904F039FE002003B030BD63
S214013A300C1A224600200C4904F030FE40F6BB5317
S214013A4022460020094904F029FE4FF47A735C43AC
S214013A50074B01209C4294BF2C602B60E6E700BF19
S214013A6082ED030003010400400104005B01040031
S214013A7080EE360010B504460820FFF71BFE0D4BFE
S214013A803CB91C700021BDE8104006200A4AFFF729
S214013A90BBBE1B78092BF5D90A220020074904F082
S214013AA0FDFD0020064904F0F9FDBDE81040FFF7D2
S214013AB09FBF00BFF6630020C027090087010400EE
S214013AC0C801040073B51F4D2C7834B100201E497F
S214013AD002B0BDE8704004F0E1BD0220FFF7EAFD48
S214013AE0FF221A4E1A4B30781A7022F0CBF80B28A8
S214013AF007D920463278174902B0BDE8704004F075
S214013B00CDBD154B1549009301EB00110123192278
S214013B104FF6FD70498805F037FA70B12046104916
S214013B2004F0BCFD00220F4B0F481C700F4B1A709F
S214013B3002B0BDE87040FFF7FDBD01240C492C70B2
S214013B40EEE700BFF5630020D901040039710020BB
S214013B5038710020E4FF0300553E0100884700202D
S214013B601A020400F4630020C0270900F66300204F
S214013B704002040038B5144D04462B78052B21D994
S214013B801249FFF75DFC24B918B9114904F086FD06
S214013B900424104B195D21B9BDE838400846FFF7EB
S214013BA069BF032C06D02B78052B03D006200A4AC2
S214013BB0FFF72AFE0021094B08461970BDE8384078
S214013BC0FFF7D0BE38BD00BFF7630020B845002020
S214013BD062020400ED780400C0270900F4630020A7
S214013BE030B5044689B00720FFF764FD052C0AD1DD
S214013BF000222A4B03A91A7002A804AA01F0FEFDAE
S214013C0030B1022045E09CB90122244B1A700224EF
S214013C10224D287878B1421E504221495041FFF783
S214013C2055FC022304462B70022C0ED10A200FE00D
S214013C30022CE6D1EBE7631F5A424FF00500184904
S214013C405A4121F0D7F90446EEE7032C04D10020AF
S214013C50FFF770FD09B030BD062C06D100201149D2
S214013C6004F01CFD01232B70E0E70F4A0F4B287868
S214013C70002C18BF13460E490E4A0094002808BFB0
S214013C800A4600200C4904F009FD201E18BF012039
S214013C90400009B0BDE83040FFF76CBFF26300207A
S214013CA0B84500209D020400960204008F0204001D
S214013CB07E02040088020400D802040013B51F4CDB
S214013CC00620FFF7F7FC2278092A09D900201C49AB
S214013CD004F0E4FC042002B0BDE81040FFF74ABF40
S214013CE0184B1B782BB3002020F088F921F07BF9C4
S214013CF068B9FFF771FD144B196821F06BF902469C
S214013D000420002102B0BDE81040FFF77DBD01A8E8
S214013D1021F067F9FF2809D14FF4FA6023780133BF
S214013D20237002B0BDE81040FFF704BD0198FFF70D
S214013D30EDFC4FF4FA620320E3E700BFF6630020D0
S214013D40F3020400F3630020C8450020F023F0B519
S214013D5089B0CDE900033448802300221921007878
S214013D60324E334F22F04AF90020324904F096FCD5
S214013D703246394603A801F041FD032804462E4D7C
S214013D801CD10626039A2D49002004F087FC0398CF
S214013D90FFF7BCFC0020396800F0ACFE2E7001F085
S214013DA09FF900220446264B30461A70FFF782FC24
S214013DB084BB09B0BDE8F040FFF780BF28BB72683E
S214013DC0204904F06BFC214604A8FFF729FB059B5C
S214013DD0726893420BD020461B4904F05FFC072310
S214013DE005202B7009B0BDE8F040FFF7F9BE1A4672
S214013DF02046164904F052FC0523002101202B70B1
S214013E0009B0BDE8F040FFF7ADBD0020104904F051
S214013E1045FCF1E7042C05D0042009B0BDE8F040CC
S214013E20FFF7A8BE09B0F0BD39710020B8450020E3
S214013E30C84500202B030400F76300205C03040040
S214013E40F663002097030400D00304002404040052
S214013E5060040400F7B50446876800202378364DD1
S214013E60012B287004D0354B3549187004F016FC28
S214013E7026785EBB334B1B78FF2B04D103B0BDE81D
S214013E80F040FFF78DBC304B1B78032B11D82F4C1D
S214013E900320FFF70FFC6946208822F04CFE00281D
S214013EA043D02B49208805F0EDF820B12E70FFF79E
S214013EB077FC03B0F0BD0124204B26491C7004F0AA
S214013EC0EDFB0320FFF7F6FB2C70F2E7012E25D160
S214013ED03B78002BEDD01B4D2B78FF2BE9D1A68824
S214013EE002F04AFF864206D100201B4903B0BDE816
S214013EF0F04004F0D3BB194BA2881B783BB132B11A
S214013F001749002003B0BDE8F04004F0C7BB7B684A
S214013F1014491B782B700D4B1A80F2E7032E08D13B
S214013F2008226846A16808F0A3FF6846FFF70EFF5F
S214013F30BFE700232B70A1E7F4630020F5630020A0
S214013F407B04040038710020F7630020C87000204D
S214013F50553E0100400204009B040400F16300206A
S214013F60C1040400EC0404007FB5094B1A78FF2A4B
S214013F700AD1187001F088FB0022064B0DF10601EC
S214013F8002A81A80FFF74CFA07B05DF804FB00BFE1
S214013F9039710020705D0020152838B517D10C4BFB
S214013FA01D78A5B922F0ADFDC4B2012C38BF01249D
S214013FB00120FFF77FFB28462246064904F06EFBE8
S214013FC04FF47A706043BDE83840FFF7B3BB38BDA5
S214013FD0F763002009050400034B1B78022B01D868
S214013FE0FFF770BD704700BFF763002070B5284C1F
S214013FF020F0F4FF2578274EBDB10020264904F0B5
S2140140004DFB264A1378013313700023237033784F
S214014010062B0AD1BDE87040214B1868B0F5FA6F3F
S21401402038BF4FF4FA60FFF785BB3378013B082BA6
S2140140302CD8DFE803F005090D2B13191D222700E4
S214014040BDE87040FFF7C8BFBDE87040FFF73ABD56
S21401405000232370BDE87040FFF7A2BB2946BDE8E8
S21401406070400120FFF77EBCBDE87040FFF726BE1A
S2140140700220BDE87040FFF7B3BD0120BDE87040E7
S214014080FFF7F8BCBDE87040FFF7B2BC70BD00BFDB
S214014090F4630020F763002038050400F66300206F
S2140140A0B445002010B90520FFF764BD034B1B780B
S2140140B0062B01D1FFF79ABF704700BFF7630020B8
S2140140C02DE9F0478E68054633189A780C46092A7A
S2140140D08EB008D90020A34904F0E0FA85242046D2
S2140140E00EB0BDE8F08750B98B899F49895C8B4239
S2140140F005D200919D4904F0D1FA8024EFE79C4B4C
S214014100E7881B889F4236D09A490978012932D917
S21401411032B13A460020984904F0C0FA7E24DEE720
S214014120964B1A70934B26791B78052B03D0012BDF
S2140141303AD8FFF751FF5EB93146204622F0C4F95E
S2140141400346002851D030468D4A8E4904F0A6FA1F
S214014150D4F80880A48998F8037098F80450002EC3
S2140141604CD13046884A894904F098FA002101204A
S214014170FFF7F8FB4FE00021804B1970072A00F289
S2140141808A8301A353F822F025410100D34201009E
S214014190D3420100E5440100E5440100E544010085
S2140141A07B4701007B470100022B17D102F0E4FD9B
S2140141B08742B3D00020764A764904F06FFAFFF7BB
S2140141C081FC46BB3146204622F07EF9034610B3F9
S2140141D06B4A6C49002004F061FA1CE06E4A00202C
S2140141E06E4904F05BFA012479E7A3681B78DA06C6
S2140141F0AED432466A4904F051FAA9E700210AA86A
S214014200FFF70EF9032F08D95F4B664A66490097F8
S214014210002004F043FA002461E76B1E632B04D9E7
S214014220594B604A61490095F2E7614BE4B2DB5DA8
S2140142309C4209D0CDE901430020534B594A5D49C0
S214014240009704F02BFAE6E757B3A4B222460521FD
S214014250404622F052F8BDF82830834203D04A4B3C
S214014260554A5649B6E7012F1AD02246072140463D
S21401427022F043F8BDF82A30834203D0424B4E4A1F
S2140142804F49A7E7032F0BD122460921404622F0CA
S21401429031F80B9B984203D13B4B474A494999E772
S2140142A0642D3FF463AF22F02CFC6423C0B2B0FB54
S2140142B0F3F203FB12030133DBB29D42BFF456AFA8
S2140142C0CDE900530020304B3B4A3F4904F0E6F964
S2140142D0A1E7284B1B78052B01D03C4A7FE7EB1C56
S2140142E0DBB2277BF45C44B123460020374A3849C9
S2140142F004F0D4F900210C460BE00F2F0DD8102343
S214014300204634490093314A3B4604F0C7F98024DD
S21401431001210020FFF726FBE1E60435EDB2204639
S2140143202A4A2D4904F0BAF97A1B7119D2B206A8A5
S21401433020F067FE05443A46E9B2304621F0DAFF3E
S214014340264D069A2B68264F9A42386001D10028DE
S2140143504AD1244900201D4A04F0A0F985240121F0
S214014360D7E700BF55050400307904006D05040049
S214014370C8700020F76300209C050400F463002049
S214014380120604001A060400A2060400B70604007A
S214014390E0050400ED050400420604004F06040093
S2140143A06C060400CC060400D4060400EE060400E5
S2140143B0F37804000C070400610B040046070400B0
S2140143C07007040098070400BF070400F307040001
S2140143D00D0804003C08040053080400B8450020FA
S2140143E0C84500207C08040000F08EFF3E68B042FD
S2140143F00AD200F089FF9D4903463246204604F062
S2140144004DF98924012184E7079A6B689A4205D100
S2140144102046974A974904F041F96BE7964909788F
S21401442059B19A4209D22046944904F037F99621A7
S2140144300620934AFFF7E8F95CE7924A924905A8F5
S21401444001F0DCF9079E48B96A68964206D88F499A
S21401445004F024F90520FFF7C3FB40E632460020AE
S2140144608B4904F01BF939680027002000F042FB55
S21401447000206E60FFF74AF9864B06201F80FFF783
S21401448019F9854B1F7001F0B1F90646F8B94FF6D8
S214014490FF73824A0AA81188994214BF13463B4605
S2140144A06A88298801F012F90AA800F0D7FC58B1E9
S2140144B00AA801F0DDF938B13046794904F0EEF882
S2140144C00420FFF757FB0AE6FFF7F8FB07E6042888
S2140144D005D1744B1921187821F02BF9FFE53846E0
S2140144E07149EBE7714B1B78062B01D0704A76E6D3
S2140144F0DFF8A0A1EB1C94F80C90BAF80080DBB2B0
S2140145002EB930466B4904F0C9F88724E7E5F75C15
S2140145102C1D972FE4B22FD025D8812F71D0952F3F
S21401452067D017BBB9F1100F7FF6E7AD31194A46D0
S2140145300AA820F066FD0444E4B221464A46304605
S21401454021F0D8FE231DDBB2053416F803A0E4B231
S214014550A9EB04035345054666DA009338465346ED
S214014560534A5549C7E5982F43D03B460020504A49
S214014570524904F093F8C8E7B9F10A0F7FF6BDADCA
S2140145801FFA89F721463A46304621F0B3FE05F177
S214014590080104463A46C9B2304621F0ABFE0AAAE3
S2140145A001462046FFF736FA08B9454B0A93B9F19A
S2140145B00C0F12D905F10C013A46C9B23046DDF8A6
S2140145C0288021F09AFE044602463E49002004F067
S2140145D065F8AAF8004044440A940A9C3A492246DF
S2140145E0002004F05BF82046FFF7A4F820F001FD58
S2140145F011E63649002004F051F80320FFF7BAFA15
S21401460009E6334C23786BB120F0E6FC50B100206C
S214014610304904F043F80023237020F0EAFCFFF74A
S2140146204DFBF8E52C49E5E7DFF8A49099F8003052
S21401463043B9FFF7D1F88542034607D01C4A2749FC
S2140146400095E5E520F0CFFC0128F2D110220D48B7
S2140146500AA908F007FF10B9BAF13F0F42D9144A68
S2140146601F49002004F01AF84FE700BF9B0804001A
S214014670F3070400D3080400F063002008090400CF
S214014680C0270900B8450020C8450020970304004C
S21401469049090400705D0020F6630020725D002069
S2140146A06B090400397100208A090400F7630020B1
S2140146B0B0090400C5090400F20A0400D40A040083
S2140146C0E0930400000A04002B0A04004A0A0400CE
S2140146D0F3630020660A0400A50A04002E0B0400FA
S2140146E06A0B04006D4B187099F800304BB120F03E
S2140146F073FC30B1284620F072FC042807463FF4CC
S2140147008AAD51462846321920F0ACFD28B100206A
S214014710634903F0C3FF042070E799F8003055445D
S21401472063B120F059FC48B1FF2FF4D0012F3FF4BC
S21401473072AD032F16D120F05AFC05462846FEF727
S214014740E5FF044602460521564820F081FC564BFB
S2140147501B689C420AD3204620F07FFD0520FFF708
S2140147603FFA58E520F041FC8046E7E74046FEF771
S214014770E1FF00287FF44FAD51E74C4B1B7803F067
S214014780FD03082B01D04A4A29E5A48935B1F27800
S21401479022B10020474903F081FF2EE7E4B222460A
S2140147A0F11C0AA820F02DFC434BBDF828201988DF
S2140147B0054691420DD04FF6FF718A4209D03C4A18
S2140147C000203E4B3E4903F083FFBDF828203D49BB
S2140147D047E7BDF82A20598891420CD04FF6FF7161
S2140147E08A4208D0324A0020374B354903F070FF21
S2140147F0BDF82A20EBE70B9A5B689A420AD0013291
S21401480008D02B4A2E490020304B03F061FF0B9A4B
S2140148102F4926E7A4B2E91C2246C9B2304621F048
S21401482069FDE91DC9B207462246304621F062FD00
S214014830431C014606D10820FEF73CFF2548FEF73B
S21401484079FFE8E4384606AAFFF7E4F8A8B9214B51
S2140148500693214B00221978204B187820F0ADFBE7
S214014860069C2046FEF766FF224600201C4903F000
S21401487015FF0920FEF71EFFCDE440F6B733069A72
S2140148809A42E6D840F6B8320020164903F006FFF1
S21401489040F6B833DCE7812421E400BFF66300204C
S2140148A09D0B0400C00B0400C8450020F7630020E0
S2140148B0C90B0400DE0B0400B845002060070400A5
S2140148C0050C0400BEFC03008A070400200C04004B
S2140148D05514040080EE360038710020397100202E
S2140148E0580C04002D0C040008B50420FFF742F90B
S2140148F00020FEF7DFFE0023054A19211370054A42
S2140149001370054B1878BDE8084020F012BF00BFB1
S214014910F4630020F56300203971002010B5164BB2
S214014920164C1A78164B002053F82220154903F02E
S214014930B5FE2178144B154A0020002918BF1A46E7
S214014940134903F0ABFE23782BB1124B00201A68F3
S214014950114903F0A3FEFEF73FFF0446FEF73CFFB6
S2140149600E4B196820F067FB2246BDE8104003464F
S2140149700B49002003F092BEF7630020F463002089
S21401498004790400740C0400821304006313040009
S214014990810C0400B44500209B0C0400C84500208F
S2140149A0B40C040038B5014604460020FFF788FB26
S2140149B0054698B1E37C00200A4A0B4903F06EFED7
S2140149C02379042B0AD02946204621F07DFD034693
S2140149D020B10020054A064903F060FE6FF0FF0093
S2140149E038BD00BF82ED0300DC0C04001206040093
S2140149F01A06040010B51346094A127882420DD1F0
S214014A0063B1084A002014680A46074903F046FEC7
S214014A102146BDE810400120FFF752BB10BD00BF84
S214014A203971002018490020FE0C040010B50D4B0A
S214014A301C782CB1BDE8104000200B4903F02EBEB7
S214014A406420FEF763FE4FF6F0716FF00F02074B1E
S214014A500320C3E9001222462146BDE81040FEF7B6
S214014A60D3BE00BFF7630020370D0400B845002011
S214014A70014B1870704700BFF36300200021062029
S214014A80014AFEF7C1BE00BFC0270900014B1870DE
S214014A90704700BFF0630020114B2DE9F041074637
S214014AA00D4618680F49101A096820F0C4FADFF895
S214014AB040800D4E98F800400346FF2C307004D01D
S214014AC0A8420AD32C44A04207DB3A4600200749F5
S214014AD003F0E4FD337888F800303078BDE8F081E3
S214014AE0D0450020CC450020F8630020650E040068
S214014AF03A71002050EA010208D0FF22054B091A3C
S214014B001A70054B1860054B196070471146104620
S214014B10FFF7C2BF3A710020D0450020CC450020E7
S214014B202DE9F04FAFB006AD284600F0FDFD00269A
S214014B30624FDFF8D091284600F090F9044648B954
S214014B4000F0BEFD5E490246204603F0A7FD2FB0E9
S214014B50BDE8F08F39460020F2B203F09FFD2846EB
S214014B6016A900F0FFFD044620B15649002003F0C7
S214014B7095FD8FE0BDF85820534903F08FFD494657
S214014B802046BDF85A2003F089FD2046BDF85C207A
S214014B904E4903F083FD2046BDF85E204C4903F0E4
S214014BA07DFD2046BDF860204A4903F077FD20468A
S214014BB0199A494903F072FD2046BDF86820474915
S214014BC003F06CFD204646490DF16A0203F066FDCE
S214014BD044492046239A03F061FDBDF85C30D907AD
S214014BE005D520469DF890203F4903F057FDBDF8B6
S214014BF05C309A0714D500203C4903F069FDBDF8E6
S214014C005830B3F5807F4FD1002021F0BDFB18B19D
S214014C100DF1910003F0C4FC0020354903F03EFD80
S214014C20BDF85C305B070BD50020BDF8B2203149DA
S214014C3003F034FD0020BDF8B4202F4903F02EFD0B
S214014C40062228460DF116030AA920F023FA044687
S214014C5090BBBDF81620294903F020FDDFF8A8A077
S214014C60DFF8A8B00DF12808BDF81610A2B29142DF
S214014C7010D9B8F800205146002003F00FFD01348A
S214014C80D8F804205946002003F008FD062C08F148
S214014C900808E9D16C46204600F05AFD94E80F005A
S214014CA0013685E80F0046E70123202200200DF19A
S214014CB0910103F057FCAFE7114957E7770E04005F
S214014CC044100400800E0400A40E0400D80E040054
S214014CD0F10E04000A0F0400230F04003C0F040029
S214014CE0550F04006A0F0400860F04009F0F04008E
S214014CF042250400B20F0400CB0F0400E40F0400A9
S214014D0017100400BD0E0400F50F04000510040082
S214014D102DE9F04188B004AD0446284688460027B0
S214014D2000F002FD6E46474507D195E80F0084E87E
S214014D300F00204608B0BDE8F081304600F008FDBF
S214014D4096E80F0085E80F00284600F087F801373F
S214014D500028E8D1014B0FCBE9E700BF847B0400B4
S214014D601FB5D0E9023253F8223068461978FFF7AA
S214014D70CFFF684600F07CFD48B1042809D1074AF8
S214014D800020074903F08AFC05B05DF804FB054ADC
S214014D90F6E70020044903F081FCF5E73A1A04001F
S214014DA05F100400CE1304006B09040010B5D0E9AF
S214014DB0023203EB8201496853F8223098B00C683E
S214014DC004A81978FFF7A4FF03AB402200932146FD
S214014DD008AB04A800F0E2FC024628B100200E4908
S214014DE003F05CFC18B010BD039808A900F0070496
S214014DF00122C0F3C70003F0FBFB039908A8091BB7
S214014E000144064801232246008803F0ABFB044810
S214014E1003F0E4FBE6E700BF6F1004008E5D0020A0
S214014E2042250400F0B504460D460B4BEF880FCB28
S214014E3084E80F00AB882E899B0741BFD5F839005F
S214014E40D5F83D1004F1080303C3EA68204627801D
S214014E5066806260F0BD00BF3C790400102208B590
S214014E60034908F0FFFA003818BF012008BD00BF4B
S214014E70847B040008B522F0A2FAC288FF219208BA
S214014E80012A38BF012202481FF092FC012008BD0A
S214014E90E045002038B5134690B10120274A10702E
S214014EA0274A00201160274A13600A46264903F064
S214014EB0F5FB02F043FB254B1870022002F044FB81
S214014EC022F098FAE8B91D4D1D4C2B782BB922F02B
S214014ED076FA2268C368134423601A4B24681B6859
S214014EE09C4229D222F06BFAC168204606F022F8CD
S214014EF0002402462C7050B922F07CFAFFF7BAFF64
S214014F0003E0FFF7B7FF0028DDD0012038BD2046BB
S214014F100F4903F0C3FB0D4B187802F015FB002078
S214014F200C4903F0BBFB00F091F908B900F0AEF9AB
S214014F302046FFF7B7F8E8E70124ECE7FA6300201C
S214014F40D8450020D445002096100400F9630020BF
S214014F50C2100400E210040038B500F04BFA044613
S214014F6000F042FA241A22F02AFA054618B9B121AD
S214014F701B4827F050FCAB8803F00303032B03D038
S214014F80B221174827F047FC00F02EFA054620F01C
S214014F90F4F801238340013B2B4203D0B42110488F
S214014FA027F039FC20F0E9F801238340013B234236
S214014FB003D0B5210A4827F02EFC05F091FD0546E1
S214014FC020F0DBF84FF48063B3FBF5F3C440A34253
S214014FD005D2BDE83840BA21014827F01CBC38BDCF
S214014FE0F8100400FF2108B504481FF0F2FBBDE8E5
S214014FF00840002211461046FFF74CBFE04500204E
S214015000F7B504460E4600F089F8054622F0D7F9B2
S214015010C3682B449C4220D320F0AFF82C44C440F4
S214015020013C114F3B68DEB1A34219D10134002384
S214015030ADF8043000F0E4F9054605F051FD1035F1
S21401504004FB005405F04CFD01A90246204605F07C
S21401505099FD20F0A2F8386004E04FF0FF34E0E755
S214015060A342E4DB03B0F0BDF06C00204FF0FF324A
S2140150700A4B10B51A600022094B1A7000F0B4F9F9
S214015080044600F0B7F9214602460120FFF702FF69
S21401509000280CBF0120042010BD00BFF06C0020CA
S2140150A0FB63002038B500F0D1F808B9002038BD00
S2140150B0094D0A4C2B7823B920F06FF801232060A4
S2140150C02B70246820F059F801348440EED000F0AB
S2140150D025F82044EBE700BFFB630020F06C0020BE
S2140150E070B50D4C2368002B01DA012070BD00F06D
S2140150F07BF9054622F063F92468C66820F03DF87E
S214015100013404FA00F1294401208A19FFF7C2FE8E
S2140151100028EAD00420E9E7F06C0020024B18686A
S2140151200C3020F06AB800BFF46C0020FF2307B5EE
S2140151300021044A04480093FBF78AFC03B05DF89B
S21401514004FB00BFE54F0100E04500200E4B70B5A3
S2140151501C680546036804F582641C440E46FFF786
S214015160DDFF2B68834208D232681A44824208D98E
S214015170C31A012033602C6070BD044A12681344C0
S2140151801C1A0020F7E700BFF46C0020DC45002065
S2140151902DE9F04FB3F5803F87B00F469846019052
S2140151A003D3002007B0BDE8F08F03A904A8CDE91A
S2140151B00332FFF7CBFF0024824600F10109DFF836
S2140151C088B05FFA89F9019BDDE90356AAB27BB183
S2140151D03046109922F0FAF80028E2D1B9F1020F10
S2140151E02BD1DBF800300493019B03BB2F4421E055
S2140151F03946304605F0C6FC0028D2D1BAF1000F78
S214015200ECD0002CEDD105F06BFC2E44B6FBF0F390
S21401521003FB10600028E4D005F062FC05A90246F5
S2140152203046059405F0AEFC0028DAD0B9E7109BAD
S2140152302B441093A8EB05050395631C4B454FF0D3
S2140152400104C0D32046ADE7DC4500207FB56B46A0
S2140152500C4A1068516803C390680C2218600A4B08
S2140152600DEB0201186822F0B1F80C2268460DEB2E
S214015270020108F0F7F8B0FA80F0400907B05DF8CF
S21401528004FB00BF4C790400F46C00201FB5084AEB
S21401529001AB1068516803C3906801A91860054BFB
S2140152A00C22186805F06EFC05B05DF804FB00BF23
S2140152B04C790400F46C0020F7B5044615460E46FA
S2140152C081B9072A03D80024204603B0F0BD0D4B50
S2140152D080791968E379063000EB03200C3180B23F
S2140152E01FF095FF002721462B4632463846009789
S2140152F0FFF74EFF04460028E5D039467019FFF740
S2140153007FFEE1E7F46C0020024B1868A0F5006010
S214015310704700BF006D002010B58AB0684606F0E1
S21401532015F810F0FF0027D1009BFBB1174C01A91F
S214015330206005F083FF10F0FF001DD12268009B5E
S2140153409A4204D34FF4DD71114827F064FA019BA9
S214015350104A11491360029A13440B600F49A3F5D2
S21401536000630A600E4A1360009B63B940F2CF11D6
S214015370074827F050FA06E0044A03461268002060
S214015380084903F08BF90AB010BD00BFF86C002085
S214015390C7110400DC450020FC6C0020006D0020D5
S2140153A0F46C00208B12040008B5FFF7B5FF22F05D
S2140153B006F850B122F003F8064B02691B689A42C0
S2140153C003D2B321044827F026FAFFF7C5FD0120D2
S2140153D008BD00BF006D0020C7110400014B18680E
S2140153E0704700BFF86C0020014B1868704700BF7B
S2140153F0DC450020014B1868704700BFFC6C00209C
S214015400014B1868704700BFF46C002010B5FFF719
S21401541049FE04462849002003F040F900202749A8
S21401542003F03CF90020264903F038F9002025490D
S21401543003F034F9244B00201A68244903F02EF9AE
S21401544022462349002003F029F9FFF767FE214988
S2140154500246002003F022F91F4B00201A681F495C
S21401546003F01CF91E4B1F4C1A6800201E4903F05E
S21401547015F9226800201D4903F010F94FF48062E7
S21401548000201B4903F00AF922680020194910324E
S21401549003F004F92268002017490C3203F0FEF8E5
S2140154A022680020154902F5826203F0F7F8BDE88C
S2140154B0104005F049BA00BF0A1304004713040060
S2140154C06613040086130400F86C0020B113040070
S2140154D0D0130400F3130400DC4500201614040066
S2140154E0FC6C0020F46C0020391404005C140400E9
S2140154F07F140400A2140400C5140400E814040078
S2140155002DE9F04194B004460D460020482102AA38
S2140155101FF08EFE18B9534903F0C0F819E0602257
S2140155200021204607F052FC04224F4902A807F04A
S21401553099FF90B16DB19DF80B30002001939DF855
S2140155400A309DF80820009348499DF8093003F079
S214015550A5F8012014B0BDE8F081BDF80C20B2F525
S214015560807F228003D0424903F098F8F1E7BDF826
S2140155701420BDF80E102281DDF816206180E2604D
S2140155800499BDF81A206160228284F8320007ADC2
S21401559004F112020FAE2B4603CBB34210605160EA
S2140155A01D4602F10802F6D10F9B324A636313606F
S2140155B0314B10221846002107F008FCE288A38828
S2140155C0028022894280E26842600BB90020C1E76E
S2140155D000263546A388D90709D536B105F150020C
S2140155E06A4412F8482C84F838200135EDB29A073F
S2140155F014D520881FF032FD07466EB102AB03EBCF
S21401560005080246414604F1390007F06FFD3A46A7
S21401561041461A4807F06AFD2F44FDB2A3885B078E
S2140156200DD556B105F150036B4433F8482C33F8C9
S214015630463CA4F85A20A4F85C300435EDB2002E9E
S214015640C4D1482D02D930460D4965E72946382090
S21401565002AA1FF0EDFD08B90A495DE738250126C3
S214015660B8E700BF0B150400587904003D15040087
S2140156707315040000460020044600200C46002056
S2140156808E150400DE15040030B50B4C99B0257854
S2140156906DB9FFF789FE68B129466846FFF730FF06
S2140156A0B0FA80F0054B40091870012323700020E2
S2140156B019B030BD0120FBE7FC630020FD6300202C
S2140156C0014B1878704700BFFD63002070B51E4679
S2140156D0134B044618881D46884298B002D15B8851
S2140156E0934206D00F4B0FCB84E80F00204618B02C
S2140156F070BD96B100216846FFF702FF0028F1D180
S214015700BDF804305B0708D53388BDF85A209A42A5
S214015710E8D8BDF85C209A42E4D395E80F00E3E7A9
S21401572004460020847B0400064B10B51B78044613
S2140157302BB9054B0FCB84E80F00204610BD034B59
S214015740F8E700BFFD630020847B040004460020C8
S21401575010B50446024B0FCB84E80F00204610BD5F
S214015760847B04000B4B10B51B78044608467BB1BE
S2140157700021FFF7C5FE48B910222146064807F06A
S21401578071FE003818BF0120C0B210BD0120FBE732
S2140157900120FAE7FD630020044600202DE9F041D0
S2140157A00E4690460E4910221F4607F05BFE044641
S2140157B070B90C4B3A461D683046AD1B454528BFAF
S2140157C0454629461FF034FD28B9074902F066FF11
S2140157D00120BDE8F081069B20461D60F9E700BF69
S2140157E00446002000460020DE1504000022024B7D
S2140157F01A70FFF73BBC00BFFD6300202DE9F041A6
S2140158009CB00F4616468046FFF74CFC05460246FE
S2140158101549002002F042FF382D20D9012104A8A5
S214015820FFF76EFE0446D0B9119B04A93B606F4694
S2140158303846FFF7F7FA97E80F0086E80F00119B46
S214015840AB4297BF01210324084AC8F8003094BF31
S2140158501170C8F8005020461CB0BDE8F081002247
S214015860024B01241A70F6E710160400FD630020AF
S21401587070B5084D00262B7853B1FFF7F7FB0446A9
S2140158801022002104482E7007F0A0FA204670BDB1
S2140158903446F5E7FD6300200446002008B50020E5
S2140158A0064902F0FBFE064B00201A78054902F075
S2140158B0F5FEBDE80840FFF7A9BD00BF2F1604009E
S2140158C0FD6300205916040003460120024AC3E97D
S2140158D0032000221A7070470100FEFF2DE9F041F7
S2140158E00024264E264FDFF8A88088B000F0D4F9B1
S2140158F0A5B2854202D308B0BDE8F081284603A9C7
S2140159001FF0CCFCA2B23146002002F0E1FE9DF869
S2140159100D2012B39DF81210BDF81030402914BFA7
S2140159206E2179210020CDE900313946BDF80E30CF
S21401593002F0CEFEBDF814201AB10020114902F083
S214015940C7FE9DF80C00BDF8182070B9079B0E49DC
S2140159500093BDF81A3002F0BBFE00200B4902F09E
S2140159609DFE013426F064FFC0E7BDF81C304146B9
S214015970009300209DF81A30EDE700BF7216040070
S214015980781604009B160400A516040042250400A0
S214015990CC16040010B500F0ABFABDE81040034683
S2140159A0024A0020024902F079BE00BFF416040044
S2140159B083DE0300D0E9023253F8223010B518888E
S2140159C000F086FABDE810400346024A002002496C
S2140159D002F064BEFA16040083DE030010B5D0E9B7
S2140159E00232002486B08DF8044053F8221003EBEF
S2140159F08203097801A88DF805105A681288ADF857
S214015A0006209A681288ADF80820DA681278ADF890
S214015A100C40A24214BF402280228DF80A201A6947
S214015A201288ADF810205A699B691288ADF81220C9
S214015A301B68059300F0D0FB034A03460349204642
S214015A4002F02CFE06B010BD5EF5030083DE0300F7
S214015A5038B50024064D26F0D7FE45F82400063456
S214015A60C02CF8D10020BDE83840024902F016BE2D
S214015A70181100200117040030B5002087B0204916
S214015A8002F00CFE00201F4902F008FE00201E490D
S214015A9002F004FE26F0B8FE00240546A0B201A9D5
S214015AA001341FF0FBFB202CF8D126F0ADFE174980
S214015AB0421B002002F0F2FD1549002002F0EEFD27
S214015AC026F0A2FE0446012000F09EF826F09CFE79
S214015AD00E49021B002002F0E1FD0E49002002F0F3
S214015AE0DDFD26F091FE04461FF0C9FB26F08CFE74
S214015AF0021B0020054907B0BDE8304002F0CEBDCC
S214015B002D1704005C1704008C170400A917040065
S214015B10B8170400D217040010B50C4603F022FD96
S214015B2008B9032C12D101F0FFF804280ED001F0B9
S214015B30FBF805280AD0064802F060FC1C2801D1B3
S214015B4020F04AFBBDE8104002F068BC10BD00BF63
S214015B50895203002DE9F04F00274FF0FF36DFF89A
S214015B60A4B0264C87B0BBF80030B8B2834209D83F
S214015B70731C3BD03246FF21214807B0BDE8F04FE9
S214015B801EF016BE01A91FF089FB9DF8050001F065
S214015B9001FFF8B19DF80480B8F1000F1AD1BDF8E5
S214015BA010A0BDF8129026F02FFE18210246BBB2B7
S214015BB04B43E018E158007C4FF47A73A2EB010CDA
S214015BC050B103FB0AF363450ED30B44981A864281
S214015BD028BF06460137C6E74D466B43FAD06345F4
S214015BE0F5D31944881AF2E74046F0E7FF21044846
S214015BF007B0BDE8F04F1EF0ECBD00BF1811002045
S214015C0014460020745D00202DE9F041014688B05D
S214015C1058B1022810D01FF05BFB78B3D221194887
S214015C2008B0BDE8F04126F0F6BDFF23164A174836
S214015C300093FAF70DFFEEE700244FF00108274620
S214015C40134EA5B2284603A98DF80D701FF026FB4A
S214015C509DF80D0068B101F09DFE20B19DF80C3055
S214015C600BB986F810800134202C06F11806E8D10D
S214015C702546084B1D80FFF76DFFCCE708B0BDE851
S214015C80F08100BFF2170400BD5F0100144600203A
S214015C9018110020745D0020014B1888704700BF62
S214015CA0745D00202DE9F04F634A077D89B00446F4
S214015CB06249002002F00CFD002020F065FB20B1B7
S214015CC02368218A588803F09BFC00205C4902F077
S214015CD0E5FC637DDFF87491002B236808BF08207C
S214015CE05988574B18BF00200093228A4FF00903AA
S214015CF014BF4FF080084FF0400802F02FFBA28936
S214015D00BB1C93420CDB20F0D9FB034620B10020DC
S214015D104C4A4D4902F0C2FC012009B0BDE8F08FA3
S214015D20A068791C89B2C55D20F0E7FA0337012D1A
S214015D300646BFB213D82368324659885879238A53
S214015D40009343461FF023FF824600283ED186205B
S214015D5002F0CCFB284602F0C9FB304668E08520FD
S214015D60F6E703A91FF09AFA9DF80C30AB4223D14F
S214015D7023689DF80D105A7991421DD1BDF80E1079
S214015D805A88914218D1BDF81020B24214D19DF81C
S214015D901220424510D1BDF81410228A91420BD12F
S214015DA0002D38D0BDF81810E288914204D19DF834
S214015DB01A201B799A422ED00BF1010BB9F800304C
S214015DC05FFA8BF08342CCD88B20C1E74FF0000BF3
S214015DD0F4E79AF8020002F089FBBDF8180020F0FB
S214015DE04FFABDF81A0020F04BFA9AF8020003F0B9
S214015DF027FE002883D19AF8020001F09DFC054693
S214015E00079E002D3FF47BAFF0B2013D02F06EFB22
S214015E10360AEDB2F5E7002002F068FB284602F0EC
S214015E2065FB304620F02CFA012DD2D1BDF81C00BE
S214015E3020F026FA63E700BF9D1804001B0C04003F
S214015E4042250400AA180400C7180400745D002047
S214015E502DE9F04391B0694680461FF01FFA0023F2
S214015E60194F8DF801303888431E98B28045388026
S214015E7009D1694640461FF019FA68461FF0FDF938
S214015E8011B0BDE8F0834FF0180905A91FF006FA16
S214015E900E4C3E880AAD09FB06460FCE0FC596E8A6
S214015EA0030009FB084485E803000AAE404605A93D
S214015EB01FF0FCF90FCE0FC495E8030084E8030039
S214015EC069463888D7E700BF745D002018110020A6
S214015ED008B5064B1B88834205D9FFF7B9FFFFF7C4
S214015EE039FE002008BD2720FCE700BF745D0020B6
S214015EF038B5074D2C882CB9FF2106481EF069FCE1
S214015F00204638BD601E80B2FFF7A2FFF2E700BF51
S214015F10745D0020144600202DE9F3479A461823A5
S214015F209DF82890244FCDE9001203FB097314460F
S214015F30D3E9022320F0A1FB064620460D4603F0D6
S214015F407FFD04F0FD03382B80460FD100943246C6
S214015F502B460021DAF810001FF0CBF9B8F1010F3B
S214015F601BD135431ED102B0BDE8F087392CDAF8D3
S214015F7010300BD107EE906A07EE103AF4EEC77AAE
S214015F80F1EE10FAACBF01200020E7E79E4275F162
S214015F9000032CBF01200020E0E7B8F1000FE2D19A
S214015FA00028E0D0182303FB097701233B7402B0D5
S214015FB0BDE8F047FFF7CEBD181100202DE9F04FE0
S214015FC000252E46A846AA462C46DFF8BC91D1B03D
S214015FD0694BA8B21B88834209D81CB16188207915
S214015FE0FFF79AFDFFF7B6FD51B0BDE8F08F0BA99C
S214015FF01FF054F926F008FC1823AFB27B4309EBD7
S214016000030B59F8033005909DF82D00049301F019
S214016010C1FC002800F0AE809DF82C10002940F04D
S214016020A980DDE90432D01A4FF47A72BDF838300F
S2140160305343834200F29E809BF8103043B9BDF86B
S2140160403A30002B00F096805343834200F2928050
S214016050FD230022CDE9013210AB00930DF11902A8
S2140160600DF11A03E9B20BA8EEF732F9002877D141
S214016070BDF81A30DA1C0493D2B214B33F4B9DF824
S2140160802D101B8813442279914214D1BDF82E108D
S214016090628891420FD19DF83220B8EBD21F0AD107
S2140160A0BDF83420524506D1B3424DDD00203449B7
S2140160B002F0F4FA01E0B342F8DC61882079FFF7D8
S2140160C02BFD02F0E7F904469DF932002D4BC04343
S2140160D0C00F0093BDF834200A23BDF82E10C0006F
S2140160E09DF8328002F03AF99DF82D304FF0000B02
S2140160F023714FF48A53FF26BDF834A04FEAD8180F
S214016100E38007A95FFA8BF020F05BFCC0B2B0B960
S2140161109DF81D109DF82D20914210D1BDF81E103E
S214016120BDF82E2091420AD122469DF829109DF8ED
S2140161301C0020F0CCF9B04228BF3046C6B20BF1A5
S214016140010BBBF1200FDCD1BDF8300020F098F830
S2140161509DF8190002F0CAF9049910A802F0DAF9BC
S214016160182300225F4309EB07031A7426F04CFB41
S21401617049F8070001352BE7745D00207E5D00209D
S21401618086190400422504001811002070B5002469
S2140161900126104D8AB02B88A0B2834204D80AB0DB
S2140161A0BDE87040FFF7D6BC05A91FF077F89DF84B
S2140161B0150001F0EFFB50B19DF814303BB91A46BB
S2140161C0CDE901360093E1B205A8EEF781F8013476
S2140161D0E1E700BF745D00202DE9F0430389DFF895
S2140161E058818BB0B8F80090009304468379828872
S2140161F0418840781FF0CBFC002800F09580E789A5
S21401620027B1A389BB4200F291800027B8F800307D
S214016210BDB2AB4214D84D4601264FF6FF73E28954
S2140162209A4226D146B9B8F80030AB4202D9284680
S214016230FFF70EFEFFF78EFC00200BB0BDE8F083E3
S214016240284605A91FF02AF89DF814307BB9226864
S214016250059B5340FF2B0AD86368069E5E4036F0C6
S2140162607F4604D1BDF81C2023899A42D5D0013738
S214016270CCE7E2689A422BD0002E53D1D4E903230F
S214016280CDE9082305A81EF0F8FF0028D5D1B8F8F7
S2140162900030AB4204BF6B1CA8F8003026F0B4FAFD
S2140162A018236B43234AE9B2D050D418002305A81B
S2140162B01A46CDE901330093EEF70AF818B1002229
S2140162C00023C4E90223284605A91EF0EFFFB1E723
S2140162D0234605AA04F1100C1746186859680833B6
S2140162E003C763453A46F7D11868386005A81EF01B
S2140162F0C7FF0028C0D01F2D1AD800238DF81430F0
S21401630063788DF815306388ADF81630A388ADF83C
S2140163101830A3798DF81A302389ADF81C3000287F
S214016320B0D1ABE70020E6E7862086E7872084E742
S214016330892082E718110020745D00202DE9F04FB6
S214016340B04A90F814908DB00446AF49002002F090
S214016350BFF9002020F018F820B12368218A588858
S21401636003F04EF90020A94902F098F9637DDFF8A1
S214016370B8A2002B14BF802340230293236808BFD2
S21401638008205988A14B18BF00200093228A0723B2
S21401639001F0E4FF00230393A28909F10305954266
S2140163A011DB039B13B9184602F0A0F820F086F81B
S2140163B0034620B10020964A964902F06FF9012063
S2140163C00DB0BDE8F08FA06809F1010189B210F89F
S2140163D009601FF092FF3246804603468E49002030
S2140163E0ADB202F05BF98EB1012E00F08A808527EE
S2140163F0384602F07BF8304602F078F840461FF047
S2140164003FFF852FD2D00123039376E0A06809F1E0
S2140164100401A28989B2475D1FF06FFF09F10601E9
S214016420A289049089B2A0681FF067FF3A460590DA
S2140164300090049B3046794902F030F909F10809C9
S21401644038461FFA89F503F0FBFA002857D138467B
S21401645001F072F9294603468146A289A0681FF019
S2140164603DFF6F498346304602F032F9A1684A463D
S21401647029443346304602F075F83046634902F047
S2140164800DF9A9441FFA89F52368424659885879B7
S214016490238A0093029B1FF07AFB18B18378BB42D4
S2140164A040F0AC80483FFFB2092F05D840F21133C7
S2140164B0FB40DB0700F1A48000238DF81C30236825
S2140164C007A85A798DF81D205B88ADF82080ADF8B5
S2140164D01E30029BCDF82CB08DF82230238AADF801
S2140164E02430049BADF82830059BADF82A30FFF721
S2140164F073FE074600287FF47BAFA9464CE7B346F8
S214016500C2E72946A289A0681FF0F7FE4FF0000BEC
S214016510024607464349002002F0C0F809F1050982
S214016520BAF800301FFA89F5BAF800201FFA8BF97D
S2140165304A4503D81F2B31D9892759E7484607A969
S21401654004931EF0ABFE9DF81C20049B012A22D169
S21401655022689DF81D00517988421CD1BDF81E00A5
S2140165605188884217D1BDF82010414513D19DF8B6
S2140165702210029881420ED1BDF82400218A884259
S21401658009D1BDF82800E188884204D19DF82A1077
S214016590127991421BD00BF1010BC5E701229946F6
S2140165A08DF81C20226851798DF81D105188ADF8A0
S2140165B02080ADF81E1002998DF82210218AADF8C0
S2140165C02410E188ADF8281012798DF82A2007A842
S2140165D0ADF82C701EF051FE074600287FF408AF78
S2140165E0BAF800304846994508BF09F1010307A9E2
S2140165F008BFAAF800301EF059FE7EE78D27F7E6A1
S2140166008C27F5E6B11904001B0C04004225040092
S214016610121A0400C7180400B9190400D619040098
S214016620F7190400021A0400745D00202DE9F04FEA
S214016630074688469146002589B09A46BDF848B077
S2140166409DF84C60149C224B1A88A8B2824235D918
S21401665003A91EF023FE9DF80C201D4BB2BB9DF82E
S2140166600D10B94232D1BDF80E1041452ED1BDF8FC
S214016670101049452AD19DF81210514526D1BDF872
S2140166801410594522D13046029201F055F8A6F170
S2140166904103012B01460AD820461FF034FE0D4B5C
S2140166A00D4A204484420CD10421029302ACEDB27F
S2140166B032462046009503ABFFF72EFC09B0BDE835
S2140166C0F08F14F8011F4B405343EBE70135BBE74E
S2140166D0745D0020C59D1C81930100011FB50F4C00
S2140166E02478C4B142EA03229DF818308DF80510CB
S2140166F042EA43220A4BADF80C201A78094B8DF872
S2140167000610079903EB021300908DF80400DB686E
S21401671068460291984704B010BD00BFFE63002092
S214016720006400203446002073B51A4DFF211A4834
S2140167301EF04FF82B7853B3184C194E23781801D6
S21401674006EB03131A7A5968305C20F0BEF94D281F
S2140167501DD0E0B1012300212278CDE900311201DC
S214016760B25CC0B2FFF7BAFF0A2223780A480133A7
S214016770DBB2B3FBF2F102FB1133FF2123702B785E
S214016780013B2B7002B0BDE870401EF01AB802B093
S21401679070BD00BFFE630020D446002000640020C8
S2140167A034460020F8B5104F3E780A2E1AD00FC88E
S2140167B0DFF840C00D4D9CF80040013605EB04158E
S2140167C085E80F000A230134E4B2B4FBF3F203FBBD
S2140167D012440748FF218CF800403E701DF0F1FF7F
S2140167E00020F8BD0120FCE7FE63002034460020AF
S2140167F0D4460020FF6300200021024A0248FAF72F
S2140168005DB900BF29670100D4460020002337B5D3
S2140168100C46124D12492A78CDE9003312018A5CE2
S21401682001230146E0B2FFF759FFA4B90D490A78E2
S2140168308AB10A202B78013A0133DBB2B3FBF0F4BC
S2140168400A70FF2100FB143307482B7003B0BDE824
S21401685030401DF0B6BF03B030BD00BF006400205D
S21401686034460020FE630020D446002008B500F020
S214016870BDF850B1054B064A0649052808BF1A4619
S214016880BDE80840002001F009BF08BD261A040033
S21401689042250400471A040008B5032020F02FF90A
S2140168A010B90122014B1A7008BD00BF0164002017
S2140168B00022024B18781A70704700BF016400204E
S2140168C00246FF2101481DF073BF00BFF4460020B9
S2140168D0114B37B51D78C5B9FF2110481DF079FF5A
S2140168E0FFF7DAFF044600900D4B28460D4A0E4985
S2140168F001F0D4FE4CB10D4B1B78DB0605D52846BE
S21401690020F0D7F820461EF029FB094B186803B083
S214016910BDE83040FFF7D4BF01640020F4460020F4
S214016920641A0400921A0400E1F10300EF630020E8
S214016930046D0020FF2101481DF04BBFF4460020E6
S21401694070B51A4E054633780C466BB30020184ACC
S214016950184901F0BDFE032C01D0652C20D1164943
S214016960002001F0B5FE22460020144901F096FEF3
S2140169700020134901F0ACFE01232946082200201D
S21401698001F0F0FD00200F4901F088FE032C88BFBE
S2140169900023204688BF3370BDE87040FCF7BEB8C0
S2140169A0012CE0D00849DBE770BD00BF0164002080
S2140169B0921A0400E7F50300A51A04009EFC0300E2
S2140169C0C31A040042250400BB1A0400014B1860D8
S2140169D0704700BF046D00200021024A0248FAF702
S2140169E06DB800BFD1680100F4460020054B10B514
S2140169F01C782CB90448FF211DF0E3FE204610BD8B
S214016A000520FCE701640020F4460020F8B50024C8
S214016A10074B084E1D68084FE3B29D4204F101047E
S214016A2000D8F8BD394656F823001DF089F8F3E77B
S214016A305C97040060970400D06D002010B5044CEC
S214016A4023780BB120F04BF80123237010BD00BF53
S214016A503B7100202DE9F743254B0D4616460446AB
S214016A60019350B14AB1042301AA12F8011BA942AD
S214016A7035D0013B13F0FF03F7D1212003B0BDE869
S214016A80F08317F8010F90FAA0F0000E1DF094FAAB
S214016A90014608EB07039945F3DCCAB2C1F30F239D
S214016AA092FAA2F293FAA3F3120E1B0E03EB022341
S214016AB0DB43621912F8020C99B2DBB298420CD190
S214016AC012F8013CB3EB112F07D132462146284676
S214016AD003B0BDE8F0431FF06ABF2320CEE74FF6B0
S214016AE0FF71671EA5F10209C4F10108D1E700BFD5
S214016AF0080A0E12014B1870704700BF026400208E
S214016B00024B1A6818608260704700BF086D00204B
S214016B10024B186800B14068704700BF086D00203E
S214016B2070B5044600250A4B1B687BB100211E8800
S214016B3007E05A6802EB0110013145B9021B5542C4
S214016B4055418AB29642F4D89B68EEE7184670BD66
S214016B50086D00202DE9F04F1E46002393B0022E4B
S214016B60074688461446DDF870909DF874A0ADF887
S214016B701A3040F2C08099F800305A0729D5042E01
S214016B8040F2B98099F804B000255F4B33F8352000
S214016B90002A00F0B68001350A2DF7D1209B002B84
S214016BA040F0AD80FF250023207908AA0DF11901D8
S214016BB08DF819301FF035FB70B1BDF82C309DF8FB
S214016BC0190023801FF0AFFB0790C0B113B0BDE8DA
S214016BD0F08F99F802B0D7E720791FF053F80B2809
S214016BE0059000F28A8020791FF0AEFB07900028FE
S214016BF0ECD1464A059B02EB03135B8823804FF6D4
S214016C00FF73002F08BF434662880021CDE90023A9
S214016C1058465246238802F0FDFD18B1E38843F03A
S214016C202003E380209B07A90DA8CDE90D34CDF8FC
S214016C303C90ADF84080ADF842608DF844708DF818
S214016C4045A01FF001FB08B10798BFE7484602F0D0
S214016C5025FDA01D02F010FD2246414638461FF0D4
S214016C6036FCB04227D3E3882246C3F30E03E38003
S214016C709DF87C3041460393BDF878303846029340
S214016C800DF11A03CDE90093F3B21EF06EFD209BC1
S214016C90079003B3F8B9BDF81A2042B1092D06D8FA
S214016CA01B4B03EBC5018A80209A43F8352011203F
S214016CB0FAF7CCFB1CE0BAF1000F0AD10DF11A036A
S214016CC0CDE9006322464B4641463846FAF7D2FFE5
S214016CD0DDE73820DBE7052807D1E388DB0607D5A3
S214016CE0002301200793FFF705FF079B002BDED04B
S214016CF01FF01EFBA8E7012068E7212066E71C209D
S214016D0064E7EDB24FE700BF1C470020884700202C
S214016D10184700204FF6FF72024B1A805A809A805D
S214016D20704700BF765D002010B5044C2379FF2B19
S214016D3002D11FF002FF2071207910BD765D002080
S214016D4010B50C4C2379FF2B08D100201FF0EBFA6D
S214016D5020B91FF0F2FE20711FF0EAFA207902280E
S214016D6005D00438012894BF0020012010BD002062
S214016D70FCE700BF765D00204FF6FF7310B5044CAC
S214016D8022889A4202D11FF0CEFE2080208810BDB4
S214016D90765D002010B5FFF7BDFF40F61D43984213
S214016DA0044607D8B0F5416F05D2182826D815280D
S214016DB048D829D010BDA0F541630D2BFAD801A201
S214016DC052F823F0096E0100096E0100B56D01004D
S214016DD0B56D0100B56D0100B56D0100B56D010021
S214016DE0B56D0100596E01006B6E0100056E010064
S214016DF0056E0100056E0100056E010040F60643B2
S214016E009842D7D11C4920E0FFF7B6FF1B4902463E
S214016E10002001F043FC152C05D11FF06EFEBDE8E5
S214016E2010401FF01ABA164B164A1749B4F5416FAF
S214016E3008BF1A46002001F031FC1FF00DFA1FF0C2
S214016E400CFAECE71628DDD11049002001F026FCEB
S214016E50BDE810401FF023BB1EF06EFDBDE81040DC
S214016E6002460B49002001F019BC0020BDE8104085
S214016E70084901F013BC00BF22220400CF21040000
S214016E8042250400CA210400EB2104000B22040061
S214016E90372204005F22040007B5094A034610881A
S214016EA031B9084A084903B05DF804EB01F010BC9B
S214016EB00091064A064901F00BFC03B05DF804FB9D
S214016EC08E5D0020DEEC03007F22040082ED0300CD
S214016ED0E1F103000D4B37B51B68044693B11D78ED
S214016EE00389012D08BF02250093C37A084A0020B2
S214016EF0084901F0D3FB2146284603B0BDE83040DF
S214016F001FF0D3BD022003B030BD00BF544800209F
S214016F10F4220400A3220400002010B51FF003FA97
S214016F200D4B1B6863B15A78052A03D862B1052454
S214016F3002220AE0FF2AFAD00020084901F0AEFB3F
S214016F40BDE810401FF0F4B9144610461FF009FEC4
S214016F5020461FF004FEF3E754480020F9220400FF
S214016F6013B5134C00201FF0DEF9FFF7D3FE23689C
S214016F709BB101A81EF0D3FC78B923681A789DF856
S214016F8004309A4209D0D91E032906D9D11E0129F7
S214016F9003D9012A07D1022B05D1032301A8ADF895
S214016FA004301FF088FD02B0BDE810401FF0C0B9E4
S214016FB05448002000231946034A01330A2B9180C6
S214016FC042F8081BF9D17047184700207FB50E46D6
S214016FD005461FF072FD2A46044603460D49002069
S214016FE001F05CFB96B10C4B36211A889B78ADF804
S214016FF00C208DF80E300323002200934FF6FC7010
S21401700003AB8DF80D501FF0ACFC0446204604B0CF
S21401701070BD00BF1A230400947B0400FF2810B53E
S2140170200C4604D10020044901F038FBFE2021461D
S214017030BDE81040FFF7CABF33230400F8B51E466B
S2140170400B8807460C461546002B64D14A88B1F9D1
S214017050021000200029B8BF6B78304901F01EFBF2
S2140170606288132A1DD002F5FF437F339BB2052B9E
S21401707023D8A2F50042013A052A1ED8DFE802F01D
S214017080193F1D033C09264A2649002001F006FB4C
S21401709013E0254A2349002001F01AFB2A792349E7
S2140170A0F3E7022E94BF4FF6FF72B5F80120204990
S2140170B0EBE700201F4901F0F1FA33462A46214644
S2140170C0384620F044FC70B933462A4621463846F5
S2140170D020F03FFC48F2210362889A4203D13846E9
S2140170E069781FF0A7F86388B3F5004F02D9082026
S2140170F0FAF7C6F90120F8BD2A790F49C5E70F4A04
S2140171000849002001F0E4FA032E94BF4FF6FF72FF
S2140171106A880B49B9E70020EDE700BF6E2304003B
S214017120962304009D230400AE230400B423040028
S214017130C2230400DA230400F42304001624040006
S2140171401B2404002DE9F04116888AB0DFF88C80F4
S214017150ADF80E300DF10E03C8F800201546009369
S214017160324610AB07460C46FAF716FE90BB109B4C
S2140171708DF824000693BDF80E3004A8ADF81C3037
S214017180AB898DF81070ADF820306B890594ADF899
S2140171901E60ADF822301FF055F8D8B921463046AA
S2140171A0BDF80E30109A01F0C9FF98B92146304655
S2140171B0BDF80E30109AFFF741FF58B9CDE90060CF
S2140171C039462046BDF80E30109A02F049FB08B940
S2140171D0C8F800000AB0BDE8F08100BF14470020DF
S2140171E0F0B585B004AB03E9030000231C469DF807
S2140171F00D609DF80E70154AD9B202EBC1004568C4
S214017200EDB99DF80C30284600939DF80A209DF8AC
S2140172100B300F4901F05CFA26B1324628460D497B
S21401722001F056FA0C4A0020002C18BF2246BDF881
S21401723008300A4905B0BDE8F04001F02FBA12F84F
S21401724031100133B94208BF2C46D5E73C7B040018
S2140172502D2404003E2404004DEC030042240400C7
S2140172604FF6FF7310B5084C88B062889A4207D172
S21401727002A90DF107001EF050FBBDF81030638027
S214017280608808B010BD00BF765D00202DE9F04F84
S21401729085B0894692461C460746BDF83850BDF86B
S2140172A03C80109E002833D00346464A00204649BB
S2140172B001F00EFA2388002B76D040F20912934291
S2140172C074D0424A4249B3F5827F08BF0A46CDF8D8
S2140172D004806188002000913E4901F0F9F9238875
S2140172E093B1B8F1020F0FD933783B4913F0010F70
S2140172F03A4A18BF0A4659074FF000004CBF337987
S214017300B378374901F0E4F90020364901F0C6F9AF
S2140173100023354931F83320AA4249D1334A52F87D
S21401732033B0002331F83300DA00A84246D10020FA
S2140173302E490A44908041F8330047B9238833B96F
S214017340B4F90230002B02DB0820FAF77FF801209F
S214017350FAF796F89EB13578EB0710D515F00400CC
S21401736004D04246012130461EF0C7FFCDE9017028
S214017370434622465146484600961EF0E0FCBBF1C5
S214017380000F06D04346224651464846CDE90067DF
S214017390D8474346224651464846CDE900671EF087
S2140173A094F905B0BDE8F08F114A90E7114A8EE7CF
S2140173B001330A2BAED14FF0000BB2E701330A2B93
S2140173C0B0D1BAE736E30300692404004EEC0300AB
S2140173D057240400772404005A240400622404007D
S2140173E0A8240400422504001C470020184700205A
S2140173F050240400542404000D4BF0B54FF00C0C3F
S2140174001F88054600230B4EDCB2BC4201D3002088
S214017410F0BD0CFB04F43019345DAC4205D1448850
S2140174208C4202D104799442F2D00133ECE700BFDA
S214017430CA700020186D002073B501262B4D2C4C08
S2140174402A462046FF2300210096F9F701FB2A462B
S2140174502046FF2300210096F9F7FAFA2A4620462D
S214017460FF2300210096F9F7F3FA2A462046FF2368
S21401747000210096F9F7ECFA2A462046FF23002160
S2140174800096F9F7E5FA2A462046FF2300210096E2
S214017490F9F7DEFA2A462046FF2300210096F9F77F
S2140174A0D7FA2A462046FF2300210096F9F7D0FA9C
S2140174B02A462046FF2300210096F9F7C9FA2A46F4
S2140174C02046FF2300210096F9F7C2FA2A462046F5
S2140174D0FF2300210096F9F7BBFAFF232A46002175
S2140174E020460096F9F7B4FA02B070BDF94F0300D2
S2140174F0684700202DE9F84300244FF00C090C4B97
S2140175000C4F1E78DFF830803A88E5B2954202D3F8
S2140175103046BDE8F88309FB0585FF21A8681DF004
S21401752066F918B9AB799E4238BF1E460134EBE7BF
S21401753003640020CA700020186D0020014B1878E3
S214017540704700BF03640020014B1870704700BFEE
S21401755003640020F8B506460C461EF060FE05469C
S214017560C8B930461EF08EFB0B2815D80B4B03EB23
S21401757000131F7B87B95A88012122809A883046DA
S21401758062809B79237100F037FA39466071304684
S21401759000F032FAA07101252846F8BD8847002080
S2140175A070B504460E4615461EF06CFB0B2802D934
S2140175B04FF6FF7070BD094B03EB00131A7B002AD0
S2140175C0F6D146B901222946204600F03DFA0028A8
S2140175D0EED00088EEE7012EEAD1F4E788470020D6
S2140175E0FF2313B50DF1070104468DF807301EF091
S2140175F014FE18B19DF8070002B010BD074B03EB4F
S21401760004131B7B0BB1FF20F6E7204600F03AF986
S2140176100028F8D0204600F0E9F9EDE78847002079
S21401762013B5F6F70BFA0446F6F70EFA22460346AA
S2140176301249002001F032F800F084FFFFF7BAFC8F
S21401764000F0A6F80221084602F046FDFFF764FCAA
S21401765041F249001FF097FA4FF0FF130093FF2302
S21401766068468DF804301FF074FA4FF400401FF09E
S21401767052FA00201FF06FFA02B010BDF724040082
S21401768038B505461EF0EBFD90B928461FF097F970
S214017690044628B140F60443984214BF88248D243A
S2140176A023462A460020034900F0F8FF204638BD4D
S2140176B08D24FBE70F2504002DE9FF4705460E46FE
S2140176C017469846BDF83090DDF834A0BDF838402E
S2140176D0CDF80090CDE9014AE4B2FFF7D7FD434665
S2140176E03A4631462846CDE90094CDF808A020F068
S2140176F0F7F8FF21034B044A044804B0BDE8F047FD
S21401770000F01ABE825D00207E5D0020DB65002051
S214017710044B01461888102240F0404040F4801087
S214017720F6F79CBF92780400024B18685968FFF779
S21401773057BD00BF42BC04000123064AD15C81420A
S21401774002D1054AD05C704702335F2BF6D1002088
S214017750704700BF967B0400977B040070B500223B
S2140177600446094B1D78094BD0B2854201D8FF204B
S21401777070BD1E78A64204D10029F9D05E7BF607BB
S214017780F6D401321033EFE7046400208847002066
S2140177902DE9F04198B06B46304A1068516803C332
S2140177A090680CAA18602E4B14469C4603F11806E6
S2140177B0154618685968083303C5B3422A46F7D1F7
S2140177C012AA1746274B03F118061546186859687A
S2140177D0083303C5B3422A46F7D1234A03AB1068E0
S2140177E051684FF0010E03C3906871681860DCF8A9
S2140177F03000002206AB03C30C21EC46B068CDE98D
S21401780009221860194BDFF86C801970184B0DEBC4
S21401781001060B9206AD09A91CF8010B013218707E
S21401782034F8020B0C2A588037F8020B83F80DE067
S214017830988016F8010B03F1100303F80A0C15F8EB
S214017840010B08EBC00043F8080C11F8010B03F814
S214017850040CE1D118B0BDE8F08100BF2925040071
S214017860067F04001E7F0400362504000464002001
S21401787088470020007C0400014B1878704700BF41
S21401788004640020034B03EB0013587B00F0010057
S214017890704700BF88470020F0B504460846D9B1B6
S2140178A000220E4B11461F780D4B1D46D6B2B7422D
S2140178B001D8002010E01E78A64206D09E68F68801
S2140178C0314489B201321033F0E75E7BF607F9D511
S2140178D005EB02150180A868F0BD00BF0464002016
S2140178E0884700202DE9F347894690461D460746FE
S2140178F018B9002002B0BDE8F0870029F9D0002AA7
S214017900F7D0002BF5D0002400780DF10601ADF874
S2140179100640FFF7C1FF0028EBD039460DF10602FD
S214017920BDF806601EF0A3F807460028E1D00DF169
S2140179300602BDF806A01EF0C1F80028D9D0C9F885
S2140179400070C8F80000037913F0200219D1DB0695
S21401795014D4BDF806300C4A564413FA86F612FAC9
S21401796086F20BE01A790C33920642BF13F8092C03
S214017970891889B29842F5D8044A0A4401202A6037
S214017980B8E72146024BF5E727650020056400208D
S214017990407E040008B50021FFF7E0FEFF2817BF70
S2140179A0044B084603EB0013587B18BF00F0010098
S2140179B008BD00BF884700202DE9F0410D46164658
S2140179C01F461EF05FF90B280AD8074C3B4604EB0E
S2140179D0001032462946BDE8F04180681EF01FB906
S2140179E00020BDE8F08100BF88470020014B000160
S2140179F0185C70478847002070B50C461EF042F9A7
S214017A000B281BD80F4B03EB00139A68C2B1002357
S214017A10142618461579D9B28D4200D870BD116862
S214017A2006FB0311097B34B911F0800F1CBF01302E
S214017A30C0B20133EFE711F0400FF7E70020EDE7A2
S214017A401046EBE788470020F8B50D4616461EF0AF
S214017A5019F90B280BD80F4B4FF0140C03EB00133E
S214017A609A6800231C461779D9B28F4201D80020A4
S214017A70F8BD10680CFB0300017B46B911F0800FBE
S214017A8003D0AC42F4D00134E4B20133ECE711F098
S214017A90400FF5E7884700202DE9F04F0646002401
S214017AA03A4B87B01B783A4F0093009B9C4207D213
S214017AB0FF2E08D030461EF0E5F80B28044606D9FE
S214017AC007B0BDE8F08F07EB04131B7B2BBB23012C
S214017AD04FF00008019307EB041A14E014221B6808
S214017AE002FB05352B89B3F5967F01D924F0A0FE5C
S214017AF04FF000094FF00C0B29891FFA89F29142C9
S214017B000ED808F10108019B5FFA88F5FB189B68FF
S214017B101A79AA42E2D8FF2ED2D10134E4B2C4E7E0
S214017B201FFA89F00BFB00F06B6819180A7912F03E
S214017B30100F23D19AF800E012F0400F8DF80CE0F8
S214017B40B5F800E0185AADF80EE00CBF4FF0400E45
S214017B504FF0800EADF8120028468DF810E01DF0AB
S214017B6052FF5307ADF81400C8780AD50228896871
S214017B7000D90968002203A81EF021F809F10109BD
S214017B80BAE702288CBF89680831F3E7046400204D
S214017B9088470020052370B5094A06881488B44230
S214017BA008D19578047B2C403F2C03D90D4201D097
S214017BB0506870BD013B02F10802EFD11846F8E7A4
S214017BC0B07E040070B50024074D084E2B78E0B255
S214017BD0834200D870BD06EB0010437BDB0701D55E
S214017BE01EF02FF90134F1E70464002088470020D5
S214017BF0F8B50C4600210546FFF7B0FDFF2829D051
S214017C00154A060102EB00135B7B03F001016CB120
S214017C1043F001031644A142737305D0C4B100B208
S214017C2002EB00101EF00DF90120F8BD2346F1E726
S214017C307B4311682846CA18127BC95AD2091DF01F
S214017C406CFD0134B268E3B211799942F0D8EBE7E2
S214017C501427F7E70846E8E788470020F0B594467A
S214017C60497D20B339B3012918BF042100254FF6F9
S214017C70FF702F462A46144E3488644511D196F873
S214017C8003E01EEA010F0CD0B4789C4209D30AB176
S214017C90BC4206D81EF0100F03D08AB1BC420CD3EA
S214017CA070B90135072D06F10406E5D1F0BD0029AE
S214017CB008BF0821D8E70221D8E727460020F0E7C9
S214017CC027460122FAE700BF947E04002DE9F04F13
S214017CD00A9FBDF824E09DF82C809DF830904C7DDD
S214017CE078B394B3012C18BF04240025194800F179
S214017CF01C0C068896421ED190F803B01BEA040FAE
S214017D0019D08678464516D31BF0100F91F80FA0B0
S214017D1004D0BAF1000F0ED0B1F810A0BAF1000FDE
S214017D2009D1A94513D0AE4511D95E553E88013516
S214017D3001363E80ADB204306045DAD10120BDE89F
S214017D40F08F002C08BF0824CDE70224CDE70020E1
S214017D50F5E700BF947E04002DE9F04F0024B1F54D
S214017D607C4F0E4638BF4FF0010BA246A1464FF698
S214017D70FF781F4628BF274B85B028BFB3F800B051
S214017D80009001925C4503D3404605B0BDE8F08FF4
S214017D90B6F57C4F0CD3204B3A4603EB84033146B1
S214017DA05B880098FFF708FE054680B300232AE0AB
S214017DB03A46314600981DF095FFF5E70C229CB235
S214017DC054436A680199105B02EB040C884219D38C
S214017DD0B9F1000F01D0504514D861462846CDE9C7
S214017DE002321DF010FE029B60B1039A125BB9F1DC
S214017DF0000F03D0524501D3804503D992468046F1
S214017E004FF0010901332A899CB2A242D6D8013427
S214017E10A4B2B7E7F67B0400F87B04002DE9F04F27
S214017E2091461A4600238BB08DF82020BDF85020CD
S214017E308DF81C00ADF81E10ADF8242005460F463F
S214017E401A4604A907A8159C9DF858609DF85CA0E1
S214017E509DF860B09DF864800493ADF822901DF003
S214017E605AFE049850B92B46CDE90079644A654913
S214017E7000F014FC86200BB0BDE8F08FBAF1000FBD
S214017E8014D18378B34206D050465D4A5E4900F06D
S214017E9005FC8D20EFE7037913F0010306D11846A0
S214017EA0574A5A4900F0FAFB8820E4E703795B0752
S214017EB02CD583685A689B680592069380781EF0D5
S214017EC0BEFB049B0546DF782146022F03463A4651
S214017ED010D805A81EF06FFB81462B463A46214670
S214017EE006A81EF068FBB9F1010F01D001300DD1D3
S214017EF08720C0E705981EF05EFB0128F8D02B46C8
S214017F003A46214606981EF056FBEFE7BBF1000FF6
S214017F106FD1049F4FF6FF722146B8781DF011FD10
S214017F2000286BD0BDF82430C5B20093CDE90254C9
S214017F309DF82030BDF82220BDF81E109DF81C00CB
S214017F4001961EF07BF9002895D1BDF82430CDE9C5
S214017F5002540093BDF822209DF82030BDF81E1073
S214017F609DF81C0001961DF046FF002883D121468E
S214017F709DF8682007A81DF022FE00287FF47BAF3D
S214017F80B8F1000F07D03B462046BDF81E209DF8ED
S214017F901C101DF0B7FEBDF82430BDF82220BDF838
S214017FA01E109DF81C000093CDE901649DF8203059
S214017FB0FEF73CFBBDF82430BDF82220BDF81E10AC
S214017FC09DF81C000093CDE902549DF820300196DF
S214017FD01EF033F9BDF82430BDF822200093BDF819
S214017FE01E109DF820309DF81C001DF0DCFE0020C0
S214017FF041E70020064900F051FBF8E701203AE787
S214018000432504004F2504007B2504008F2504002A
S214018010A32504007FB500258DF80830BDF8203073
S2140180208DF80400ADF80610ADF80A20ADF80C3056
S2140180306946BDF82830099A01A80B9E00951DF0E7
S2140180406AFD044630B916B1009B9B783370204612
S21401805004B070BD8928FAD12846024900F01EFBFB
S214018060F5E700BFC02504002DE9F04F4FF0000AE8
S214018070C7B0FFF701FC5FFA8AF6B04202D847B0F4
S214018080BDE8F08F5B4B36019A5D00205A4900F03F
S21401809005FB0020594900F001FB00230593554BD1
S2140180A09DF8144033449B681A79A24202D80AF11B
S2140180B0010ADEE714224FF000091B6802FB0434B4
S2140180C022891FFA89F39A4202D8059B0133E5E714
S2140180D00C231FFA89F803FB08F8D4F804B024F03F
S2140180E0A7FB0BEB08052B79454913F0400F3BF82E
S2140180F0083022884FF000000093424B18BF0B4611
S214018100414900F0E5FA294620461DF07CFC074669
S21401811000283CD13D4900F0DBFA2979DFF814C18B
S21401812011F0010F3A4818BF604611F0020FAA7805
S214018130EB7832D1DFF800C111F0100F354918BFC6
S2140181406146CDE900010020334900F0C1FA2B79E0
S2140181503BF8082013F0400F4FF0000B4FF0FD03E3
S2140181600DF118082188CDE9023BCDE900782148B8
S2140181700CBF40238023805DFFF74CFF86280ED17D
S2140181802649002000F08AFA09F1010998E702461B
S2140181902349002000F09CFABFE72249D1E7A878DE
S2140181A01DF021FCD8B140461EF0ADF8421C92B23B
S2140181B001234146002000F0D5F93946208801F018
S2140181C001FA4FF6FF73984207D0174B174903EB96
S2140181D0C0035A68002000F061FA1549D1E7A87873
S2140181E01DF007FC20B140461EF092F8821CDEE727
S2140181F0EA78DDE7884700201226040020260400DE
S214018200EA250400EF250400602604008717040011
S214018210F7250400FA2504007426040090260400BD
S214018220312B040002260400807F040029F6030097
S21401823042250400F42504000A2604002DE9F04F27
S214018240C7B0BDF844A10646BAF1040F0D46144660
S2140182501F46BDF840B163D9CDE9013B00920B46FC
S21401826002463049002000F019FAFD230DF11709E6
S2140182700DF118083046029322463B462946CDE9C1
S21401828000B8CDF80C90FFF7C5FE0646B8B9FD223A
S214018290414699F800001DF054FB0746C0B1AAF10B
S2140182A00403834238BF892620461DF0E9FF8EB1BC
S2140182B0304600F01BF9304647B0BDE8F08F00901D
S2140182C023462A460020184900F0E8F90027EBE784
S2140182D08926E9E7DFF85CA0BA1CBAF80030C3F1DA
S2140182E0FF039A4219DA304600F000F999F80000C7
S2140182F000F0FCF8BAF800900C483A46414648446B
S214018300B94404F0F3FEAAF8009023462A46304604
S2140183100749009700F0C2F9CDE7892000F0E6F89A
S2140183208926C8E79C260400D7260400DB650020C2
S214018330FE2604007E5D002010B5044C2060044833
S214018340018004490A60044A136010BD50480020A9
S2140183507C5D00204C4800204848002030B587B09E
S2140183600AAC0D4654F8041B0093CDE901141346DC
S2140183700949024609480988006805941DF082FEED
S2140183804FF48A52064B1B681880064B1B685D80AB
S214018390DA8007B030BD00BF7C5D00205048002069
S2140183A04C4800204848002008B410B587B009ABF7
S2140183B00C4653F8041B0092CDE9011302460B4903
S2140183C00B4805930988002300681DF05BFE4FF4F7
S2140183D08A52084B1B681880074B1B685C80DA8042
S2140183E007B0BDE8104001B0704700BF7C5D0020BB
S2140183F0504800204C48002048480020044A0346C4
S21401840011680448044A0988126800681DF013B907
S2140184104C4800204848002050480020044B054A9C
S2140184201B6812681988044B18681DF077B800BFDE
S2140184304C480020504800204848002007B5074B0C
S2140184401B681B880192064A12680092054A126848
S2140184501DF0C5F803B05DF804FB00BF4C480020D2
S21401846050480020484800201FB51446064A1268A6
S2140184701288CDE901430091044B05491B68096840
S2140184801DF089F804B010BD4C480020504800206B
S21401849048480020014B1868704700BF4848002034
S2140184A0024B1B6818715971704700BF484800207D
S2140184B010B50024084B1C70FEF75EFC074BFF222C
S2140184C018802146064804F081FC064B1C80064BAA
S2140184D01C605C609C6010BDE5660020805D00202D
S2140184E0DB6500207E5D0020825D002007490B8849
S2140184F0FE2B9FBF064AD054581C80B29DBF0880F1
S21401850000F1FF3080180020704700BF7E5D00201C
S214018510DB650020F8B5094F0D463B885C18FE2C3C
S2140185200ADC074E0A46A4B20146F01804F0A0FC85
S2140185303C80641BA019F8BD0020FCE77E5D00208E
S214018540DB650020024B034A00201A60704700BF1B
S21401855054480020FC7B0400014B1878704700BF8C
S2140185608847002030B4044D044C002B0CBF2B462A
S214018570234630BC1DF0F0BE26E40300D1270400DC
S21401858070B5054608460C461DF0BDFE611C024648
S214018590024B2846BDE870401DF0DEBE442F0400A5
S2140185A000B5037889B0069343783E220593837815
S2140185B008490493C378039303790293437901939B
S2140185C083790093C3790448008800F081F809B0E4
S2140185D05DF804FB2C2704008E5D0020024B02464A
S2140185E00249188800F05AB88E5D0020CAEA0300D6
S2140185F02DE9F04705460E4617460024DFF844806D
S214018600DFF844A0DFF84490AC4201D1BDE8F08722
S214018610B8F8000006EBC401534608221DF09CFE84
S2140186200134B8F800003FB9044AA54208BF4A46DB
S214018630034900F04DF8E7E74A46F9E7422504000A
S214018640C9EA03008E5D0020D1270400D0D10300C3
S2140186502DE9F0410E4E044630881DF095FEA8B176
S21401866000250C4FDFF83080E3070AD518B94146DC
S214018670308800F02DF830882A46394600F028F870
S214018680002001351B2D4FEA5404EDD1BDE8F081E1
S2140186908E5D0020CD130400742404000EB417B5BB
S2140186A005A9044651F8040B019103F091FA012142
S2140186B00220054AF8F7ECFC044B1C8003B0BDE829
S2140186C0104003B0704700BF422504008E5D0020B5
S2140186D00EB417B505A9044651F8040B019103F031
S2140186E077FA034B1C8003B0BDE8104003B0704717
S2140186F08E5D002013B503680446587900F032FFFA
S21401870090B923685A88032A0ED0E17C5B79CDE9BB
S21401871000211649164AFFF7C1FF012120461DF028
S214018720D3FE012002B010BD637D012B0AD0637D0C
S21401873033B92368228A598858791DF0AFFA48B9A7
S214018740C3200AE02368228A598858791DF0AFFAB7
S2140187500028ECD020461DF019FE064B1B78002B96
S214018760DFD110F5807FDCD0C1B2D7E759270400EE
S21401877051270400DC660020002970B50F491D460C
S2140187800F4B14460CBF6E227922002808BF0B46F9
S21401879000200C49FFF79CFF0B4E2544AC4205D147
S2140187A0BDE8704000200949FFF778BF3146002038
S2140187B014F8012BFFF78CFFF0E700BF92270400A7
S2140187C0882704009B270400CF270400D20A040050
S2140187D02DE9F04FC27C8BB00592427D0368002ADA
S2140187E014BF80224022077D044685688689587911
S2140187F0B846B3F80290069200F0B4FEA0B9059B05
S214018800052B05D86FF02D03059A1341DB070BD511
S214018810B9F1030F08D0AB490020FFF73FFF012154
S21401882020461DF051FE76E0E37B1BB1228A002A2A
S21401883000F0B781607D0022B0FA80F05B4203F061
S2140188400403DFF88CB2400943EAC000ABF800200D
S214018850FFF74CFEE37B1BB3208A1DF011FD824619
S214018860A07CFFF743FE059A162A00F29A81DFE8FC
S21401887012F019009E016C005600D2016C009201A4
S214018880D9019A01E001E701EE01390102029801DE
S214018890980198011402580214027002390102026A
S2140188A09A46DDE700204B46874A8849FFF7F6FEE1
S2140188B00120FFF71BFE08F10207B74229D84146FF
S2140188C0324628461DF019FD8046236842465879EF
S2140188D0BBF800304946C3F1FF039BB20193238ADC
S2140188E00093069B1FF036F810B11FFA87F8E2E7EF
S2140188F0236842465879BBF800304946C3F1FF0366
S2140189009BB20193238A0093069BFFF797FC892865
S214018910EBD11DF0D3FD01200BB0BDE8F08F4FF079
S214018920000B0420FFF7E2FDF31E0893089B984511
S21401893052D3BBF1000FECD1E37B94F81480002BEB
S2140189400CBF02220422624B1A804FF0000B042057
S214018950FFF7CCFD5F4608F1030A564540F29D80BD
S2140189603246414628461DF0C8FC05EB08039B78B5
S214018970F21EAA44A2EB080207905146184692B28C
S21401898009931CF0DEFF0890002879D02268099B25
S2140189905079CDE901A3238A49460093DDE90632E1
S2140189A01DF0FEFA82464A460020079B4949FFF71A
S2140189B08FFEBAF1000F55D10BF10103504646491F
S2140189C05FFA83FBFFF76AFE089B08F1030813FAB8
S2140189D088F81FFA88F8BEE73246414628461DF059
S2140189E08CFC05EB08039F78089B08F10301A3EBB9
S2140189F008022944824692B2384609911CF0A1FF2A
S214018A00079068B323680999587902970191238AD8
S214018A10524600934946069B1DF012FB0746B8B125
S214018A200BF1010338465FFA83FBFFF75FFD504603
S214018A301DF026FC53464A4600202649FFF72EFE27
S214018A403A4600202549FFF729FE802F3FF471AFF3
S214018A50079B08F1030813FA88F81FFA88F865E7F8
S214018A608027DDE75046FFF741FD07981DF008FC1B
S214018A700137524600201949FFB2FFF70FFEA3E760
S214018A808720FFF733FD07981DF0FAFB0137872291
S214018A9012490898FFB2FFF701FE059B052B3FF42C
S214018AA03AAF002F7FF435AFBBF1000F05D10C496B
S214018AB05846FFF7F3FD8021B2E63846FFF716FD6C
S214018AC027E700BFDDDA0300DC27040029280400BD
S214018AD07E5D0020E6270400292704000228040002
S214018AE00C2804000599A84AA84B0020152918BF90
S214018AF01346CDF80090A64AA649FFF7CFFD059B81
S214018B000C2B14BF16200D20FFF7F0FC324628462A
S214018B1039461DF0F2FB059B3D440C2B0646AD780D
S214018B2035D1192D28BF1925E37BB3B14FF6FF7355
S214018B30278A9F4211D1206832464946069B4079D2
S214018B40FFF70AF9B84208D0BAF1000F05D0208223
S214018B508AF80000000A8AF801000020BBF80070BD
S214018B60FFF7C4FC236832465879059B4946A3F1B2
S214018B70150CDCF1000343EB0C03CDE90153238A0A
S214018B800093069B1DF080F9834BD855C1E6132D43
S214018B9028BF1325C8E72046FDF7D0FB00287FF441
S214018BA0BAAE81213CE62046FDF77CF8F6E7B9F13E
S214018BB00A0F05EB0708A6EB070A21D1DFF8DCB19F
S214018BC09BF80030E3B1E37BD3B9BAF1080F17D1B4
S214018BD03246394628461DF090FB88B998F802308F
S214018BE073B998F80320E22A0AD13246391D28467D
S214018BF005931DF07FFB1DF04CFC059B8BF80030A8
S214018C00414648461FFA8AF21EF0A6FE00287FF467
S214018C1082AE002104E6F21B484692B2E9191DF025
S214018C2029FBF3E7F21B484692B2E9191DF0E6FA72
S214018C30ECE7F21B484692B2E9191DF00BFBE5E79B
S214018C40F21B484692B2E9191EF088FEDEE7236859
S214018C50EE5D5879238A0137ED5D0193069B324616
S214018C60494600932B461DF04EF82A4631464846A3
S214018C701DF0C6FA4FE605987A1CE95DB31AA0F115
S214018C801606704270410039009018BF012148460F
S214018C909BB22A441DF0B6FAB8E7059BEE5D112B90
S214018CA03D446F7838D11220FFF720FC0025E37B86
S214018CB0B3B14FF6FF73B4F81080984510D1334620
S214018CC04A4621462846FEF7C9FF404508D0BAF174
S214018CD0000F05D020828AF80000000A8AF80100F9
S214018CE0BBF80080DFF8B0A0C8F1FE0292B208F12E
S214018CF00103009253444A4621462846CDE90267BD
S214018D00CDF804B0FEF7E2FFBBF800300AF8080021
S214018D100133ABF80030FCE51420FFF7E7FB012533
S214018D20C5E77B1C9E422CD3EF5D1D44003F18BF58
S214018D300127F31A9EB233462A4639460020FFF72A
S214018D401BFD00962B463A464846218A1DF05EFAE0
S214018D505CE77B1C9E4214D3EF5DF61A003F18BFFA
S214018D6001271D44B6B233462A4639460120FFF78D
S214018D7003FD00962B463A464846218A1DF044FAE2
S214018D8044E70020C8E500BF42250400D7270400B9
S214018D901D28040027280400DB650020DA66002071
S214018DA038B54FF6FB750446A9424FF001019DF810
S214018DB0100098BF43F40043217023816260A072C3
S214018DC002230020084A0949FFF768FCE07A084BAD
S214018DD040F6CA0203EB4010FF211BF0E9FCBDE898
S214018DE038400420F8F732BB372804004228040034
S214018DF09848002030B5054685B028B91D4905B00C
S214018E00BDE83040FFF74ABC0024007B1DF08BFA1A
S214018E102046194A19492C70FFF740FC184BE87A8E
S214018E20FF2103EB40101BF0D4FC2046154B02013A
S214018E309A5C22B901300428F9D1F8F721FB696858
S214018E4099B1B5F908302A899B1303F002038DF80E
S214018E500430C2F30E03ADF806304FF6FF73ADF8DB
S214018E600830002301A80393884705B0BDE83040C9
S214018E701DF05EBA6D280400372804009F28040000
S214018E8098480020584800200948037873B91946C5
S214018E90084AD3720133042B11731170516011818A
S214018EA0917202F11002F4D101230370704700BFE2
S214018EB0DB6600205848002008B5FFF7E5FF0023D1
S214018EC005491A018A5C01EB03101AB10133042B20
S214018ED0F7D1002008BD00BF5848002070B50D46E8
S214018EE00646FFF7D1FF0023094800EB0514A17AD7
S214018EF0B14205D1217819B12B4400EB031070BDA6
S214018F000133042B04F11004F1D10020F7E700BF70
S214018F105848002010B50446FFF7B6FF0E4B9C429A
S214018F2012D003F12002944210D003F14002944281
S214018F300ED060339C420DD10323084800EB03108A
S214018F40BDE81040FFF756BF0023F6E70123F4E71C
S214018F500223F2E70020F3E7984800205848002053
S214018F6070B50024064D074E2846324600210134CE
S214018F70F7F7A4FD042C05F12005F5D170BD00BF5F
S214018F8098480020158F01002DE9F34105460C464F
S214018F9017469846FFF790FF064640B91C4A1D49FA
S214018FA0FFF77CFB0224204602B0BDE8F0814FF6B5
S214018FB0FB739D420AD94FF6FD739D4204D00020F3
S214018FC0134A1549FFF76AFB4FF6FD7543462146DE
S214018FD03A4628461DF045FA044600F02FFE804624
S214018FE034B1234600200A4A0C49FFF757FBDAE75B
S214018FF03B462046064A0A49FFF750FB0623294608
S2140190003046089ACDF80080FFF7CAFECBE700BFCE
S21401901037280400AC280400D62804000B290400D5
S21401902034290400F7B506460C461746FFF744FFF9
S214019030054638B9104A1149FFF730FB022420468D
S21401904003B0F0BD21464FF48A5230461DF0D1FBE5
S214019050044600F0F3FD34B123460020064A0849D1
S214019060FFF71CFBEBE7009004233A4631462846FF
S214019070FFF796FEE3E700BF37280400AC2804009C
S2140190805C290400F7B506460F46FFF715FF0546AF
S21401909038B9104A1049FFF701FB0224204603B0F5
S2140190A0F0BD00224023114630461DF066FD044601
S2140190B01DF061FD34B123460020064A0749FFF73B
S2140190C0EDFAEBE7009001233A4631462846FFF7D2
S2140190D067FEE3E737280400AC2804008F29040064
S2140190E073B504460E46FFF7E7FE054638B9104A43
S2140190F01049FFF7D3FA0224204602B070BD0022C1
S214019100204611461DF03BFD04461DF034FD34B1EA
S21401911023460020064A0849FFF7C0FAECE700900C
S214019120234632464FF6FC712846FFF739FEE3E741
S21401913037280400AC280400BD2904002DE9F041BD
S2140191408846107800219EB014461D46FFF7C6FEDD
S2140191500646002800F0FD800778002F7BD0B8F87F
S2140191600010002940F0F5800389B8F8022043F486
S2140191700040824240F0ED80617800296BD1A2F573
S2140191800042062A00F2E580DFE812F0A100A10005
S214019190E300E3000700B8006900E3880D3DADF881
S2140191A02430238915F00105ADF8263063798DF852
S2140191B02830E37A03F1060214F812208DF81430F1
S2140191C08DF81C2042D10BA98E46069104F10C00A5
S2140191D05FFA85FC9C4500F1020009D210F8018C6B
S2140191E010F802CC01350CEB082C2EF802CBEFE779
S2140191F001EB43011A440891D2B2590001F10D0066
S2140192009A42C0B20BD025186D78205C783169443B
S21401921000EB0520013321F84C0CDBB2EDE7B6F983
S21401922008203389002AACBF01220322C3F30E03B0
S2140192308DF808206288ADF80A3005ABADF80C2031
S214019240049302A930461DF0F7F804E0424A434968
S2140192500020FFF723FA38461EB0BDE8F081042D42
S21401926002D83D4A3E49F3E72379053DADB29D421A
S214019270B4F8028002D0384A3A49E9E73A4A3B4B09
S2140192800020002D08BF13463949334ACDF8008027
S214019290FFF704FA05348DF81450B6F90830069431
S2140192A085B1002BACBF012303238DF82C30338905
S2140192B0ADF83080C3F30E03ADF82E3005AB0D9339
S2140192C00BA9BFE7002BACBF06230523EDE70B2D4B
S2140192D0C7D9D4F80200D4F8061013F4004F05AA33
S2140192E003C20CBF042203228DF82C206289C3F32B
S2140192F00E03ADF83020ADF82E30DFE7042DB0D9DF
S2140193006388ADF8303023790533DBB29D4206D051
S2140193100020114A17490095FFF7C0F99BE70E4A4E
S21401932000201549FFF7BAF9B6F908203389002A53
S214019330ACBF01220322C3F30E03ADF82E3005ABFA
S2140193400D93631D069323798DF82C208DF8143028
S214019350B6E700277FE700BF37280400EA290400A4
S214019360122A0400262A0400A2E203004225040071
S2140193704D2A04006A2A0400AB2A0400304BF0B5DB
S214019380B0FBF3F24FF4616503FB1200B0FBF5F39B
S214019390DCB205FB13033C25B3FBF5F3DBB2A0EB14
S2140193A004104B71C3EB0313A0EB83004FF4FA6375
S2140193B00B8040F201134B8001230C711F460024E1
S2140193C06425204E8871944200D1F0BD91F802C008
S2140193D013B1BCF1020F2BD006EB0C0010F801EC18
S2140193E0C87870450BBF012001300CF1010CC0B2EA
S2140193F008BF81F802C0C87088780D2816D10B887E
S2140194008F7001339BB298070B8014D1B3FBF5F034
S21401941005FB103080B280B94FF4C870B3FBF0FC86
S21401942000FB1C339BB2B3FA83F35B090134CAE732
S2140194304FF01D0ED4E70023F8E70123F6E700BF3F
S21401944080510100427F040010B5044688B006A989
S214019450FFF794FF9DF81E300A4803939DF81D30D0
S214019460049402939DF81C309DF81A200193BDF8D0
S21401947018300549009300889DF81B30FFF70EF958
S21401948008B010BD8E5D0020C42A0400026808B52D
S2140194901188154B198051885980517919711179A4
S2140194A059714FF48A51D980D28812F0200F0CBF1F
S2140194B00A464FF48B528169DA800C4A137831B927
S2140194C0C0880B4923F002030880137008BD43F0DF
S2140194D002031370074B15221846013103F0C8FC2E
S2140194E0002200F8012CF1E7825D0020E5660020ED
S2140194F0805D0020915D002010B5184C23685879D6
S2140195001CF0C0FB0B2822D8154B03EB0010027B86
S214019510237F9A421BD12368428819888A4205D044
S2140195204FF6FF70814212D1120410D42279023A0A
S214019530012A06D9A37B63B9BDE810400748FFF7A7
S21401954047B9198958791BF0D3FC0028F2D10020BD
S21401955010BD0248BDE81040FFF7CCB81C490020FA
S2140195608847002008B51CF08DFB0B2896BF024BE0
S2140195700020185C08BD00BFEA66002008B5002080
S2140195801CF0D1FEFF201CF0B0FB1CF0D1FE1CF03D
S21401959078FDFEF771F901210246064803F016FC34
S2140195A0054BFF21054A0648FEF7C6FEBDE8084002
S2140195B0FEF708BBEA660020825D00207E5D002083
S2140195C0DB650020F0B5002204464FF6FF750B4F11
S2140195D090B237F830600346AE4201D12846F0BD5E
S2140195E0A64209D1B4F57C4FF9D307EBC3035B88D8
S2140195F08B42F4D00029F2D00132E9E7807F0400E3
S21401960010B50446FFF7DEFF094A034610884FF6F9
S214019610FF72934214BF074A2246BDE8104017BFA7
S21401962002EBC30304495A680449FFF751B800BF67
S2140196308E5D0020807F0400E72A040029F60300DF
S214019640034B18780130C0B2187000F07F007047E5
S2140196503D710020044A137818B143F001031370DA
S214019660704703F0FE03FAE7E5660020014B187029
S214019670704700BFE866002038B1074B1B78012B06
S21401968004D1038843F0400303807047022BFCD1CA
S214019690038823F04003F7E7E866002068B1074A2D
S2140196A01378012B07D1064B1B781370037843F010
S2140196B01003037001E0022BF8D07047E766002024
S2140196C0E66600207FB50121264B274E19703378B8
S2140196D00246D90744D42549096881B10868C1887A
S2140196E08D0641BF224CE18841F02001E180C1880E
S2140196F04C0641BF1E48C18841F04001C1801D4D46
S2140197001D492878097840074CBFE97069701B49E4
S21401971013F00204098809D0164A19481CF086FD80
S214019720337823F00203337004B070BD154B1888EC
S2140197304FF6FB73984208D80B46CDE90052014616
S2140197400B4A20461BF04BFFEEE74FF6FF73CDE9C1
S214019750014200930A46074B05491BF01CFFE3E74D
S2140197600020E1E7DC660020E566002018490020BD
S214019770825D0020DB6500203E7100207E5D0020BA
S214019780905D0020805D002070B503790446012BB2
S2140197900D46164631D883681B78DB0600D561B3C3
S2140197A0A37B13B9E37C0B2B27D00022144B1A8022
S2140197B0637DB3FA83F35B09D800E37BABB9FEF7AD
S2140197C095FEA07CFEF792FE0B20FEF78FFEE07C56
S2140197D0FEF78CFE2846FEF789FE2046FFF756FE6A
S2140197E03046BDE87040FFF76DBF40F00400FEF75D
S2140197F07DFE208A1CF044FDE3E7002070BD00BF1B
S2140198007E5D0020024B0A4601461868FFF7BCBF82
S21401981018490020F0B4054618460F4B0C461B7835
S214019820BDF81010012B0D4E01D0377827B100235B
S21401983033700020F0BC70470CB9002AF9D143B14F
S2140198404FF65743994204D02B462246F0BC1CF0F3
S214019850D3BC0120EEE700BF3F710020E96600207F
S2140198602DE9F04F684C4FF0000A2546844696468F
S21401987098460F46654B664E83F800A00FCE0FC57F
S21401988096E80F0085B085E80F00DDF83C90BDF83E
S214019890383072460093394643466046CDE9019416
S2140198A000F0DCF8DFF89081064670B90025FEF777
S2140198B0FFFD16220021574803F088FA00232846A8
S2140198C0C8F8003005B0BDE8F08F534BA27CC8F84D
S2140198D000401A70514B1B78002B36D01CF0DBFD74
S2140198E04F4902465046FEF7F3FE2268504653792A
S2140198F052884C490092A289FEF7EAFE50461CF0B7
S21401990043FD20B12368218A5888FFF779FEE37B5F
S21401991023B10020228A4449FEF7DAFEA36800201C
S2140199201A78E37C41490093A37CFEF7D1FE207DA3
S214019930A289A168121A01440123002092B2FEF7FF
S21401994011FE00203A49FEF7A9FE2F48FFF79EFDBB
S2140199502D481DF0FAFF054630BBB9F1000F25D1A1
S2140199602168E0880B8801904988BA1E032A009175
S2140199708CBF002201220121E07CFFF74BFF38B9A2
S21401998023685B79FF2B3AD0FFF7B6FD05468EE7D5
S2140199902368DB889A06F3D40121264C1A482170E5
S2140199A01CF092FD84F80090354680E7B9F8143033
S2140199B09B07E5D47AE75846FEF718F882465846DC
S2140199C0FDF760FF88B123685046228A59881CF04B
S2140199D05CF950B13846FFF759FD236889F804A0B1
S2140199E083F805A0FFF788FD00B92846054601362D
S2140199F0FDF742FF5FFA86FB5845DCD857E700269D
S214019A00014FDFF83890F3E71C490020DC660020A0
S214019A10607F0400905D00203E7100203C710020B4
S214019A20002B0400092B04002A2B0400362B04000B
S214019A30ECDB0300E966002018490020825D002067
S214019A400023054AD15C814202D31A4450787047FC
S214019A500233DBB2F6E700BF4E7F040073B515464E
S214019A602E781A4616F0040F0CBF032605269E42D2
S214019A70089C08D9224A234900960020FEF70EFECC
S214019A80002002B070BDBDF8183021712060E3805F
S214019A90A560A2812B7803F00103A3732B7803F052
S214019AA00403002B14BF01210021E1732978C1F3BF
S214019AB0C00161754FF00101217518D028461CF0D0
S214019AC01CFC237D208202332375227D531CDBB2CE
S214019AD02375A95C0232D2B2A1742275EB5CE374E1
S214019AE0A3899A4205D900920749054AC5E7238208
S214019AF0EBE7079B0120A36100232377C1E700BFA3
S214019B0036E30300792B0400952B04002DE9F74377
S214019B100024204FDFF89C80DFF89C90E0B21CF018
S214019B2068FFFF2805460FD12346012102201A4A65
S214019B30F7F7AEFA194B013418781AF03BFA152CE0
S214019B40ECD103B0BDE8F08346B238EA260328BF5D
S214019B504B4601210093022057F82430104AF7F7AC
S214019B6097FA002EE6DA0923E340DB070AD50D4A09
S214019B700D4B15F0010F18BF1A4601210220F7F709
S214019B8087FAD7E70A2CD5D1084A094B15F0010FF9
S214019B90F1E700BF987F0400EE2B0400407100201F
S214019BA0162C0400C72B0400B12B0400E32B040081
S214019BB0D92B0400A2E203004225040008B5542272
S214019BC00021024803F002F9002008BD7E5E002055
S214019BD008B55422FF21024803F0F8F8002008BD1A
S214019BE02A5E0020024B23F810100020704700BFA9
S214019BF02A5E0020002310B4074ADCB2A14203D833
S214019C005DF8044BFFF7DABF2A2BF9D032F8024B86
S214019C1020F813400133F0E77E5E0020002310B5E4
S214019C20054A994201DD2A2B00D110BD32F8024BBC
S214019C3020F813400133F4E77E5E0020024B1878CB
S214019C4000F07F00704700BFF6660020034B1878CF
S214019C500130C0B2187000F07F007047F666002031
S214019C6030B51C4600238BB0ADF82220021D92B2FF
S214019C70012A0E9DADF82030ADF81E10ADF81C304F
S214019C8003D94FF6FF7290420FD10022CDE903525D
S214019C90CDE90124094B01461B784FF6FF7000936E
S214019CA007AB1CF0C6FE0BB030BD0146CDE9015333
S214019CB01846009407AA1CF0D8FEF4E7417100206C
S214019CC038B505464FF480500C4603F085FA4FF43C
S214019CD080532860236030B940F2A511BDE83840B2
S214019CE0014822F098BD38BD052D04000048704794
S214019CF03C600020014B1878704700BF5A71002065
S214019D00014B1888704700BFD2700020014B1878AD
S214019D10704700BF53710020014B1878704700BF91
S214019D20FA660020014B1878704700BF4E7100207C
S214019D30014B1870704700BFFD660020014B18707C
S214019D40704700BFFC660020014B1888704700BFB3
S214019D50D07000202DE9F74F4FF00008394B3A4FED
S214019D6093F80090394B3A4E3A4D3B4C3B483C49B0
S214019D70DFF8F4C0DFF8FCE0DFF810A1DFF810B17F
S214019D800193019B2037203301935FFA88F39945AD
S214019D9006F1200605F1200504F1200400F120005B
S214019DA001F120010FD8002211462E4B2E4D1C78B2
S214019DB02E4E2F4B2F4FD0B2844203F1200338D8BA
S214019DC003B0BDE8F08F2C4B2C4A47F81C3C00230F
S214019DD046E907232A4A47E9063E45E90723294A71
S214019DE046E905E344E90723274A45E905E340E94F
S214019DF00723019A44E905E340E905E341E908CA76
S214019E0041E9063E47F820CC47F8103C46F820CCFE
S214019E1045F820CC44F820CC40F820CC41F8103C42
S214019E2008F1010842E908CB42E9063E42F8103C37
S214019E30A7E743E9085643E9061743F8101C013221
S214019E40B9E700BF5E710020F44C0020F44B0020FF
S214019E50D44C0020B44C0020544C0020344C00203C
S214019E60144C002058710020705B002069C9020064
S214019E70744C0020422504006D900300458F0300BA
S214019E80A591020045AB0200AD690300190F03005E
S214019E90A9800200002208B5074B1A605A601CF020
S214019EA077FD064B18701CF073FD054B1870054BBB
S214019EB01A78054B1A7008BD125B0020386700201F
S214019EC0376700204C71002036670020002100B55E
S214019ED093B008466A460AF0E7F90146C8B90E4B40
S214019EE00E4A09930E4B0D920A930E4A0E4B0E9292
S214019EF00B930E4A0E4BCDE90F230C930D4B6A467E
S214019F0011930AF087FC003818BF012013B05DF8E2
S214019F1004FB0120FAE700BFD78A0300418D020047
S214019F20DB8C030001620200DB6903006D9C02000A
S214019F303B8D030071890200084B1878112806D85A
S214019F40012809D9064BC34003F001007047A0F170
S214019F504303584258417047002070473A67002033
S214019F603400020008B5064B1B78013B022B05D8CE
S214019F700020FFF7E1FF0138C0B208BDFF20FCE773
S214019F803B670020044B00F1100250F8041B90427E
S214019F9043F8041BF9D170473C670020044B03F1DA
S214019FA0100253F8041B934240F8041BF9D1704782
S214019FB03C67002030B5002491B0114B0546214680
S214019FC014220BA8CDE9094302F000FF102209ABC9
S214019FD0CDE900440693CDE90452CDE90252094B7E
S214019FE009490AA819F0E5FB04460AA81DF04AFA31
S214019FF01CB1A021054822F00EFC11B030BD00BFF7
S21401A00000248000004440043C670020AC2D04007E
S21401A01070B5002490B0154B05460E461422214615
S21401A0200BA8CDE9094302F0D1FE102209ABCDE918
S21401A030004406933146CDE90452CDE902520C4B59
S21401A0400AA819F0B6FB04460AA81DF01BFA1CB1B3
S21401A050BA21084822F0DFFB099B102B03D0BB2155
S21401A060044822F0D8FB10B070BD00BF0024800069
S21401A07000444004AC2D040030B50D4600218FB0DD
S21401A080124B0446142209A8CDE9071302F09EFEDE
S21401A090102207ABCDE90242CDE9004204932946DE
S21401A0A00B4B08A819F087FB044608A81DF0EAF92F
S21401A0B01CB1D121074822F0AEFB079B102B03D021
S21401A0C0D221044822F0A7FB0FB030BD0024800047
S21401A0D000444004AC2D04000022034B1870034BCF
S21401A0E01970034B1A7070474D6700204E670020A9
S21401A0F04C6700202DE9F04FDFF89080064698F86F
S21401A10000300D4685B0002B3AD04FF6FB739842CF
S21401A11036D84FF0000B1C4FDFF874A03C7898F847
S21401A12000305FFA8BF94B459AF8000011D9484484
S21401A13002AA0DF10601C0B214F00CFB0822294652
S21401A1400DEB020003F08EF90BF1010B0028E6D1AE
S21401A1504C463B78A34208D198F80020631CDBB23A
S21401A1609A423B7004BF00233B70324629469AF858
S21401A17000301C44E0B205B0BDE8F04F14F0D8BB87
S21401A18005B0BDE8F08F00BF4C6700204E67002089
S21401A1904D6700202DE9F74F06460D4614461F462B
S21401A1A04FF0010BDFF8789003F10C0A15B903B0F4
S21401A1B0BDE8F08F102DA84628BF4FF010083A468C
S21401A1C0164B5FFA88F152F8040B524543F8040B1C
S21401A1D0F9D101919AF8002011481A70002389F8E4
S21401A1E00F4089F800B089F80E30FFF7E3FE3246DB
S21401A1F001340B480199E4B212F801CB10F8013B87
S21401A20083EA0C0302F8013C931BDBB28B42F3D3C7
S21401A210A5EB080816461FFA88F5C7E75067002021
S21401A2204F6700202DE9F04F9046914685B000908B
S21401A230981A029383B20193009B0F46354903F1A6
S21401A2400C0453F8045BA34241F8045BF9D11B7874
S21401A250314E0B7049233370019BF0731B0A304655
S21401A260B373FFF7A7FE0221BB460D46737888EA53
S21401A270030373704FF0000A1DE0C5F11004A9EB4B
S21401A2800A039BB2A4B29C4228BF1C4600231FFAB5
S21401A29083FCE8186445C0B21FD82544EDB2A34438
S21401A2A0102D54441FFA84FA05D100253046039137
S21401A2B0FFF780FE0399D145DFD807EB080B25B1E0
S21401A2C015480391FFF776FE039901294FF0000523
S21401A2D00DD00121DDF80490CCE71BF803C016F879
S21401A2E000E001338CEA0E0C06F800C0CFE7029BB3
S21401A2F009491F44094B38461C78224602F0F6FEEF
S21401A3002A4621463846009B05B0BDE8F04FFFF7C8
S21401A31041BF00BF506700204F6700205F710020DB
S21401A32030B540780C4601284FF0110387B001F193
S21401A330100516D1144A01A90AF0F4FF234601AC10
S21401A340224618685968083303C2AB421446F7D14F
S21401A35011230D4A002001A90AF0E4FF002007B0EE
S21401A36030BD0120094A01A90AF0DCFF234601ACF1
S21401A370224618685968083303C2AB421446F7D11F
S21401A3801123024AE6E700BF75E4010079EB0100FC
S21401A39030B50C46407887B001284FF011030DBF49
S21401A3A00B4A0C4A012001A918BF01A90AF0BAFFFD
S21401A3B0234601AA05AD144603CCAC421860596089
S21401A3C0224603F10803F6D1002007B030BD00BFD6
S21401A3D075E4010079EB010010B50C4688B01A232C
S21401A3E00C4A01A901200AF09DFF21460DF10E033A
S21401A3F004F1100251F8040B914243F8040BF9D111
S21401A4001A230020034A01A90AF08CFF002008B095
S21401A41010BD00BF24E10100F0B58BB004460D4627
S21401A4201EF01EFBA8B101A812F044F988B1667BA4
S21401A430271D16F0020F05D00822384601A903F0A1
S21401A44011F8D0B901AB46F0020603CB6060796023
S21401A45066731A230A4A03A901200AF063FF2946F4
S21401A4600DF116030DF1260253F8040B934241F841
S21401A470040BF9D100200BB0F0BD2D20FBE700BF87
S21401A48024E10100F0B50546071D00220C463846BA
S21401A490082193B01EF072FA6A7B0646D0070BD5E8
S21401A4A0687808A91CF01FFFDDF83D306B60DDF809
S21401A4B041307B6080B10BE0910709D5D2000121C4
S21401A4C0384602F080021CF019FFFF28687002D19E
S21401A4D02D2013B0F0BDD6B1687801A91CF0A0FEFE
S21401A4E09DF81C305B0604D54FF4C6710A4822F06D
S21401A4F092F9234603AD07AC2A4603CAA242186066
S21401A5005960154603F10803F6D10020E1E708A9D2
S21401A5101CF0E9FECEE700BF462E04002DE9F0410F
S21401A52006468AB01F480F4615460024FFF736FD3B
S21401A530002C01A914BF4FF05C0C4FF0360C102311
S21401A5408846184A12F8010B013B8CEA000013F00A
S21401A550FF0301F8010BF5D105A81FF04AF84246A2
S21401A560102105A81FF049F8C4B93946324605A896
S21401A5701FF0ABF82A460DF1140C0DF1240E6346BC
S21401A58003CB7345106051609C4602F10802F6D178
S21401A59014B10AB0BDE8F0810124C9E72A461021AA
S21401A5A0E5E700BF7F6700202DE9F04791460D469D
S21401A5B0C0B09DF82041DDF828811E46DFF87CA05A
S21401A5C09DF8243107462246494640468AF800301F
S21401A5D002F08CFD9DB12346324641463846FFF7D0
S21401A5E021FEB44207D9A11B3B46012289B208EBE2
S21401A5F00600FFF7CFFD002040B0BDE8F087A11BA5
S21401A6003B46012289B208EB0600FFF7C3FD22464E
S21401A6104146684602F06AFD324669463846234698
S21401A620FFF700FE9AF800200DEB040109EB040089
S21401A63002F018FF0028DED02C20DDE75F71002035
S21401A64038B50346104601F1100451F8045BA142E7
S21401A65042F8045BF9D104491BB1FFF7D9FC00208D
S21401A66038BDFFF709FDFAE77F67002030B50546DC
S21401A67089B069461CF058FC6B8804ACABB1224625
S21401A680294668461CF0F0FB0E4A08AD234603CB6C
S21401A690AB42106051601C4602F10802F6D109482F
S21401A6A0FFF770FC002009B030BD6B46054D1A4619
S21401A6B003CAA24228606960134605F10805F6D16F
S21401A6C0EDE700BF7F67002050B10B4B0B4A03F14B
S21401A6D0100153F8040B8B4242F8040BF9D1704772
S21401A6E0064B054A03F1100153F8040B8B4242F85E
S21401A6F0040BF9D1704700BF7F6700205F67002019
S21401A70008B51022024802F0B3FB002008BD00BFC6
S21401A7106F67002008B508461022024902F0A8FB20
S21401A720002008BD6F67002010B5044686B001A959
S21401A730114A112301200AF0F5FD9DF8143001A8F5
S21401A740E3701FF01DFB80F001000C4A01A9607048
S21401A750112301200AF0E6FD9DF8143001A8A3702C
S21401A7601FF00EFB80F00100207010F03DFB6060D2
S21401A770002006B010BD00BF75E4010079EB0100B2
S21401A78010B5044686B01123134A012001A90AF028
S21401A790C9FDA3789DF814209A4207D08DF814308D
S21401A7A0002011230C4A01A90AF0BCFD11230B4A13
S21401A7B0012001A90AF0B6FDE3789DF814209A421B
S21401A7C007D08DF8143000201123044A01A90AF09D
S21401A7D0A9FD06B010BD00BF79EB010075E40100CC
S21401A7E02DE9F04186B0064603A80C4612F000FF9C
S21401A7F0054600284AD1BDF80C30980646D51022E9
S21401A8002946204602F0E2FA01A811F053FFC0B132
S21401A810777B06F1040817F0020F06D0082240469F
S21401A82001A902F01FFE00282ED101AB47F0020756
S21401A83003CB7060C8F804107773238843F00803CD
S21401A8402380238843F00203238011F00DFB606010
S21401A8501EF006F930B10E4B1B68A360238843F047
S21401A860040323800B4B1A68D1035EBF238843F091
S21401A87010032380130203D5238843F40063238047
S21401A880284606B0BDE8F0812D25F9E72425F7E72F
S21401A890244D0020284D002010B5D0E9023253F88F
S21401A8A0223090B01C684022694620461CF08EFD7E
S21401A8B0034630B1224600200549FDF7EFFE10B0F1
S21401A8C010BD012269460820FDF792FEF7E700BF9A
S21401A8D0F82E040070B500F0B1F800280CBF6E2207
S21401A8E0792200201349FDF7D9FE00F0A7F8F0B150
S21401A8F01CF080FD00280CBF6E22792200200E4934
S21401A900FDF7CCFE082200200C49FDF7C7FE002506
S21401A9100B4C0C4E234654F8042C314600200335CC
S21401A920FDF7BCFE182D04F10C04F3D170BD3F22D7
S21401A930E4E700BF302F0400472F0400572F040020
S21401A9404C4E0020762F040070B51CF038FD0446EE
S21401A95021490020FDF7A2FE2CB92046BDE8704033
S21401A9601E49FDF79BBE00F0BBF805461C4B62690D
S21401A9700020002A08BF1A461A492668FDF78EFEEF
S21401A980A28800201849FDF789FE1849E2880020B0
S21401A990FDF784FEA388228913F010001ABF002059
S21401A9A013491449FDF77AFEE26800201249FDF7C3
S21401A9B075FE226900201149FDF770FE104A114B01
S21401A9C00020B6F5817F38BF13460F492A46BDE8F9
S21401A9D07040FDF763BE00BFAB2F0400B82F040024
S21401A9E0C6FE0300D92F0400F72F04001830040018
S21401A9F03530040052300400703004008E300400FC
S21401AA00A32F0400992F0400AC30040038B501468A
S21401AA1000230C25084A05FB03F4A0181459013439
S21401AA2004D10C2202F024FA002038BD0133082B91
S21401AA30F1D10120F9E700BF484E0020034B1878FA
S21401AA40012894BF00200120704700BF91670020B5
S21401AA5038B50446044D2878A04203D021461CF0A0
S21401AA608EFC2C7038BD00BF9167002000B58FB0FA
S21401AA703422002101A802F0A9F901A8EEF7EAF9AB
S21401AA800598D0B182680E4BB2F5803F34BF92B2C2
S21401AA90C2F38F2241881A81028828BF41F0100133
S21401AAA01A6042689980DA80C268DA6002691A61BF
S21401AAB042695A61027E18461A760FB05DF804FBA9
S21401AAC0CC4D0020054B1B7820B1012B04D8022069
S21401AAD0FFF7BEBF012BFBD8704700BF9167002070
S21401AAE010B5084C237853B91CF069FC0123237078
S21401AAF028B10368B3F5817F24BF037E23702078D5
S21401AB0010BD00BF9067002070B5184B1B78012B55
S21401AB102BD81CF037FC164D024616490020FDF7CF
S21401AB20BDFD0120FFF7CEFF2E78FF2E1DD1FFF7CA
S21401AB309DFFC8B1848860223146C4F340040E48A4
S21401AB402C7002F043F9602231460C4802F03EF9BF
S21401AB505CB1FFF7C5FF042807D9BDE8704040F295
S21401AB602B11074821F057BE287070BD9167002051
S21401AB7060710020CF300400484E0020E84D0020D0
S21401AB80E13004002DE9F04FDFF884928DB003AB7D
S21401AB9007468846144699E8070083E80700FFF74A
S21401ABA0B3FFFFF79DFF944B06461D784B46012DDC
S21401ABB040F07081012840F27281B7FBF0F200FB91
S21401ABC01272002A00F06B818C4900228B46D1F864
S21401ABD000C0BCF1FF3F04D0087A6044874200F011
S21401ABE019810132082A01F10C01F0D193E807001E
S21401ABF006AE0DF1240A86E807008AE80700FFF78B
S21401AC006FFFB7FBF0FB00FB1B7BA0EB0B094A4673
S21401AC10414606460AA809978DF82C9002F066FA76
S21401AC2000224FF00C0E764902E00132082A0ED0BF
S21401AC300EFB02F000EB010C08580130F5D19AE842
S21401AC4007008CE807006F490A7801320A70A145AF
S21401AC5004DD4FF4E2716C4821F0DDFDA41B5C4479
S21401AC604F44A1B217FA84F4B4FBF6F206FB124283
S21401AC70C8448E1A91B1A41A08EB060107A88DF8EC
S21401AC802020069402F032FA06A8FFF7BFFEFF283E
S21401AC9004D140F2D9115C4821F0BDFDB6B2B6B17F
S21401ACA00320FFF7D5FE802E0AD832464146574884
S21401ACB002F01CFA3246384654491CF06BFB054636
S21401ACC00220FFF7C5FE28460DB0BDE8F08F00252F
S21401ACD0F9E74FF40E714C4821F09DFD464B1B7869
S21401ACE0012B00F0E380002C36D00320FFF7B0FEE6
S21401ACF0802C2FD822464146444802F0F7F92246D6
S21401AD00384642491CF046FB05460220FFF7A0FEE6
S21401AD10DFF8F09099F8003093B1039CFFF7E0FE5E
S21401AD20374B002798461A68511C04D0197A411AE5
S21401AD30521A944224D00137082F03F10C03F2D1A2
S21401AD40002DC0D1039B0133C1D003A8FFF75EFEDF
S21401AD500546B8E70125D8E72546D9E740F26D2133
S21401AD60294821F058FD012524E0012D30D0802E00
S21401AD702FD83246254903981CF00CFB054628E0DF
S21401AD80002DA0D10C247C4308EB04039DF814A0ED
S21401AD9093F808B00AEB0B03802BDFDC1B4B524603
S21401ADA004A9184602F0A2F9211D5A46414450440E
S21401ADB002F09CF90C2303FB07839DF814201B7AF1
S21401ADC013449E42D1D040F273210F4821F023FD57
S21401ADD001250220FFF73CFE99F8003013B1013B34
S21401ADE089F800304FF0FF3308EB040248F80430CE
S21401ADF0C2E9013367E700BF60710020484E0020BA
S21401AE00E84D00208F670020E13004004C4D002003
S21401AE10FC7F04004FF00C0A0AFB02B3187AA6EB7B
S21401AE2000095FFA89F9A14501D35FFA84F90AFBA3
S21401AE3002FA0AF1040528444A464146584402F0FB
S21401AE4055F90BEB0A031A7AA4EB09044A44D2B269
S21401AE50B242A4B21A7219D103200193FFF7F8FD8A
S21401AE6032460BEB05015BF80A001CF093FA054627
S21401AE700220FFF7EDFD4FF0FF32019B4BF80A2051
S21401AE80C3E90122002D7FF41EAFC844002C3FF415
S21401AE901EAF4F44104B1B78012B7FF424AFB7FB3A
S21401AEA0F6F306FB1373002B7FF413AFE319B3FB22
S21401AEB0F6F506FB1535002D3FF415AF641B5B1B3D
S21401AEC008EB04012A4604A80393A4B202F00EF983
S21401AED08DF8145007E700BF6071002070B5134B62
S21401AEE01B78012B0CD1FFF70FFE0026104D55F8ED
S21401AEF0043C013306D10336182E05F10C05F6D1B4
S21401AF00002411E00320FFF7A3FD55F8044CFFF7DA
S21401AF10E7FD2946024620461CF03CFA044602207C
S21401AF20FFF796FD002CE6D0204670BD607100202C
S21401AF304C4E002070B505460C46FFF7E5FD052092
S21401AF40FFF786FD214628461CF032FA0646022007
S21401AF50FFF77EFD00220A4B2C441968481C08D0D6
S21401AF60A94206D3A1423EBF4FF0FF31C3E900110B
S21401AF7099600332182A03F10C03EED1304670BDF6
S21401AF80484E0020D0E9023253F8223010B51C6832
S21401AF90204600F095FA28B12146BDE81040024847
S21401AFA000F002BE10BD00BF7B31040008B5D0E939
S21401AFB0023253F82230186800F06CF920B1BDE86F
S21401AFC00840024800F0F0BD08BD00BF9D310400F6
S21401AFD02DE9F041D0E9023253F8221003EB820347
S21401AFE05B680F681D789AB0642D04D964211148F6
S21401AFF000F0DAFD64252A46384601A900F002F978
S21401B000044698B90C4800F0CFFDDFF8348001AE55
S21401B010013DA54202DC1AB0BDE8F081391940466F
S21401B02016F8012B00F0C0FD0134F2E7034800F0EA
S21401B030BBFDF0E7C0310400E03104000A32040031
S21401B040F73104002DE9F04700252D4FDFF8E080A9
S21401B050DFF8E0908CB0284603A900F0EFF810B1B5
S21401B0600CB0BDE8F087049B2946039A0093384646
S21401B07000F09AFD404600F097FD059910290CD87E
S21401B08010290CD8DFE801F00F14320B340B0B0B30
S21401B090360B0B0B0B0B0B0B3A0020292CD0194847
S21401B0A000F082FD07E0184800F07EFD0135D2E78A
S21401B0B0164800F079FD0699484600F075FD079997
S21401B0C0134800F071FD134800F06EFD1024DFF800
S21401B0D068A00DF11F06504616F8011F013C00F04E
S21401B0E063FD14F0FF04F6D10B48DDE70B48E0E7FB
S21401B0F00B48DEE70B48DCE70B48DAE70B48D8E7F6
S21401B10025320400CA3204007A3204008A3204006E
S21401B110F032040008330400D1D103009232040057
S21401B1209A320400A3320400AE320400C532040091
S21401B13069320400D93204001933040010B50B4CEF
S21401B1408EB023785BB9EDF7FFFD014650B90123B8
S21401B15001A82370EDF77EFE054B049A1A6020784D
S21401B1600EB010BD034800F01FFDF8E792670020FF
S21401B1708C5100201F33040000B58FB0FFF7DEFFAF
S21401B180002829D001A8EDF765FE059B144819880B
S21401B19000F00AFD059B13485969134B002908BFA7
S21401B1A0194600F001FD059B1048598800F0FCFC8B
S21401B1B0059B0F48196900F0F7FC059B0D48D968F7
S21401B1C000F0F2FC059B0C48197E00F0EDFC0B4BE1
S21401B1D00B48196800F0E8FC0FB05DF804FB00BFEF
S21401B1E05C3304006E330400C6FE030080330400A3
S21401B1F094330400A8330400BC3304008C510020AF
S21401B200D033040070B5064615460C4679B172B1C6
S21401B210FFF794FF68B121462A463046EDF724FF32
S21401B220014618B1044800F0BFFC012070BD212082
S21401B230FCE71120FAE700BFE233040037B5054604
S21401B2400C46FFF77BFFE0B1114B1B68AB421AD9E6
S21401B250CCB100212422204601F0B8FD2146284623
S21401B26017F0CEF988B9284601AA04F10801EDF7CE
S21401B270ADFE20B140F20643C01A18BF012003B04C
S21401B28030BD1120FBE72120F9E70120F7E700BFD9
S21401B2908C510020F0B593B00546FFF74FFF00280C
S21401B2A045D0254B1A68AA4207D829462348013AB1
S21401B2B000F07AFC212013B0F0BD05A8EDF7CAFD19
S21401B2C0284603A917F09CF998BB049A22F4FF5765
S21401B2D0C2F30C0327F01F072BB14FF40053294686
S21401B2E0174800F061FC039E7FB121F0A1FA3046B9
S21401B2F04FF40051EDF744FF3346044606F5005679
S21401B30050B9039BF31ABB42EFD32A4639460D4880
S21401B31000F04AFC002406E000902A464FF4005153
S21401B320094800F041FC201E18BF0120C3E7112088
S21401B330C1E70120BFE700BF8C5100201034040094
S21401B340BE3404007D3504002C35040010B50446D7
S21401B35038B1FFF7F3FE30B10020044B1B682360C1
S21401B36010BD2120FCE71120FAE700BF8C51002018
S21401B37010B50446FFF7E2FEB0B10C4B1A68A242C4
S21401B38006D821460A48013A00F00EFC212010BDDD
S21401B39021F04EFA40F2C12220460649EDF7D6FDCD
S21401B3A0003818BF0120F2E71120F0E78C51002089
S21401B3B010340400C84E002010B50446FFF7BEFE48
S21401B3C070B121460848EDF7E1FD40F203239842AB
S21401B3D008D040F2012398420CBF0520012010BD81
S21401B3E01120FCE70020FAE7C84E00202DE9F041C5
S21401B3F02D4D04462F68FFF7A1FE002851D029687D
S21401B400A14207D84A1E2948214600F0CDFB21203B
S21401B410BDE8F0812648EDF779FDDFF89480024615
S21401B420B0B943462E68964222D1BE4214BF3A4670
S21401B43006F1FF3212BB31461D48C8F80040EDF751
S21401B44045FD014600B31B4800F0AEFB0120DFE7D7
S21401B4502046EDF71BFD044638B10146164800F0BC
S21401B460A3FB201E18BF0120D2E7EDF76BFBF8E720
S21401B47053F8041B8C42DDD00132D4E70C4992000C
S21401B480081D01F0F5FCD6E729680948EDF73EFDF1
S21401B490044610B101460948D6E7EDF753FB2046AE
S21401B4A0B6E71120B4E700BF8C5100201034040029
S21401B4B0A84E0020C335040099350400F635040073
S21401B4C0F8B50446FFF73AFE002845D0234B1A6824
S21401B4D0A24207D821462248013A00F065FB212402
S21401B4E02046F8BD1F4800F05FFB21F0A1F940F2AD
S21401B4F0C1221D492046EDF729FD40F203270546E6
S21401B50021F096F9184E65B140F203239D421AD0F8
S21401B5102946164800F048FB0124154800F044FB74
S21401B520DEE721F085F929463046EDF72FFDB842D2
S21401B53009D040F20123984203D10E4800F034FBB3
S21401B540E1E70546DFE721460B4800F02DFB2046E4
S21401B550FFF74CFF0446E0E71124C1E78C510020B9
S21401B560103404002D360400C84E00204D36040069
S21401B570D1D10300D20A04006536040010B50A468C
S21401B580044619B1024B00211B68984710BD00BF45
S21401B5900880040010B5114C2378580744BF23F0E7
S21401B5A0040323702378990705D500F05DF8237806
S21401B5B023F00203237063781BB10023084A6360FB
S21401B5C053600023082106486370FFF7D7FF2378EE
S21401B5D0DA0744BF23F00103237010BD9051002009
S21401B5E09451002038B51A4C62782378022A01D18A
S21401B5F0072B11D0DD0712D52378980707D400F062
S21401B6002BF82378054643F00203237080B962784D
S21401B610237882B15A0716D50025284638BD18F07A
S21401B62046F82378054643F0010323700028E3D04B
S21401B630FFF7B0FFF1E7D907ECD5064962604A602B
S21401B64002226270E6E743F004032370E4E700BFDA
S21401B65090510020945100200122024B002083F8D3
S21401B660F02070479C5100202DE9F0410A4C00253E
S21401B67026464FF0010803272046C4F81C8027768B
S21401B68001351BF0E2FE062D04F12804F4D1002357
S21401B69086F8F030BDE8F0819C5100202DE9F04F8E
S21401B6A0984691B00B1E0A93B44B914614BF83463D
S21401B6B09B4600251A9E98F8000070B94D4538BF84
S21401B6C02A464B464FF000000A9928BF09F1FF327F
S21401B6D0D847284611B0BDE8F08F252808F10108A3
S21401B6E006D02A464B460A996C1CD8472546E2E7FF
S21401B6F00023414611F8012B2B2A16D00AD8202AFE
S21401B70016D0232A17D0A2F13000092834D80027F2
S21401B7100A2418E02D2A05D0302AF4D143F001037B
S21401B7208846E6E743F00203FAE743F00403F7E747
S21401B73043F00803F4E743F01003F1E7884604FBFF
S21401B7400722A2F13007414611F8012BA2F1300081
S21401B7500928F3D998F800202E2A52D198F801101A
S21401B76008F10102A1F13000092843F480633ED8B4
S21401B77000244FF00A0E11E02A2A08D156F8047B5D
S21401B7808846002FBCBF43F002037F42E2E7002752
S21401B790E0E702460EFB0411A1F13004104610F852
S21401B7A0011BA1F1300CBCF1090FF2D990464246BB
S21401B7B012F8011B6C292DD025D8682933D06A29A7
S21401B7C03BD04246904618F8010B672860D85728A8
S21401B7D036D8452808D084D9462800F0188147284D
S21401B7E07FF47FAF43F4006343F0200327E12A2967
S21401B7F006D156F8044B08F1020824EAE474D6E7A9
S21401B80090460024D3E7742901D07A29D9D143F48C
S21401B8108073D7E798F801106C29F8D143F4407388
S21401B82008F10202CEE798F80110682902D043F029
S21401B8308003C7E743F0C003F2E743F40073C1E7B0
S21401B840A0F158020F2A3FF64CAF01A151F822F0A1
S21401B850F1B80100E3B60100E3B60100E3B601006A
S21401B860E3B60100E3B60100E3B60100E3B601006A
S21401B870E3B60100E3B60100F1B801005DBA0100CC
S21401B880F1B8010033BA010013BA010033BA01005E
S21401B890A0F16901C9B20F293FF623AF012249F28F
S21401B8A0410C8A4012EA0C0218D10A2900F01581CF
S21401B8B007297FF416AF43F0210305930823CDE94A
S21401B8C003431023CDE9012356F8043B2A4600938F
S21401B8D058464B460A991BF0A8FEA8E06F2800F0D0
S21401B8E05E8110D9782808D1102223F00C0310E0CD
S21401B8F0582839D0622800F054810A2223F0100318
S21401B900642806D0F1E769284FF00A0223F01003F5
S21401B910F6D1590548BF23F00103692803F40071E5
S21401B92001D0642840D111B3073626F00706B24687
S21401B93070685AF8081BCDE9077300230593C30FF7
S21401B9400028029306940B46049202DA4B4260EBFF
S21401B9504000CDE900304B462A4658460A991BF06E
S21401B960A6FE05465646A6E643F02003BCE7D905E3
S21401B97006F1040A04D5316805E000BF8D740300A2
S21401B98058060CD53178CDE90224CDE90473002997
S21401B9904FEAD1730193B8BF4942009120E01906DE
S21401B9A0E9D5B6F90010EEE779B1CDE907730023C2
S21401B9B0CDE9042306F1070A2AF0070A0694029342
S21401B9C0FAE80223CDE90023C5E7D80506F1040A03
S21401B9D00DD5CDE90473CDE90224019133680093B6
S21401B9E04B462A4658460A991BF01FFEB9E75906E8
S21401B9F007D53178CDE904730023CDE902240193FC
S21401BA00CBE7316813F0800F18BF89B2F2E743F035
S21401BA102003CDE90173073626F007060094B6EC3D
S21401BA20020B4B462A4658460A99E8F7B1FE0546E8
S21401BA3041E600F0DF00472801D143F40063CDE979
S21401BA400173073626F007060094B6EC020B4B4648
S21401BA502A4658460A99E8F7DFFCE8E713F002049D
S21401BA6026D04FF0010A6B1C0B932A464B460A99C7
S21401BA7016F8040BD84774B354460B9A21E04B468C
S21401BA8020200A99D8470AEB05020AF1010A574510
S21401BA90F5D83A1E18BF0122002A07F1FF3308BF66
S21401BAA0002307F1010A1D4408BF4FF0020ADAE736
S21401BAB0A246E8E7551C4B4620200A99D8472A4655
S21401BAC00134BC42F6D3A7EB0A03574538BF00231F
S21401BAD00B9A1A440B920B9DEDE53246002C52F858
S21401BAE0046B14BF21464FF0FF310B9232463144AE
S21401BAF0107808B1914211D1A2EB060A13F48062C4
S21401BB000C9202D0A24528BFA24613F002030D9361
S21401BB101BD1AAEB05032A460F9308E00132E7E79B
S21401BB20531C0E9320204B460A99D8470E9A0F9B1A
S21401BB30D318BB42F4D3A7EB0A03574538BF0023FB
S21401BB400AF101021D4403EB020AAB1B0E9304E04B
S21401BB501C464B462A460A99D8470E9BF51816F8F6
S21401BB60010B28B10C9B002BF3D0631E002CEFD1E8
S21401BB700D9B93B12A46AAEB050405E0561C4B46DD
S21401BB8020200A99D84732461319BB42F6D3A7EBB1
S21401BB900A03574538BF00231D440B9E8BE5082238
S21401BBA0A3E60222A1E600BF0FB41FB506AA52F80B
S21401BBB0043B02A90392009204484FF0FF32FFF7BC
S21401BBC06DFD05B05DF804EB04B070474F770300D8
S21401BBD01FB5034600914FF0FF3203A90248FFF755
S21401BBE05DFD05B05DF804FB4F7703001FB5CDE999
S21401BBF00201009302A9134603484FF0FF32FFF7F4
S21401BC004DFD05B05DF804FB577703001FB5094BE2
S21401BC10094A1868094B01A91860094B1360094ABB
S21401BC200192094A1268CDE9022317F0E7FD05B033
S21401BC305DF804FBB86D0020944200209842002075
S21401BC40AC6D0020686E04004C550020014B18684E
S21401BC5017F0E8BDB86D002038B5F1F71BFE0446B5
S21401BC60064D2B68D3F8B002F1F708FE286817F0E6
S21401BC70ECFD2046BDE83840F1F700BEB86D002067
S21401BC8010B51F4CEFF7B6FD236F012023F0070315
S21401BC9043F002032367EFF7BBFDD4F82031002001
S21401BCA023F0070343F00103C4F82031D4F84031F0
S21401BCB023F0030343F00103C4F84031D4F86031A4
S21401BCC023F0030343F00103C4F86031D4F8403293
S21401BCD023F0030343F00103C4F84032D4F80032E2
S21401BCE023F0070343F00103C4F80032D4F8083206
S21401BCF023F0070343F00103C4F8083210BD00BF68
S21401BD0000800050064B1B681A7A022A01D81AB91D
S21401BD107047032A00D070471B68024A13607047B9
S21401BD20BC6D00204C5500200022024B5A60DA60A0
S21401BD301A6070475055002008B501F037FF002201
S21401BD40014B1A7008BD00BF936700200A460149DF
S21401BD501BF06BBDA59804000A4601491BF065BDA2
S21401BD60A09804000A4601491BF05FBD999804009B
S21401BD700A4601491BF059BD969804000A46014936
S21401BD801BF053BD939804000A4601491BF04DBDB4
S21401BD908E9804000A4601491BF047BD89980400A5
S21401BDA00A4601491BF041BD849804000A46014930
S21401BDB01BF03BBD7D98040081F0004102E000BF0E
S21401BDC083F0004330B54FEA41044FEA430594EA55
S21401BDD0050F08BF90EA020F1FBF54EA000C55EA90
S21401BDE0020C7FEA645C7FEA655C00F0E2804FEA61
S21401BDF05454D4EB5555B8BF6D420CDD2C4480EA43
S21401BE00020281EA030382EA000083EA010180EA72
S21401BE10020281EA0303362D88BF30BD11F0004FC0
S21401BE204FEA01314FF4801C4CEA113102D04042F6
S21401BE3061EB410113F0004F4FEA03334CEA133331
S21401BE4002D0524263EB430394EA050F00F0A78049
S21401BE50A4F10104D5F1200E0DDB02FA0EFC22FA44
S21401BE6005F2801841F1000103FA0EF2801843FA38
S21401BE7005F359410EE0A5F120050EF1200E012A29
S21401BE8003FA0EFC28BF4CF0020C43FA05F3C01867
S21401BE9051EBE37101F0004507D54FF0000EDCF1E0
S21401BEA0000C7EEB00006EEB0101B1F5801F1BD389
S21401BEB0B1F5001F0CD349085FEA30004FEA3C0C8D
S21401BEC004F101044FEA445212F5800F80F09A8083
S21401BED0BCF1004F08BF5FEA500C50F1000041EB87
S21401BEE0045141EA050130BD5FEA4C0C404141EB8B
S21401BEF00101013C28BFB1F5801FE9D291F0000F86
S21401BF0004BF01460020B1FA81F308BF2033A3F134
S21401BF100B03B3F120020CDA0C3208DD02F1140C2B
S21401BF20C2F10C0201FA0CF021FA02F10CE002F166
S21401BF301402D8BFC2F1200C01FA02F120FA0CFC5F
S21401BF40DCBF41EA0C019040E41AA2BF01EB0451A8
S21401BF50294330BD6FEA04041F3C1CDA0C340EDCA6
S21401BF6004F11404C4F1200220FA04F001FA02F3E9
S21401BF7040EA030021FA04F345EA030130BDC4F1A7
S21401BF800C04C4F1200220FA02F001FA04F340EA9C
S21401BF900300294630BD21FA04F0294630BD94F04D
S21401BFA0000F83F4801306BF81F480110134013D34
S21401BFB04EE77FEA645C18BF7FEA655C29D094EAA5
S21401BFC0050F08BF90EA020F05D054EA000C04BF23
S21401BFD01946104630BD91EA030F1EBF002100200E
S21401BFE030BD5FEA545C05D14000494128BF41F0AD
S21401BFF0004130BD14F580043CBF01F5801130BD11
S21401C00001F0004545F0FE4141F470014FF000009B
S21401C01030BD7FEA645C1ABF194610467FEA655C4C
S21401C0201CBF0B46024650EA013406BF52EA0335EE
S21401C03091EA030F41F4002130BD00BF90F0000FDC
S21401C04004BF0021704730B54FF4806404F1320418
S21401C0504FF000054FF0000150E700BF90F0000FD1
S21401C06004BF0021704730B54FF4806404F13204F8
S21401C07010F0004548BF40424FF000013EE700BFC8
S21401C08042004FEAE2014FEA31014FEA02701FBF58
S21401C09012F07F4393F07F4F81F06051704732F08A
S21401C0A07F4208BF704793F07F4F04BF41F40021E1
S21401C0B0704730B54FF4607401F0004521F000413F
S21401C0C01CE700BF50EA010208BF704730B54FF0C9
S21401C0D000050AE050EA010208BF704730B511F0CA
S21401C0E0004502D5404261EB41014FF4806404F102
S21401C0F032045FEA915C3FF4D8AE4FF003025FEA88
S21401C100DC0C18BF03325FEADC0C18BF033202EB0B
S21401C110DC02C2F1200300FA03FC20FA02F001FA65
S21401C12003FE40EA0E0021FA02F11444BDE600BF08
S21401C13070B54FF0FF0C4CF4E06C1CEA11541DBFB7
S21401C1401CEA135594EA0C0F95EA0C0F00F0DEF882
S21401C1502C4481EA030621EA4C5123EA4C5350EA67
S21401C160013518BF52EA033541F4801143F48013B8
S21401C17038D0A0FB02CE4FF00005E1FB02E506F049
S21401C1800042E0FB03E54FF00006E1FB03569CF09E
S21401C190000F18BF4EF0010EA4F1FF04B6F5007FA4
S21401C1A064F5407404D25FEA4E0E6D4146EB060616
S21401C1B042EAC62141EA55514FEAC52040EA5E509F
S21401C1C04FEACE2EB4F1FD0C88BFBCF5E06F1ED849
S21401C1D0BEF1004F08BF5FEA500E50F1000041EB80
S21401C1E0045170BD06F0004646EA010140EA02002D
S21401C1F081EA0301B4EB5C04C2BFD4EB0C0541EA4F
S21401C200045170BD41F480114FF0000E013C00F363
S21401C210AB8014F1360FDEBF002001F0004170BD87
S21401C220C4F10004203C35DA0C341BDC04F11404A0
S21401C230C4F1200500FA05F320FA04F001FA05F22C
S21401C24040EA020001F0004221F0004110EBD370F9
S21401C25021FA04F642EB06015EEA430E08BF20EA25
S21401C260D37070BDC4F10C04C4F1200500FA04F3C8
S21401C27020FA05F001FA04F240EA020001F000415A
S21401C28010EBD37041F100015EEA430E08BF20EACD
S21401C290D37070BDC4F1200500FA05F24EEA020E15
S21401C2A020FA04F301FA05F243EA020321FA04F044
S21401C2B001F0004121FA04F220EA020000EBD370FB
S21401C2C05EEA430E08BF20EAD37070BD94F0000FFB
S21401C2D00FD101F00046400041EB010111F4801F2F
S21401C2E008BF013CF7D041EA060195F0000F18BFE0
S21401C2F0704703F00046520043EB030313F4801F1C
S21401C30008BF013DF7D043EA0603704794EA0C0FD5
S21401C3100CEA135518BF95EA0C0F0CD050EA4106EB
S21401C32018BF52EA4306D1D181EA030101F0004168
S21401C3304FF0000070BD50EA410606BF1046194690
S21401C34052EA430619D094EA0C0F02D150EA01369C
S21401C35013D195EA0C0F05D152EA03361CBF1046DD
S21401C36019460AD181EA030101F0004141F0FE417C
S21401C37041F470014FF0000070BD41F0FE4141F400
S21401C380780170BD70B54FF0FF0C4CF4E06C1CEA00
S21401C39011541DBF1CEA135594EA0C0F95EA0C0FB5
S21401C3A000F0A7F8A4EB050481EA030E52EA033570
S21401C3B04FEA013100F088804FEA03334FF0805591
S21401C3C045EA131343EA12634FEA022245EA1115BE
S21401C3D045EA10654FEA00260EF000419D4208BF6F
S21401C3E0964244F1FD0404F5407402D25B084FEA1C
S21401C3F03202B61A65EB03055B084FEA32024FF4C8
S21401C40080104FF4002CB6EB020E75EB030E22BF24
S21401C410B61A754640EA0C005B084FEA3202B6EBE4
S21401C420020E75EB030E22BFB61A754640EA5C0093
S21401C4305B084FEA3202B6EB020E75EB030E22BF23
S21401C440B61A754640EA9C005B084FEA3202B6EB24
S21401C450020E75EB030E22BFB61A754640EADC00E3
S21401C46055EA060E18D04FEA051545EA16754FEA45
S21401C47006164FEAC30343EA52734FEAC2025FEA63
S21401C4801C1CC0D111F4801F0BD141EA00014FF0F2
S21401C49000004FF0004CB6E711F4801F04BF0143C3
S21401C4A00020B4F1FD0C88BFBCF5E06F3FF6AFAEDF
S21401C4B0B5EB030C04BFB6EB020C5FEA500C50F16F
S21401C4C0000041EB045170BD0EF0004E4EEA1131F2
S21401C4D014EB5C04C2BFD4EB0C0541EA045170BDF9
S21401C4E041F480114FF0000E013C90E645EA060E3D
S21401C4F08DE60CEA135594EA0C0F08BF95EA0C0F6B
S21401C5003FF43BAF94EA0C0F0AD150EA01347FF4B2
S21401C51034AF95EA0C0F7FF425AF104619462CE789
S21401C52095EA0C0F06D152EA03353FF4FDAE1046EC
S21401C530194622E750EA410618BF52EA43067FF43D
S21401C540C5AE50EA41047FF40DAF52EA43057FF4CD
S21401C550EBAE12E74FF0FF3C06E000BF4FF0010CD8
S21401C56002E000BF4FF0010C4DF804CD4FEA410C3C
S21401C5707FEA6C5C4FEA430C18BF7FEA6C5C1BD009
S21401C58001B050EA410C0CBF52EA430C91EA030F8A
S21401C59002BF90EA020F0020704710F1000F91EAE7
S21401C5A0030F58BF994208BF90422CBFD8176FEAB5
S21401C5B0E37040F0010070474FEA410C7FEA6C5C83
S21401C5C002D150EA013C07D14FEA430C7FEA6C5C8A
S21401C5D0D6D152EA033CD3D05DF8040B704700BFB6
S21401C5E08446104662468C461946634600E000BF04
S21401C5F001B5FFF7B7FF002848BF10F1000F01BDD6
S21401C6004DF808EDFFF7F4FF0CBF012000205DF8A0
S21401C61008FB00BF4DF808EDFFF7EAFF34BF012025
S21401C62000205DF808FB00BF4DF808EDFFF7E0FFBE
S21401C63094BF012000205DF808FB00BF4DF808ED0F
S21401C640FFF7CEFF94BF012000205DF808FB00BF76
S21401C6504DF808EDFFF7C4FF34BF012000205DF858
S21401C66008FB00BF4FEA410212F5001215D211D5A0
S21401C6706FF47873B3EB625212D94FEAC12343F0D9
S21401C680004343EA505311F0004F23FA02F018BF5B
S21401C690404270474FF00000704750EA013005D124
S21401C6A011F0004008BF6FF0004070474FF00000E7
S21401C6B0704700BF4A0011D212F5001211D20DD5F3
S21401C6C06FF47873B3EB62520ED44FEAC12343F092
S21401C6D0004343EA505323FA02F070474FF000003C
S21401C6E0704750EA013002D14FF0FF3070474FF0EB
S21401C6F00000704753B94AB9002908BF00281CBF7B
S21401C7004FF0FF314FF0FF3000F08CB9ADF1080C5F
S21401C7106DE904CE00F006F8DDF804E0DDE9022359
S21401C72004B070472DE9F04F099D0E4604460F46AA
S21401C730002B47D18A429446B2FA82F35AD943B1C2
S21401C74002FA03FCC3F120029F409C4020FA02F249
S21401C75017434FEA1C461FFA8CFE220CB7FBF6F174
S21401C76006FB117701FB0EF042EA0742904208D918
S21401C7701CEB020201F1FF3702D2904200F23C812B
S21401C7803946121AA4B2B2FBF6F006FB102200FBE1
S21401C7900EFE44EA0244A64508D91CEB040400F147
S21401C7A0FF3202D2A64500F22A81104640EA014035
S21401C7B0A4EB0E0400211DB1DC400023C5E90043B3
S21401C7C0BDE8F08F8B4205D90DB1C5E90001002106
S21401C7D00846F5E7B3FA83F100294FD1B342C0F01A
S21401C7E00281824240F2FF800846002DE8D0C5E96A
S21401C7F00047E5E7002B40F0AF808A1A4FEA1C4E4F
S21401C8001FFA8CF70121B2FBFEF60EFB1620220C56
S21401C81042EA004207FB06F090420FD91CEB0202E7
S21401C82006F1FF382CBF4FF001094FF00009904286
S21401C83003D9B9F1000F00F0DC804646121AA4B203
S21401C840B2FBFEF00EFB102200FB07F744EA02449F
S21401C850A7420FD91CEB040400F1FF322CBF4FF0A6
S21401C860010E4FF0000EA74203D9BEF1000F00F0F3
S21401C870C9801046E41B40EA06409CE7C1F120044B
S21401C8808B4006FA01FC00FA01FE22FA04F7E640A4
S21401C8908A401F4320FA04F34FEA174843EA0C0381
S21401C8A01FFA87FC4FEA1349B6FBF8F008FB10663F
S21401C8B049EA064600FB0CF9B1450ED9BE1900F14E
S21401C8C0FF3A2CBF4FF0010B4FF0000BB14503D9D7
S21401C8D0BBF1000F00F0A2805046A6EB09061FFA36
S21401C8E083F9B6FBF8F308FB136603FB0CFC49EA75
S21401C8F00646B4450ED9BE1903F1FF382CBF4FF0DA
S21401C90001094FF00009B44503D9B9F1000F00F051
S21401C9108280434643EA0040A6EB0C06A0FB028C4D
S21401C92066454346E14602D307D1C64505D2B8EB74
S21401C93002036CEB070C0138E1465DB1BEEB030266
S21401C94066EB090606FA04F422FA01F3CE401C430C
S21401C950C5E90046002133E702FA03FCC3F12002D1
S21401C96099409C40D6404FEA1C4E20FA02F21FFA2C
S21401C9708CF7B6FBFEF00A430EFB1066110C41EA7B
S21401C980064100FB07F68E420ED91CEB010100F1B1
S21401C990FF382CBF4FF001094FF000098E4202D933
S21401C9A0B9F1000F34D04046891B92B2B1FBFEF6B6
S21401C9B00EFB161142EA014206FB07F191420ED91F
S21401C9C01CEB020206F1FF382CBF4FF001094FF0B5
S21401C9D00009914202D9B9F1000F16D04646521A03
S21401C9E046EA00410FE7841A66EB03020120174668
S21401C9F0FBE6023E624421E702396244C1E6644432
S21401CA000238D3E66444023834E7023E6244E6E77D
S21401CA1002386144C8E7023B3E447BE702383E44A5
S21401CA205BE700BF704700BF2DE9F04F924685B027
S21401CA3089461E460D46554A0390294615F8014B70
S21401CA40135D13F00803F8D12D2C7CD02B2C4ED07F
S21401CA504FF0FF3102936FF00043CDE9001336F03B
S21401CA60100851D037464FEAE6783A464346DDE9A4
S21401CA700001FFF73FFE002383468E4618461946FF
S21401CA80A44613E0ACF13704A6421FDD002B09DBF8
S21401CA9083457EEB010305D38E4508BF83453BD115
S21401CAA0A24239DA4FF0FF3315F801CBACF130046E
S21401CAB0092CE9D9ACF14104192CE3D9ACF1610494
S21401CAC0192C03D8ACF15704A642DFDC5A1C2FD030
S21401CAD0029A12B1404261EB4101BAF1000F03D054
S21401CAE0002B48D1CAF8009005B0BDE8F08F4FF092
S21401CAF0FF30029336F010086FF000432C7801F1F6
S21401CB000205CDE90003ADD1302C25D0002E3AD157
S21401CB100A27B0463E46A8E700FB08F307FB0133A9
S21401CB20A0FB07010B44201843EBE4710123BBE78C
S21401CB302223039A1360BAF1000F17D005F1FF39CB
S21401CB40DDE90001CEE74FF00047009301232C7882
S21401CB508D1CCDE9017382E72B7803F0DF03582B98
S21401CB600CD086B90827B0463E467EE7DDE90001CF
S21401CB7005B0BDE8F08FCDE90001DFE710276C783E
S21401CB8002353E4671E710273E466EE7AD98040033
S21401CB904AE700BF10B4044C13460A460146206813
S21401CBA05DF8044B40E700BFEC6D002010B4044C68
S21401CBB013460A46014620685DF8044B34E700BF79
S21401CBC0EC6D002020F0030110F00300C0F100001E
S21401CBD051F8043B00F1040C4FEACC0C6FF0000254
S21401CBE01CBF22FA0CF213434FF0010C4CEA0C2C3A
S21401CBF04CEA0C4CA3EB0C0222EA030212EACC121A
S21401CC0004BF51F8043B0430F4D0C2F1000102EA3B
S21401CC100102B2FA82F2C2F11F0200EBD2007047A3
S21401CC202DE9F04780460C464548264614F801EBA8
S21401CC3010F80EC01CF0080CF7D1BEF12D0F5BD01A
S21401CC40BEF12B0F3AD0654633F010003ED04FF0C0
S21401CC50FF379A46B7FBF3F703FB07F96FEA0909B3
S21401CC60002630460EE0AEF1370C63451DDD002E82
S21401CC7004DBB84202D833D1CC4531DD4FF0FF3664
S21401CC8014F801EBAEF1300CBCF1090FEDD9AEF1A1
S21401CC90410CBCF1190FE6D9AEF1610CBCF1190FCC
S21401CCA003D8AEF1570C6345E1DC731C1CD005B10B
S21401CCB040420AB1F6B91160BDE8F08733F01000C2
S21401CCC094F800E0654606F10204C0D1BEF1300FCB
S21401CCD017D06BBB0A234FF005091A4F9A46BFE7D8
S21401CCE000FB0AC00126CBE722233046C8F80030F5
S21401CCF0002AE1D0611EDEE794F800E00125B41CAD
S21401CD00A2E7207800F0DF00582807D083B908236F
S21401CD104FF007096FF060479A46A1E7102394F891
S21401CD2001E04FF00F0902346FF070479A4697E71B
S21401CD3010234FF00F096FF070479A4690E700BF37
S21401CD40AD980400999999196AE700BF10B4044C8C
S21401CD5013460A46014620685DF8044B60E700BFAB
S21401CD60EC6D002010B4044C13460A4601462068B8
S21401CD705DF8044B54E700BFEC6D00200F4B70B517
S21401CD800F4DAB42A3EB050607D0B61000240134C5
S21401CD9055F8043B9847A642F9D80A4D1FF040FFC4
S21401CDA0094B5E1BAB424FEAA60606D000240134AF
S21401CDB055F8043B9847A642F9D870BD90710020FB
S21401CDC090710020907100209471002070B5860744
S21401CDD047D0541E002A3ED0CAB2034601E0013CA9
S21401CDE039D303F8012B9D07F9D1032C2CD9CDB2E9
S21401CDF00F2C05EB052505EB054535D9A4F1100CDF
S21401CE0003F1100E1A462CF00F064FEA1C1CB6440E
S21401CE10C2E90055C2E9025510327245F8D10CF14B
S21401CE20010214F00C0F04F00F0C03EB021213D0E6
S21401CE30ACF1040323F003030433134442F8045B08
S21401CE409342FBD10CF003042CB1C9B21C4403F885
S21401CE50011BA342FBD170BD64461346002CF4D1DE
S21401CE60F9E703461446C0E71A46A446E0E700BFC2
S21401CE7088420ED98B1883420BD900EB020C002A8C
S21401CE806ED0624613F801CD994202F801CDF9D170
S21401CE9070470F2A0FD8034602F1FF3C002A5FD0E5
S21401CEA00CF1010C013B8C4411F8012B614503F890
S21401CEB0012FF9D1704740EA01039B0751D1A2F136
S21401CEC0100301F1200C70B523F00F0501F1100ECF
S21401CED000F110041B09AC445EF8105C0EF1100E54
S21401CEE0103444F8205C5EF81C5C44F81C5C5EF868
S21401CEF0185C44F8185C5EF8145CE64544F8145C6B
S21401CF00EAD1013312F00C0F02F00F0C01EB031102
S21401CF1000EB031329D0ACF1040C1C1F8E462CF039
S21401CF2003064FEA9C0C1E445EF8045B44F8045F5B
S21401CF30B442F9D10CF1010402F0030203EB8403BD
S21401CF4001EB840102F1FF3C4AB10CF1010C013BFB
S21401CF508C4411F8012B614503F8012FF9D170BDFE
S21401CF60704702F1FF3C03469AE76246EAE700BFD4
S21401CF702DE9F04F82468E463F4875461EF801BBA6
S21401CF8010F80B4014F00804F7D1BBF12D0F5BD05D
S21401CF90BBF12B0F6FF0004904BF9EF800B005F1FE
S21401CFA0020E33F0100010D1BBF1300F04D0002B6D
S21401CFB05ED10A231F4609E09EF8000000F0DF005C
S21401CFC058284ED0002B53D108231F460025B9FB05
S21401CFD0F7F6284607FB16980EE0ABF1370C6345CB
S21401CFE01DDD002D04DB864202D321D1E0451FDA88
S21401CFF04FF0FF351EF801BBABF1300CBCF1090F49
S21401D000EDD9ABF1410CBCF1190FE6D9ABF1610CCE
S21401D010BCF1190F03D8ABF1570C6345E1DC6B1C6F
S21401D0200AD004B140420AB1CDB91160BDE8F08F13
S21401D03007FB00C00125DDE72223CAF800305AB1FC
S21401D0400EF1FF314846F0E79EF800B04FF0004978
S21401D05005F1020E0124A4E74846BDE8F08F81469B
S21401D060EEE710239EF801B00EF1020E1F46ADE763
S21401D07010231F46AAE700BFAD980400242B02D850
S21401D080012B00D074E710B500F02EFA16230360CA
S21401D090002010BD10B5242A084C1346246807D872
S21401D0A0012A05D00A4601462046BDE810405FE742
S21401D0B000F01AFA16230360002010BDEC6D002064
S21401D0C010B5242A084C1346246807D8012A05D02F
S21401D0D00A4601462046BDE8104049E700F004FA3A
S21401D0E016230360002010BDEC6D0020844641EA43
S21401D0F0000313F0030349D1403A23D30B680360BE
S21401D1004B6843608B688360CB68C3600B690361BF
S21401D1104B6943618B698361CB69C3610B6A0362A7
S21401D1204B6A43628B6A8362CB6AC3620B6B03638F
S21401D1304B6B43638B6B8363CB6BC3634030403174
S21401D140403ADBD230320BD30B6803604B68436046
S21401D1508B688360CB68C36010301031103AF3D20D
S21401D1600C3205D351F8043B40F8043B043AF9D29B
S21401D170043208D0D2071CBF11F8013B00F8013B6E
S21401D18001D30B8803806046704700BF082A13D37B
S21401D1908B07B1D010F00303AED0C3F10403D21A4B
S21401D1A0DB071CBF11F8013B00F8013BA4D331F8A3
S21401D1B0023B20F8023B9FE7043AD9D3013A11F823
S21401D1C0013B00F8013BF9D20B7803704B784370B2
S21401D1D08B78837060467047024B0146186817F0DB
S21401D1E0F3B800BFEC6D0020024B0146186817F03B
S21401D1F0EEB800BFEC6D0020CAB384460B4630B5CE
S21401D20004460843800719D09CF800000C78A04219
S21401D21012D150B3012A28D0E64603E01CEB030FD7
S21401D22023D010B31EF8010F11F8014FA2EB0E0325
S21401D230A04203F1FF33F1D0001B30BD032A07D80B
S21401D240E2E7043A11D01EF0803F0ED1032A10D92E
S21401D2502068194653F8045BA446A0F1013E043445
S21401D260A8422EEA000EECD0CEE7002030BD1046D4
S21401D2707047A4461946C7E780EA010C1CF0030F65
S21401D28037D110F0030C20F0030021F0030150F811
S21401D290042B08BF51F8043B0ED08CF0030C6FF042
S21401D2A07F434FEACC0C23FA0CFC51F8043B42EACC
S21401D2B00C0243EA0C0300BFA2F1013C9A4201BFF3
S21401D2C02CEA020C1CF0803F50F8042B51F8043B6A
S21401D2D0F2D04FEA02604FEA1222012828BFB0EBD3
S21401D2E0036F08BF1B0AF4D003F0FF03000EC01A39
S21401D2F0704710F0030F0AD010F8012B11F8013B0C
S21401D300012A28BF9A42F4D0A2EB030070474DF8D9
S21401D310045D50F8042B01F0030521F0030151F8D8
S21401D320043B022D26D04DD822F07F45B5EB132FB6
S21401D330A2F1013C2CEA020C0DD11CF0803C08BF86
S21401D34051F8043B0AD185EA0205B5EB036F0CD10F
S21401D35050F8042BE8E74FEA13235BE03CF07F4CE0
S21401D36054D10B784FEA126554E04FEA126503F088
S21401D370FF034FE04FEA0245A2F1013C4FEA154593
S21401D3802CEA020CB5EB134F18D11CF0803C08BFF9
S21401D39051F8043B07D185EA0205B5EB034F09D1E5
S21401D3A050F8042BE6E75FEA0C4C2FD10B884FEAC6
S21401D3B012452FE04FEA03434FEA12454FEA134363
S21401D3C028E000BF02F0FF05B5EB136FA2F1013CA8
S21401D3D02CEA020C0DD11CF0803C08BF51F8043B2E
S21401D3E00AD185EA0205B5EB032F0AD150F8042BC2
S21401D3F0E8E74FEA13630DE012F0FF0F06D051F88D
S21401D400043B4FEA122523F07F4303E04FF0000070
S21401D41020BC704705F0FF0203F0FF00012828BF7B
S21401D420904204BF2D0A1B0AF4D0A2EB000020BCD8
S21401D430704700BF08B5064B044613B1002100F043
S21401D440AFF8044B1B6803B19847204615F060F906
S21401D450A1D5010098560020002301461A46184619
S21401D46000F048B8032A30B415D941EA00048446CE
S21401D4700B46A40704D0541E0FE0043A032A08D929
S21401D4801946604653F8044B5CF8045BA542F4D099
S21401D490F1E760461946541E7AB1431E0139021956
S21401D4A001E09A4209D013F8010F11F801CF604547
S21401D4B0F7D0A0EB0C0030BC7047002030BC7047A2
S21401D4C038B5074D074C2C1BA41005D0013C55F868
S21401D4D0043D9847002CF9D1BDE838401FF0A6BBA3
S21401D4E09871002094710020014B1868704700BFA6
S21401D4F0EC6D0020F0B5264C83B006460F46256835
S21401D50005B36C681F2C3FDCA6B1D5F8880048B37C
S21401D510D0F800114FF0010C40F82420022E00EB49
S21401D52084020CFA04FC4CEA0101C0F80011C2F8AE
S21401D530803010D0631C002002346B6045F82470E4
S21401D54003B0F0BD13491448216010B10068C1F85A
S21401D5508800104DD5E7D0F8043143EA0C03C0F833
S21401D5600431E7E70D49CDE9002369B14FF4847032
S21401D570FFF732FE40B100216C68C0E94011DDE9D9
S21401D5800023C5F88800C5E74FF0FF30D8E700BF95
S21401D590285700209C56002000000000D9D1010029
S21401D5A02DE9F04FDFF8B49083B0D9F8006096B358
S21401D5B0884601907568D6F888706C1E2BD40135A4
S21401D5C007F1800B06EB8505B8F1000F26D17368CD
S21401D5D02A68013BA3423BD000232B60BAB1D6F8A0
S21401D5E004A05FB30123D7F80011A3400B4225D056
S21401D5F0D7F8040157F8241003422BD1019890471D
S21401D6007368D9F8002053451ED1B2421CD1013CA3
S21401D610043D631CD8D103B0BDE8F08F4FB15BF871
S21401D62024304345D3D0013C043D621CF3D0002F87
S21401D630F5D1013CEFD3013CFBD2ECE79047736890
S21401D640D9F800205345E0D0002AE4D01646B1E7C9
S21401D6507460C3E708469047D2E700BF285700200A
S21401D660431E033306D8044B984228BF1846642845
S21401D67038BF6420704700BF40420F0038B5194BD1
S21401D68005461B680C4603B1984744B1236833B17D
S21401D6901B68013303D0E3680BB1A3684BB91AF0DA
S21401D6A08AFD00204FF4C172412100F0FFF92120CC
S21401D6B038BD204602F04AFC00230B4A85F83C316F
S21401D6C0C5E93743C2E9003363694BB1074A4221D2
S21401D6D010684FF4D272C31A5842584100F0E6F966
S21401D6E00020E5E798590020486A0020FC590020F0
S21401D6F0F8B504461EF08DFF002607460E4B1B6844
S21401D70093B19E68AEB196F82420D20711D435465F
S21401D7100FCC0FC50FCC0FC523682B6096F82430AD
S21401D72043F0010386F8243038461EF06DFF30467C
S21401D730F8BD1B68E4E700BF406E002010B5044644
S21401D74018B9054B054A136010BD00F0D9FCD4F892
S21401D750E830002BF6D1F4E7617903003C6E002037
S21401D760014B1868704700BF486A002008B502469A
S21401D7700868FFF775FF08604868FFF771FF4860A3
S21401D7808868FFF76DFF8860C868FFF769FF0B6957
S21401D790C860581C03D00B48834228BF03460B6160
S21401D7A04B69581C03D00748834228BF0346886943
S21401D7B04B61FFF755FFBDE808408861104601F050
S21401D7C07BBC00BF40420F00D0F8E0302DE9F041AD
S21401D7D005460C4613B1C38D8B424CD0D5F8DC30D0
S21401D7E0002B4BD09E68002E48D0D868002845D024
S21401D7F0013800B200281ADB002106E0128A591C03
S21401D800A24217D209B2884211DB0B1803EBD3737D
S21401D8105B1003EBC30206EB8202B2F80EC003F103
S21401D820FF3EA445EAD90FFA8EF08842EDDA2120B0
S21401D830BDE8F0814FF6FF7299B29142F7D09BB2E4
S21401D84003EBC30306EB83062846B6F9122095F8C8
S21401D8503011D5F8F080EEF709FE0746B8F1000F53
S21401D86004D00023324628461946C047EC85C5F841
S21401D870E06085F839710020BDE8F0810E20BDE832
S21401D880F08100BF2DE9F04782B004460F461646E8
S21401D89001F086FE002863D14F4D2B68D4F8DCA03A
S21401D8A0D4F8E0800BB1534576D04FF00009AF6055
S21401D8B001F09EFE0128074665D120461AF0BAFB04
S21401D8C0002851D12B68DAF80010D8F8002013B1DF
S21401D8D0186888426BD020461AF05EFBC5E900A89E
S21401D8E0D4F8F0508DF80760002D67D0002220464E
S21401D8F011460DF10703A847204600F0EDFF054647
S21401D900B9F1000F0FD076B9D4F88C300BBB012FCC
S21401D91005D025B1314B002103205B689847284686
S21401D92002B0BDE8F087B5FA85F040F20752332120
S21401D930400900F0BBF83146204601F00BFA284BAF
S21401D94005461B68414620469847D4F88C30002B84
S21401D950DDD000224FF40073204600F0E1FBD6E74D
S21401D96000231D4D6B6098E794F82530DA07A9D59A
S21401D970D4F894305B05A5D51A4B01220021204628
S21401D9801B6898479EE70021012000F001FC01F08A
S21401D9902FFE0128FBD190E76B68002B85D043450D
S21401D9A083D1AB689F4215D04FF001097FE76968C4
S21401D9B011B10968914291D059688CE794F82A1000
S21401D9C094F839313246994228BF1946204600F06C
S21401D9D0D1FE91E70025A2E7486A0020486E0020A4
S21401D9E03C6E00209C590020F8B50F4605461EF0F7
S21401D9F010FE394606462846FFF7E6FE044620B1E5
S21401DA0030461EF001FE2046F8BD01F0A7FD224675
S21401DA1039462846FFF736FF04460028F0D1284647
S21401DA201AF008FB0028EBD095F8253013F0010317
S21401DA300DD0D5F8942052050DD5B5F82A21BA4255
S21401DA4005D0B5F82C31DB1BB3FA83F35B09034A27
S21401DA5082F8C430D4E72346F9E700BF001E00B0C1
S21401DA6013B5044669461AF0A9F820461AF0EDF9EE
S21401DA70FF28024606D020469DF80010EEF774FDFA
S21401DA8002B010BD0048FBE70080FFFF38B5044D2B
S21401DA90044C054B286021601A601EF0B5FA38BDAB
S21401DAA02C590020446E00203059002010B550B982
S21401DAB00548064B0160064802601868054B186069
S21401DAC01868FFF7E3FF10BD446E0020885A002057
S21401DAD0305900202C5900202DE9F0418AB001ACC4
S21401DAE005460B462746194A02F1200C26461068C1
S21401DAF05168083203C662453446F7D1002B08BF89
S21401DB003B46002710681C463060384603F10C0679
S21401DB1090B95FFA87F84246284621881AF08DFAAE
S21401DB2050B942462846E1881AF098FA20B942468A
S21401DB30314628461AF0A4FA0137032F06F10806E3
S21401DB4004F10204E4D10AB0BDE8F081D0990400E2
S21401DB50F0B589B005460E461AF0A1FA044600BB98
S21401DB6001AC06F10C070FCF0FC497E8070084E855
S21401DB70070001A92846FFF7F9FD2846311D1AF0CE
S21401DB8068FC044648B92846074901F057FA044696
S21401DB9018B9284601F0C6FD044628463168FFF745
S21401DBA09BFF204609B0F0BDC899040001491AF050
S21401DBB058B800BFF5F6010070B5164E03280446A6
S21401DBC00D4633781ED023FA04F202F00102AA426F
S21401DBD01DD053B10122A240A54023EA02032B43E4
S21401DBE0DBB233704BB1012070BD2DB10A4B012061
S21401DBF01B6898473378EDE73570074B00201B68A4
S21401DC009847F0E79A07DED003F0FC03E9E7002027
S21401DC1070BD00BF946700207059002038B50446D7
S21401DC200D4605F077FD60B101F0C6FC48B9012D3F
S21401DC3007D801201AF0DEF90D4B1B6823B15B688B
S21401DC4098470C4B1C7038BD1EF03DFE0A4B1A68F7
S21401DC50801A18601DF052FB4FF47A72074B1B684E
S21401DC6002FB003019F0FBFF012001F0ADFCE8E7F4
S21401DC709459002062710020685900206C590020D8
S21401DC80F8B505460C461EF0C4FC104F06463B7818
S21401DC9033B1012D04D01CB90D481DF081FA3C703A
S21401DCA021462846FFF788FF0A4B04461B783BB9F6
S21401DCB03B782BB91AF092F910B1074B1B689847BD
S21401DCC030461EF0A1FC2046F8BD00BF9567002037
S21401DCD04459002094670020486E0020054A0B46F0
S21401DCE0117831B100211170034A01215268187868
S21401DCF01047704795670020486E0020124B023986
S21401DD00012910B518701ED805F004FDD8B101F030
S21401DD1053FCC0B101F034FAA8B90C4B1C6834B1FD
S21401DD2023689847BDE8104000201AF063B919F03F
S21401DD3094FF074B18601EF0C6FD064B1860204680
S21401DD4001F042FCEEE710BD6271002094590020FC
S21401DD506C5900206859002038B5044680B11EF081
S21401DD6058FC0121044608461CF0BEFE01210B4A60
S21401DD70084616F0FDFB2046BDE838401EF044BCC0
S21401DD801EF047FC0546214601201CF0ADFE012091
S21401DD902146024A16F0ECFB2846EDE74C6F0400DC
S21401DDA0F0B585B01EF035FC344D04462B7823B112
S21401DDB033481DF0F5F9002852D11DF07BFA02AA6E
S21401DDC003A91AF0F5F80346002838D01AF004F92A
S21401DDD0029B98421CD100202A4B03991B682A4EAD
S21401DDE09942307020D90027C91A012324482B7084
S21401DDF0264A3346CDE900771EF041FD002837D18B
S21401DE00234A1378D90701D53178F9B1204611E0B4
S21401DE101AF0E0F8029B984228D0002318461949C8
S21401DE20194A0968137003910121FFF7C5FE002303
S21401DE3020462B701EF0E8FB002005B0F0BD204602
S21401DE402B701EF0E1FB212005B0F0BD03F0FE03B0
S21401DE501370002BDAD10F4B1B6898472046E9E771
S21401DE6020461EF0D1FB0E2005B0F0BD0220B3E720
S21401DE70032320462F703370F3E700BF9567002019
S21401DE80445900206459002061710020DDDC010046
S21401DE90946700207059002038B51EF0BAFB0F4D6C
S21401DEA004462B789BB90E4A0E4913700E4B0F4A47
S21401DEB00F481A600F4A5A60EFF782FF0E490F4863
S21401DEC0EFF77EFF0E4B0F4A1A6001232B70F0F717
S21401DED081F820461EF098FB002038BD966700208A
S21401DEE095670020F4990400486E0020A1DD01002A
S21401DEF03459002081DC0100FC9904003C590020C3
S21401DF007059002059DD01002DE9F0438F788046D5
S21401DF100F2F0C4685B003D9212005B0BDE8F0834C
S21401DF2027B90123374A00201370F6E70D784E789B
S21401DF30EDB9002EF0D194F90310E08803F00AF849
S21401DF402128E9D055EA0603A088DFF8C89013D047
S21401DF5003F064F84FF60403B9F8002001469A422C
S21401DF604BD1AE42334638BF2B4600262DE0082D56
S21401DF70D2D8082ED0D8DEE703F050F84FF60405C5
S21401DF8001464FF60500204A136E9BB2AB4208BF0E
S21401DF900346B1F5803FA9F800300FD902230825C2
S21401DFA0136680230126C2F880302B4649084FF6B7
S21401DFB0FF720139914228BF114608E080230126ED
S21401DFC008251666C2F880302B460029EFD10022BC
S21401DFD002920122013FFFB2009201972A4608F100
S21401DFE0F80002F0B7FE1EB14FF48012074B5A65D7
S21401DFF0074BA2681A60022394E703480266A9F851
S21401E0000030AEE79767002000C001B800D001B825
S21401E0107C590020D870002010B50446D0F818218D
S21401E0200B4B4FF40061C3F8A82090F82420D201CE
S21401E03002F4006205F0D2FA94F8243013F0100FBF
S21401E0404FF4007314BF034A034A136710BD00BFA1
S21401E050001E00B0001002B8002002B8431C07D012
S21401E0606FF0FF02034B10401A62A3F5805318624B
S21401E070704700BF00E000B8F8B504460F461646E4
S21401E0801EF0C7FA0546A047044620B128461EF0F2
S21401E090BBFA2046F8BD04F07FFC04220549D1F8FE
S21401E0A0D83E23EA07033343C1F8D83E024B1A672A
S21401E0B0ECE700BF001000B0002002B800F0180323
S21401E0C0182B0AD003070AD440F2011310F01000EF
S21401E0D018BF1846034B186570470020FAE7012061
S21401E0E0F8E700BF001F00B0044B1868830654BF52
S21401E0F0C0F30F204FF6FF70704700BF645A002030
S21401E10038B10368044A002B08BF1346034A13605C
S21401E1107047014BFAE700BFA97C0300546E00204C
S21401E12010B4D0E9544122400B4052EA030104D016
S21401E13003495DF8044B096808475DF8044B7047CE
S21401E140546E00200F2938B505460C460ED801F04E
S21401E1504FFA01280CD1074A2846D36B23F00F0348
S21401E1602343D36319F0AAFF002038BD2120FCE722
S21401E1700220FAE7001F00B0014B186C704700BF81
S21401E180001F00B0014B002019647047001F00B04B
S21401E19003282DE9F347884655D82C4B13F80090F1
S21401E1A02B4B1E5C2B4B13F800A01EF032FA0746D1
S21401E1B004F03EFB054640B100230022CDE90033C2
S21401E1C001200023002104F079F904F039FB48B15D
S21401E1D000230022CDE90033002000234FF4004144
S21401E1E004F06CF96EB31C4BDC6C04F008041B4B9A
S21401E1F03146DC64484604F02DFC5246314648461A
S21401E20004F092FC164BDC646DB1164B1868D0F81E
S21401E2109410F83003F06EFA13490868FFF71EFFF2
S21401E2204FF0FF330B60B8F1000F04D00F4B002105
S21401E23003205B689847384602B0BDE8F0471EF0F9
S21401E240E3B93446D3E702B0BDE8F0870C9A040080
S21401E250089A0400049A0400004000B8006000B860
S21401E260005000B8885A0020506E0020486E0020EA
S21401E2700F4A136F13F0A00F15D1506F10F0040062
S21401E28013D10C4BD3F8D83E23F07F4323F0FF0382
S21401E2905BB1D368C3F30362092A07D0B2F10C005D
S21401E2A018BF01207047002070470120704700BF4B
S21401E2B0000002B8001000B070B50D46064620B941
S21401E2C01A4B1B68A3B10E2011E001F091F9012849
S21401E2D029D1174B93F90040C4F11C04641BC4F107
S21401E2E01C03002BB8BF5B42232B0CDD212070BD25
S21401E2F081EAE173A3EBE173DBB2232BF6D80C4B77
S21401E30019700020F3E786F828501EF082F9094AB2
S21401E310E402D36904F4FF2423F4FF231C43D461ED
S21401E3201EF072F9EDE70220E1E700BF885A0020EF
S21401E3309867002000C000B818B9034B93F9000095
S21401E340704790F9280070479867002010B504467A
S21401E35019F070FE10B1012001F0D4F92046FFF744
S21401E3605BFE1EF056F90A4A0121D2F8A030044697
S21401E37023F02003C2F8A0300222064B08469A601A
S21401E380054B5B68984720461EF03EF9002010BDFD
S21401E390001E00B0001002B8486E0020064B5A6AF4
S21401E3A0920207D4D3F8803013F4706F14BF0120A3
S21401E3B00020704701207047004001B8F8B50E46AE
S21401E3C0D0F8943002EA010423EA01032343C0F89B
S21401E3D09430464A01F00B0323EA0401D16423403A
S21401E3E0A2F58052D3647207054610D50121FFF7C6
S21401E3F0D5FF60B104F0D0FA4FF4007314F0040FA7
S21401E40014BF3B4A3B4A536204223B4B1A67F3064E
S21401E41006D514F0100F14BF00221B22374B5A6585
S21401E42037061DD5200616D54FF40012304B1A625A
S21401E430012203F58053C3F800211EF0EAF80E21ED
S21401E4400746032003F09EF840F201222B4B384684
S21401E450DA621EF0D9F8214605F1F80003F04AF910
S21401E460F10503D5E2052AD503F05CF8B30503D51B
S21401E470A70527D503F062F816F48C6F1DD014F4A7
S21401E480806224D095F82530DC070CD5EA8DB5F8E6
S21401E4902A31934219D0B5F82C31981A4342434198
S21401E4A0174A82F8C430D5F8E410284619F0FDFB67
S21401E4B08022144BD864144B1A610020F8BD03F077
S21401E4C02BF8D3E703F034F8D6E70123E8E7710524
S21401E4D0E9D595F82530DB07E5D5094B114683F8D4
S21401E4E0C4200A4B28461B689847DCE7006000B842
S21401E4F0005001B8006001B8002002B8004000B822
S21401E500001E00B0001F00B0000002B89C59002099
S21401E510014B1868704700BF8859002037B51EF0B8
S21401E52078F8002401230022CDE9003400230546B3
S21401E5301946104603F0C2FF022002F0E7FA064B26
S21401E54021461C60054B02205B68984728461EF052
S21401E5505BF8204603B030BD90590020486E00207D
S21401E5602DE9FF4102290D4616469846039004D12F
S21401E570FFF7D4FF04B0BDE8F0811EF04AF81E4F45
S21401E58004463B683BB1B34205D01EF03DF800237C
S21401E59021203B60EEE7194B0022C3F800803E6065
S21401E5A0002301264FF0000810461946CDE9006603
S21401E5B003F084FF124B022083F8008002F0A6FAD3
S21401E5C043462A46022003A902F0BEFA0D4B039ADF
S21401E5D01A6008B92046D8E70B4D2B6898472128C2
S21401E5E004D020461EF010F80020C3E731466B68C1
S21401E5F002209847F5E700BF905900208C5900206B
S21401E6009A67002088590020486E0020044B5B6EF4
S21401E6105B054EBF0120034B187800F001007047E0
S21401E62000C001B89A6700200A78022A11D0101F8C
S21401E6304242424152004B781201022B0BD0191F65
S21401E6404B424B415B000549054842EA8312FFF7FE
S21401E65013BD0122EFE70123F5E700BFF0FFFF003E
S21401E66039F601000B78022B10D0181F43424341A4
S21401E6705B004A78022A0BD0111F4A424A415200D7
S21401E6800F21044843EA8202FFF7F6BC0123F0E7B4
S21401E6900122F5E765F601002DE9F8430E780446F8
S21401E6A0042E0D4690F830810BD100275FFA87F9CA
S21401E6B0484601F07DFD08B14E4602E00137042FC1
S21401E6C0F4D1304601F074FD002849D094F8303179
S21401E6D0B34209D1AA88D4F8A8309A4204D16A88EC
S21401E6E0B4F832319A4238D084F83061AB8830467B
S21401E6F0A4F834316B88A4F83231AB8804F59875E8
S21401E700C4F8A830FF2384F82B3019F088FD84F86C
S21401E7102A00284601F078FC18BB284601F03EFD89
S21401E720F8B9D4F8E03053B194F83011414506D029
S21401E7302046B3F91220EDF799FE84F839012046F8
S21401E74001F09AFE0949A4F834010123084AD1F8D8
S21401E750FC1004F1F80003F0AFFC0020BDE8F883DC
S21401E76021200C2384F83031F8E700BF001F00B0E9
S21401E770581F00B0F8B5054690F830010C460C2835
S21401E780164623D0FF2923D01AB14FF0FF32114B82
S21401E7901A6019F044FD074695F8300101F068FD4E
S21401E7A0844228BF0446E4B2BC4238BF3C46E0B2CD
S21401E7B085F82B0001F002FEFF280CBF212400245F
S21401E7C016B9284601F068FD2046F8BD0224FBE78D
S21401E7D02124F9E7586E002010B590F83031044630
S21401E7E00C2B43D0D0F8E03080F82A10D3B3D0F801
S21401E7F0F020CAB990F839318B421BD3002220464B
S21401E800FFF7B8FF40BB1A4B1B78022B23D82046D4
S21401E81001F032FE17490123174AD1F8FC1004F122
S21401E820F80003F049FC16E0B0F94220B3F91230C3
S21401E8309A42E3DD0022204694F83911FFF79AFF49
S21401E84050B9C4F8E000204619F032F94FF6FF73CC
S21401E8509842014601D1002010BD2046BDE8104077
S21401E860FFF7C2B8FF2380F82B30F4E70220F3E766
S21401E870DC700020001F00B0581F00B0F0B51D4628
S21401E880144B04461B780F46164685B05BB1D0F88C
S21401E890E030E3B102AAB3F912300092002214F07C
S21401E8A0C9FD05B0F0BD02A919F088F99DF8081058
S21401E8B03A462046EDF7DAFD014626B92A462046B5
S21401E8C0FFF758FFEDE72046FFF786FFE9E7184612
S21401E8D0E7E700BF56710400D0F89C30012B01D148
S21401E8E00020704770B5044665498CB019F0CCFC21
S21401E8F0D4F8E0600146E58DC4F8E40026B133683B
S21401E90013B15B68002B71D11DF083FE1DF07CFEF8
S21401E9100123D4F8E4108DF80630B389D6E9012036
S21401E920EB1A9BB200FB03225648ADF8043003688D
S21401E93000928B4207D0204619F0B7F9802252493F
S21401E940524BC8641A61514D00F052FE0128FBD1AA
S21401E950AB689E06F8D420469DF80620009906ABC3
S21401E96003F0E6F800283ED100F042FE0128FBD174
S21401E970464A136FD801FCD493689906F9D46846C1
S21401E98006A903F08DFA054668BBE28D404B5A6432
S21401E99094F8243060F3410384F8243000F0EEFF4D
S21401E9A0D4F8E0305969431E0E68DBB2FD2B02969F
S21401E9B022D9F31C34D84B68FF2803935ED1012675
S21401E9C0DA1C25D8024602A9204619F086FBE6B9CC
S21401E9D0D4F8543199053FD494F8243043F0020317
S21401E9E084F8243011E002200CB070BD1A68032AA6
S21401E9F08AD99B6A5B0E8EE74B6801280393DED0AB
S21401EA000246204602A919F068FB00200CB070BD32
S21401EA100133204B5B6816D0DA1C23D80393D1E769
S21401EA201C4B01361B6818BF0126DD1C06D8029355
S21401EA304B68FF280393C3D00020C3E7FF284B6829
S21401EA4019D00393C3E7DD1C0FD80246204602A95E
S21401EA50039319F042FBBBE720464FF4803119F0CF
S21401EA60C4FCD2E7FF28B2D1E6E7FF28B0D10022E6
S21401EA70204602A9EDE701200393A1E72A46C0E755
S21401EA80FC1F00B078590020001F00B0000002B83B
S21401EA90008001B8606E002010B50C4619B119F05F
S21401EAA0C9FA00B10434204602F0B8FA024B4042DB
S21401EAB0C3F8C80E002010BD001000B0838E70B5DC
S21401EAC093420C4615461CD3836C8B4208BF002428
S21401EAD01DF09FFD4FF49C530B490646CA68C2F3CE
S21401EAE00362D340DA0702D50B6F9B0304D40122DD
S21401EAF02946204601F016F830461DF085FD002017
S21401EB0070BD2120FCE700BF000002B82DE9F84FD8
S21401EB10064615460B4611B92120BDE8F88F002A96
S21401EB20FAD0032905D8002201F05EF90346002831
S21401EB30F2D01C889978B4F5804F01F0070080F078
S21401EB40C580A0F1070C1A7993F805A0DF88DCF1DF
S21401EB50000343EB0C0305282B7394BF0023C1F37A
S21401EB600013C1F3801C6B738B0985F810C003F08A
S21401EB700203C1F3C00C43EA0C03C1F340116B74EA
S21401EB80A974AF82002A40F0828096F81E31013BBC
S21401EB90DBB2EB74D6F89430DF0600F183800638DA
S21401EBA001287FD8B6F81280F76908F1FF38484B7C
S21401EBB0083C04EA08045B6D3B5D0134802B0EBF04
S21401EBC06FF07F03323B5BB2AB730023AB6096F80A
S21401EBD0279004EA0804B9F1000F61D1631D03EA26
S21401EBE008035A1C02EA0802BA5CFB5C43EA0223E9
S21401EBF0D9040FFA83FB4CD5D6F8E43013B11B6861
S21401EC00022B05D841F24D724C210020FEF74EFF33
S21401EC10D6F8E420CBF30B0392F82420DB000AB1EC
S21401EC20B3FBF2F39A4508D83BB1CAEB0A2ABAFB02
S21401EC30F3FA6FEA0A0A5FFA8AF9D6F8EC3023B1DA
S21401EC40484695F90E1098478146631C85F80F9043
S21401EC5003EA0803F95C013303EA0803FA5C0133AB
S21401EC6003EA080341EA0221FA5C013303EA0803D6
S21401EC70F85C41EA0241002341EA00616A7C3046C1
S21401EC8003F0D8FA06232860AB71002045E7531E2F
S21401EC907EE717F804904FEA49095FFA89F9CCE74D
S21401ECA09946D2E700230020EB730A4B5A69C2F358
S21401ECB00723120448BF63F0FF035AB212F1800F14
S21401ECC01CBF323B5AB2AA730346DCE7022024E794
S21401ECD0004000B800C000B838B5148811F003052C
S21401ECE04FEAC40422D13F2C20D9B4FA84F4C4F1EB
S21401ECF01903DBB2052B01D8192C15D0052B28BF1B
S21401ED00052301240633DBB29C40C4F3CF031380F2
S21401ED1003828161448700F02DFF054A631E234369
S21401ED20C2F8A430284638BD2B46EAE72125F9E784
S21401ED30001E00B011F5004F1FBF01F30E01044B7A
S21401ED40C1F30E01002014BF99642120704700BF53
S21401ED50008001B8F8B504460E4619B990F824307B
S21401ED605A063FD44FF6FF73618ED4F8E470994289
S21401ED7004D0314B1B680BB1204698472F4D2B68AA
S21401ED80BB424DD02E4B1B683BB11FB13A68002ADF
S21401ED9048D0BF683946204698470727204601F0E5
S21401EDA06BFB002E32D006270126264B94F928202D
S21401EDB093F900302449C3F11C039B1ACA69DB028C
S21401EDC022F4FF2203F4FF231343CB61D4F8E4308B
S21401EDD01E4A2B601E4B976720461E7019F06EF96F
S21401EDE00020F8BD4FF6FF71144DD0F8E4702A6884
S21401EDF066F386139742418680F8243017D0104B6D
S21401EE001B68002BC1D101F037FB072711493B4690
S21401EE10114AD1F8FC1004F1F80003F04DF9C2E7ED
S21401EE200127BBE71746204639469847B5E701F064
S21401EE3023FB0127EAE700BF845900207859002008
S21401EE40805900209867002000C000B8006000B814
S21401EE5099670020001F00B0581F00B0054A1268CD
S21401EE601AB190F81E1119B91047084602F0AABB4C
S21401EE70014870477459002000FEFFFF344B2DE90E
S21401EE80F7431C6801F4007900F00103174653EAC2
S21401EE90090206460D4635D04FF000083BB3002365
S21401EEA0002200210120CDE9008803F007FB0420A1
S21401EEB001F02CFE41462046FFF7D0FF01224146D5
S21401EEC02086104618F0A6FDD4F8941004F1F80038
S21401EED002F010FC1F490868FFF7C0F84FF0FF3337
S21401EEE00B6094F8243043F0040384F82430B9F11D
S21401EEF0000F07D00121204619F077FA25F4007596
S21401EF0006430D432B4632462046FFF709F9FB0719
S21401EF100FD51149114A08680021136811600121B3
S21401EF200F4A117003B198470E4B002102205B680F
S21401EF30984717F00E0F08D04FF409723B210020B6
S21401EF4003B0BDE8F043FEF7B1BD03B0BDE8F08302
S21401EF50885A0020506E00208C59002090590020BD
S21401EF609A670020486E002008B548220021024812
S21401EF70FDF72CFF002008BDDC1E00B073B578211C
S21401EF806422A0F8141182210C23C0E94112C0E9C1
S21401EF904322C0F8002107224FF0FF35002680F8F3
S21401EFA030314FF6FF730446C28700F14C0282648B
S21401EFB01E4AC385A0F8403080F82C304386426351
S21401EFC0038780F82860C0F8A850458580F8265049
S21401EFD003F03EFC2046FFF7C7FF94F928102046B1
S21401EFE0FFF76AF9602340F6FF71114A2046D364A1
S21401EFF002F11C42D162D1650E4A2946D3644022F1
S21401F0000D4B1A67D4F89420FFF7D8F90E23002287
S21401F010CDE9003340F202231046194603F04EFABA
S21401F02001F0E2F8304602B070BD00BF4000FFFFBD
S21401F030004000B8005000B8002002B810B50C46D9
S21401F040FFF792FFBCB1A378082B16D8E278082AFE
S21401F05013D843EA021313F0FF030CBF1946616885
S21401F060074AC2F8DC10217882F82011617882F80C
S21401F070233182F82111002010BD2120FCE700BFBA
S21401F080001E00B0012A10B512D8032B10D803EBCE
S21401F09082020123074C934094F82201DBB221B18E
S21401F0A00343002084F8223110BD20EA0303F8E769
S21401F0B02120F9E7001E00B0034670B50C68B0F8D1
S21401F0C03421013408BFD3F800418D6808BF0C60B5
S21401F0D04C68F830013404BFD3F80C414C606E1C08
S21401F0E03CD1D3F80841CE688C60751C3CD1D3F86E
S21401F0F004510E69CD60013604BFD3F8F8600E6185
S21401F1004E69013604BFD3F8FC604E618E69013644
S21401F11004BFD3F810618E618E695EB35A32B24273
S21401F12038BF32460E688A6116B15A2E38BF5A2643
S21401F130C3F808414C68C3E94065C3E943420A691C
S21401F140C3F8F8204A690C49C3F8FC20D1F8FC1032
S21401F15007230A4A02F0B0FF002070BD02F15A04EC
S21401F160AC4238BF2C46BEE702F17805B54238BF3F
S21401F1703546BEE76422D5E7001F00B0581F00B031
S21401F18070B51DF046FA04460B4E00F031FA012820
S21401F19005D020461DF038FA0225284670BDF368D2
S21401F1A013F0706FC3F30365EFD1B36ADB06ECD5DA
S21401F1B020461DF029FAF0E7000002B838B51DF028
S21401F1C028FA4FF6FF710A4A13888B4203D11DF0C5
S21401F1D01BFA0E2038BD074C074D1B046566A4F5C7
S21401F1E08054636611801DF00FFA0020F2E700BF1D
S21401F1F0DA700020006001B80000FFFF2DE9F74338
S21401F20004460F4615461E46FFF732F830B3A38A6A
S21401F21023B3204618F014FD78B9002E40F0F28092
S21401F220794BD3F8D83E03F03002102A00F0EA807A
S21401F23003F0C003402B00F0E580DFF80082D8F829
S21401F2401430D90740F1DE801DF0E3F906460320AD
S21401F25001F058FD30B130461DF0D6F9022003B05A
S21401F260BDE8F083D8F8142012F00608F3D1304632
S21401F2701DF0CAF9644B4FF400612046D3F8D89EBE
S21401F280D3F8AC6E04F0BEF940B14FF40072012120
S21401F2905E4B08461A67424618F0BCFB94F82530C8
S21401F2A0DA0707D5D4F894305B0542BF4FF4002245
S21401F2B0574B1A6739462046FEF796FB524BC3F862
S21401F2C0D89EC3F8AC6E0028C9D194F824309806AD
S21401F2D001D4002D57D0C5F3400003F023FB0223D1
S21401F2E015F4807F1BBF0021494A484A136717BFA0
S21401F2F0484A13675161136303F04EFB4FF4806372
S21401F30015F0040F14BF444A444A15F0400F5362E7
S21401F3104FF004023D4B28461A674FF0400314BFD6
S21401F3203F4A404AC2F88830FEF7C8FE204618F029
S21401F330B1FD38B14FF4807315F0010F14BF344A94
S21401F340324A1367A90647D54FF6FF72B4F8403024
S21401F35093420FD0344A3549526E100CC2F3011253
S21401F3600132B3FBF2F308802B4A2C4930481B04C8
S21401F37048665366003D18BF012594F8243065F3AE
S21401F380451384F82430204618F054FEF0B1204688
S21401F39018F080FDD0B14FF40031204604F032F968
S21401F3A0431C03229BB2234801A918F0FBFE9DF8DB
S21401F3B0042002F00703052B9DF8053015D112072E
S21401F3C00DD443F480731C4AC2F8B830002003B051
S21401F3D0BDE8F04318F0F3BEFFF7F0FECAE713F0FE
S21401F3E0040F09D19DF80630EBE703F03002202A1E
S21401F3F005D113F0010FF4E74FF48073E3E79DF8AE
S21401F4000630E0E70E202AE7001000B0002002B820
S21401F410001002B800400054005001B8006001B866
S21401F42000D000B800E000B8004001B8DA70002053
S21401F4300000FFFF08400054001E00B000C001B8E5
S21401F4402DE9F3410646884615461F461DF0E1F8AC
S21401F4500446032001F056FC38B120461DF0D4F8CE
S21401F4600E24204602B0BDE8F081042001F04AFCDB
S21401F4700028F2D120461DF0C7F801232A4641464E
S21401F4803046FFF7BBFE04460028EAD1DFF8C88005
S21401F4905FB388F8000039463046FEF735FD002890
S21401F4A04CD198F80030012B1CD02022244B1A672F
S21401F4B0244BDB6CB3F5817F1FD2012018F0C0FE10
S21401F4C01DF0A7F8204B06461B680193CBB901F047
S21401F4D093FC15F0800526D101F0E0FC284603F0E8
S21401F4E0F5F925E003F008FABBE798F80030012BA0
S21401F4F0F8D0002BD9D12124B3E78022134B1A610F
S21401F500DBE7042001F002FB00230122042001A90D
S21401F51001F01AFB0028DAD103F056FA212430460E
S21401F5201DF072F89DE70022094B9A6701F0B6FCC0
S21401F530084B01215B6800209847F0E7044690E7F6
S21401F540001002B8001F00B07C590020000002B86D
S21401F55000C001B8486E00209767002008B50C4B24
S21401F560D3F84C114B1C12D011F080410FD1094B2E
S21401F5701B6813B10320FEF70BFE4FF080624FF4B9
S21401F5800071054BDA67054AD16201225A6108BD4E
S21401F5900080E00F885A0020001002B8004000B832
S21401F5A04FF40022034B186F03F500531A67C0F39C
S21401F5B0C0407047000002B8024B586900F00100D5
S21401F5C0704700BF00C001B8084B5A69D10707D57C
S21401F5D008B901F077BA5B69DA0706D401F064BAB4
S21401F5E05B69DB0701D40028F8D1704700C001B879
S21401F5F00F4BDB68C3F30363013B0B2B0FD8DFE82C
S21401F60003F006060C06060606080A080808022085
S21401F6107047042070470520704703207047054B4C
S21401F6205B6913F0060F0CBF01200420704700BF72
S21401F630000002B800C001B8094AD368C3F30363E7
S21401F6400B2B08D06FF49050184100F0010080F0A9
S21401F650010040007047106F10F48030EDD1704704
S21401F660000002B80C4AD368C3F30363062B07D81D
S21401F670042BD8B20BD8C31E5842584140007047DD
S21401F680072B06D1D2F830010028ECD170470220B2
S21401F69070470020704700BF000002B8094BDB68C6
S21401F6A0C3F303639A1E012A8CBF00220122012B99
S21401F6B002701EBF4FF4026222FA03F303F0010345
S21401F6C00B707047000002B8094AD368C3F303639E
S21401F6D0032B01D0072B08D1536FDB0605D4906F9F
S21401F6E080F00800C0F3C00070470020704700BFDC
S21401F6F0000002B8024B0022196818F07CBC00BF5B
S21401F700709A0400024B1B6803B11847704700BF8C
S21401F710A8590020024B1B6803B11847704700BF69
S21401F720A459002010B5FF224FF6FF71044618F0C9
S21401F73084FC68B9FF224FF6FF71204618F08EFC54
S21401F74030B92046BDE81040FF22024918F098BCA7
S21401F75010BD00BF149A04002DE9F0411C46184B59
S21401F76005461E680F46904646B1306801F01CFEFD
S21401F770F3681BB1B368186801F016FE114B1B68DD
S21401F7802BB1DA681AB19B68186801F00DFE9DF876
S21401F7901830640744EA08425B0503F0BC6342EA9A
S21401F7A0C7621A432846084942F4C87203F016FF96
S21401F7B0002228461146FFF781F90020BDE8F081B6
S21401F7C06C9A0400709A04009007E12D08B5FFF7C3
S21401F7D07BFF88B1094BDA6912030DD5186F10F457
S21401F7E0003009D19B6F13F0100F4FF010030CBFC0
S21401F7F0034A044A936708BD0220FCE7000002B8EA
S21401F800001002B8002002B838B50446F8B1124A12
S21401F810D3691B031DD5556F104BC5F38115032DF9
S21401F820B3F8B4300DD10822083B9BB221460C48F0
S21401F83018F0B8FC0020084B25729B6F1B0A6372F8
S21401F84038BD022D05D1023B2A469BB2EEE72120A8
S21401F850F6E70220F4E700BF000002B8001E00B081
S21401F86038400054431EDBB2FD2B14D9FF280B6829
S21401F87001D14A68134313F0802F1EBF42F20102E2
S21401F880074BC3F8282251F82020054BC3F8502215
S21401F890C3F8542270470128F5D10023E9E700BFD9
S21401F8A0004001B8F0B585B06D460E460F4B0746D1
S21401F8B014460FCB85E80F000D4BD3F84802009095
S21401F8C0D3F84C2201923EB1631EDBB2FD2B0AD95E
S21401F8D03060FF2C00D1726022462946384618F067
S21401F8E0FCFB05B0F0BD012CF4E700BF1C9A040038
S21401F8F00080E00FF0B585B06E460D4B07460D460D
S21401F9000FCB86E80F0000F039F831460446024670
S21401F910384618F05BFD4DB140B9FF2C1BBF04AB58
S21401F92003EB8404009B54F8103C2B6005B0F0BD3B
S21401F9301C9A040030B50C4B0546187085B0082398
S21401F94080B90A4AC2F8FC3351B96C46084B0FCB52
S21401F95084E80F00074B2A4621461868FFF7A2FFE6
S21401F96005B030BD044AEDE763710020001002B80F
S21401F9702C9A0400885A0020002002B8014B1878FF
S21401F980704700BF63710020124BD3F8E020D2030A
S21401F9901ED54FF480321049C1F8E020A1F5805100
S21401F9A0C1F8EC201A6CD1B2C2F30722C3F880105A
S21401F9B0C3F880200422C3F880200022C3F88020E8
S21401F9C0C3F88020C3F88020C3F88020C3F88020C5
S21401F9D0704700BF0040005400600054F0220A4BFC
S21401F9E001219A64A022A3F580539A64074B826C86
S21401F9F0C3F8C010FC21C3F89810C3F89C204FF43C
S21401FA000052C3F8BC207047006000B800400054A4
S21401FA10F8B50D46174606461CF0FBFD01230421EA
S21401FA20084C094A2363A760E6602561C2F8E01026
S21401FA30064AC2F884311CF0E7FD0DB102232363A8
S21401FA40F8BD00BF004000540060005400E100E033
S21401FA500222024B58611A63704700BF00400054EF
S21401FA600122044B1A6640F6FF729963D863DA6581
S21401FA70704700BF004000542DE9F04F042A0546A8
S21401FA800B4683B039D901260978141F81615A784B
S21401FA9003F1040982619A788261DB7883610368E5
S21401FAA0D0F808B003F0070306339E4006F1FF3A8C
S21401FAB00AEA0B084768A6EB0802944247F000578B
S21401FAC00ED84946224607EB0800FDF70FFB46EA2B
S21401FAD00A0604EB0B023240AA6003B0BDE8F08FC1
S21401FAE0494607EB08000192FDF700FB019A3846EC
S21401FAF009EB0201A21B4244E7E7013A032AECD8CC
S21401FB00DFE802F00B08050213F8012B826113F8F7
S21401FB10012BAA6113F8012BAA611B78AB6103B014
S21401FB20BDE8F08F38B50C46154601460F4B60B15F
S21401FB3001220F48C3F8C0202246FFF79DFF1DB1E2
S21401FB4004220A4BC3F8C02038BD64B1D3F8A42000
S21401FB50A24284BF0122C3F8C0200222C3F8A040FB
S21401FB60C3F8C020EBE70122FAE700BF00400054CB
S21401FB709840005438B504461CF04BFD01211A4A42
S21401FB80638F054611663BB3B3FA83F3C3F11903DA
S21401FB90DBB2A069C2F8901093660723D066C2F85C
S21401FBA08C304FF4A02302F50052C2F8E030A2F5E3
S21401FBB08052C2F8EC3000220C4B1A600C4B1B6FC3
S21401FBC05B0209D54FF480020A4B04F1F8001A676C
S21401FBD0D4F8941001F08EFD4FF4E0232846E36339
S21401FBE0BDE838401CF010BD00400054AC59002060
S21401FBF0000002B8002002B82DE9F84305460C467D
S21401FC00B1B1D0F81880478F1CF003FDB5F83CC0A1
S21401FC10791E01EA0C0323F00702032C0646DFF8DF
S21401FC20F8E042445CD1DEF8004024B91CF0ECFC5C
S21401FC300E20BDE8F88324F00104DEF8000020F071
S21401FC400100A04251D10023CEF80030238894420F
S21401FC506FEA43436FEA534323803CD1EB8F08EBB3
S21401FC6007091846083880B202F108044C4528BF37
S21401FC704446082804D9B4F800E0BEF5804F3ED2C9
S21401FC8063440F431B1A3B409BB2AB87E88711883E
S21401FC9094781C4AC1F30C0151645367C2F88C0076
S21401FCA04FF48022184B04F00704C3F8E020012229
S21401FCB0164BC3F88421FFF767FE042C0BD14FF4D3
S21401FCC08002134B05F1F8001B6F124B1A67D5F82B
S21401FCD0941001F00FFD30461CF096FC0020A8E7BA
S21401FCE0601E012898BF1446A7E7E88F4344E31A2D
S21401FCF048BFDB1908389842A8DC304696E722460A
S21401FD00B0E700BF004000540060005400E100E08E
S21401FD10000002B8002002B8AC590020144B10B500
S21401FD201968CA8F8B8F488F13440138073B8C693B
S21401FD30034023F007031C4402F108030D4A9BB25B
S21401FD40CB87C2F88C304FF480220B4BC3F8E020EF
S21401FD5001220A4BC3F88421A07800F0070004288A
S21401FD6003D1074AD3681B03FCD4064B1C6010BDA5
S21401FD70885A0020004000540060005400E100E072
S21401FD80000002B8AC59002010B5064C216839B104
S21401FD90CB0703D4044B1868FFF72EFF002323601C
S21401FDA010BD00BFAC590020885A00204FF48032A5
S21401FDB00B4B0C49C3F8EC20A3F50053C1F8E02027
S21401FDC0D3F888109A6E012302F007020632934098
S21401FDD0C1F30C01083B994201D8FFF7D5BD704726
S21401FDE000600054005000542DE9F04780460C4650
S21401FDF016468769458F1CF00CFCB8F83C2005F1C7
S21401FE00FF3C02EA0C0323F00701032C8246394427
S21401FE10B8F83E0019D1494C24689CB90244073A07
S21401FE2002EA0C0222F00702BC183B44E31A48BF60
S21401FE305B19834210DB50461CF0E6FB002420468B
S21401FE40BDE8F08724F00104EFE7012C02D0022C74
S21401FE50EBD108380C46E8E7002E3DD08C423FD166
S21401FE60374AD2F844903649B8F81270D1F888204B
S21401FE70C2F30C02934247DA2588B5F5804FDAD2F1
S21401FE80A378C5F30C0503F007037A1EA5EB090555
S21401FE903A43052B337005EA02052DD82DB2E84307
S21401FEA040F241420421C00FFDF700FE7580E37861
S21401FEB03374D8F81C207B1E03EA0903D118B160FD
S21401FEC0A9B213FA85F5AF422FBF0023FF1AB780F8
S21401FED0F26024BFB180F36050461CF095FBAEE79C
S21401FEE0A4F10802974284BFED0802EBC502B2F8FE
S21401FEF00090C9F30C09B6E7124B5B6D003B18BFC7
S21401FF000123A5EBC305C9E70B6C7A1EA3EB090316
S21401FF103A431A400C4915B2002DCB680BDCC3F3EB
S21401FF200363D81E43424341DB0033708B6F7280FC
S21401FF301B0A3374BDE70823F7E700BFAC5900205E
S21401FF4000400054004000B8000002B8054BA8224B
S21401FF50D3F84C013121431C0CBF0120C0F3807043
S21401FF60FDF7A4BD0080E00F38B5094D04462868AA
S21401FF7040F69702003818BF01202B21FDF796FDA9
S21401FF80FA235C432B680A20B4FBF3F4604338BDC4
S21401FF90E0590020174B30B51A68431C164B22D087
S21401FFA0B2F1407F1FD3154D00F03F04D5F8002174
S21401FFB022F03F021443C3F8C84001F03F04224335
S21401FFC0C3F8D020D5F804310D4A1A400D4B03EA88
S21401FFD0500003EA510110431143074BC3F8CC000C
S21401FFE0C3F8D41030BD00200146C3F8C800C3F8DA
S21401FFF0D000F2E70080E00F001F00B0000002B85A
S2140200001FF087E1E0FFFF7F73B5574E0446317855
S21402001019B91C225548FCF7D9FE2378544A618840
S214020020137051804FF0FC62524CFF21C4F8FC2042
S2140200304FF47F02C4F808214F4A022B4F4D11702D
S21402004033D1042307224E49C4F8FC23C5F8FC33F7
S214020050C4F800114FF4C071C5F80011C4F8FC23AF
S2140200604FF48052C5F8FC33C5F870214FF40052A5
S214020070C4F87021C4F808314FF4FF13C4F8FC30FA
S2140200804FF4BB13C5F8FC308023C4F8703148F235
S214020090C8023C4BC3F8D8203B4B3C4A0020C3F86E
S2140200A0C02F0123337002B070BD394A012BC4F849
S2140200B00021384B27D14FF4C072C5F80021D3F87F
S2140200C03802D3F83C12FFF765FF0723C4F8FC3367
S2140200D00223C5F8FC334FF48053C5F870314FF451
S2140200E00053C4F870310423C4F808310DEB030042
S2140200F0EBF7CEFF9DF80530023B012B9CBF802319
S214020100C5F87031C3E7244AC5F80021D3F8300297
S214020110D3F83412FFF73EFF0723C4F8FC3301235B
S214020120C5F8FC338023C4F870314FF4805301A81D
S214020130C4F87031EBF7ACFF9DF80530012B05D102
S2140201409DF8043053B948F25D1309E0FBD9023B2F
S214020150012B9CBF4FF40053C5F8703148F2581378
S214020160084AC2F8D83097E79B670020C41F00B041
S214020170DC700020002002B867710020001002B870
S214020180C0F10F00001F00B0001000B0B4590020EC
S214020190C0F70F000080E00FC0F60F00034B1A688E
S2140201A002609B8883800020704700BFDC700020BE
S2140201B010B5044601F026F80A4BD3F8F83724B9EE
S2140201C083F40023C3F3C04010BD012C05D113F401
S2140201D0C02F0CBF01200020F6E7A31E584258414C
S2140201E0F2E700BF000002B86FF07F42154BD3F86B
S2140201F0FC37934208D0144A03F03F031370F123EE
S214020200124A1370124A13701249134B09781A686D
S214020210A9B1B2F1A06F12D3D3F850120F4A104B05
S214020220B1F1FF3F18BF13460E4A136041F66A0249
S2140202300D4B1B68B3FBF2F30C4A13607047084B76
S214020240F2E700BF000002B8687100206971002062
S2140202506A710020667100200080E00F5082E00F75
S214020260509A0400B0590020FC590020E0590020A2
S214020270012807D0022802D030B100207047034B75
S21402028018787047024BFBE7024BF9E768710020CB
S214020290697100206A7100200023F0B590F83041A1
S2140202A085B002462046CDE90133CDF80B30FFF784
S2140202B0DFFF92F82B30411EC9B28B4228BF0B4695
S2140202C0002C3CD0012C38D1042418464FF00F0CD9
S2140202D0384E0DEB0405B0FBFCF7F75D013CC01B86
S2140202E0C0B2814238BF00206055002CF3D10524ED
S2140202F00F278DF80830B3FBF7F0305C0344DBB20F
S2140203008B4228BF0B462B5501340B2CF3D10F26FC
S21402031002F1A800D43215F8013BB3FBF6F14C1CEF
S214020320C1EB01115B1A0133DBB2E4B21B0443EAF0
S214020330045340F8043F8242EDD105B0F0BD0424D8
S21402034018464FF00F0C1C4F0DEB0406B0FBFCF5E5
S214020350EDB27D5D013C401BC0B2814238BF002039
S214020360A055002CF2D105240F258DF80830B3FBDA
S214020370F5F0385C0344DBB28B4228BF0B4633559C
S21402038001340B2CF3D10F2502F1A804D43216F84F
S214020390013BB3FBF5F1481CC1EB01115B1A0133BB
S2140203A0DBB2C0B21B0443EA005344F8043FA24245
S2140203B0EDD1C2E7499A04003C9A040038B5284BAE
S2140203C005461A7827490C2A02D1FF20087038BD44
S2140203D0104617F024FF04461046FFF749FFA842CE
S2140203E028BF2846C0B2A04238BF20460B78C0B20B
S2140203F08342ECD0087088B1431EDBB2022A1A4947
S2140204000ED14FF0FC62C1F8FC20A1F50051D1F8E4
S214020410FC2042EA4353C1F8FC30D8E70346EDE736
S214020420124A134C1268AC32C4F8C02F4FF47F0243
S214020430C1F808210F49CA6FD202C8D40F22B3FBF3
S214020440F2F2551CC2EB02129B1A0133D1F8084194
S2140204501B0443EA05532343C1F80831B7E700BF3C
S214020460DC70002067710020002002B8885A002045
S214020470001000B0000002B82DE9F04F90F830519D
S2140204800646D0F8A82087B035BB1F2A38BF1F22E1
S214020490093A4C24844B85481B6A96F82B10C3F302
S2140204A08213DC400368DFF82CA29342DFF828822E
S2140204B07F4B04F0010414D11F78A74211D19AF899
S2140204C00070AF420DD17B4F3F788F4209D1B8F80A
S2140204D0040007B0BDE8F08F032A38BF0322023AB1
S2140204E0D7E7026098F800001C70FFF7C1FEFF29EC
S2140204F024D1284617F093FE07466F493CB3D6F838
S214020500E4702FB13B68082B40F2CB8097F8387026
S2140205101DBB0B6840F27121B3FBF1F35343192262
S214020520B3FBF2F339462A4605A8059317F04DFEAB
S21402053002023C04059842F0110988E0471E8F42E9
S21402054028BF0F46012F38BF0127FFB2D5E7012D7E
S21402055029D0022D01D0B5B327460B6840F271218F
S214020560B3FBF1F353431922B3FBF2F339460122EC
S21402057007EB072405A8059307EB042417F025FECE
S2140205807F00032F38BF0327020242EA001242EA24
S2140205900009033F00F01F0007FA00F0FFF7E4FC33
S2140205A000F5FA6758E00F23B7FBF3F3581CC3EBCA
S2140205B00313FB1A0133DBB2C0B21B0443EA005337
S2140205C0C3F30747C9E70C6840F27121B4FBF1F4A4
S2140205D00F2354431922B7FBF3F3B4FBF2F4374864
S2140205E0374A0068A2FB0412013350FA83F313F869
S2140205F0013C0392A3F140012A4603A8019317F097
S214020600E4FD039F2F4AE41BA2FB04120090302154
S214020610049204A82A4617F0D8FDDDF810B08146E9
S214020620A4EB0B0401220594102144F2100405A841
S21402063017F0CBFD009B1A02019B42EA091244EA1C
S2140206400344059B42EA000907EB0B001844FFF738
S2140206508BFC00F50C57283740F6FF711A4B3846CC
S214020660C3F8C010A3F58053C3F8C090A3F5805317
S214020670C3F8C440154C276001F0B0FC4FF47A7200
S214020680134B4042986523680A49B3FBF2F3A8F875
S214020690043096F82B30B7FBF2F08AF800500B7055
S2140206A017E7002734E700BF004001B8586E002065
S2140206B09C67002064710020FC590020B05900207D
S2140206C069C2F568911E856B006001B8E459002086
S2140206D0001F00B065710020DC700020014B18700E
S2140206E0704700BF6671002010B5044603F012F88A
S2140206F078B1174B1B786BB964B1164B1B784BB1AC
S214020700154B1B78013B012B04D84FF40042134BC8
S214020710DA6710BD124BDB6F1B04FAD41BF079FFAD
S2140207204FF400420F4B0446DA67A3F5A0435B681A
S2140207302BB1FEF741FF10B1022017F081FD022215
S214020740094B2046BDE81040C3F884241BF05CBF6A
S2140207509D6700209E670020E8590020002002B80E
S214020760000002B8001002B800D003500122024B6B
S21402077000201A70FFF7B8BF9D6700200022024BC8
S21402078001201A70FFF7B0BF9D670020F7B5064636
S214020790504C00F037FD504B2578504F1E7085BBED
S2140207A02846FFF7A1FF2378013B012B19D8E37BEC
S2140207B001A88DF80430237C8DF80530E8F788FE12
S2140207C0C7F884544FF6FF72454BC3F88420F822CC
S2140207D0A3F58053C3F884200022404BC3F8842438
S2140207E00DE04FF6FF723E4BC7F88454C3F88420E0
S2140207F0F822A3F58053C3F88420C7F88454394BF3
S2140208005BE00020FFF770FF2378013B012B08D83E
S214020810E37B01A88DF80430237C8DF80530E8F7D9
S21402082057FE0023C7F88434002ECBD062685AB332
S2140208302D4B1B6803EB5203B3FBF2F3013B1B0287
S21402084043F0F80326782649022E284A1ED0032EA5
S2140208504FF6FF75214826D0012E34D143F002030D
S214020860C1F88450C2F884300723C0F88434E37B8E
S21402087001A88DF80430237C8DF80530E8F7FCFDDE
S2140208800120FFF731FF17E0F823DBE74FF6FF7092
S21402089043F00103C1F88400C2F8843006220F4BED
S2140208A0C3F88424E3E743F00503C1F88450C2F892
S2140208B084300423C0F884340D4B4FF0804200206D
S2140208C0DA6703B0F0BDC1F88450C2F88430002362
S2140208D0F0E700BFE85900209E67002000C00350E2
S2140208E0006000B8002002B8FC590020005000B892
S2140208F0001002B8F0B5294F06463D4604460FCE14
S2140209000FC5336885B02B6000F07CFC0022244BB8
S214020910C3F88424A17A627A42EA0142C3F8902498
S214020920217CE27B42EA0142C3F88C24217B627B73
S21402093041EA0240C3F888043B78032B2AD8DFE852
S21402094003F022020C178DF8041004218DF80520FE
S2140209500DEB01000022E8F75BFDE37B00228DF839
S2140209600830237C042102A88DF80930E8F750FDF0
S214020970637A01228DF80C30A37A042103A88DF83D
S2140209800D30E8F745FD074B187805B0BDE8F04096
S214020990FFF7FCBE212005B0F0BD00BFE8590020DD
S2140209A000C003509E670020034BDB6F002BBCBFCA
S2140209B0024BC3F888007047000002B8004000B837
S2140209C02DE9F04717F0A0FC4FF47A762D4BB0FBDA
S2140209D0F6F618604FF4FA73734307462A48190E60
S2140209E01B021818294A4FF0000341F10001FBF7D9
S2140209F081FE274BA0F5807205461A6320B948226D
S214020A002B21FDF753F801254FF47A724FF0000AB6
S214020A106A43534650083102FBF76CFE1C4B1D4AD4
S214020A20B7F57A7F9A601C4B4FEA056819601B4B34
S214020A308946044618604FEA152505D29B222B21CB
S214020A405046FDF733F801264FF47A73A8FB0301EC
S214020A5003FB05117308C01841F10001002332465A
S214020A60FBF748FE0E4B023419600E4B49F10009A3
S214020A70A408186044EA8974054B013C9C63BDE8EF
S214020A80F08700BFFC59002020A1070040420F005B
S214020A9000C001B8021101000C5A0020085A0020BA
S214020AA0045A0020005A00201022044BC3F8842166
S214020AB05A600122024BDA60704700BF00E100E094
S214020AC000C001B81022064BC3F88421C3F8842064
S214020AD0BFF34F8FBFF36F8F0422024BDA6070476B
S214020AE000E100E000C001B810B50446A242A2EB45
S214020AF00000A3EB010104D2034B01399B6B0133C7
S214020B00184401F0030110BD00C001B838B5012534
S214020B100A4B02019D504FF480730446084A8340F4
S214020B2053661BF076FD074AA540137823EA0503B1
S214020B301370BDE838401BF067BD00BF00E101B886
S214020B4000E001B8A76700202DE9F84F16460546D3
S214020B508A461F461BF05DFD022E00F090808046FE
S214020B601BF064FD594B5A4AD3F82090147D5A6EF6
S214020B70E4B2520744BFD3F82090013404F00304D1
S214020B801BF04FFD4846214600F036FA8446DAF856
S214020B900000012E04BF01306044ACEB000C08BF1D
S214020BA0CAF80000BCF1804F7DD300F037FA8145C9
S214020BB0A1EB040188BF454BDFF834C188BF01F1C1
S214020BC0FF3101F0030188BF9B6BA0EB090E0CF806
S214020BD00510A1B1F90742BF41F61F723D4B5A6795
S214020BE0BA0742BF3B4B3C4A5A677B0742BF0022CA
S214020BF0364B9A673C0742BF0022344B9A65112453
S214020C004FF0010A314B05F11002120103EB051BEE
S214020C10CBF80C0131499C501A6A0AFA05F4586E50
S214020C200B78A2EB0902E4B2234372450B7025D37C
S214020C304FF48073AB40034220D11CF80520002AF3
S214020C4040D10EB3264AF807536607D541F61F7100
S214020C5040F201101F4B596750675967B90706D50E
S214020C601C4B1D4A1E491F485A6748675A677A072F
S214020C7042BF01221C4B1A613B071AD440461BF0A6
S214020C80C3FC0120BDE8F88F184A2D0142F805A0E2
S214020C9042F89C3C1BF0BDFC10490B7823EA040387
S214020CA00B701BF0B1FC40461BF0AEFC0020BDE80A
S214020CB0F88F2120FFF778FE4FF48032034B404630
S214020CC0DA60DCE7064A40465366D8E700C001B859
S214020CD06C5A002000E001B800001F1FA767002022
S214020CE000D001B800000101000002B800E101B81E
S214020CF09F670020024B1878003818BF0120704703
S214020D00A7670020034B10300001185800F00100BE
S214020D10704700BF00C001B870B50646FEF74CFC2F
S214020D20044608B1FFF7CEFE0023084D3046AB61FD
S214020D30EB612B6200F072F9054BC9B21975286295
S214020D400CB1FFF7B1FE002070BD00BF00C001B8B5
S214020D506C5A00202DE9F0419DF818800D46B8F136
S214020D60000F08BF0022214EB5F5803FB168074646
S214020D7021F4700141F4A001B1609DF820409DF875
S214020D801C104FEA042444EA016444EA031444EAC9
S214020D90084444EA02044FF0180140F2E9222CBF4C
S214020DA0002001207465FCF781FE3564B8F1000F5F
S214020DB01AD00F4BBC68D3F888305A2C38BF5A2446
S214020DC05B0606D500F0F0FB18B10A4BB3FBF0F356
S214020DD01C44204600F022F90130854238BF00222A
S214020DE0024B34BF5A645864BDE8F08100C001B8B3
S214020DF000C000B800093D00214B10B51A6E1A66F5
S214020E00596C59B11F49C96800292EDB596D4FF03C
S214020E10FF3301F00F018B409A4326D11024202085
S214020E20FFF7C2FD184B9C6002F088FB2022174B8E
S214020E30C3F8842101F0F4FC48B100220020082106
S214020E40FEF71CF8124B5C66A3F580531C670D4A2E
S214020E50D36803F07063B3F1807FF9D9084B0D4A6B
S214020E605A6741F201429A6710BD01F0D9FC002888
S214020E70F4D0094B064A5366A2F580521367EDE793
S214020E8000C001B8000002B8001002B800E100E09D
S214020E9000E001B8011B01181000002008B521204F
S214020EA0FFF782FD4FF48032014BDA6008BD00BFC7
S214020EB000C001B8F8B5184D04462B6A1B0426D5A7
S214020EC000F0E6FB2B6AA0FB044613F0787F4FEA9D
S214020ED09367C3F34450C3F3044505D140F25A4224
S214020EE02B21FCF7E3FD0120AD01B5FBF0F010EB82
S214020EF0871005D140F25F422B21FCF7D7FD012077
S214020F000246002320463146FBF7F4FBF8BD00F00C
S214020F104BFBA0FB0401F9E700C000B80246012023
S214020F2030B50B4CA0F12003C0F1200524FA05F5DC
S214020F3004FA03F32B4304FA00F595428B4100D3DF
S214020F4030BD0F2801D00130ECE7FF20F8E700BFE4
S214020F5040420F0010B50C46FFF7ACFFC30943EA48
S214020F604163C01A61EBD111FFF7D8FFFF2814D0F6
S214020F700F220C4B40F01000C3F88820A3F58053D4
S214020F80C3F88800A3F580531B6ADBB2802B06D019
S214020F902046BDE8104000F067BB212010BD0220AD
S214020FA0FCE700BF00E000B838B51BF03FFB084B7B
S214020FB0084A1D6A147D5A6EE4B2520744BF1D6A7F
S214020FC001341BF02EFB284604F0030138BD00BF97
S214020FD000C001B86C5A00200346064A103302EBE2
S214020FE000111B01D1F80C01D158C1F3400117F0D2
S214020FF032B900BF00C001B8064B1B68434303EB7F
S2140210008171054B1B68A3FB003013F1004341EBD3
S21402101000007047045A0020005A00200C4A20F0B4
S2140210204043014610B5002014684FF00042E4FB2E
S2140210300320084A890F126802FB0300064B9B6BCB
S214021040984204D901330131C01A01F0030110BDE0
S214021050085A00200C5A002000C001B8044B01F0C8
S214021060F071103041F0030100011950704700BFC3
S21402107000C001B808B52220FFF796FC4FF4802284
S214021080014BDA6008BD00BF00C001B808B5064BC8
S2140210904FF030401A6805499200FCF727F8BDE881
S2140210A0084001F0E3B800BF8C9A0400909A04004E
S2140210B070B50C68651C15D0C4F302669E42C4F374
S2140210C0074530D1A4B294422DD804EB8506B2422D
S2140210D029D2141BA50824F003040E59340F04D099
S2140210E0012C08D00022212402E06B1C51F8232098
S2140210F0C0E9002470BD0E4C34F8133042EA0343B4
S2140211001A686B1C51F8234001EB83014B6822409E
S2140211105E4036F0704404D11B0F032B04BF8B686D
S2140211201A430024E4E7013501EB8501C1E700BF5D
S214021130649A040007B501A8EAF7AAFF4822164BEC
S2140211405A65164AD2F8D43023F4FC33C2F8D430A7
S214021150134B1B689DF80530023B012B19D8402221
S214021160104BC3F8FC23104BD3F85C32DBB2FF2BD8
S21402117000D10623094A1B03D2F8FC139BB20B4389
S214021180C2F8FC33D2F83021084B1A6003B05DF87F
S21402119004FB00F0E7FEECE7008001B8000002B8AE
S2140211A0002000B0001002B80080E00FA059002016
S2140211B000224FF400710F4B10B51A675A679A67F0
S2140211C00D4AD162012102F5E8325161DA6812F065
S2140211D0706FFBD14FF0304201245A6602F5FC5282
S2140211E008329C66DA64054B1B689847044B5C61C0
S2140211F010BD00BF000002B8004000B85C6E0020C0
S214021200002002B801230F4A0F49C2F880328A6AC8
S21402121022F002028A620D4A53600D4A53600D4A5A
S2140212205360A2F580425360A2F54042536002F535
S214021230C032536002F580425360A2F5004253600A
S214021240704700BF0080005000C0005000D000B8B9
S21402125000500054005001B808B5FFF7D3FF0E4BFC
S2140212600E4ADA6700F076FEFFF764FF03220C4BA5
S214021270C3F8E020012203F54043DA674FF46072B8
S2140212805A614FF40072DA67FEF778FBBDE8084051
S2140212900021FEF74FBB00BF000002B80048F00076
S2140212A0005001B82DE9F04F054687B002900F4670
S2140212B057F8044B631C06D1029B2C60E81A801078
S2140212C007B0BDE8F08F5FEA147B18BF0123344AEB
S2140212D0C4F3016108BFC4F3074332F81120A4B275
S2140212E04FEAC30A2F4844EA02440AF104022A4497
S2140212F082421BD20722CA4002F0010201929A00E1
S21402130004EB830303930123B94603FA0BF808F0B0
S214021310940305F1080604920593039B09F1040958
S214021320A34208D1049955443944C0E71D4A954260
S214021330E0D80020C4E7059B53B918F0420F19D134
S21402134018F0280F0BD146F8084C59F8042C21E067
S2140213504FF4206232210020FCF7A8FBF3E740F6A8
S214021360042232210198FCF7A1FB04F5805246F8CC
S214021370082CEAE740F60D2232210198FCF796FB8C
S21402138004F50052BBF1010F46F8082CDDD159F8DE
S214021390042CD24346F8042C04340836BDE700BFBA
S2140213A0649A0400003000B0F8B50546F0B1002695
S2140213B0154B34461F46154953F8042BBAB9A000FC
S2140213C000F13040294600F50150FFF76BFF30B9B7
S2140213D040F6AE323621BDE8F840FCF767BB0C4B50
S2140213E00134044447F8265023F81640F8BDAA42B2
S2140213F0FCD001360C2E02D031F81640DCE740F65F
S214021400C83236210020E6E7105A00206860002025
S2140214106A60002070B50446A8B1C1B1384A52F8D5
S214021420043B984215D1002336498A689206FCD4BA
S2140214309B00354A03F1304303F50153C2F8B0303E
S2140214402022324B9A6070BD01330C2B02D1304DF4
S21402145012E0012352F8041BA142F5D12D4A32F8BC
S2140214601330E1E704D16268C3E90012083403E0EE
S214021470012A01D1043419602268531CE3D0C2F356
S214021480016335F81300110C93B211F0FE0F43EA14
S214021490004360680DD00434CAB2022A2168E1D93A
S2140214A0D4E90160033AC3E9001698600C340C33A1
S2140214B0F3E7120F072AD9D8DFE802F00704090D6E
S2140214C01013181DC04303F500531860CEE71A68C0
S2140214D042401A60CAE703F58053F6E716F0B0FEFC
S2140214E0C4E7012203F580538240F2E7012203F5A6
S2140214F000538240EDE71A6830EA0202FBD1B5E7F4
S214021500105A0020000002B8001E00B0001002B8F8
S214021510649A0400686000200122014BDA67704773
S214021520001002B80122014BDA677047002002B8A9
S2140215304022014BDA677047002002B84022014B76
S214021540DA677047001002B80B4B1B68D3F8E4301A
S21402155023B11A68022A01D9186A7047074B9A6D96
S21402156090B238B1064BC2F307421B68DB085343FE
S214021570B3FBF0F0704700BF885A0020004001B865
S214021580FC590020064BDB68C3F30363984206D17E
S214021590044AD36B23F0F00343EA0111D163704788
S2140215A0000002B8001F00B0054B1B68D3F8E430F9
S2140215B013B11A680A2A01D8FFF7C6BF186C70471B
S2140215C0885A00202DE9F743064616F032FE00241C
S2140215D08046DFF890901BF01CF80DF107010546D7
S2140215E00DF10600FEF75AF89DF806308BB9721C0C
S2140215F029D016F01EFEA0EB080428461BF004F8BD
S2140216009DF8063013B99DF807303BB3A642E2D8E0
S21402161024E0D9F80C3013F4603FE8D0D9F8100073
S21402162016F074FE731C074603D016F002FEA0EBFB
S214021630080428461AF0E8FF17F5007FE0D038467F
S21402164003B0BDE8F08328461AF0DEFF9DF80630A8
S214021650002BC0D19DF80730002BBCD1004FEEE71F
S21402166000FEFFFF00C000B810F1800F04D04D2826
S214021670CEBF7F20323040B2FF22044BC0B21A6285
S214021680A3F5805318620020704700BF00E000B840
S2140216900B4A10B5136E0B4C116E03F00703E35C96
S2140216A0C1F3CD0101FB0333126E0748C2F3454274
S2140216B002FB033300688001B0FBF3F010BD00BFED
S2140216C0004001B85C9A0400FC590020084910B595
S2140216D0D1F89C3040B11C46CA68D1F89C309C4276
S2140216E0F9D1C2F30362027003F00F0010BD00BF0F
S2140216F0000002B8094B01F080011B6F03F480035F
S2140217000B4309D14FF40012054B1A62837F1BB1BB
S2140217100122044BC3F80021704700BF000002B844
S214021720006001B8005001B82DE9F04F404F8046E6
S21402173085B038680C4616F083FA20B90024204695
S21402174005B0BDE8F08F224600214046FBF73EFB7F
S214021750384B5D6915F00105F0D1FCF701F8064635
S2140217600028EBD03F68384616F0A2F94FF6FF7312
S214021770984234D04FF060512F4E304B304AD3F857
S2140217802090D6F88C3011624FF00061A2F580529C
S214021790116224220421C6F88C202A4A4FF4804B78
S2140217A091604FF480520027DFF8A4A0CAF868B010
S2140217B0F262A7421ED30421234A9160A2F5F032B8
S2140217C0C2F88C304FF060521D4B1A6209EA0203CF
S2140217D01E4A13624FF480421D4B9A66AFE73146AB
S2140217E0384616F009F901463846FCF7FDF8002897
S2140217F0C0D0A3E7B26E5104FCD5B268D205F9D5C3
S214021800CAF868B0D6F890200135012D0392D0D9D7
S214021810E21B042AA8BF042208EB070003A90193CF
S2140218200092FBF763FC009A019B3A4497B2C0E72A
S214021830885A0020000002B8004000B8004001B8F4
S214021840006001B8001002B8002002B8005001B8CB
S214021850006000B84FF604014FF60502044B012063
S2140218601B6C9BB28B4208BF1346024A1366704734
S2140218700080E00F00C001B82DE9F74F81460F4601
S2140218804FF0FF35FFF790FB002601908A462C4664
S2140218903046DFF8D8B006F110031B015BF80330C0
S2140218A003F00308B8F1010F15D13046FFF794FB99
S2140218B002460B4601985146FFF716F9DBF86430EC
S2140218C006F10802D340DB0739D5002F40D00025A9
S2140218D02C463E6040460136082EDCD160B3234AD1
S2140218E00027D2F808C0916B0CF440330131A4FBF8
S2140218F00141641941F10001B3F5003F30D1536B49
S2140219000CF4405C013347F10006BCF5805F22D13F
S214021910156B15F5807505FB06F647F1000203FB0D
S2140219200266A5FB03323244594304FB0212A3FBB0
S21402193004341444C9E9003403B0BDE8F08FA84269
S21402194071EB0403C6D207B13E6005460C46C1E7FA
S2140219503D463C46BEE7320242EA13621B02E3E71A
S214021960136B13F5807347F10002DDE700C001B880
S21402197008B516F0DFFC044B5A7C01230232934072
S214021980024A536108BD00BF6C5A0020002000586E
S2140219902DE9F34105460F4668461146FFF76CFFF0
S2140219A00646B0B1AFB1DDE900321B0A43EA026374
S2140219B0A5FB0384094B120A05FB02441A6812B9F6
S2140219C016F0A2FC0246002340462146FAF792FE93
S2140219D03860304602B0BDE8F08100BFFC590020F6
S2140219E037B50446FFF70EFCE17822791B4841EA38
S2140219F00243C0F8CC34E579A37943EA0543C0F83C
S214021A00D03423784BB18DF8041004218DF80520CC
S214021A100DEB01000022E7F7FBFC63785BB10421C3
S214021A20A37900228DF80430E3790DEB01008DF8DE
S214021A300530E7F7EDFC227801235AB1084AC2F8CE
S214021A40C834627802233AB1054A0020C2F8C83484
S214021A5003B030BD034AF2E7024AF6E700C003507D
S214021A6000D0035000E0035070B52C4B0C461A7899
S214021A7012B92B4A926D1A702A4AD26F52054AD56B
S214021A801D78294B05F00F06B0FBF3F040434FEAF2
S214021A90151505D140F27C622B21FCF707F80120D0
S214021AA0224A0A217243B2FBF0F34843B3FBF1F633
S214021AB002EB5002B2FBF0F201FB1633042BD2B259
S214021AC007D8C3EB8310C3EB80035BB283B96DB256
S214021AD017E0C3F10B0303EB8303DBB2B3FBF1F3B3
S214021AE02B44DDB20F2DF2D9013AD2B2053DEEE714
S214021AF0053B5BB293FBF1F31D44EBB26DB2002DD6
S214021B0004DB002042EA0512226070BD0132053372
S214021B10D2B25DB2F5E70220F7E700BFA867002061
S214021B20008001B8000002B8403B2500809698006D
S214021B304FF0000C2DE9F84FA2FB017BC84EDFF8F0
S214021B405CE3BE1999466BF10003B6457CEB0303D2
S214021B5008D240F23E220E216046FBF7A7FF022083
S214021B60BDE8F88FD0F8E4A00C461546BAF1000F8F
S214021B7004D0DAF80030032B00F21B81B94BBA4AC4
S214021B809B6BD2F8FCA0C3F31408B84BD3F8EC3026
S214021B905E00B64B48BF48F400181B6E48EA45681C
S214021BA058074EBF4FF440039B0503F0E07348EA24
S214021BB0030818F0ADFE012D0646D0D10028CED07F
S214021BC0AB4B984200F0048103F5122303F5F86349
S214021BD0984200F00381A74B984200F02F8100251F
S214021BE002462B4600204FF00071FAF783FD2B4683
S214021BF0013007FB03F3C8F3130100FB0B33A1FB11
S214021C000662A7FB007001FB0522034420339B09F2
S214021C10C9F80030F60C984B46EA423618F4801F94
S214021C201C6008BF7642954B954DC9F81440344463
S214021C301E602C60BAF1000F00F0B98000239149B3
S214021C40C8F381528A5C194618F0807F18BF640870
S214021C50002EB8BF764292066008C2FB06012246F4
S214021C60FAF748FDDAF800300E2B08D97F4B7D4A8A
S214021C70926BD969D3F80C31C90600F1D68018F4F4
S214021C80001814BFC42240F207127F49C0F31300A3
S214021C90A1FB04614FEA511102FB01F1C9F80400ED
S214021CA0DAF818004FF4FA73B1FBF0F118BF4FF0F0
S214021CB0000801FB03F3A4FB0262FA33A3FB003025
S214021CC004FB0822B342904138BF0131C9B241F445
S214021CD0006CC9F808C000297ED0DAF81C00A1FB07
S214021CE0003624B1B4FA84F20E2A40F38880E20366
S214021CF0002E77D1B2FBF3F2530003FB0113A3FBD2
S214021D0000764FEA044EBE454FEA144474EB0606CC
S214021D1009D34E003344A0FB0371BE4574EB0101A8
S214021D2002F10102F6D2C2F30E024CEA023C4CF079
S214021D300063C9F8083018F0EBFD2B68002B00F0A2
S214021D408880B3FA83F4D4F102044CBF1C4623FA0B
S214021D5004F44E4B9C4288BF6408002846D0B4FB6D
S214021D60F0F3642100FB134201FB02F2904244D8D6
S214021D705A1E52085B08013B120242EA0313C9F8D4
S214021D800C3018F091FD00285CD0B4FBF0F2642110
S214021D9000FB124401FB04F4A0425ED8531E5B080B
S214021DA05208013A1B0243EA0213C9F81030002017
S214021DB0D6E6042BDAF828807FF4FBAE18F0807F94
S214021DC00CBF08F0E0734FF4400328F0E078EEE62C
S214021DD000232F481D460CE72120C1E600232D488C
S214021DE01D4606E70B46002289E7044640F2C24239
S214021DF02B210020FBF75AFE2346013BB8E7C2F12F
S214021E000F0702F1110E06FA0EFEFB4043EA0E031E
S214021E10A7F1200E26FA0EFE43EA0E03FE40013319
S214021E2004FA02F246F1000662E702F4801203F4B4
S214021E3000131A4308BFC0F5801020E70023164897
S214021E401D46D6E640F2E5422B21FBF72FFE621E28
S214021E50A4E70028C9D01C46CFE71446F7E700BF20
S214021E60006CCA88008001B8001F00B0004001B8AC
S214021E7000F04902005A6202485A0020445A0020E2
S214021E80405A0020749A0400D34D62103FBE40258B
S214021E900A3BB2DF313641DCD694BFD6807C814A1B
S214021EA010B50B46044686B039B9827901682148D6
S214021EB06B460068FFF73CFE6B461F4A1968516383
S214021EC01E4AD2F8FC2062B35A6842B11C4A1D4927
S214021ED0C2F80C115968A2F58052C2F80C119A6821
S214021EE042B1174A1849C2F8EC109968A2F5805216
S214021EF0C2F8EC101549D868D1F8642122F4EE62D3
S214021F000243C1F86421D1F85C21186922F4EE621A
S214021F100243C1F85C21A1F5FF4158692839FFF751
S214021F20A3FD0020A2880A4B9A6203F5A033186428
S214021F3006B010BD885A0020008001B8001F00B00D
S214021F40006001B8FFFF0F00FFF8FF0F000002B8A5
S214021F50004000B84FF48062014BDA67704700BF5A
S214021F60001002B84FF48062034BDA67034B1B780B
S214021F700BB1034A93657047002002B8A867002099
S214021F80008001B840B10368012B05D90069034BF4
S214021F90002808BF18467047004870477C9A04001D
S214021FA010B590B10468012C0FD902696AB11168A4
S214021FB0094B102C196051685960916888BFD26825
S214021FC0996094BFD960DA6010BD102200210248E1
S214021FD0FAF7FCFEF8E700BF505A0020084BC1177C
S214021FE01A68A2FB000302FB013310F1807043F172
S214021FF00003400E40EAC310803820EAE0707047C3
S214022000605A00200722164B70B5DA66154B164A40
S2140220101D68164BEC08E005C0184FEA153141F171
S21402202000010023FAF766FB114B124E18604EF6BB
S2140220306020FFF7D3FF4042C6F884000E48FEF742
S214022040EDFF024658B1E301500818184FEA157121
S2140220504FF0000341F10001FAF74CFBF06570BD4A
S214022060000002B8FC59002065CD1D00B2E60E0045
S214022070605A0020001F00B040420F0010B5044610
S21402208098B10B4BD3F8FC00FFF78AFF4FF47A7334
S21402209003FB04F0074BA0F6AC50DA689B681044CA
S2140220A0C01ABDE81040FFF799BF4EF66020F8E769
S2140220B0001F00B0505A00202DE9F8430546084696
S2140220C014461E46FFF76CFF0DB306F0020716F025
S2140220D004061ED1DFB14FF47A706B685843002BAA
S2140220E040F08C80FFF77AFF60626B69002B00F08D
S2140220F08C804B4AD0684FF47A7202FB0300A0F53C
S21402210003501038FFF76AFF2062002E57D1BDE851
S214022110F8832869002868D04FF47A735843404BF6
S214022120A0F6AC509B68C01AFFF758FFE061A88B78
S21402213000285DD04FF47A735843394BA0F6AC5062
S2140221409B68C01AFFF74AFF2061364BE968D3F84E
S214022150008000294FD04FF47A735943304BA1F6D2
S214022160AC519A685B68891AC91A2F4BC8171A6845
S214022170DFF8BC90A2FB011302FB003311F1807161
S21402218043F10003490E41EAC3118039274B6161CE
S214022190DB6EA361D9F8003053B1404615F04AFF12
S2140221A030B12246D9F800301D49D8F8D8009847F1
S2140221B00021A869FFF762FFA062002F8BD1A868F2
S2140221C030BB47F23050FFF709FFA0604FF47A7039
S2140221D02B6858432BB1124B1B6803F51C53103364
S2140221E01844FFF7FBFEE06091E74EF660209BE79F
S2140221F04EF66020A6E74EF66021B6E7084B1B684F
S21402220003F51C53103318446CE747F2305079E755
S2140222104FF47A735843A0F503501038D3E700BF43
S214022220505A0020885A0020605A0020001F00B032
S2140222304C5A002038B5054608461C4616F01CF8CF
S2140222400246D5F8E400FFF79DFE4368A018002B6F
S214022250044AA8BF4FF4FA721A44034B92FBF3F2F5
S214022260104438BD0CFEFFFF18FCFFFF70B5124C81
S21402227088B001AD0FCC0FC594E8070085E80700CB
S2140222808C2200210D48FAF7A1FDD42200210C4829
S214022290FAF79CFD0B4B0C4A5A6301F04DFA0B4BB6
S2140222A01B783BB1044E01AD0FCD0FC695E8070073
S2140222B084E8070008B070BDC41F00B0A01E00B0BE
S2140222C02C1F00B0001F00B0101111119B670020D8
S2140222D008B51AF09EF90E4B1A78A2B90D4A126882
S2140222E012F4843F0FD10C4A1021D1671B7863B9D0
S2140222F0084B1B68DB0508D4074B2022DA67BDE8CB
S21402230008401AF081B9054AEEE7044BF5E700BF2C
S214022310AE67002038160020002002B8001002B86F
S2140223200A4B197801F0FF0229B1002119700849F9
S2140223309202C1F8B420597801F0FF0229B10021B7
S21402234059709302024AC2F8B8307047A967002053
S214022350005000B8064BD3F8D80E064B5B6F1A0136
S21402236003D4054B9B6E1B0401D500F580707047A5
S214022370001000B0000002B8004000B810B51AF015
S21402238048F90E2104460320FFF7FCF840F201222A
S214022390034B2046BDE81040DA621AF035B900BF9A
S2140223A0004000B808B51AF034F94FF00042224B4C
S2140223B0C3F88020BFF34F8FBFF36F8F0122C3F89D
S2140223C08420BFF34F8FBFF36F8F0222C3F884209F
S2140223D0BFF34F8FBFF36F8F0422C3F88420BFF37F
S2140223E04F8FBFF36F8F0822C3F88420BFF34F8F3F
S2140223F0BFF36F8F1022C3F88420BFF34F8FBFF353
S2140224006F8F2022C3F88420BFF34F8FBFF36F8FE6
S2140224104022C3F88420BFF34F8FBFF36F8F4FF471
S2140224208072C3F88420BFF34F8FBFF36F8FBDE86F
S21402243008401AF0E9B800BF00E100E008B51AF05B
S214022440E8F84FF00042094B1A6001225A60042253
S2140224505A6008225A6010225A6020225A6040228D
S2140224605A60BDE808401AF0CFB800BF00E100E0AD
S214022470012370B5074C2370074B1E68074B32408A
S214022480D3E9005319402840FCF7F8FC00232370D8
S21402249070BD00BFAC670020685A002038160020C6
S2140224A00022044B1A70044B197811B11A70FFF708
S2140224B00FBF7047AD670020AE6700202DE9F047DA
S2140224C0DDF820A003EA0108099B06460C4602EA4C
S2140224D0000703EA0A09BAF1000F40F04E81031F13
S2140224E00B4300F00E81052871F1000380F0E480B2
S2140224F050EA010300F06081431E0B4300F0248182
S214022500FFF750FFAD4AD2E9005323EA040325EA57
S21402251006053D4343EA0807A94BC2E900571E6871
S214022520DFF8F48226EA0A0646EA09061E60FFF784
S214022530CFFE15F02A4F14BF48F202034FF40043B1
S214022540A04AB007D26EA04848BF43F4005383EABD
S214022550020122EA0302C2669C4A0B408166D366E7
S214022560C5F380421203290348BF42F48072EB0689
S21402257048BF42F40052964BAC0648BF42F4007283
S2140225806806D3F80C3248BF42F48062290648BF78
S21402259042F400628F4882EA030123EA0203C0F88B
S2140225A00C328D4B0A40C7F34024A404C0F808122C
S2140225B0C3F80C22EA0448BF44F48034AB0348BF95
S2140225C044F48014A80748BF44F4800415F4001F9E
S2140225D006D0D8F8000015F083FF08B944F40024AA
S2140225E0E90248BF44F40034FA0648BF44F4000443
S2140225F073077A4B48BF44F004041A6A44F4001482
S21402260084EA020323F0010375491A400A621C4059
S214022610CB61744B16F0010F1C62734B734A18BFE2
S2140226201A46734B7C071B6F48BF42F00062714824
S21402263082EA030123EA020303676F4B0A404166FC
S2140226401A676E4A05F00103516CA0F5803081EAE4
S214022650030221EA0301416482631A40684B28029E
S2140226605A64D8F8002048BF664B92F8F62058BF46
S214022670654B690748BF43F4806322B115F4C06F07
S21402268018BF43F480733207604A48BF43F00043E2
S214022690D2F8EC105E4883EA010222F4A02211402E
S2140226A0C0F8EC101340C0F8E0205A4ABDE8F047E4
S2140226B0C2F8EC30FFF7C2BEA0F580630B4306D02B
S2140226C020F48063A3F500730B437FF419AF19F06F
S2140226D0A0FF3A49D1E9003223EA060322EA0402BD
S2140226E042EA08023B43C1E900324B4A126892F8BA
S2140226F0F610474A09B313F4C06F1ED04FF4807326
S21402270011E019F086FF2D4AD2E9003123F00403C6
S2140227103B4341EA080157EA0807C2E900314FF491
S21402272080633B4A0BD0C2F8E030A2F58052C2F872
S214022730EC30BDE8F04719F067BF4FF48073C2F87B
S214022740EC30C2F8E030F4E719F063FF1B4AD2E936
S214022750003123F001033B4341EA0801C2E900319C
S21402276001232E4A57EA08071BBF9363A2F580523D
S2140227705364536408BF9363DBE750EA01037FF4B4
S214022780BFAEBAF1010F7FF4BBAE19F042FF0C4A9E
S214022790136823F0010343EA090313604FF48063CE
S2140227A0144AB9F1000F04D05366A2F5805213679B
S2140227B0BFE713675366BCE7BDE8F087381600200C
S2140227C0685A0020004000B8006000B8005000B808
S2140227D0004001B8006001B8005001B8000002B81D
S2140227E0002002B8001002B8041C000304180003FC
S2140227F000C001B800E001B800D001B800C000B8BF
S21402280000D000B80D0A0A09090A0A090040005455
S2140228100060005400500054885A002000E000B8BF
S214022820024B5868C0F3C000704700BF381600203D
S214022830024B186800F00100704700BF38160020EF
S214022840024B5868C0F3C030704700BF38160020ED
S21402285010B50446FEF700FDFFF7A4FD2046FDF77F
S214022860BDF8FEF7A5FCFEF7ABF8FEF71DF9FFF77D
S214022870C9FB13490723134AD1F8FC1004F1F800E8
S214022880FFF71AFC4FF080710020FEF7E7FB4FF0CF
S21402289000720D4B4FF400110120C3F80021FEF721
S2140228A0DDFBFEF7D7FF20B940F292321421FBF788
S2140228B0FDF815F048FDBDE810400120FDF766BFA3
S2140228C0001F00B0581F00B000D001B88023074A8E
S2140228D01367082340B11367054AD2F8A03023F0E5
S2140228E02003C2F8A0307047024AF4E7001002B88C
S2140228F0001E00B0002002B810B519F08AFE0121B1
S21402290004460020FFF7E2FF044B1961044B5B68A4
S21402291098472046BDE8104019F076BE000002B87F
S214022920486E0020F8B5194C0546207840F2E4427D
S214022930B0FA80F03E214009FBF7B8F855B9607846
S21402294040F2E442BDE8F840B0FA80F03E21400989
S214022950FBF7ACB84FF440660D4F0E4DD7F8B430C7
S21402296040F2E442C3F381232370C5F8B460607872
S2140229703E21B0FA80F04009FBF798F8D7F8B83055
S214022980C3F381236370C5F8B860F8BDA967002059
S214022990004000B8006000B8F8B5084C084D236F38
S2140229A00423084F2B67236F5B0300D4F8BD04266D
S2140229B002203E6715F044FC2E67F4E7000002B8DA
S2140229C0001002B8002002B8A82238B51A4B1D6FB4
S2140229D003F500531A6710229A60A3F5804302F1AA
S2140229E000521A675A66FFF79BFC144B1B7813B902
S2140229F00320FEF78BF80024114B9C67FFF7CCFFF1
S214022A00104A114BD2F8D81E0B40C2F8D83E042208
S214022A100E4B1A670E4BAA06C3F8AC4008D503F550
S214022A208073DB6CB3F5817F22BF8022024B1A6172
S214022A30BDE83840FCF7C2BB000002B8AB67002016
S214022A4000C001B8001000B0DF0000FF002002B88E
S214022A50001E00B010B549B930B3164AD3681B0E33
S214022A6013F00E0F20D193689A061DD4FFF786FC4A
S214022A70104C0020FEF72AFE032801D0092805D1B3
S214022A80636FDB03F5D4E36D0C2BF2D9FFF784FFFB
S214022A904FF40072084BDA62012203F5E8335A61FA
S214022AA0042203F580531A674FF4C062034BDA62BE
S214022AB010BD00BF000002B8004000B8006001B8B8
S214022AC008B503210920FEF75DFD2022014B1A619D
S214022AD008BD00BF000002B838B5054619F099FDDA
S214022AE00E4B04461868FDF745F835B1FFF7D8FCDB
S214022AF02046BDE8384019F087BD094B1B78002BED
S214022B00F6D0084B1D78002DF2D1FFF7C9FC2A46F5
S214022B104FF480400021FFF7ABFCE9E7885A00201B
S214022B20AD670020AC6700202DE9F84F5C4B0646E7
S214022B300D4614461B6F002A40F0AE8013F0A00F1D
S214022B4014BF4FF001094FF00009FCF737FBA02332
S214022B504FF0000ADFF868810320C8F87030FDF7EE
S214022B60D5FF0420FDF7D2FF4E4FFFF799FC4E4BE0
S214022B704FF0040B7B67C7F878A0FFF70DFF4B4BAF
S214022B804FF48071D3F8A020494842F02002C3F8DF
S214022B90A020FF22C8F80820414A1161D0F8D82E9A
S214022BA044491140C0F8D81EC8F870B0C3F8ACA0AB
S214022BB07B6913F0060F04D0FEF75CFA5846FDF761
S214022BC0A5FFB9F1000F08D04FF400623A4B1A671E
S214022BD04FF40042A3F5E0339A6666B1374BDB6CDE
S214022BE0180701D4FFF7CAFBFFF76AFF0420FDF7B8
S214022BF08DFFFFF795FB2A4B5A69D10747D5DA684E
S214022C0012F0706FFBD12E4B2E4A1A672E4AD36BE8
S214022C1023F0F003D36315B12046FFF75DFF2B4B7D
S214022C20D3F84C315A1C01D05B0002D50122244B4A
S214022C305A6164B3214BDA6E03F500539A6603F5C4
S214022C40D0331B6A1E4A23F00103D361204BD3F80C
S214022C500C1203F50053C3F8081203F50053D3F819
S214022C60841003F5005399671A4BD3F8EC1003F55A
S214022C700053C3F8E010184B596C03F500539963E0
S214022C80164903F5803359664FF60843136700204A
S214022C90BDE8F84FFCF736BD4FF0000955E700BF18
S214022CA0000002B800C001B800000101001E00B01A
S214022CB0001000B0DF0000FF001002B8004000B8AD
S214022CC0002002B810003000001F00B00080E00FA5
S214022CD0004001B80040005400C000B85000002F69
S214022CE09B4B2DE9F04F9F6EDB6E85B01F40994BD4
S214022CF09F66994BD3F8E050D3F8EC301D40974BC3
S214022D00C3F8E050964BD3F80822D3F80C3202EA06
S214022D100309944BC3F8089203F52043DA691B6A49
S214022D2002EA0308904B08F47702DA618F4BD3F875
S214022D300422D20605D4D3F80431C3F30016DB0608
S214022D4051D519F066FC8A4B5A695E6E1B6F12F0FB
S214022D50060F06EA0306874A26F0007314BF4FF0F2
S214022D60010A4FF0000A23F400637407536604D581
S214022D70814A137D0133DBB2137519F045FC002F2F
S214022D8000F0E28017F4004300F0D38019F041FC13
S214022D900146FFF7DFFA0446784BD3F800B0DBF8BB
S214022DA00020DBF800309A42FBD0DBF800209A4283
S214022DB0FBD0FFF7CFFAA04217D1084619F024FC41
S214022DC06F4B1C606F4BD3F870B01BF4E0520ED101
S214022DD024F07F4424F0DF040CB9FFF7F5FD4FF032
S214022DE0807B002414E0B246C9E70446D7E7019286
S214022DF0FFF7EAFD5C4B019A1BF480541A6740F019
S214022E009A801BF4806F0CBF4FF0805B4FF0806B94
S214022E10B80715D55B4A5448126F02F46041016741
S214022E20002900F08B80110400F18B8012F4005F01
S214022E300CBF4FF000524FF0006200244BEA020B28
S214022E40C7F340377F00504A2A40002A4AD015F47A
S214022E50206F0AD040F6A31206210020FAF726FEBB
S214022E600020FFF739FE25F48025EB0506D5FF2165
S214022E703D4A4BF4C06B9160FFF780FA15F0090FDC
S214022E800AD040F6B81208210020FAF70FFEFFF724
S214022E9017FE0121304A116315F0106F0CD040F670
S214022EA0C11209210020FAF701FEFFF709FE0022EF
S214022EB011461046FCF736FE15F4202F0AD040F6CF
S214022EC0C91207210020FAF7F1FD0020FFF704FEE1
S214022ED025F48025E80301D5FCF768FF002DB8BF6E
S214022EE047F0080769070DD51B4AD26A12F4005F3D
S214022EF04FF4005217BF19492449CA624BF4000B1B
S214022F0008BFCA626A0548BF4BF0040B15F480235B
S214022F10019300F0A480FCF701FF0138062837D899
S214022F20DFE810F028012B0128012E0131013401BF
S214022F3034019B4655E74FF0804B52E74FF0007244
S214022F407BE74FF0004278E7BB463C467BE700BF94
S214022F50004000B8006000B8004000540060005412
S214022F60004001B8006001B8002002B800E100E0AD
S214022F7000C001B800E001B86C5A0020109A0400A4
S214022F80645A0020000002B8090B0B890050005456
S214022F9040F6FA1203210020FAF788FD012185483F
S214022FA0826ED0F8883002F00702063201FA02F288
S214022FB0C3F30C0CA2EB0C0292B2072A12D97E4A79
S214022FC0126F53020ED47D4B826B806D5B6D5BB1CC
S214022FD002F0070206329140C0F30C00091A89B2C9
S214022FE0072901D84BF4007B754A1278002A36D09E
S214022FF0704AD2F8E02012F4A02F30D1714A7249FA
S21402300012789AB9F20411D40A787AB14FEADB023E
S2140230106E4842EA447282F00102D0F8D80E02F0FC
S2140230200102520020FA02F2930718D10420FDF79B
S2140230306DFD674A67485067FFF732FA62490A78B9
S2140230404AB9654A127832B1644A654912680BEA8F
S21402305002020A4201D14BF4804B26F48056B9F1A3
S214023060000F1DD019F4805F18BF4BF4802B19F4A3
S214023070807F18BF4BF4002B19F4005F18BF4BF08B
S214023080100B19F4007F18BF4BF0200B19F4806F59
S21402309018BF4BF0400B19F4006F18BF4BF0800BB3
S2140230A0B8F1000F48D018F4001F0AD04D4A136832
S2140230B03BB1414A4C48116F00680022C1F3C0611F
S2140230C0984718F4802F18BF44F4007418F4803F11
S2140230D018BF4BF4805B18F4801F18BF4BF4003BFC
S2140230E018F4800F18BF4BF0020B18F4003F18BFFD
S2140230F04BF4801B18F4000F18BF44F0100418F4A9
S214023100002F19D0394AD2F8A02012F0C00F13D0DF
S2140231102949CA68C2F30362032A01D0072A05D1E5
S2140231204A6FD00602D48A6F120732D54FF40021B6
S2140231302F4A28F40028D161002E00F01B813305A7
S21402314040F18F802B48DFF88890C2782A49002AFF
S21402315058D04FF40063013AD2B24B66C27032B90D
S214023160264A1278C2B140F60141254A516700222A
S214023170002173E04BF4803B10E74BF4006B0DE745
S2140231804BF4806B0AE74BF4807B07E74BF0080BA7
S21402319004E74BF4001BCFE7D9F8782012F4A05FBF
S2140231A015BF4FF4807240F60142C9F85820C9F89C
S2140231B07820DCE700400054000002B8004000B867
S2140231C0AE670020AD670020B0670020001000B098
S2140231D000C001B800000101AF67002038160020C9
S2140231E0088D01009C590020885A0020001E00B05D
S2140231F0002002B89F67002000E001B8AB670020FD
S21402320000D001B80320FDF781FCD9F81420A84BA2
S21402321012F0060F04BF41F61F72A649A64808BF61
S2140232204A674FF40061A34A5166D9F8142012F097
S214023230060208BFC9F878205A8A12F4006162D0E2
S21402324022F400625A82027802F0FF09002A5ED156
S214023250FDF710FFFFF7B8FB4A4620214BEA020BA8
S2140232600C43B00009D52E20FDF79EFB4FF000510F
S214023270904A44F0080411675166F10606D52B20E1
S214023280FDF792FB10218B4A1167516616F0306FDC
S21402329005D1F20463D5BAF1000F00F0C080330105
S2140232A017D52920FDF780FB844A526C12B11021F3
S2140232B0834A9160FFF7B4FA48B1824A82487D4950
S2140232C04A66026700F54050C068400422D444F0C3
S2140232D0040416F0007A28D00420FDF717FC2720F5
S2140232E0FDF762FBFFF770FB4FF00071714A516603
S2140232F0764AD2F8D82E520679D40221704A9160C4
S21402330044F0020428E002784FF40052A6E74FF495
S21402331000422DE70A6720204A66FDF745FB2D206E
S21402332044F00C04FDF740FBD3E716F0807FDFF88D
S2140233308C9147D00420FDF7E9FB2820FDF734FBEB
S214023340D9F87820002A3AD1FFF73EFB594A5D4960
S21402335044F00104116751660021584A91657205CE
S21402336008D55B498A78002A00F0D880013A8A702C
S21402337000221743574AD2F8A020130603D5584610
S2140233802146FCF7C7F93A4658462146FFF770F839
S214023390019B0BB1FCF7F8FC01224F4B05F00435FC
S2140233A0C3F8E0504D4B18F4002FC3F884211EBF1B
S2140233B04FF40022424BDA6105B0BDE8F08FC9F83F
S2140233C078A0C3E7F104C7D50420FDF79FFB444A63
S2140233D0C9F87420FDF74EFED9F8642012F0407F3B
S2140233E0BAD12A20FDF7E0FAFFF7EEFA80E7394A6B
S2140233F0D2F8A0108B0683D402203A4988603A4954
S214023400096891F82510C8077FF57AAF92F8C420AC
S214023410002A3FF475AF8021344A116170E7344ABE
S2140234201268013202D04BF0010B98E728490A795C
S21402343052B1013AD2B20A7112B9234A2D495167E2
S21402344000224BEA020B8AE70420FDF75FFB03200B
S214023450FDF75CFB194A2249516719F0DAF88146F2
S2140234600DF10F00FEF732F9234A824612780AB1AE
S214023470FEF784FFBAF1030F0ED1DFF870A000202A
S214023480FEF724F9032807D1DAF87420D103F6D41C
S214023490DAF85C200C2AF2D99DF80F20032A2FD1E5
S2140234A00121164A4846117019F0AEF8C8E700BF67
S2140234B06C5A002000E001B8AB67002000C001B8DB
S2140234C0002002B81000002000D001B8001000B0A2
S2140234D09F670020001E00B00060005400E100E07C
S2140234E000000101001002B8885A0020000002B84D
S2140234F0506E00200000010DB1670020AD6700206D
S214023500094AD2F8E02012F4A02FC9D1FEF7C8FF6C
S214023510484619F079F84FF4804292E70220FDF708
S214023520F5FA012225E700BF004000540122024BB3
S2140235301A62DA61704700BF002002B80D4B10B560
S214023540DC691A6A14400C4A24F47F01D161E2074E
S21402355006D5D9684FF0FF30C1F3036114F0FDFEC3
S214023560630706D5BDE81040042200200021FEF7BE
S2140235707FBF10BD000002B8002002B80C4A08B592
S214023580936B526C13400B4A9363DB070FD50A4BBF
S21402359040F663421878122100F00100FAF786FA24
S2140235A0BDE80840002201200021FEF761BF08BDE9
S2140235B000C000B800E000B838160020054AD2F86D
S2140235C08430DB07FBD4936FD2F884201340024A80
S2140235D093677047008001B800A001B870B5144622
S2140235E00D4619F016F8064BD3F8A06074402C402E
S2140235F07440C3F8A04019F007F806EA050070BD4B
S214023600001E00B0034BD3F8A03099430CBF012034
S21402361000207047001E00B02DE9F04117460A430D
S214023620012A1D469DF818409DF81C60DDF8208092
S21402363029D8B44227D2082E25D8032B23D8B8F18E
S214023640000F20D00A460021FBF71CFDFF21EB00ED
S2140236509940C943DFF834C008F1FF38FF00E2B2F0
S214023660964202D80020BDE8F0813D190CEB850594
S214023670D5F8E02018F8010F0A4098401043C5F824
S214023680E0000134EBE72120EDE700BF001E00B0AA
S214023690034B1868034B002808BF1846704700BF44
S2140236A0845A002060BB04002DE9F843DFF86090DE
S2140236B00646D9F8008008461746B8F1000F03D030
S2140236C00E242046BDE8F88306B3336801331DD1C5
S2140236D0E1B1FAF70DF805460028F1D0C9F8000066
S2140236E0FAF72CF8284614F04CF9044640B1404646
S2140236F0C9F80080FAF722F8284614F03DF9E0E708
S2140237003560002FDDD02846B847DAE72124D8E70F
S214023710885A0020024B1868003818BF01207047EC
S214023720885A0020002108B5024B08465B68984775
S214023730002008BD486E00200523064AA2F84A303B
S21402374092F8493003F0010363F0730382F84930BC
S214023750704700BF001F00B00023F0B585B0CDE96A
S21402376001330393124B134D1B78134E8DF804301E
S21402377018F05CFF2A78337804469A420F4F0CD032
S2140237803178386801AA297014F01CFE50B140F650
S21402379008210B4819F03FF804E0386814F0F2FDEF
S2140237A00128EDD0204618F03CFF05B0F0BD00BF62
S2140237B0427100207371002074710020A45A002008
S2140237C0516F0400F8B52B4B1B7823B140F6FC3141
S2140237D0294819F020F818F029FF284B07461C88BC
S2140237E014F0060409D001214FF4807017F078FF18
S2140237F03846BDE8F84018F014BF21464FF48070F2
S21402380017F06EFF204600F09DFF022808D18022A6
S2140238101B4B8021186814F07EF9FFF79DFFE7E73F
S214023820204600F08FFF054638B1012807D040F643
S2140238303141114818F0EFFFDAE70246E8E7FF22C7
S2140238400F4E104B30681A70FFF76CFF306814F09A
S21402385099FD0128CCD02A462946306814F094FDFA
S21402386021462C2017F068FF21460A2017F064FF35
S214023870BEE700BFB7670020516F040084600020D7
S214023880A45A0020737100200021014818F06EBD72
S214023890C86E00207F2837B5044610D14FF6FF7356
S2140238A0022217480DF10601ADF80630EAF7D6FEF9
S2140238B0BDF80640E2054CBF6FF04A0464B218F049
S2140238C0B5FE104B05461C700F4B1B88DB0710D548
S2140238D00E4B1B78002B0E4B0CBF21466FF07F0160
S2140238E0186814F03DF920B140F67861094818F0DE
S2140238F092FF284603B0BDE8304018F092BE00BFE3
S214023900641002C06B71002084600020B86700203B
S214023910A45A0020516F040010B50FF087FD60B165
S2140239200FF086FD0B4A80B141F20D03BDE8104050
S21402393041F20D01074818F025B8074B1A781B7993
S2140239409A4204D100220023F0E70D23EEE7034A51
S214023950F9E700BF400D030042710020488D0100C8
S214023960F8B5164E0D46337802F0010423B140F244
S214023970C531134818F04FFF124B134F1D60134DFD
S214023980A4B1134B997801B10121202017F0A8FEAB
S2140239902B783B700F4B1C780F4B00211C700423B6
S2140239A033700E48BDE8F84018F0E0BC21462020EF
S2140239B017F096FE2B783B70EEE700BFB767002045
S2140239C0516F0400945A0020B467002075710020DD
S2140239D0985A0020B5670020B6670020C86E0020FF
S2140239E02DE9F84318F022FEDFF8A0810546B8F864
S2140239F00030614C13F4807F03D0237873BBFFF74B
S214023A00E1FE0021084617F097FE5C4B1A78FF2A63
S214023A1013D01A7802F0FF0632BBFF221A70237800
S214023A20052B0AD100232846237018F0FAFD3046EB
S214023A3014F058FD18F0FAFD05462378504E062B72
S214023A4009D13378FF2B06D03378022B15D100210B
S214023A504C4818F08BFCFF2333702BE000214FF408
S214023A60807017F03DFECCE71A78012A4FF0FF026D
S214023A7014BF33264C261A70D4E7337813B1337842
S214023A80012B22D117F0CCFE07463E4896F800904E
S214023A9001F0CEFBFF235FFA89F9337077B1B9F1F3
S214023AA0010F44D16421374884F8009018F05EFC78
S214023AB0FFF752FE284618F0B4FD06E028462770A7
S214023AC018F0AFFD384614F00DFDB8F800301B06AE
S214023AD005D50021802017F003FE13F016F801F03A
S214023AE0E3FA294E308000B32778012F42D118F02E
S214023AF051FB054610B3013018F06BFF00F440602E
S214023B00B0F5006F1AD104223946284618F082FA18
S214023B10284418F05EFF4FF6FF7398420ED100203D
S214023B20318800F0F1FC00233380BDE8F8830023DF
S214023B302846237018F075FD3F20C4E7114801F0AF
S214023B4077FB002108462170012500F08FFC2378C0
S214023B500BB9FFF737FE0020318800F0D5FC0023B2
S214023B603380002DE1D020780028DED1BDE8F8436E
S214023B7014F0F0BD0025EAE7B76700207271002056
S214023B8071710020C86E00208260002084600020D0
S214023B9008B513460A461946064B186814F06DF81F
S214023BA030B1BDE8084040F2F441034818F033BE95
S214023BB008BD00BFA45A0020516F040008B5134682
S214023BC00A461946064B186814F051F830B1BDE89B
S214023BD0084040F2FB41034818F01DBE08BD00BF76
S214023BE0A45A0020516F0400024B1878431E584214
S214023BF058417047B767002008B5064B1B7823B1BB
S214023C0040F22551044818F006FEFFF7DBFD0020BF
S214023C1008BD00BFB7670020516F040008B5054B0A
S214023C2001EB81011868490013F09CFF002818BFB9
S214023C30212008BDA45A002008B5044B1868F9F7DD
S214023C400FFF0A2390FBF3F040B208BDA45A0020EF
S214023C50014B1878704700BF7471002008B5044BFA
S214023C60186813F0EAFEB0FA80F0400908BD00BFFB
S214023C70A45A002038B5124D0C462B78012B04D9D5
S214023C8040F246510F4818F0C6FD21460020FFF7C5
S214023C90E5FF90B10C4B1C702B785BB9FFF792FDD9
S214023CA00A4B93F900100A4BC901186813F02EFF4D
S214023CB0002038BDFFF750FDF2E72120F9E700BFEC
S214023CC0B7670020516F040074710020B9670020A6
S214023CD0A45A002008B5074B186813F0ACFE30B1A2
S214023CE0054BB3FBF0F083B20BB1184608BD0120BA
S214023CF0FCE700BFA45A002040420F002DE9F3471C
S214023D005C4E012018F084FD3388990704D440F6EF
S214023D103F41594818F07FFDDFF8808198F800305F
S214023D20053B012B04D940F64141534818F073FD78
S214023D30524F3B6823B940F644414F4818F06BFD9A
S214023D40348814F0200478D00121222017F0F4FCE5
S214023D504FF47A74FFF7BEFF3B681B780933434380
S214023D6004EBC30498F80030A5B2062B0BD118F06A
S214023D701FF90446FFF7AEFF602358430C2303FBEC
S214023D800400284485B2D7F800903D4B99F800808D
S214023D901C7808F1FF381FFA88F8002C52D13388B5
S214023DA05A0505D409F1010018F013FEC0F34014B9
S214023DB03449354A887812784B7812FB00F2334F32
S214023DC093423B70A4BF9B1A3B703B78CA78BD6097
S214023DD0934238BF13463B700FF030FB002833D0B7
S214023DE00FF02AFB012814BF1025082525430023BF
S214023DF0DFF8ACA00093802243464946DAF800007A
S214023E0013F0E2FE20B14FF43B611B4818F003FDAD
S214023E101F4BDAF8000019781E4B197033889B0680
S214023E2014D52A461C4B009714F0CAFAC0B90020D3
S214023E3002B0BDE8F04718F0EBBC2146222017F08E
S214023E407BFC87E70024B3E72546D0E72A460F4BDC
S214023E5014F0B4FA014618B9252017F06DFCE6E70F
S214023E602146262017F068FC40F6F431024818F086
S214023E70D2FCDCE784600020516F0400945A0020D4
S214023E80BA67002042710020B4670020786E0020D6
S214023E907471002073710020985A0020B7670020C2
S214023EA0A45A0020184B10B51B889B0704D440F672
S214023EB0A661164818F0AFFC154B1B78053B012B84
S214023EC004D940F6A761114818F0A5FC114B1B68EF
S214023ED023B940F6A9610D4818F09DFC00240E4B4C
S214023EE00E4921201C7017F027FC014618B9BDE8C0
S214023EF01040FFF703BF022804D12046BDE8104059
S214023F0017F0B0BC10BD00BF84600020516F0400E3
S214023F10B7670020945A0020B2670020BD40020016
S214023F20F8B55A4C23889A0704D54FF43E71584880
S214023F3018F071FC574801F07BF918F077FB2388DC
S214023F4005465B070DD54FF0FF3013F084FE524B4B
S214023F501B68C01AB0F5717F03D90021042017F040
S214023F60BFFB28464D4D18F05CFB2B78042B32D154
S214023F7018F05CFB238806465F0708D545480021F3
S214023F8018F0F4F93046BDE8F84018F04ABB18F0CD
S214023F9048FB18F04BFB424B06461B78414F13B9C1
S214023FA0238859050FD50523012102202B7017F00F
S214023FB097FBFFF777FF304618F033FB3B68DA785B
S214023FC0394B1A70F8BD3868013018F002FD8206C7
S214023FD0E9D50623E8E7062B4DD1344B1B78FF2B99
S214023FE0F0D1334E0FF02CFA3378002B3DD018F078
S214023FF01DFB238805465B0705D52648002118F0D9
S214024000B5F92846BFE718F00CFB3378013B33704E
S21402401018F00CFB04460121022017F061FBFFF7A3
S21402402041FF20461F4C18F0FCFA2068013018F0B9
S214024030D0FC00F44060B0F5006F13D12468012173
S2140240400422204617F0E6FF204418F0C2FC014680
S214024050184B04201A783378D21AD2B2BDE8F84048
S21402406018F080BC4FF6FF71F2E740202B70BDE8D7
S214024070F84014F037BA012BA4D100232B700E4B54
S2140240801868FFF74FFB3F20F1E700BF846000206F
S214024090516F0400C86E0020905A0020B7670020B7
S2140240A0BA670020945A0020B3670020717100207E
S2140240B0B467002075710020A45A002008B50A4B88
S2140240C01A7882B9012210281A7004D040F69D612F
S2140240D0064818F0A0FB0021202017F001FBBDE8DF
S2140240E00840FFF70BBE08BDB2670020516F040000
S2140240F008B5094B1B88DB0604D440F2C3510748B7
S21402410018F089FB1020002117F0EAFA044B186811
S214024110BDE8084014F04BB984600020516F0400DB
S214024120A45A0020012208B5074B1146186814F05D
S2140241302BF900212C2017F0FFFABDE808400021D9
S2140241400A2017F0F9BA00BFA45A0020014B400813
S214024150185C70476D71002008B513460A4619466A
S214024160064B186813F08FFD30B1BDE8084040F6E4
S214024170E941034818F04FBB08BD00BFA45A00200F
S214024180516F040008B5044B186814F0FBF80138A8
S21402419018BF012008BD00BFA45A002070B505460E
S2140241A018F044FA0E4B0F4E1B880446DA07357099
S2140241B008D50D4B0D4D1B78012B08D90121286817
S2140241C014F08AF92046BDE8704018F02ABA1BB1EE
S2140241D00FF02AF9C305F1D4317881F00101EEE738
S2140241E0846000206C710020B8670020A45A00206A
S2140241F00C4B10B51B880446DB0711D5FFF78CFB6A
S214024200094B84F0010208211868D20013F083FCDF
S21402421030B1BDE8104040F63671044818F0FBBADB
S21402422010BD00BF84600020A45A0020516F040015
S21402423008B5044B0146186813F030FD003818BF65
S214024240012008BDA45A002010B50A4C23787BB181
S214024250FFF768FF0021042017F042FA002102202F
S21402426017F03EFA00232370BDE81040FFF7AABA03
S21402427010BD00BFB767002038B5094800F0E8FC5B
S2140242800024084D95F84430E0B2834200D838BD89
S21402429005EBC000043000F0DBFC0134F2E700BF9F
S2140242A0485B0020A85A002008B51046024948225A
S2140242B0F8F71CFF002008BD005B002008B5054883
S2140242C018F019FC014620B9BDE80840014818F06C
S2140242D04DB808BDE86E0020002238B51C4B1546C6
S2140242E01C461A700132082A5D609D8043F8085FFA
S2140242F0F8D1482200211748F8F768FD4FF6FE73FA
S214024300A4F868306FF48033E365134B00211A88F3
S214024310124B1868F8F75AFD114BC4E91255C4E956
S214024320283584F8445084F85050656584F8A850BF
S214024330E9F7FEFCFF220B4B012118700A4B002006
S2140243401A70E0F7A1FB0020FFF7B8FF002038BD87
S214024350A85A0020005B0020D4700020A86D002020
S2140243600000FFFFBB6700200168002010B5AC24E8
S214024370084B04FB0030836C53B990F850403CB9AC
S21402438031B1C0E912122046FFF798FF204610BD51
S2140243902120FCE7A85A0020AC2370B503FB00F5E9
S2140243A0094E731993F850405CB920460BF022FF71
S2140243B0735D204643F002037355FFF77FFF2046E6
S2140243C070BD0120FCE700BFA85A0020AC2358436A
S2140243D0024A135C23F0030313547047A85A0020C2
S2140243E070B516461F4A04461278C2BBAC211E4D53
S2140243F001FB00518A6C92BB91F850203AB1022B15
S2140244002DD191F84410072907D91C2026E091F8EF
S21402441044100729F9D8012B08D0AC2000FB045021
S214024420CA00011D0C30F8F723FD0021AC2303FB64
S21402443004F000249DF8143000EBC1012944CB712E
S214024440049B8E808B602B1893F844202046013202
S2140244508C7183F84420FFF731FF204670BD01209F
S214024460FCE700BFBA670020A85A0020F8B5234B25
S21402447004461B780F46002B3ED1AC23204D03FB8F
S2140244800053B3F8A03023B940F245311D4818F066
S214024490C2F9AC2202FB0452D2F8A46036B192F8FA
S2140244A0A33039460020B2F8A020B047AC23002142
S2140244B06343EA18A2F8A010C2F8A410482192F8A2
S2140244C0A82001FB02322A44D2F89820964213D042
S2140244D0EB5C9B070CD5AC226243AB5C204623F018
S2140244E0020343F00103AB54BDE8F840FFF7E6BE13
S2140244F00BF0A2FE0028EED1F8BD00BFBA6700207E
S214024500A85A0020A86F04002DE9F04F89B0059044
S21402451008460D4617F03EFE044618B9212009B09B
S214024520BDE8F08F284617F051FEC0B20838215C6D
S214024530221892F802A00491D17852682778039242
S2140245400022B4F80130ADF81E20434A029192F8D8
S21402455000B0BBF1000F08D0404B1B681BB12046D1
S2140245604FFA8AF298470020D9E703F00703022B96
S21402457070D0013409225946204617F04BFD023FFF
S2140245803F1A3B0606465FFA87F8C7D4344FD7F879
S2140245909090B9F1000F27D100210DF11E0B434672
S2140245A022460846CDF800B00BF05CFDC3B20546C5
S2140245B0002B4BD1BDF81E0013F0D8FFE0B9BDF8B2
S2140245C01E0014F0BCF88146BDF81E0013F0CEFFA4
S2140245D0F0B906EB080201232146584692B200F0D3
S2140245E07BFDD0B119209AE75B465A460121284640
S2140245F0C8470028D0D191E7D7F89430BDF81E00FE
S214024600002BDCD0A11998470028D8D1022086E7D3
S21402461042464846A119F8F769FDBDF81E0017F094
S214024620B9FD029B059A0372049B80F809A0837267
S214024630039B1BBAC360AC2303FB027393F85020A0
S214024640BDF81E0022B1DB6C03B19847E8B266E7FC
S214024650BB6FF9E7012062E7BA6700208C5A002098
S214024660A85A00202DE9F84308460F46164602F1DE
S214024670010914F069F88046384613F070FF0428E2
S21402468056D1384613F08FFF48F661054FF6FF7293
S21402469048F64103294C904208BF1D46B4F85C1008
S2140246A0301D18F098F9384613F07DFF0146B01D0C
S2140246B018F091F9B4F85E1006F1080018F08BF9BC
S2140246C006F10A04384615F002FD10B145F0100551
S2140246D0ADB22946484618F07EF9384614F02FF84F
S2140246E0424601462046F8F701FD3846012117F0FA
S2140246F089FD4444074660B117F068FD0546384612
S21402470017F048FDEDB201462A462046F8F7EEFCC1
S2140247102C440B4AA41B13780134591C1170F370F5
S21402472034703046BDE8F8430922012117F072BC06
S214024730484618F04EF94C460546C3E7A85A0020EC
S214024740BB670020AC2210B548245043094B1A1808
S21402475092F8A81004FB0100034493F8770002289D
S21402476006D092F850301BB9032818BF012010BD9E
S2140247700020FCE7A85A002070B508B1012070BDE1
S214024780234C94F8A850002DF8D12946B4F85C20A2
S214024790FFF714FA29462846B4F85E20FFF7F8F920
S2140247A02946284604F16002FFF7D6FC94F87730D3
S2140247B0002BE3D0284694F85860FFF749FA864261
S2140247C015D1002094F95A50FFF736FA854216D1D1
S2140247D00020FFF7B7FF0446002017F0D1FB0028A1
S2140247E0CDD02146BDE870400020FFF705BA284626
S2140247F094F85810FFF73EFA0028E2D0BFE70020F0
S21402480094F95A10FFF70AFA0028E1D0B7E700BF7A
S214024810A85A00200346AC2010B51446164A00FBE0
S214024820032292F8770002280CD1E07F022809D1F1
S21402483041B112490978012913D992F85810227801
S21402484091420ED118462178FFF708FA90B1482215
S21402485021460B48F8F74AFC002017F091FB08B9EE
S214024860002010BD044B93F8A8000028F8D1FFF7EB
S21402487083FFF5E72120F4E7A85A0020F866002017
S214024880005B002038B5AC230D4C054603FB004305
S21402489000205A6DD86483F8500012B15865FFF7AD
S2140248A027FCF5F75FFBFF281EBFAC2303FB05447E
S2140248B084F8A8000020FFF75FFF002038BD00BF85
S2140248C0A85A00207FB51D4C94F8A83023B10020CA
S2140248D084F8A800FFF750FF94F85A30B4F8A060A6
S2140248E08DF80F3026B940F2FD21154817F093FFD8
S2140248F0144B31461D6800202A46FFF7B3FEE46FCC
S21402490002469CB10DF10F0301930023294630465F
S2140249100093A04702462C7854B920462146FFF75A
S214024920A5FD2046FFF7CAFC04B070BD0122F2E7DF
S21402493029460020FFF714F8F6E700BFA85A002021
S214024940A86F0400A86D002038B5494B1C78002CCF
S21402495058D1484800F06CFC204617F011FB00289E
S21402496050D0454C2378D90733D594F850201AB145
S21402497023F00303237045E023F0010323700BF0BA
S21402498043FC237805469A0701D50BF033FC2946EB
S21402499000200BF049FA40B92378284643F0010379
S2140249A02370BDE838400BF025BC0023482284F86B
S2140249B0A33094F8A83084F8A25002FB0343D3F83D
S2140249C09830A4F8A000C4F8A430BDE83840FFF739
S2140249D079BF94F84400B0B104F1A003251D95E810
S2140249E0030083E80300FFF76DFF94F8442028468F
S2140249F0D20004F10C01F8F73BFA94F84430013B7C
S214024A0084F8443038BDA26C62B99B0711D523786E
S214024A10002023F0020343F001032370BDE8384070
S214024A20FFF74CBC0123A06484F8503090472378EB
S214024A309EE70BF001FC0028E9D194F8A83073B188
S214024A40F5F790FA94F85030002BDBD1FF2818BF08
S214024A5084F8A800BDE838400020FFF78DBED4F8E1
S214024A608C30002BECD098470028CBD1E8E700BF6B
S214024A70BA670020E86E0020A85A002070B50446E7
S214024A80002017F07DFAAC235C430B4E351995F8DF
S214024A9050300BB1002070BD0028FBD0074818F03C
S214024AA02AF80028F6D1335D002BF3D195F844009E
S214024AB0B0FA80F04009EEE7A85A0020E86E00201F
S214024AC010B5084A034613F04DFE14684FF6FF72FF
S214024AD003EB40039C42184603D9018802339142F5
S214024AE0F8D010BD645B00202DE9F047204F054644
S214024AF03B88A3B3B0F90230002B30DBDFF87C80B2
S214024B001C49D8F80000F8F7B7FB20B94FF4EA7151
S214024B10194817F080FE0026DFF85CA0DFF86090E8
S214024B203A88B3B29A4204D84FF4EB71504617F063
S214024B3072FED9F80030B2B253F83200D8F800103C
S214024B4003EBC20468B943F83210A388284601333F
S214024B50A38013F007FEE38803EB4003E380BDE87F
S214024B60F087F8F789FB01360028D9D1EDE700BFB8
S214024B7086600020756F04007F6F0400086F0020B7
S214024B80585B002038B5094C094D22682B689A42BA
S214024B9004D94FF48771074817F03DFE286823684A
S214024BA0C01A20F0010080B238BD00BF645B00204E
S214024BB06C5B00207F6F040038B5124C124D214604
S214024BC02846F5F77DF823680BB12B681BB9DE2162
S214024BD00E4817F020FE2A680D4B0E491A6023680D
S214024BE023F0010313440B600B4B1A602AB9BDE88D
S214024BF03840F821054817F00EBEFFF7C3FF6428B9
S214024C00F5D938BD5C5B0020605B00207F6F040036
S214024C10685B00206C5B0020645B002038B5094CA2
S214024C20094D22682B689A4204D34FF48A710748CA
S214024C3017F0F1FD28682368C01A20F0010080B240
S214024C4038BD00BF685B00206C5B00207F6F0400ED
S214024C502DE9F0411D4B04461B78012B24D1008818
S214024C6017F07AFA0546D8B10426DFF864802C4697
S214024C7017F0DCFC07462046FFF736FF638843EA58
S214024C8008036380A05B17F067FA0446384617F0FD
S214024C90C8FC1CB1B4F90230002BE9DA062E01D1A9
S214024CA0BDE8F0810626E2E7022BF9D117F0BEFC3A
S214024CB00246208817F050FA18B10388C3F30E0391
S214024CC023801046BDE8F04117F0ABBCBC6700205D
S214024CD00080FFFF2DE9F04F0024BA4B97B006463E
S214024CE01C8017F0A3FC0123DFF8EC82B64F3B7062
S214024CF0B8F80030A8F80040ADF81630B34B1B6881
S214024D00019317F08EFCB24B21461A88B14BD200A3
S214024D101868F8F75BF80DF11600FFF799FF002EFA
S214024D203CD1DFF8B8924FF0000B0125D9F80040CD
S214024D30019B9C4239D3BBF1000F39D1002DF2D032
S214024D40D9F80040DFF898A225462246019B9A42EF
S214024D5073D302230DF116003B70FFF779FF002E86
S214024D6040F08F80D9F800603246AA4280F0A280D6
S214024D70908817F0F1F918B10388C3F30E039380F5
S214024D80D08817F0E9F918B10388C3F30E03D3806D
S214024D901046FFF795FE0246E7E79847E3B256F855
S214024DA023300134002BF8D1BBE7BBF1000F3ED015
S214024DB00BF1FF335FFA83FB16AB03EB8B0252F861
S214024DC0402CB2F9020051880028B1DA4B04AFD465
S214024DD0924641F48040931D2AF8020F02933AF855
S214024DE0020F17F0B9F9F0B1B0F902E0B0F802C05C
S214024DF0BEF1000F17DB6FEA4C4C6FEA5C4CA0F872
S214024E0002C00390FFF770FEBBF10F0F8FBF0025A5
S214024E1016AB039A03EB8B009EBF0BF1010340F81F
S214024E20402C5FFA83FB029B9A45D8D180E7204646
S214024E30FFF746FE22460446C3E7104613F092FCEE
S214024E408346B2F90200118800280AEA010108DA4C
S214024E50204617F077F9084381B204EB4B0402EBC5
S214024E604B0510461180FFF72BFE02466EE7984769
S214024E705FFA8AF356F823300AF1010A002BF6D1BC
S214024E8070E74FF0000AF3E73046FFF719FE824656
S214024E907EB1B6F902307188002B0ADA3088C0F388
S214024EA00E0017F059F9864203462DD1C1F30D01C3
S214024EB071805646AE42E7D3DFF81CA117F0B6FB68
S214024EC000210646504613F09EFC17F045F90546AB
S214024ED0002800F08780304617F0A3FB284613F020
S214024EE041FC0646204617F02DF9814676003246EA
S214024EF029462046F7F7BCFF002249460DF1160068
S214024F0017F0D1FD3444D9E71BD9304613F02AFCFA
S214024F10C1F30D01420071801846314692B2F7F78E
S214024F20A7FFC6E75046FFF7CBFDD146854203D919
S214024F30B0F90230002B01DA824603E0FFF7C0FD2B
S214024F40F4E7B146554507D9BAF80000C0F30E009B
S214024F5017F002F98245E5D3B9F1000F30D0B9F85F
S214024F600000C0F30E0017F0F7F8034638B93346D0
S214024F70CB46994513D8B1459BD0D946ECE748466F
S214024F8013F0F0FBB9F802204946C2F30D02A9F865
S214024F900220420092B21846F7F76AFFE7E7184681
S214024FA00193FFF78DFD019B9B46854203D9B0F91D
S214024FB00230002B01DA0346DBE7FFF781FDF4E758
S214024FC0CB46DAE788600020BC670020645B0020DE
S214024FD086600020585B00208A600020685B002004
S214024FE00080FFFFBDF816303870A8F80030044B7A
S214024FF030461C6017F015FB17B0BDE8F08F00BFF7
S214025000645B00202DE9F041054617F0A5F80F462F
S2140250100446D8B117F031FD20B940F2FB412048D2
S21402502017F0F9FB284617F0D1F805462046FFF799
S21402503047FDBD42064609D004D840F2035118483F
S21402504017F0E9FB2588ED0B02D02781BDE8F08139
S2140250506780204613F086FB074604EB400817F0ED
S214025060E5FA104B1A68B2420AD1C3F8008017F06C
S214025070D8FA2A464046BDE8F041FF21F7F7A6BE19
S214025080A6EB0806B5B217F0CCFA072DF1D9002325
S214025090083D44F81730C8F80430A8F80250D5E79F
S2140250A07F6F0400645B002038B517F0BFFA00215A
S2140250B00546044813F0A7FB0446284617F0B1FA43
S2140250C0204638BD8A600020024B1888B0FA80F06D
S2140250D0400970478A6000202DE9F74F0446008891
S2140250E01F4617F039F888461546064617F0C5FCDF
S2140250F020B940F2FE613F4817F08DFB3388DB0B88
S214025100009306D033892B443381002003B0BDE8D8
S214025110F08F208817F05AF882463046FFF7D0FC08
S214025120019017F083FADFF8D0B0019BDBF800207D
S21402513081469A421DD1FFF725FDA84204D2484671
S21402514017F06FFA1A20E1E70AEB050373803FB106
S214025150208817F01FF82A4641465044F7F7C6FF44
S2140251603046FFF7ADFCCBF80000484617F059FA78
S214025170CBE717F056FA208817F028F8284400994B
S21402518080B217F07BF806460028DBD017F002F84C
S2140251908146208816F0FEFF8246208817F016F811
S2140251A0514602464846F7F7A1FF3046AFB116F021
S2140251B0F1FF0746208817F009F82A464146384488
S2140251C0F7F794FF0121208817F01CF80121024608
S2140251D0304617F02BF8268097E716F0DBFF80465E
S2140251E0208816F0F3FF2A4639464044F7F7EEFDCC
S2140251F0E8E700BF7F6F0400645B002034210148AB
S21402520017F009BB936F0400036910B55BB182689F
S214025210064B9A4201D1002010BD446917F0F4FAF9
S214025220201AF9D5F7E74FF0FF30F5E7FD510200F7
S21402523082681C4B70B59A420446056819D117F06D
S214025240F5F9236923B1A34206D100222A601A6126
S214025250BDE8704017F0E5B91A4611461269A24237
S214025260FBD12A68A24208BF29600B610023236192
S214025270EEE7036993B198426E6803D19D210A480E
S21402528017F0C9FA2B46B44209D122699D4218BFCB
S2140252901A614FF0000308BF6A60236170BD33468F
S2140252A03669F0E7FD510200936F04002DE9F047DE
S2140252B0074600254FF0010A154EDFF858808AB0DF
S2140252C0347914B90AB0BDE8F087D6F8009087B9E9
S2140252D000972A46B8F80010234603A817F072FC77
S2140252E02246484603A9E9F7E5F92544EDB2083611
S2140252F0E6E7224603A94846E9F7B0F9CDF800A04A
S21402530023462A46B8F8001003A817F05BFCECE721
S2140253108CBB04008C6000200148FFF799BC00BFDC
S2140253208C6000209C46174BF7B505460846198840
S214025330164611B1144B1C78CCB101466246304673
S214025340BDB103B0BDE8F040E9F788B91C44E4B249
S21402535008373B79002BF0D03A689642F6D185F0B2
S21402536001052246009517F02DFC03B0F0BD074F4D
S214025370EFE7E9F79FF9B0B203B0BDE8F04011F0ED
S214025380C8BB00BF8C600020767100208CBB040076
S21402539010B5074C238843B10020FFF787FF002093
S2140253A0FF22044B20801A7010BD0220FCE700BFCB
S2140253B08C60002076710020142810B518D80828B2
S2140253C005D111F00FFCC401E4B2204610BD0E2830
S2140253D002D111F00AFCF6E7064B53F82040002CE7
S2140253E0F3D00A282478F0D105F0A0FE0443EBE7B8
S2140253F0FF24EAE7DCBB0400014BB3F86800704701
S214025400A85A002000487047125B0020014B18780B
S214025410704700BF36670020014B1870704700BF08
S21402542036670020194B022810B5187002D00438CF
S21402543001281BD8164B1B78042B03D000211548D5
S21402544016F094FF144B1B689A001BD513F0805F6E
S21402545040F6114418BF4FF44164204611F05CFF39
S21402546090B92046BDE8104011F051BB0948FFF73D
S214025470DFFE0A48FFF7DCFE162413F0F0FB11F0FD
S21402548045FFEAE71524E8E710BD00BF3A670020AB
S2140254903B6700200C6F0020284D0020944C002013
S2140254A0024B187800F00F00704700BF3A670020E2
S2140254B0034B187800F00F00831E5842584170477D
S2140254C03A67002008B513F0B5FBC0B113F0CBFB6A
S2140254D0A8B10AF0A7FF90B90A4813F05DF970B1B7
S2140254E0094813F059F950B111F084FB38B111F0A4
S2140254F015FF20B9BDE80840044813F0FEB90020A5
S21402550008BD00BF8E600020C0600020705B0020D7
S21402551030B505460C4693B081B910B9002013B0D9
S21402552030BD1023214A69460120FFF7FBFE9DF895
S21402553005305A1E052A28D91720F0E7182200211E
S2140255402046F7F743FC002DEBD1FFF7B1FF30B34F
S21402555011F01BFA6A4601460020FEF7A5FEBDF8CA
S2140255600430204623819DF80230A3729DF8003055
S214025570E37213F0FEFC002304F11401237304F11A
S214025580100003F0CBFDE081C8E7094A9DF804103D
S21402559012789142D0D12B70002CD6D1BEE7054BA3
S2140255A01B78033B022BD3D9C6E700BF64EE01008B
S2140255B04D7100203A67002030B593B005460C4680
S2140255C0FFF776FF20B90C4B1B78033B022B10D853
S2140255D011F0DBF96A4601462846FEF765FE002012
S2140255E09DF80230607023709DF80030A37013B0EF
S2140255F030BD1720FBE700BF3A670020054B18783E
S214025600012805D000F0FD00A0F1310358425841B0
S214025610704700BF3A6700201FB50146002201A866
S21402562016F074FF064801A917F09AFA20B116F090
S214025630B1FD4089C0F3400005B05DF804FB00BF31
S214025640E270002030B585B00D460022014601A862
S21402565016F05CFF084801A917F082FA50B116F05E
S21402566099FD0446014608222846F7F701FC6089A0
S214025670C0F3400005B030BDE2700020F8B5054624
S214025680F8B100210F4817F008FA0446A8B10D4FEA
S214025690204616F07FFD064616F024FF830705D443
S2140256A0082229463046F7F7DDFE38B1214638464D
S2140256B017F017FA04460028EAD10024201E18BF65
S2140256C00120F8BDE270002010B50C4601460648DF
S2140256D017F046FA30B116F05DFD43891C4214BF3E
S2140256E00120002010BD00BFE27000201FB5144646
S2140256F0024601A816F00AFF074801A917F030FA79
S21402570040B134B116F046FD142201462046F7F7A2
S214025710AFFB012004B010BDE27000201FB50146A9
S214025720002201A816F0F2FE094801A917F018FA9D
S21402573058B116F02FFD4389024613F0020004D03A
S214025740507B80F00800C0F3C00005B05DF804FB93
S214025750E2700020F7B59DF824400D4601949DF8AE
S2140257602040064600941F4614F0A0FC4FF6FF7138
S2140257708842044610D0BB0711D4284600F056FFD4
S214025780204617F014FAFF281FBF084A32F81030D6
S21402579023F4804322F81030204603B0F0BD0246C0
S2140257A02946304613F03FF9EAE700BF5E60002064
S2140257B073B50E460146144817F0D2F90546D8B11D
S2140257C016F0E8FC43890446334012D09B0736B2F3
S2140257D00BD5002E09DAA17B437B0289007B01915F
S2140257E0012100912146FFF7B5FF638923EA0603EC
S2140257F06381628912B1012002B070BD2946024857
S21402580013F020F8F7E700BFE27000200148FFF728
S2140258101FBA00BFE270002013B53E4C0EF0C8FB64
S214025820D4F8FC311020C3F307430193FFF7C4FDFD
S214025830000650D50020FFF7BFFD01064BD5019BA1
S214025840802B3ED1236A9A0704D440F6154420469C
S21402585002B010BDE3699B07F7D52F4812F08AF80D
S214025860012012F05AFE0EF0B6FB04460028EED1D6
S21402587000F042F9294813F01AF800F099F9E8F70F
S21402588057F80EF094FB08F003FF08F055FFF4F704
S21402589061FAF4F7FFFAF4F719FB03F0DBFD11F0F7
S2140258A0A3F911F0A4F911F03CFD1D4814F007FC11
S2140258B006F08CFA11F0F8FC0028C8D011F0F6FCBD
S2140258C0C5E7019B812BC0D1D4F80C315B00BCD557
S2140258D0D4F80C31BFE71020FFF76EFD0006BCD4EB
S2140258E00020FFF769FD0106B7D5019B802B05D185
S2140258F0084B1A6AD207A8D5DB69ACE7019B812B55
S214025900A3D1044BD3F80C21002A9EDAD3F80C312B
S214025910A1E700BF0080E00F690345EC705B002042
S2140259201956020010B513F097F970B301F0E0FAB9
S21402593080F00104E4B20020FEF724FC44EA80046E
S21402594024B213F077F910BB02200443164817F06E
S214025950D2F844EA4014154817F0CDF824B244EAC7
S2140259600014134817F0C7F824B244EA801411480A
S21402597017F0C1F824B244EA40240F4817F0BBF8E7
S21402598024B244EAC02080B210BD0124D3E70B48FB
S21402599012F002FF0028D7D0094812F0FDFE80F070
S2140259A00100C0B24000D0E74C6F002030700020EB
S2140259B02C4D0020B06F0020107000208E6000205A
S2140259C0C060002008B501F07FF8FEF709F8144819
S2140259D012F0E2FE08B904F025FF124812F0DCFECF
S2140259E008B906F0DDF902F095FF0F4812F091FFB4
S2140259F00E4B1B78043B022B09D80D4817F07BF898
S214025A0028B1FFF78FFF102801D107F0E1FC11F053
S214025A10F3F813F017F8BDE808400648FFF75AB93E
S214025A208E600020C0600020705B00203B67002074
S214025A303070002054BC0400014B1868704700BF49
S214025A40A45A00204FF6F77370B5984204460D46E6
S214025A5086B043D813F004F8A04207D108222049A2
S214025A602846F7F705FA002006B070BD1D4EB6F8B8
S214025A706830A3420AD10022082106F16A0012F019
S214025A807DFF18B9082206F16A01E9E784B100230E
S214025A90012219462046009308F05CFDFF2811D12A
S214025AA02946204608F000FF80F00100C0B2DBE77E
S214025AB00D4B1B689B07EAD4284606F0FBFD002820
S214025AC0E5D0D0E702A914F09CF90028E8D1DDF869
S214025AD00D302B60DDF811306B60C4E70120C3E7A0
S214025AE0BD670020A85A0020284D0020014B1870E0
S214025AF0704700BF4D71002010B5054C08222146A4
S214025B000448E8F7ABFD204612F0E4FF10BD00BFE4
S214025B10BD67002034B608C000487047BD67002045
S214025B20082208B50349F7F79DFCB0FA80F0400951
S214025B3008BD00BFBD670020014B1870704700BF4C
S214025B402E670020F7B50D46044616461F4600216E
S214025B50284601F061FD0B4B002183F859402A4686
S214025B603346204600970AF03FF9014630B102223A
S214025B70204603B0BDE8F04000F006B8012003B0AE
S214025B80F0BD00BFA85A002013B513460C461AB142
S214025B90022A0CBF134601230021044A01910092F7
S214025BA02246FEF71DFC02B010BD00BF3B8D03006F
S214025BB000B5002093B0FEF78FFB1E4B188814F03A
S214025BC07FFA1D4B1D491A7800200AF091F93422FB
S214025BD000216846F7F7FAF80B238DF800306FF4C9
S214025BE0803301934FF6FE73ADF8103003238DF821
S214025BF01D30134B134A0893134B10680993134B2B
S214025C0051680D93124B6A460E93124B0F93124B2A
S214025C101093124B119302AB03C300210846FEF702
S214025C20F9FD6A4601210020FEF7F4FD13B05DF887
S214025C3004FB00BFCE7000205C710020EC7F0400E5
S214025C4059600200BD670020D78A0300418D02001A
S214025C50016202006D9C02003B8D03007189020006
S214025C60014B1878704700BFC5670020014B1888A3
S214025C70704700BFE67000202DE9F74F81461046B8
S214025C800E46904616F0A5FEDFF840B105469BF894
S214025C90003033B94A4B1B681BB94A4B1B68002BB2
S214025CA07FD015F4406A05F040071BD19FBBB5F5BF
S214025CB0804F61D24FF48074B9F1400F73D0B9F1BE
S214025CC0800F63D0B9F1100F6BD100239BF8000050
S214025CD03D4AD9B2884264D932F8021B0133A14246
S214025CE0F7D166E008F1030016F073FE4FF6FF7375
S214025CF0984214BF0124022487B1052705F44043C5
S214025D00B3F5004F44F0080425D0B5F5804F24D2F1
S214025D1044F4807421E054460327EFE7B5F5804F3C
S214025D204FF00507F4D3BAF5406F14BF02200820DF
S214025D303844404416F04DFE019012F0AEFE019B30
S214025D4005F4404598420CBF44F0080444F00404AD
S214025D50B5F5004F01D144F08004BAF5006F0FD1BB
S214025D6008EB070016F035FE054612F079FEA8424B
S214025D70A2D144F010049FE7544603270220D7E737
S214025D80BAF5406F08BF44F0200495E70C4B1B6839
S214025D903BB10022D1B233F8110033F911100029B9
S214025DA003DA002008E0074BF1E7A04202F1010205
S214025DB0F0D106B13480012003B0BDE8F08F00BFF9
S214025DC0805B0020845B0020DE600020FE670020EF
S214025DD0034B1A78022A04BF09221A70704700BFC2
S214025DE0C66700200C22034B1A211A7003200022D9
S214025DF001F090BDC66700200C2208B5054B1A219B
S214025E001A700022104601F085FD0022024B1A602D
S214025E1008BD00BFC66700208C5B00200C2270B550
S214025E200D4B05461E781A7030B93046BDE87040F4
S214025E3000221A2101F06EBD084B1C78E1B21A2925
S214025E40F3D825FA04F3DB0703D54422304601F0E3
S214025E5061FD0134F2E700BFC667002078710020BA
S214025E600C22024B1A7011F052BA00BFC66700200D
S214025E70F0B50C8805460E468BB0E4B94FF6FF77B0
S214025E80ADF8247011F058FA10B902200BB0F0BD2C
S214025E90CDE90340CDE90544134A0294B2F85C30DA
S214025EA06032019300923B464CF60101FF2009AA9C
S214025EB014F021F93080284612F018FF0B4C70B10E
S214025EC0237863B1013BDBB22846237012F00EFF43
S214025ED038B12078B0FA80F04009C0B2D6E7052380
S214025EE0F2E70120F9E700BFA85A002077710020E8
S214025EF0034B11461B6803B1184710F0C8BD00BF1C
S214025F008C5B00200C22024B1A7008F039BF00BFCF
S214025F10C66700200148FEF79BBE00BF90600020C7
S214025F207FB505460C46164616F05EFB00286BD17A
S214025F30062D03D85223EB40DB071AD4B4F1006FC8
S214025F4005D3E30E1C3B032B18D94F202EE000226C
S214025F502F4B1A602F4B1D7012F036FD03460A2D8A
S214025F6054D8DFE805F02D183E491825185353413A
S214025F70360002F0A3F8B4F1006FE2D20022244BFE
S214025F80042D1A60234B1D70E6D1022001F0B6F9EB
S214025F9012F01AFD0346012202921F4A01921F4A7C
S214025FA000921F4A314620460AF078FA04B070BDC5
S214025FB0314620461B4A04B0BDE870400AF056BA85
S214025FC031462046184B194A04B0BDE870400AF024
S214025FD031BA00220292164A0192104A0092154ADB
S214025FE0E0E702220B4B1A7000221046124904B058
S214025FF0BDE87040FEF7BAB9002202920F4A01923B
S214026000064A00920E4ACDE74D20CFE70120CDE7A3
S2140260108C5B0020C66700201D5E020059600200ED
S214026020278D0300055F0200F95D0200F15E0200A3
S214026030615E0200715E0200D15D0200E55D020053
S214026040E98C030008B50AF059FA0C22014B00202D
S2140260501A7008BDC6670020F0B585B0ADF8060018
S21402606018B97621644816F0D6FBBDF8060012F081
S21402607076FA0446BDF8060012F071FA082846D0F1
S2140260800C2CBDF8060042D112F059FB074616F05A
S214026090A0FC0DF10F010646BDF8060010F095FDB6
S2140260A0002879D009220021384615F0B3FF9DF862
S2140260B00F301033C518BDF8060016F087F8EDB29B
S2140260C0854269D22946BDF806000AF025FB06F489
S2140260D04C4416F44066054614D0F81C16F079FCBB
S2140260E04FF6FF73984208BF44F04004B6F5006FBF
S2140260F008D1781D16F06DFC4FF6FF73984208BF64
S21402610044F010049DF80F305BB3072D44D1BDF860
S214026110060012F01AFA0446BDF8060012F01FFA3C
S214026120082817D0A30615D524F0200189B2BDF899
S214026130060012F0F5F9BDF8060012F000FB002189
S214026140092215F067FF00F1100189B20DF1060071
S21402615014F0FAF80022BDF80610284816F0A3FC40
S2140261601AE0082D16D8BDB1013D072D14D801A39B
S21402617053F825F0D1610200DD6102009961020048
S2140261809D61020099610200E96102000F6102004E
S214026190EF6102007C2D24D005B0F0BD24F48844C3
S2140261A0A4B2B4F5084FF7D1BDF8060012F0D2F942
S2140261B0BDF8061013F089FF0028A8D0BDF8060027
S2140261C012F020FA00220146022016F0CBFBE3E78B
S2140261D024F48064A4B2B4F5484F97E7B4F54C4F64
S2140261E094E7B4F54C4F92D04CF6500301E04CF6CF
S2140261F040439C428AE700BFA16F04008E600020E5
S2140262002DE9F7430F4690469946064615F0C2FF1B
S2140262100446304615F0DAFFC5B2083D2C44E17854
S214026220094BA2781970094B31461A700020434672
S2140262303A46CDF800900EF046FB003818BF012013
S21402624003B0BDE8F08300BFE0670020DF670020F0
S2140262502DE9F04FDFF84081DFF8409198F80020F2
S21402626099F8003006469A4285B004D340F21911D6
S214026270424816F0D0FA30460DF10F0116F05EF9DC
S21402628020B14FF48E713D4816F0C5FA98F80070AA
S2140262909DF80F403D1B15F0FF0530D04FF0FF3C38
S2140262A0374B01211B78A140184699F800304FF66B
S2140262B0FF790CFA03FC0023324A01F1FF3E0193F8
S2140262C0C1F1000A9DF80430984243D8122004FB1C
S2140262D000002D4BA0F1120105EBC5025200194435
S2140262E004F101091844F6F7C3FD4FEA8909274865
S2140262F0A9F104010144AA004844F6F7B9FD22496F
S21402630004EBC40201EB420321F81260204A013773
S21402631012784FF6FF71DA731A745A7412025A80A0
S2140263201C4A0D2012781A7110225A7100229A7392
S214026330C3F80620C3F80A20144B43F8242088F832
S214026340007016F00FFB0EB913F01EFD204605B0C6
S214026350BDE8F08F13884B450AD053680AEA030B50
S21402636003EA0E030B4403EB4B0343EA0C035360AE
S214026370019B083201330193A4E700BFB46F040007
S21402638059710020F84A00202A600020F44A0020B2
S214026390E0670020C767002034670020577100209E
S2140263A010B5074C2046FEF743FF04F06BFB02F0E5
S2140263B0DDFE2046BDE810404FF47A5115F0D6BFF8
S2140263C00C6F00202DE9F041074600250A4B0B4EC4
S2140263D093F80080ECB2A04503D8FF242046BDE81F
S2140263E0F08108223846B11DF7F73CF8013500283F
S2140263F0F4D01236EEE700BF346700202A60002091
S21402640007B50DF1070116F099F830B19DF807307F
S214026410034803EBC30300EB430003B05DF804FB41
S2140264202A6000202DE9F843294E044633785D1E83
S2140264302D1A8342EDB204D84FF4A171254816F006
S214026440EAF90123A3404FF0FF305F1E3B440021D0
S2140264504FF6FF7E6FEA03081F4A92F800C01F4AF3
S214026460127890401E4ACBB29C4523D8BDB127B2C3
S21402647004EBC4041B48640005EBC50204F11201D8
S214026480014452002044F6F7F3FCBF001648AA0067
S214026490391D014402F0FC023844F6F7E9FC337871
S2140264A00022013B33704FF6FF71BDE8F8430E2021
S2140264B016F058BA1388734507D0536808EA0309DA
S2140264C03B4003EB59030343536008320131CAE7EA
S2140264D034670020B46F0400597100205771002001
S2140264E0F84A00202A600020F44A002010B50A4C20
S2140264F0207858B9094B1B781A2B03D999210848DA
S21402650016F089F90322074B1A7010BD0138C0B283
S214026510FFF788FFECE700BF3467002057710020C2
S214026520B46F0400306700202DE9F047054616F0E8
S2140265302DFBFF28044624D1DFF884901E4B99F8E1
S21402654000201B789A422BD22846BDE8F047FFF778
S2140265507FBE38883B79504518D86F2B4FEA131206
S21402656014D85B0710D0123708F1010899F800100A
S2140265705FFA88F6B142ECD80023104ADEB28E42A9
S21402658014D32046BDE8F087022AECD913F06DFD3D
S2140265900028E8D129463046BDE8F04712F0E7BBAE
S2140265A04FF000084FF6F77A044FDFE71079013311
S2140265B08F28EFD81232E1E7577100202A600020B8
S2140265C0346700204FF6F773984210B514D8FFF7D9
S2140265D0ABFFFF2810D0134C00B200EBC00004EB58
S2140265E040040EF082FB104938B962880B7802EB41
S2140265F00313A3EB1213638010BD227C637C09781D
S2140266009A42E2732374617407D98B4203D213460B
S2140266108B4228BF0B461B02EDE78A42F8D313468D
S214026620F9E700BF2A600020E06700202DE9F0416C
S21402663006460F4600240E4DDFF8388098F80030E4
S214026640A34201D8BDE8F081082229463046F6F773
S21402665009FF40B935F8063CBB4204D02046FFF796
S214026660E1FE013CE4B20134E4B21235E6E700BFD3
S2140266703060002034670020F8B5054608460E460E
S214026680FFF7A0FEFF2830D01D4B294653F8207096
S2140266903046FFF7CBFF2846FFF746FFFF280446A3
S2140266A025D113F0FDFCFF280AD1164C207838B10C
S2140266B010F06EF92378B0FBF3F202FB1300C0B2BF
S2140266C0294612F054FB044623B20F4D03EBC303D4
S2140266D005EB430508223146A81DF6F7C9FB2B79C0
S2140266E0204603F00F032B71F8BD0027D3E7074BB4
S2140266F01B78002B18BF0027014B43F82070E3E7F6
S214026700F44A0020577100202A6000207971002088
S21402671038B50B4B04461B780D46834204D840F22C
S2140267205A21084816F077F8074804EBC40400EB31
S21402673044002946BDE8384008220630F6F798BBE2
S21402674057710020B46F04002A60002070B504461A
S21402675008460E4616F01AFAFF28054610D02046BE
S214026760FFF730FEFF2807D0084B1B7823B9084BEB
S21402677053F8202043F8252021462846FFF7C8FF75
S21402678031462046BDE87040FFF750BF79710020C1
S214026790F44A00202DE9F8430024804601272646C5
S2140267A0114DDFF84C9099F80030A34210D83E43C2
S2140267B00134E4B21A2C4FEA470705F11205F2D16A
S2140267C04FF0FF30094B1B7898403043BDE8F88302
S2140267D02B884345EBD0284612F012FB0328E6D856
S2140267E02B796F2BE3D8E3E72A600020577100204D
S2140267F03467002010B5084C00EBC00004EB4004E0
S21402680023795B0707D1204612F0FAFA237923F0A0
S21402681007031843207110BD2A6000200022084B8F
S2140268201878084BD1B2884203F1120300D8704799
S21402683013F80D1C013221F0100103F80D1CF1E7CC
S214026840346700202A6000202DE9F047022612272E
S214026850DFF85C90DFF85C8099F8004000250CE0D9
S21402686007FB05F338F803A00021504612F0DDFAC4
S21402687010B15CB1013CE4B2013599F80030EAB2DD
S2140268809342EDD8A34204D14FF6FF7A5046BDE8B4
S214026890F08710F07DF899F80030012EA3EB040380
S2140268A090FBF3F202FB1300C4B2EDD00126D5E74B
S2140268B0346700202A600020034B00211A78034820
S2140268C09200F6F783BA00BF57710020F44A002000
S2140268D010B5134B0C461B7886B0834212D9114969
S2140268E000EBC00001EB4001082220460631F6F715
S2140268F0BFFA00220821204612F040F880F001007C
S214026900C0B206E0C01A01A9C0B213F0D2FB10B1A1
S214026910002006B010BD01AB03CB20606160E8E743
S214026920577100202A60002008B5074B024653F82C
S21402693020308B4206D915204FF6FF7116F012F85A
S214026940002008BD0120FCE7F44A0020024B01317A
S21402695043F82010704700BFF44A00202DE9F347A1
S21402696081460C4600272A4EDFF8ACA09AF8003083
S214026970FDB2AB4210D86946204613F0B3FBC0B353
S214026980082269464846F6F76DFD90B3494620460A
S21402699012F0F1FCFE2537E006F106080822414611
S2140269A04846F6F75FFD90B94FF6FF739C422BD030
S2140269B03388A34228D0204616F0F9F8FF2814D1CF
S2140269C04946204602B0BDE8F047FFF755BE14B967
S2140269D012360137CAE73388A342F9D100220821CA
S2140269E0404611F0CBFF0028F2D12846FFF71AFDE9
S2140269F0CCE74946002016F0D8F8FF28054603D013
S214026A00044B1B780344DDB2284602B0BDE8F0878B
S214026A102A60002057710020346700200F4B1B7835
S214026A2083420CD8C01A0E4AC0B232F81030D904CB
S214026A3011D443F4805322F8103001207047094BDA
S214026A4000EBC00003EB40035A79D10603D442F0B0
S214026A5010025A71F1E70020704700BF57710020FC
S214026A605E6000202A600020F0B5134B06461B78B5
S214026A70FBB100251148DFF84CC090F800E0104842
S214026A8007781F44E8B2864501D80020F0BD7C1B7B
S214026A9094FBF3F003FB10440CEBC4003CF83440C8
S214026AA0B44204D1002AF1D184788C42EED001356A
S214026AB0E8E71846EAE700BF59710020144D0020A7
S214026AC032670020F84A002070B50DF062FA1425ED
S214026AD00F49104E0B78328830809B1A03449BB2C3
S214026AE0B3FBF5F405FB14330B700B49E2B20B78DB
S214026AF0934292BF00239B1ADBB2032A0B7088BF15
S214026B00002306499EBFD2000B68D3400B6070BDBF
S214026B10C96700209260002031670020144D0020D3
S214026B20084B1868084BC2B21B789A4208D2074B29
S214026B30C0F307201B78984234BF0020012070471C
S214026B4001207047144D002059710020C8670020AC
S214026B50F8B505461746FFF7E3FF064610B9184B89
S214026B601A783AB9212001224FF6FF7115F0FAFE83
S214026B700020F8BD1348DFF854C003780133B3FB96
S214026B80F2F402FB143303700F48DCF8002000EB2B
S214026B90C30420F8335002F10132A1703846CCF813
S214026BA00020FFF7F7FDE670606011F059FFA8427B
S214026BB001D10120DDE7E3780133E370F9E700BF96
S214026BC05971002032670020F84A0020144D002038
S214026BD010B50B4C0B4A2378063B13700DF0D9F90F
S214026BE00022094BFF211880084B09481A602278B8
S214026BF0D200F6F7EBF80422064B1A7010BD00BF5F
S214026C0059710020C867002092600020144D0020B1
S214026C10F84A0020316700202DE9F843074615F0B0
S214026C20F3FD05461A4815F066FF1A4B48B31C6872
S214026C303C1B2C44A4B20022174BDFF864901B784E
S214026C40164D99F8006005EB03155FFA82F8464583
S214026C5009D9AB8805F11000A34215D9B21A294604
S214026C601201F6F705F9013689F80060AC80B8F132
S214026C70000F03D13946064815F078FB2846BDE8D2
S214026C80F8833C461D60D6E705460132DDE700BFC5
S214026C902C6F0020905B0020CB670020F449002078
S214026CA0CC6700202DE9F74F15F0AEFD4FF0000E31
S214026CB0284D294F2978294C97F800A004EB011398
S214026CC003EB0A120092F3465246DFF898801FFA48
S214026CD080FC0646B8F80000ACEB0009A0EB0C00FE
S214026CE01FFA89F901900098984217D1BEF1000F59
S214026CF000D02970524503D200203A70FDF7DEFA22
S214026D003B7823B32B78164804EB0314A188C8F803
S214026D10006003B0BDE8F04F15F028BBB3F804C01E
S214026D20CC450FD84FF0010E93F802C001310CF19A
S214026D30FF3C013AA3F804B083F802C0C9B2D2B24B
S214026D401033D0E701988444A3F804C0F8E703B0F0
S214026D50BDE8F08FCB670020CC670020F449002006
S214026D602C6F0020905B00207FB56C461E4B1F4D9B
S214026D701E78013EF6B21E7095E80F0084E80F00FA
S214026D801B4B28461A7805F1100132441201F6F719
S214026D906FF89DF8026016F00F0511D1BDF80800D5
S214026DA009F02CFE360918BF29464FF00002BDF83E
S214026DB0000008BF039904B0BDE8704002F022BD8F
S214026DC0BDF80400FFF728FF0346828804ADADF83D
S214026DD00420224603CAAA4218605960144603F1E8
S214026DE00803F6D104B070BDCB670020F44900203A
S214026DF0CC670020F8B50024084D094F094E3B78B1
S214026E003178E2B20B449A4204F1010400DBF8BD89
S214026E102846FDF71DFF1035F1E700BFF4490020B4
S214026E20CC670020CB67002070B5134B06460D4694
S214026E30104612491A78124B09781B780B44934273
S214026E4006DB1F204FF6FF7115F08CFD002070BD8B
S214026E50FFF7E2FE013506808570044615F0CFFC8A
S214026E60E08009F0D1FD40F602432081E360002075
S214026E70FDF724FA0120EAE756710020CC670020CD
S214026E80CB6700202DE9F84386460023144FDFF82F
S214026E905C803E7898F8005012497219DCB294422F
S214026EA01CDA4FEA041C31F80C900133F14501EB71
S214026EB00410F3D1631CD21A0CF1100C12016144B7
S214026EC0F5F7D6FFA5428BBF05F1FF3506F1FF3673
S214026ED088F800503E700CB9034B1C70BDE8F8836E
S214026EE0CC670020F4490020CA670020CB67002048
S214026EF0044B054A1B781278D3420CBF01200020AF
S214026F00704700BFCB670020CC670020024B187882
S214026F10003818BF01207047CB670020002108B553
S214026F20084B09481970094B1970094B1970094B1F
S214026F301A781201F5F74AFFBDE808400648FEF740
S214026F4077B900BFCC670020F4490020CB67002049
S214026F50CA670020567100202C6F002010B50B4C1B
S214026F6023784BB10A4802F03BFD58B1084B012189
S214026F70188811F067FE08B9002010BD0122054BE3
S214026F801A70FAE7FFF7F0FEEAE700BFCB670020C9
S214026F90F4490020CA67002010B50E4B1B78BBB11F
S214026FA00D4C238883424FF0000311D10B4AE16057
S214026FB0137049B9A3781033A37012F00DF918B9FB
S214026FC0A37823F00F03A370FFF7CEFE012010BDB7
S214026FD01846FCE7CB670020F4490020CA67002069
S214026FE070B592B00C4606460FF0CFFCE17A054625
S214026FF00020FCF733FE28B394F90A0011F0C9FC0E
S21402700010BB134BE27A294683F85820A27A83F8FB
S2140270105A206A46FDF748F94FF6FE739E420CBFA9
S2140270204FF6FF7323896A4629460020ADF80660AC
S214027030ADF80430FDF7EEFB40B92289054B5A80C5
S21402704012B070BD5520FBE75620F9E72120F7E77E
S214027050A85A0020945B002010B504460146082278
S2140270600948F5F705FF237B022B0AD8002B14BF2D
S2140270703122012205490B7017234B61044B1A700B
S21402708010BD00230122F5E7985B0020945B0020E8
S2140270903A670020014610230120014AFEF742B952
S2140270A064EE0100014B5861704700BF945B0020FC
S2140270B0014B1878704700BF945B002010B5054C52
S2140270C02378112B03D0E221034815F0A4FB4123B9
S2140270D0237010BD3A670020BF6F0400064B0146BE
S2140270E01B78042B04D1054A137E053313767047AA
S2140270F0034815F03BB900BF3B670020945B0020B5
S2140271004C6F002008B50648FDF7A2FD0548FDF7BE
S2140271109FFD0FF066FDBDE8084000F0EBBF00BF24
S2140271208E600020C0600020064B1878332806D0F8
S21402713000F0EF00A0F14303584258417047012087
S214027140704700BF3A670020002208B5074B4FF68B
S214027150FE701A7011F090FC4FF6FF7011F0A9FC49
S214027160034B5869BDE808400FF0D1BC3A670020CF
S214027170945B002008B5064B187838B10548FEF730
S21402718043F84FF47A73B0FBF3F0C0B208BD00BF09
S2140271902F670020D44C00202DE9F0438BB0074621
S2140271A0154698460E469DF8489049B9104605ACD5
S2140271B015F0FDFC214612F07CFF172818BF264664
S2140271C0B9F1000F0AD1124B1B781BB9284612F0F0
S2140271D08DFFD0B92846FEF7A1FA02E0284612F043
S2140271E085FF80F00104E4B29DF850302A460293EF
S2140271F09DF84C303146CDE9009338464346039419
S21402720011F064FE0BB0BDE8F0834C46ECE700BF1D
S214027210366700200022014B1A767047945B0020E6
S21402722008B50020FEF788FC0023024AC2E90133B3
S214027230538008BD945B002010B5144B1B78033BAB
S214027240012B16D8124BB3F868204FF6FF739A42FA
S2140272500FD10320FEF7E6F801F052FFFFF7E0FF3A
S214027260002014F08DFE78B1BDE81040002011F029
S21402727074BAFEF7C7F80446FEF7BEF80146204683
S21402728007F01AF80220E5E710BD00BF3B670020B2
S214027290A85A002008B5114A114B58611378032BDF
S2140272A01BD0D3B1332B01D0432B10D10D4B1B78FF
S2140272B0033B012B05D803231370BDE808400FF0EB
S2140272C026BC0FF024FCBDE80840FFF7B5BF21231B
S2140272D01370BDE8084001F07DBD08BD3A67002086
S2140272E0945B00203B67002008B50348FDF7A0FF2B
S2140272F0FFF796FF022008BDD44C002038B5114D8A
S21402730004462B78834218BF287010F00DF880B11F
S21402731024B9204610F00AF802220DE0012010F0EF
S21402732005F82B781A1F012A05D9062BF4D1032259
S21402733002E0002CF5D10122BDE8384000210846C3
S21402734011F004BD3B67002030B5044685B06846A0
S2140273500D46FFF79FFE94B100212846144A01F01D
S214027360F3FE144B20681B7861688DF80430124BCC
S2140273701B788DF8053002AB03C305F071F90F4B8D
S21402738093F8582093F85A308DF803208DF802307F
S21402739011F083FBADF8000011F062FB1023ADF88C
S2140273A0060069460020064AFDF7BCFF05B030BD60
S2140273B000F8FF074D7100203B670020A85A002006
S2140273C064EE010010B5104B04461A780F4B0020ED
S2140273D083F8582014F0D4FD10B1002011F0BDF946
S2140273E000210846FFF7B0FF0FF090FF2046FDF79A
S2140273F049FA40F617400FF08AFB0023044A13802E
S214027400044A138010BD00BFCD670020A85A002092
S21402741068600020666000201FB504466846FFF7D5
S21402742039FE54B100238DF805301023694600203A
S214027430064AFDF777FF04B010BD11F011FBADF858
S214027440060011F02AFBADF80000EEE764EE01003C
S21402745010B5014604460020FCF700FC90B10C4B28
S2140274601B78023B032B0FD80A4B1C7015F0BCF896
S21402747060B9094A0949FCF779FF003818BF0120AC
S214027480800010BD5520FCE70220FAE74D20F8E701
S2140274903A670020CD670020159D0200C5730200E2
S2140274A0F8B5064615F0A0F8044668B914F068FD6B
S2140274B050B1064D204695F8587085F8586011F080
S2140274C04CF910B185F858704D20F8BDA85A002026
S2140274D02DE9F04180461846033B012B0E4617461F
S2140274E002D918B1212438E0FFF708FF274B1D7890
S2140274F0022D08D0032D46D1B8F1000F03D1244B3C
S2140275001B689B073FD43320FDF78CFF01F096FAE9
S214027510B6F1006F34BF1F4B052231464FF006000E
S21402752038BF1A78FEF7FCFC044628BB1A4D2873AF
S214027530012000F017FE11F0B0FA68802846B8F174
S214027540000F0DD0022300F8043B11F012FD6C73FD
S2140275502F61394630460FF01EFA2046BDE8F0810C
S214027560012300F8043B11F004FD6C732F613946C9
S21402757030460FF00FFAF0E72846FDF753FFB8F152
S214027580000FF4D0E5E70224E7E700BF3A670020E1
S214027590284D00207A710020945B0020034B187857
S2140275A018B9034B034A1B78D05C70473967002032
S2140275B03B67002038BD040038B5437B0446DB0732
S2140275C003D590F909000FF0A0FE00250F4B83F8B3
S2140275D059502079FFF764FFFFF7E0FF618824889F
S2140275E0034622462846FEF7ADFA044620B1172087
S2140275F0FFF750FE204638BD1723054DC821054823
S2140276006B6114F0B3FE03232B76F3E7A85A00202F
S214027610945B00204C6F0020F0B51A4D06460C46CF
S21402762093B0A5F8680005F16A0729BBC5F86A1089
S21402763079600FF0AAF96A4601460020FCF734FE8C
S214027640D5F86A30ADF81060CDF812307B68CDF808
S21402765016300FF09AF96A4601460020FDF7DAF86E
S2140276604FF6FF73B5F86800984203D014B1064986
S2140276700FF094F913B0F0BD08223846F5F7F8FB80
S214027680D7E700BFA85A0020125B00202DE9F04180
S214027690DFF8B8801F4698F8003005460C461646B6
S2140276A01BB102252846BDE8F081531E052BF8D8EB
S2140276B014F09AFF0028F4D13B7B032B14D14FF62B
S2140276C0FE739C4212D1012E09D0022EE9D111F08E
S2140276D0C7F94FF6FB73984203D811F0C1F9044676
S2140276E004E011F018FEFAE7012EDAD0EDB93946B9
S2140276F02046FFF775FC05460028D3D198F80030DF
S214027700332B03D0532B1CBF0E4B18613046FFF7AA
S214027710F5FD00214FF6FF70FFF77EFF0A4B1B7840
S214027720002BBFD012F0C8FCBCE7397B721ECB1E02
S214027730594259415042504105F07CFF0546002807
S214027740D5D0AFE7945B00207B7100203A6700201B
S2140277502DE9F04105460F46904611F081F96B7B04
S2140277600446DB0703D595F909000FF0CEFD11F0AC
S21402777077F9384B384E188011F08FF9374B18804E
S214027780FDF73AFE364B1880FDF73CFE082201460E
S2140277903448F5F76DFB11F025F9334B187028794C
S2140277A0FFF77EFE00216888FFF736FFFDF726FF0B
S2140277B060B14FF6F672631E9BB2934206D911F081
S2140277C0AAFDB6F8683004468342F8D0204611F087
S2140277D053F9288811F06DF94146B6F86800B847A3
S2140277E0044628B91920FFF755FD1920BDE8F08197
S2140277F0B6F8681010F0EDFE00231C4D86F85930DE
S2140278002B7803F0FB03022B02D0204611F04EFB2E
S214027810002220461146FFF707FB0446B0B11723A5
S2140278206B61134B1B78042B09D1C821114814F045
S2140278309DFD03232B7684F00100C0B2D6E74FF4F9
S21402784016710C4814F092FD0023F3E71720FFF799
S21402785021FDF0E798600020A85A002096600020DC
S21402786094600020CE670020D6670020945B00203C
S2140278703B6700204C6F0020F0B50C461E460B46B8
S2140278802049074689B004F1140053F8045B83428A
S21402789041F8045BF9D11B8802AD0B80D4F80E00C8
S2140278A0D4F81210238803C5ADF8103023798DF86A
S2140278B012208DF8133000233A468DF814304FF616
S2140278C0FE71012002ABFFF7E1FEC8B902A8FFF77E
S2140278D0C3FB237B4BB10C4D0C4B01AA294601205E
S2140278E001930FF0F0FC2A781AB92046FFF764FEDF
S2140278F003E020460199FFF72BFF08B9044B1E70E0
S21402790009B0F0BD9A600020945B0020898F0300C6
S214027910D767002001232DE9F341304E05460F4676
S21402792000202F491446737300F0EAFB0FF0EFFCB9
S214027930DFF8AC8038B9012D01D9042D0FD12146CC
S21402794038460FF0A8F81020002112F0CDFB0028D0
S2140279503CD0002002B0BDE8F041FCF7AFBC002CE2
S214027960F1D1204B1B78212B03D0062B01D0532BB1
S21402797002D101F02FFAE6E7FDF740FE0028E2D03A
S21402798000F0EAFB28B9307BC0F11800FFF782FC52
S214027990D9E7154B41462046019300F0B1FB20B1D2
S2140279A040F61901114814F036FF01AA0B4998F85F
S2140279B00C000FF088FC32781AB90948FFF7FCFD74
S2140279C0C1E701990648FFF7C3FEBCE7FFF79EFA38
S2140279D00028BED102B0BDE8F08100BF945B002053
S2140279E09A6000203A670020898F0300BF6F040068
S2140279F01FB5144B04461B88DB0707D44FF6FF70EF
S214027A000021FFF709FE002004B010BD0A230E4A2B
S214027A10012001A9FDF786FC4FF6FF73BDF80C2086
S214027A209A42EBD00822FF2101A810F0A7FF0028F7
S214027A30E4D10CB90120E7E7BDF80C0001A9FFF775
S214027A40EBFDF7E7B260002026E1010038B50C46F0
S214027A50154611F011F802F053FF29462046FFF7AB
S214027A60DBFD00F079FB48B1054BDB790E2B28BF16
S214027A700E230133DBB2034A137038BD0123FAE743
S214027A809A600020E367002038B51D46FFF7FEFD2A
S214027A900446C8B92B7B2846032B03D1BDE83840E1
S214027AA011F086BAFFF7D8FA084B25469C8110F0EB
S214027AB099FF0121064B81401A780620FEF730FA1C
S214027AC0044608B1034B1D70204638BD945B002067
S214027AD07A7100203A67002030B5012087B0FFF7A0
S214027AE087FF6B460446144A1068516803C384B97C
S214027AF004F0C4FD02A8FFF7CDFA4FF6FF75224642
S214027B00BDF80E002946FFF7A1FF0EF04BFF07B0A7
S214027B1030BD6B46094AD2F86A00D2F86E10B2F847
S214027B20685003C304F0AAFD02A8FFF7B3FA6A4638
S214027B30BDF80E00E6E700BF8FF70300A85A002044
S214027B4037B5324B04461B781BB10224204603B0DD
S214027B5030BD14F049FD0028F7D100F00DFB14B13A
S214027B6022882B4B1A8000210DF10700FDF7D0FC6E
S214027B70002848D111F0EEF904460028E6D1254D3A
S214027B809DF80700FFF7BAFB2B78033B012B27D89B
S214027B902046FFF72DFF18B3FFF79EFF00F0FCFE0E
S214027BA0FFF74AFB012010F0E7FE48B9184B1B8886
S214027BB09A0707D52346052201201749FFF788FCB6
S214027BC00446C3E7154D022329460120144AFDF751
S214027BD0A9FB2B885B07B9D5204600F0F1FEB5E776
S214027BE02B78053B012BB1D8FFF776FFFFF724FB76
S214027BF02B78052B0CBF04200520FDF713FC012073
S214027C0010F0BAFEDCE71724A0E700BF3A670020B0
S214027C10B26000203B67002000F8FF076460002087
S214027C2027E101007FB50024184E194D3278E3B2E1
S214027C309A4201D804B070BD4FF6FF73B5F86820BB
S214027C409A421AD0134B1B88DB0714D5124AB5F892
S214027C50683010685168ADF80C3001AB03C30F4AA8
S214027C600A23002001A9FDF75DFB022300200C4A2F
S214027C700C49FDF757FB0134D8E7002208210648D5
S214027C8010F07CFE0028F6D1DCE700BF5871002019
S214027C90A85A0020B2600020125B002026E10100F4
S214027CA027E101006460002010B500F0C7FE01F075
S214027CB013FCD8B10E48FDF7BBFA0E480E4C017AFB
S214027CC00E30FFF741FB23781BB100F0F7F90023D3
S214027CD023700022094B1A73FFF7AEFA07F0B8F9C1
S214027CE000F012FFBDE81040FFF79CBF10BD00BFBA
S214027CF04C6F00209A600020D7670020945B00201B
S214027D0010B52548FDF794FA01F0E6FB30B1234B97
S214027D101B781BB9BDE81040FFF7C6BF01F0DCFBBD
S214027D2078B11F4C237E83B1C8211B4814F01EFB7A
S214027D300021237E0846013B2376BDE81040FCF76F
S214027D402BBBFDF75BFC0028EBD1FDF757FC154B70
S214027D501B7858B9112B03D003F0FD03412B19D120
S214027D60BDE810400E4B5869FFF794BA332BF7D193
S214027D700D4B188810F080FE0C4B188810F099FEF8
S214027D800B4B0C491888FFF747FC0B4B1878FFF78C
S214027D9087FBE5E710BD00BF4C6F0020366700206A
S214027DA0945B00203A6700209860002096600020CE
S214027DB094600020CE670020D66700202DE9F04FA1
S214027DC00F4685B002AD044629463846914612F063
S214027DD01DFC4FF0000B82463846CDF804B010F07A
S214027DE0AEFC4678022C804606F0020609D85CB144
S214027DF0FDF704FC0446002848D1754B01241B7885
S214027E0065E0043C022C3AD9FDF7F8FB384610F040
S214027E100FFC00240546A046DFF8D8A1384610F02D
S214027E208EFC50F809300DF10500019314F0D1FDD7
S214027E309DF807B00746B8F1000F4DD1BBF1000F11
S214027E405BD0DFF88C9199F800300BB1002E63D02E
S214027E50002C61D05F4B1B78022B5DD1BBF1000F6B
S214027E6053D1384610F008FE58465946FFF76CFACA
S214027E7007F0EEF840F607400EF049FE34E011F047
S214027E805DF8FDF7BBFB0446F8B15C464EB1524BBB
S214027E901B78012B02D0043B012B0BD805B0BDE8A2
S214027EA0F08F4B4B1B782BB14B4B1B7803F0FB032D
S214027EB0022BF3D0BAF1000F404608BF002512F09D
S214027EC098FB4FF001088246A8E7414B1B78002B2F
S214027ED0F0D0002EEED1E1E7BAF1000FAED0504658
S214027EE0FDF71EFE0028A9D1002014F049F800284C
S214027EF0D4D0002010F031FCD0E74FF6F7739F4243
S214027F009FD91720FFF7C6F9EEE7FDF777FB48B1D2
S214027F103248FDF78DF9F4E7FDF770FB10B1BBF1BF
S214027F20000FF5D1FDF76AFB0028DDD02846FEF7E4
S214027F3049FAFF28DFF89CA0294C03D09AF80030B3
S214027F40012B04D12946B4F86800FEF795FBFEF72C
S214027F5051FC2A463846B4F86810FFF777FD214BE5
S214027F60214A93F906301B0213809AF80030012B3F
S214027F7019D0312B14BF432311238AF800301B4B30
S214027F801648196814F0F2F900F006FD0023124CA8
S214027F9099F80010237641B9104814F0E7F940F634
S214027FA01B436361A0E71123E7E7B8F1000F03D094
S214027FB016B1FFF779FEF2E70D4B1B78042BEED1D4
S214027FC00521064814F0D2F909232376E7E700BF15
S214027FD0366700203A670020945B00204C6F002032
S214027FE0A85A00209A600020B06000206C6F002023
S214027FF03B670020BD67002070B508468CB00D4672
S21402800010F09DFB09220021064614F003F80446F0
S214028010284610F00DFB052228460DF10F0304A991
S2140280200EF0C7FD02281BD09DF80F3029461C44CF
S2140280300023E4B204F11002365D01200093D2B2AE
S2140280400CF041FC60B1022E0AD1064B1B78012BC4
S21402805006D1054B187818B922462946FFF7AEFE18
S2140280600CB070BD3A670020945B002008B5084B40
S214028070187050B1074B1B883BB14FF47A71064813
S214028080594314F073F9002008BD0120FCE700BF35
S2140280902D670020E8700020F44B0020014B18806A
S2140280A000207047E870002008B5FDF7C1F80022EE
S2140280B0014B1A7008BD00BF2D67002010B50024C2
S2140280C0044B05481C80054B1C70FDF7B1F8204692
S2140280D010BD00BFB4600020706F0020D86700207B
S2140280E008B50348FDF7A4F8BDE80840FFF7E6BF69
S2140280F0706F00200148FCF7ABBD00BFB4600020E3
S214028100F7B5134B04461B780E46EBB183421DD9D6
S2140281100021104814F0C1FC002501460D4F09B994
S214028120012009E0AC4209D100241623224630463B
S214028130009414F047FD204603B0F0BD384614F014
S214028140D0FC01350146EAE71820F5E72720F3E7D9
S214028150D8670020B4600020014B1878704700BF33
S214028160D867002025289DBF024B187000202120CA
S214028170704700BF7C710020012307B51846064AE7
S2140281800DF10701FDF7CEF89DF80720034B1A7094
S21402819003B05DF804FB00BF29E10100EA7000208D
S2140281A084B010B502AC84E80F00082224480DF112
S2140281B01601089CF5F756F938BB9DF815309B0753
S2140281C005D4204B1B7803F0FD03312B23D11E4927
S2140281D06378097803F00F028A4203D0012928D176
S2140281E0022A18D12278B2B91B09022B13D194F9AC
S2140281F00230002B21DB154BB3F86820BDF80A309D
S2140282009A4208D1FEF790FF06E0002208210C48A9
S21402821010F0B4FB20B90020BDE8104004B070474F
S2140282200B4BBDF808205B889A42C6D0002BC4D000
S214028230F1E70229EFD1012AD3E70120ECE700BFDC
S214028240985B00203A6700204D710020A85A002053
S214028250945B002084B02DE9F0478EB016AC84E81B
S2140282600F00DFF868C1564BBCF802009DF85D901F
S21402827010F001049DF96220BDF870E09DF875A02B
S2140282809DF976709DF878509DF97A109DF95E807A
S2140282909DF860601B782FD09DF87D00C0F34004E7
S2140282A0C0F38000002B44D0464B1B78012B02D132
S2140282B0002C00F08280C0B19CF800301E335BB206
S2140282C0BB42ACBF002701279845D4BF0023012339
S2140282D0BB4209D18A4208DB0CD1A81BC0B2802857
S2140282E08CBF0020012000E038460EB0BDE8F04703
S2140282F004B070470020F8E710F0020F18D0C3B1A0
S214028300490814BF01200020520814BF012300238D
S2140283108342EAD1AB1BDBB2802B0AD9AE42E9D14B
S214028320B84506DB49D1CA4594BF00200120DCE7E8
S2140283300BB90120D9E7AE4216D002AC1CAF0FCF64
S2140283400FC497E8030044F8040B2180DDE91A0104
S21402835016AB0090ADF804100FCB0EF0ADFF002860
S214028360E7D1AE42B9D1C0E7BDF8583073451ED04A
S21402837008AC0DF1700CBCE80F000FC49CE80300BB
S21402838044F8040B2180104C638873450FD10822F1
S214028390211D0DF12E00F5F765F8024638B90821C1
S2140283A0201D10F0EBFA10B96388002BC1D1B84536
S2140283B0BFDBC2D1CA45BCD8BFE7204695E700BF9F
S2140283C0D86700203A670020945B0020EA700020FD
S2140283D084B02DE9F04F8FB06A4E18AC08AD84E831
S2140283E00F00162200212846F4F7F0FC33783BB93A
S2140283F00024654B32781B789A4239D2002726E051
S2140284000021624814F049FB00270446B846DFF80C
S2140284107C91002C45D13FB1224639465B4810F08C
S21402842011FA3378013B33703378002BE0D0002109
S21402843056484FF0000914F030FB4F468046CA46B5
S214028440DFF848B1B8F1000F6CD1002FD1D0162159
S214028450002218A810F08EF9014648B1002F00F04D
S2140284608B802246494810F0A5F9337801333370E1
S214028470454B32781B789A4207D944480022018835
S21402848010F0E0F93378013B33703378012B03D1D7
S2140284903F49404813F06AFF0FB0BDE8F04F04B002
S2140284A070470022214616232846CDF8008014F095
S2140284B089FB1622294618A8F4F7D4FF0028EBD029
S2140284C09DF864209DF824309A4225D1BDF860209C
S2140284D0BDF820309A421FD108220DF12E010DF16F
S2140284E06E00F4F7BFFFB8B902AF0DF1600CBCE83E
S2140284F00F000FC79CE8030047F8040B39800EAB49
S21402850013E903000090ADF8041095E80F00FFF79A
S214028510A1FE0028C0D027462146484614F0E1FABC
S214028520044676E71623002241462846CDF800A0E8
S21402853014F048FB02AF0DF1600CBCE80F000FC749
S2140285409CE8030047F8040B39800EAB13E90300DE
S2140285500090ADF8041095E80F00FFF77BFE074683
S21402856020B1B9F1000F04BF444681464146584641
S21402857014F0B7FA804665E73A46044814F093FAD0
S21402858073E700BFD86700207C710020B46000202B
S21402859020BF0200706F00202DE9F04F0021044634
S2140285A09FB00DF14008162240460E91CDE90C11FF
S2140285B0CDF83B10F4F70AFC052220460DF11F0306
S2140285C016A90EF0F6FA0228074600F0F2802046B8
S2140285D010F0B5F8064614F0FCF98146F01C14F0CB
S2140285E0F8F9ADF84000701D14F0F3F9012FADF85C
S2140285F04200204640F0E08010F0A1F805462046F2
S21402860013F0C8FD0D3502232D1A0093214643466A
S2140286100820EAB20CF057F9002800F0CA8020467B
S21402862010F092F8012F83469DF84D3040F0DC8022
S21402863000252F4643F001038DF84D3016AE3388E1
S214028640022B4DD1F1782046023108F065F81B283E
S21402865046D1F1782046033108F05EF819283FD15A
S214028660F1782046043108F057F84A2838D14FF0FE
S214028670050AF17820460131514408F04DF8F178A8
S21402868005905144204608F047F8059B00EB03206E
S21402869083B200F03F02932B059240F095800023B0
S2140286A0F778214602375744FFB23A4600930CA8A1
S2140286B00F2314F087FA07F10F01204611F07FFE10
S2140286C007F111010546204611F079FEADF8420089
S2140286D0059B023353445FFA83FA33795345C8D86D
S2140286E006360DF17603B342A9D19DF84D20C5F3A7
S2140286F0C03363F3410220468DF84D200FF0B6FFDB
S2140287008DF8440020460FF0A6FF8DF8450020465F
S2140287100FF0A6FF9DF83230BBF1190FC3F3C30268
S2140287208DF84720DDF833208DF84600CDF84E2030
S214028730DDF83720CDF8522094BF00229DF83E2067
S2140287408DF8482003F003028DF84A209DF84D204C
S214028750DB0963F38202694B8DF84D201B78022BEE
S21402876056D1BDF8406010F098F9864250D108A85C
S21402877010F0FFFBBBF1190F47D908220DF14E018D
S21402878008A8F4F76FFE00283CD1B9F5004F02D0D6
S214028790B9F5624F0DD140F6FF7325F440459D4270
S2140287A007D1002208210DF14E0010F0E7F800284C
S2140287B03ED01FB0BDE8F08F0FF0C1FF0546204641
S2140287C013F0E8FC07351EE7412B81D1F1782046ED
S2140287D00231514407F0A0FF494B1B78C3F1B303A3
S2140287E018448DF8490073E76FF30003F01D8DF807
S2140287F04D3014F0EEF80CA90546204610F00BFC9E
S2140288000B2772E700F058FDBFE700F055FDD0E7F2
S214028810B9F5004F02D0B9F5624FCAD140F6FF73E0
S21402882025F440459D42C4D1BBF1190FC1D9B8E722
S214028830BBF11A0F06D007F11F0142462046C9B205
S2140288400EF040FD2F4C304D637BDBB12B78012BB5
S2140288501DD1012323730CAB029314AC94E80300DE
S2140288600090ADF8041098E80F00FFF799FC90B15D
S21402887094E803000090ADF8041098E80F00FFF7A4
S214028880A7FD08E0FCF7BAFE0028DFD0E1E703F018
S214028890FD03042BDDD02B78012B01D0042B88D1CD
S2140288A01A4BDDF84E001B78DDF852108DF8223098
S2140288B0BDF84030ADF820309DF84D30C3F340038C
S2140288C08DF823309DF8313003F00F038DF82C30ED
S2140288D09DF848308DF82D3009AB03C30C4B1B684E
S2140288E01BB1414608A8984763E79DF946209DF8C4
S2140288F0451008A80EF0CDF85BE700BF3A670020E7
S214028900DF670020945B0020C6670020DE67002039
S214028910885B002010B513F077FF114B1B78022BF3
S2140289201CD1104A1468A04218D00F4910600A6879
S214028930121B10440D4A086012786AB1013A93403D
S2140289403C2253434FF47A725343984206D9BDE809
S21402895010400320FCF766BD0A23F3E710BD00BFF4
S2140289603A670020204D00201C4D0020497100204F
S214028970064B1B88DB0708D50022054B43F8202050
S214028980044A135C63F00F0313547047B66000206A
S214028990704B0020FF66002008B513F035FF00225A
S2140289A0024B1860024B1A6008BD00BF204D002023
S2140289B01C4D0020014B1868704700BF1C4D00205C
S2140289C008B50C48FCF734FCFCF772FD80B10A4B84
S2140289D00322B3F8681001200EF094FC4FF47A716B
S2140289E0064B04481B885943BDE8084013F0BEBC3A
S2140289F008BD00BF906F0020A85A0020CC7000204F
S214028A00014B188000207047EE700020044A054B88
S214028A101870138823F00303184310800020704751
S214028A20B66000204A710020034B1888C0F30E007F
S214028A30003818BF012070476460002008B5FFF7B1
S214028A40F3FF30B1002004490223044A0880FCF7F1
S214028A5069FC002008BD00BF6460002027E1010019
S214028A60024B1888C0F30E00704700BF64600020F7
S214028A700023084A01201370074A08491370084B5E
S214028A80084A1B7843F0040313800223064AFCF7C5
S214028A9049BC00BFDB670020DA6700206460002064
S214028AA04A710020B660002027E1010030B501219E
S214028AB000240B2385B0104D019400918DF80C30E4
S214028AC08DF80D000323B5F8680003AA8DF80E4052
S214028AD011F02EFD68B1B5F8681010F059FB40B1E0
S214028AE00522064B64211A70054B06481C7013F0CB
S214028AF03DFC05B030BD00BFA85A0020DA67002052
S214028B00DB670020B06F0020064B1B78033B012B6F
S214028B1006D8054B1B781BB9044B1878FFF7C6BF5F
S214028B20704700BF3B670020D967002049710020CC
S214028B3010B51548FCF77CFB144B1978F9B9144AA2
S214028B4013787BB1013B1370124B1B78042B02D1B6
S214028B500846FBF721FCBDE810404FF496710A4820
S214028B6013F004BC0C4A128802F00302022A0AD14D
S214028B70BDE81040032201200849FEF7A9BCBDE863
S214028B801040FFF7C1BF10BDB06F0020DB670020AA
S214028B90DA6700203B6700206460002000F8FF07C9
S214028BA0084B1A785AB10223013A93404EF66022D5
S214028BB0534303210448B3FBF1F113F0D7BB42F24F
S214028BC01073F6E749710020B06F002070B50546B5
S214028BD01748FCF72DFB0122164B28461A7011F097
S214028BE0CBFC411C044689B2284607F095FDA11C21
S214028BF0064689B2284607F08FFD0F4C02232080D6
S214028C00214600200D4AFCF78DFB86B9238803F027
S214028C100303022B03D1FFF7BFFEFFF7C1FF238832
S214028C205B0704D5BDE870400548FFF7C9BE70BDB6
S214028C30B06F0020DB6700206460002027E101009F
S214028C40906F00202DE9F0431F4C0546238889B01B
S214028C50002B33D01D4E00214FF4807011F024FA01
S214028C603378DB0728D50121208813F0CBFA074694
S214028C7020880FF064FD023013F0ABFE05A9804693
S214028C80208811F060FD3378384613F0020F104B3F
S214028C9018BF0025B3F8009013F098FA0646384637
S214028CA013F078FAF6B20290424606212846CDE93B
S214028CB0009605AB0DF0A9FE00232380054809B0F7
S214028CC0BDE8F043FCF7B4BABC600020DC670020C5
S214028CD0BA600020D06F002010B5044640F621404E
S214028CE0FFF7B0FF01214FF4807011F0DDF978B183
S214028CF00022084B1C80084B1A7007F085FEBDE860
S214028D001040064B1880064B0648198813F02EBBF7
S214028D1010BD00BFBC600020DC670020BA600020E7
S214028D20CE700020D06F0020044A137818B943F0A2
S214028D3001031370704743F00303FAE7DC67002071
S214028D40044B1B781BB9044A1380FEF707B90020B0
S214028D50704700BFCA670020B8600020042230B502
S214028D6001F0400387B0002B054614BF01240024FF
S214028D708DF80C208DF80D1004D004A911F0B2F96C
S214028D8010B304ABCDE9004301210223284603AA0F
S214028D9011F0CEFB0446C8B10D4BB3F868100FF0C5
S214028DA018FC4FF6F7739D4209D93222022120465B
S214028DB0FEF73AF880F00100C0B207B030BD29468F
S214028DC0204610F0E5F9F5E70120F6E71920F4E76A
S214028DD0A85A002010B5FFF731FE04F031FA10F061
S214028DE063F8002011F076F913F0FEFB08B1FDF7E8
S214028DF029F9204C2378532B12D103232370002306
S214028E00FF2219460120FEF763FB002013F0B8F894
S214028E1010B100200FF0A1FCBDE810400EF076BAAB
S214028E20062B01D0212BF0D10120FEF7F5FA4FF6E2
S214028E30FE700FF021FE4FF6FF700FF03AFE002094
S214028E40FEF752FA0020FEF759FAFEF7E9F900F0AB
S214028E5029FB0EF05EFA2378212B02D1FEF774F975
S214028E60D3E70020FCF7DEFA00214FF4004010F0B2
S214028E700BFFCAE73A67002010B50A4C0A48FCF70F
S214028E80D7F92378062B02D10120FEF7C5FA2378FC
S214028E90062B01D0532B03D1BDE81040FFF79ABF33
S214028EA010BD00BF3A670020F06F00202DE9F047A2
S214028EB0DFF8C08004460E461746FFF7BFFD98F857
S214028EC0005015B90220BDE8F087212DFAD02848B7
S214028ED013F011FE0028F5D114F02004394630466E
S214028EE0DFF894A0DFF8949005F00F051BD00DF084
S214028EF054FD012D8AF80070A9F8006029D12123BB
S214028F0088F80030FFF766FF0020DCE7212388F8A8
S214028F100030FFF75FFF00214FF6FE70FEF77CFB86
S214028F20FEF780FEF0E70DF037FD012D8AF800709F
S214028F30A9F80060EAD0062321464FF6FD7088F8AD
S214028F400030FFF70BFF40F22621094813F00EFA15
S214028F50E1E7532321464FF6FD7088F80030FFF70D
S214028F60FDFE40F22621024813F000FACCE700BFCD
S214028F70F06F00203A670020DD670020F0700020C6
S214028F80F8B50D460646511C284607F0C5FB0446B2
S214028F9028460FF0D4FB0546023013F01AFD154B97
S214028FA007461B78022B02D0043B012B21D8124B1A
S214028FB01B68580201D5A1061BD5620619D50F4BB0
S214028FC0B3F86830B34214D16B781B070DD5284628
S214028FD011F00FFBFCF7A4FD58B1314604F0200057
S214028FE00122BDE8F840FFF761BF0FF039FDB84235
S214028FF0F3D0F8BD3A670020284D0020A85A00207A
S21402900073B504460D4613F0D2FDFF28034625D05D
S214029010134A12784AB1134A32F81020520404D581
S21402902011F049F8002002B070BD184611F054F84D
S2140290306946064611F056F840B1FCF7E7F928B142
S214029040002302226946304605F0DCF8204645F049
S214029050400102B0BDE87040FFF780BE0120E2E7A3
S214029060366700205E60002038B505460FF067FBC5
S2140290700446284611F080FA411C89B2284607F0B9
S2140290804BFB42060DD563781B070FD5204611F021
S214029090B0FA0146002013F088FDBDE8384011F012
S2140290A00AB80348BDE83840FFF7E6BE38BD00BF41
S2140290B0F06F002038B54FF6FF75A842044617D069
S2140290C00FF0EBFCA04213D04FF6FD72094B198845
S2140290D091420DD9084A1288AA4201D0A24207D16B
S2140290E01C804FF47A71BDE83840044813F03EB94C
S2140290F038BD00BFD6700020F2700020B44C0020AD
S21402910008B50448FCF794F84FF6FF72024B1A8033
S21402911008BD00BFB44C0020D670002037B5054607
S2140291200C46082369460120064AFCF7FBF815B1EF
S2140291309DF806302B700CB1009B2360BDF804002E
S21402914003B030BD25E1010007B508238DF80600FF
S214029150ADF80410009269460020034AFCF7E2F8D4
S21402916003B05DF804FB00BF25E10100024A137854
S2140291700BB1013B137070472B67002008B50FF048
S21402918098FC00214FF6FF72054B08461A80FEF740
S214029190DBF8BDE8084040F616400DF0B8BC00BF4C
S2140291A0D670002008B5FCF743F80A4B1B78023B42
S2140291B0032B08D84FF6FE73074A108898424FF6DC
S2140291C0FF7301D1138008BD9842FCD0BDE8084069
S2140291D0FFF7D4BF3A670020D670002010B5084BC0
S2140291E01B78042B0AD00FF03BFC002104460846ED
S2140291F0FFF794FF231A5842584110BD0020FCE79F
S2140292003B670020F0B5002689B00546CDE9056625
S214029210ADF81C6011F0B0F90A230246044629464E
S214029220009605A813F0CEFC9DF815309DF8147034
S2140292301F2B27D803A80FF09CFE08220DF116015B
S21402924003A8F4F70FF90646E0B9092F1CD1FFF779
S214029250C5FFB8B1144B1B78A3B1144B1A884FF64E
S214029260FD739A420ED9124C124A23780433DBB2AB
S21402927023701278013AB3EB820F03DD58B20BF07B
S21402928000FD267009B0F0BD0A34E4B22146284635
S21402929007F042FA0FF000FF611C284611F08FF823
S2140292A0FFF708FFEEE700BF5D710020D6700020D2
S2140292B02B6700204871002038B5134B1B78033B00
S2140292C0012B20D9114B4FF6FF711B78ABB1104D15
S2140292D02B888B4217D10FF0E0FB4EF66021044636
S2140292E00C4813F043F84FF6FE7322462B800021FB
S2140292F0BDE8384009200FF0DDBE074A13888B42CE
S2140293001CBF0133138038BD3B6700205D7100200F
S214029310D6700020B44C00206060002008B50448D7
S214029320FBF786FFBDE8084000210846FBF734B885
S2140293301070002010B5044661B1FF210FF0A0F9AD
S214029340002120460FF0A2F90FF0E3F8014620466E
S2140293500FF0A2F92146BDE810400022014813F0A2
S214029360A2BB00BFC06000202DE9F0410D461746A3
S21402937004460FF0E4F906782846FCF74DF929462C
S214029380804620460FF025F90FF06AFBA84206D168
S21402939020460121FFF7CEFF0120BDE8F0812846D6
S2140293A0B8F1000F0AD0FCF7B9F950B9144B3A4697
S2140293B02046BDE8F0411978FDF736BD10F096FE5E
S2140293C0F3E706F00306012E08D00FF049FB002350
S2140293D02246294602F042FA0028D9D120460FF04A
S2140293E0B4F8430505D52046BDE8F04100210FF04C
S2140293F029BC204610F065FEB0FA80F04009CCE7A2
S2140294004771002010B586B0044611F0B5F8104B2F
S2140294100246186819790290D3F805005B7A013281
S2140294208DF8143000238DF80C100490214600931A
S21402943092B2052304A813F0C5FB052204A902A8CC
S214029440F4F710F8B0FA80F0400906B010BD00BF7D
S214029450B0BC040008B511480FF02EFA104B1B786A
S214029460012B06D8FF2010F0FFFDFDF7B1FB10F030
S2140294701AFEFDF73BF801F091FCFFF7F9FA11F03E
S214029480F3F907F0F1FDFDF749FD07F03DFB0DF09E
S21402949086FABDE8084002F0D3BC00BF705B00202D
S2140294A0F866002008B5F0F75DFDFF2803D0094BEB
S2140294B01B78012B06D9002010F0D6FDFDF788FB9D
S2140294C010F0F1FDFDF712F801F068FCBDE8084067
S2140294D002F0B6BCF8660020064B1878112806D0B3
S2140294E000F0FD00A0F141035842584170470120A8
S2140294F0704700BF3A6700202DE9F8430446FDF79F
S2140295000FFB18B100263046BDE8F8834FF6FF7809
S214029510184BB3F868104145F4D020460FF059F8BE
S214029520154B022120461A88FDF77EFC06460028C7
S214029530E8D020460FF003F990F80790054604306D
S21402954013F047FA07460FF08BFA494602463846AA
S214029550FDF7FEFAA81C13F03CFA404502D120465D
S214029560FFF7BAFB2B789B07CDD101212046FFF7E8
S214029570E1FEC8E7A85A0020BE600020F8B50746FC
S2140295800FF0DDF80546043013F023FA0646A81C51
S21402959013F01FFA0446304613F009FB3046FCF778
S2140295A03BF82B789B0701D10FF05AFAAB790BB92F
S2140295B00320F8BD0FF054FAA0420CD10FF050FA77
S2140295C00446094B214638461A78FFF7CDFE002896
S2140295D0EED00020EDE7054B1B78052B1CBF044B95
S2140295E0B3F86840EDE700BFBE6000203B6700208E
S2140295F0A85A00202DE9F041064610460D4610F006
S214029600BBFFA0F11004E7B256FA84F42146EA1B27
S21402961004F10E00F3F72CFC2823DFF84480F35500
S21402962098F80030637301F0CDFB611C02460120FE
S2140296300DF084FE08220949601DF3F719FC98F81C
S214029640000010F07DFB05F10E0130463B4600227D
S214029650C9B201F069FC1220BDE8F081BD670020A6
S214029660356700202DE9F04F87B004460FF067F803
S214029670064620460EF0C6FF0746301D13F0A9F92F
S2140296808146B01C13F0A5F9384696F807A013F0E9
S21402969097FA33789A075FD12146042001F04CFDF1
S2140296A0002859D0204610F067FF0146204607F0F2
S2140296B033F8830750D1204610F05EFF014620465D
S2140296C007F02AF810F00303039345D12046FFF76C
S2140296D099FE002840D0204611F024F8451C20466A
S2140296E012F074FDEDB205F10A0B83455DDA304ADD
S2140296F004AB1068516803C3691C204607F00CF8D7
S21402970029468046204607F007F800EB082059460F
S2140297101FFA80F8204606F0FFFF8346039B214689
S214029720AA1C009304A8082313F04CFA20460EF055
S21402973069FF5A4641460DF0F3FD0122404604A950
S2140297400FF034FE88BB022007F032FC013003D152
S214029750404604A9F0F7CEFC0FF082F948453A4697
S214029760514607D10FF084FBF8B907B0BDE8F04FB9
S2140297700FF0D0BD48460FF07BFBB0B90D4B1B78FF
S2140297801BB9394648460FF0DBFC3A465146484676
S214029790FDF7DEF948B1317811F0030105D1204614
S2140297A007B0BDE8F04FFFF7C5BD07B0BDE8F08FC4
S2140297B08FF703003167002038B5114D2B78023B36
S2140297C0012B18D80DF0AEFD0446B0B9FFF7A2F88B
S2140297D02B78032B07D12346FF2221460120FDF7D3
S2140297E077FE012038BD21462046FAF7D5FD00381F
S2140297F018BF0120F6E71720F4E70220F2E700BFC1
S2140298003A6700202DE9F74305460E4614460EF049
S214029810A6FE0C2828464AD10EF091FF0922002106
S21402982012F0F8FB00F11001C9B2284606F074FFE8
S214029830042813D07C282BD0012840F0AC8046B9EF
S2140298401321284610F0BBFD03B0BDE8F0430FF02D
S21402985030B903B0BDE8F043FDF7DCBC5B4B1B78C8
S214029860022B40F0988046B9FFF7FAF8C3070AD5EC
S214029870FFF792F8002C08BF3F26304603B0BDE83B
S214029880F0430DF0A8B8FFF7CFF80028F0D0F1E7C4
S214029890284612F09BFC0446284612F07BFC024641
S2140298A03046E1B203B0BDE8F0430DF092B80EF0D8
S2140298B046FF8046043013F08CF8074608F1020093
S2140298C013F087F84FF6F773984204460CD8404ACE
S2140298D0138801339BB213800BB93E4A13801EB124
S2140298E03C4A13880133138098F8009009F0030964
S2140298F0B9F1010F1DD1284610F03EFE014628465A
S21402990006F00AFF0B2809D00D2807D0042842D1FA
S214029910284603B0BDE8F043FFF7A6BB2E4B1B78E4
S214029920042B38D10021084603B0BDE8F043FAF70D
S21402993033BDB9F1000F2ED13146284603F05EFD45
S2140299404EB34FF6F7739C4225D898F8016020462E
S21402995016F0040622D110F097FB054620467DB18C
S21402996010F0C4FB034600BB0C220090214638468A
S2140299700FF0B4FD0C22002339462046009308E07F
S21402998010F0B4FB0346C8B9144A00901278214678
S21402999038460FF0A3FD03B0BDE8F08310F0A6FB37
S2140299A0034678B90B220090F1E706223346214699
S2140299B0384600960FF092FD0622DCE72B4600950D
S2140299C00622E4E74B46CDF80090F9E73A67002016
S2140299D068600020666000203B6700207E710020E1
S2140299E02DE9F04F05888BB0044628460EF0A7FEF8
S2140299F00746043012F0EDFF8146B81C12F0E9FF6C
S214029A0005A98046284610F001FE284610F0B4FD4F
S214029A1001460646284606F07FFE3B78824603F05D
S214029A200303012B0CBF83464FF0FF0B12F0E7FE39
S214029A30E388019002930FF013F8FB7900904846F2
S214029A40039300F081FF002876D1404600F07CFFA9
S214029A50002840F08880FDF72BFB8046FBF7CEFD02
S214029A6010B9FFF739FD30B1A8F104085FFA88F89B
S214029A70B8F1020F1BD90BF0FD03042B00F0B380E4
S214029A80FFF72AFD20B10AF0030ABAF1010F0ED041
S214029A90FBF70EFD28B9714B1B7803F00F03062B5C
S214029AA068D16F4B2846B3F868100EF092FDBBF1F2
S214029AB0010F63D128460EF076FD4FF6FF739842EB
S214029AC040F0918000233146284607AA10F0E4FAB7
S214029AD00746002842D042799DF82530934209D99C
S214029AE0711D284689B206F02BFEA37823F00F03D9
S214029AF00233A3700CF04CFF7E23B0FBF3F202FBA2
S214029B00130303F58073A3809DF8263013F0180F15
S214029B100AD0A3781B0707D1009B4B4504D04846C2
S214029B207A7905A90CF069FF9DF82700003818BF5E
S214029B3001200BB0BDE8F08F28460EF000FE023082
S214029B4012F047FF4FF6F773984207D9039B2BB9DB
S214029B502846FFF757FC00287FF477AFA37823F058
S214029B600F03A37008E0404613F02AF800287FF49B
S214029B7072AFF3E72823A3800020DAE7BBF1020FD7
S214029B8054D10123314607AA284610F085FA8046AA
S214029B900EF066FFBDF8223098421FD1B8F1000FD2
S214029BA0DCD00122B8F802303146284610F072FAAC
S214029BB02C4A13780133DBB2FB711370B8F802300B
S214029BC0BDF81E209A421FBFA37823F00F0302336C
S214029BD0A3704FF4C873A3800120AAE7184612F0B8
S214029BE0EFFF0028DAD128460EF0DDFC12F088FFDF
S214029BF0012808BF1C4BA27809BF1B78FA2303EB87
S214029C00830303EB830302BF9B00FA339BB2120962
S214029C10A4D1DDE90121521A92B293429ED30CF0EE
S214029C20B7FE00F01F001030A080D5E7BBF1030F8F
S214029C30D9D1009B4B45D6D1711C284689B206F075
S214029C406BFD0C28CFD1FCF7FFFD4FF6FF73984251
S214029C500146C8D028460EF0BCFCC4E73A6700208E
S214029C60A85A002038670020567100202DE9F041DE
S214029C7005460C460EF073FC082802D10120BDE80A
S214029C80F081201D12F0A5FE0646284694F80780AD
S214029C900EF0B8FC074628460EF057FC010612D511
S214029CA0184B1B78042B0ED1174B1B78022B0AD1AC
S214029CB0164BB3F868204FF6FF739A4203D0002182
S214029CC00846FAF769FB124B1B78002BD6D1A01C6C
S214029CD012F07FFE4FF6F773984202D86378DA07DF
S214029CE00DD523789B070AD13A46414630460FF0F7
S214029CF0BFF880F00100C0B200F00100BFE701200B
S214029D00FAE700BF3B6700203A670020A85A002007
S214029D10E26700202DE9F04F9DB004460EF01FFCCE
S214029D20054620460EF01BFC082869D14FF4004376
S214029D302046ADF85030ADF85C4012F047FABDF858
S214029D405C20A0F11005EDB210461023002100950C
S214029D5010F022FB294617A810F0F6FA204612F059
S214029D6019FA0AF0A4FF002321461A460C20009393
S214029D700AF0A9FD98B3204612F00CFA14A902467E
S214029D801020FBF779FF0501204612F003FA14A90A
S214029D9002464020EDB2FBF76FFF10B120460CF0F2
S214029DA000FE204612F0F6F914A902468020FBF7C0
S214029DB063FFB8B99DB1102517A805F067FF2046C6
S214029DC0BDF8507012F002FA0646204612F0E2F98A
S214029DD029460090F3B2384617AA0CF078FE1DB05A
S214029DE0BDE8F08FBDF8503017A8ADF85E40ADF86C
S214029DF05C300DF08FFA0028DCD145F08005DBE7F9
S214029E0020460EF0ECFBB0F5006F40F005812046D0
S214029E100EF0F8FB0646042D40F0018120460EF0B7
S214029E2094FB80F40060C0F3C0200022314640005C
S214029E3012F098FD944B1A78022A0DD0FFF74CFBCD
S214029E4050B902F0FD03312B06D0043A012A03D999
S214029E508E4B1B78002BC2D02146022001F06CF9F3
S214029E6005900028BBD02046ADF846400EF067FCB1
S214029E700446BDF846000EF0C5FB0646201D12F04D
S214029E80A8FDA31C83461846039312F0A2FD12A94E
S214029E900746BDF8460010F0B9FB63780690BDF899
S214029EA0460094F80080089310F066FB6378054637
S214029EB008F0030830460C93FBF7AEFBB8F1010F2F
S214029EC00CBF032302230E93714B08BF4FF00B09FE
S214029ED01E80237818BF4FF00A0903F03C03082BB4
S214029EE00D907FF47CAFBDF8460012F06FF9A842E1
S214029EF07FF675AFB8F1010F03D023789B077FF486
S214029F006EAF644BB3F86830B3420DD1624A634B0E
S214029F10B2F9001093F90030002900F0A58001EB99
S214029F200313A3EB211313804FF0010AA5F11003CC
S214029F30DBB20A938DF8453010224846BDF846102B
S214029F40CDF800A00DF145030AF0BDFC00283FF451
S214029F5046AF089B13F00203099300F00981504BA9
S214029F601B78002B3FF43BAFBDF84690484610F0F6
S214029F7003FB002307904846CDE917331993ADF843
S214029F8068300EF03FFB079B039003F10E01484634
S214029F9089B210F0C4FA002870D000234946079A06
S214029FA0009317A80E2312F00DFE50460DF15D0128
S214029FB00DF0D2F99DF869300B9004939DF85C3051
S214029FC0282B5BD10DF16100FBF7AAFD0F9000284C
S214029FD054D104980FF0B4FE0F9B002866D1314B83
S214029FE0049A1B78D31A1C0648D404F059F9504533
S214029FF03CD112F009FC2C4E0546346824B104F01C
S21402A00055F92C1B844239D30023FF2219461846E1
S21402A010FDF75EFA356031E04FF6FD76FBE64FF669
S21402A020FF70301A18BF012000223146400012F09D
S21402A03099FC0C2D0DD12146012001F07DF8002857
S21402A0403FF4CDAE214600201DB0BDE8F04FFDF72F
S21402A050D3BF2DB920461DB0BDE8F04FFEF79CBA1F
S21402A060042D7FF4BCAEE5E61B025CE704F018F9AB
S21402A070022803D104F0F6F80028BAD000221920EC
S21402A080039912F06FFCAAE63A670020E267002006
S21402A090DC600020A85A0020B0600020DF670020A5
S21402A0A03667002035670020B85B0020102148463E
S21402A0B0079ACDF800A00FF093FC0028DED0BB4B29
S21402A0C0049A1B78934240F0AA8003990DF161022C
S21402A0D014A812F01BFA012114A8FBF7F5FA82461F
S21402A0E048F2030114A8FBF763FBBAF1000F03D092
S21402A0F0082114A80DF0D3F8484610F05BFA03992D
S21402A1000DF16100FCF72AFCFE288246B6D0FF2835
S21402A1100AD1039812F03AFDFF28824600F08780A3
S21402A1200DF16101FCF7F4FAA04B049A1B789342F6
S21402A13000F0A38050460B99FCF7F6FB00283FF48C
S21402A1404EAE50460B99FCF701FC237898070FD1C8
S21402A150484610F011FA0146484606F0DDFA00F0CD
S21402A1600300012804D103980DF16101EFF7C2FF45
S21402A170BDF846000EF0E9F9010440F1858020465C
S21402A18012F027FC40F4007189B2204612F023FC3C
S21402A19000224FF40041BDF846000EF0C7F9DDF884
S21402A1A01490012310220093BDF846100E980DF16C
S21402A1B045030AF088FB00283FF411AE032866D157
S21402A1C0204612F006FC40F4007189B2204612F0D6
S21402A1D002FC304612F0F4FC002840F0B680DDF8AF
S21402A1E01490B8F1010F40F0B6800320BDF8461077
S21402A1F000F0A2FF002840F0AE802946BDF84600D7
S21402A20006F08AFA0F2801467FF6E9AD4FF6F77395
S21402A2109F423FF6E4AD30460EF0FFFFDFE55046C4
S21402A220049903F085FA00287FF44FAF26E72378D7
S21402A23003F00303012B08D1484610F09DF90146AE
S21402A240484606F069FA082892D0594B1A78594BB4
S21402A2501B789A4209D20DF161010398FCF70CFAB9
S21402A260039812F093FC82465EE7A01C12F0B1FB44
S21402A2704FF6F7739842EED900E75046FCF7CEFB4E
S21402A28000283FF457AF5CE74FF0000989E73046F5
S21402A29012F096FC0028A4D0099B002B57D1B9F1E6
S21402A2A0000F52D1B8F1010FBDF846009DD02946E5
S21402A2B006F032FA8246DFF8089199F80030002B51
S21402A2C054D00EF0CDFB87427FF489ADB8F1010F72
S21402A2D07ED1BAF1070F75D8BAF1050F7FF67FADBA
S21402A2E0354B1B78022B02D0043B012B03D899F87E
S21402A2F00030002B41D00C9B9A0640F1B4800D9B97
S21402A300002B40F0AC80304612F051FCFF2840F0A3
S21402A310A6805E457FF463AD069B002B00F09D8011
S21402A32012AB46F204020124ADF85C2001932146EA
S21402A33002233046009417AA10F0FAF800283FF4D9
S21402A3404EAD21460EF07EFC49E5DDF8149030460F
S21402A3500FF0B4FE45E72946BDF8460006F0DCF9E4
S21402A360099B824613B9B9F1000FA4D0124B1B7891
S21402A370022B02D0043B012BBDD8304600F0E4FA93
S21402A380814600287FF42BAD0EF06AFB864225D16B
S21402A3900A4BB3F868400EF063FB4B4601460D22AB
S21402A3A02046CDF800900FF099F818E535670020A2
S21402A3B034670020577100203A670020A85A002010
S21402A3C036670020AAF10E03DBB2012B88D906E518
S21402A3D00AF00303012B7FF402AD81E7304612F048
S21402A3E0EFFB58B90EF059FB4FF6FF73984205D0B3
S21402A3F012F0FAF810B93046FCF7E4F8304612F0DC
S21402A400DFFB88B10EF049FB4FF6FF7398420BD084
S21402A41012F0EAF840B9B8F1010F02D1BAF1060F0C
S21402A42002D030460FF049FE069BA3B91946012218
S21402A43058460EF0BBFF814600287FF4D0AC20467B
S21402A44010F0D7F84A46014638460EF0AFFF00280D
S21402A4503FF451AFC3E412A9E9E7069B61E76378CC
S21402A46023F0200363704FF6FC739F423FF4B7ACB1
S21402A4704FF6FD739F4204D1B34B1B78042B3FF477
S21402A480AEACA3790BB1013BA37163785B0727D50A
S21402A4900023584617AA14A917930FF0EFFD179832
S21402A4A0F0B10FF0E4FD8146384612F080FB179AB1
S21402A4B00146137903F03000102806D003F00C0092
S21402A4C008281CBF23F00C031371137903F033031F
S21402A4D0202B05D1FF2903D0012248460FF0D6FDD6
S21402A4E0304612F064FBFF281EBF0022974B43F84B
S21402A4F02020089B03F001094FF6F7739F4200F2F3
S21402A500F980B9F1000F40F00181314658460EF04D
S21402A51017FE0EF0A5FA874200F0C680384612F003
S21402A5204FFB002841D0B8F1010F27D1BAF1010F35
S21402A53017D14A462946BDF846000FF0AAFD38460E
S21402A54012F03EFB824B1B78002B72D1584612F05B
S21402A55037FB002866D1384612F032FB002861D15C
S21402A5603DE4384612F02CFB50B3BAF1030F27D164
S21402A5702946BDF846000EF0E9FF30E4384612F0F0
S21402A5801FFB38460FF0B2FD002847D0002339469D
S21402A5905846BDF8462001F061F900283ED0002159
S21402A5A0BDF84600FEF7C6FE19E4384612F008FB70
S21402A5B018B1B8F1010FD8D0E3E7B8F1010FE0D136
S21402A5C0634B1B78002BC1D0BAF1050F31D10EF0C8
S21402A5D047FA8DF85C000EF043FA000A8DF85D002B
S21402A5E00123022217A90DF14600FAF775FD00288D
S21402A5F07FF4F5AB691C89B2BDF8460006F07AF81E
S21402A6000378013303706378590715D40EF028FADD
S21402A610834522D0002239461C2032E54C4B1B785B
S21402A620002B93D0B8F1010FCED063785A0714D519
S21402A63002E06378580718D5BDF8464020460FF06A
S21402A6405DFF411C89B2204606F054F80378B8F143
S21402A650010F03F1FF33037004D0BDF84600FEF786
S21402A6608DFF09E0BAF1050FD0D0BDF84600FEF71F
S21402A67085FFBAF1030FCDD00228CBD10021584670
S21402A68017AA0FF0FEFC30B10379468003F03C03B4
S21402A69043F04003037100232E4A0093394658467E
S21402A6A012780EF01BFFB5E7B8F1010F7FF477AF13
S21402A6B00AF1FF330C2B00F2868001A252F823F037
S21402A6C021A7020021A7020071A5020037A70200F7
S21402A6D059A70200DF9D02007DA702008DA7020097
S21402A6E099A7020099A70200DF9D0200AFA7020009
S21402A6F0BBA70200B8F1010F71D0B9F1000F08D163
S21402A700BDF84600FEF7AEFFFFF769BBB8F1010FD2
S21402A710CED0237A03F00303012B7FF460ABEFE77E
S21402A720AAF102035A422946BDF846005A410FF0E2
S21402A730B0FCFFF754BB2A465846BDF84610FEF753
S21402A7401FFCFFF74CBB00BF3B670020704B00208E
S21402A7505B7100207E710020691CBDF8460089B23C
S21402A76005F0DAFF0235EDB20246BDF8463058462D
S21402A770009512A906F0D4FDFFF731BB01200A9A14
S21402A780BDF84610FDF71AFBFFF729BBBDF84600D9
S21402A7900FF085FCFFF723BBBDF84600FEF732FD3F
S21402A7A0FFF71DBBBDF84600FEF72CFDA8E7BDF877
S21402A7B04600FEF70BFAFFF712BBBDF846000CF098
S21402A7C0A3FDFFF70CBB2B4622465046BDF84610AB
S21402A7D00CF070FD00287FF402AB51461BE50AF12F
S21402A7E0FF330C2B3FF6FBAA01A252F823F000BF60
S21402A7F021A7020021A7020071A5020037A70200C6
S21402A80059A70200DF9D02007DA702008DA7020065
S21402A810A5A70200A5A70200DF9D0200AFA70200BF
S21402A820BBA7020010B5002111480DF0ECFF04464C
S21402A830E8B10DF010FF0F4B187020460DF010FF18
S21402A8400D4B187020460DF011FF0C4B1870204669
S21402A8500DF011FF0A4B1860012011F0D9FF2046B7
S21402A860FFF758FABDE81040002011F0D1BF10BD26
S21402A8708E600020E0670020DF670020DE67002091
S21402A880B05B002070B5144E044633680D46BBB16B
S21402A8900DF065FE0C2813D120460DF050FF09225C
S21402A8A00021044611F0B6FB235C042B08D10B4CA6
S21402A8B025B10B4B22781B789A4203D300232370D0
S21402A8C0002070BD0748316811F050FD2378012042
S21402A8D001332370F5E700BFB45B0020E167002078
S21402A8E07D71002010700020014B93F90100704723
S21402A8F0B0600020014BB3F868007047A85A0020E9
S21402A90070B500240D4D2C70EFF706FAE6B2B04291
S21402A91008D800220A4B1A700A4B198801B11A800D
S21402A920012070BD304612F048F9C30748BF2B78A5
S21402A93004F1010444BF01332B70E5E733670020BE
S21402A9402C6700206260002038B50B4B05461B784A
S21402A95073B101335C08094B188811F01BFC002305
S21402A96030F81320AA4205D00133DAB2A242F7D356
S21402A970002038BD0120FCE72C6700206260002022
S21402A98030B5054685B008460C4612F012F9FF2887
S21402A9900CD00EF0C0FC012200210346CDE90112C4
S21402A9A0009221462A460720FCF7F6FB284612F0BC
S21402A9B0FEF8FF2804460FD012F0FFF8C2070DD5A6
S21402A9C0204612F0FAF8830708D40B4A32F81430FD
S21402A9D043F4806322F8143005B030BD0EF09BFCC1
S21402A9E0012200210346CDE90112009207202A46E1
S21402A9F0FCF7D2FBF0E700BF5E6000204FF6FA726B
S21402AA00431E9BB2934270B504462AD8FFF79CFFBA
S21402AA1038BB194B1B78042B23D0204612F0B6F80D
S21402AA20FF2801D0FBF7FEFC20460FF022FB08B100
S21402AA300FF019FB2046114E03F0ACFE20460BF039
S21402AA40DAFF31780E4D69B1288811F0A3FB05466E
S21402AA5001461E220230F2F70BFA2C8033781E2BA8
S21402AA6007D970BD202011F009FC28800028EBD100
S21402AA70F7E702333370F4E73B6700202C670020C9
S21402AA8062600020044A13782BB1013BDBB21370DC
S21402AA900BB9024A138070472C67002062600020C0
S21402AAA00148FAF7D5B800BF626000202DE9F047EA
S21402AAB0804617460D468CB061B903AE00211B488E
S21402AAC011F0EBFF4FF000090446DFF860A01CB956
S21402AAD020461DE00E46F1E700222146242330469A
S21402AAE0CDF8009012F06EF8082241463046F2F792
S21402AAF0B9FCA8B9337C9BB96FB945B92A46214639
S21402AB000A480DF09FFE0A4A1388013B1380012073
S21402AB100CB0BDE8F0873B88B28953405B06ECD5A3
S21402AB202146504611F0DDFF0446D0E7C4600020FF
S21402AB30C2600020024B1888003818BF01207047F8
S21402AB40C26000202DE9F04330488DB0FAF770FB62
S21402AB5011F05AFE2E4D2B68C41A4FF47A73B4FBCA
S21402AB60F3F4A4B214B111F04FFE2860294F4FF649
S21402AB70FF763B88DFF8A080ADF80A3000233B80E2
S21402AB8000210DF10A000DF03EFE054658B9224B93
S21402AB901B882BB14FF47A711C48714311F0E6FB07
S21402ABA00DB0BDE8F0834FF0000924234A4629463B
S21402ABB0CDF8009003A812F005F8BDF81A30A342AB
S21402ABC094BFDB1A1B1B9BB2ADF81A3063B9BDF8F3
S21402ABD018301B0602D508980CF07AF9B8F800303F
S21402ABE0013BA8F80030CBE79E4228BF1E46012351
S21402ABF04A462946009303A8242311F0E3FF4A4657
S21402AC002946384611F04FFFBAE700BF544C0020E1
S21402AC10BC5B0020C4600020C2600020F0B5044681
S21402AC202E4A8DB01068516801AB03C3A378012B7E
S21402AC304FD1162200210DF11A00F2F7C7F8D4F808
S21402AC402110D4F81D0003AB03C32388190644BFA2
S21402AC5062680892DA050BD5221D08AE04F11407C5
S21402AC60354610685168083203C5BA422E46F7D1F7
S21402AC70ADF8183013F0040318BFA3690593EFF775
S21402AC8063F80023ADF81A00082201A903A88DF87C
S21402AC901C30F2F7E7FB18B106A903A80EF0D6FDA2
S21402ACA00022242103A80DF065FD044698B1002079
S21402ACB0FFF748FF00222146094811F0F4FE094A30
S21402ACC00020138801331380FFF73CFF00200DB0ED
S21402ACD0F0BD0220FBE71920F9E700BF8FF703005B
S21402ACE0C4600020C2600020F7B5044600200E466D
S21402ACF0FFF728FF104B1B88A34202D8212003B07F
S21402AD00F0BD00210D4811F0C8FE002501460B4F8C
S21402AD100029F3D0A54208D1002424232246304637
S21402AD20009411F04FFF2046E9E7384611F0D9FEAD
S21402AD3001350146ECE700BFC2600020C460002077
S21402AD400148F9F785BF00BFC4600020014B188890
S21402AD50704700BFC260002070B50C4611460E4A0E
S21402AD6023781278064613F0200542EA0302227080
S21402AD7018BF611D0822F2F77BF8002D0CBF0520D4
S21402AD800D20D4F80130B3602378337303F0180330
S21402AD90082B08BF013070BD36670020042307B5B4
S21402ADA001200DEB0301054AFAF7BCFA019B044A9F
S21402ADB01B03136003B05DF804FB00BF63E51100DC
S21402ADC0184D002010B5064C2368C3F30B0313B9C5
S21402ADD00448E3F733FC2068431C236010BD00BF21
S21402ADE0184D002063E51100014B1868704700BF3C
S21402ADF0184D002007B50020054B064A18600423AC
S21402AE000DEB03010190FAF78DFA03B05DF804FB2F
S21402AE10184D002063E511007FB511230A4A012070
S21402AE2001A9FAF77FFA094B9DF814201A70084B0D
S21402AE301B780BB1052B05D10BF0A9FD012007B03D
S21402AE405DF804FB0020FAE779EB01003567002085
S21402AE50366700202DE9F04F0646CBB088460088BC
S21402AE600121174611F0CEF92E4B3A463188ADF83D
S21402AE70160006A80EF089FD0DF1280B5A4641462B
S21402AE80C41930880EF00BFDE4B208EB0003A342AF
S21402AE9008BF044605464FF004091CBFA4EB08048D
S21402AEA0E4B223465A460121CDE900090BEB050A16
S21402AEB0CDF808B02D1B06A8EFF776FBEDB20BEB2C
S21402AEC004030093019523465A46414630880EF005
S21402AED014FD34883946204605F01EFC394600F03B
S21402AEE0F802204605F02CFC0121308811F08AF980
S21402AEF001234A46514680B10DF11600FAF7ECF8E6
S21402AF0001210446BDF81620308811F08FF9B4FAF4
S21402AF1084F040094BB0BDE8F08F3046FAF7DCF813
S21402AF200446F4E7BD6700202DE9F04FC9B0044699
S21402AF3088469246C118224A04A81F46FFF70CFF0D
S21402AF404FF00409C519EDB208AB0293A5EB0A0B44
S21402AF50A8EB0A035FFA8BFBA8EB0506DBB2F6B298
S21402AF6004EB0A02009301215B46CDF8049004A884
S21402AF70EFF71AFB06F590730DEB03025A44A2F59F
S21402AF808072136808A844F80830E35D324623F05E
S21402AF900703E3552C442146F2F7A8F808ABCDE99F
S21402AFA0019308AA00230121009604A8EFF7FCFAF1
S21402AFB03246204608A9F2F799F849B0BDE8F08F64
S21402AFC0BD670020F8B506460FF0ACFB811C0546AF
S21402AFD089B230460FF0A3FAF0B1EDB129463046F9
S21402AFE005F09AFB1228074616D80C4B691C1C5C07
S21402AFF089B2304605F090FB2C44052FE4B205D109
S21402B000052809D8064B1B5C1C44E4B22146304690
S21402B010BDE8F8400FF083BA0020F8BDF2BC040089
S21402B020ECBC0400F8B505460FF0A6FA044628461E
S21402B0300DF085FBA11C074689B228460FF06FFA71
S21402B04000283ED0002C3CD02146284605F064FB62
S21402B0500646611C284689B205F05EFB0F2E30D8E4
S21402B060194B9B5DE118731E89B2092B0ED8DFE8D7
S21402B07003F009050D0D120D0D181E1EC40644BF61
S21402B080083189B2820601D5083189B22846BDE860
S21402B090F8400FF044BA7B78DB0612D501EB40018C
S21402B0A0F3E700F01F0000EB40000144EDE71F2825
S21402B0B005D8092E0ABF4000022080B2F5E7C8284C
S21402B0C0E4D00020F8BD00BF05BD0400F8B5064672
S21402B0D00DF035FB09220021054610F09BFF00F11A
S21402B0E01004284611F075FCE4B2074621463046A5
S21402B0F005F012FB0546304611F068F8BA05A0EBDB
S21402B1000403DBB20AD47C2D0AD0082D0AD8064ADC
S21402B110505D98428CBF00200120F8BD1220F8E74F
S21402B1200320F6E7FF20F4E716BD0400014B18786B
S21402B130704700BF7F71002038B5114B04461B785C
S21402B14008469BB9012038BDA24205F101050FD180
S21402B15003EBC1035B6898470028F3D11E20224602
S21402B1604FF6FF7111F0FEFB0020ECE70025054BC1
S21402B170E9B213F83120002AE6D11446EEE700BF02
S21402B1807F710020BCBC04004FF6FF7307B5022295
S21402B1900DF106010348ADF80630E3F78BFA03B06B
S21402B1A05DF804FB603202E0002307B5ADF8043018
S21402B1B0134B984221D10B88DA0703D5232003B01C
S21402B1C05DF804FB9B0748BF4FF47F434FF0020233
S21402B1D00C480DF1060148BFADF80430E3F73EFA1D
S21402B1E04FF6FF73BDF806209A42E7D102220548C1
S21402B1F001A9E3F75FFA0020E1E72120DFE700BFBD
S21402B2001FD1BACA603202E0002313B502220380BD
S21402B21004460DF106010F48E3F720FA2D2801D067
S21402B220112805D14FF6FF73ADF80630FFF7ACFFD5
S21402B2309DF80630BDF806201BB1238843F00103B3
S21402B24023800020FF2A82BF238843F00203238044
S21402B25002B010BD603202E0034B1B78002B14BF15
S21402B260442056200E307047366700202DE9F04FF6
S21402B2708DB0179C06468946CDE90223BDF8587064
S21402B280D588ADF816103CB9EC0605D500970BF03C
S21402B290AFFC0DB0BDE8F08FC5F380242B054FEA56
S21402B2A0043448BF44F40064A80511D544F0800471
S21402B2B00A2E00F26981DFE816F09A002F001700C6
S21402B2C0370067016701370010009A0037009E00BA
S21402B2D0E90548BF44F04004EAE74FF001084FF0A2
S21402B2E0020B4FF0000A14E008A95FFA89F00EF08C
S21402B2F088FDDDF82500DDF8291006AB03C3A44B54
S21402B30033F81930ADF816304FF00008C3460DF189
S21402B310180A002F5DD125E006AA0DF116015FFA84
S21402B32089F003F017FAEFE74FF6F773994540F204
S21402B3302B8115F4026F40F02781964B1B78022B67
S21402B34003D0043B012B00F2218147BB032E4FF0B2
S21402B35001080CBF4FF00C0B4FF0080BBA4624F452
S21402B360C074A4B28C4B18884FF6FF73984206D06E
S21402B3708A49FAF767FB10B124F48054A4B2039BFF
S21402B38038460093BDF81620534644F4027105F081
S21402B390EBF9ADF82000002838D1192079E73846B5
S21402B3A010F014FF0246FFF757FF032E08BF0138BE
S21402B3B0824201DD38206CE7032E4FF001080CBFF5
S21402B3C04FF00C0B4FF0080B4FF0000A24F4C07439
S21402B3D0A4B2029B1B889BB91A46394606200093E4
S21402B3E009F094FA0028BDD140F6014051E74FF02B
S21402B3F00008C34675E74FF001084FF0030B70E7ED
S21402B400002339461A4607200093E9E74FF6FF73F2
S21402B410614A118899421CD00DF091F903465E4AA2
S21402B42004301188039311F0D6FA5D49039B09781C
S21402B43014F4805FD9715949574A1FBF086898604B
S21402B4404868D8604FF6FF7313804FF0FF330B60E7
S21402B4504B605946029A08A805F03AFA00289CD092
S21402B460504C2378002B3CD1A7B1384610F0AEFEE4
S21402B4700746BDF8200010F0A9FE23780744002BEB
S21402B48014BF12220022EB1003F0040317443B44BD
S21402B490842B8FDC15F400570AD0BDF820402046D6
S21402B4A00DF053F840F4806189B220460DF038F86A
S21402B4B0A6F10803012B05D801221021BDF82000B1
S21402B4C00DF034F8179BBDF8204043B32046BDF874
S21402B4D016100DF07EF8BDF82030179A0020138063
S21402B4E0D7E6AA06C0D56B0103F020030A2E14BFC6
S21402B4F043F0010363F07E03DBB2B8F1000F08D01D
S21402B50000215246009108A800F082FE0028ABD027
S21402B510BFE61A46514608A80EF062FBF6E720463A
S21402B5200FF02AF8179B024621460420009309F0E2
S21402B530EDF900283FF458AF0A2E18D84FF4D96315
S21402B540F340DB0713D5072E0AD00A2E08D0BDF823
S21402B55020000DF005FE80F00100C0B2800098E6E3
S21402B56008A80BF0B4FE0028F1D0042091E617B12B
S21402B57025F04005ADB22B463146BDF820005FFAF5
S21402B58089F201F07DFE84E6012082E6162080E63E
S21402B590925F00203A670020F4700020807100203D
S21402B5A0ED67002036670020F7B50F469DF8281095
S21402B5B00446DDE90B061D46F1B94FF6FF739C42C1
S21402B5C01CBF174B1C804FF000041CBF154B1A7093
S21402B5D0BDF8240005F012FA00232A46CDE90043FE
S21402B5E0394606209DF82030FFF740FE10B90EB10E
S21402B5F0AB7A337003B0F0BD78B14FF6FF739C425E
S21402B6001FBF074B1C80074B1A7000220DF0B2F8C2
S21402B61004460028DCD11920ECE72120EAE700BF27
S21402B620F4700020ED6700202DE9F04788469DF86B
S21402B6302810074616461D469DF820A0BDF8249001
S21402B6400B9839B158B300220DF094F8044610B99D
S21402B650192025E00C464FF6FF739D421FBF114B83
S21402B6601D80114B83F800A04FF6F7739E4208D850
S21402B6700E4B4FF6FD761A784FF6FF73002A18BF68
S21402B6801E46484605F0BAF900233A46CDE9084375
S21402B69031464346BDE8F0470320FFF7E7BD2120C9
S21402B6A0BDE8F087F4700020ED670020F766002002
S21402B6B02DE9F04786B09DF838600546DDE90FA80B
S21402B6C00C4617469946B6BB374B1B78022B1DD144
S21402B6D025BB4FF6F7739C4214D80026484605F061
S21402B6E08DF900233A46CDE900632146FF2328461A
S21402B6F0FFF7BCFD38B9B8F1000F04D0BB7A88F862
S21402B700003000E0012006B0BDE8F087043B012BC4
S21402B710DED908460BF0D8FD10B31DB3022D31D189
S21402B720EEF7F4FAA042EDD9204B33F814204FF688
S21402B730FD739A4219E0BAF1000F32D01A4B1B7809
S21402B740022B05D1FFF788FDB042E6D23820DAE7B1
S21402B750043B012BF6D908460BF0B6FD0028F1D1C2
S21402B7601620D0E74FF6F7739C42CBD8002EB4D003
S21402B7703146002250460CF0FDFF06460028ADD1A9
S21402B7801920C0E7012DBDD104AA0DF10E01E0B2C9
S21402B79002F0E0FF064B1B78A342B3D9BDF80E2099
S21402B7A0C5E72120AFE700BF3A670020925F00207E
S21402B7B05171002030B5104B87B005460C4618680C
S21402B7C0596803AA03C298680C4910609A88DB88F5
S21402B7D052BA23F04003ADF812300023CDE90043FD
S21402B7E0ADF81020FF23098803AA0720ADF80E50F3
S21402B7F0FFF73CFD07B030BDD0600020DC600020C3
S21402B80038B50C461146124A124D108022682A603C
S21402B81062686A60A268AA60E288500616D5EA885C
S21402B820520613D561B1002218460CF0A3FF01465A
S21402B83050B16088FFF7BEFF0522074B1A7038BD6D
S21402B84008460EF0DAFDF2E71920F5E70220F6E7E1
S21402B850DC600020D0600020FD6700202DE9F04F5C
S21402B860074689B0104615461C468A460EF084FEE8
S21402B8700146284604F050FF064628460CF05FFFB5
S21402B880043011F0A6F880460DF0EAF8804550D054
S21402B890B2074ED1DFF8AC80284605A9B8F800B04A
S21402B8A00EF051FF9DF81930A8F8007003BBBDF8E2
S21402B8B01430EBB928460CF042FF023011F089F83A
S21402B8C04FF6F773984294BF4FF000094FF0010904
S21402B8D001230134E4B22A463846CDF8009005A981
S21402B8E0039303F001FC039B40B901339C421ED232
S21402B8F00020A8F800B009B0BDE8F08F022CF8D1FD
S21402B900012BF6D10C4A0D4BA3F800A01378591C54
S21402B91011700B4A7F3B16F00C01137007D1BDF86D
S21402B9201A305B0603D5BDF81600FFF743FF022365
S21402B930D1E70020DFE700BF38670020F470002060
S21402B940ED670020DC6000202DE9F04FABB00F461B
S21402B950ADF81E000CF0F3FE00F1020A0646504651
S21402B96011F037F8BDF81E40054620460EF004FEDC
S21402B9700146204604F0D0FE814600F00308301D42
S21402B98011F027F8414C20800DF06AF8A8422DD01D
S21402B9904FF6F7739D4229D87378DA0726D42846DD
S21402B9A00EF0A4FB30B101232946BDF81E202088E4
S21402B9B0FFF754FF0DF054F8344B1B8883420FD127
S21402B9C0BDF81E4020460EF0D7FD0146204604F084
S21402B9D0A3FE10F00C0103D1BDF81E0001F00EFD0F
S21402B9E000222B4B1A602BB0BDE8F08F2949BDF818
S21402B9F01E000EF0A8FE2849BDF81E000EF006FE38
S21402BA000028254B08BF0023214ABDF81E001360FC
S21402BA100CF021FE214B1870BDF81E000CF020FE23
S21402BA201F4B1870BDF81E000CF025FE1D4B18604B
S21402BA3000238DF82230002F3AD0164BDB889B0667
S21402BA4036D5194B1B689D071ED4B8F1010F14BFDB
S21402BA50082318230DF12202009200220DF11E0087
S21402BA60114600F0D5FB18B3B8F1010FA2D10F4B67
S21402BA701B78112B9ED10EF052F900289AD140F66F
S21402BA801D40FBF70FFB95E70823E3E7DC60002089
S21402BA90C45B0020D0600020E5670020E06700203D
S21402BAA0DF670020B05B0020284D00203A670020A8
S21402BAB0504610F08EFF8246BDF81E0010F086FB40
S21402BAC0A0F11005EDB22A4631460AA8F1F70EFBA0
S21402BAD0FF238DF82F304FF6F7739A4540F2DF803A
S21402BAE0B8F1010F00F0E780B8F1020F00F04681CE
S21402BAF0B8F1000F7FF45EAFA44DBDF81E00EB88D0
S21402BB00ADF8240004930CF01AFEBDF82460074634
S21402BB1030460EF031FD0146304604F0FDFD8DF84C
S21402BB202300B81C7E7810F054FF07460CF098FFEE
S21402BB3006F00106B4F8009003906C88002E7FF49D
S21402BB4039AF4FF6F77A4246494657458CBF06202C
S21402BB50082010F007FFBDF824B058460EF00CFD82
S21402BB605946024643460420CDF8008008F0ABFE54
S21402BB70574583460AD8B5F90620EB88002A05DB26
S21402BB80580603D541462046FFF714FEBBF1000FC8
S21402BB903FF410AF2B88002B5AD16B79002B57D16C
S21402BBA04FF6F7730DF126019F42BDF8240094BFAD
S21402BBB04FF0000B4FF0010B0EF082F9DFF8D8A120
S21402BBC000F1FF38BAF800301FFA88F10593EB88C7
S21402BBD0BDF82600069304F09FFD069B049901908B
S21402BBE0009322465B460598C1F340110BF079FBA1
S21402BBF000283FF4DFAE042306200093BDF826108B
S21402BC00624B5FFA88F208F05EFE00283FF4D2AE7E
S21402BC1048F202036A889A4205D1BDF82410BAF89F
S21402BC20000000F025FF594D09AA29460DF1230010
S21402BC300BF055FB034600287FF4BCAE2104BAF88D
S21402BC400000BDF8242060D5234629460EF04DF9A3
S21402BC509DF823304D4D03F00C030C2B75D128892B
S21402BC600EF00EF900283FF4A5AE039B00202989AA
S21402BC704B4514BF0226032602F044FC444B1870C0
S21402BC804FF6F7739F42BDF8240075D8A4F1380228
S21402BC905342534132463D4904F036F88AE6B8F13B
S21402BCA0020F6BD0394BB3F90630002B26DAB8F107
S21402BCB0010F7FF41DAF0CF0D3FE238883423FF4BE
S21402BCC079AE0520BDF81E10FFF736FA00283FF4BD
S21402BCD071AE2E4AD3885B0607D50023CDE9003322
S21402BCE00A20FF232188FFF7C1FA3A469DF8223040
S21402BCF02188BDF81E0002F01DF85BE629460AA858
S21402BD0000F070F80028D2D054E60221DFF88C80CA
S21402BD1088F800102946CDF800B003F0E5F9132C98
S21402BD2096D0EB885D0493D41A4B1B78D80703D5BC
S21402BD3098F80020022A8BD099077FF53BAE98F838
S21402BD400030012B7FF436AE82E700222B791248B0
S21402BD5000936B791146008802F0FCFB0C4B1870BE
S21402BD609DF8233003F00C03082B89D1039B4B4527
S21402BD7014BF0426052683E701238BE74846BDF851
S21402BD801E20024901F0AEFA14E600BFD060002081
S21402BD90FC670020FB660020DC600020EE670020C7
S21402BDA010B5002108480CF02EFD044650B101469D
S21402BDB00420FFF7C1F928B12046BDE81040012152
S21402BDC0FFF7C2BD10BD00BFC0600020034BFF21BD
S21402BDD01A7803489200F0F7F9BF00BF52710020AC
S21402BDE0E049002070B5451804464FF0FF31AC42DA
S21402BDF012D1104B10481A7805460023934211DBE5
S21402BE000E4C2078431CB3FBF2F602FB163345F8C1
S21402BE102010237000200CE014F8010BE1F79EFDC1
S21402BE200146E4E750F8044BA14201D00133E5E7AE
S21402BE30012070BD52710020E0490020EF6700200B
S21402BE40042307B501200DEB0301054AF9F76AFA48
S21402BE50019B044A1B03136003B05DF804FB00BF9A
S21402BE6023E11100C05B0020014B1868704700BF39
S21402BE70C05B0020014B1868704700BFC05B002003
S21402BE8010B5064C2368C3F30B0313B90448E2F754
S21402BE90D5FB2068431C236010BD00BFC05B00209A
S21402BEA023E111002DE9F04F93B003930023DDE95F
S21402BEB01C79069399F8003083460DA804930E4623
S21402BEC015460AF09CFE99F8003013F003043ED0A3
S21402BED0039B0DF1250A8DF82430002208213846EE
S21402BEE00CF04CFD002870D028880CF028FC99F83D
S21402BEF000301C074CBF0430023010F06AFD07A960
S21402BF008046F9F79FFB9DF824300446980633D501
S21402BF10288806F10D010EF002FBA8B1002300935B
S21402BF20384608232988721D10F04CFE99F8003016
S21402BF3003F01803182B4AD1B8F1000F47D0A94BCB
S21402BF40B3F86830434542D040F60A4327E02888D3
S21402BF50711D0EF0E4FA0028F6D00094052332464E
S21402BF60298809A810F02EFE9DF824300DF1240A27
S21402BF7003F018030393B0E714BB39464046F9F7BB
S21402BF8061FD0028D2D099F800309907DCD0402312
S21402BF902246214640460EF04FF840F6094399F8ED
S21402BFA0002012F0030440F0F780288803930CF078
S21402BFB029FB224601461A2010F0D4FC039BEBE034
S21402BFC007AB03CB38607960B0E74FF6FF780BF02B
S21402BFD06BF9044620B104213846F9F74FFB0446B4
S21402BFE01E9B002B5AD009231E990DA88DF83430BB
S21402BFF00AF07FFF209B0BB1209B0693039B002B2E
S21402C00040F08E800DA8EEF731FB99F800309A07C3
S21402C01000F09880FFF734FF5146024601200BF0ED
S21402C0208DF999F800309B0710D5594628880EF0EE
S21402C03050FB0BF1090350FA83F35FFA83FB594670
S21402C04028880EF01DFB00EB0B06F6B299F80030BE
S21402C05013F0C20F0AF104030DD09DF824206249A2
S21402C06042F020028DF824200A68CAF804204A68A2
S21402C0705A600AF10C03012209A800921B1A3246E2
S21402C08029889BB210F09EFD324659462846FEF796
S21402C090E1FE002800F0A48000237DE01F9B5BB138
S21402C0A09E460DF1340CBEE80F00ACE80F00DEF839
S21402C0B00030CCF800309DE7049B594603F020037D
S21402C0C02888049304F028FB10F0030F0CBF01230A
S21402C0D000230593049B059A003B18BF012342EAFE
S21402C0E0430300930DAA06AB38461F9900F0FEFAEA
S21402C0F0049A034682B1002880D0059B0DAA0093BD
S21402C100384606AB1F9900F0F1FA034699F800206C
S21402C11022F0200289F80020002B3FF46FAF3EE7A2
S21402C120039B102B06D1BDF8363043F00103ADF861
S21402C130363067E7039B182B4FD1BDF8363043F0F5
S21402C1400203F4E701200DF125010BF005F999F839
S21402C1500030824613F0040F288821D1069B1BB3B9
S21402C160002C35D00CF04EFA00220146162010F0B4
S21402C170F9FB84B17FB14FF6FF7398450BD00023CD
S21402C1800DA91A4638460AF0C5FF394640469DF8BC
S21402C19035200BF09FF80123184613B0BDE8F08F48
S21402C1A0002CDFD1104F01E0002CDBD100233246F9
S21402C1B0009359463B460DF013FC00283FF4C4AEEC
S21402C1C0002C3FF469AF069A0AF10103136063E795
S21402C1D01B685345C6D80124E8E740F60A43DBE766
S21402C1E01923D9E7A85A0020BD670020002307B507
S21402C1F0054A0648136004220DEB02010193E2F79A
S21402C20059FA03B05DF804FBC05B002023E111007D
S21402C2102DE9F04F0446B1B000888DF82F3016464F
S21402C2208A460EF0A9F90146814620880EF028FAC1
S21402C23000EB090820880EF075FA00239DF82F50AF
S21402C2405FFA88F815F001070790ADF8363008D186
S21402C25001460DF1360220880EF01BF908B1ADF842
S21402C260367016B9CDE90E660EAEFEF763FC18B14F
S21402C27045F020058DF82F500023CDE903330293B5
S21402C2800DF12F03CDE90063224653464146484648
S21402C290FFF708FE0546002800F043819DF82F3080
S21402C2A013F0010746D1B44A23F020031068516800
S21402C2B08DF82F3010AB03C3184600F0FBF9054685
S21402C2C0FEF744FDBBB2984200F2B7803A9B13B128
S21402C2D000233A9A1370BDF83630CBB1012120887C
S21402C2E00FF090FF27880546002800F04F810121B5
S21402C2F038460FF087FFBDF83670054638460FF011
S21402C30065FF002300903A46194628460EF044F888
S21402C3100023CDE9033302930DF12F03CDE9006329
S21402C3202246534641464846FFF7BCFD05460028CE
S21402C33000F0F7809DF82F3003F01103102B40F029
S21402C34003818E4B1B78432B40F0FE808C4B1B6880
S21402C3505B0640F1F980208808F105010EF0DFF84F
S21402C3608346002800F0F0804146208804F0D4F985
S21402C370844B10F0200F08BF1E4612A800F09AF950
S21402C3800822314612A8F1F76DF8002800F00E8157
S21402C390314612A80AF067FF012326AE0093324602
S21402C3A0002314A912A800F0A1F9002840F0CC80BE
S21402C3B012AB0DF12F07CDE90360029000932246DF
S21402C3C05346414648460197FFF76CFD002800F0A9
S21402C3D0EF80BDF89A30102043F0080318AA14A97B
S21402C3E0ADF89A300DF0D3F9002840F0AD8012ABCC
S21402C3F0CDE90360CDE901700093224653464146DB
S21402C4004846FFF74FFD0546002840F09D8018ABD2
S21402C4104FF49071002012AA00F0D4F84FF00051A9
S21402C42000200DF031FCBBF1000F00F08C804FF0C5
S21402C430805100200DF028FC85E018AB14AA26A92E
S21402C440F8B20AF0BCFE002840F09480082210A938
S21402C45027A8F1F707F88346ADB19DF8A53013F08B
S21402C460020F08930FD0082212A927A8F0F7FAFFA6
S21402C47048B9089B590706D53A9B13B101233A9A45
S21402C4801370089507E03A9B002B61D1BBF1000FB1
S21402C49070D1002308930DF1740C14AB0FCB8CE80B
S21402C4A00F00BDF83630CBB1012120880FF0AAFE6E
S21402C4B0B4F800B000284FD0012158460FF0A2FE73
S21402C4C0BDF836208346104609920FF07FFE002301
S21402C4D01946099A009058460DF05EFF2A4B0DF158
S21402C4E0740B0493002303930DF12F03CDE900632D
S21402C4F02246534641464846CDF808B0FFF7D2FCDE
S21402C500002837D1002D33D012AA5B464FF4827131
S21402C5104FF4005000F056F8089B13B126A80AF014
S21402C52069FC174B1B689A070DD4FEF703FB50B144
S21402C530114A18AB1068516803C3002226A918A82E
S21402C5400DF048F968BB0025284631B0BDE8F08FEB
S21402C55000233A9A137099E7BDF836200A901046DF
S21402C56009920FF033FEDDE9092307990090B2E73E
S21402C5702A46CAE70137A3E68FF703003A67002088
S21402C580284D0020125B0020244D0020BDF836B056
S21402C59058460FF01BFE2B4600905A46384607991F
S21402C5A0B4E626A918A80DF051F9C6E78346F3E6C5
S21402C5B014AB2DE701461A230120014AF8F7B2BE52
S21402C5C024E10100F0B5164691B0074609A80D46CB
S21402C5D01C46FFF7EFFF3EB1336845F04005CDF845
S21402C5E026307368CDF82A301B4B1A6822EA0702F7
S21402C5F042EA050119604B040DD5BDF824200B0A4A
S21402C60003F4E243C9B222F4E3420B4322F07F0270
S21402C6101343ADF824301A230020104A09A9F8F76C
S21402C62081FEB4B104A80AF0EAFA02236A468DF83B
S21402C63010301546234604F1100614461868596849
S21402C640083303C4B3422246F7D1294604A80AF0A7
S21402C65050FC11B0F0BD00BF284D002024E10100BF
S21402C66047F2FF10044B196841F48042014041F43E
S21402C67080411A600DF008BB284D002000B589B035
S21402C680FEF7CAFB01A8FFF795FF0948BDF804208C
S21402C6900168130221F0FF0103F4E2030B43D2B256
S21402C6A0134343F48043036009B05DF804FB00BF04
S21402C6B0284D002010B50C4B0446186888B0830736
S21402C6C006D54FF0FF3323600120636008B010BD2B
S21402C6D010F04000FAD001A8FFF76CFFDDF8063034
S21402C6E02360DDF80A30EFE7284D00202DE9F04FF1
S21402C6F099B081460C461E4617469DF88880A2B120
S21402C700154628460AF07BFA18F0020B0FD004B939
S21402C71011AC6B462246294648460AF02EFD0EB15B
S21402C7200023336019B0BDE8F08F0CADE9E76B4625
S21402C7302946484604AA0AF0EDFC6B7808F0010880
S21402C740FF2B25D000287AD154B104AB08AF1A4685
S21402C75003CABA4220606160134604F10804F6D1A7
S21402C76026B16A78374B03EB82033360B8F1000FC9
S21402C77001D10020D6E7BDF80030D906F9D418203A
S21402C7804FF6FF716A7810F0EDF840F60E40C9E7F2
S21402C790DFF8B8A0DAF800302EB19A0756BF2A4A58
S21402C7A0C6F800B0326003F03003102B01D0202B05
S21402C7B01ED111A8FFF7FEFE082248460DF14601DB
S21402C7C0F0F750FE28B1DAF8003003F04403402BAD
S21402C7D00ED0B8F1000F0ED108A80DF059FA0223B8
S21402C7E02B70C4B9002FC4D0281DFFF763FFC0E723
S21402C7F040F60A4096E7DAF80030DB03ECD508A8E4
S21402C8000DF046FA02232B70BCB9002FB7D0281DB4
S21402C810FFF750FFB3E7002608AB0CAF1A4603CA71
S21402C820BA4220606160134604F10804F6D1281D5E
S21402C830FFF740FF002E9CD0A1E70126ECE72D2053
S21402C84070E700BF3C490020244D0020284D002000
S21402C85049B9084B197849B14EF66023594328B1B5
S21402C86005480FF083BD41F28831F8E70248F8F731
S21402C870DFBC00BFF9660020744C002070B586B09D
S21402C8800546F8F7C3FD10B9022006B070BD01A830
S21402C890FFF710FF06460028F6D08DB92E4B1C680F
S21402C8A014F0020406D02D4B1B78112BECD12C4B26
S21402C8B0B3F868404FF481630221ADF80C3023E0F0
S21402C8C02846F9F72DF90028DED1234B1C6814F010
S21402C8D0020406D0214B1B78112BD5D1204BB3F87E
S21402C8E068400822294601A8F0F7BCFD0028E1D0DE
S21402C8F04FF4027300260A21ADF80C302B68CDF8EF
S21402C9000E306B68CDF81230002203A80BF032FF0F
S21402C910024608B91920B8E70F4B196801F0300330
S21402C920102B17D0202B14BF01230323490001F03C
S21402C93004010B432046002100F0F4FF0028E9D052
S21402C94000210120FFF784FF16B10122054B1A7061
S21402C95000209AE70323E9E7284D00203A670020E3
S21402C960A85A0020E467002030B500251D4C85B08B
S21402C970CDE90055F8F75CFC23784BB31A491B48FF
S21402C9800A780078904223D90132012B0A700ED120
S21402C9902A464FF4A071284602F0BEFAC0B2B8B9D1
S21402C9A041F2883112480FF0E1FC05B030BD022B8F
S21402C9B009D1284602A9F9F745F80028EED102A8BF
S21402C9C0FFF75CFFEAE7032B02D101F065F9E5E722
S21402C9D0002108462170FFF73BFF042168460AF053
S21402C9E07CF8E2E7F0670020F167002088710020FB
S21402C9F0744C002070B5194A194D044651681068E7
S21402CA0086B02E7801AB03C31EB10224204606B0C0
S21402CA1070BDF8F745FD0228F7D103A800F0E8FD3F
S21402CA20082201A90DF10E00F0F71CFDA0B10D4B76
S21402CA3032464FF4A07130461C7002F06DFA04467E
S21402CA400028E3D10123084A41F2883107482B70B7
S21402CA5013700FF08BFCD9E72324D7E71FBD040021
S21402CA60F067002088710020F1670020744C0020D7
S21402CA70F0B50C4600219BB02B4F0646492207A86C
S21402CA800691F0F7A3F93B78012B34D19EBB0DF14A
S21402CA900E0120460DF014FA0546BDF80E000FF002
S21402CAA095FB441BE4B2BDF80E1023462A460096B8
S21402CAB006A810F087F8304604A9F8F7C3FFD0B9E5
S21402CAC0CCB19DF81920B2B9BDF8233003F47E43E9
S21402CAD0B3F5285F1ED3B3F5385F0ED31349BDF8FE
S21402CAE00E000B6843F400030B6029460AF0D5FBE0
S21402CAF018B104233B701BB0F0BD01220C4B04A8F6
S21402CB001A70FFF7BBFE41F288310A480FF02EFC7E
S21402CB100223EFE711463A70FFF79AFE1E2104A899
S21402CB2009F0DBFFE7E700BFF0670020284D002092
S21402CB30F1670020744C0020014B1870704700BF4C
S21402CB40F1670020014B1878704700BFF06700209D
S21402CB50014B1870704700BFF06700202DE9F04FB8
S21402CB600446408891B00E298846ADF81A0074D063
S21402CB7094F80890A7790BF0E2FD09A90546BDF8DE
S21402CB801A00E6790DF0DFFDBDF81A000BF0DDFCA9
S21402CB90430542BFBDF82A3043F40053ADF82A30AD
S21402CBA0E379D80642BFBDF82A3043F48053ADF885
S21402CBB02A30BDF82A30990613D5022F52D10CA975
S21402CBC0207A0DF01EF9DDF83500DDF8391007ABD6
S21402CBD003C307AA0021042300910DF11A00FFF7F0
S21402CBE017FB0121BDF81A000FF00CFB022F82463C
S21402CBF044D1454B33F81950B8F1000F79D0BDF83F
S21402CC002A305A0675D54FF6FB72954271D83F4ABE
S21402CC10B2F86820AA426CD0DB0502D528460DF091
S21402CC2036FABDF82A30D80463D5002F33D1BDF8C2
S21402CC301A000BF08AFCC10663D548F23403BDF82D
S21402CC4026209A4209D1324E3078FF2805D0032298
S21402CC502946FCF72BF9FF2333700023236011B01B
S21402CC60BDE8F08F012F01BF237A2A4A03EB430364
S21402CC7002EB830314BF00229A1CABE7012F05D1F7
S21402CC800C2303FB09F3234AD55AB5E7A81C0FF079
S21402CC90A0FE0546B0E7284601F07CFDBDF81A0066
S21402CCA00BF053FCC206C8D46389504605930FF0B6
S21402CCB08DFA834650460FF06DFA059B02905FFA96
S21402CCC08BF04A46394601900093404609AB09F07C
S21402CCD09CFEB8F1000F14BF0B20092016F00302C9
S21402CCE018BF02F1FF32294618BFD2B20FF03AFE41
S21402CCF0A3E7BDF81A000BF028FCC3069DD4002F4C
S21402CD00D2D1A946D0E700BF925F0020A85A0020E1
S21402CD108C710020D25E002038B500240F4B104DD7
S21402CD202A78A24205D8C2B9BDE838400D48F8F7BD
S21402CD307FBA598869B9013AD2B2A2422A70EFD0B4
S21402CD40121B184603F110011201F0F791F8034680
S21402CD50E6E701341033E4B2E2E738BD404900208A
S21402CD60F46700203070002070B51A4B1A4A1D78FE
S21402CD700023DCB2A54200D870BD14466688013393
S21402CD80864202F11002F4D1E379A588E16003F04D
S21402CD9040028DB9CAB123F00403E3710BF0CFFC55
S21402CDA0037803F07F03037021880029E4D1BDE8ED
S21402CDB070400A480FF0DABA00216580A180002A86
S21402CDC0E9D1BDE87040FFF7A7BF2046FFF7C6FED1
S21402CDD0F7E700BFF46700204049002030700020CB
S21402CDE02DE9F047044686B040880F4615460BF0FC
S21402CDF0A6FCA3798046082B52D8DFE803F0052E5E
S21402CE00185151515151050002300FF0E2FD002D2C
S21402CE104ED06946F8F716FE002841D1684601F062
S21402CE2063FDB0FA80F0400906B0BDE8F08702A9BB
S21402CE30207A0CF0E6FF6B466E46DDF80D00DDF854
S21402CE401110334A03C3237A32F81390314AD05C66
S21402CE5075B131460CF0F9FFE6E7237A2E4903EB6B
S21402CE60430301EB830231F82390907A961CEFE796
S21402CE704FF6FB7AD14515D930460DF030F94FF60C
S21402CE80FF739842054615D00146304601F09EFCD7
S21402CE90554508D9E379DA060ED440F62243E36014
S21402CEA00020C1E74D46294608F102000FF093FD27
S21402CEB00120B9E74D46EDE74FF6FC78454512D11D
S21402CEC003F00C030C2B1CD1DFB130464FF6FD717C
S21402CED001F07CFC40F61F412046E160FFF73EFE73
S21402CEE0FFF71AFFDCE74FF6FD739D4209D10023D8
S21402CEF0304619461A4602F0DBF84146304601F043
S21402CF0065FCE37943F00C03E37140F62343C6E77E
S21402CF10925F002000670020D25E002073B50446B0
S21402CF2040880E460BF00BFC02300FF052FD0AF062
S21402CF30CBF918B1A11C201D0AF0CBF9E6B1E579B0
S21402CF400135EDB2E57115F0400514D0ECF7D8FEC8
S21402CF500122054600212046FFF742FF18B1394B51
S21402CF601B882B449DB2384B1B78042B01BF354BD4
S21402CF701B885B199DB22580002231462046FFF7AA
S21402CF802FFF20B360880BF0DAFBE2792F4922F0FC
S21402CF900C03E3710B7805460133DBB20B70C371E9
S21402CFA02B4BA61C1B780BB3E37998061ED5294992
S21402CFB0097871B159060CD592070AD500220423C6
S21402CFC0114630460092FFF723F910B1E06002B036
S21402CFD070BD00220123114630460092FFF718F971
S21402CFE020B1E37943F00303E371EFE730460AF03A
S21402CFF06EF90028EAD16088FCF7C0FA0328E6D862
S21402D000DFE800F0020D1D19E37943F00403E37133
S21402D0101B06DCD5104B1A78104B1A70D7E740F671
S21402D0202443E360E37943F00803E3712B7803F0CB
S21402D0307F032B70CBE740F62543E360C7E740F655
S21402D0402643FAE7CE7000203B67002038670020B0
S21402D0503667002089710020FE660020F3670020F4
S21402D0602DE9F74F06460FF0CAFB5F4B0546B3F8AD
S21402D070009018805D4BA0EB09041B78A4B2A34273
S21402D08098BF00234FF000084FF6FF7788BF1B1BA0
S21402D090564A88BFDBB21370DFF864B1A9EB00030F
S21402D0A00093534B5FFA88F2197891420ED80EB16C
S21402D0B0FFF732FE4FF6FF739F4200F08E8039462E
S21402D0C04C4803B0BDE8F04F0FF050B9BBF8022051
S21402D0D0002A3CD0484B9BF807201878BBF800A0E3
S21402D0E0042818D00020BAF1000F08BFA246204438
S21402D0F0504523D2BBF80010009B1944ABF8001031
S21402D100002E4ED002F04802482A4AD10021584644
S21402D110FFF704FF45E00192F8F704FC30F0100335
S21402D120019ADFD1FBF746FC344B019AB3F800C0F4
S21402D1308445D7D9ACEB000080B2D4E702F00C00ED
S21402D140042807D10022ABF800200BF1100B08F1DF
S21402D1500108A6E7510602F0030C02F008000ED5FD
S21402D16028B3BCF1030F25D1DEB1DBF80C1058460C
S21402D170002908BF4FF44261FFF7F0FC11E040B30C
S21402D180BCF1010F25D11206EED44FF4C862ABF8FB
S21402D19000209BF8072022F0030242F002028BF8DE
S21402D1A00720BBF80020974228BF1746CDE703208A
S21402D1B08445D9D213060ED50C4B1A780AEB020018
S21402D1C0844208DA4A44521B0AEB0201ABF800100A
S21402D1D0E7E70120ECE7012199E7064803B0BDE83E
S21402D1E0F04FF8F725B800BFC6600020F3670020AE
S21402D1F0F4670020307000203B670020CE700020CD
S21402D20040490020F8B500250A4E0B4F3378ECB2A1
S21402D210A34204D8BDE8F8400848F7F719BD07EB63
S21402D2200414A01CF7F714FD201DF7F711FD0135B5
S21402D230ECE700BFF467002040490020BC600020F5
S21402D24070B500240B4D0C4E2B78A34208D81B1B3E
S21402D250DBB22B706BB9BDE870400848F7F7E8BF41
S21402D26006EB041040F621410134FFF777FCE4B2E6
S21402D270EAE770BDF46700204049002030700020C5
S21402D280F8B5154EDFF858E035789EF800E0134FF3
S21402D290AE454FEA051C07EB051419D0002503F42A
S21402D2A0835343EA1323A1712272E371608027F845
S21402D2B00C50A58003F0A8FB40F60243E3603378E7
S21402D2C06081013328463370FFF7CAFE2846F8BD50
S21402D2D040F60340FBE700BFF46700204049002009
S21402D2E0507100202DE9F04F344B0D461C7817463E
S21402D2F085B05CB9B1F90680DFF8C890DFF8C8A03F
S21402D300DFF8C8B099F80030A34202D805B0BDE8ED
S21402D310F08F0AEB0416B08800B9708801A90DF0E8
S21402D32012FAAA7A9DF80E309A4244D1B8F1000F4A
S21402D3300FDA297A9DF80C202B89914209D82048C9
S21402D34000780844824236DA521A1B0A1341D90779
S21402D35031D538460DF0E6F9BDF80A3004469A068D
S21402D36002D5EB889B06D1D5F37903F00C03042B88
S21402D37008D17088F9F786FD002372881946184688
S21402D3800CF0A7FE00213046FFF7E8FBFFF7C4FCCF
S21402D39038460EF01BFF844208D2337A01228BF8FD
S21402D3A0003029460023384602F0AEFCB8F1000FE2
S21402D3B0ACDA0024A6E70134E4B2A3E7F267002061
S21402D3C04F710020F467002040490020FC670020CF
S21402D3D008B50FF014FA074B1B88C01A80B2B0F5D6
S21402D3E0807F05D9BDE80840002103480EF0BEBF85
S21402D3F008BD00BFC6600020307000202DE9F0474F
S21402D40088B004460D460DF0B7F80146204603F0F4
S21402D41083F910F003035FD110F00C0F06D12946F2
S21402D420204608B0BDE8F047FFF79EBC20460BF04A
S21402D4308CF8C30638D420460DF09EF801462046E6
S21402D44003F06AF9064620460BF079F98046023068
S21402D4500FF0BFFA05A9074620460DF074F906F04C
S21402D4600C0698F801300C2E0CBF4FF003094FF053
S21402D4700609012113F0010F204618BF4FF00309D9
S21402D4800EF0C0FE174B80461B88A3420FD1B5FA9A
S21402D49085F04009FBF748FC20460BF084F8002292
S21402D4A0014607200FF05EFA08B0BDE8F08703F0E9
S21402D4B0ABFA824640460EF089FE064640460EF01D
S21402D4C069FEF6B202903A4649462846CDE900A6DB
S21402D4D005AB09F09AFADFE7012BE5D110F00C0F45
S21402D4E0E2D19CE7BC600020002210B5094B1C78F4
S21402D4F0094BD1B28C4201D8002010BD197A814264
S21402D50002D19979022902D010330132F1E70120C3
S21402D510F3E700BFF46700204049002001460022DE
S21402D52010B5084B1C78084BD0B2844201D80020B4
S21402D53010BD187A884202D198790128F8D01033A3
S21402D5400132F1E7F467002040490020002210B4BF
S21402D5500A4B1C780A4BD1B28C4203D85DF8044BB6
S21402D560FFF7DABB197A814205D19979012902BF00
S21402D57000211980598010330132ECE7F46700204D
S21402D58040490020024B1878003818BF0120704727
S21402D590F4670020044B1B6813F0300F03D02021E1
S21402D5A030200CF071BB7047284D0020002310B5C8
S21402D5B0044608491A4601EA00414FF07F60FFF729
S21402D5C001F8E30703D5002130200CF05DFB0020B4
S21402D5D010BD00BF00007207044B5B8823F478433B
S21402D5E023F08D0303800020704700BF284D0020E3
S21402D5F008B500220346C3F80220C3F806200B4AE9
S21402D60002301268D1B212F0200F18BF41F010019A
S21402D6101980930701D4FFF74DF8054B1B78023BA0
S21402D620032B8CBF1720002008BD00BF284D00200A
S21402D6303A67002038B505460C46FDF7EDFB98B173
S21402D6400E4B187878B10E4B1B681A040FD58CB1A6
S21402D65013F0420F00D17DB103F44073B3F5407F5F
S21402D6600CBF0020232038BD40F60840FBE740F6FA
S21402D6700B40F8E72046F6E72320F4E7366700205B
S21402D680284D0020F0B504468DB007A80D46164674
S21402D69009F0B5FA1022002103A8EFF797FB5CB158
S21402D6A0234603AC03F1100722461868596808336C
S21402D6B003C2BB421446F7D1012703A986EA070331
S21402D6C007A88DF81C708DF81D3009F003FC80EA5F
S21402D6D0070401A8E4B2EDF727F8B6B101A88DF861
S21402D6E00650EDF74DF864B1002303A907A88DF89C
S21402D6F01D3009F0FEFB0C4B1B78432B01D1F9F7CA
S21402D700DBF80A4B1D700DB0F0BD01A88DF807506E
S21402D710EDF736F8002CF6D003A907A88DF81D7091
S21402D72009F0E7FBEFE700BF3A6700203567002005
S21402D730F0B5012593B007460DA80C4609F05FFA2E
S21402D74005A90DA8ADF8345009F0EEFB01A8ECF7D8
S21402D750EBFF09A90DA88DF835509DF8066009F073
S21402D760E3FB0DA89DF8075009F074FB70BB731B12
S21402D770DBB2802B28D91FB1A64225D0A54223D1E1
S21402D78005A90DA809F0B5FB03A8ECF7CDFF03A881
S21402D7908DF80F60ECF7F4FF0122294609A8FFF77F
S21402D7A071FF0BF057FB01214FF400700CF07CFC6C
S21402D7B0FDF71AFBB0F1004F01D9FDF71BFB044B36
S21402D7C0187809F088F9012013B0F0BD0020FBE7B5
S21402D7D03567002070B50E46144605460320FFF74F
S21402D7E0B7F946F004022946204609F0DCFB00227F
S21402D7F0014B1A6070BD00BF244D0020F0B587B003
S21402D800078805461022002102A8EFF7DFFA3E4BF2
S21402D8101B78002B76D1BC055ED407F08403842BDC
S21402D82063D00022394C11461046FFF72BFF17F43F
S21402D830045F276005F102061CD0B9040AD53046FB
S21402D84002F09CFA00284ED1236823F4005343F4D6
S21402D8508073236030460CF093FA002842D109F018
S21402D860CCF918B9236843F480332360236843F065
S21402D8702003236022680DF1060042F40043236071
S21402D880FFF7AAFE12F4805FBDF8063031D043F0EF
S21402D8902003ADF806302168334611F0400218BF67
S21402D8A005F123024FF07F60FEF78CFEBDF80630CE
S21402D8B0DA0703D5002130200CF0E6F923689B0531
S21402D8C006D5012295F8221005F11200FFF7DAFEBE
S21402D8D000200F4B186006E005F112000CF050FA1B
S21402D8E000289AD0292007B0F0BDB80799D5232082
S21402D8F0F9E723F02003ADF80630FDF77BFAFEF7D2
S21402D90075FCC8E70220EEE73A670020284D0020A3
S21402D910244D0020024B1868C0F30050704700BF29
S21402D920284D00202DE9F04F064689461046002174
S21402D93089B01546984602F0EFFE102807460AD828
S21402D9406A4B0341DB0706D4C8F340049DB90020A6
S21402D95009B0BDE8F08F664B1C78002CF6D0FFF7B6
S21402D960D9FF00280CBF4FF4F0744FF4D074FC407B
S21402D97004F00104EAE74FF0000A18F0010F5346DC
S21402D980524629464FF00500CDF800A00CBF4FF0D6
S21402D990080B4FF4027B06F0B9FF0028D7D0C82345
S21402D9A03246009359465346284602F0DDFEADF84D
S21402D9B00E000028CBD018F0080A4AD14FF6F773AB
S21402D9C0A7F10F02D2B29E428CBF09230123012A7D
S21402D9D001D843F04003474A8DF810301378591C9B
S21402D9E011708DF81130002C4FD09DF81030052F95
S21402D9F043F020038DF8103033D03F4B1D78002DB6
S21402DA005AD04FF6F77300259E424FF00F0248D9C0
S21402DA10012304A90DF10E00F7F75EFB002896D14C
S21402DA20002C4DD1BAF1000133463A4618BF012107
S21402DA30BDF80E00CDF8009009F050FCADF80E00CF
S21402DA40002884D018F0040F4DD031460BF0A0FB0E
S21402DA507EE749460DF10E000CF04BFB0028ADD1D7
S21402DA6075E70121BDF80E000EF0CCFB012102F095
S21402DA7053FE0123834013F0620F1CD11E4B1B780A
S21402DA80E3B14FF6F7731825BEE71B4B25461B7806
S21402DA900222002BBCD04FF6F7739E42B8D8052F51
S21402DAA0B6D0BAF1000FB3D19DF8103043F0400360
S21402DAB08DF81030ACE710250F22A9E71825FBE7F2
S21402DAC0BAF1000F0AD002234A46009029460DF109
S21402DAD00E00FEF79DFB0028A4D038E741235246ED
S21402DAE0CDF800A0F2E70BF03BFB31E79FFEFEFF0E
S21402DAF036670020376700202A6700202DE9DF43BB
S21402DB001E46144B80461B680F469B0791460A9C8E
S21402DB101BD4204614B109F0CBFBC0B20622CDE9D5
S21402DB2002403B460020CDE900890B490CF0A4FCDC
S21402DB30024650B10021002E0CBF012303230846E3
S21402DB4004B0BDE8D043FFF7EDBE002004B0BDE848
S21402DB50D08300BF284D0020CD6F04002DE9F04F82
S21402DB608DB081468A461F4693469DF85C803AB938
S21402DB7003A8FEF79FFDB0BB00200DB0BDE8F08FF6
S21402DB8015460022232110460AF0F4FDADF80A00DD
S21402DB900028F1D00EF0FEFA0523044618F0100F06
S21402DBA000F8023B677020D011220021EFF70EF931
S21402DBB004F11306032F4FF0080237D159463046B8
S21402DBC0EFF756F9C8F3801306F10905337209F028
S21402DBD06BFB00283ED000232B706B7001230335AD
S21402DBE005F8013C36E003ADCBE701261022169974
S21402DBF0EFF73EF906FA07F313F0620F02D104F1CB
S21402DC001206D7E707A808F0FAFF05A88DF81C60E9
S21402DC10ECF78AFD9DF8162018F0200F9DF81730B5
S21402DC2008BF134604F11306A374C3E751463046F1
S21402DC30EFF71EF9012306F10802121B284600938D
S21402DC40BDF80A10082392B20EF0BCFF042F06F1AC
S21402DC501005BCD02D1BA9B20DF10A000CF074FB06
S21402DC60002889D118F0040F0BD048460EF09FFF0B
S21402DC70FF281FBF074A32F8103023F4804322F8E9
S21402DC801030434651464846BDF80A20FFF74AFE82
S21402DC9073E700BF5E60002070B5032690B08DF873
S21402DCA00760F7F7B3FB18B90224204610B070BD20
S21402DCB002AD2846FEF7FEFC0028F5D01B4B1C687A
S21402DCC014F00204F0D140F20F43194AADF82430A2
S21402DCD0136804A8CDF826305368CDF82A3008F029
S21402DCE08EFF95E8030005AB83E80300062304A82D
S21402DCF08DF81D308DF81060ECF7B8FC01210DF19F
S21402DD002E020DF10700ECF709FC22461A2109A89B
S21402DD100AF030FD024608B91924C6E7012329464F
S21402DD202046FFF7FFFD0028BFD1F5E7284D00206B
S21402DD30BD6700202DE9F04F04460D46002191B044
S21402DD401F2208A89B460791EFF740F820460CF0E2
S21402DD5013FC0146204602F0DFFC8DF81100204637
S21402DD600AF0EDFC9DF81130467899068146C6F316
S21402DD704006204648BF46F002060CF0D3FC80461A
S21402DD8020460EF023FA0022A0EB0803DBB2232B78
S21402DD9028BF232300922146424607A80EF012FF10
S21402DDA000283AD1A24B9DF81C701B789DF81DA046
S21402DDB0B3B3FFF7AFFD00280CBF4FF4F0734FF478
S21402DDC0D073FB40DA072BD5B30729D4082F22D10C
S21402DDD0BAF1040F21D1FBF77FFBF0B901234246CB
S21402DDE00093214605200DF1110306F06CFDA0B14B
S21402DDF0053F0D2F11D8DFE817F024001000AF0101
S21402DE00BC01C50110001000100010001000100028
S21402DE10CB01F901F901052F07D011B0BDE8F08F4B
S21402DE20102F05D1BBF1000FF7D0FBF755FBD5E756
S21402DE30FBF752FB0028D1D0052FCFD0112FCDD023
S21402DE40EBE7BAF1050FE8D820460AF0DBFB0290B2
S21402DE5009F102000EF0BDFD82460DF11200FFF739
S21402DE60BBFB01239DF81D8003FA08F313F062033F
S21402DE7003932DD0BDF812309D0722D5B407CCD51A
S21402DE80FBF72AFB0DF11E000BF07AFFB8F1030F29
S21402DE9004469DF82EB02FD10DF12F050AF0E0FDB5
S21402DEA0824540F03181032EB7D19DF836100DF130
S21402DEB01E02003918BF01210DF12E0009F019FAD1
S21402DEC0ABE7FBF709FB0028DCD1002EA5D0D9E78B
S21402DED0FBF702FB68B10DF11E000BF051FFB8F123
S21402DEE0030F04464FF0000B40F082800DF12E0522
S21402DEF0D4E7002E91D0EEE74E4B1B6898072AD542
S21402DF00FF2208210DF137000AF038FD814610BBCA
S21402DF10034601460DF137020220FEF753FB0AF0D4
S21402DF209FFD82450DF137070DF12F0523D04FF6E1
S21402DF30F7739A4540F2ED800022082128460AF03F
S21402DF401DFD002800F0E580002259460DF11E0056
S21402DF50FFF798FB61E70DF137070DF12F053846FD
S21402DF600BF0BAFE002848D00AF07AFD824540F04F
S21402DF70CC804FF000092846F7F7D2FD002800F0C3
S21402DF80C480B8F1010F5BD0B8F1040F7FF445AF3F
S21402DF900BF0C5FE10B1032E7FF43FAF002C7FF4CA
S21402DFA03CAF3A4602210DF11E00FFF713FC224B4E
S21402DFB01B7863B1FFF770FEFEF7C4FD022806D198
S21402DFC00120FEF7B9FD01210846FEF741FC1B4B76
S21402DFD01B78022B20D10321384608F07EFDFEF77F
S21402DFE0B1FD014600287FF418AFFEF731FC14E7B6
S21402DFF00DF136070DF12E05B1E7104B1B78432BBA
S21402E0007FF40BAFB8F1010F7FF407AF0AF028FDDB
S21402E01082457AD1C146AEE7412B7FF4FEAE054B70
S21402E0201B6859057FF5F9AEF9F73EFEF5E600BF27
S21402E03036670020284D0020E46700203A6700205B
S21402E0406C4D2B78022B22D02B78412B3FF4E5AE79
S21402E0503CB9FBF741FA594602460DF11E00FFF79E
S21402E06011FBFBF739FA00283FF4D7AE0BF057FE48
S21402E070614C98B123681B0502D42B78432B0DD133
S21402E080B0070BD440F61A40F9F70CF8C5E60BF0C9
S21402E09046FE0028D8D0B207D6D4BEE6206810F0D6
S21402E0A0020002D102990BF0F9FF2B78112B16D140
S21402E0B02368590513D50020FEF7E0FB0446002826
S21402E0C07FF4ABAE0AF03AFF40F61C40F8F7EAFFE0
S21402E0D021462046FEF7BCFBF8F7F0FF9DE6B207A6
S21402E0E001D5FFF757FAB9F1000F9DD008F085FD6C
S21402E0F018B94FF480310BF0C7FD00223F4B38466B
S21402E1001A600BF0E0FD8FE70027039B002B7FF4DD
S21402E1100EAF4FF6FF73284605A9ADF814300AF085
S21402E12092FC20B128460AF06FFCADF814004FF6B8
S21402E130FF73BDF8140098423FF46FAE002C0CBF7C
S21402E1400423152301930DF11E0300933A4643461A
S21402E1502946FFF703FD60E60DF11D00F7F7E0FC28
S21402E16000283FF45AAE022229460020FAF79EFE05
S21402E17053E6F3077FF551AE3246284607A90BF061
S21402E180B7FF4AE69DF81D100120FFF7D1FA44E6D4
S21402E190184B1B78022B20D1002D7FF43EAE05A82B
S21402E1A0FEF788FA00283FF438AE154B1D709DF82E
S21402E1B01D30002B14BF64246524FEF7C3FC03281D
S21402E1C006D128462946FEF743FB2846FEF7C0FC42
S21402E1D0214605A808F081FC1FE6043B012BDBD98B
S21402E1E0284609F071F80028D6D116E6204609F02E
S21402E1F06DF812E63A670020284D0020244D0020D4
S21402E200E46700202DE9F34105460E461746984678
S21402E2100BF085FD044640B101233A4631462846B6
S21402E220CDF80080FFF76AFC04460BF078FD30B1AB
S21402E230FFF770FB78B10A4B1B689B010BD40023D7
S21402E2403A4631462846CDF80080FFF757FC002CA8
S21402E2500CBF0446012404F0010002B0BDE8F081C0
S21402E260284D002070B58AB005A808F0C8FC022325
S21402E27001AA15468DF81430084B03F11006144611
S21402E28018685968083303C4B3422246F7D12946B0
S21402E29005A808F01FFE0AB070BD00BF27BD040027
S21402E2A0014B1878704700BF8A710020014B18880E
S21402E2B0704700BFF67000204FF6FF732DE9F0435B
S21402E2C0994280460D4685B00BD000274FF6FD7961
S21402E2D01C4EEBF71BFDFCB2A0420BD84FF6FF70AC
S21402E2E01DE0F7F71DFC0028EFD005B0BDE8F043AF
S21402E2F00AF0B6BB36F814304B4517D869462046A6
S21402E3000BF043FD082241460DF10500EFF7AAF88F
S21402E3104FF6FF7360B99D4204D136F8140005B07B
S21402E320BDE8F08326F814500BF009FD0137D0E75C
S21402E3309D42FBD036F81430AB4208BF26F8149044
S21402E340F4E700BF925F00202DE9FF4706460F461E
S21402E35000254FF6FD79DFF83C80DFF83CA0EBF7AE
S21402E360D5FCECB2A04202D804B0BDE8F08738F87B
S21402E37014304B450CD8694620460BF006FD0822A1
S21402E38031460DF10500EFF76DF808B90AF804708A
S21402E3900135E4E7925F002000670020014B33F866
S21402E3A010007047925F0020F0B5064600250D4F1C
S21402E3B085B0EBF7ABFCECB2A04201D805B0F0BDDD
S21402E3C037F81430B3420BD1694620460BF019FDDC
S21402E3D09DF80030022B1CBF4FF6FD7327F8143051
S21402E3E00135E6E7925F002030B585B004460D465B
S21402E3F0EBF78CFCA0420FD9084B33F814204FF6EB
S21402E400FD739A4208D8694620460BF0FAFC294664
S21402E4100DF10500FFF750FF05B030BD925F0020FA
S21402E42030B585B00446EBF771FCA04219D92046F8
S21402E430FFF75AF80546B0B9694620460BF0A5FC28
S21402E4409DF800302BB1694620468DF800500BF03F
S21402E450BAFC4FF6FF720020044B23F8142005B0D6
S21402E46030BD2820FBE740F60440F8E7925F002024
S21402E4702DE9F0410B7805460E461BB9BDE8F04182
S21402E480FFF7CEBFEBF742FCA84231D92846FFF78A
S21402E4902BF878BB374617F8058B4FF6FF713846D0
S21402E4A0FFF70AFF0446384600F01EFAB0FA80F07C
S21402E4B04009B8F1000F15D0B8F1030F15D04FF68A
S21402E4C0FF724FF6FD73944208BF1C460B4B314653
S21402E4D023F815400A4B585528460BF074FC0020CA
S21402E4E0BDE8F0814FF6FF74F0E74FF6FE74EDE7F5
S21402E4F02820F5E740F60440F2E700BF925F0020CE
S21402E500006700202DE9FF410D4604464FF6FE78CF
S21402E5100F4F0E0AEBF7FAFBA04204D8FF24204660
S21402E52004B0BDE8F08137F8143043450CD1694693
S21402E53020460BF02AFC9DF80520EBB29A4203D146
S21402E5409DF80630B342EAD00134E4B2E2E700BFF7
S21402E550925F00202DE9F04F0C461746984600259C
S21402E5604FF6FD7B87B09DF840A0DFF85C900190E7
S21402E570EBF7CCFBEEB2B04201D8FF2616E039F834
S21402E58016205A451ED8304602A90BF0FEFB3FB9AC
S21402E5909DF80920424515D19DF80C20524511D10F
S21402E5A044B939F81620019B9A420BD1304607B07F
S21402E5B0BDE8F08F082220460DF10D01EEF752FF5E
S21402E5C00028F3D00135D3E7925F002010B5144639
S21402E5D00BF0DBFB2046BDE8104008220149EEF7AF
S21402E5E047BC00BFBD6700202DE9FF47074615461A
S21402E5F00846082224491E46EEF734FF0446002841
S21402E6003FD14FF6FF7ADFF88490EBF77FFB5FFA95
S21402E61084F880450BD385B3384606F015FA0125F3
S21402E6200C9B18700120357004B0BDE8F08739F8ED
S21402E630183053451FD0694640460BF0A6FB7A7841
S21402E6409DF801309A4216D17A88BDF802309A4275
S21402E65011D13A799DF804309A420CD108220DF174
S21402E6600501781DEEF7FEFE28B9002DD7D14046EB
S21402E67006F005FAD3E70134C7E7FF2006F0FFF9F4
S21402E680CEE70020D0E700BFBD670020925F0020E3
S21402E690F0B50025154E164F85B0EBF737FBECB2FA
S21402E6A0A04201D805B0F0BD694620460BF06DFBCE
S21402E6B09DF80030032B06D90023694620468DF8C4
S21402E6C000300BF080FB9DF8002062B14FF6FD7320
S21402E6D04FF6FE71032A08BF0B4626F814300023B5
S21402E6E001353B55D9E74FF6FF73F6E7925F0020F8
S21402E6F000670020F8B50E4604464FF6FF770C4B2F
S21402E7000C4D1B7803EB430305EB8305A54202D8A9
S21402E71000242046F8BD2388BB4206D00822314694
S21402E720A01CEEF79FFE0028F3D00C34EEE700BFE5
S21402E73051710020D25E0020044BFF211A78044853
S21402E74002EB42029200EEF741BB00BF517100207D
S21402E750D25E0020F8B504460C4B0D461B781046D8
S21402E760A3420DD90C27022117FB04117C43084E45
S21402E77008223144EEF77CFB335B00202B80F8BD89
S21402E7800023136053604FF6FF73F6E751710020C3
S21402E790D25E002038B504464FF6FD75FFF704FE3C
S21402E7A00022084B1878084BD1B2884200D838BDF0
S21402E7B033F80C1C0132A14208BF23F80C5C0C3360
S21402E7C0F2E700BF51710020DE5E002070B50546FC
S21402E7D00E460846FFF7DEFF31462846FFF76CFD79
S21402E7E029460648FFF786FF00B970BD044624F89E
S21402E7F00C6B0BF0A4FA29462046F3E7D25E002003
S21402E80010B5082286B023490446EEF72BFE20B93F
S21402E81006B0BDE810400AF023B9082220461E4979
S21402E820EEF720FE20B91D4BB3F8680006B010BD07
S21402E8300023012221464FF6FF700093FFF78AFE5F
S21402E840FF2806D0164B33F810004FF6FB7398429B
S21402E850ECD903A8FEF7CCFE58B9BDF80C305B061F
S21402E86007D5082221460DF10E00EEF7FBFD002823
S21402E870DCD021460B48FFF73DFF40B14FF6FB7256
S21402E8804FF6FF730088904288BF1846CEE74FF6D1
S21402E890FF70CBE7BD670020125B0020A85A00205D
S21402E8A0925F0020D25E002070B5002204464FF62A
S21402E8B0FB7608460A4B1D780A4BD1B28D4201D828
S21402E8C0002009E01988B14207D8A14205D10822E2
S21402E8D0991CEEF7CDFA012070BD0C330132ECE73D
S21402E8E051710020D25E002037B5014605460E481B
S21402E8F0FFF700FF044640B1807A29460BF0A5FADE
S21402E90080F00100C0B203B030BD03460090012281
S21402E91029464FF6FF70FFF71DFEFF2816BF034B72
S21402E9202046185CE9E700BFD25E002000670020A0
S21402E9302DE9F341224B04461B780F4683421546C7
S21402E94038D9FEF7EBFDB8BB4FF6FD739D421D4E60
S21402E9500ED004EB440326F823504FF6FF739D4275
S21402E9601FD12046FEF7F2FD002002B0BDE8F0817E
S21402E9700DF1060138460AF066F84FF6FF72BDF84A
S21402E98006303846934218BF1D460C236343F552A1
S21402E99006EB0308FFF7A8FFB0FA80F0400988F8F4
S21402E9A00A000C2303FB0460082239460230EEF705
S21402E9B05FFAD9E72820D8E740F60540D5E700BF3A
S21402E9C051710020D25E002038B504460D46FFF78E
S21402E9D0BBFC21460448FFF78DFE00B938BD8572A0
S21402E9E021460C30F7E700BFD25E00200023074A1C
S21402E9F01370074A1370074A118801B11380064B39
S21402EA001A880AB100221A80704700BFF6670020F3
S21402EA10F5670020CC600020CA6000202DE9F04F88
S21402EA203C4C1D46238887B00746884610469DF80C
S21402EA3040605BB952B10BF0A0FC20804FF4FA6143
S21402EA40354807B0BDE8F04F0DF090BCDFF8D8901F
S21402EA50B9F80040002C49D020460DF0B7FBC0F3B1
S21402EA60470620460DF096FBDFF8C0A00296BAF8DD
S21402EA700030DFF8BCB00193BBF8003004460093C8
S21402EA8000222B46012025490BF0F6FCADF81600B5
S21402EA90E8B1012504EB4606B4420DD1BDB9BDF876
S21402EAA01630A3B12A464146384600F06FF9ABF855
S21402EAB00050AAF800500AE0012321461A460DF13A
S21402EAC01600F6F709FB023405460028E4D00023B8
S21402EAD0134AA9F800301378013BDBB21370002BFF
S21402EAE0ACD107B0BDE8F04FFFF780BF0D4C2378DE
S21402EAF023B90DF079FD08B9012323703246294661
S21402EB000520F7F70DFA0028EBD1207007B0BDE814
S21402EB10F08F00BFCC60002050700020D36F04003E
S21402EB20F6670020F5670020CA60002066600020B5
S21402EB306860002030B5154D87B02C889CB92346F6
S21402EB404FF4A07248F2380103A80BF05AFA214695
S21402EB502046FAF7E3FA22460D4B009403A9FFF784
S21402EB605DFF07B030BD204609F0E9FD04300DF028
S21402EB7030FF03A9044628880BF0E5FD0023009326
S21402EB8020462A8803A900F0AFFAEAE7CC60002004
S21402EB9000F8FF0737B5002001A9FAF7BFFA0D4CB7
S21402EBA0014623780C4D7BB10C4B019A1878FAF784
S21402EBB0CBFA2078F8F74CFC002323702B70084819
S21402EBC0F6F736FB03B030BD2B78002BF7D0FFF7F5
S21402EBD0B1FFF4E7F8670020F6670020F767002029
S21402EBE05070002008B50548F6F732F80448F6F7E4
S21402EBF02FF8BDE808400348F6F72AB8CC60002094
S21402EC00CA600020C86000202DE9F04F89B089460E
S21402EC100446CDE905239DF84870139E30B316F8D6
S21402EC2001ABBAF1000F23D00AF1FF34A400E4B21C
S21402EC303146012008F090FBC00E1BD1DFF838B138
S21402EC403146012008F088FB9BF8005034442279B4
S21402EC50BDB1002F47D180234846CDE90277CDE9E2
S21402EC6000773E4A059900F091F83CE08246DFE7DD
S21402EC705446DDE71B28ECD93146012008F06CFB30
S21402EC80E7E7DFF8F880FF2A00EA08080BD14246D9
S21402EC90E379A179607901EB032189B209B0BDE875
S21402ECA0F04FFAF751BA2E4909688B070AD5FE2AA1
S21402ECB035D101230135EDB2202D4FEA43030AD1A7
S21402ECC0FF250AE0294628460792FAF727FA48451A
S21402ECD0BFD1079AEBE79845ECD1224B1B78FF2B66
S21402ECE004D0AB4204D009B0BDE8F08FFF2DFAD0B5
S21402ECF029460020F4F7B2FF0028F4D09BF8003033
S21402ED006479002BEFD1FFF771FE17484FF41051CC
S21402ED100DF02CFB154B8BF800501C70E3E7052A10
S21402ED2097D8BAF1010F94D8B8F1000F91D0002FFE
S21402ED30D9D17379002BD6D00D49098821B9082B71
S21402ED4028BF08230B490B70434648461292DDE95A
S21402ED50051209B0BDE8F04FFFF760BED36F04009E
S21402ED60284D00208B71002050700020F76700208D
S21402ED70CC600020F6670020F867002000F8FF0746
S21402ED80014B1880FFF7D6BECA6000200CB42DE9EE
S21402ED90F04F8BB014AA0E4652F8041B074609928F
S21402EDA0002940F08F80BDF85400ADF822000028FC
S21402EDB000F0A18033794FF6F778002B40F086807A
S21402EDC047458CBF4FF009084FF008084C4B1C789B
S21402EDD0FF2C40F08380B6F90230002BA9BF494BC6
S21402EDE0347A1C780134A2BFE4B21C7044F080046A
S21402EDF0DFF81CB12246002101F0A2FC9BF800308D
S21402EE00BDF82200002B6CD0DFF808A14FF00009F5
S21402EE10BAF8003007930DF0D9F90546BDF822007E
S21402EE200DF0B8F9EBB2CDE90193FF23CDE9030962
S21402EE3000932246334639460798FCF7B5FB4FF651
S21402EE40FF7305468BF80090AAF80030382D33D1B0
S21402EE503246394640460DF1220308F03DFA0028B4
S21402EE604BD04FF6F7739F4226D8B6F90230708819
S21402EE70002B21DA48F204022349244B4FF0000803
S21402EE80904214BF8946994609F0EAFD4946034670
S21402EE908A220120CDF800800BF0EEFA814658B1A6
S21402EEA02246414601F04CFCFF2332463946404694
S21402EEB0CDE90098FCF7DAF928460BB0BDE8F04F2A
S21402EEC002B0704701200BF0B4FA6EE70023474504
S21402EED08CBF4FF006089846337177E7FF221A7008
S21402EEE086E7CDE900033246FF2339464046FCF763
S21402EEF0BDF90546AAE71925DEE70546DCE700BFA9
S21402EF008D710020FA670020E46F0400D96F0400B8
S21402EF10F9670020CE60002070B54FF4003300245D
S21402EF200546164688B0ADF81A100DF10F0204A970
S21402EF300593ADF81840ADF81C4004948DF80F40C8
S21402EF4008F0A9F99DF80F3028460193049B044A5D
S21402EF50009305A93346FFF719FF08B070BD00BF3E
S21402EF60DD6F040030B54FF48035002487B003957A
S21402EF70BDF82850CDE900128DF81030074A034636
S21402EF8003A9BDF82C008DF81140ADF81250ADF86B
S21402EF901440FFF7FBFE07B030BD00BFE96F040068
S21402EFA0B1F1006F2DE9F04314462CBF3922382206
S21402EFB08BB01D464FF00003ADF81E204FF48002C2
S21402EFC02CBF4FF001099946FF2C0646ADF81C30BF
S21402EFD00892ADF824304FEA11471FFA81F80FD194
S21402EFE00AF04FF8B9F1000F19D1154ACDE902051A
S21402EFF043463046CDE9007407A9FFF7C7FE1AE07C
S21402F000FE2C0AD10AF03DF80130C0B20AF044F8EC
S21402F010B9F1000F12D00B4A02E0E8B2F8E70A4A4A
S21402F020CDE9030501233046CDE90174CDF8008011
S21402F03007A9FFF7ABFE0BB0BDE8F083034AD5E79E
S21402F040E16F0400E76F0400E06F0400E86F04005D
S21402F0504FF498124FF0806310B586B0CDE90323C3
S21402F0600023ADF8143009F0FBFC0446F8F796FAD4
S21402F070054B01900093054A234603A94FF6FD70FF
S21402F080FFF784FE06B010BDBD670020ED6F0400DA
S21402F09008B5064B1B78022B02D0043B012B03D883
S21402F0A0FFF7D6FF002008BD0220FCE73A670020E3
S21402F0B030B500244FF4806587B0CDE900128DF894
S21402F0C01030084A034603A94FF6FD708DF811402A
S21402F0D00394ADF81250ADF81440FFF757FE07B090
S21402F0E030BD00BFF16F04002DE9F04F99B00E4617
S21402F0F005460CA91046CDE90A329DF888700AF03A
S21402F100DFFEBDF83090804648460DF05FF8B6F94F
S21402F11002300446002BB6F806A0B6F802B004DAAF
S21402F12000228D4B1A70002049E048460DF04EF83A
S21402F1304045F5D3A4EB0804E3B2002F18BF4FF402
S21402F140A07A152B099328BF15230024013308F152
S21402F150FF324946DBB292B2009412A80DF032FD9D
S21402F1606FEA4B436FEA53437C499DF84820086890
S21402F1704968ADF83E300DAB03C3ADF84040ADF87C
S21402F1803C40ADF842A0ADF84420BBF1000F24D1BC
S21402F1900DF14900F6F7C4FCA0B109F061FC5C462B
S21402F1A080460DF151060DF149030A9A96F8009031
S21402F1B0012A2CD14FB384F0010404F0010019B0E7
S21402F1C0BDE8F08F0DF149000AF089FF4FF6FF7493
S21402F1D0011B4C4280464C41E3E7BBF1010F57D17D
S21402F1E0BDF8498009F03CFC80450AD040460DA98E
S21402F1F00AF078FF80F00104E4B20DF14B060DAB85
S21402F200D3E7574B0DF14B06CFE70A9CD5E75FB322
S21402F21044BBB9F1010F25D830D109F021FC09F021
S21402F2201FFC2246804671784D4B02910021012038
S21402F230CDE900814B490BF01FF9ADF8320088B1D9
S21402F24024BBB9F1010F0CBF0D210C210DF13200C8
S21402F2500BF07AF8024628B92846BDF832300FA9D4
S21402F260FFF794FD0120AAE7B9F1010F04D1002CA3
S21402F270D3D081227178D8E7002CFAD1B9F1010FE8
S21402F28094BF002201227178D201CEE70C21DDE77D
S21402F2900A9B002B7FF447AF7388342B4BD1099B14
S21402F2A0092B7FF440AF002F7FF43DAF9DF95160EC
S21402F2B03A46B41008210DF1490004F0200409F082
S21402F2C05DFBA0B1284B1B78012B3FF42CAF274ADD
S21402F2D0274BB2F868201B68AA421DD0DA001BD55D
S21402F2E0C8232846234A0FA9FFF750FD1BE70DF156
S21402F2F04900F6F715FC0028E4D10DF149000AF0A2
S21402F300EEFE4FF6FF739842EAD02146F9F778FEF2
S21402F31003460028E4D1E4E75B0201D5002E08DAB2
S21402F32000232846134A0FA9FFF730FD124B1C7024
S21402F330F9E68D23D5E7099BCDE905A204930DF1E5
S21402F3404903CDE9028331462846CDE900790B9B75
S21402F3500FAA00F03DF8E6E6EE6700208FF70300FE
S21402F360BD670020F56F04003B670020A85A002006
S21402F370284D0020CD2404008C710020024B187802
S21402F38040F08000704700BFFA670020014B1880EB
S21402F39000207047FE7000204FF6FF710346028879
S21402F3A01B798A4217BF074901200A8041881EBF7F
S21402F3B0054A00201180FF2B1EBF044A002013704E
S21402F3C0704700BFFA700020F8700020FB6700202C
S21402F3D02DE9F04FA1B09946BDF8AC302D9F0D93A4
S21402F3E09DF8B03004460E93BDF8BC3038460F93F5
S21402F3F09DF8C0304E88884615469DF8A8B01093F2
S21402F4000DF0E7FA112E824671D809F029FB504515
S21402F41076D0062E10D14FF6FD72924526D0BBF15D
S21402F420000F10D100228023CDE900A229462046F3
S21402F430BC4AFFF7ABFC06E0BBF1000F03D1032E7C
S21402F44007D8012E09D80022B74B1A7021B0BDE8A2
S21402F450F08F043E022EF6D8E4E7802329462046A3
S21402F460B24ACDF800A0FFF791FCECE7B04B1B7850
S21402F4705E074CD409F0F4FA002603463246012011
S21402F480A84900960AF0F8FF3B79ADF866000F939C
S21402F4900028DBD0DDE90E320D9803EB42090CF0B2
S21402F4A095FE5FFA89F909F105085FFA88F8804542
S21402F4B0CCD241460D9801F02FF9109008EB400887
S21402F4C00D980CF083FE8045C0DADDE90F32134357
S21402F4D0DBB2002B40F03482BBF1000FB6D1D84627
S21402F4E042460421BDF8660001F02AF974E1904A0A
S21402F4F03A2E127812D948F23B039E4207D013E006
S21402F5008B4A127850070BD5321F022A08D8B8F851
S21402F510063043F48043A8F8063097E71B2E1DD822
S21402F520B21E91B213295FD9109B494602930F9BD4
S21402F5303046CDE900B30E9A234607F0B3FE0F28F5
S21402F54084D10122784B1A70794B1B789B0740F1C5
S21402F5502783BBF1000F7FF479AFD8E7A6F11C0131
S21402F5601E29E1D801A050F821F000BFB7FB020027
S21402F57029F5020029F502004DF4020029F50200E1
S21402F580A5F90200A5F9020029F5020029F50200F4
S21402F59029F5020029F5020029F5020029F50200E4
S21402F5A029F5020029F5020029F5020029F50200D4
S21402F5B029F5020029F5020029F5020029F50200C4
S21402F5C0D7F90200D7F9020089FB020029F50200EA
S21402F5D029F50200ABFB020029F5020007FC020037
S21402F5E01DFC02002BFC0200132A9DD801A151F833
S21402F5F022F000BF45F60200D5F60200F3F602003E
S21402F6000BF8020075F4020029F5020029F5020043
S21402F61029F5020029F5020029F5020029F5020063
S21402F62029F5020029F5020029F5020029F5020053
S21402F63029F5020029F502004FF9020029F5020019
S21402F640E3FB020000231A938DF866300DF1660381
S21402F65022460E99484600931AAB07F01DFE09F0A3
S21402F660FFF90646EAF75EFB162894BF4FF002093A
S21402F6704FF02209F7F792FF2E4B0746B3F800A089
S21402F680FBF7EAFD2C4B80464FF6FF70B3F800B04E
S21402F6900AF0DDFC294B9DF866201988244B1B785E
S21402F6A013F002031CBF264B1B780B921A9ACDE965
S21402F6B00701CDE9093240232946CDE901932046C8
S21402F6C00023CDE9058BCDE9037A1E4A0096FFF7A3
S21402F6D05DFBBBE609F0C4F91B4B1C4A1B88CDE94F
S21402F6E02A0300232946204621B0BDE8F04FFFF743
S21402F6F04DBBBE781AA9731EDBB2EF2B304627D954
S21402F700F22E25D006F0FAF8822609F0A9F900238F
S21402F7102946CDE90003034A33462046FFF736FB67
S21402F72094E600BFD96F0400EE670020E46F040081
S21402F730FB660020FE700020FA700020F8700020A1
S21402F740FB670020FB6F0400FC70002008700400BA
S21402F75006F0D4F8002856D009F082F99DF86C20FD
S21402F7609DF86E100492BDF86A2049000392BDF817
S21402F7706820C9B2CDE901629DF86D2003465200A9
S21402F780D2B208320A44009201200022C6490AF088
S21402F79073FE9DF86D30ADF866008DF86330002874
S21402F7A03FF454AE4FF0000801230DF163011A46F0
S21402F7B00DF16600F5F790FC074600287FF446AE8A
S21402F7C09DF86330FAB293420CD89DF86E308DF8ED
S21402F7D06330B8F1000F02D0BDF8663036E04FF065
S21402F7E00108E1E74146304606F08AF80123ADF803
S21402F7F06400022219A90DF16600F5F76DFC0137C7
S21402F8000028DDD022E683267FE709F029F906469E
S21402F81006F095F83346009000220120A3490AF02C
S21402F8202BFE00283FF412AE00273E46ADF86800D5
S21402F83006F085F85FFA87F840450DD8324604216F
S21402F840BDF8680000F07CFFBDF86830002229464B
S21402F8502046FFF79BFAF9E5404606F04DF8FF28EA
S21402F8608DF866000BD0012301361A460DF16601AB
S21402F8701AA8F6B2F5F730FC00287FF4E7AD013798
S21402F880D6E75046B7F8029006F036F8FF288DF80D
S21402F890640000F0E2811AA906F030F8BDF868307C
S21402F8A04B4507D04FF6FF72914540F0D6811904BA
S21402F8B000F1D3819DF86D3012930E9B0533DBB2B7
S21402F8C013930F9B149300234FF0000911934B469A
S21402F8D013E017934900139BC9B219440D9889B2D5
S21402F8E00AF06DFD4FF0000A179B159012995FFA09
S21402F8F08AF28A4216D309F10109149A5FFA89F14B
S21402F9009142E6D39DF86E201292169A1392002B1D
S21402F91040F09581119B002B40F09F81109B149321
S21402F9200123D1E711999DF86400179305F0E8FFCB
S21402F930159A179B0AF1010A824208BF0123D5E7EE
S21402F94009F106095FFA89F3B046169386E1BD1CF3
S21402F95029465046BC7A07F028F801222946504626
S21402F96009F024FD50460AF086FB28460AF0B7FB4B
S21402F9703A88824207D04FF6FF72904203D00DF0CB
S21402F98016F90AF098FB84F00804C4F3C004214672
S21402F9902846FFF719F82146284621B0BDE8F04F61
S21402F9A007F0A9BCBBF1000F7FF450AD12073FF57C
S21402F9B0AEAD33463A462946204601F08FF9002876
S21402F9C07FF444AD842329462046394A21B0BDE857
S21402F9D0F04FFFF7DBB90F9897F800800AF0F3F8BC
S21402F9E000210746204601F0E3FC312EA7EB000774
S21402F9F0FFB240F0D5804FF0000A0120534652462F
S21402FA00CDE9008A2B490AF037FDADF866000028DA
S21402FA103FF41CAD162251461AA8EDF7D7F91AA8DC
S21402FA2009F0A7FA4FF0FF33DFF894B0CDE91C33A4
S21402FA309BF80090B9F1000F02D14FF0010A55E091
S21402FA401D4E33796F2B02D90026324625E05046EA
S21402FA501CA9F6F73DFF0028F6D0184BB6F8009022
S21402FA60B3F86830B9F1000F2CD1003B18BF012360
S21402FA705B0143F004038DF87A3002238DF87B3065
S21402FA8073881B0A49461EA88DF87D300CF0A3FF2A
S21402FA90B8F1000F65D0002601220221BDF86600EB
S21402FAA000F04EFE32461CE50C700400D96F0400CE
S21402FAB0CD240400147004002A600020A85A0020F6
S21402FAC034670020B3EB090318BF01235B0143F040
S21402FAD005038DF87A3002238DF87B300F238DF8DC
S21402FAE07C30CDE70AF1010A5FFA8AFA0AF1FF369C
S21402FAF0F6B230460DF061F8C307F3D59BF8003036
S21402FB0019EB030F04D009F101095FFA89F9E9E755
S21402FB10584B1CA918783044C0B2F6F7D9FE002814
S21402FB2092D030460AF0D8FA814630460DF045F8B3
S21402FB30C0070FD416238DF87A304F4B1B7801334B
S21402FB40DBB20F2B28BF0F238DF87C304B4B33F8DC
S21402FB50163096E730460DF030F88107EAD41223C5
S21402FB60E9E7BDF866000CF031FB1630B84292DCCD
S21402FB70012316221AA90DF16600F5F7ADFA002840
S21402FB807FF464AC012660E712073FF5C0AC3B4643
S21402FB90224629460F9801F0F9F800287FF456AC61
S21402FBA0BBF1000F7FF452AC0CE7BBF1000F7FF401
S21402FBB04DAC802307E708F053FF50457FF446AC70
S21402FBC0B81CF5F7ADFF00283FF440AC08F048FF3C
S21402FBD0064608F045FF2A4B2A4ACDE92A03334651
S21402FBE080E538460CF0F5FE0AF031FA00283FF4BC
S21402FBF02DAC2A90002329462046234A21B0BDE890
S21402FC00F04FFFF7C3B84B462A4621460020CDE9FF
S21402FC102AB721B0BDE8F04FFEF7F6BF4B462A469C
S21402FC2021460120CDE92AB7F3E75B464A46294634
S21402FC3020462A9721B0BDE8F04F07F061BB0123AA
S21402FC4019A91A460DF16600F5F746FA00287FF460
S21402FC50FDAB08F101085FFA88F8013605F06FFE81
S21402FC605FFA86FA50453FF60CAEB8F1000F3FF445
S21402FC7033AC35E457710020E36700205C60002057
S21402FC80BD67002019700400E46F0400F8B5164B37
S21402FC9004461D88154B20F8025B196879B10822C4
S21402FCA0EDF7E6F8124B0C201B78124EA372124B9D
S21402FCB019780023DAB2914205D8FF2209E0C4F887
S21402FCC002104160EEE7013300FB03F7F75BAF4239
S21402FCD0F0D10A4BE2721B782373094B1B786373CD
S21402FCE0084B1B682361F8BDDC600020C45B002063
S21402FCF0FC670020C65E002051710020E0670020ED
S21402FD00DF670020B05B0020F0B589B006460C46DF
S21402FD1015460AF007FD0DF10A02014630460AF0C2
S21402FD20B8FB144F0346F0B901223A702288BDF898
S21402FD300A102AB102460090072004F0C4FD90B1D2
S21402FD4003A8FFF7A3FFBDF80A000CF03FFA064629
S21402FD50BDF80A000CF01EFA21460090F3B22846BF
S21402FD6003AA06F04CFE0023034A3B70136009B058
S21402FD70F0BD00BFFD670020C45B0020142230B532
S21402FD808BB005460DEB02011548DEF767FC10BB8B
S21402FD90BDF81430DA0720D413F0060FC3F341027D
S21402FDA008BFC3F341220F4B0DF116019C5C684657
S21402FDB02246EDF79BF9BDF8263004F128026A4484
S21402FDC002F8283C02341B0A02F8273C69462A46F7
S21402FDD0E0B209F0DCFC0BB030BD2320FBE700BF2D
S21402FDE0703214E03FBD040010B58AB0ADF826208C
S21402FDF00022CDE9052204920CAA02924FF6FF7267
S21402FE000446AC2101200192064A039004FB01221B
S21402FE10603200924CF620010DF126020AF06BF9D0
S21402FE200AB010BDA85A002010B54FF6FF741E4A3D
S21402FE308AB0B2F86800B2F85E10A042ADF82600AA
S21402FE40B2F85C304FF6FD70ADF8241018D081423F
S21402FE504FF0000094BF48F660014CF66001CDE911
S21402FE600500CDE90300CDE9010094BF09AA60327E
S21402FE7000920DF1260204200AF03DF90AB010BDE8
S21402FE8081424FF000008CBF603209AA00928CBFFC
S21402FE904CF6604148F66041CDE90500CDE9030025
S21402FEA0CDE90100014AE6E7A85A0020125B0020CD
S21402FEB000B50E4B0022B3F85E308BB0ADF824309E
S21402FEC04FF6FF73CDE90522CDE90322CDE90122E3
S21402FED009AA00924FF400610DF126020720ADF840
S21402FEE026300AF008F90BB05DF804FBA85A002089
S21402FEF0202A10B5144614D8012A04D10C88B4F569
S21402FF00004418BF0124620030B10748ECF7B0FF86
S21402FF10064B00201C7010BD0548ECF7A9FF054BE8
S21402FF20F7E72120F7E700BFDE600020FE6700202B
S21402FF301E610020FF6700202DE9F0471046174695
S21402FF400CF047FDDFF814A1DFF814919AF80030A0
S21402FF5099F800200546134302D10020BDE8F08739
S21402FF6010F4406800F0400619D186BBB0F5804F09
S21402FF705CD24FF4807400239AF80000344AD9B257
S21402FF8088425DD8002399F80000324AD9B28842E6
S21402FF90E3D932F8021B0133A142F7D155E0F81C2F
S21402FFA00CF017FD4FF6FF73984214BF012402248B
S21402FFB086B1052605F44043B3F5004F44F0080425
S21402FFC024D0B5F5804F23D244F4807420E0444612
S21402FFD00326EFE7B5F5804F4FF00506F4D3B8F5E4
S21402FFE0406F14BF02200820304438440CF0F1FC65
S21402FFF0194B05F44045B3F85C3083420CBF44F01D
S214030000080444F00404B5F5004F01D144F080041D
S214030010B8F5006F0ED1B8190CF0DBFC0E4BB3F835
S2140300205E308342A7D144F01004A4E74446032677
S2140300300220D9E7B8F5406F08BF44F020049AE7DA
S21403004032F8021B0133A14299D1012086E700BF93
S2140300501E610020DE600020A85A0020FF670020F3
S214030060FE6700202DE9F04F104685B016469846E9
S2140300700CF0AFFC5D4F00F00803B7F85C100446C5
S21403008000F00709F01C02930391B7F85EB00CF07A
S214030090A0FC06F1050A054650460CF09AFC0346FA
S2140300A04FF6FF70854218D00399A1EB050CDCF1DF
S2140300B0000545EB0C056D004FF6FF718B420ED124
S2140300C045F004050CF090FA029B6BB1B9F1000FF2
S2140300D011D0422005B0BDE8F08F0125ECE79B4523
S2140300E008BF45F00805EDE7B9F1030FF1D8DFE8DF
S2140300F009F0021B795D0CF077FA08B9A807E8D572
S21403010024F00804A4B2B4F5004F05D0B4F5624F4A
S21403011002D0B4F5404FDCD10025294697F8A82035
S214030120002008F0EAFA3CE0D7F88030E3B9002173
S21403013032460846FFF700FFD8B948F6410224F0D6
S21403014038039BB29342C4D10A2D49D0062DC0D1A1
S21403015097F87730023B012BBBD8F3F745FD002811
S214030160B7D140F6040505E04146304698470028D7
S214030170DDD00825E20648BF45F08005A30648BF44
S21403018045F4805505F00C03042BC6D1F01D0CF086
S21403019020FC97F8A8303246009341462B4608F0D9
S2140301A081FA08B30E9B1880002093E7A90705D1B0
S2140301B04FF6FF73B7F85C209A428AD104F4406383
S2140301C0B3F5006F0AD0B3F5406F82D108225046CC
S2140301D00749EDF747F900287FF47BAF0C25C9E7FD
S2140301E00425C7E7432075E7192073E7A85A0020BC
S2140301F0085B0020034B1A781AB1FF2A04BF0022BB
S2140302001A7070470168002070B5084C084E2378B2
S214030210F55C1DB13E2107480CF0FDFAFF2223785A
S2140302202846F2540023237070BD00BF00680020E8
S214030230016800201D700400034B044A1B78D05C41
S214030240FF3818BF012070470068002001680020AF
S2140302500023074A07491360074A1360074A1360D7
S214030260074A11600121074A1170074A1360704755
S214030270D45B002081A20300D05B0020CC5B00206F
S214030280707000208E710020DC5B00200E2A70B593
S2140302900C4606461546194603D9FFF7D9FF5020E4
S2140302A070BD012807D10020F3F7B8FCB0B1FFF703
S2140302B0CFFF2120F4E780220021224B1A70224B25
S2140302C01960224B1B684BB134200BF0D7FF204B31
S2140302D0188018B9FFF7BCFF0120E1E724F0FF639D
S2140302E023F4FF231BB1FFF7B3FF4F20D8E774B9FE
S2140302F02046F3F7ADFC0124032510F0800F43B22C
S2140303001BBF00F01F039C409C4044F07844002031
S214030310104B24F078441E700F4B10491D70104B81
S2140303201C60104B1870104B1A68F4F71FF818B1BE
S214030330FFF78EFF0420B3E79DF810200B4B1A70CF
S214030340AEE700BF02680020D85B0020CC5B00202D
S2140303505E61002007680020056800205106030040
S214030360DC5B002006680020D45B002003680020C6
S2140303707FB5244B00251A7801232348234903FA23
S21403038002F200781A440A60ADF80E5020B3984281
S21403039036D11F4C1F4B20781B680DF10E01984772
S2140303A01D4EBDF80E20307092B11C4B29460093AB
S2140303B0284602230195F4F713F83278237822B1FE
S2140303C0012A12BF1B230133DBB2237004B070BDB6
S2140303D0013818BF0120F0E778235A43013A0A6030
S2140303E008220F490BF090FE0B49094A0978137847
S2140303F021B1012912BF1B230133DBB21370E5E7DA
S2140304001846E3E70568002007680020E05B002045
S21403041006680020707000208E7100208D06030091
S21403042075C50300024B1868003818BF01207047D3
S214030430CC5B002037B505461C460CF0D5F868B9EA
S21403044074B1084B1A60084B0A461C600123294600
S21403045000930323FFF71AFF03B030BD4D20FBE7DD
S2140304602520F9E7C85B0020D05B002013B50446BF
S2140304700CF0BAF858B962B1074B1A6001230A4662
S214030480009321460323FFF701FF02B010BD4D2062
S214030490FBE72520F9E700BFCC5B00202DE9F04100
S2140304A00446DDE906861D469DF820700CF09CF890
S2140304B088B99EB1A2B10B4B01201A600A4B0A46BB
S2140304C0C3F80080094B21461E602B460697BDE8FD
S2140304D0F041FFF7DBBE4D20BDE8F0812520FBE7AA
S2140304E02120F9E770700020D45B0020D05B002049
S2140304F00148F4F7ADBB00BF5E6100202DE9F04173
S2140305000020F3F7A1FE114B114C1E68114B2088F7
S2140305101D68114B114FD3F8008010B13978F4F7EA
S21403052071FD00203870FFF793FEF4F7ABF90EB1B8
S2140305304046B0473DB12088A84700232380BDE846
S214030540F0410CF0E3B9BDE8F08100BFD05B0020BA
S2140305505E610020CC5B0020DC5B00200868002086
S214030560F8B52F48F4F764FE2E4B187830BBF3F734
S2140305706FFB2D4F06463B6803B32C4B2C4D1C6874
S21403058024B195F900301A461946A047294B1B6833
S21403059083B1294C2378312B0CD8284B18880BF0C1
S2140305A0F9FD23785A1C22702A78C25423785A1CE1
S2140305B02270C65480232B7000233B60204C237884
S2140305C01A2B22D81F4A1278012A09D100211E4A63
S2140305D0156825FA03F0C007DAB20ED501B122700A
S2140305E00020F3F735FB2178884212D10022174BFF
S2140305F01A70FFF7BDFE40B9F8BD0133D8B21A280A
S2140306004FF00101E5D90A442270BDE8F840FFF730
S21403061075BF0020F3F72EFB0028E7D0F5E700BFF1
S2140306207470002007680020D85B0020C85B002099
S21403063002680020CC5B0020086800205E61002072
S214030640066800208E710020DC5B00200468002012
S21403065008B50B4B187880B90221F3F7CDFA094B8E
S2140306601B782BB100214FF6FF720846F3F7A6FA64
S214030670BDE808400448FFF773BF00210846ECE7CF
S21403068007680020036800207470002038B5144BF8
S2140306900C461D78012D21D181B90846F3F7D8FA07
S2140306A0104A05FA00F013680F4923EA00031360A3
S2140306B020462A46BDE838400BF026BD0B4A137881
S2140306C00133DBB2022B137004D9BDE83840084867
S2140306D0FFF746BFFFF74CFE0028F6D138BD00BF34
S2140306E007680020DC5B002075C503000468002053
S2140306F07470002038B50C4605460BF067FDA04223
S21403070003D82D2103480CF086F828460BF042FD4B
S214030710204438BD3170040070B506460D460BF014
S21403072039FD044648B130460BF050FDA84203D8C5
S214030730352102480CF06FF8605D70BD317004001F
S21403074070B50C46064615460BF040FDA04203D88E
S2140307503E2104480CF05FF830460BF01BFD00B159
S214030760055570BD317004002DE9F0438FB0074680
S2140307700C4615461E469DF85880F8F755F920B1E5
S214030780F4F796FE08B144F400544D4B1B7813B9A6
S21403079024F40074A4B2200509D546B9284604A952
S2140307A0F5F750F9002846D024F40064A4B2ADF857
S2140307B01840ADF81A5008F053F9424BADF81C0038
S2140307C0B8F1000F02D01A78424501D293F80080A0
S2140307D03D4AE105137848BF0DF1210103F10103FA
S2140307E0DBB2137058BF08A922058DF81E808DF85A
S2140307F01F3006D53368083141F8083C736841F862
S214030800043CE30407D5314A0831136841F8083C31
S214030810536841F8043C0DF11808A1EB08005FFA91
S21403082080F9002148460BF029FD064628B900202A
S2140308300FB0BDE8F08304AEB9E70BF0ABFC41465E
S2140308404A46ECF753FC30460BF0C0FC8046304675
S2140308500BF0A0FC0023024600934FF6FF70042320
S2140308605FFA88F107F01EFFADF80E000028DED011
S21403087040F201131C421AD14FF6F7739D4216D865
S2140308800BF0A4FC0DF10E010446284600F090FD83
S214030890BDF80E000BF09AFCE4B2A04207D9BDF8EF
S2140308A00E0007F04CFF437843F004034370BDF893
S2140308B00E003A4601210BF0B9FCBDF80E00B7E76F
S2140308C0366700204B71002038670020BD67002084
S2140308D0F0B50829D58889B028D00C2926D0AE04CF
S2140308E024D405F040030B43424C267816B105F09A
S2140308F0200423432FB2002FB8BF43F080030329FD
S21403090020D11223AC068DF80430937A10D48DF8D8
S21403091005300DF1060401A9621A012392B2F4F719
S214030920DBFBB0FA80F0400909B0F0BD0B46DBE70D
S21403093032228DF805308DF80420002EE9D00DF113
S2140309401304E8E70C298DF804300ABF138953799A
S2140309508DF80530548805BF1B0A8DF806308DF8D0
S21403096005300DF1070318BF0DF106031C70240AAA
S2140309705C70148802399C70240ADC70147901298F
S2140309801C7111D8917A002F597131DA022112891C
S2140309909971DA71120A03F109041A72002EBAD099
S2140309A0AB06B8D50534B6E7A9071AD4002F0CDA78
S2140309B0117A51B1917A59711189127A03F10804A7
S2140309C092B102229A71D971E8E70B4C217801F1B2
S2140309D0010C84F800C091729C1D002F5971DDDA5A
S2140309E0EAE7917A9C1DF8E70122090A9A71EAE779
S2140309F09C1DD3E73667002037670020014B18801D
S214030A00704700BF60610020014B1888704700BF25
S214030A10606100202DE9F84307460BF0F5FE054616
S214030A201B480CF068F81B4B60B31C683C1B2C443B
S214030A30A4B20022184BDFF868901B78174D03EB1F
S214030A40830399F8006005EB43055FFA82F8464591
S214030A500AD9AB8805F10A00A34216D90A23B21AAB
S214030A6029465A43ECF704FA013689F80060AC804D
S214030A70B8F1000F03D1394605480BF077FC28463A
S214030A80BDE8F8833C461D60D3E705460132DCE744
S214030A9094700020E45B002009680020F85F0020C3
S214030AA00A6800201FB5154A154C1378013BDBB2C4
S214030AB013706168206801AA03C221891180114A54
S214030AC01278D21805D00A2320465A43E118ECF7C9
S214030AD0CFF99DF806301B070DD0BDF80C00FFF7C5
S214030AE099FF03468288ADF8082001AA03CA128834
S214030AF0186059601A8104B010BD00BF0968002051
S214030B00F85F00200A680020002108B5084B094852
S214030B101970094B1970094B1A7802EB82025200BE
S214030B20ECF754F9BDE808400548F4F781BB00BF6D
S214030B300A680020F85F002009680020557100202D
S214030B4094700020F8B50024084D094F094E3B78F1
S214030B503178E2B20B449A4204F1010400DBF8BD9B
S214030B602846F4F775F80A35F1E700BFF85F00206A
S214030B700A6800200968002010B5064C207828B1C2
S214030B80054808F008FB10B1034B188810BDFFF7A3
S214030B9089FFF3E709680020F85F002008B50A4AD2
S214030BA00346107860B1094A1088984209D121B9E2
S214030BB09378103323F00F039370FFF773FF01202E
S214030BC008BD0020FCE700BF09680020F85F00208E
S214030BD02DE9F74F00260BF017FEDFF8F890B24624
S214030BE099F80070B3463A46DFF8EC801FFA80FEA9
S214030BF0B8F800C0344CAEEB0C039BB201932378D9
S214030C00324D009303EB830305EB4303ACEB0E0C6F
S214030C105FFA86FEBE4515D3BAF1000F01D0009BDE
S214030C202370BA422AD3002F37D00A222378C8F873
S214030C30000002FB03532648998803B0BDE8F04F33
S214030C400BF094BBB3F804E001998E4512D84FF02D
S214030C50010A009993F802E001310EF1FF3EC9B292
S214030C60013AA3F804B083F802E00091D2B20A3343
S214030C700136CDE7E644A3F804E0F8E789F8002058
S214030C804AB10A222378C8F8000002FB035310482F
S214030C9099880BF06BFB237813B903B0BDE8F08F8C
S214030CA0FFF76AFF06460028F5D007F07CFC0146EE
S214030CB0304608F06DFA20B100212888FFF76EFF52
S214030CC0E9E740F60241F8E709680020F85F0020EC
S214030CD0947000200A680020E45B00202DE9F041B0
S214030CE092F808801F4608F1FF33DBB2EF2B054668
S214030CF00E46144688B00BD982238DF80E30314643
S214030D0028469DF80E30204AFEF740F8012037E0CB
S214030D100E22002104A8ECF759F8B4F809308DF830
S214030D201180ADF81230E37A03F07F02032A08D06D
S214030D30012B24D103238DF81030A389ADF8153089
S214030D400EE0032B14BF022301238DF81030E36853
S214030D50CDF815302369CDF81930237D8DF814307E
S214030D60A7F121014A420DF10E034A4100932146A1
S214030D700DF10F0304A8FDF737FC0028BFD10020B0
S214030D8008B0BDE8F08100BFCD2404002DE9F04F84
S214030D9000241D7895B0CDE902010492234622462D
S214030DA00120CDE90054404909F066FBADF81E006A
S214030DB0F8B1A346264627460DF120090DF1380A59
S214030DC0E8F7A4FF5FFA84F8404516D83A460221AE
S214030DD0BDF81E00FFF7B4FC32460421BDF81E0022
S214030DE0FFF7AEFCDDE903100022BDF81E30FDF769
S214030DF0CDFF012015B0BDE8F08F4A4640460AA94C
S214030E00FDF7E4FB9DF8282022B12DB1013DEDB29C
S214030E100137FFB20134D3E7BBF1000FF8D199E8ED
S214030E2003009DF829308AE803008DF84030BDF8AA
S214030E302A30032A8DF841304FEA13238DF84230C7
S214030E4017BF032301238DF843309DF82C30DDF8BC
S214030E503110DDF82D0014BF8DF84C308DF843307B
S214030E6011AB03C302980CBF4FF00E084FF01508E2
S214030E7008F0A9FE0590BDF81E000BF0A7F905992A
S214030E8000EB080399420BDB0123424651460DF162
S214030E901E00F4F721F90028ABD10136F6B2B7E706
S214030EA04FF0010BB4E700BF1470040038B50546D5
S214030EB00D4B0E481C88F4F7A7F9012D0CD10C4BEB
S214030EC01C88FA21614358B1884209D28408012C50
S214030ED0204638BF012038BD022D08BF0224F0E7A4
S214030EE002480BF043FAF2E7F45F0020144C0020AC
S214030EF0F25F0020012208B5054B06481A70002150
S214030F000BF034FABDE808400020FFF7CFBF00BF60
S214030F1021670020144C00201E4B73B51A8802F17B
S214030F2008039BB2012B02D81B4B1B7823B902B0D4
S214030F30BDE87040F4F77CB90024184B184D1C70BC
S214030F40184B1C702B787BB14FF6FC73164E009330
S214030F50224623462146308809F05BF84FF6FD7398
S214030F602C70338001200FE0104B1046197808F0E0
S214030F700DF90028F6D10C4B1A884FF6FD739A42EA
S214030F80F0D0012302202B7002B0BDE87040FFF7BB
S214030F908DBF00BFF65F0020216700202467002076
S214030FA02267002023670020F05F002025670020CB
S214030FB0012808B50AD002280CD020B9084B1870AF
S214030FC00848F4F735F94FF0FF3008BDBDE8084090
S214030FD0FFF790BF0020BDE80840FFF767BF00BFDC
S214030FE021670020144C002002280CD859B1064A69
S214030FF013780133DBB21370044A12789A4202D88C
S2140310000220FFF7D5BF704723670020266700201E
S21403101038B5A0F61343012B04460D4615D80E4AE1
S21403102013780133DBB213700C4A12789A420CD849
S2140310304FF6FD720A4B00201988914201BF002229
S2140310401D80084B1A70FFF731FF29462046BDE87E
S214031050384005F0D8BC00BF24670020276700206F
S214031060F05F00202267002000234FF6FD71054A3B
S2140310701370054A1370054A1180054A1370054A12
S214031080137070472467002023670020F05F00205A
S214031090226700202167002030B5094B02461B78E3
S2140310A033B1084B084C19780023D8B2884201D3D1
S2140310B0FF2004E0013334F823509542F5D130BDC8
S2140310C05471002029670020D05F00200022FF21F2
S2140310D0044B05481A70054B1970054B1A78920095
S2140310E0EBF774BE29670020D45F00202867002032
S2140310F054710020F7B58DF807100DF1070104466B
S21403110003F04DFC234B1D78002D41D02046FFF7FE
S214031110C3FF214EFF283178204B05D1204A107893
S21403112085422DD9451C1570884219D01C4A1B4D83
S21403113092F800C00022D7B2BC450CD92F4697F8C8
S21403114003E00132864505F10405F4D102B203EB50
S2140311508202D278FA7002B203EB8202D170307048
S21403116002B203EB820123F82240FF228A709DF825
S2140311700720FF2A02D003EB8203987003B0F0BD6A
S2140311800A46104603EB8202D278FF2AF9D1CBE750
S214031190FF20F3E75471002028670020D45F002067
S2140311A0296700202DE9F843FFF776FFFF2804465A
S2140311B069D04FF6FF72354F03B2DFF8DC80344E4A
S2140311C027F8232098F80050A54202D10020BDE856
S2140311D0F883337820B28100A34207EB800090F8AF
S2140311E003E010D00023294A5FFA83F94D4594465D
S2140311F006D99CF803900133A14502F10402F3D10A
S2140312008CF803E001E086F800E0013DEDB22A1B0E
S214031210D2B2043192003944EBF72AFE88F8005024
S2140312203378FF2B04D0A34224BF03F1FF3333707C
S21403123000214FF6FF70154BCAB2AA420CD3002307
S2140312404FF6FF71134ADCB2AC42BBD2013332F81D
S21403125023008842F7D1B5E79A78A2420BD11880CB
S214031260DA78FF2A04D0A24224BF02F1FF32DA70F2
S21403127001310433E0E7FF2AF2D0A24224BF02F191
S214031280FF329A70ECE72D20A1E700BFD45F002061
S21403129028670020D05F002029670020F8B51C4B84
S2140312A005461B78084673B3FFF7F6FEFF28044689
S2140312B029D02846FFF7F0FEFF2806D0154B164E1A
S2140312C01A780023D9B2914218D3FF212846FFF794
S2140312D011FFFF28014616D00546104F23B207EB31
S2140312E0830237F823009678FFF704FFA84208BF67
S2140312F0FF25FF2E214608D12846F8BD013316F8F0
S21403130023108142DED1FF25F6E73446E6E700BF29
S2140313105471002029670020D25F0020D45F00208C
S2140313202DE9F04180460E461F46002386B001A8ED
S21403133014469DF830508DF80330FEF7A7FCADF841
S21403134004802EB13368CDF806307368CDF80A30C2
S21403135038460AF01FFF0DF103034219214601A880
S21403136005F05DFB9DF8033093B931464046E8F738
S214031370C1FE0E4B1B785BB10B2C09D8FF214046F0
S214031380FFF7B8FE064605EB4404E4B2A54202D1D5
S21403139006B0BDE8F0812946384609F010F8314614
S2140313A0FFF7A8FE02350646EDB2EFE754710020BC
S2140313B000232DE9F3470DF107028DF807300446A5
S2140313C00E4603F0D7FA9DF80730054663B9204664
S2140313D0FFF762FE04465EB130880AF0F7FE5FFA56
S2140313E080F8FF2C45D10025284602B0BDE8F087DB
S2140313F0B046F6E701320C2AF5D02DB207EB850589
S214031400AD78FF2DF6D112F0FF0AECD04FEA4A056D
S2140314100235EDB2002EE7D0304605EB080108F0A2
S21403142093FF0028DFD1524641463088FFF788F9FC
S2140314300AF1FF3208F1010108F102093088D2B23D
S214031440C9B25FFA89F9FFF77BF924B207EB840484
S214031450A478FF2CC8D023B2494637F82320308817
S21403146008F0BDFF0028BED109F102095FFA89F929
S214031470EBE725460022014FBFE700BFD45F0020FD
S21403148008B5D4F73DFFD4F7E9F800F000FDD6F72A
S2140314902BFCBDE80840D3F759BC10B504460188B9
S2140314A00120D4F7EBFFE3880BB9C823E38010BD14
S2140314B037B50446D4F7F0FF658885420ED8A18871
S2140314C0E288814205D3431B5343491BB3FBF1F325
S2140314D09AB280B240EA024003B030BD0022F8E779
S2140314E070B50C46088800F0DCFB94F844300546DB
S2140314F083420FD004F11C06304600F015FC84F836
S214031500445000F015FC618BA0643046BDE8704083
S21403151000F005BC70BD38B5044690F844108378D7
S214031520826CCB1A59425941D3F79AFCE37893B1AC
S214031530257985B900F0FCFB0346A268218A04F1ED
S2140315401C009C1A8C4236BF52182946D11ABDE895
S214031550384000F0E4BB38BD10B590F89E30CA188A
S21403156002F03F02024492F85D404A1C02311A44DC
S2140315700B4402F03F0203F03F030244034492F895
S2140315805D2093F85D301B0443EA022343EA04001C
S21403159010BD0023C0E903337047836A0B60C36A38
S2140315A04B60036B8B6070470B4610B504461C22DA
S2140315B000211846EBF70AFCA2880280E2884280E4
S2140315C022898280E2688260227E027310BD30B573
S2140315D00A44914200D130BD90F89D3090F89E4069
S2140315E0013303F03F039C42F5D090F89D4011F879
S2140315F0015B044484F85D5080F89D30E9E7D3F737
S214031600A7BD00B1A030704738B5044600F072FBA2
S214031610204600F06BFB0546204600F069FB20469B
S21403162000F067FB284638BD30B129B1436D0B6027
S214031630836D4B60C36D8B60704790B189B1C38D6A
S2140316400B80038E4B80438E8B80436B8B60036CC7
S2140316500B61436C4B6190F83C300B7690F83D3051
S2140316600B73704738B5044638B190F8893013B118
S21403167090F83D3013B9B4F9320038BD00F058FB8A
S214031680236AC51AB5F57A7FF5D394F9060000F0F8
S2140316902DFB41F28833584347F23053B0FBF5F045
S2140316A0984228BF1846E36D584300F50040000CE7
S2140316B0E3E77047D3F7CEBDD3F7DCBD10B590F89C
S2140316C088300446052B0BD194F83C30808843B110
S2140316D000F0DDFA002384F83C30002384F88830D9
S2140316E010BD00F0CAFA0123F5E770B504460028DA
S2140316F05BD090F88930002B57D000F019FB0646D4
S21403170094F90600FFF780FF054694F90700FFF7F4
S2140317107BFF47F23052954288BF0025904294BF24
S21403172003460023C82202FB05F15A436264E26DB6
S21403173021646A4302F50041090C6186A16B1144DA
S214031740A163A26BB2F1347F0FD294F8881025659B
S214031750C9B194F88A0094F83C2068B172B1A26DBE
S214031760E3645A43120C22860DE0A2F13472A2639C
S214031770626B01326263E4E7002AF0D0626DA36411
S2140317805A43120CE28501231944204684F8881034
S21403179084F83D302662FFF791FF04F1600041F2C2
S2140317A08831BDE8704000F0BABA70BD10B5044683
S2140317B060B10023C0E90D3390F90600FFF724FF5C
S2140317C094F90700BDE81040FFF71EBF10BDFFF7F2
S2140317D0EDBF28B190F889300BB18C3070471846AE
S2140317E070477047034690F8340028B193F83500E5
S2140317F083F83A10D5F750B818889B7811B11BB9FF
S21403180000F045BA002BFBD100F037BA38B590F894
S2140318103A3090F83B1004468B422DD01422058FA5
S214031820132DB5FBF2F203D8BDE83840FFF7DABF55
S214031830C81A90FBF2F2002A1BD1002804DC013BF5
S2140318409942B8BF194603E001339942A8BF194627
S2140318502046C9B2FFF7C6FF94F83A2094F83B3007
S2140318609A4209D004F13C001421BDE8384000F048
S21403187056BA1344E4DDE8E738BD38B58388044632
S21403188033B3C37800F10C058BB10021C170FFF7A9
S214031890A9FF4FF6FF72A388218993421CBF03F169
S2140318A0FF33A3802846BDE8384000F038BA01234A
S2140318B0C37090F834304BB190F83610002908BF47
S2140318C0FF212046FFF78EFFE188EBE7FF21F8E7CD
S2140318D038BD0122C2700022828090F8342003466D
S2140318E01AB190F83610D3F7E7BC9B7800880BB193
S2140318F000F0C3B900F0CBB9002190F834200346BA
S214031900C17081800AB1D3F7D7BC9B7800880BB926
S21403191000F0B3B900F0BBB910B590F83430044604
S214031920A3B190F8363013B9FF2380F83630A17888
S2140319302088B1FA81F14909D4F712FF0023002861
S214031940B2BF84F8343084F8350063872046BDE898
S2140319501040FFF7D1BF90F8342080F836101AB144
S214031960C3780BB1D3F7A8BC70470187704770B52F
S2140319700446054600262B4655F8040B10B11B1BE0
S2140319800C2B00DD70BD237C8680002BF3D0637C9C
S21403199013B1FFF79EFFEEE7FFF7AEFFEBE7FFF7A8
S2140319A0E6BF70B5044605464FF6FF762B4655F858
S2140319B0040B10B11B1B0C2B00DD70BD8388B342D8
S2140319C0F4D04FF4FA724FF6FF731146D3F798FC30
S2140319D0ECE788B139B1E623418059434FF47A7373
S2140319E0B1FBF3F101803AB1E623C2815A434FF4C7
S2140319F07A73B2FBF3F282817047F0B5059E9DF8C9
S214031A0018409DF81C50002858D0477C002F35D02E
S214031A10002C33D00024C0E90444846184890CB1CB
S214031A20B4424DDDC4890CB19C4249D90488002CCC
S214031A3061D14688002E71D00CB99E4270D8436996
S214031A4023B901290B4638BF01234361C4F10204BD
S214031A5004744FF47A744369CA1A838863439A42B8
S214031A602CD30123437400234361C37C042B2ED859
S214031A70002D45D0438904FB031338E090F812C0C9
S214031A80BCF1000F05D006230374201E18BF0120E7
S214031A90F0BD7FB1002CC1D185B1836973B1CB1A78
S214031AA0002B0BDBC37CC0E905440133C3744474C9
S214031AB00220EDE7002CB1D1446104740020E7E76F
S214031AC00123437400234361C37C042B07D90123FA
S214031AD0837406230374002383610120D8E703235A
S214031AE003746DB14FF47A72438902FB0313012B1F
S214031AF038BF0123F0E7B442CCBF0024012498E7A3
S214031B008561EAE703893BB141F288318A4203D90A
S214031B10934201D905230BE0002309E0002C8ED164
S214031B2000234361C388002BECD09342EAD20423FC
S214031B300374C3E709B100F0A0B800F0A8B810B565
S214031B400446C0600830D4F7C1FE21792088B1FA74
S214031B5081F14909FFF7EEFFA37943B12179608844
S214031B60B1FA81F1BDE810404909FFF7E3BF10BDA4
S214031B7000F0CBB80346184613F8012B8A4201D06F
S214031B80002AF8D1704738B50D4604466921284621
S214031B90FFF7F0FF037828465B1A18BF012370216E
S214031BA0A370FFF7E7FF03788B4201BF012384F896
S214031BB03430FF2384F8363038BD10B53B21044655
S214031BC00068FFF7D7FF0022034603F8012B2068BF
S214031BD0236010BD10B540B1421E0A24002012F83F
S214031BE0013F303BD9B2092900D910BD04FB0030B0
S214031BF0F5E708B500F086F808B540F2BA420021CA
S214031C001020D4F7B9FB41F2E823584340F6FF739C
S214031C1000F2FF70B0FBF3F080B208BD50F80C3C46
S214031C2023B150F8041C30F80E0C184770470846CA
S214031C3019B1FF21103002F0C4BD704773B50546D5
S214031C400E466DBA1446D4F7C1FCADF804507EB107
S214031C50012C04D0032C09D00022012101E02246E6
S214031C60022101A8D7F7D4FB02B070BD0022F7E724
S214031C70042132460DEB0100F4E707B540BAADF890
S214031C80040001A8D7F7F8FB03B05DF804FB07B51B
S214031C9040BAADF8040001A8D7F71AFC03B05DF804
S214031CA004FB002307B540BAADF804000DF10301A9
S214031CB001A88DF80330D7F737FC9DF8030003B06F
S214031CC05DF804FB007800F0DF03552B07D064288B
S214031CD007D0663818BF4FF0FF30C0B270470120F8
S214031CE07047032070474FF0FF307047002070475F
S214031CF070477047704718B12D280CBF012002208B
S214031D007047704708B502F04EF908B500F0A0F822
S214031D10BDE8084004F051BE50E9023018470A46B1
S214031D200830FF2102F044BDFF21083002F051BD08
S214031D3008B50AF0C8FDBDE8084009F0DFBAD4F7D5
S214031D40D3BD13B500240DF107008DF8074003F04B
S214031D50E6FD40B99DF80700033803288CBF002032
S214031D60012002B010BD2046FBE72DE9F0410446F2
S214031D7000274FF00C0E8F4202DB0020BDE8F081F7
S214031D802078904204D1002594F80780454502DB6D
S214031D9001370C34EFE70EFB05F6D4F808C00CEB5E
S214031DA006003CF806609E42E8D00135EEE7F8B53B
S214031DB00446BDF8185040B1FFF7D7FF80B10023A3
S214031DC00C27C6789E4202DC00242046F8BD07FB9B
S214031DD003F241688C188A5AAA42F6D00133F1E717
S214031DE00446F2E7F0B585B005460E461746D4F727
S214031DF06DFE0446A0B131462846D4F71FFE83780D
S214031E003A46002BA36831460293A37828460193EB
S214031E104FF0000300930CBF80234023E4F706FC37
S214031E2005B0F0BD08B51288D4F750FE50B102795C
S214031E30BDF80C309A4207D881680298EBF718F879
S214031E40002008BD8620FCE78920FAE7D4F746BFC2
S214031E50002004F02EBE08B504F093FE002814BF3D
S214031E600320002008BD10B50446FFF76AFF20B123
S214031E702046BDE81040DFF71FBB10BD08B5FFF7CF
S214031E8060FF18B1BDE80840DFF708BB08BD704720
S214031E9008B502F072FBFFF7F3FAD4F7BBFF642032
S214031EA0DFF71AFB6420DFF707FB02F068FBD2F7C5
S214031EB07BFF08F07DFEF8E7F8B5D0E90176437BB3
S214031EC004460D4613B133463E461F46FFF730FF22
S214031ED0012D206438460ED1D3F79AFA3046D3F74D
S214031EE0BBFA257360784FF47F42BDE8F8404FF4A1
S214031EF08171FFF777BF022D05D1D3F7ADFA3046D0
S214031F00D3F786FAEDE7D3F7A7FA3046D3F7A4FA62
S214031F100025E6E738B5037B04468B420D4607D11A
S214031F2090F844305BB3BDE838404830FFF7FCBE5A
S214031F30FFF7FEFE216C431AC72B0CD80123C831CA
S214031F4084F8455084F84430091A04F14800BDE883
S214031F503840FFF7E4BE0DB1237B2BB92946204654
S214031F60BDE83840FFF7A8BF00212046FFF7A4FFCF
S214031F700123C82184F8455084F84430E5E738BD8A
S214031F8090F84510FFF7C6BF0121FFF7C3BF022134
S214031F90FFF7C0BF0021FFF7BDBF4FF6017399429D
S214031FA010B5044602D10021FFF7B4FF2046BDE872
S214031FB01040D5F75DB9032910B504462BD0007B36
S214031FC030B9012903D002290CBF0120FF2010BD20
S214031FD0032A07D8DFE802F00208101401291CD0F0
S214031FE002291FD0FF20F2E70029FBD1B4F85C20BA
S214031FF0012A12D0022AF4E704290ED00529F0E7B5
S214032000042914D0052914D00029EBD1B4F85C2098
S214032010111F0129ECD80220D9E75A1E5342534117
S2140320205800D4E7022B0CBF02200120CFE7002084
S214032030CDE70120CBE730B587B005460C46D4F78D
S2140320403BFE012820D11CB1611E4B424B41580078
S2140320506B784FF480728DF804304FF48273ADF8CA
S21403206006304FF48173ADF8083001238DF80B303A
S214032070002385F8900001A8CDE903238DF80A40D4
S2140320808DF81430D4F750FE07B030BD41680346D0
S214032090C978027B99B98168C97899B9002A08BFBB
S2140320A00321D5F7A9B99B7B002B0CBF0121022185
S2140320B0F7E79B7B002B0CBF02210121F1E7012AE6
S2140320C0F1D17047012AF4D17047042910B50446AC
S2140320D004D831B1BDE81040D5F712BA05290DD0A2
S2140320E010BD037B5522002B08BF0321A0F85C100C
S2140320F040781221FFF776FE2046EBE743681A8AFC
S21403210083681A82E6E70123037303780133437374
S2140321104FF44073C381032303740023A0F85C3099
S21403212080F89030704728B103681BB1DB680BB1A9
S214032130406818474FF0FF30704728B103681BB15B
S2140321401B690BB140681847704710B440B1046868
S21403215034B1646924B1A44640685DF8044B604713
S2140321605DF8044B7047F0B5002305460A2785B093
S2140321701C46B2FBF7F604F110000DEB000407FB58
S2140321801620303004F80C0C10460133092832466A
S214032190DBB2EDD81944C8B2C11AC9B20BB905B03F
S2140321A0F0BD5A1E04ACD3B254FA82F212F80C2CC9
S2140321B06A54F1E730B5044685B001A94068FFF7D5
S2140321C0BCFF2546562305F8353F019A01212846CC
S2140321D0FFF7C9FF4123411C2044029A80F835309B
S2140321E0C9B22846FFF7BFFF5723411C204480F897
S2140321F03530039A2846C9B2FFF7B5FF84F8340092
S21403220005B030BD8289C389002A08BF4FF46662D1
S214032210002B08BF4FF47A530188914288BF02808F
S21403222042889A4288BF43804389042B9CBF052378
S2140322304381704700B18167704770B5044692B01A
S21403224000285DD04368002B5AD01A6822B1126862
S21403225012B1586804A990479DF81C50D5B1089B45
S214032260BDF810006362099BBDF81210A3629DF8C7
S2140322702830BDF9142084F82C3004F11603A0810D
S214032280E1812282019304F11403009304F1120303
S214032290D5F736FAA66F002E32D08DB36368002BBF
S2140322A03DD01D6825B1AA6962B3586890470546B4
S2140322B0FFF73EFDB37801460293F36CBDF810209A
S2140322C05B7904F15C00CDE90053BDF81230FFF7EB
S2140322D094FB012825D1F36C5B7913B1304600F0EB
S2140322E07CF894F86C3094F888209A4208D04FF61D
S2140322F0367240F60431207884F88830FFF772FD92
S21403230012B070BD2D68002DD2D058680BA9A8470F
S2140323109DF83850002DCBD0BDF93050C8E71D4688
S214032320C6E70228DDD1F36C5B79002BD9D13046A2
S21403233000F049F8D5E7704738B50D46044660B156
S21403234059B198220021EAF741FD4FF47A7301222E
S214032350C4E905232B236560237738BD704738B55A
S21403236004460D4601B945890123E373FFF7E0FCF4
S214032370FA2202FB050020612089BDE8384050435D
S214032380FFF771BD10B50446006DD8B1E278022A96
S21403239004D0E36C5B7972B984F8543094F8543003
S2140323A06BB1FFF796FA60784FF60272BDE81040FD
S2140323B00621FFF717BDB3FA83F35B09ECE7FFF7D4
S2140323C09BFAF0E710BD10B50446C06CD3F720F8AF
S2140323D02046BDE81040FFF7D5BF10B50446C06CD5
S2140323E0D3F73AF82046BDE81040FFF7CBBF10B549
S2140323F00446C06CD3F756F82046BDE81040FFF7F6
S214032400C1BF13B50446007804212D3001AAC0B21B
S214032410D4F750F938B99DF8043084F85530BDF830
S2140324200630A4F8563002B010BD07B590F8553004
S21403243004218DF80430B0F85630007801AA2D3008
S214032440C0B2ADF80630D4F745F903B05DF804FB27
S21403245010B50446002206214078FFF7C3FCA37894
S214032460022B01D0FF2B04D12046BDE81040D5F740
S214032470A3BF10BD38B54FF60273994204460D4606
S21403248001D1FFF77FFFE378022B02D02046FFF748
S21403249079FF206D68B190F8343053B14FF603736B
S2140324A09D420BD194F85510FFF755FA2046FFF7D7
S2140324B0BCFF2046BDE83840D5F77EBF4FF6047311
S2140324C09D42F6D1B4F85610FFF74FFAEEE710B573
S2140324D0D0F8A4407CB103791BB14079D6F75AF8FB
S2140324E048B9A3883BB932222046BDE810400123F1
S2140324F01146D2F705BF10BD10B50446FFF7E7FF38
S214032500A278237982B913B12046D6F769F8204614
S214032510D6F7AAF803236078A4F86C305522BDE8F2
S21403252010401221FFF75EBC012B02D12046D6F7DE
S21403253057F8A379012B02D12046D6F795F8012345
S214032540E9E710B583780446ABB9FFF7C0FFA37875
S2140325508BB9237913B12046D6F764F82046D6F70D
S214032560C9F804236078A4F86C305522BDE81040FF
S2140325701221FFF737BCB4F86C30022B0DD0237949
S214032580032B02D12046D6F72BF8A379032B02D1CF
S2140325902046D6F769F80023E4E72046D6F7EEF898
S2140325A0F9E7827883685AB9DB78002B14BF0323D4
S2140325B00423A0F86C30552212214078FFF712BC92
S2140325C01A7922B9DB78003B18BF0123F1E702230F
S2140325D0EFE77FB500239E6A0446B6F5804F0D46A7
S2140325E00CD201A8D6F798FA039B5B0506D52946B5
S2140325F02046336C04B0BDE87040184704B070BD85
S21403260000239B6AB3F5804F05D21B6BB3F5804F4F
S21403261001D29B6818474FF4817070471FB500239B
S2140326209A6AB2F5804F04D340F2011005B05DF804
S21403263004FB126BB2F5804FF6D2012201A8CDE956
S21403264002338DF80420D6F767FA039BDB03EBD53A
S214032650029B1A0EE8D0012A03D1C3F307430A2BC1
S214032660E2D900239B6A1B6B1B6C9847DEE708B511
S2140326700AF0E6FAB0FA80F0400908BD134610B532
S21403268042B103439B0707D10AF0D6FAB0FA80F0AB
S214032690400910BD0120FCE70020FAE70023036091
S2140326A0704703680B600160704710B538B132B1EC
S2140326B029B100230139D45C14B90023037010BD7B
S2140326C08B42FAD200F8014B0133F4E7034638B1E4
S2140326D00020814204D01A5C02B970470130F8E743
S2140326E070474FF0FF31FFF7F1BF70B50C46164643
S2140326F0054660B15AB151B1FFF7F3FF844206D9DC
S214032700211A32462844BDE87040FFF7CEBF70BD9D
S214032710FEE7FEE700239A4200D1704710B550F853
S214032720234041F8234001339A42F8D110BDD6F72F
S21403273053BE4369426CD91C143AB1FBF2F103EB66
S214032740C1000330B0FBF2F00230704738B50546DF
S2140327500C46FFF7EEFF6A6CE31D143AB3FBF2F385
S214032760013304EBC30402FB004038BD38B505460D
S21403277044692146FFF7EAFF6A6CE31D143AB3FB8C
S214032780F2F3013304EBC304204438BDF7B5074620
S2140327900E4600257C6CA819644280EA06031C409A
S2140327A003D02C46204603B0F0BDFB6B01225B69C9
S2140327B001A99847019B0133F4D10435EAE770B5C4
S2140327C005460C46D8F7DEFBEB6B2046BDE87040AB
S2140327D0DB68184770B50025044686B00562E369D2
S2140327E0AB4202D8206A06B070BD666C2068E36B05
S2140327F005225B6901A906FB0500984701A800F0BE
S21403280023FC00F046FC10B1236A01332362013532
S214032810E5E738B50446456C006804F1400305FB5C
S2140328200101E06B00F042FC05462046FFF7D2FFAD
S214032830284638BDF0B50546002687B0EC69013C4E
S214032840B44203D80C46204607B0F0BD01B14C1E77
S2140328506F6C2868EB6B05225B6901A907FB040014
S214032860984701A800F0F0FB00F013FC0028EAD11B
S21403287021460136E2E7F0B504460D46466CE36BA7
S214032880006887B005225B6901A906FB0500984727
S21403289001A800F0D9FB00F0FCFB20B101A800F072
S2140328A0AAFB07B0F0BD29462046FFF7C3FF06463E
S2140328B0676C2068E36B05225B6901A907FB0600CA
S2140328C0984701A800F097FB431CEAD0B54238BFEF
S2140328D00130E6E72DE9F0434FF6FF79D0F8248080
S2140328E004460E46C84514BF45460025002787B054
S2140328F0E369BB4202D807B0BDE8F083E26B236806
S214032900606CD2F814C000FB0530052201A9E0472D
S21403291001A800F099FB022806D0C8450CD1721C0A
S21403292029462046FFF775FFE3690135B5FBF3F249
S214032930013703FB1255DBE729462046FFF79BFFCB
S214032940B0F1FF3F14BF024632460132E8E70368A0
S214032950F0B5CC1A436C0646B4FBF3F4002587B0F7
S214032960F36937685A1E9542706C08D3706C3368E7
S21403297000FB043007B0BDE8F04000F095BB01341F
S214032980B4FBF3F203FB1244F36B05225B6901A964
S21403299000FB0470984701A800F056FB00F079FB93
S2140329A00028E3D10135DBE710B423F00304224407
S2140329B09B070A44436C18BF04325B4281EA020455
S2140329C0234203D05DF8044BFFF7C1BF10465DF802
S2140329D0044B70472DE9F041D0E90A369E4204467F
S2140329E086B028D11422C369456802FB13552846CE
S2140329F006B0BDE8F0812068676C331AB3FBF7F3C3
S214032A00E26B07FB0300D2F8148001A90522C04736
S214032A1001A800F019FB012804D0636C1D44013B98
S214032A203340ED1A31462046FFF791FF0646A36A68
S214032A30B342E0D1DBE70025F9E708B508301346D3
S214032A40D1E90012D8F724FA012008BD13B50C46C5
S214032A50002121760093616813462246D6F712FEBC
S214032A6018B1E37D03B1A07EA075A07D02B010BDB2
S214032A7073B5164600F108050C46284609680DF19D
S214032A80070200F098F9032E06D16368834203D148
S214032A902846216800F076F9012002B070BDD01EEA
S214032AA0009B42424241187E824211D11A688A42F2
S214032AB00ED85A688A420BD35A6901325A61D3E94F
S214032AC0030282423FBF986840F8221001321A611F
S214032AD00120704710B5032A029C07D1A26A53400F
S214032AE0626C5242134201D100F04CF9012010BD32
S214032AF008B5C36800209847BDE80840D8F74ABA27
S214032B00012814BF0420022070B5002442431C7021
S214032B10CC7D101D02F002024CB91AB1012220F03E
S214032B2003001A7000F108034868184470BD1AB110
S214032B30012220F003001A7000230C7E01F1200509
S214032B40DAB2A24201D30020F0E735F833205E1C48
S214032B50824206D901EBC30300F10802D869104488
S214032B60E4E73346801AEBE773B5054690F8426010
S214032B701C4630460DF10303FFF7C2FFEB6B012E35
S214032B805B690DD1324601A998479DF8033013B10E
S214032B90BDF806300193BDF80430236002B070BD63
S214032BA00122214602B0BDE870401847F0B505463D
S214032BB000244868EB6B87B00E4601225B690294DB
S214032BC002A908309847274695F84230012B40F073
S214032BD0AC80632C00F2AB80612C08D805AB224690
S214032BE031462846FFF7C0FF9DF814305BB305ABAC
S214032BF02246314628468DF81070FFF7B5FF95F844
S214032C004230012B059B7FD14FF6FF72934256D07D
S214032C10082205A904A800F063FA059B9DF8101086
S214032C20C3F3072291424AD1DBB2029A1A440292B4
S214032C3045E0DCD005AB224631462846FFF794FF35
S214032C40BDF81430D2E795F84230012B39D1612C08
S214032C502ED822463146284603ABFFF785FF31467A
S214032C60284604AB621CFFF77FFF3146284605ABB8
S214032C70A21CFFF779FF102208230DEB02010DF1CA
S214032C8007008DF8073000F02BFA102205A90DF186
S214032C90070000F025FA039BDAB24AB99DF807202D
S214032CA0B2EB132F04D1DDE9043203EB02430293A4
S214032CB095F84230012B14BF012302231C44013430
S214032CC082E7302CF4D822463146284603ABFFF77A
S214032CD04BFF3146284604AB621CFFF745FF102323
S214032CE020220DEB03010DF107008DF8073000F0ED
S214032CF0F7F9039B9AB2002ADAD19DF80720B2EBC4
S214032D00134FD5D1049BD2E70133D8D0102205A99F
S214032D100DEB020000F0E4F9059B9DF81010C3F3D9
S214032D2007429142CBD19BB27FE7312C81D90298DF
S214032D3007B0F0BD13B500240194049C0094D7F7A4
S214032D407DF902B010BD13B501240194049C0094D0
S214032D50D7F774F902B010BD00234FF0FF3230B539
S214032D6044689C4202D10023037230BD016801EB24
S214032D70C30541F833206A600133F2E7C0E9001265
S214032D80FFF7EABF0023F0B545689D4210D00468FC
S214032D90DF0054F8332004EBC306B2F1FF3F08D03C
S214032DA0C2F31302914204D14FF0FF33E351736031
S214032DB0F0BD0133E9E70023F0B545689D4202D133
S214032DC04FF0FF300EE00468DE0054F83340671C13
S214032DD009D0C4F31307B94205D1240D1470036850
S214032DE033445868F0BD0133E8E7704770B5940084
S214032DF0224605460E4609F01FFF431C0AD058B963
S214032E00224631462846EAF72DFB002814BF3D200C
S214032E10002070BD6E20FCE77120FAE713B5044668
S214032E2001A8D9F735F99DF8063023804FF480734F
S214032E306380D9F73BF96060002002B010BDD9F774
S214032E40ABB808B5D9F79CF8002008BD10B5044602
S214032E5044EA010313F00303084609D1934201D160
S214032E60002010BD54F8231040F823100133F5E773
S214032E7021469200EAF73AF9F2E710B5044609F05C
S214032E80DFFE431C10D088B9D9F710F9234620F08B
S214032E9003002044984201D1002010BD53F8042BB0
S214032EA00132F7D03E20F8E76E20F6E77120F4E70C
S214032EB0704713B50023044601461B220DF1070095
S214032EC08DF8073000F00CF922689DF80730B3EB55
S214032ED0D26F0CBF0120002002B010BD13B5002333
S214032EE00446014620220DF107008DF8073000F056
S214032EF0F7F80DF107001A22211D00F0F1F86268B9
S214032F009DF80730B3EB926F0CBF0120002002B090
S214032F1010BD0068431C584258417047006810F0C3
S214032F207E0F0CBFC0F3C160002070470068C0F37B
S214032F30D3107047006800F07F0001288CBF002084
S214032F4001207047036813F07E0F14BF0420082087
S214032F507047036813F07E0F03D1406820F07C406F
S214032F60704713F078001CBF03F07F03D81F704729
S214032F70006800F07F007047032809D0022803D1B9
S214032F80C1F10201C8B2704700290CBF0720002018
S214032F90704737B5054601F10C04436969460122BB
S214032FA020469847BDF80030012201932046AB69BE
S214032FB001A9984703B030BD37B501F10C04436946
S214032FC0012269460546204698474FF6FF72009B46
S214032FD099B291420DD16FF30F0343F4254343F0A7
S214032FE0A503019301222046AB6901A9984703B0C4
S214032FF030BD0020FBE737B5044600251B22011D24
S2140330000DF107008DF8075000F06AF860689DF828
S2140330100720B2EBD06F03D120F0784003B030BD69
S2140330200DF107001B2204F108018DF8075000F08C
S21403303057F8A0689DF80730B3EBD06F01D1C043B3
S214033040EAE74FF0FF30E9E74BF29A22036810B540
S214033050B2EB134F044613D19BB2012B13D1FFF7E8
S214033060CAFF01300CD04FF6FF72E068B2EB104F88
S2140330704FEA104309D180B2C01A18BF012010BD11
S2140330802368013303D00420F9E70220F7E703207F
S214033090F5E701288CBF002001207047033801287C
S2140330A08CBF002001207047143070472DE9F04193
S2140330B005469846036908460E461746984704464B
S2140330C038B943463A4631462846D7F7D3FF04462F
S2140330D018B131462846FFF75CFF2046BDE8F0816D
S2140330E01F2A0B689EBF4FF0FF3191408B43590850
S2140330F001F055315B1A03F033319B0803F0333389
S2140331000B44017803EB13130A444FF0013103F029
S2140331100F334B43A2EB13620270704708B507F0F8
S214033120EFFBBDE808400021D8F7AEB80221032024
S214033130D8F7A8BA704770477047704770B505460A
S21403314014460E4609F065FA2B685C4034405C4032
S2140331502C60BDE8704009F057BA10B5002422B1C0
S214033160032A0CD00360047110BD11F4000218BFCB
S2140331704FF07F4221F07F4313430C0EF2E721F01A
S214033180FF03CCB2EEE730B5012400F58053456863
S2140331905C60CB784A785B0443EA02230A781343DD
S2140331A08A78120402F480321343C0F89830EB078F
S2140331B05CBF00F50050446030BD70B501260C4678
S2140331C0054600F500535E600B78497803F0070365
S2140331D043EAC103E17843EA0123A178090101F038
S2140331E030010B430367C36AA17923F48B3323F4BB
S2140331F0807343EA01432179090201F4E0610B433A
S2140332006179090301F480510B43C3621146FFF74A
S214033210BAFF05F580535E60E37903B1EE6070BDD7
S21403322008B50A6FC96F02F00702FFF796FF08BDDD
S21403323013B5044601A8D8F72BFF042C04D8DFE8FF
S21403324004F0061603101300002002B010BD40F26F
S2140332509C4040F2BA439DF80520012A08BF184651
S214033260F3E740F6B830F0E74FF41660EDE740F2C8
S214033270E240EAE74FF050234FF400321A677047F4
S2140332804FF0B0435A6812B19A6A002AFAD17047CF
S214033290036BDA0702D503695B06F9D4704710B5EA
S2140332A0FFF7F6FF0122044600F500531A630B7975
S2140332B048881B0243EA8043887A0343487843EAF4
S2140332C08013C87A43EAC013087B43EA4013487B5B
S2140332D043EA0013887B43EAC003C87B43EAC02360
S2140332E0887943EA0043C87943EA4043636004F5B8
S2140332F080531A630A780AB90223E36000236362E1
S2140333004B79087A1B01497A43EA80030B43A3608F
S2140333100AB10123E36010BD70B51446FFF7B8FF8A
S214033320012200F500531A63637AE2791B0143EA2C
S2140333300253A27900EB41151343E27A064643EAA9
S214033340C2432B66237A0BB3237B2A6E42EA43429D
S2140333502A66013B18BF0123A278D8F7B1FE0123E2
S21403336006F580563363637822781B0643EA826346
S214033370E27843EA0233227943EA8223627943EA14
S2140333800223A27A43EA82036B6670BD2B6E2B661A
S214033390E5E7012200F580535A60CB43934003F0E0
S2140333A00A034361416111B900F50050426070475A
S2140333B083695B06FCD5C163704770B50546144642
S2140333C00E4609F026F92B685C4034405C402C60BE
S2140333D0BDE8704009F018B90122417803788A40A5
S2140333E030214B4342F2100103F1A04303F570333F
S2140333F05A50704721FA00F2D20730B5034600F060
S214033400FC040FD500220132D2B2042A02D14FF0B7
S214033410FF3008E0831803F00303234421FA03F57F
S214033420ED07F0D4184630BD0020704700207047E3
S2140334300020704700207047012070470120704726
S2140334400F207047EAF728BD002307B5CDE9003300
S214033450012369464FF0FF308DF8023004F058FB25
S21403346003B05DF804FB0020704710B508B92120AF
S21403347010BD0029FBD0036813F0704205D1C3F3D7
S2140334800E030B607BB10020F2E703F05044B4F167
S214033490004F05D0B2F1304F02D0B2F1404FE6D123
S2140334A003F07F03EDE74368002BE0D00B60EAE709
S2140334B037B50C46054610B9212003B030BD0029A8
S2140334C0FAD0002301A90193FFF7CFFF0028F4D118
S2140334D02968019A11F0704102F1030222F00302F7
S2140334E001D12260E9E7AD68B1F1004FC5F380333F
S2140334F0C5F3403504D103EB450353432360DCE7B0
S214033500B1F1204F01D12B44F7E7B1F1304FFAD098
S214033510B1F1404FF7D0CFE737B50C460546002844
S21403352000F08780002900F0848000230B60036886
S21403353003F070430B60C26822B1032A79D143F0CB
S21403354080630B60AB689A0149D403F08073EA6822
S2140335500AB9002B6DD1226822F040721343236010
S214033560EA68032A05D12A69F62A62D962F3174361
S2140335702360AB681B0442BF236843F40043236005
S214033580EB68032B1FBF23682A6862F30E032360CE
S2140335902B68AA68002B2ADB12F4C84F49D12B6884
S2140335A003F0704303F10043B3F1804F05D2530594
S2140335B042BF236843F4806323600023284601A99F
S2140335C00193FFF752FF40B92B6813F070421FD1E7
S2140335D02368019A62F30E03236003B030BD03F041
S2140335E04073B3F1407F18BF4FF00073AFE750044A
S2140335F002F4005105D4E1B1236843F40053236079
S214033600CDE7236843F4804323600029C7D0F3E75C
S21403361003F05043B3F1004F05D0B2F1304F02D060
S214033620B2F1404F05D1019B5A1E236862F306038D
S214033630D2E72120D1E738B131B101234B604FF0F7
S214033640005300208B6070472120704737B50C4627
S214033650054608B9212016E00029FBD001234B605C
S214033660C368A3B901A90193FFF722FF58B9019BC9
S2140336706A699A4209D32A69002AEBD0226043F08A
S21403368000530020A36003B030BD1D20FBE7032BCF
S214033690E0D10023F5E7436813B9416070475B68E0
S2140336A05A68012AFBD159607047FFF7DCBE08B59C
S2140336B0FFF7D9FE002814BF6FF09200002008BD64
S2140336C01346428870B50732072A0C464FEAD201E2
S2140336D001D0A14222D1466805882022184600213F
S2140336E0E9F774FB360A0346DEB9BCB141F20102C0
S2140336F0954205D0B5F5885F02D0B5F5905F02D147
S21403370000205C6070BDB5F5105F0DD1182C03D09A
S214033710202C01D0102C01D11C60F1E76FF086003D
S214033720F0E76FF08B00EDE76FF08500EAE7F0B5A2
S2140337301C46436806461B0A0F46154689B035D114
S21403374022462946FFF7BCFF68B9EB1C23F00303A8
S214033750C4E90307636145B9202200212046E9F73F
S21403376035FB6FF0860009B0F0BD0146202268469F
S214033770E9F72CFB6A4629463046FFF7A1FF0028E7
S214033780EAD12368009A9A42E6D16368019A9A427C
S214033790E2D1A368029A9A42DED1A369069A9A42B4
S2140337A0DAD1E369079A9A42DDD0D5E76FF08B004A
S2140337B0D9E7D9F7DBB8D9F7F5B9704700207047D2
S2140337C000207047C3681944836853F8210030F813
S2140337D0023B13607047012310B580F888300378E6
S2140337E0044653B100F061FA21462046D9F7CCFAD5
S2140337F02046BDE8104000F04DBA10BD38B50D4662
S2140338000446D9F7A9FA6B682046C4F8B032A9680B
S21403381000F096F94FF0FF332046C4F8B432FFF7B2
S214033820CDFF38BDD0F8B43210B50133044601D00D
S214033830002010BD00F0BCFAC4F8B4020130F7D182
S21403384094F8B80280F00100F3E708B5D9F7C0FA98
S21403385008BD0A7801382D2A0ABF012200228918DA
S214033860D9F712BB07281BD8DFE800F0060A0D10AD
S214033870131504170120704700220820D9F704BB4C
S21403388000221020FAE700222020F7E70820FFF79F
S214033890E0BF1020FBE72020F9E70846D9F756BB20
S2140338A0002070472DE9F74307280C46DDE90A7622
S2140338B090461D4608D8013806280AD8DFE800F0E7
S2140338C01D27303A44574A00212850D003B0BDE89C
S2140338D0F083002220461146E9F744FA3368C0B263
S2140338E005EB83013A6845F82300013348F82210B4
S2140338F033603B6801333B60E8E70022204611460D
S214033900E9F730FA336880B205EB8301EAE7002271
S21403391020461146E9F726FA336805EB8301E1E70B
S214033920002220461146E9F7CBFB336840B205EB8D
S2140339308301D7E7002220461146E9F7C1FB336827
S21403394000B205EB8301CDE7002220461146E9F7D6
S214033950B7FBE1E7002389461E461D468DF8063071
S21403396019F8013F7D2B06D125702D0A65703B683B
S21403397048F82340BDE7202BF2D006F001020136BB
S21403398012B98DF80430EBE71022002101A88DF858
S2140339900530E9F795FB631901359870ADB2DFE79B
S2140339A02DE9F04F9B46002385B08B45814688461C
S2140339B09246CDE902336BDC1A461E4619F80340DD
S2140339C0212C09D81F2C04D8103C072C98BF0122A1
S2140339D000E001260133F1E7FF2CFBD15B4436B14F
S2140339E0013B43450ADD2B2005B0BDE8F08F62B1ED
S2140339F0013B4345F7DC3546374602E000252F46B4
S214033A002E46454504DB0020EEE79845F3D0EAE76B
S214033A105D453BDB19F80730202B18D109EB07036C
S214033A205B78FF2BDFD1CEB920465AF82510FFF777
S214033A3019FF78B303AB019302AB00932046DDE98D
S214033A400E235AF82510FFF72DFF0135D9E7212B52
S214033A500ED109EB07035B78FF2BC4D1029B5AF800
S214033A6025200E99012641F8232001330293ECE723
S214033A70A3F11004072C02D91C460137D3E709EB40
S214033A8007035B78FF2BAED1E4B2CCE70624CAE784
S214033A902120A9E72620A7E72DE9F04F07460E4683
S214033AA015469846044685B0DDF84490DDE90FAB2D
S214033AB0206808B3DAF80020D8F800108A421BDA28
S214033AC00E9B53F82210D5F7BBFB48BBDAF8002051
S214033AD00132CAF800206268117BFE291BD10E9BB7
S214033AE01068012100932A464346CDE902B9CDF872
S214033AF004A0FFF7D1FF04462B7843B999F80030AA
S214033B002BB97EB101233C4689F800302B70204642
S214033B1005B0BDE8F08F01238BF800302B70EBE780
S214033B200C34C5E73446F2E710B50446236803B9F8
S214033B3010BD237A13B92046D9F73EFA0C34F5E7BD
S214033B4010B541B10A7932B901249C300C71FEF7E5
S214033B50A8FD204610BD0020FCE72DE9F041BAB0D1
S214033B6005460AAA084603A900F05FF90446B0B959
S214033B700DF10A0301930DF10B038DF80A00009370
S214033B800AAA284604AB03A9D9F7C6FB9DF80A2060
S214033B90B2B19DF80B2048B12AB1D9F70DFA2046E9
S214033BA03AB0BDE8F081FFF7BFFFF8E7D5F89C50C1
S214033BB0002DF4D0A86808B1FFF7B6FF2D68F7E725
S214033BC000B346681AAB06F10C082AAF01934046C9
S214033BD0049B039900970AAAFFF7E2FE044600280F
S214033BE0DDD1039B05A8CDE90637049B0595CDE9F2
S214033BF00838DAF759FE05A83368984705A800F091
S214033C003FFDCCE72D24CAE710B50446AC30E8F7F1
S214033C10D9FF04F1AB031A180020934200D110BD5C
S214033C2013F8011F0029FAD00A2908BF0130F4E768
S214033C300023F0B50B6013600646D0F8AC0278B1EB
S214033C4096F8AC0060B1012406F1AC07D6F8AC02D6
S214033C50844210D306F1AC00B3F5007F10D30120E5
S214033C60F0BD0D6801350D60156801351560F85C0B
S214033C7001330A2802D0B3F5007FF2D30134E5E717
S214033C80C15C0A29EBD00029E9D011680133013160
S214033C901160E1E710B50021D0F88C200446E9F75F
S214033CA095F80023C4E9243310BD73B5044600F128
S214033CB0AC0580212046FEF709FD4FF40071064649
S214033CC02846FEF703FD0136C0F5007086422046FF
S214033CD01FD8E8F777FF06462846E8F773FF01364E
S214033CE02946421CA819E9F7C3F82046E8F76AFFF5
S214033CF0214602462846E9F7F9F92046E8F762FF27
S214033D000A23204480F8AC300023C4F8AC3202B057
S214033D1070BDFFF779FF01AAC4F8AC0269462046D6
S214033D20FFF786FF0022009B234483F8AC20C0E7FE
S214033D3073B50D460446FFF767FF6B1C19D1D4F81D
S214033D40AC3213B1013BC4F8AC3200252046E8F789
S214033D5039FFA84215D82046FFF79CFFD4F8AC32AB
S214033D602BB16946204601AAFFF762FFA0B902B04D
S214033D7070BD012DFBD1D4F8AC328342F7D20133A8
S214033D80E1E7082000F023F8202000F020F80820C0
S214033D9000F01DF80135D9E7009D04F1AC06019B40
S214033DA0AB42E4D9715D2046D9F7E4FB0135F6E76B
S214033DB007B500200DF1070100F0E7F820B99DF8DC
S214033DC0070003B05DF804FB4FF0FF30F9E710B5CA
S214033DD0C1B20446002000F0C8F800280CBF2046F5
S214033DE04FF0FF3010BD0FB407B504AA52F8041BFA
S214033DF000200192D9F75AFD002003B05DF804EBCA
S214033E0004B0704710B54C1C0B460119045D222CF8
S214033E1003D07B2C01D05C2C05D1D21A1844E9F7C9
S214033E2027F8012010BD0020FCE72DE9F0470546E2
S214033E3091468846E8F7C6FE2A460646134619788C
S214033E4001322029FAD0C9F800305C1B01236FF039
S214033E50404AC8F80030A64201D8002014E02F5D7F
S214033E6029197B2F12D0222F2ED1D8F80030621CAE
S214033E7053442A4449F82320012C09D911F8013C5C
S214033E8013F0DF0F04D02120BDE8F0877D27F3E78A
S214033E9001342B5DBB4209D12B195B7813F0DF038A
S214033EA0F1D1222F00D12B550134D4E75C2B07D157
S214033EB0324621462846FFF7A5FF0028E3D0013EF9
S214033EC00134A642E5D8DEE75C2F08D13246214608
S214033ED02846FFF797FF0028D5D0013EE4E7202FBA
S214033EE0E2D10022631CB3420A70DDD2EA18EB5C0F
S214033EF0202BD9D0D8F800300F2B05DC49F8232027
S214033F000133C8F80030CFE71E20BDE700F000B845
S214033F1000207047D5F782B970B50C46154610B920
S214033F20D9F7B8FC38B143682BB12A462146BDE819
S214033F30704000681847232070BDF7B50D46164637
S214033F401C4638B9D9F7A6FC04B901AC20B923201E
S214033F5003B0F0BD03B901ACC768002FF7D0234602
S214033F60324629460068B847F2E707B501228DF8BE
S214033F7007100DF10701FFF7CFFF03B05DF804FB51
S214033F800B4601461846FFF7F0BF00230122FFF752
S214033F90D4BF08B508F038FCFA23B0FBF3F080B2C0
S214033FA008BD0420704740F20160D9F769BD704729
S214033FB0012070470020704749BA89B280EA01039E
S214033FC0C3F303125340180380B258405B0103F453
S214033FD0FF535840704708B5DAF71EF958B1A0F1F9
S214033FE05903042B06D8042B04D8DFE803F0040493
S214033FF0040304005C2008BDDAF766BA7047F8B518
S2140340000C468D18073552421540A5F1080706469B
S214034010384600F0DFF9A188381B628801EBE0011F
S21403402089B2A2EBE00225F8041C25F8062CA28828
S214034030C310AAB1A4EBC202B2F802C0D18003EB4C
S2140340400C015180E28892B1D31A9BB204EBC204EE
S21403405025F8023CA380B3680344B3603846F8BD32
S21403406015F8082C42F0020205F8082CEAE725F8B2
S214034070022CF0E72DE9F04F4FF0000887B0994681
S214034080531C109B0546174614BF14460824CDF848
S2140340901480002B00F0C580C3F80080002900F0D0
S2140340A0C28042688A4240F2BE80073121F007068A
S2140340B008F0BCFA05AACDE9008282463A464B468A
S2140340C03146284600F08AF9059F834607B130B982
S2140340D0504608F0A6FA192007B0BDE8F08FB7F8E7
S2140340E0028029694FEAC802C0EBC8080139B8F153
S2140340F0270F29617AD9B9F1000F51D1864206F10B
S214034100080848D0224639462846FFF778FF044673
S2140341100590059B9844404600F05CF9059906F126
S2140341200F004A88C308A2EBD002A8F80220CA8868
S214034130A8F80430002A30D0D31A9BB201EBC2028F
S214034140A8F8063093808B88F608A380B8F8043066
S2140341503A46E380414600232846668000F0A6F9E7
S214034160AB680833AB60237843F0010323702B69F5
S21403417001332B616288AB68504603EBC203EA68DF
S214034180AB60934288BFEB6008F04BFA109B083491
S21403419000201C60A0E73C46BBE7A8F80620D2E751
S2140341A007EB08042046039200F014F90BF107030B
S2140341B0DB080599638008F10703DB08A380CB8837
S2140341C093B1DB00039AD81D821A5A44C2F3CF0276
S2140341D00B44E2809A80A38808F1FF384FEAD80898
S2140341E0A1F80280CB80BBE7E380F4E7B9F1010FC7
S2140341F01BD107F10803B3FBF4F204FB1233B3B18C
S214034200224639462846FFF7FAFE044623783A46FE
S21403421043F00103237021460123284600F046F9A4
S214034220A8E7222058E7212056E78642E8D13C46F5
S214034230ECE707B500224FF0FF3101AB0192D9F747
S214034240A3FD019803B05DF804FB2DE9F74F044680
S2140342500D46002900F0AB80D0E9056808F0E6F9C2
S21403426015F8087C35F8061CFB07009000D531B915
S214034270009808F0D6F9012003B0BDE8F08FA368D4
S214034280D4F8109035F804ECA3EBC10B09F1010345
S214034290A5F1080C4A1CC4F808B02361BEF1000F50
S2140342A07BD0ACEBCE03D888B3F802A00190187885
S2140342B007F00207C00765D4002F64D10198A0EB6E
S2140342C00A07012F69D18A1CABF108075244C4F8C8
S2140342D01090A76035F802ECBEF1000F61D0D4E968
S2140342E000700CEBCE0A07EB0009CA4559D21CF83E
S2140342F03EC057461CF0010C15D1AEEB0101012957
S21403430011D1BAF80210AAF802C001310A44BAF869
S2140343100610002943D00AEBC10721690139216140
S214034320A1680839A16015F8081C013A21F00101BB
S21403433005F8081C002125F8061C5A801A7861F334
S21403434000021A707FB3C3F107023A44C2F3CF02E6
S214034350DA80BA804EB3B34227D37288002A08BFE6
S2140343601E46B8F1000F06D0434504D8B8F802201D
S214034370002A18BF43460098C4E9056308F051F9BC
S214034380002079E74FB115F8087C724427F002073E
S21403439005F8087C00279F809CE763469AE70F464C
S2140343A0BBE70027BFE7DF80D4E71E46D9E7222016
S2140343B062E710B50446D9F7FFFC2146BDE8104076
S2140343C0FFF743BFFFF7F5BF0846FFF732BF0846C0
S2140343D0FFF7F8BF0023036043607047F0B5D0E9EA
S2140343E00554561C08BF0822002B4FF0000008BFD8
S2140343F02C46DDF818C0CCF80000002C37D09DF80A
S21403440014706588FF0007EBC505C2F1000E20781F
S214034410C00708D51BBBE088A0B104EBC0046588C1
S21403442007EBC505F3E78D42F4D363B904F1080639
S214034430B6FBF2F002FB106670180EB1A842EAD87B
S214034440CCF80040F0BD082A0FD06088013004EB9A
S214034450C000461A06EA0E06801B8542F0D2A088E4
S2140344600028EFD0A4EBC004D9E70846E8E72046C7
S214034470E8E703460069C0B10AB951B91A6810469D
S2140344800378DB0711D531B9C3885BB100EBC300F2
S214034490F6E79A69F3E7012904D1838823B1A0EBF1
S2140344A0C300EDE700207047184670472DE9F0413A
S2140344B0D0E90554074688461646ABB1954200D068
S2140344C00ABB424600213846FFF7D3FFB4420546EF
S2140344D000D02EB9424601213846FFF7CAFF0446EC
S2140344E0C7E90554BDE8F081954208D08D4228BF40
S2140344F00D46B44205D0444538BF4446F0E70D4662
S214034500F7E74446ECE79442EAD1E3E770B50026C2
S2140345101C46C3E90001C3E90266C3E905001E6140
S2140345201A775E62FFF756FF23690139C90801331C
S21403453041802361A36830460833A360E3680833E9
S214034540E36070BD002307B5684600938DF804301A
S214034550D7F788FA03B05DF804FB10B508F059F8EE
S214034560044606F05FFA2046BDE8104008F04CB853
S21403457070474FF4C870D9F77FBCD9F731BD00F048
S2140345801CB87047704708B503F001F903F009F942
S21403459003F010F903F01FF9BDE8084003F02EB945
S2140345A0704708B503F0EEF803F0EDF803F0ECF807
S2140345B003F0ECF8FFF7F4FF08BD08B503F01FF9A6
S2140345C003F01EF903F01EF9BDE8084003F021B915
S2140345D07047012070472DE9F34112F001050446A8
S2140345E0884622D110F0030525D12F465208BA4239
S2140345F009D1D7F7C5FC0026B74204EB860008D1DD
S214034600D7F7CAFC11E054F8273001330CD1013731
S214034610EDE7042258F826300DEB0201019308F06B
S2140346200BFB30B1D7F7B8FC3D25284602B0BDE8F2
S214034630F0810136E0E70125F7E77047B0F1006F38
S2140346400FD300F07843B3F1006F0CD000F0604056
S214034650B0F1404F09D0B0F1604F14BF04200320DF
S21403466070470020704701207047022070470020E3
S21403467070471AB111B180B2D9F726BF212070470F
S21403468001F056BEE3F750B8FFF78DBCD0E902320F
S21403469053F8223000211878E2F798BC704702F0EE
S2140346A08CB901F0DABDC3688268013BDBB252F80D
S2140346B023305B78652B02D10020E4F7D7BF6E2B3F
S2140346C001D10120F9E7662B01D10220F5E77047F7
S2140346D010B5D0E90232044653F82230187802F0B7
S2140346E046FAE368A268013352F82330BDE8104067
S2140346F0187802F03ABA10B50446C0B2DBF7B2F83F
S214034700200ABDE81040DBF7ADB8D0E9023253F813
S21403471022301878DBF7AEB902F0E1B9E3F7A4BCB0
S21403472008B501F0B8FEBDE80840E4F78DBED0E951
S214034730023253F82230186801F0ABBE0020E4F7CB
S21403474089BF0120E4F786BF0221DBF729B90321DD
S214034750DBF726B90521DBF723B908B501460C209C
S214034760DBF7FAF8BDE80840DBF788B808B501467A
S2140347700020DBF7F1F8BDE80840DBF77FB807B5A4
S214034780C2688368043253F8223001211B880DF176
S2140347900602ADF806300023DBF786FE03B05DF8AD
S2140347A004FB08B508F044F8BDE80840F1F70AB979
S2140347B010B51446DCF794F92146BDE8104007F01F
S2140347C0D5BD08B5DCF78CF9BDE80840002107F035
S2140347D0CDBD08B5DCF784F9BDE80840F0F728BD81
S2140347E008B5DCF77DF9BDE8084008F084B908B5DC
S2140347F0DCF776F9BDE80840F0F706BD704770476A
S21403480008B508F015F8FFF7FAFF03F065F8BDE8FA
S2140348100840DCF7B1B970470120704701207047A4
S21403482008B5DCF745FA00280CBF0420012008BDB4
S21403483070472DE9F34104460D4616461F46DDF83C
S214034840208008F08DF83B46324629462046CDF8B0
S214034850008003F043F83B46324629462046CDF80F
S2140348600080FFF7E5FF02B0BDE8F04101F060BD50
S2140348702DE9FF4704460D4616461F46BDF8308011
S2140348809DF83490DDF838A008F06AF83B463246C7
S21403489029462046CDE9019ACDF8008000F0FDFFB9
S2140348A004B0BDE8F04701F043BD704708B508F013
S2140348B057F803F016F8FFF7F8FFBDE8084001F0D5
S2140348C037BD012070472DE9F74304460D461646CB
S2140348D01F469DF8289008F043F83B463246294683
S2140348E02046CDF80090FFF7ECFF80463B46324665
S2140348F029462046CDF8009002F0F4FF01F018FD9B
S214034900404603B0BDE8F083012070472DE9F74326
S21403491004460D4616461F469DF8289008F020F8D4
S2140349203B46324629462046CDF80090FFF7ECFF7B
S21403493080463B46324629462046CDF8009002F094
S214034940D2FF01F0F5FC404603B0BDE8F083F8B5AE
S21403495004460D4616461F4608F002F83B46324606
S2140349602946204602F0C0FFBDE8F84001F0E0BC4F
S21403497000207047F8B504460D46164607F0F0FFCC
S214034980324629462046FFF7F3FF074632462946B6
S214034990204602F0AAFF01F0CBFC3846F8BD38B536
S2140349A004460D4607F0DCFF2946204602F09EFF2C
S2140349B0BDE8384001F0BCBC10B5044607F0D0FF94
S2140349C0204602F094FF2046FDF740FABDE810406B
S2140349D001F0AEBC704738B504460D4607F0C0FF7D
S2140349E02946204602F095FF29462046FFF7F2FFA8
S2140349F0BDE8384001F09CBC704770B504460D46D0
S214034A00164607F0ADFF32462946204602F083FFDE
S214034A10324629462046FFF7EFFFBDE8704001F017
S214034A2087BC704738B504460D4607F099FF2946FC
S214034A30204602F072FF29462046FFF7F2FFBDE844
S214034A40384001F075BC704738B5054607F088FF57
S214034A50284600F0EFFE04460146284601F0ABFF69
S214034A6001F066FC204638BD38B504460D4602F014
S214034A7056FF29462046FFF7E6FF38BD704738B590
S214034A80054607F06DFF2846E2F7FAFD04460146A1
S214034A90284601F08EFF01F04BFC204638BD38B5A2
S214034AA004460D4602F03CFF29462046FFF7E6FF84
S214034AB038BD704710B5044607F052FF204602F093
S214034AC030FF2046FFF7F5FFBDE8104001F030BC8D
S214034AD0704738B504460D4607F042FF2946204680
S214034AE002F021FF29462046FFF7F2FFBDE83840D3
S214034AF001F01EBC704770B504460D46164607F017
S214034B002FFF32462946204602F00EFF324629463C
S214034B102046FFF7EFFFBDE8704001F009BC704781
S214034B2038B504460D4607F01BFF2946204602F01B
S214034B30FCFE29462046FFF7F2FFBDE8384001F0A9
S214034B40F7BB704738B504460D4607F009FF2946FC
S214034B50204602F0EBFE29462046FFF7F2FFBDE8AB
S214034B60384001F0E5BB704710B5044607F0F8FE81
S214034B70204602F0DCFE2046FFF7F5FFBDE81040B6
S214034B8001F0D6BB704710B5044607F0E9FE204691
S214034B9002F0CEFE2046FFF7F5FFBDE8104001F019
S214034BA0C7BB7047704770B504460D46164607F0F8
S214034BB0D7FE32462946204602F0BDFE3246294637
S214034BC02046FFF7EFFFBDE8704001F0B1BB70472A
S214034BD010B5044607F0C4FE204602F0ADFE20469C
S214034BE0FFF7F5FFBDE8104001F0A2BB704738B5EC
S214034BF004460D4607F0B4FE2946204602F09DFE05
S214034C0029462046FFF7F2FFBDE8384001F090BB87
S214034C10704770B504460D46164607F0A1FE3246A9
S214034C202946204602F08BFE324629462046FFF7E9
S214034C30EFFFBDE8704001F07BBB70472DE9F34101
S214034C4004460D4616461F46DDF8208007F088FE0C
S214034C503B46324629462046CDF8008002F070FED9
S214034C603B46324629462046CDF80080FFF7E5FF4F
S214034C7002B0BDE8F04101F05BBB0E2070470E208A
S214034C80704738B5044607F06BFE2046FFF7F7FF7C
S214034C900546204602F055FE2046FFF7EEFF01F0DC
S214034CA047FB284638BD002070470020704738B5BC
S214034CB0044607F055FE2046FFF7F7FF0546204655
S214034CC002F040FE2046FFF7EEFF01F031FB2846D8
S214034CD038BD704708B507F043FE02F034FEFFF711
S214034CE0F8FFBDE8084001F023BB0020704770477B
S214034CF0704708B5DCF7AEF800280CBF0420012087
S214034D0008BD70470B68DA7B1AB9DB7C0BB9DCF796
S214034D10C5B88120704708B5DCF7D8F8BDE8084069
S214034D20DCF7E2B87047DCF7D1B8DCF7DDB8082863
S214034D3008D84FF48B73C34013F0010F0CBF212028
S214034D4000207047212070470121DCF7BFB90221FC
S214034D50DCF7BCB90421DCF7B9B90821DCF7B6B92E
S214034D601021DCF7B3B908B500F026F808B1002027
S214034D7008BDDCF7FBF90028F9D1DCF709FA0120B6
S214034D80F6E7152808B503D1BDE80840DCF7F4B903
S214034D9001F089FE60B9E1F7C7FF032806D100F0EA
S214034DA009F828B9BDE80840FFF7DDBF0028EBD0B7
S214034DB008BD7047002070470020704708B5DCF731
S214034DC0CDFBFA23B0FBF3F008BD0321DCF7F6BBFB
S214034DD001207047D0E9023253F822301878DCF706
S214034DE0F5BD0868C37B1BB9C37C0BB9DCF71EBED5
S214034DF081207047D0E9023253F822301878DCF766
S214034E0057BE704730B50546044615F8100B85B0F7
S214034E10029565691D44CDE900250B46A21D6188F0
S214034E2001F023FE05B030BD704710B492F80A4176
S214034E3092F8053103EB04230B8100235DF8044B42
S214034E401A4601F010BE1FB50446084671B1217814
S214034E50FF290BD0238B029363690193237C009372
S214034E606288A31DE2F728FCFF23237004B010BD5D
S214034E700868C37B73B9C37C032B0BD8DFE803F046
S214034E8002080406DDF714B9DDF744B9DDF774B993
S214034E90DDF722B9812070477047704700207047BE
S214034EA0137810B5032B0CD15479CBB29C4208D19E
S214034EB09379B3EB112F04D153781B1A58425841F8
S214034EC010BD0020FCE77FB505460E460024694664
S214034ED0E0B201F076FD28B96A4631462846FFF768
S214034EE0DFFF18B90134202CF1D1002004B070BDC7
S214034EF0FFF7E9BF0868C37B9BB9C37C052B10D8B3
S214034F00DFE803F0030D070B0905DDF7D9B9DDF775
S214034F1015BCDDF76FBADDF7C1BBDDF73FBBDDF7C9
S214034F2011BA812070470020704730B5102587B02E
S214034F3001AA00210195FEF745FC04462A460021F6
S214034F4002A8E7F743FF2A46214602A8E7F790FFA1
S214034F50012102A8DDF7D0FD07B030BDDDF75EBD49
S214034F607047FFF7FDBF0B68DA7B5AB9DB7C012B72
S214034F7004D0022B04D02BB9DEF7E2B9DEF7ECB986
S214034F80DEF7F6B981207047002307B5012101A893
S214034F900193D3F79BFF08B9D3F7D4FD012003B0E1
S214034FA05DF804FB08B502F030FA052803D0003894
S214034FB018BF012008BD0220FCE77047D0E9023283
S214034FC053F822301878003818BF0120DFF750BD99
S214034FD0DFF754BD00207047002070477047FF205E
S214034FE07047FF207047002070470020704700205E
S214034FF07047704706207047DEF7F8BF0868DFF78C
S214035000D1BC70B50D46044600212846164601F06D
S21403501074F9324620800221284601F06EF93246A2
S21403502060800421284601F065F90023A360E3604D
S2140350306060082070BD034641B181424FF06400B2
S21403504005D94343B3FBF1F0C0B270470846704737
S214035050DFF722BDE0F718BBE0F720BCB0F5807F92
S21403506005D0A0F500735842584140017047082008
S214035070704730B599B00D4669461446E0F772FBA3
S21403508030B915B1BDF802302B600CB10D9B23600F
S21403509019B030BD2DE9F04788B00E46904604A9F6
S2140350A005AA07461D46FFF7E4FF044638BB2880DB
S2140350B00DF10C09DDE904A39A4520D206225146D8
S2140350C03846CDF8009006ABE0F768FBD8B9039BEB
S2140350D0062B18D12A88DDF81A3042450ED2BDF8C1
S2140350E0181026F832102A8806EBC20253602A8864
S2140350F05344013206332A800493DBE7F7D920466C
S21403510008B0BDE8F0870124F9E72DE9F0438FB036
S2140351100F46904601A9002204469946FFF7A9FFC9
S21403512018B101200FB0BDE8F083062220460DF12A
S214035130020302A9FFF7AEFF0028F2D10546024696
S214035140BDF80210019CEEB28E42EAD20EAB03EB20
S214035150C60656F82C3C36F8306C0634BE4217BFEB
S214035160E418012213460022013522B1C8F8004094
S214035170C9F80030D6E71A46E5E770B500240126DD
S21403518002F01DF9E5B2C26806FA05F59542234614
S21403519004F10104F4D3D8B270BD70B586B0E0F75D
S2140351A02FF900F11006E5F79BFC002405461422B0
S2140351B001A9301902F00AF91CB99DF80430FF2B37
S2140351C016D0002303F118026A4412F8142CFF2A9F
S2140351D006D11C44601E90FBF5F080B206B070BD8D
S2140351E02B44DBB2132BEDD91434B4F5826FDED126
S2140351F04FF0FF30F2E7DFF739BF07B504220DEBB8
S214035200020102F0E3F8019803B05DF804FB37B53A
S214035210054608460C46FFF7F0FFA84206D00422D0
S21403522020460DEB02010195E5F7ACFC03B030BD5B
S21403523007B50B460092002102460120DFF7A8FFC0
S21403524003B05DF804FB08B50121DFF7D9FEBDE81E
S2140352500840E5F743BEE0F717BA08B5FFF7F3FFD4
S214035260002008BD08B513460A4601461846E0F76F
S21403527023F880F00100C0B208BD002070477047D5
S21403528008B1E0F721BB704730B4DDE902451DB134
S214035290029430BC00F0C6B930BC70471F2804D84F
S2140352A0142200F5A030D9F7D9B970471F2804D8BF
S2140352B0142200F5A030D9F7FDB97047152808B5B4
S2140352C005D1FFF7DCFFBDE80840E0F743BC08BDA7
S2140352D010B5142486B02246002101A8E7F776FD10
S2140352E02023224601A94FF4A03001F078FC06B033
S2140352F010BD0020704713B500230C461A4601461E
S214035300CDE90033E0B2E1F7E9F902B010BD13B519
S21403531000231446019001220093E0B2E1F7DEF980
S21403532002B010BDD0E9023253F822301868E1F714
S2140353304DBB194491420ADC4218002003B970475A
S21403534012F8011D013B01EB0020DBB2F6E700205B
S21403535070472DE9F04F4FF0000A85B00193814660
S2140353600F4615465346019A11785FFA8AF2914220
S21403537003D8002005B0BDE8F08F019909EB0508B6
S21403538001EB4202517892F802B011F0400400910A
S21403539001F03F061BD0AC19BC42D4BF0024012445
S2140353A033466400A20740F18880009B1B0640F149
S2140353B092800E9B324603EB0B000021E7F706FDB7
S2140353C03D4600231D44ADB20AF1010ACBE7042E85
S2140353D007D866B1B31E022B0BD8DFE803F0122101
S2140353E030003E2E37D03F2E5BD03D2E4BD00320D1
S2140353F0C0E7BD4234BF00240124012664003346BF
S214035400D0E7AB1CBB4250DC02233A46294648464B
S214035410FFF78FFFADF80A0002230DF10A08C1E774
S214035420EB1CBB4243DC03233A4629464846FFF7B8
S21403543080FF0390042603230DF10C08B2E72B1D0F
S214035440BB4236DC04233A4629464846FFF771FF3B
S21403545003900423F0E77A1E95422CDA02233A4699
S21403546029464846FFF765FF4FF6FF7380B298421A
S2140354700EBF0223023083B25C19A742B4BF0324D3
S214035480012404268EE7BD4215D298F80030FF2B80
S2140354900CBF01230133EC18BC42CCBF0324012408
S2140354A0EFE70124042600237CE73446B4E702240E
S2140354B0C0E70224CDE70324E3E70E9A02EB0B00D2
S2140354C014B142F80B807DE7324641460093E7F776
S2140354D00DFE009B76E702204CE710B5144686B017
S2140354E018811A460A9B0291CDE9034301230193CF
S2140354F0099B014600930320BDF82030E1F72AFB01
S21403550006B010BD1FB500240294079C0194BDF895
S21403551018400094FFF7E1FF04B010BD2DE9F041F9
S2140355200E461746054686B098B391B38AB34FF036
S214035530000802A95FFA88F001F043FA044640B96E
S2140355409DF80830032B08D008F10108B8F1200FA6
S214035550EFD1204606B0BDE8F0819DF809202B79EF
S2140355609A42F1D1BDF80A206B889A42ECD19DF895
S2140355700C30BDF80D006B7128812B4622464FF682
S214035580FF71CDE90067FFF7BDFF0028DCD00446B6
S214035590DFE72124DDE710B586B00A9C04949DF866
S2140355A024400394BDF8204002940124CDE900343E
S2140355B013460A4601460620E1F7CCFA06B010BDAC
S2140355C01FB504460846194600230094CDE9012377
S2140355D0079BBDF81820FFF7DEFF04B010BDF0B53B
S2140355E0022805460E4614461F468BB00AD106A966
S2140355F0F0B201F0E6F998B99DF8193023719DF8D9
S2140356001C306371119B224604930023CDE90233B9
S2140356100193109B3146009328463B46E1F79AFADE
S2140356200BB0F0BD13B500240194049C0094FFF75F
S214035630D6FF02B010BD2DE9F0450646884614464F
S2140356409A46002701258BB006A9F8B201F0B9F9EE
S21403565020BB9DF81830012B19D19DF819203379FA
S2140356609A4214D1BDF81A2073889A420FD19DF836
S2140356701C3032467371B9B2CDE9030ACDE9010095
S214035680434602200094E1F765FA054610B9013750
S214035690202FD9D128460BB0BDE8F0850546F9E79B
S2140356A00023FFF7C8BF10B50446E2F731F8002120
S2140356B0631E04F10F0213F8010FFF2808BF1970C9
S2140356C09342F8D10023237410BD0020704770B5B1
S2140356D006461D46E1F790FE044608B9212070BD34
S2140356E03046E2F757F90028F8D0A0682A46FF218B
S2140356F0FFF75EF89DF81030002063719DF81430B4
S214035700A371ECE713B59DF81040CDE900341346BA
S2140357100122FFF7DCFF02B010BD08B5E1F76CFE0F
S21403572028B18068FF21FFF754F8002008BD212028
S214035730FCE70122FFF7F1BF1FB50B466A46014699
S214035740184601F034F96A460823002032F8021B93
S214035750013B13F0FF0380EA0100F7D1012838BFAD
S214035760012080B205B05DF804FB2DE9F04F87B049
S214035770DDE9109B05468846484619461F461446EB
S214035780BDF848609DF84CA0FFF7D6FF042D0346EE
S214035790ABF800001AD8022D1DD9042D07D04FF2FE
S2140357A0F222A188914222D1E28891071FD5E17A9D
S2140357B00022CDE9013720463346CDE90392CDF8E2
S2140357C000A001F043F907B0BDE8F08F6A1F012A75
S2140357D011D92120F7E700224146CDE91192284648
S2140357E02246109707B0BDE8F04F01F03EB94FF6DA
S2140357F0FF760C21DCE7052D0ED10023E17A00228B
S214035800CDE90137CDE9039200912346524641463E
S214035810304601F00EF9D6E74FF2F222A188914204
S21403582004D1E288920701D5E17AE8E74FF6FF76DE
S2140358300C21E4E7F0B585B00546E1F79DFA48B1DB
S2140358406B88B3F5006F05D1681D05B0BDE8F04061
S21403585000F0EEBC284600F004FD0446C8B9E7B2E3
S2140358606946384601F0ADF878B99DF8006066B928
S2140358702946384601F0A9F820B140F60443984279
S21403588007D08C26304605B0F0BD0134202CE6D177
S214035890F7E78D26F6E7E1F755BC2DE9FF47044603
S2140358A00D460146184617461E46BDF830809DF83D
S2140358B03490DDF838A0DCF73BFAD0B92146284609
S2140358C001F021F933463A4629462046CDE9019AA6
S2140358D0CDF80080E1F7DAFC33463A4629462046FF
S2140358E0CDE90D9ACDF8308004B0BDE8F04701F05D
S2140358F0F7BF04B0BDE8F087E1F772BEE1F72ABE52
S214035900E1F74EBE10B5044601F009F90822014638
S2140359102046BDE81040E7F7ABBA01F002B9002114
S21403592001F0FFB801F011B900207047202070473E
S214035930EFF728B9EFF772B9F1F71CBC7047E1F738
S2140359409BBF70B506460C46154600F04CF850B1A2
S2140359503CB135B1204600F0D6FC013080B2A842F7
S21403596000D9002070BD304600F043F840B1002C4B
S214035970F7D0012DF5D9204600F0CAFC0230EDE73A
S2140359803046E1F7D9FEEAE7F8B5BDF8185010B38C
S214035990967855B9D478A6F14107012F07D8621E29
S2140359A0D2B200F0CFFD0020F8BD2C46F3E7433E0D
S2140359B0012E04D8A21E92B200F0DCFDF3E7D278E3
S2140359C013B90DB1AA4206D811B9E7F7FFF9EAE70A
S2140359D0E7F74EFAE7E78920E6E7413803288CBF66
S2140359E0002001207047413801288CBF0020012089
S2140359F07047433801288CBF0020012070470020E1
S214035A007047002070470388B3F57C4F01D3FFF738
S214035A10F8BF0846FFF7F3BF10B54A880488A242CA
S214035A200DD1037B0C79234009D0B2F57C4F08D304
S214035A30FFF7E7FF0B891B1A5842584110BD002099
S214035A40FCE70120FAE738B50D88D488A5420AD1C9
S214035A500388B3F57C4F08D2FFF7D5FF13891B1ACB
S214035A605842584138BD0020FCE70120FAE72DE9EB
S214035A70F04715460446B8B149B1EAB100264FF0DF
S214035A80140AB04690F80490F3B2994501D800245E
S214035A900AE027680AFB06773846FFF7BDFF01369C
S214035AA028B13C46A5F800802046BDE8F0877B89F0
S214035AB043441FFA83F8E7E71446F5E72DE9F04772
S214035AC00E4615460446B8B149B112B300274FF047
S214035AD00C0AB846B0F80890BBB2994501D8002422
S214035AE00AE06368324620460AFB0731FFF7ABFF3E
S214035AF028B10C46A5F800802046BDE8F0870B7950
S214035B00013713F0300F02BFCB7843441FFA83F8F4
S214035B10E2E71446F0E72DE9F04186B00D46144659
S214035B20984604AA05AB03A90646E1F7DBFE40B395
S214035B300DB1049B2B6034B3049D03982946FFF7ED
S214035B4062FF2B88074602467188307800F04FFBC9
S214035B50D8B1297911F010030BD0EB782A46CDE99A
S214035B6000433B4671883078FCF75CF906B0BDE825
S214035B70F0812A4620460599CDF80080FFF704FFFA
S214035B80F4E78620F2E72046F0E77E20EEE71FB52F
S214035B901C460023ADF80A20BDF818208DF8040033
S214035BA0ADF80610ADF80C2069461A4601A8009316
S214035BB08DF80840FFF7AFFF009804B010BDF0B5AE
S214035BC087B00E4605AB04AA03A90446E1F78AFE8E
S214035BD008B3049D03982946FFF715FF2B8807464D
S214035BE002466188207800F004FBB0B1297911F0F1
S214035BF0100108D000963B462A4661882078D1F7E4
S214035C003FF807B0F0BD009101232A4631460598B8
S214035C10FFF7BAFEF5E78620F3E77E20F1E72DE9E6
S214035C20F041064600254FF014080779E8B287428C
S214035C3001D800241AE008FB05F0D6F800C00CEBE8
S214035C4000043CF8000081421AD132B1802A10D1F8
S214035C5094F90CC0BCF1000F12DAB0F57C4F05D3F3
S214035C602046FFF7CEFE834200D04BB92046BDE860
S214035C70F081402A04D194F80CC01CF0400FECD1FC
S214035C800135D3E70121E1F769BD08B513460022C4
S214035C90E1F792FE003818BF012008BD08B5134689
S214035CA04022E1F789FE003818BF012008BD08B579
S214035CB013468022E1F780FE003818BF012008BD96
S214035CC008B540220023E1F777FE003818BF01200D
S214035CD008BD08B580220023E1F76EFE003818BF22
S214035CE0012008BD0023E1F767BE0021E1F7D4BE1B
S214035CF010B504460121E1F7CFFE2046BDE810406B
S214035D0001F022BE7047F8B516461F469DF81820C8
S214035D10BDF81C300546E1F74FFE78B10421E1F7E4
S214035D2039FF044650B1284600F00EFB3A4631468A
S214035D302846A047BDE8F84000F0FABAF8BD2DE9BA
S214035D40F74F1E46DDE90C9B074688461446BDF80A
S214035D5038302AB3B9F1000F22D00EB392F804A05C
S214035D6099F80020504612F0080F0CBF80224022FC
S214035D706188E1F721FE98B10821E1F70BFF05469C
S214035D8070B1504600F0E0FA3346224641463846A4
S214035D90CDE9009BA84703B0BDE8F04F00F0C8BAB2
S214035DA003B0BDE8F08FF8B5BDF8187016461A466E
S214035DB03B460446E1F700FEE0B177B90221E1F77E
S214035DC0E9FE0546B0B1204600F0BEFA314620464D
S214035DD0A847BDE8F84000F0ABBA1021E1F7DAFEB9
S214035DE0054638B1204600F0AFFA3A46314620461B
S214035DF0A847EEE7F8BD73B5BDF8184016461A4631
S214035E0023460546E1F7D8FDB8B1C4B92021E1F72A
S214035E10C1FE044670B1284600F096FA099B314647
S214035E20009328469DF820309DF81C20A047044682
S214035E3000F07EFA204602B070BD8624FAE70024FE
S214035E40F8E72DE9F04186680446007800F07CFA0E
S214035E50002514273279EBB29A4203D8BDE8F04105
S214035E6000F066BA7B4332682078D15A02EB030807
S214035E7000F0C1F901214046E1F78CFE034608B164
S214035E80207898470135E5E72DE9F04F1C4689B0A1
S214035E909DF84C30BDF8488001939DF850309246EB
S214035EA002932246434607460D46E1F785FD8DF8E5
S214035EB014700646ADF816508DF81840ADF81AA0C3
S214035EC0ADF81C8018B9012009B0BDE8F08F05A90C
S214035ED0FFF7A2FD0028F6D000252F46A8462C463D
S214035EE034E00C231FFA85F903FB09F9318873683C
S214035EF0B1F57C4F33F8092003EB090B1AD333F8BB
S214035F00090050452CD3019BA3422DD900F0B8F9C4
S214035F109BF80200E2F7EAFA029B43B19BF80430CF
S214035F2013F0010F0CBF05200720E2F7DFFA013458
S214035F30A4B219E0ADF81A205946304605AA0393D1
S214035F40FFF781FD039B0028D9D101353289ABB217
S214035F509A42C6D804EB0800C31B58425841B3E71D
S214035F6008F101081FFA88F80137BFB2EDE710B54C
S214035F70012488B006949DF83C4005949DF838406B
S214035F8004949DF8344003949DF8304002940B9C8F
S214035F900194BDF828400094E1F740FF08B010BD17
S214035FA02DE9F04786B0BDF83880DDF83C909DF8C3
S214035FB040A0CDF80080CDE9019A04460D4616466A
S214035FC01F4600F012F9B8B1431EDBB2012B10D8FE
S214035FD000230122811E48424841CDE90432CDE91F
S214035FE002A03B46324629462046CDE90089FFF704
S214035FF0BEFF06B0BDE8F0870120FAE730B50024FF
S214036000012587B0CDE9044503959DF82C500295EC
S2140360100A9DCDE90045FFF7AAFF07B030BD30B5AE
S2140360200024012587B0CDE9044503959DF8285043
S2140360300094CDE901354023FFF799FF07B030BD43
S21403604010B5012486B0CDE90444002403949DF8DA
S21403605028400294099C0194BDF820400094FFF761
S21403606086FF06B010BD1FB5089C03949DF81C4020
S2140360700294069C019400240094E1F7CBFF04B03D
S21403608010BD70472DE9F84F0229074688460C9D38
S21403609004D84FF0000A5046BDE8F88F1BB1042918
S2140360A0F7D942F004023A702BB303247B701B0A21
S2140360B0BB70E3F7C5FA4FF000099DF82830385552
S2140360C004F1020A01343B550B9A5FFA89F3D45C58
S2140360D0002CE0D0732C10D82E464C2C56F804BB5C
S2140360E03DD0532C15D0622C45D1AC8805F108065B
S2140360F000231A4616E00124DBE7A4F17503032BFD
S214036100C7D8763C2E1D022C52D8DFE804F0565A28
S21403611058006A6805F1080694B2D2B2B2F1FF03DA
S21403612018BF01230AEB040119448845B1DB504626
S2140361301946002947D153441FFA83FA5CB1BBF1D1
S214036140000FA6D0224607EB0A005946E6F7CEFF15
S21403615054441FFA84FA354609F10109B4E74FF6A9
S214036160FF736A6805F1080694B222469C4214BF80
S21403617002230023D6E76C2C05D1584600F0C8F856
S214036180841CA4B2B4E7732C04D1584600F0BBF8C1
S214036190441CF6E7A4F13003DAB2092A01D89CB20C
S2140361A0A6E7A4F14103062B3FF673AF373CE8E7B7
S2140361B0012300242A68A346B4E70223F9E703234E
S2140361C0F7E70423F5E700F1010C01393A54C9B2A5
S2140361D0120A1FFA8CF0ACE70020E2F70FB9002290
S2140361E0E2F72CB90023E2F73FB9012070470120FC
S2140361F070470120704770470020704700207047A3
S214036200002070470020704700207047002070472A
S21403621070470E207047002070470020704700200C
S2140362207047002070477047FF2070470E20704766
S21403623084207047704700207047704700207047DF
S21403624000207047002070470020704700207047EA
S214036250002070470020704770470E2070470020CC
S21403626070470020704700207047704770470E2025
S214036270704770470020704781207047704770470B
S21403628038B50546C0B2E2F731F90446280AE2F704
S2140362902DF914B1002808BF0024204638BDF8B5F0
S2140362A00546C0B2E2F722F90446C5F30720E2F733
S2140362B01DF90746C5F30740E2F718F90646280E08
S2140362C0E2F714F924B12FB136B1002808BF002431
S2140362D02046F8BD3C46FBE73446F9E710B4CC1835
S2140362E0944203DC5DF8044BFFF723B800205DF807
S2140362F0044B70470423FFF7F1BF08B50223FFF7EB
S214036300EDFF80B208BD0078FF2808BF0020704765
S21403631008B502220021FFF7F0FF4FF6FF739842FD
S21403632008BF002008BD003818BF01204000704792
S2140363300020704708B5FFF7A5FCFF284FF0FF3095
S21403634018BF0020C0B208BD08B5FFF7F3FFFF284B
S2140363500CBF2120002008BDF8B506460C4615469E
S2140363601F4600F011F810B12544AC4200D1F8BD29
S2140363703946304614F8012BE2F7AAF9F5E7014649
S21403638000220220E2F734B90120704737B50546EC
S214036390E0F7BEFB044601950CB981201CE0237888
S2140363A023B12046E0F7BCFB0446F5E72B6862689A
S2140363B05B889A42F5D1A368EA7B99B272B12A8ABE
S2140363C09142EED16A7DB2EB134FEAD10020E36827
S2140363D001A998478128E4D003B030BD4FF6FF7279
S2140363E0EEE72DE9F84304460F46904699460BB36D
S2140363F0012A1FD80C20E6F7EFFE064610B919202F
S214036400BDE8F8831020E6F7E7FE18B93046E6F74E
S214036410EBFEF4E70123002547EA084770600570A2
S214036420C0F80C904460876033803046E0F768FB22
S2140364302846E5E72120E3E738B5044643680846DF
S2140364400D469847B4F90830002B02DB2B78042B53
S21403645006D1002320466360BDE83840E2F7CABC95
S21403646038BD30B54FF48A5587B0ADF816200DF118
S21403647016041A46029543B100230122CDE90033E0
S214036480234600F01EFA07B030BD019401240094A1
S214036490F7E7FFF7EBBEFFF7BEBE0020704708B571
S2140364A000F001FB20B900F048FB08B9DFF720FD38
S2140364B0FFF7D2FEBDE80840FFF7DBBE0020E3F798
S2140364C001B90021E3F79EB90022E3F75DB91FB5D2
S2140364D0D2880B4612F0200F4FF6FD7114BF4924E5
S2140364E05224ADF80610510544BF083CE4B211052A
S2140364F044BF083CE4B2120444BF023CE4B203289F
S21403650005D8DFE800F0020F161CADF80630BDF81C
S2140365100600FFF789FEFF281CBF241AE4B22046B4
S21403652004B010BD02AA0DF10601D8B200F079FA44
S214036530EDE7D8B200F047FAADF80600E7E7013C0E
S214036540E4B2E4E7F8B5064617460D4681B10C7883
S214036550FF2C0BD00846FFF7D6FEB84228BF3846B6
S214036560C4B22246691C701CE6F782FC3470F8BD80
S2140365700C46FBE770B5044615460E4611B9417046
S214036580017070BD0B78FF2B05D14B78FF2B02D122
S21403659003704370F5E73046FFF7BAFEA84228BFFC
S2140365A0284685B22A46B11CA01CE6F761FC257076
S2140365B02D0A6570E5E7F0B523B9013A531C2FD1D0
S2140365C0002020E0042AFBD800231C46551E6E1C20
S2140365D01AD1042A10D00121D200501E01FA00F06D
S2140365E020421EBF914049420C4318421EBF4FF043
S2140365F0FF3101FA02F213439C421EDCB4BF4FF094
S214036600FF30002040B2F0BD40B1465DEF00BE4013
S21403661034434E5D013DBE403343D8E70646F5E7B7
S2140366208C5C38B90346A34202F1FF32C6D24FF060
S214036630FF30E8E7835CA342F5D90120E3E7283877
S21403664007288CBF0020012070471D2810D004D8CF
S21403665040B11C2804D0552070471E380128FAD8AC
S2140366601A2901E00B390F298CBF552000207047EB
S2140366700829F9E7002000217047F7B59DF8204068
S2140366800546082C104619469DF8246036D8002285
S21403669013462C44AC4208D106F0FD04382C0ED128
S2140366A00096FFF7E7FF03B0F0BD14F8017D1B0269
S2140366B043EA12631202BA1843F10003EAE7392EDB
S2140366C010D107EE100A07EE902AB4EEE77AF1EE41
S2140366D010FACCBF77EE677A77EEC77A002117EE0B
S2140366E0900AE0E7824273EB010403D2801A61EB5F
S2140366F00301D8E7101A63EB0101D4E70020014633
S214036700D1E738B5C36814461944836853F8215053
S2140367101AB12846E6F756FA2070284638BD2DE902
S214036720F3411C4616460DF107029DF82050FFF76D
S214036730E8FF9DF807308046A34288BF8DF80740E0
S2140367409DF807700DB1E41BE5B22A4600213046DA
S214036750E6F73CFB3A4641467019E6F789FB3846AE
S21403676002B0BDE8F0812DE9F3411D46164601AAA5
S2140367709DF82040FDF726F8019B80469D4238BFD2
S2140367800195019F04B1EC1B224600213046E6F733
S2140367901DFB3A4641463019E6F76AFBF8B202B0EB
S2140367A0BDE8F08173B50024154601AA1E46019480
S2140367B0FDF708F8019B072B0AD92146CCB216B180
S2140367C0C4F10704E4B2425C013108292A55F5D125
S2140367D0D8B202B070BD1FB5030A8DF80E3003237E
S2140367E0009303AB8DF80D0000F0BBF805B05DF821
S2140367F004FB1FB58DF80F100421030A8DF80E3025
S214036800009103AB8DF80D0000F0ABF805B05DF812
S21403681004FBF0B589B016689DF83C50CDF80960C6
S2140368208DF811305668BDF83830012D109FBDF82D
S2140368304440CDF80D60ADF812308DF8145014D0E6
S214036840032D19D13B68CDF815307B68CDF8193088
S2140368509DF848308DF81D3016230093BDF84C2064
S21403686002AB00F07EF809B0F0BD8DF81540240A9F
S2140368700F238DF81640F0E70120F4E71FB5044612
S214036880084611461A4602238DF80D10009321463A
S21403689003AB00F066F804B010BD10B514461A46F4
S2140368A00B6886B0CDF80D304B683421CDF8113027
S2140368B00A23009303AB8DF8154000F052F806B098
S2140368C010BD2DE9F041B6B014461D4606460F46E8
S2140368D09DF8F080E3F7BAF903AA8DF80C0010468A
S2140368E0330A8DF80F703F0A8DF80E308DF80D6061
S2140368F02B468DF810708DF8114005EB4405AB421E
S21403690002F102021FD16200D2B2931DDBB23D999F
S214036910D8336B44073203F8CC8C01EB4805D3B26B
S21403692050FA82F2A94202F1020212D103EB4803A3
S214036930009006213046BDF8F820DBB2E3F790F965
S21403694036B0BDE8F08133F8021B1171090A5171A4
S214036950D5E731F8024B02F8024C240A02F8014C40
S214036960E0E72DE9F0411C4605460E4617469DF81E
S2140369701880E3F76BF9207043463A4631462846BB
S2140369800694BDE8F041E3F76BB900207047704703
S214036990D7F7CEB9704770477047704770470020E7
S2140369A0704770477047002070477047704702F083
S2140369B0EEBEFEF774B8FEF757B803F031BAF7F732
S2140369C02FBD03F01EBAF7F7E9BCF7F751BDF7F78B
S2140369D00BBDFEF71EB9FEF76DB8FEF77AB8F3F7F0
S2140369E083BFF3F787BFF2F7E7BEF2F709B8F2F70C
S2140369F00DB8EEF7E1BCFEF7B7B8FEF77CB8FDF7C7
S214036A0018BFFEF79FB8FEF78BB830B4BDF8084042
S214036A109DF80C50CDE9024530BCFDF729BFFDF7C4
S214036A2096BFF7F797BEE3F76BB9F7F75DBFF6F7D1
S214036A30A9BD70B49DF80C40BDF810509DF81460C5
S214036A400394CDE9045670BCF4F7AEBD70B49DF85C
S214036A500C40BDF810509DF814600394CDE904561D
S214036A6070BCF4F7E1BDF4F7CBBE10B49DF8044058
S214036A7001945DF8044BF4F71BBE10B49DF8044074
S214036A8001945DF8044B01F073BF01F073BFFDF78B
S214036A90A2BFFDF7B2BFFDF7C5BFF0F719BDF1F70B
S214036AA05BBBF1F72DBBF0F73FBB02F09FBAF0F7E5
S214036AB0E3BE02F0E1BAF1F743B8F0F715BCF1F71D
S214036AC051BBF1F7D3BAF1F7E9BAEFF729BAFEF7F4
S214036AD0B5B8FEF768B8FEF77BB8FEF788B800F0DF
S214036AE00BBC00F004BCF6F783BDF4F78DBBF6F7DA
S214036AF05DBDF6F783BEF4F757BBEEF749BCF5F773
S214036B0079BFFFF745BFFAF76FBAFEF7E3B8FDF7AD
S214036B1053BFFEF738B801F001BDE3F74FB8EEF701
S214036B20FBBFEEF7F5BC01F09BBF01F06BBFEEF7C2
S214036B3043BDEEF781BFEEF785BFEEF7B1BCE3F7D3
S214036B4059B8E3F76BB8E3F743B8EEF75FBCE3F780
S214036B5049B8F8F721BC01F053BF01F01ABFEEF7AE
S214036B605BBCEEF7C3BFEEF7A3BCE3F7E7B8E3F708
S214036B70DFB8F8F715BAF8F701BC03F05DBA03F00F
S214036B8063BAF8F785BAF8F701BC00F063B900F00A
S214036B90A1B900F0C9B900F0A0BA00F010BB00F02C
S214036BA079BAE3F7C1BD00F0E6B900F013BA00F016
S214036BB026B810B51C4601F0C2FD05F00AFF0023F7
S214036BC0C0F340202370400010BD002208B50B46DA
S214036BD01146FFF7EEFF023818BF012008BD00205C
S214036BE07047704700207047704700207047704713
S214036BF00E2070470120704770470120704714220B
S214036C000021E6F7E3B8704770B505460C468AB030
S214036C10252200210DF10300E6F7D8F86B68CDF8BE
S214036C201D30AB68CDF82130234601AC03F11006C6
S214036C30224618685968083303C2B3421446F7D18C
S214036C4001236A7B8DF8023012F0040F0CBF4FF459
S214036C5080734FF4A073110748BF43F48063ADF805
S214036C600030930748BFBDF80030684644BF43F082
S214036C700803ADF80030F3F7D1FF0AB070BD30B5A6
S214036C80427B0D46D10704468BB007D5407801A951
S214036C90F4F72AF8D8B12D200BB030BD9307FAD5F8
S214036CA0C2F3800310074FEA8313ADF8023044BFE4
S214036CB043F48063ADF80230BDF80220201D0AB10C
S214036CC00DF1020201A902F07FFD0028E3D001AB1B
S214036CD003CB9DF81430A1602373BDF810306060B9
S214036CE0590642BF627B42F0040262735A0542BFF2
S214036CF0627B42F0080262731B0742BF637B43F06A
S214036D00020363732B4606AC0AAD224603CAAA42A5
S214036D1018605960144603F10803F6D10020BBE758
S214036D20F0B504460D4693B0252200210DF123004D
S214036D30E6F74CF8636804F1040CCDF83D30A3681D
S214036D4009AECDF841302B4605F1100732461868D8
S214036D505968083303C2BB421646F7D105238DF89C
S214036D602230637B5B0103F40073ADF82030637855
S214036D70FF2B1AD1002360461A4601A900F0CAF970
S214036D809DF80530FF2B0DD1002301A91A4618469E
S214036D9000F0C0F99DF80530FF2B03D11C263046C2
S214036DA013B0F0BD9DF8053063700020617808AA23
S214036DB000F09BFA06460028F1D1607801A900F09E
S214036DC02FFA2B4603AD2A4618685968083303C2C0
S214036DD0BB421546F7D1637B6078DB0648BF9DF858
S214036DE01C3001A944BF63F07F038DF81C3000F00C
S214036DF02EFAD4E710B504468AB02422002101A84F
S214036E00E5F7E4FF637B590744BF4022ADF8102043
S214036E101A0742BFBDF8102042F48062ADF8102076
S214036E20DB070FD5607801A9F3F75EFF10B12D20BD
S214036E300AB010BD01AB03CB637B606043F0020373
S214036E40A160637304A9201D02F0C0FC0028EED0E5
S214036E500020EDE71FB5694600F066F8002818BF66
S214036E602D2005B05DF804FB73B50D4614460646A3
S214036E70E3F788F86B881A071AD52246314610209E
S214036E8002F085FC2046E3F77DF86B88D90717D513
S214036E900023224601210DF107008DF80730E3F7A2
S214036EA03DFB6B88002B0CBF2120002002B070BD79
S214036EB0DE06EAD522460821281DE3F72FFBE1E785
S214036EC09A0701D50223E4E75B07EAD50323E0E745
S214036ED00F2070471FB50C46694600F025F81022B0
S214036EE021466846E6F7BEFAB0FA80F0400904B0D9
S214036EF010BDB8B1B1B14388A3B90378013B082BE1
S214036F0010D8DFE803F00507090B0F0F0F0F0D006E
S214036F10E3F706BAE3F760BAFFF776BEFFF700BFFC
S214036F20E3F7EEBB2120704738B50D4609B300B32F
S214036F300378013B082B1AD8DFE803F0050D10137E
S214036F40191919191600E3F723FA0446284602F01E
S214036F501EFE204638BDE3F75FFAF6E7FFF78FFE1F
S214036F60F3E7E3F78FFAF0E7E3F7D4FBEDE7212443
S214036F70ECE72124EDE770B586B0064601A80C467B
S214036F801546FFF73CFE04238DF804301CB1206839
S214036F90616802AB03C3294601A88DF80560FFF7B5
S214036FA0A8FF06B070BD70B586B0044601A80D46AE
S214036FB01646FFF724FE0323206861688DF8043025
S214036FC002AB8DF8116003C3294601A8FFF791FFB2
S214036FD006B070BD0022FFF7E6BF30B5437B04461C
S214036FE013F001020D468BB007D0407801A9F3F7E2
S214036FF07BFE70B12D200BB030BD9B07FAD5ADF8E4
S214037000022001A90DF10202043002F0DDFB002884
S214037010F0D000210E22A81CE5F7D8FEBDF81030EC
S2140370202B80039BAB60BDF81230AB819DF8143008
S214037030237301AB03CB6060A1600020DBE770B570
S214037040437B0446DB070E468AB003D42D25284629
S2140370500AB070BD6946407800F045F90546002839
S214037060F4D1DDF81D300E226360DDF821300146D1
S214037070A360637BB01C43F002036373E5F7A6FECD
S214037080BDF80030069A43F004033380059BB260D4
S2140370907360DCE70B4610B5044610220021184641
S2140370A0E5F794FE2278032A09D0042A0DD0022A93
S2140370B011D101462046BDE81040E3F791BB0146D7
S2140370C02046BDE81040FFF788BF01462046BDE8CE
S2140370D01040FFF7B4BF262010BDF8B50746084694
S2140370E00C4616461D46FFF78AFD04232370637B72
S2140370F0314643F00103204667706373FFF714FFBE
S21403710008B12D20F8BD29462046FFF7C3FF002807
S214037110F8D0F6E7F8B5054608460C461F46164669
S214037120FFF76DFD0423237025B108222946E018D6
S214037130E5F79EFE637B43F0020363734EB9324664
S2140371400121284600F0DAF8FF28607007D12D20C9
S214037150F8BD31462046FFF7E7FE0028F7D1637BEC
S21403716043F0010363730DB90020F1E7002FFBD052
S21403717039462046FFF78EFFF6E7F8B50C46074676
S214037180084616461D46FFF73AFD032320463946B2
S21403719000F8043B0822E5F76BFE637B314643F0B9
S2140371A0020320466373FFF7BFFE08B12D20F8BD28
S2140371B029462046FFF76EFF0028F8D0F6E7F8B515
S2140371C0074608460C4616461D46FFF718FD0323DA
S2140371D02370637B314643F0010320466770637375
S2140371E0FFF7A2FE08B12D20F8BD29462046FFF77B
S2140371F051FF0028F8D0F6E718B18022012100F0ED
S2140372007DB8FF207047002307B51A46194600933A
S214037210F5F76CFAB0FA80F0400903B05DF804FBAA
S2140372200B4610B519220446FF211846E5F7CEFD96
S2140372307E2C01468CBF04F5C43004F583304FF032
S2140372401902BDE8104088BFAD30D7F707BA7E28CD
S21403725088BF00F5C4304FF0190294BF00F58330A1
S214037260AD30D7F727BA30B589B00D46FFF7C4FF60
S214037270FF2804460DD001A9FFF7D2FF28686968E6
S21403728001AB03C3204601A9FFF7E1FF002009B0C5
S21403729030BD2D20FBE770477047002070477047CE
S2140372A00F2070470F207047002070470F2070474D
S2140372B0002070470020704784B08DE80F00002040
S2140372C004B070477047704700207047704700202F
S2140372D070477047002070470120704770470020B2
S2140372E07047012070470E2070470E2070470E200F
S2140372F070470020704770470E207047FF20704786
S21403730070477047002070477047704770470020EB
S2140373107047704700207047002070470020704772
S2140373207047704700207047002070477047002062
S21403733070470020704770470020704710B5002440
S214037340E3B210B9C3F10303DBB20134042CCA540D
S2140373504FEA1222F4D110BD10B50B784C788A7818
S214037360C97828B9104622460446084619460346F5
S21403737042EA012043EA042343EA004010BD704773
S214037380E3F7E2BA08B5D1F7DFFC002814BF86207E
S214037390002008BD08B5D1F7A7FE003818BF0120A6
S2140373A008BD08B5D1F760FE003818BF012008BD38
S2140373B008B5D1F7E5FE003818BF012008BD08B5AB
S2140373C0E3F7A2FBBDE80840E3F750BB70B50446FD
S2140373D00D461646E3F798FB0420E3F739FB3246DF
S2140373E029462046FFF7DDFF04460220E3F730FB7D
S2140373F0204670BD08B5E3F787FBBDE80840D1F724
S21403740017BEE3F7B9BEE3F799BE08B5E3F796FEF2
S21403741020B1BDE808400020E3F7CEBF112008BD29
S21403742010B5044608B1E4F7A9F82046BDE81040B5
S214037430FCF7C8BF10B50446006A10B1616AFFF7CF
S214037440EFFF0020C4E9080010BD38B50546FFF776
S214037450F1FF2B7E0446012B0ED0023B012B0ED8E8
S214037460EB69012B18BF6FF09604282200212846EB
S214037470E5F7ACFC204638BDEB69002BF2E76FF06E
S2140374809604F2E718220021E5F7A0BC70472DE921
S214037490F84F9846DDE90B490D9B15469A070646B5
S2140374A00F4623D02A460A9B03EB040A1444A2423F
S2140374B020D10D9B9B0705D5A2EB050AD14505EB0D
S2140374C00A0420D82046BDE8F88F434639462020D4
S2140374D0B0470AF1010ACA450AEB0B02F5D3A9EB3A
S2140374E004024C4588BF00222A44DCE7A246A5EBEB
S2140374F0040BF0E702F1010B434639461AF8010D77
S214037500B0475A46D3E74346224639462020B0477B
S2140375100AF1010AD2E72DE9F047DDE90D7616F008
S214037520020F9DF82880DDE90854DDE90BCE1FD154
S21403753006F001094FB1B9F1000F06D0B8F1000FFC
S21403754002D116F00C0F00D0013F4FF0300A04E0D2
S214037550202C04D005F804A001347445F8D3B9F1FF
S214037560000F05D04FF03009A74201D9202C2DD1AA
S21403757016F0100F1FD016F4806F2CD15CB3744531
S21403758001D0BC4227D1B4F1010E23D0BCF1100FB9
S21403759046D1023C16F0200F28D1202C28D04FF0DD
S2140375A0780C05F804C00134202C21D04FF0300CA1
S2140375B005F804C00134202C1AD0B8F1000F23D0EC
S2140375C04FF02D0C05F804C0013412E005F80490C2
S2140375D00134C9E77446BCF1100FDBD0BCF1020FCF
S2140375E0E2D1202C04D04FF0620CDAE7202C08D12D
S2140375F02024CDE90A76CDE90854BDE8F047FFF725
S21403760046BF4FF0580CCCE716F0040F02D04FF0ED
S2140376102B0CD7E716F0080FEBD04FF0200CD1E772
S214037620BCF1020F7446C1D1DDE72DE9F04391B0FA
S214037630189D1A9E1D9F0DB927F010077C0500D5CF
S21403764015B317F0200F14BF4FF0410E4FF0610E25
S214037650AC4600250DF12008AEF10A0EBCFBF6F988
S21403766006FB19C95FFA89F4B9F1090F94BF3034E0
S2140376707444E4B2B44508F8014B05F10105BCFBBC
S214037680F6F401D3202D10D11C9C069705941B9C61
S214037690CDE903649DF86440CDE9015408AC009439
S2140376A0FFF739FF11B0BDE8F083A446D6E72DE90E
S2140376B0F04F95B0269ECDE90A23DDE91E74DDE979
S2140376C0229B57EA040308BF26F010067205CDE98D
S2140376D0080102D557EA040337D016F0200F14BF6B
S2140376E04123612300250DF1300AA3F10A08214640
S2140376F04A465B463846E4F7FDFFD2B2092A94BFF2
S214037700303242444F45D2B274EB0B0405F1010507
S2140377100AF8012B01D3202D14D1259B0696059339
S214037720249BDDE90801CDE903939DF88030CDE97C
S21403773001530CAB0093DDE90A23FFF7ECFE15B00B
S214037740BDE8F08F07460C46D1E70025E5E708B10C
S21403775000F014B8704710B1D1E9003118477047EC
S21403776038B5441E14F8015F25B90A2000F006F860
S214037770284638BD284600F001F8F3E70146002006
S214037780FCF7F3BB70477047EDF716BA704708B5BA
S214037790FCF7BCFBD1F7D8FABDE80840D3F7E8BB43
S2140377A0704708B5D1F718FEFAF7C1FFBDE80840E1
S2140377B0E3F7AAB908B5FBF778FFE3F713FFFBF780
S2140377C052FEE4F7B1FAE4F79DFAE4F71FFABDE8D0
S2140377D00840D6F71DBF08B5D4F734FFFBF732FED3
S2140377E0D4F73CFFFBF730FED9F724F9D9F7CAF9EB
S2140377F0D9F7D2FABDE80840D9F7F0B97047704711
S214037800E4F72ABA08B5FCF7CCFFBDE80840FCF756
S214037810F7BF704707B500220346114601200092C2
S214037820D8F782FA03B05DF804FB07B500920B465F
S214037830027D81898068FDF78CFD003818BF012022
S214037840C00103B05DF804FB08B50020DFF7F4FDC4
S2140378500020E1F785FB0020D9F77EFC0020D9F74E
S21403786015FF0020DAF714F90020DAF701FC0020F0
S214037870DBF72AF90020DDF759FC0020DEF7C4F910
S2140378800020DEF7B9FFBDE808400020DFF7A4B804
S21403789008B50120FDF73FFA0120D9F7BDFDBDE885
S2140378A008400120DAF7E4BB08B50220DFF7B8FE8C
S2140378B00220DFF7ABF80220E1F760FE0220FFF7B5
S2140378C0A2FD0220FDF7C7FC0220DEF79DF9BDE806
S2140378D008400220DFF744BBD9F7E2BEFDF7DBBF63
S2140378E0704770477047704770477047704710B5CA
S2140378F00446DFF74FFA2046FDF743FA2046DBF748
S214037900F5FB2046DCF748FB2046BDE81040FDF7B4
S214037910D5BCFDF7F0BCFDF7FABCDEF777BF7047C2
S2140379207047FDF752BA7047704770477047704705
S214037930704705F014B870477047DFF701B8704713
S21403794070477047704770477047CFF7E5B8FEF744
S2140379507DBC704700207047FEF77ABCFEF783BCF9
S2140379607047431E012B03D9031F584258417047E3
S2140379700120704700F021BC4FF4D0720021E5F7D8
S21403798025BA70B50446E7F7F9FA0546A8B9A1691A
S214037990F1B1238AD3B1204604F11002E7F79CF92C
S2140379A038BBE16919B3638AA3B1204604F1120216
S2140379B000F0CAFA78B1054603E00023A361236109
S2140379C0E361002328466361236270BDA061E8E794
S2140379D02082E6E7E361216A0029F2D0A28A002A20
S2140379E0EFD02046E38ABDE8704000F06FBA6182AC
S2140379F0F1E76582E561DEE711B9D0F8DC1021B165
S214037A00CB6813B18B68D88970474FF6FF70704701
S214037A10E6F798BB10B50C461146E6F7B9FBE7F751
S214037A20E7FD012801D1002010BD002CF7D1052069
S214037A30FAE700F0CFB900F0E3B970B500232425C8
S214037A40D0F8DC00C4689C4201D1212070BD826856
S214037A5005FB0322D6898E4202D8128A8A4201D2B5
S214037A600133F0E70020F1E7F8B506460D46E5F7E3
S214037A7005FED8B94FF6FF734FF0240CEF68C1B27A
S214037A808F4208D81C4621463046E5F7ADFF00F086
S214037A909AFB2046F8BDAA680CFB0122D4899C42B7
S214037AA002D2002CEFD023460130E8E70024F0E7AB
S214037AB0C08D70470A7838B505461046FFF751FF64
S214037AC060B14C782046FFF74CFF38B1224353078A
S214037AD004D42846BDE83840E6F7A6BD212038BDC5
S214037AE010B504460878FFF73CFF58B14A781046AD
S214037AF0FFF737FF30B1042A04D02046BDE8104014
S214037B00E6F7B0BD212010BD00F0E8B8E7F712B9DC
S214037B10084600F008BBE6F751BC38B504460D46E8
S214037B2000F08EF850B129462046E5F75DFF30B9E0
S214037B3029462046BDE83840E6F708BC0E2038BD87
S214037B4070B516460C4604F064FD314605462046DD
S214037B50E9F7EAFD0446284604F056FD204670BDC4
S214037B6000F032B970B5044600200E4600F027FB3D
S214037B70D4F8F0503DB1002331462046AC46BDE86C
S214037B8070401A4660472B46012231462046E6F7E8
S214037B9075FE284670BD38B5044648880D4600F085
S214037BA00EFBD4F8F0302BB929462046BDE8384002
S214037BB0E6F772BD022038BD00F003BB00F03CB907
S214037BC0E6F792BAE8F78ABD70B5BDF810600546C9
S214037BD006B16BB1334428469BB200F077F90446EE
S214037BE020B91EB13146284600F0ABF9204670BDD9
S214037BF02124FBE7E8F7F8B8C0F8EC10002070473C
S214037C00E6F784BF00F05EB910B4BDF804400194F3
S214037C105DF8044B00F09FB80B4610B514461846A3
S214037C20A1689288E5F762FAE168034631B1A08855
S214037C306288121A92B21844E5F758FA002010BD6B
S214037C400346408A18B1188A003818BF01207047C7
S214037C500846E8F74FBE00F0ECBA00F0EABAE9F7D8
S214037C605BB8084708B5E6F787FAC0B208BD022A2C
S214037C7001D800F0E2B921207047022A01D800F0AB
S214037C80EDB921207047022A01D800F0F9B9212066
S214037C907047E7F79BBD0846E7F7B6BD00F018BA8E
S214037CA000207047002070477047D0F8943003F0E8
S214037CB06003402B0DD0602B03D0203B5842584125
S214037CC0704749B10B68012B06D9486940F001009B
S214037CD0704740F20110704700207047F7B504461E
S214037CE01046D4E954C7DDE908268CEA020587EA7C
S214037CF006010540194085EA0C057940C4E954514C
S214037D00002523F4004106EA010320F0010043F4B2
S214037D100073024043F00203CDE90055EAF7CEFBB9
S214037D2094F824309A0713D5D4F854319B050FD50D
S214037D304FF48811204600F058FB94F8243002468E
S214037D4065F3410384F8243020460B46E6F7E8F94A
S214037D50002003B0F0BDF0B587B01C461746BDF84B
S214037D6030601AB90024204607B0F0BD002BF9D0C6
S214037D700029F7D001AAE8F737F80028F2D0BDF8B3
S214037D800630A2199A42BDF80850C4BF9B1B9CB28A
S214037D90B54212D90399AD1BADB23144A542039146
S214037DA0ADF808500DD22A463846E5F79FF90499F0
S214037DB0621B7819E5F79AF9D5E70499761B3144DF
S214037DC0049122463846F5E70846E9F74DBC0220FB
S214037DD0E8F798BF08B5D0F8E4304BB11A68022A22
S214037DE006D993F825204AB1186AB0FBF2F008BD0D
S214037DF04FF446624C210020E5F758FE0020F6E7D4
S214037E00D0F8E42008B57AB11368022B0CD9536A6C
S214037E1013F47F4FC3F3072106D0126ADBB2534332
S214037E208B42B3FBF1F006D2002040F67F424C2192
S214037E30E5F73CFE002008BD0346D0F83001086095
S214037E40B3F8343100208B80704790F830310C2B18
S214037E5014BF90F82B00FF20704738B50C464FF43C
S214037E6000610546EBF7CEFB70B17CB195F81E3189
S214037E7073B94FF480724FF480712846EBF7AEFB6C
S214037E80003818BF012038BD2202F4E72246F2E785
S214037E900020F8E74FF48071EBF7B4BB08B54A024D
S214037EA04FF40071EBF79AFB002008BD08B58A0271
S214037EB04FF48061EBF792FB002008BD4FF400718E
S214037EC0EBF7A0BB062300208B717047B2F5805FEB
S214037ED0F8B50F460646154619462ED89A422CD3B1
S214037EE03F2A26D9B2FA82F40122C4F11F03DBB279
S214037EF09A4092B2AA422CBFC4F11904C4F11A04E0
S214037F00E2B20124931DDBB29C40A4B2AC4212D071
S214037F1096F8F5309BB9012096F8243060F3C71322
S214037F2086F824303846E7F773FD00203762B582BB
S214037F30F8BD0022ECE70020EEE72120F8E70E204C
S214037F40F6E70846E7F784BD70B505460E461446C1
S214037F5002B313883F2B1DD9B3FA83F3C3F1190178
S214037F60C9B2062901D8192B12D0062928BF062123
S214037F7001238A1DD2B2934030462380E7F770FD73
S214037F8023882846EE616B82E7F7F4FD002070BD78
S214037F900021EDE72120FAE710B514460846012133
S214037FA0E9F738FA2046BDE810400121E9F732BA6E
S214037FB0F8B504460E46174604F02BFB3A4605462C
S214037FC031462046E9F7E4FC0446284604F01CFB49
S214037FD02046F8BD0220704703207047E8F78ABEA4
S214037FE010B50023E7F70AF9044608B9EAF784FC54
S214037FF0204610BD704770B505460E46144600F081
S214038000E3F831462846FFF72FFD00F0DDF8230797
S21403801004D50B2C9CBF24F00804A4B221462846A2
S214038020E6F7B0F800224FF400312846EBF7D6FA0D
S214038030002070BD8021EBF7E5BA7FB5531C05AA77
S214038040ADF81410029202210022DBB2CDE9002122
S2140380501146EBF7E1FA07B05DF804FB7FB5531C56
S21403806005AAADF81410029204210222DBB2CDE970
S214038070002100220121EBF7CFFA07B05DF804FBDD
S2140380801FB5531C029100220821CDE900210122CD
S214038090DBB21146EBF7C0FA05B05DF804FB07B593
S2140380A091F82830009391F82B3091F8292091F815
S2140380B02A10E7F751FB03B05DF804FB10B504463E
S2140380C0E6F75AF801462046BDE81040E6F75AB8E8
S2140380D0002914BF21200020704738B505461046F6
S2140380E00C46E7F7BFFBD5B1D5F8E030BBB15B690B
S2140380F0ABB1421ED2B2FD2A13D90A68013204BFBD
S2140381006FF001020A600A68FF281A6007D16268E6
S214038110013202D16FF00102626062685A60002089
S21403812038BD0128F2E738B50546E9F759FC044699
S2140381300021A878E7F7FEFB204638BD2DE9F74F68
S21403814001251C469DF83030064601930368174602
S21403815003F0070306339D4005F1FF380B46A1B134
S214038160416804EA080BA5EB0B0A41F00059524597
S21403817009EB0B0114D952461846E4F7B7FF4946F4
S2140381807A1B5A445044E4F7B1FF019B2BB13C449D
S21403819048EA050804EA0804F46003B0BDE8F08F73
S2140381A01846F0E737B5002514460095FFF7C6FFD7
S2140381B0204603B030BDE7F7D1B900207047002052
S2140381C07047002070477047704730B54900044633
S2140381D0056812B102291FD90339C90395B9E1B15C
S2140381E0B1FA81F3C3F12003C3F10F00012838BFAE
S2140381F0012003F01F03D940A94201D901384908D9
S214038200216030BDB5FA85F339B1B1FA81F29B1A14
S214038210002BE9DC0F20EFE700210F20F0E7012811
S21403822005D9023818BF4FF0FF30C0B2704701209F
S214038230704708B5E8F7B8FEBDE80840E8F7DCBEC7
S21403824038B50446FFF7F5FF0546FFF7F2FF431B75
S214038250A342FAD338BD38B50D460446E8F7A4FE64
S21403826035B1844200D90139204601F0030138BDF7
S214038270844238BF0131F7E708B50121FFF7EBFF6A
S214038280BDE80840E8F7B8BE0B0C23F48053B3F5FB
S214038290284FF7B50D468FB2064699B216D04AF662
S2140382A00103994214D04AF60203994212D0B1F55B
S2140382B0204F14BF04240324D6F8E0300BB119680A
S2140382C051B9D6F8DC3093B928680EE00024F3E7FA
S2140382D00124F1E70224EFE7234668463A46E8F727
S2140382E0E7FEDDE90003002BEBD103B0F0BD196810
S2140382F00029E9D0234668463A46E8F7D9FEDDE981
S2140383000003002BE0D1F0E702F002BB0204C0F347
S214038310891307D56FEA83536FEA935313F5007FE8
S21403832018B206D0A3F1C8006FF4FF739842B8BF23
S214038330184670474FF0384359699A6903F5005356
S2140383400A405A6170470E207047EAF7C9BCEAF73D
S214038350C7BCEAF7C5BCEAF7C3BC08B50846EBF7E3
S214038360E5F808BDEAF7BCBC022070470220704758
S2140383700020704701207047002070470E2070478A
S21403838000207047E7F734B9084611460122FFF785
S21403839041BB70B505460C4611461A46EBF778F90D
S2140383A006682B462046B446BDE87040604710B5C5
S2140383B0EBF76EF9BDE8104083681847FFF710BE69
S2140383C0E7F73EB8FFF7A9BBE6F748BD70B5044626
S2140383D00D4616464FF4881100F01CF8324629461F
S2140383E02046BDE87040E7F75DBA38B505460C464B
S2140383F004F00FF9D5F890301C40D5F88C302343A1
S214038400C5F88C3004F000F9211E18BF01210020A6
S214038410490238BD38B504460D4604F0FAF8D4F8D8
S21403842090301D40D4F88C3023EA0505C4F88C50F0
S21403843004F0EAF8284638BD38B504460D464FF42E
S2140384408811FFF7E7FF29462046BDE83840E7F7DF
S21403845051BA73B50D7806460C4635B304238DF82A
S21403846004302379304601A98DF80530FFF738FB31
S2140384700546B8B92278A37952BB8DF80430E37960
S214038480304601A98DF80530FFF714FB054648B9B9
S21403849023783BB161883046E6F7FEFA0121304681
S2140384A0FFF7DBFC284602B070BD2946FFF7D5FC74
S2140384B029463046FFF7F2FC29463046FFF7F6FC1E
S2140384C02378002BCAD123798DF804306379C9E762
S2140384D002228DF80420D3E7FFF7E0BCFFF7EEBCDB
S2140384E00020704710B50446EBF76CF921460020D0
S2140384F0EBF7BCFFBDE81040002000F02BB9704737
S2140385000120704708B5ECF7DFFD80F00100C0B22C
S21403851008BD4FF0FF30FFF79EBB70470020704743
S21403852010B50C4603F036FE048010BD38B50C4675
S214038530154603F02FFE03881DB11C43A1B201802C
S21403854038BD23EA040189B2F9E708B503F022FE31
S214038550008808BD08B503F01DFEC07808BD08B541
S21403856003F018FE008800F00C0008BD08B503F001
S21403857011FE008800F00C00031F5842584108BD46
S21403858038B5054603F006FE04462846FFF7EEFF19
S21403859030B904F1100004F01CFA00F4406038BD52
S2140385A04FF40060FBE738B5054603F0F3FD0446D9
S2140385B02846FFF7DBFF014648B91034204604225D
S2140385C003F028FD2044BDE8384004F002BAA08832
S2140385D038BD10B50C4603F0DDFD848010BD38B5FC
S2140385E0054603F0D7FD04462846FFF7BFFF30B91C
S2140385F004F1100004F0EDF900F4404038BD4FF4E8
S2140386000060FBE738B5054603F0C4FD044628467C
S214038610FFF7ACFF014648B910342046062203F0A4
S214038620F9FC2044BDE8384004F0D3B9A08838BD2F
S21403863038B5054603F0AEFD04462846FFF796FF19
S214038640014608B1201D38BD10340622204603F02B
S214038650E1FC2044F7E708B503F09CFD007A08BD6B
S21403866008B503F097FD90F9090008BD08B503F0B7
S21403867091FD807A08BD08B503F08CFDC06808BD7F
S21403868010B50C4603F086FD047210BD10B50C46FB
S21403869003F080FD447210BD10B50C4603F07AFD5E
S2140386A0C46010BD2DE9F8430F468046002107F14C
S2140386B010001646994603F0E1FD0446D0B103F0D8
S2140386C069FD0546204603F081FD00210246284643
S2140386D0E4F77CFB00232046AB7049F00401FFF768
S2140386E01FFFA5F804802EB13A46314605F1100067
S2140386F0E4F7FCFC2046BDE8F883F8B505460F46CC
S2140387001020002103F0BAFD0446B0B103F042FD89
S2140387100646204603F05AFD002102463046E4F79B
S21403872055FB002339462046B370FFF7F9FE25B103
S2140387302A460121204603F079FD2046F8BD08B5F8
S21403874003F028FD103008BD08B503F03FFD1038D0
S214038750C0B208BD0020EBF7B1BD08B5ECF70CF8C6
S214038760002008BD4088C0F30C000330800840009A
S2140387700430704770B50E4605461146304603F082
S2140387807DFD044635B128B103F004FD3246294683
S214038790E4F76EFB204670BD0088B0FA80F040090F
S2140387A0704738B505880022044604F07CF905B105
S2140387B0258038BDF8B507460D46008800211646C5
S2140387C003F020FDB042044605D129463846BDE8ED
S2140387D0F840FFF7E6BF0021204603F013FDB04242
S2140387E005D02046002103F00DFD0446F3E72A4694
S2140387F02046002103F01AFD32462846BDE8F8401D
S214038800002103F013BDF8B5058807467DB1CCB249
S2140388102146284603F0F6FC8542064609D1002386
S2140388203B8000222146304603F000FD35462846AD
S214038830F8BD214603F0E6FC21460246284603F02F
S214038840F5FCEEE72DE9F04707888246884614468E
S2140388505FB3384603F0BAFC3D460646E4B221460B
S214038860284603F0CFFC4045814616D1214603F047
S214038870C9FC21460246284603F0D8FC474504D1E6
S214038880454508BF0025AAF8005000222146404669
S21403889003F0CCFC3046BDE8F0878742FAD003F0FD
S2140388A095FC30444D4686B2D9E73E46F2E70022B1
S2140388B00123C0E900237047F8B5044601270026C4
S2140388C003F0B4FE23683BB903F0ABFE00226368F3
S2140388D0012B0ED16360F8BD1D691F61266003F08E
S2140388E0A0FE012DF2D02B462D691E61012DFAD173
S2140388F0E6E719691A610B46EAE7036823B9406895
S214038900012803D0ECF780BC002070474FF0FF30FF
S2140389107047F8B5054603F077FF012306460027A0
S214038920A8602B7303F082FE2B6802467BB11C699A
S2140389302169A1420CBF2F6019612761104603F01D
S21403894070FE012C08D0204663689847EAE76C68F7
S214038950012C04D103F065FE00232B73F8BD616977
S214038960711AB1F1004FF5D8216969602361E5E713
S2140389700220704702207047002070470144884257
S21403898001D10120704710F8013B9342F7D0002035
S214038990704770B50146064692B00020EBF73EF9E5
S2140389A0044670B9FDF7F1FF054601466A462046C0
S2140389B0EBF77AFC6A46294620468DF80260EBF709
S2140389C029FF204612B070BD00B593B0FDF7DDFF5A
S2140389D06A4601460020EBF767FC9DF9020013B0D8
S2140389E05DF804FB00B593B0FDF7CFFF6A4601467A
S2140389F00020EBF759FC9DF8000013B05DF804FB6C
S214038A00EBF716BC012070477FB54FF6FF7101AA3E
S214038A10ECF76CFE20B1BDF80C0007B05DF804FB64
S214038A204FF6FF70F9E708B51046EDF725FEBDE8EB
S214038A300840EDF7DFBE70477047704770477047D2
S214038A4070477047704738B54FF6FF750D800C4674
S214038A50F5F7D6FE2080A8420CBF2D20002038BD97
S214038A60002100B593B06A460846EBF71DFCBDF837
S214038A70060013B05DF804FB002110B592B004465F
S214038A806A460846EBF710FC00216A460846ADF82E
S214038A900640EBF7BFFE12B010BD002100B593B041
S214038AA06A460846EBF700FCBDF8040013B05DF811
S214038AB004FB002110B592B004466A460846EBF75D
S214038AC0F3FB00216A460846ADF80440EBF7A2FE26
S214038AD012B010BD70472DE9F04F87B00C46914693
S214038AE00746FFF73CFD0546661C304603F071FF5C
S214038AF0042D40F090803846FFF721FE03780922C4
S214038B0003F00303012B14BF022303230121204692
S214038B10039303F07FFA092200210546204603F05B
S214038B2079FA21788DF8170001390022204689B298
S214038B30FFF720FE04EB09088346F0B14FF0010A65
S214038B402A460146CDF800A003980DF11703FBF75C
S214038B50DDFE0228054626D1584603F037FB0022E1
S214038B602070C0B2431E00929BB25246594630460E
S214038B7004F028F82378534423703846FFF7E5FCBF
S214038B80020424D498F8013021789B071FD50139B5
S214038B90A1EB09013A464046C9B2F0F72BFD23780C
S214038BA01844207013E020B92070284607B0BDE8AB
S214038BB0F08F032809D1404603F00BFF20F4007121
S214038BC089B2404603F007FFD7E70428D5D101252D
S214038BD0002220462178FFF7CDFD07460028E4D083
S214038BE04FF000080146434601224046CDF8008078
S214038BF0FBF78CFE022819D1384603F0E7FAC2B217
S214038C00013A207093B2394601223046CDF80080EF
S214038C1003F0D8FFC9E780F0800520F0800081B21A
S214038C203046C5F3C01503F0D6FED1E70028BCD105
S214038C302070BAE708B50020FFF764FC80F0010057
S214038C40C0B208BD0A4608B501460020ECF79CFFF3
S214038C50B0FA80F0400908BD0020EBF70FBF0021F3
S214038C600846EBF7B3BB0020FFF74ABC70B50446D3
S214038C7003F0AFFE042200210646204603F0CAF99D
S214038C80204403F0A6FE032205460021204603F0F7
S214038C90C1F9204403F09DFE4FF6FF730540ADB2C5
S214038CA09D4214D1F30712D506220021204603F075
S214038CB0B1F9204403F08DFE0446ECF7D7FF844257
S214038CC014BF02240624ECF7CBFF204070BD2046D9
S214038CD0FBF7EDFFC400E4B2F5E708B5FFF7C6FF00
S214038CE0003818BF012008BD0120704710B50446A0
S214038CF0FEF71DFB08B9FEF71CFB03050FD40C2378
S214038D001B2B01D1002009E020FA03F1C90703F168
S214038D10010206D5DBB2E31A5842584110BD0B23B5
S214038D20F9E71346ECE710B50C46098819B9084667
S214038D30F7F7BEF82080012010BD08B510461A4686
S214038D4000F08CFABDE8084003F0E1BD70B50446B8
S214038D500D46164692B06A46EBF7A6FA6A462946C9
S214038D6020468DF81F60EBF755FD12B070BD10B5A9
S214038D700C46EDF757FB2046BDE81040EDF768BA02
S214038D800129F8B505460C461DD003291ED0052932
S214038D9020D0072922D00026002400270120EBF745
S214038DA0D5F9304485421DDA0320EBF7CFF920448A
S214038DB0854219DA0520EBF7C9F938448542B4BF72
S214038DC007200520F8BD6FF00406E5E76FF00404FE
S214038DD00526E2E700266FF00407DFE700240527F1
S214038DE02646DBE70120EDE70320EBE738B14379BE
S214038DF0490023F00C0301F00C010B434371704749
S214038E0010B5044678B141794088490801F0060157
S214038E100131000AFFF7B4FF024601462046FFF77A
S214038E20E5FF104610BD0722FBE738B50D46EDF704
S214038E30E7FA044608B9002038BDFFF7E1FF002D26
S214038E40FAD1237913F00703F5D0984238BF1846B2
S214038E50C0B2F1E7EDF7E2BC0022EDF705BE002154
S214038E60012208B5EDF700FE401A18BF012008BD21
S214038E7038B51546FFF7F0FF0446284603F086FE8E
S214038E8084B1FF2804D0626822FA00F3DB0701D519
S214038E90012038BD0123834013436360E378013325
S214038EA0E370F5E72046F4E7EEF738B810B503F0BD
S214038EB071F900F11004204603F08BFD20F40071D5
S214038EC089B22046BDE8104003F085BD2DE9FF4179
S214038ED01546019101218DF80D301B0A8DF80E30D1
S214038EE09DF82C308DF80C008DF80F30284604239F
S214038EF0009103AA9DF828809DF830709DF8346091
S214038F0001F016FB044670B12946FFF762FBB8F181
S214038F10000F02D12046FFF7C9FF2FB146B93146ED
S214038F20204601F0D0F80024204604B0BDE8F081C6
S214038F30002220461146EDF777FFF4E74FF47A70E8
S214038F40EEF7CCB808B5ECF773F9BDE80840002097
S214038F50EEF7CAB900B58BB06846EEF79BF8009BF0
S214038F60BDF8060004A90693EEF73AF80BB05DF8D1
S214038F7004FB1FB504466846EEF78CF802AB03CB3A
S214038F802060616004B010BD1FB5062304468DF84B
S214038F900C30EEF703FB00238DF80D00CDE900330C
S214038FA001210223204603AA01F0C2FA04B010BD31
S214038FB038B5002208210546FFF7E0FC044698B9B9
S214038FC0FFF74EFD22464FF6FF71EEF73FFD2846AC
S214038FD0297CEEF7B9F9287C6A69E989F0F7B4F8D1
S214038FE0EEF72AF9204638BD0120FCE770B50C469B
S214038FF005460120EFF7B6F8237B4BB1FFF730FDAC
S214039000014623462A46BDE870400120EEF73CBDE4
S2140390104FF6FE71F5E7F8B50E460746FFF78FFBEA
S214039020054603F0D6FC00F44040B0F5404F14BFAD
S2140390300022062202F10A03EB5C0B325C0004F00A
S2140390400E045B08144403F0380338461C44FFF749
S2140390507BFB844208D2001BC2B20F2A28BF0F2212
S21403906030462919E4F742F82046F8BDECF7E0B895
S21403907040F62740EFF7E6BDFF224FF6FF71EFF706
S21403908015BF07B500210DF10700F0F747F89DF867
S214039090070003B05DF804FB13B5044601A90020DE
S2140390A0F0F73CF8019A01462046F0F74DF82046C3
S2140390B002B010BDF0B50F46002187B0044608463F
S2140390C01646F0F72BF8012305460DF10A008DF836
S2140390D008408DF80930FFF74CFF092C1DD13146A7
S2140390E00DF1120003F077FC05AB002102AA9B1AD0
S2140390F02846CDE90011DBB2642101F019FA0546D2
S214039100E0B1092C15D1F0F769F8044688B1284672
S214039110F0F778F8204607B0F0BD31460DF113009E
S2140391208DF812704FF6FF7503F055FC0DF115031D
S214039130DBE7284600F014F80446EBE70446E9E7C5
S21403914038B504460D4603F03BFD40B1AC4206D0AD
S214039150204603F02CFDBDE8384000F0ACBF38BD18
S21403916010B50446FFF7EBFA023003F032FC4FF675
S214039170F7739842204603D9BDE81040F0F7BCB910
S214039180F0F7FCF9B0FA80F0400910BD01207047F3
S2140391900022F0F7E9B870B504460088FFF7CFFA67
S2140391A00546043003F015FC0646A81C03F011FC24
S2140391B0054603F024FB3046F1F7C6FB30B92846D4
S2140391C0F1F7C2FB10B1284603F0FAFCA37800209F
S2140391D023F00F03A37070BD70B50546FFF7AFFA13
S2140391E00646284601F0C8F901462846F7F794FADA
S2140391F004462846FFF7D7F94FF6F773984208D880
S214039200337803F00303012B05D1A31E58425841BC
S21403921070BD0120FCE70020FAE741F2033330B5C6
S21403922085B00D46ADF808300446FFF719FC8DF8F7
S2140392300A00FFF715FC0021000A8DF80B00052332
S2140392402046CDE9001102AA8DF80C5001F070F902
S21403925010B12146FFF79CFF05B030BD2DE9F04164
S214039260044617460D46E1B13F294FF0000600D1EC
S21403927035462046FFF773F9082814D10121204606
S21403928002F0C0FF064602F0A1FF0446304602F095
S21403929081FF3B4601462A46E0B2BDE8F041FDF7B2
S2140392A018BC0126E5E72046FFF759F9024630B910
S2140392B0BDE8F0414FF6FF71012003F053BB204693
S2140392C0FFF75EF9B0F5006F0ED12046FFF76BF996
S2140392D04FF6FF739842014617D0002D0CBF0320AC
S2140392E00520002203F03EFB29462046EDF754FEF8
S2140392F068B929462046F1F7C5FA40B932462946E9
S2140393002046BDE8F041F0F77DBA0120E9E7BDE865
S214039310F0817047704737B54FF6F675FDF738FBA3
S214039320431E9BB2AB420446F8D8EDF769F8002813
S214039330F4D169462046ECF785FB0028EED020469C
S21403934000F09AFE0028E9D12046FFF788FD0028A2
S214039350E4D12046F1F7F8FA0028DFD1204603F0DF
S2140393602FFC0028DAD12046FDF71DFB0028D5D1B7
S214039370204603B030BD73B504460E46F1F7E4FA53
S214039380054688B92046F1F739FB21462B460D22C0
S2140393904FF6FD70009500F0A1F83146204602B066
S2140393A0BDE87040F1F7ECBA02B070BDF7B50446FD
S2140393B00D461746FFF754FB0646002D3FD04FF6E3
S2140393C0FB739C423BD82046F1F7BEFA08B1A6428F
S2140393D035D02046F1F7B8FA10B1012003B0F0BD3E
S2140393E02046FDF7E0FAC0B1A642F6D0F4B16946CE
S2140393F02046ECF727FB0246C0B908216846FFF76C
S214039400BDFA98B9082269462846E4F72BF868B1EE
S21403941029462046FFF7AFFFDFE7A642E6D12846F8
S214039420ECF77EFB10B900F03DFED6E73FB12146D0
S2140394302846EDF78BF921462846F5F7C7F90020AD
S214039440CCE737B5054614460C2914D8DFE801F0F7
S2140394502C132C1313130713131313242400694616
S214039460ECF7F0FA18B901216846F5F7ADFA412092
S2140394702946F7F7CDFDD4B12046FFF760F9023051
S21403948003F0A7FA4FF6F773984210D9204603B0B5
S214039490BDE83040F0F7E6B840F6144040F6134314
S2140394A00B2908BF1846E3E700F0EDFDE3E703B03A
S2140394B030BD1FB50346084603218DF80D308DF8E1
S2140394C00C1001230021ADF80E20CDE9003103AACC
S2140394D0042301F02DF805B05DF804FB2DE9F341F4
S2140394E006460F4614461D469DF82080FFF7B8FA39
S2140394F0B04207D100222146384602B0BDE8F0410B
S214039500FFF79FBF3A4631462046FFF7D2FFADF836
S214039510060060B10D2C05D100224FF6FF712820FE
S21403952003F020FA35B9BDF80600FFF719FE02B0BE
S214039530BDE8F0810123424629460DF10600EBF70C
S214039540CBFDBDF80630002BEDD1F0E7F7B50C46A2
S2140395500546FFF7F4F8611C06462846F7F7DCF8DD
S214039560A11C0746284600F02AFF01460446384653
S214039570FDF747FA0D2F34D12046F1F7E5F978B118
S214039580301D03F026FA04462846F679FFF73AF824
S21403959031460246204603B0BDE8F040FFF768BCFC
S2140395A0B01C03F016FA4FF6F773984202D9284612
S2140395B0F0F758F82046F1F721FAFFF751FAA042E0
S2140395C005D1002003B0BDE8F040FFF7A2BE6B460E
S2140395D0B068F16803C369462046F1F7D1F903B0D2
S2140395E0F0BD2A463946204603B0BDE8F040FFF7F3
S2140395F028BF14220021E3F7E9BB2DE9F04F11F051
S2140396000F0704460E4615468FB05CD10120E1F7DE
S2140396105BF809A8FDF7F3FA092309A88DF82430A7
S214039620FDF7F1FA09A8E1F721F801A909A8FDF762
S2140396307BFC26F00F08A84404F1100904F10F0A76
S214039640454511D1236901A93344236109A8FDF7D0
S21403965050FC0020E1F738F8B6F1005F28BF272753
S21403966038460FB0BDE8F08F05AA234696469446C3
S214039670186859680833ACE803004B456246F6D1D0
S2140396802B46224605F1100B53F8041B5B4542F8A4
S214039690041BF9D1714609A8FDF72BFC09A8E0F7CE
S2140396A0E5FF224621460120E0F7CAFF013D631E7F
S2140396B013F8012F15F8011F534582EA01021A70A9
S2140396C0F6D15D46BCE70227CAE7F0B5174685B074
S2140396D005460C46102200216846E3F777FBBFB326
S2140396E0C4B30F2C04F00F0608D924F00F043A462F
S2140396F021462846FFF781FF40BB274432463946BA
S2140397006846E3F7F3FC80222F6906F1100337441B
S2140397106B44B7F5005F03F8102C2F61C6F11006F3
S2140397201AD3062E1FDDFB001A0E8DF80A201A0C1C
S2140397305BBA8DF80B20ADF80C306A46102128462C
S214039740FFF75BFF00202B69103B2B6105B0F0BDD4
S2140397503E46D8E72646D6E7022E04DDFB005BBA74
S214039760ADF80E30E9E76A4610212846FFF745FFB5
S2140397702B691022A3F11004002168462C61E3F73D
S21403978025FBB7F5005F4FEAC403CDD2E7E770B514
S2140397900E46054686B001A81446FFF72AFF324652
S2140397A0294601A8FFF791FF2246054601AB05AE01
S2140397B01C4603CCB44210605160234602F10802F3
S2140397C0F6D1284606B070BDF1F770B90A460021F7
S2140397D0F1F76CB9F0B58BB00C4601A9F1F766F951
S2140397E0054680B325220021E01CE3F7EFFA0123A8
S2140397F0A3700E23BDF810702380FA0510D52346F8
S2140398004FF4877206AE23F8042B0DF1280C32466C
S21403981003CA624518605960164603F10803F6D179
S2140398203B0605D5238843F080032380069B6360AD
S21403983001AB03CB039BC4F81D00C4F82110A3613E
S214039840F2F718FB606128460BB0F0BD30B505464D
S2140398500C4687B001A8FDF7D2F92868696802AB01
S21403986003C39DF8113043F002028DF8112074B142
S2140398702288510644BF43F006038DF81130530582
S21403988042BF9DF8113043F008038DF8113001A84C
S214039890FDF7B0FAB0FA80F0400907B030BD2DE905
S2140398A0F3410F460546164602F090FC4FF00008BB
S2140398B0C41BE4B2294623463A463046CDF8008018
S2140398C003F080F90121284602F09CFC88B10121AF
S2140398D0284602F097FC074602F078FC0546C3B21A
S2140398E0424630193946CDF8008003F06BF925441B
S2140398F0ECB2204602B0BDE8F0812DE9F04F85B00A
S2140399000C46054691461F464FF0010ADDF838809F
S2140399109DF83CB002F05AFC22463B4629460646D2
S214039920CDF800A0484603F04DF95146284602F00C
S21403993069FC3C4418B35146284602F063FCF6B271
S214039940B442814610DAE7B2F31BDBB24046224646
S2140399502946CDF800A003935F4403F033F9039B35
S214039960BF1B984407F0FF0B012300220E934946C2
S2140399705B46404605B0BDE8F04F03F023B95B46AF
S21403998022462946CDF838A0F3E72DE9F041002614
S21403999086B0074608460C4615469846CDE9026645
S2140399A004968DF8146002F011FC411BCBB20D2B0C
S2140399B028BF0D232A462146009602A803F002F983
S2140399C0424602A93846F1F7C7F906462946204615
S2140399D09DF80820F6F7B4FE304606B0BDE8F081E1
S2140399E02DE9F04F0E46CBB00121054617461C461F
S2140399F002F008FC23463A462946814606A8FFF7A6
S214039A00C4FF0DF1280A00EB070B524631462846E1
S214039A105FFA8BFBFFF743FFB34503D200204BB03F
S214039A20BDE8F08FABEB06085FFA88F808F104038D
S214039A309842F3DB331F18440423C4B20193A31BD9
S214039A40DBB20093524643460021CDF808A006A891
S214039A50E0F7AAFD0028E1D1A4EB0B040AEB080308
S214039A60E4B2524628463146009301944346FFF734
S214039A7044FF39462846F6F74FFE394600F0F8020B
S214039A802846F6F75DFE0121284602F0BBFB0028B8
S214039A9018BF4D462846ADF8165002F097FB011F37
S214039AA0C9B20DF1160000F04FFC0120B7E72DE90F
S214039AB0D841064600F060FD411C044689B2304694
S214039AC000F02DFD98B394B321463046F6F724FEF6
S214039AD000F00C03042B074629D000F00308B8F166
S214039AE0020F00D11BBB384600F0B0FD3B06044412
S214039AF0A4B216D5611C304689B200F010FDB0B191
S214039B0021463046F6F708FEB8F1010F014600F08D
S214039B1003030CD0032B0AD0384600F0A6FD031926
S214039B209CB221463046BDE8D84100F0F8BC002080
S214039B30BDE8D881F8B5064600F0E0FC05460446C5
S214039B403046FEF7FCFD43785B0718D5AC1CA4B281
S214039B502146304600F0E3FCB8B129463046F6F716
S214039B60DBFD0746691C304689B2F6F7D5FD1FB103
S214039B70874201D8FF2808D104EB4704A4B2214644
S214039B803046BDE8F84000F0CABC0020F8BD13B567
S214039B90044601A8F1F738FBBDF80430DA0710D401
S214039BA09B0707D410220021204602B0BDE81040D0
S214039BB0E3F70CB9224621461020FFF7E8FD0028FC
S214039BC0F0D102B010BD024608B5F1F745FB5105CA
S214039BD044BF0838C0B2130544BF0838C0B208BD36
S214039BE0F0B5D30705460C468BB04AD5008800F07F
S214039BF0C3FC00230646029314B9CDE9034403AC21
S214039C00002208212046FEF7B9FEA8B12888FEF7F1
S214039C1096FD023002F0DDFE21460746EBF712FF03
S214039C2050B1002240231146384600F005FA40F6AC
S214039C30094528460BB0F0BD31462888F6F76CFD7B
S214039C4010F0030F0CBF01260026F0F773FF46EA59
S214039C504000C0B200900021204602AB05AAF2F7EE
S214039C6045FD0546F0F766FF0028E2D0002DE0D05C
S214039C7000212046009602AB05AAF2F737FD0546FB
S214039C80D7E740F60A45D4E700231A46F2F79ABC0C
S214039C9030B58BB005AD04462846FCF7B0FF02236B
S214039CA0284601A98DF81430FDF73EF9234601AA8C
S214039CB0144603CCAC4218605960224603F10803ED
S214039CC0F6D10BB030BD08B5002302461946184638
S214039CD0F2F778FC012008BD37B504466846F2F76C
S214039CE0E9FC054648B1082221466846E3F7BAFB75
S214039CF0B0FA80F0400903B030BDFF2208212046A9
S214039D00FEF73CFE034628B106212846FFF7BCFFB4
S214039D100120F0E722460146F2F754FCF8E707B5C0
S214039D206846F2F7C7FC10B16846FDF76CFA00F018
S214039D30010003B05DF804FB0120F3F791B9704707
S214039D4030B50124054689B003A8FCF758FF01A8DF
S214039D508DF80C40E0F7E8FC9DF806209DF80730E8
S214039D60AA4209D0AB4209D103A88DF80D40E0F70B
S214039D707DFC012009B030BD0024F5E70020F9E79B
S214039D8000221021FEF7FABD70477FB50D4600F599
S214039D9082300D22694600F58070D4F75FFC6B466F
S214039DA02A4602AE1C4603CCB442106051602346DA
S214039DB002F10802F6D1206810602379137100239C
S214039DC06B7304B070BDF0B585B06A4605460B46A6
S214039DD0164601F10807144618685968083303C481
S214039DE0BB422246F7D118680D2220601B7905F581
S214039DF082303146237100F58070D4F75BFC05B0E2
S214039E00F0BD38B504460D46DFF780FFA04205D9FE
S214039E1020462946FFF7B9FF002038BD2820FCE777
S214039E2030B5002485B08DF80040DFF76FFFE5B24C
S214039E30A84204D8F4F72CFC002005B030BD6946D0
S214039E402846FFF7C0FF0134EFE738B50446002085
S214039E5002F0ABFEFF2805460FD002F0AEFE10F070
S214039E60010009D0284602F0A8FE400840EAC17067
S214039E7080F0010000F0010038BD04F00100FBE7AC
S214039E800146F8B506460020F4F73CFBFF2801D050
S214039E900120F8BDDFF72AFF00240546871CDFF7FD
S214039EA029FFE3B2984201D80020F2E735F82430C0
S214039EB0B34203D117F82430002BE9D10134EEE77F
S214039EC038B50D460121044602F09CF930B1012154
S214039ED0204602F097F92880012038BD20462C80C2
S214039EE000F020FC0130C0B2F7E72DE9F04788B058
S214039EF00746894610460DF10A011D469046FFF7B0
S214039F00DFFF4FF0000ABDF80A6004463046CDE98D
S214039F1005AACDF81BA002F059F9031BDBB20B2BE5
S214039F2028BF0B2322463146CDF800A005A802F031
S214039F3049FE48F21F039D4243D00BD885F40043E5
S214039F40012B15D923464246494628460097FDF776
S214039F50A7F933E048F23A039D42F3D1FEF780FDBA
S214039F60B8422BD02246414605A8FDF7CAF925E09C
S214039F709DF8143013BBBDF81D40DDF81500DDF861
S214039F80191003AB03C3204603A9E0F7B3F8012275
S214039F90204603A9FFF70AFAA74206460ED0012178
S214039FA003A8F4F711FD48F201039D4206D12EB92A
S214039FB0334632463946204600F058FC08B0BDE822
S214039FC0F0879DF81450002DF8D12F469DF8158084
S214039FD00234EAB24245F1D2D200D2B22244082376
S214039FE0314692B2009703A8CDE9037702F0EAFD63
S214039FF003A800F074F802F0DAFD00F05CF801350F
S21403A000E7E710B50024418084800480C280038182
S21403A01010BD13B5BDF81040CDE900340023F4F7A6
S21403A020A1FF02B010BD13B5BDF810400190009417
S21403A030F4F798FF02B010BD07B500930123FFF7AE
S21403A040F2FF03B05DF804FB0123F5F731B838B52A
S21403A0500546EFF7C3F80446DFF764FEA40144EAB7
S21403A0604020284038BD7047704700207047FF20C7
S21403A0707047002070477047002070474FF6FF7008
S21403A08070470020704770470020704770470020D5
S21403A090704770470020704700207047704770472E
S21403A0A00020704770477047002070474FF6FF70D8
S21403A0B07047172070477047704770477047704760
S21403A0C0704701207047012070470020704700202A
S21403A0D070477047704770474FF6FF7070474FF6EC
S21403A0E0FF707047002070470020704700207047BD
S21403A0F07047002070472DE9F04F002785B0814652
S21403A1000C467E2039469846BDF83CB09DF844A0E0
S21403A110BDF84C500192ADF80E7002F0AFF806464B
S21403A120002800F0AA8002F035F839467E22E2F7CE
S21403A1304DFE304602F02EF80090304602F02AF824
S21403A140B9F1FF0F0CBF274644F003073B0A14F48C
S21403A1504062077043705FD14FF00808C31C18466F
S21403A16042460199E2F784FE034604F4404443441E
S21403A17084B1790606D419464FEA1B2201F802BBBE
S21403A1805A700B46B4F5004F56D0A4F540425442DD
S21403A1905441E400224618460E99E2F769FE009AF7
S21403A1A003462044A0EB02085FFA88F89DB14FF4FB
S21403A1B07C521A53841C284601F0ECFF834628463B
S21403A1C002F004F8C5B22A4659462046E2F78EFF47
S21403A1D060190235EDB2B9F1FF0F2FD05246109930
S21403A1E000F8019BE2F782FF08F101015AFA81F1B8
S21403A1F029443046EAF706FF0C210022FF0007F049
S21403A200800710463943FEF778FAADF80E00E8B932
S21403A210002005B0BDE8F08FB2F5006F80F803802C
S21403A2204FEA182880F8048000F1050314BF4FF0A6
S21403A23008084FF0020892E70224ABE708EB0A018E
S21403A24029443046EAF7DEFE0821D6E7304601F019
S21403A250A1FF0446304601F0B9FF0123024621461A
S21403A2600DF10E00EAF738FF0028D1D10121BDF821
S21403A2704820BDF80E0001F0D9FFBDF80E00C8E770
S21403A28010B50C46098821B90846F5F711FE20805B
S21403A29008B1012010BD0220FCE72DE9F0478046F7
S21403A2A00F460646002402F1FF39BC4202D219F8D3
S21403A2B0015F25B9A6EB080080B2BDE8F0879A4691
S21403A2C0A5F13102012A5AF8041B10D83246322D62
S21403A2D002F8011B06D10134A4B2A74232D30912F5
S21403A2E0B21C7170013453461646A4B2DDE7342D12
S21403A2F00CD10334BC42DDDA0B0A317073700B0CDD
S21403A300090EB370321DF170A4B2EBE7A5F1330268
S21403A310062A0DD8303DADB22B19BB42CADA2A46FF
S21403A3203046013CE2F7A4FD15FA84F47219EBE714
S21403A330A5F14102062A01D8373DECE79D8803F1D3
S21403A340080AE9E71646B5E770B5054600880C46E1
S21403A35001F03CFFA04228880AD201F037FF002311
S21403A360221A19462846BDE8704092B2EAF7B4BEF0
S21403A3702146EAF747FE002070BD38B5054601F0D2
S21403A38009FF0446284601F021FF00220146204625
S21403A390BDE83840FEF7EEB9F8B516460C461D463E
S21403A3A0BDF8187001F0F6FE0444304601F0F2FEE4
S21403A3B03A4641192046BDE8F840E2F759BD70B564
S21403A3C00C46013189B20646F6F7A6F9214605463C
S21403A3D03046F6F7A1F900EB052080B270BD1FB535
S21403A3E00123ADF80C2000930A460223014603A876
S21403A3F002F0E8FB05B05DF804FB0FB437B5069D25
S21403A4000021A8B201F03AFF044601F0C3FE2CB1C6
S21403A410002207AB0193D1B28D4205D8204603B084
S21403A420BDE8304004B0704753F8041B8154013232
S21403A430F1E773B504460D4640200021164601F0A9
S21403A4401DFFADF8060001F0A5FEBDF8063013B9F2
S21403A450002002B070BD402133462A462044FFF751
S21403A4601CFF211889B20DF10600FFF76DFF0028C7
S21403A470EED1BDF80600ECE70EB403B503AA52F816
S21403A480041B0192FFF7D5FF02B05DF804EB03B09F
S21403A49070472DE9F7430F4601218146164601F022
S21403A4A0B1FE054658B1FFF768FF308088B92846E5
S21403A4B001F08CFE68B1192003B0BDE8F08348466E
S21403A4C001F084FEFF2FA0EB0704E4B214D014B906
S21403A4D034800020F0E72A4621462846FEF74AF94C
S21403A4E080460028E7D03B464A4629460094FFF7B5
S21403A4F053FFA6F80080ECE70120DDE708B5FEF77A
S21403A5001EF9437803F001001A074CBF10300830D9
S21403A510DB0644BF0830C0B21030C0B208BD10B569
S21403A5200C4601F053FEA04234BF0020012010BDAC
S21403A5307FB514460091024641F2092141F60920EF
S21403A5409DF820601D46002E18BF0146099B00207B
S21403A550F6F70AF9ADF80E0010B9002004B070BD86
S21403A56001232A4621460DF10E00EAF7B5FD002821
S21403A570F3D1BDF80E00F1E738B50546FFF7BEFF89
S21403A5800446284601F022FE631C9BB283420FD882
S21403A5902846FEF7D4F843785B0707D521462846B6
S21403A5A0F6F7BAF8013004EB4004E4B2204638BDAF
S21403A5B00024FBE71FB5ADF80E0001F007FE0446C6
S21403A5C0BDF80E00FFF7D8FF00F10E03DBB2BDF8AF
S21403A5D00E200146E01A80B200901046FFF7DCFE1C
S21403A5E0A4F10E0189B20DF10E00FFF7ADFE04B023
S21403A5F010BD4278034612F0080006D0D20702D4F4
S21403A60003F10800704703F10900704737B50546A4
S21403A6100C46FEF794F8437813F0100212D09CB160
S21403A62003F001021B074FF0000329460093204660
S21403A6304FF0080354BF1832203202F0C3FA012049
S21403A64003B030BD1046FBE72046F9E700F00303EE
S21403A650012B08D0C30606D400F00C000C2814BF48
S21403A66008200920704702207047034611F00300B4
S21403A67005D003F00303022B14BF02200320704708
S21403A680F8B50C46064601F0A1FD631C834202D9C9
S21403A69000252846F8BD21463046F6F73DF807461E
S21403A6A0FFF7D4FF3B060546F3D50444304601F0D6
S21403A6B08DFDA4B2631C9BB28342E9D82146304683
S21403A6C0F6F72AF801463846FFF7CFFF2844C5B207
S21403A6D0DFE770B506460D46FFF7D2FF044610B90E
S21403A6E00024204670BD29463046F6F715F8820644
S21403A6F0F7D5304601F06AFD2544ADB26B1C9BB21C
S21403A7008342EDD829463046F6F706F800F01803DC
S21403A710082B14BF05340634E4B2830644BF08345A
S21403A720E4B2DEE738B50546FFF726FF044608B968
S21403A730002038BD01462846FFF7CBFF0028F7D098
S21403A7402044C0B2F5E72DE9F04387B005460C4632
S21403A750FDF7F5FF804602F03CF907462846FFF76B
S21403A7600BFF064601462846FFF78AFF00220346EC
S21403A77000922946324602A802F024FA9DF80860A1
S21403A78006F00C030C2B06F003090BD0B9F1010FEE
S21403A79059D0F10657D49DF809300DF10A0500206B
S21403A7A0637107E0FF230DF10900637102F011F9ED
S21403A7B00DF10B05208198F80130DA0704D508F16E
S21403A7C0020002F006F92081B9F1010F5FFA89F859
S21403A7D03DD0F3063BD4284602F0FBF86080A81C65
S21403A7E002F0F7F8053515F8013C208023712B7825
S21403A7F0B006A37206F0400348BF43F020033906B1
S21403A80027D543F40073F80448BF43F4806339053F
S21403A81048BF43F400633206E38011D56A7812F02A
S21403A82003020DD06FEA43436FEA5343A978B8F1A6
S21403A830020FE3800B4611D1EB7841EA0321218115
S21403A84007B0BDE8F083FF230DF10905A7E7FF2353
S21403A850CCE77A0648BF43F48073D4E7012A04BFE3
S21403A8600B029BB22381EBE7F6F730BC0BB1F6F78E
S21403A87099BC0AB9F6F712BDFF21F6F73BBC431C99
S21403A88008BF0020E3F758BD034B5868C0F3080021
S21403A890003818BF0120704700ED00E0014B186830
S21403A8A0704700BF986B0020084B1B6F03F007032D
S21403A8B0022B04D0032B05D0012B05D0FEE7044B57
S21403A8C018687047034BFBE7034870470080005047
S21403A8D0986B0020A06B0020002D310108B5FFF710
S21403A8E0E3FF054B1B6FC3F301330133B0FBF3F0F8
S21403A8F0024B186008BD00BF00800050946B002018
S21403A9000048704700B4C40400487047002D310166
S21403A910014B1868704700BFA06B0020174A936866
S21403A920C3F304430C2B0AD8DFE803F00B09090929
S21403A9300909072119091B1D1F001148704700202C
S21403A9407047936803F04073B3F1807F11D0B3F17F
S21403A950007F10D0002B0B4818BF002070470A4812
S21403A96070470A4870470A4870470A4870470A48BB
S21403A97070470A4870470A48704700BF0040015AAC
S21403A980405DC60000093D00C0EA210180BA8C0183
S21403A9900048E801005A62020024F40080841E0086
S21403A9A040420F00014B1868704700BF9C6B0020A5
S21403A9B007B500F065FC6A4600F0C2FC18B14721F3
S21403A9C0034801F028FFDDE9000103B05DF804FB4E
S21403A9D0A6D803000229F8B596BF104B00245C5C8A
S21403A9E0012805460E4608D0022809D008B944F0C7
S21403A9F002040B4B1F6837B9F8BD44F00804F8E7A8
S21403AA0044F02004F5E77B681A68144203D0314605
S21403AA1028465B6898473F68EDE700BFE674040086
S21403AA20D042002038B5104D2B78ABB10F4C2378AD
S21403AA301BB100F031FA00232370002001F0FEFE64
S21403AA400B4C50B100F07AFA0023012120782B70CA
S21403AA50FFF7C0FF0123237038BD0122054B1A7090
S21403AA602278054B1A70F7E799610020976100205A
S21403AA709E6100209A6100209B6100200E490B789E
S21403AA80FF2B01D198B170470BB990B970470028D6
S21403AA9014BF0122FF2213440B7060B1074B1B78CF
S21403AAA0012B08D9064B1B782BB9FFF7BBBF1A46F9
S21403AAB0F1E70122EFE770479D6100209E610020C9
S21403AAC09A61002010B501F0A4FD064B04461B78DE
S21403AAD01BB1BDE8104001F097BDFFF7A3FF20466A
S21403AAE0F7E700BF9661002002282DE9F04147D022
S21403AAF029480378FF2B41D1002941D11A46134434
S21403AB00DBB2037000293BD0244E3278012A37D9B2
S21403AB10002B3ED001F07DFD214F04463B780BB35E
S21403AB20204D2B781BB901222A701F4A1370DFF8B9
S21403AB307C8098F8003023B100F0AEF9002388F843
S21403AB400030204601F060FD012001F077FE01F0A1
S21403AB5060FD2B7804461BB100F0F0F900232B7040
S21403AB6000233B70204601F04FFD01243078A042BD
S21403AB7006D02146FFF72EFF347001E013B931B932
S21403AB80BDE8F081002914BF0122FF22B7E70122A6
S21403AB90B5E70224EAE700BF9D6100209E6100201E
S21403ABA099610020966100209A6100209761002039
S21403ABB02DE9F04385B0EFF3108572B6AFF300804E
S21403ABC001F011FF002800F09280624E624F337846
S21403ABD023B10020FFF752FF00233370387878B98B
S21403ABE003A900F01DFB044650B95C4B039A1B688F
S21403ABF09A4200F284800120FFF740FF012333705E
S21403AC003B78002B40F09980554B1B78002B00F0C7
S21403AC1091804FF00208534CDFF868912078404546
S21403AC2007D099F8003013B94146FFF7D3FE84F8EE
S21403AC300080B8F1020F0FD1DFF8248198F80030B6
S21403AC4053B9494B1B7823B900F020F90122474B2F
S21403AC501A70012388F80030207800F0F7F899F886
S21403AC60003013B1424B1B782370AFF300802846A5
S21403AC7001F0DFFDEFF3108572B63E4B1A7852B142
S21403AC8000221A703A4B20781B78984203D1012190
S21403AC902170FFF79FFE384800F082FA01F0B7FEF6
S21403ACA08046002893D12E4F3B789BB189F800004D
S21403ACB0DFF8B89099F800301BB100F0EDF889F88A
S21403ACC00080002001F0BAFD002839D000F036F9E4
S21403ACD000233B70337823B10020FFF7CFFE002319
S21403ACE0337000212078FFF775FE00232370AFF33F
S21403ACF00080284605B0BDE8F04301F09ABD1F4B1F
S21403AD00D3F8008000F048F9039B80449845BFF4CD
S21403AD1072AF00F03BF98200039942F0020292B24E
S21403AD20CDE900422346164AA1EB0801124801F07A
S21403AD3087FD65E700F09CF86BE74FF001086AE7CC
S21403AD40012000F083F8284601F073FDEFF3108529
S21403AD5072B6B6E7986100209D610020D8420020B5
S21403AD60996100209E6100209C610020976100206D
S21403AD709B61002094610020DC420020D442002026
S21403AD80C5AA03009A61002010B501F042FC002218
S21403AD90054B1C781A7001F037FC00F005FBE4B293
S21403ADA02043C0B210BD00BF9561002038B501F046
S21403ADB030FC094B05461B78012B04D801F024FC14
S21403ADC00024204638BD054B1C6800F0E5F8044413
S21403ADD0284601F019FCF4E79E610020D4420020C7
S21403ADE01549164A0B6F10B503F007031360144A90
S21403ADF0144C9269032B02F00200C2F34002227045
S21403AE0017D0D1F8203103F00703022B11D0D1F865
S21403AE10803203F001030C4A137048B143B9064B62
S21403AE20D3F8003103F00303591E4B424B41137012
S21403AE3010BD0123EFE700BF008000503843002019
S21403AE4000C00150A3610020A4610020012805D0A2
S21403AE500238012808D80020D0F7E4BD034A136956
S21403AE6023F00403136130BF704700BF00ED00E01A
S21403AE70044B054AD3F8203103F007031360F8F7B1
S21403AE805BB900BF00800050404300200122014B05
S21403AE901A707047A2610020F8B51F4B1B78002B71
S21403AEA039D01E4C2378B3B91D4B9A6DD10302D506
S21403AEB0DA6D92072FD49B6DDB072CD401F003FDCC
S21403AEC0184B194A1860136F23F0070343F0030364
S21403AED01367FFF703FD01F0F6FC124B134D1B68D7
S21403AEE0134EC01A2B78134F56F8232046F8230028
S21403AEF0111A3A681048521A0A213A600932B2FB0C
S21403AF00F1F20133DBB20260B3FBF1F201FB123361
S21403AF102B7000232370F8BDA4610020A1610020DC
S21403AF2000C000503043002000800050A061002085
S21403AF3008430020044300200043002008B5F8F728
S21403AF40FCF80D4A0D49136F096823F007030B43FA
S21403AF5013670B49D2F82031096823F007030B4324
S21403AF60C2F82031074B1B7813B10122064B9A62B5
S21403AF70BDE80840FFF7B2BC00800050384300200D
S21403AF8040430020A461002000E00050014B1878E5
S21403AF90704700BFA4610020054B187818B1054B15
S21403AFA0186800EBD000044B1B681844704700BFBA
S21403AFB0A4610020004300203443002008B50D4B55
S21403AFC01A7892B100221A700B4A136F23F0070304
S21403AFD043F001031367D2F8203123F0070343F04D
S21403AFE00403C2F82031FFF779FC0122034B5A67AA
S21403AFF008BD00BFA26100200080005000E00050A2
S21403B0000D490B68A0B10022A3B1834203D1836824
S21403B01022B90B6003E01A469B68F5E793608368E2
S21403B0200BB9002070475A6941690A445A61F8E728
S21403B03022207047022070474C43002010B501F0D1
S21403B0405EFC0A4C0A4B19682368C31A09B92060C8
S21403B05010BD002BFBD04A699A423ABF9B1A0022C6
S21403B060D21A4A6128BF00238968EFE748430020C5
S21403B0704C43002038B5154D2B682BB35B69B3B131
S21403B080134A022014681C4400F088FA204600F095
S21403B09047FA00220F492B680A70012A05D823B104
S21403B0A0D88880070AD501230B70002038BD0220FC
S21403B0B000F074FA022000F093FAEAE79B68002B8C
S21403B0C0F3D058690244E8E72220EFE74C43002018
S21403B0D048430020A6610020C38870B504460D4689
S21403B0E03BB9FFF763FE8542064602D2F9F735FA07
S21403B0F035460E4A656113689BB91460A3600FE07A
S21403B1002D1A986819466561034618B15869A8420E
S21403B110F6D941B18C60A36013B15A69521B5A61C8
S21403B12070BD0021F2E71460F5E700BF4C43002032
S21403B13070B516469DF81420C0E903360271049ACA
S21403B140BDF818300260002204460D468260C380B4
S21403B15006BB01F0D4FB2844A0613DB9E3686561F2
S21403B16013B120462168984796B1354601F051FA47
S21403B1700646FFF763FF29462046FFF7ADFF074B5A
S21403B1801B68A34201D1FFF775FF304601F03CFA76
S21403B190002070BD01F0B3FB3044DDE74C430020D4
S21403B1A0F8B50546D0B101F034FA0646FFF746FF78
S21403B1B00B4B28461F68FFF723FF044620B1304693
S21403B1C001F022FA2046F8BDAF42F8D1FFF752FF4E
S21403B1D02228F4D1022000F0EDF9F0E72224F1E76B
S21403B1E04C43002038B50C460546A8B1A1B1002350
S21403B1F00B7001F01BFA0121084B1B6833B901F0F1
S21403B20010FA002038BD9D4204D121702278002A0E
S21403B210F9D0F4E79B68F1E72220F3E74C430020DC
S21403B220F8B506460F4601F001FA00250446124B10
S21403B2301B6823B9204601F0F4F91B2011E05A6974
S21403B2401544DA88B2420DD101F059FB0B4E336830
S21403B250C01AA8420AD3002320463B6001F0E1F956
S21403B2600020F8BDFF2EEFD09B68E2E701F047FB16
S21403B27033682B441B1AEFE74C4300204843002057
S21403B28070B501F0D3F9064601F039FB084B0446C6
S21403B29001201D6801F023FB18B101F030FB0446C2
S21403B2A00135304601F0BDF92046294670BD00BF82
S21403B2B054430020014B1868704700BF50430020DA
S21403B2C0F8B50C4B05461B680E4683420FD3002485
S21403B2D040F2E7302146084B4FF47A721F6800238A
S21403B2E0E5FB0701E1F706FA30602046F8BD2120AA
S21403B2F0FCE700BF44430020504300200F4B10B52B
S21403B3001A689AB14FF47A71531E1342A0FB0101D7
S21403B3100ED1B2FA82F2C2F11F04531CD243E040AC
S21403B32001FA03F3184321FA02F20243104610BD52
S21403B3300023E1F7DFF90246F8E700BF5043002099
S21403B34038B5164B14468342154B8B4123D3154B06
S21403B3501A6802B34FF47A75A0FB050305FB0131A7
S21403B360531E134211D1B2FA82F3C3F11F055A1CBE
S21403B370DB4301FA02F2E84021FA03F310431843D1
S21403B380E940C4E90001002038BD0023E1F7B2F923
S21403B390C4E90001F7E72120F6E700BFEFA7C64B95
S21403B3A0378941005043002010B501F03FF9034BA5
S21403B3B01C7801F036F9E4B2204610BDA5610020E2
S21403B3C008B5084B1B7803F0FF004BB101F07BFA7E
S21403B3D0054B1B689B69C01A02288CBF00200120FE
S21403B3E008BD00BFA66100204C430020C2072DE91C
S21403B3F0F843044607D5474A136801331360FFF73B
S21403B4001DFEFFF737FEA30740F1818001F00EF91A
S21403B4104FF0000805464646FFF710FE3E4F3C68D1
S21403B4200CB16369A3B100223C4B012E1A7003D101
S21403B43018F0020F18BF1E70FFF71CFE222802D159
S21403B440022000F0B7F82846BDE8F84301F0E9B853
S21403B45023465A693AB91A792179914288BF1C461C
S21403B4609B68002BF5D1284601F0DBF8D4F8108052
S21403B470B8F1000F3FD001F042FAA269851AEB1724
S21403B480454573F1000337DB23691344A3610123A6
S21403B4902269CAB1C3B9A38BB8EB050833B1E28BF3
S21403B4A013449BB2B3F57A7F1CD2E38301F0BEF854
S21403B4B0054641462046FFF70FFEA3692269284644
S21403B4C01344A36101F0ADF8E36813B12046216885
S21403B4D09847B4F8068001F0A9F801360546FFF749
S21403B4E0ADFD9CE7A3F57A73E383A36918F1FF38F0
S21403B4F0013BA361DAE7454601F098F8814620460A
S21403B500FFF77EFD484601F08CF80023C0E7BDE850
S21403B510F88300BF544300204C430020A56100205D
S21403B52010B5044601F075F84FF0B042936A190758
S21403B530FCD4136A116C5269120704D4CA1A032A7C
S21403B54001D899420ED1E21A022A98BFDC1CB4F144
S21403B550FF3F38BF013C4FF0B04308221C6403F59D
S21403B56080539A6101F050F8054A13783BB14FF0C7
S21403B570B041CB6B43F00203CB630023137010BDC3
S21403B5801471002007B5044B01A9187901F0E7F8F8
S21403B590019803B05DF804FB2473040000F0010374
S21403B5A08207034A48BF43F008039361704700BF0E
S21403B5B000100058820700F001030AD50121064A4D
S21403B5C043F0080311704FF0B041CA6B22F0030238
S21403B5D0CA63024A93617047147100200020005822
S21403B5E0830742BF0822014B5A6170470010005878
S21403B5F073B502AB164603E90600044600F052FF95
S21403B6000546204600F05EFF9DF800208DB1202CF5
S21403B61033780ED8012B2ED84FF6FF752D4803EB43
S21403B6204313234430F81310A94202D0013120F803
S21403B6301310294B294E33F8141036F814008142A0
S21403B64032D34FF6FF75A9424FF0010502D0013100
S21403B65023F8141004F0FD01092927D1998AB68A24
S21403B6600A44B242B4BF9A829E8233F814308342AD
S21403B67027D202B070BD022BDBD14FF6FF704FF618
S21403B680FF75144B33F81410814218BF013104F1CF
S21403B690210018BF23F8141033F81010A9421CBF5A
S21403B6A0013123F81010C4E70025D0E71D2CDCD1A8
S21403B6B0598F8E18864203DA01390A445A87D4E72B
S21403B6C05887002DD5D1204602B0BDE8704001F062
S21403B6D031B900BFA65D00207E5E00202A5E0020F2
S21403B6E038B50D46044600F0A1FF064A13889BB200
S21403B6F02DB123431380BDE8384000F092BF23EA00
S21403B7000403F7E7846000200022034B01214FF473
S21403B71080701A70FFF7E4BFB767002008B5054BC3
S21403B7201868FCF72FFE00F00300C31E584258416A
S21403B73008BD00BFA45A002038B5044601F098F9A6
S21403B7400C4B05461978187981420FD0631E082BD7
S21403B7500CD8DFE803F0050D0B0D0B0D0D0D0D00DA
S21403B76000220146044B1868FCF70AFE284638BD3B
S21403B7700022F7E742710020A45A002038B54FF0A4
S21403B780FF300C46FFF77BF80A4B05461868FFF7B1
S21403B79076F8641B241A20B210F1630F06DB10F14F
S21403B7A0240F05DA64308000C0B238BD0020FCE701
S21403B7B0FF20FAE7A45A002008B5134B1B78062B84
S21403B7C004D040F62101114801F025F8104B1B88E0
S21403B7D01B0704D440F622010C4801F01CF80D4B5D
S21403B7E02A201978FFF7A8FF00210820FFF778FF23
S21403B7F00222094B1A70094B1868E7F793FFBDE856
S21403B800084001F084B800BFB7670020516F0400FA
S21403B81084600020B467002071710020A45A0020C1
S21403B82010B50E4C236823B940F6A3410C4800F02C
S21403B830F2FF2068013001F0CCF800F0070003287F
S21403B8400AD1246809220121204600F0E3FB205C8C
S21403B850031F5842584110BD0020FCE7945A0020AD
S21403B860516F040038B50C4640B100210420FFF7A1
S21403B87037FF01F04CF8012C1DD038BD244B1B8834
S21403B8809B07F6D50129234A2FD1117869B30139CD
S21403B890C9B2117011B92020FFF722FF0021022040
S21403B8A0FFF71EFF04221C4B00211C481A7000F0F1
S21403B8B05DFD01F02CF81A4C2068013001F089F880
S21403B8C000F44060B0F5006F1FD124680121042204
S21403B8D0204600F09FFB204401F07BF80146BDE8BC
S21403B8E038400022202001F03DB800210D4D0220F3
S21403B8F01170FFF7F5FE2B78FF2B04D040F2996109
S21403B900094800F088FF2C70B3E74FF6FF71E6E7AF
S21403B91084600020B6670020B7670020A86E00206A
S21403B920945A002072710020516F040038B5134CEE
S21403B93005462388580709D5FFF7F0FE014607207A
S21403B940FFF7FAFEFF210120FFF78CFF23889907F4
S21403B9500BD50B4B284619788A1F51425141FFF7E6
S21403B960EBFE01210020FFF77DFF23881B0703D58D
S21403B970BDE83840FFF720BF38BD00BF8460002015
S21403B980B7670020F7B5124CD4E9006586EA020CC7
S21403B99085EA03070CEA000C0F405CEA070E15D095
S21403B9A086EA0C067D40C4E90065CDE900230B4614
S21403B9B0084902460868FCF7A7F838B14FF4FD714A
S21403B9C0054803B0BDE8F04000F025BF03B0F0BD66
S21403B9D040160020A45A0020516F040008B50A4BF5
S21403B9E01B88DB0604D440F64701084800F013FF23
S21403B9F000211020FFF774FE002000F06BFBBDE86B
S21403BA00084000F084BF00BF84600020516F04002C
S21403BA102DE9F04F5706804614461D4691B005D5CE
S21403BA20FFF77CFE01460120FFF786FEEE0403D5F2
S21403BA3000212D20FFF780FEA00224D54046FCF708
S21403BA404DFD0146F8B94020FFF74AFE40460AA9D5
S21403BA50FCF721F9B8B99DF83030022B40F0D980B5
S21403BA60BDF8280001F0A3F8FF2808D14046FCF7EC
S21403BA7010F940B901214020FFF732FE03E001F040
S21403BA809AF80028F2D1A10305D5FFF747FE014631
S21403BA900320FFF751FEE20104F0807640F1C080F8
S21403BAA0854B1B889B072DD5844E3068FCF788F89A
S21403BAB040BB834B834F18703B78FF2B04D040F278
S21403BAC05761814800F0A7FE4FF0000900210220CD
S21403BAD0FFF706FE87F800907C4F3B78062B07D1CE
S21403BAE001210820FFF7FCFD49462820FFF724FE26
S21403BAF03B78052B06D100212B20FFF71DFE30686F
S21403BB00E7F710FE00F003FF220717D56B4F03215C
S21403BB10386805AAFCF76EF8064620B940F2C961F4
S21403BB20694800F078FE9DF81430072B00F0D080AB
S21403BB30FFF7F4FD01460420FFF7FEFDE10505D5FA
S21403BB40FFF7ECFD01460420FFF7F6FD14F4863FED
S21403BB5005D0FFF7E3FD01460220FFF7EDFDA20146
S21403BB6013D5FFF7DBFD01460820FFF7E5FD0021AF
S21403BB700420FFF7B5FD554B1B78012B03D14F4B24
S21403BB801868E7F7CFFD00F0C2FE14F0084F09D09F
S21403BB90FFF7C4FD01460720FFF7CEFDFF21012076
S21403BBA0FFF760FEA30009D5FFF7B8FD01460620A0
S21403BBB0FFF7C2FDFF210120FFF754FEA70705D5B7
S21403BBC03D4B1B881E0701D5FFF7F6FD6C0603D514
S21403BBD000210A20FFF7B0FD280602D50120FCF756
S21403BBE08EFCE90540F1858140460AAA05A9FCF7C3
S21403BBF0C5FB9DF81430222B00F06D8100F2828184
S21403BC00152B40F26A8140F60A112F4800F003FE16
S21403BC106FE1032B7FF437AF0AA800F0C4FF30E7C9
S21403BC2005F0020756EA07030DD0284B262019789D
S21403BC30A1F1060EDEF1000141EB0E01FFF77CFDDC
S21403BC400121304611E004F0805656EA07030FD070
S21403BC501E4B26201978A1F1060CDCF1000141EBFE
S21403BC600C01FFF769FD02213846FFF7FBFD4BE7A2
S21403BC7004F0884151EA060309D0144B27201978AB
S21403BC808F1F79427941FFF757FD0221D9E705F067
S21403BC9008030B4302D02320FFF74EFD680703D5A6
S21403BCA000212420FFF748FDE9077FF52DAF00218B
S21403BCB02520FFF741FD27E784600020A45A0020D3
S21403BCC0B667002072710020516F0400B76700202A
S21403BCD0314638680AAAFBF793FF20B14FF4DA61BE
S21403BCE09E4800F098FDBDF81630386802330AA95E
S21403BCF0ADF82C30FBF786FF20B140F2DF619748A2
S21403BD0000F089FD0023009331460423386804AA13
S21403BD10FBF77AFF042804D040F2E4618F4800F072
S21403BD207AFDDFF8589299F80030C3BB0DF1110085
S21403BD3000F04FFE00F00700022830D1FFF7EEFCBC
S21403BD4001460920FFF7F8FC854B1B78062B23D109
S21403BD50844B9DF813201B789A421DD19DF83530ED
S21403BD6023B940F2FA617D4800F055FD0DF111004C
S21403BD7000F02FFEC0F3001631462920FFF7DCFC47
S21403BD8000210820FFF7ACFC774B1E70FFF748FD39
S21403BD9010B93868E7F7C6FC00F0B9FDCEE6BDF883
S21403BDA016000121083080B200F068FA039030B91B
S21403BDB0FFF7B4FC01460420FFF7BEFCECE700F0F7
S21403BDC0E9F905AA014606463868FBF725FF99F800
S21403BDD000A0BAF1000F22D106F1010B584600F07D
S21403BDE0F8FD83065AD53868FCF778FB0746FFF755
S21403BDF095FC05370146F8B2FFF79EFC584600F05F
S21403BE00E8FD00F007000328584F2DD00121042039
S21403BE10FFF766FC4FF0FF30FBF71DFF386000228C
S21403BE205349BDF816300978F718F1549DF83630A3
S21403BE30BB709DF83730FB700A9B190E3971190CCD
S21403BE407971FB71190A99F80030B97123B97378BF
S21403BE5092B343F020037370002000F069F9787002
S21403BE60039800F071FA97E701210922304600F0A3
S21403BE70D1F8305C01210428C9D1FFF731FC4FF01B
S21403BE80FF30FBF7E8FE3B4B38601B885806C6D5E9
S21403BE9051464020FFF724FC0122C1E7FFF73EFC92
S21403BEA001460920FFF748FC2D4B1B78012BB6D122
S21403BEB03868E7F737FCB2E723F02003CBE7012225
S21403BEC07E33DBB202FA03F313F00A1F31D113F009
S21403BED0011F3FF498AE27202CE0012202FA03F359
S21403BEE0254A1A402ABB13F0041FF4D1DA077FF55C
S21403BEF08AAEAB052FD50121802011B0BDE8F04FE7
S21403BF00FFF7EEBB652B1AD8622B12D8452B0CD83D
S21403BF10422B0ED8352B06D8322B0AD8252B08D918
S21403BF20322BD8D06FE6422BFBE7552B05D8522B86
S21403BF30F7D92620FFF7FAFCDBE7622BF1E7952B10
S21403BF403FF661AE812BBAD8722BC4D0733B022B5B
S21403BF503FF659AEEDE711B0BDE8F08F516F040020
S21403BF60B7670020B367002071710020905A002045
S21403BF7073710020846000203A003800BA670020FE
S21403BF80024B1878B0FA80F040097047B767002074
S21403BF9008B5064B4FF0FF311868FCF715FA002872
S21403BFA0B8BF033040F3870008BD00BFA45A002083
S21403BFB008B5074B1868FBF73CFD30B1054BB3FBE0
S21403BFC0F0F083B20BB1184608BD0120FCE700BFB2
S21403BFD0A45A002040420F0038B510200C46012119
S21403BFE0FFF77EFB064B1D68FFF7E2FF012200FB0F
S21403BFF004F1044B2846FCF7CCF9002038BD00BFFB
S21403C000A45A0020DDB90300014800F004BC00BFB9
S21403C0106B6F0400032A70B5144602D82C4B985C49
S21403C02070BD81F0010519B90D2A07D1FF20F7E786
S21403C0300D2A03D100780538C0B2F1E7084400F0B2
S21403C040C8FCC5F1040110F440660246C9B209D122
S21403C050042C0846E4D0052C16D112F0400F18BF66
S21403C0600846DDE7C5F10603042CD8B2D8D0B6F5EA
S21403C070006F03D1C5F10805E8B2ECE7B6F5406FEB
S21403C080E9D1C5F10E05F7E712F4404107D1062CB6
S21403C090C6D0072CC4D0082C13D10130CCE75506E4
S21403C0A05CBF831CD8B2062CBAD0B1F5004F02D1C0
S21403C0B0831CD8B2EDE7B1F5404FEAD100F108038F
S21403C0C0F7E7130744BF0530C0B20C2CA8D9ADE779
S21403C0D088BB0400AC2370B5094C054603FB00433C
S21403C0E05E6D26B940F2FD31064800F094FBAC23A2
S21403C0F003FB0544002363653346BDE870401847D9
S21403C100A85A0020A86F040010B40C461146AC22AF
S21403C110064B02FB0033586D20B95C655DF8044B93
S21403C120FFF75ABF02205DF8044B7047A85A002059
S21403C130AC22034B02FB003393F8A800704700BF02
S21403C140A85A002028B1034B1B68C01A40100130C0
S21403C15080B27047685B002030B1044B00F10040AA
S21403C1601B68013803EB4000704700BF685B002084
S21403C170064B1B68834206D8054B1B68834294BF55
S21403C1800020012070470020704700BF685B002036
S21403C190645B002010B5044608B9002010BD00F00B
S21403C1A075FC20B940F2CD41074800F034FB204629
S21403C1B0FFF7D2FF0028F0D00388DB0B14BFD0F8BC
S21403C1C00A000830EAE700BF7F6F040010B508B91D
S21403C1D0002010BDFFF7C0FF044600F04EFC20B958
S21403C1E04FF49D61064800F016FB002CF0D0238820
S21403C1F0DB0B0ABF60882089C0F30C00E9E700BFA9
S21403C2007F6F040038B5FFF7A7FF0D46044650B10D
S21403C21000F033FC20B940F24151034800F0FBFA2A
S21403C220023534F8150038BD7F6F040070B5FFF78C
S21403C23093FF0C4616460546B0B100F01EFC20B927
S21403C24040F24D510C4800F0E6FA3046FFF784FF03
S21403C25000F013FC20B940F24E51074800F0DBFA19
S21403C260023425F8146070BD40F25251BDE87040A8
S21403C270014800F0D0BA00BF7F6F04002DE9F843F1
S21403C2800746884600F069FB20B940F28E512A48DB
S21403C29000F0C1FAFC1CA408284B64000434B7F56C
S21403C2A0005F1E68A4B204D340F29551224800F002
S21403C2B0B2FA00F0BBF9224981460B687BB9214BE1
S21403C2C01D68761BC6F34F06B44227D90025484699
S21403C2D000F0A7F92846BDE8F843FFF733BFB8F1E7
S21403C2E0000F11D0174A15685A1BC2F34F02944227
S21403C2F0ECD81448620005EB44040460B8F1000F60
S21403C3000FD113440B600CE0F61AC6F34F0676B94A
S21403C31040F2A651084800F07EFAD7E705EB44043E
S21403C3201C6000236F80AB80EB802B80CFE7B4428A
S21403C330CCD8044A1568DCE77F6F04006C5B0020EA
S21403C340545B0020645B002038B5054600F06EF9A8
S21403C350044629460448002200F0A5FB2046BDE813
S21403C360384000F05EB900BF8A60002082684B4BFD
S21403C3702DE9F0419A4204460E46056815D121B1CF
S21403C38040F21311464800F046FA00F04FF92369CD
S21403C3901BB92B682BB924612C60BDE8F04100F073
S21403C3A040B91A6922611C61F6E700F02DFA80464F
S21403C3B0FEF76AFA20B14FF49571394800F02BFA6C
S21403C3C06FF000439E4221694BD22B7B08EB06029B
S21403C3D0002B4DD0AB6893424AD1531C002949D059
S21403C3E06169994242D01EB9521AB2F1004F3DD943
S21403C3F0636123696E689C4203D19D21284800F03F
S21403C4000AFA2F460023B4420BD0002B41D172699F
S21403C4106169891AB1F1004F32D8326937469442BE
S21403C4202CD12269BD420CBF6A603A617BB926698A
S21403C430B44203D1B8211A4800F0EDF93B46012E69
S21403C44005D062697169521AB2F1004F23D99D4231
S21403C4500BBF6B681A69236122610CBF6C601C6199
S21403C46004E0434431B162699342C1D1BDE8F0812F
S21403C4701346B3E76A6822616C60B9E71646C6E7F7
S21403C480A8EB0202B2F1004FC7D93B4637463669DE
S21403C490B9E71F46F9E733463669D0E7FD51020090
S21403C4A0936F04000823064A12F8011B814205D045
S21403C4B0013B13F0FF03F7D118467047012070477E
S21403C4C039BC04000823064A12F8011B814205D032
S21403C4D0013B13F0FF03F7D118467047012070475E
S21403C4E031BC040010B5082207490446E0F7BAFF3A
S21403C4F0B0FA80F04FF6FF732289400940009A4253
S21403C50008BF40F0010010BD4ABC040030B5044625
S21403C5100D4685B002B9084A1068516801AB03C3DB
S21403C52001AB03CB20602046ADF80C501B8861603E
S21403C530238105B030BD00BF8FF70300002270B51E
S21403C5400A4B1C780A4BD5B2AC4202D800200C70BA
S21403C55008E01E880132864205D30D701B881B1A1D
S21403C5605842584170BD1233EDE700BF34670020D0
S21403C5702A60002010B5164B187860B1154C236856
S21403C580CBB14FF4707200201349FFF7BDFD23684B
S21403C590013B236010BDFFF7FBFC1049104A91F9DD
S21403C5A00040136884420B4C03F1010313602368B5
S21403C5B0B8BF087053B90B4800F09DFA0028E9D1BC
S21403C5C0BDE8104001460748FFF7D0BE0822DAE769
S21403C5D007680020E05B002075C5030002680020A2
S21403C5E0D85B002074700020054B1B682BB9054BE5
S21403C5F01868003818BF012070470120704700BF35
S21403C600D05B0020CC5B002010B962B6BFF36F8FFF
S21403C6107047EFF3108072B67047302383F31188A8
S21403C620704780F31188BFF36F8F7047EFF3118065
S21403C630302383F311887047002070474FF400407F
S21403C64070474FF47A7070470122417803788A4026
S21403C65030214B4341F2100103F1A04303F570333D
S21403C6605A507047B0F5802F24D010D8B0F5003F4D
S21403C67022D006D828B3B0F5803F14BF0120482047
S21403C6807047B0F5403F14BF01202C207047B0F52B
S21403C690302F13D008D8B0F5E02F11D0B0F5202FE7
S21403C6A014BF012010207047B0F57F0F14BF012080
S21403C6B0062070474B2070472A207047112070478A
S21403C6C02120704708B570B100F022F84FF0984368
S21403C6D05A6CD202FCD5586D10F4702004D0BDE815
S21403C6E00840FFF7BFBF212008BD08B528B12822A0
S21403C6F00021E0F76BFB002008BD2120FCE7036A5E
S21403C700042B9FBF00EB83020133D16003627047A3
S21403C710036A052B14D84FF09842116CC902FCD556
S21403C72004339B0013650168103B11604168116078
S21403C73050F8081F11604FF098420344984200D106
S21403C740704750F8041F1160F8E7836813B98160D7
S21403C75070475B685A68012AFBD15960704709B174
S21403C76000F008B822207047012100F046B80021E7
S21403C77000F043B870B506460D46FFF757FF04466C
S21403C7801D2E37D8DFE806F00F18361C1E2036227B
S21403C790243636362628362A2C2E30363636363487
S21403C7A0363636363632FEF77FF8002628602046C1
S21403C7B0FFF737FF304670BD0120CEF7CDFEF4E716
S21403C7C00320FAE70420F8E70C20F6E70220F4E754
S21403C7D00620F2E70720F0E70820EEE70520ECE75F
S21403C7E00920EAE70A20E8E70D20E6E71020E4E759
S21403C7F00B20E2E700202126D8E70020704708B583
S21403C800FEF7D6F880B208BD08B5FEF7D1F808BD26
S21403C810704742DE704738B504460D4600F008F808
S21403C820FFF7FBFE29462046BDE83840FFF7F1BF79
S21403C830704710B962B6BFF36F8F70470120704719
S21403C8402DE9FF410D4616461F460446A8B14FF094
S21403C8500008C0F81C80FEF7A3FCBDF82C30424647
S21403C86002939DF828302946CDE9007320463346C7
S21403C870FEF75EFC04B0BDE8F0812220FAE7F0B5CF
S21403C8801F46002387B00D46164604468DF817301C
S21403C890A8B1C3610DF11701FEF7A4FC9DF817209C
S21403C8A07AB9BDF83430294602939DF830302046D5
S21403C8B0CDE900733346FEF73BFC07B0F0BD2220FC
S21403C8C0FBE70320F9E738B5FFF7B0FE054600F0AF
S21403C8D016F804462846FFF7A4FE204638BD4FF058
S21403C8E0B04301285B6904D0022805D1C3F3C00016
S21403C8F0704703F0010070470020704770474FF001
S21403C900B0439A6A1207FCD4186A7047704708B592
S21403C910FFF7FCFF00F01DF808BD10B5FFF779FE22
S21403C920012104460846FEF7DFF82046BDE810401E
S21403C930FFF76ABE10B5044600F012F82046FAF771
S21403C940F8FF2046F8F72DF9BDE81040F9F7F0BCDC
S21403C950704708B5FFF7FCFF08BD01207047704716
S21403C9600020704730B589B00446ADF806108DF840
S21403C9701020FFF797FD05462046FFF7A3FD034665
S21403C9809DB1BDF80600ABB900F0BAF8FF2808BFA2
S21403C99000200DF10F038DF80F001A462046049968
S21403C9A00593FEF725FE09B030BD0028F5D00DF13E
S21403C9B00603F2E700F0A4F8FF2808BF0020BDF83E
S21403C9C006308DF80F00ADF81A308DF8180006AB58
S21403C9D0E3E7008870470170090A41707047012039
S21403C9E070470120704738B5DFF730F90446D4F7AF
S21403C9F05FF9051E18BF2546D4F72CFA041E18BF88
S21403CA002C46FFF7ECFF002818BF204638BD38B584
S21403CA10FEF7BAF90446F7F7C4FA04281ED002282C
S21403CA204FF0000508BF0124F8F763F9042817D070
S21403CA30022808BF0124F7F7F3FE042812D00228C1
S21403CA4008BF0124FFF7CDFF04280DD0022808BF36
S21403CA500124002D18BF0024204638BD0125E3E736
S21403CA600125E8E70125EDE70024F5E7FF207047F9
S21403CA7008B5FFF7FBFF002008BD08B520B1FFF798
S21403CA8077FB00F0010008BD0120FAE708B5FFF7C1
S21403CA9063FBBDE80840FFF7F0BF008810B1C9B2DA
S21403CAA0FFF7B0BB70472DE9F041B0F800800646AB
S21403CAB00C46D5B2B8F1000F11D029464046FFF711
S21403CAC0A1FB2246074629464046FFF7AFFB3A46F8
S21403CAD029462046FFF7AAFB3480BDE8F0810F46BF
S21403CAE0F5E703461B8808468B4202D00021FFF772
S21403CAF089BB002070470069003818BF01207047C3
S21403CB0000207047F8B506460D46FFF7EBFC0328F2
S21403CB10044621D02846FFF7E5FC032807461BD02A
S21403CB2010F0020318D1A0070DD5F90716D4012378
S21403CB303C43E20704D431892A89914218BF002373
S21403CB4003F00100F8BD082229463046E0F78AFCC8
S21403CB50B0FA80F35B09EBE70020F3E71846F1E74A
S21403CB6070B50D4600210646FFF797FF044630B121
S21403CB70FFF710FB01462846FFF7C4FF08B120461F
S21403CB8070BD21463046FFF7ACFFEFE707B50DF162
S21403CB900701FFF7D3FC20B19DF8070003B05DF84B
S21403CBA004FBFF20FAE700207047FF207047FF20B2
S21403CBB07047FF2070470020704700200021704711
S21403CBC0002070472DE9F843074608461546884671
S21403CBD01C469DF82090FFF7DDFA4619A4B19EB1D6
S21403CBE04046FFF7F3FA254485420FDC2246B9F1A7
S21403CBF0000F06D131463846E0F73AF90020BDE883
S21403CC00F88339463046F7E72120F8E71D20F6E794
S21403CC10000000000000000000000000000000000C
S21403CC20F8B500BFF8BC08BC9E467047F8B500BF11
S21403CC30F8BC08BC9E4670475FF800F0D569002034
S21403CC405FF800F0396900204465766963652074EF
S21403CC50797065206368616E6765206465746563D3
S21403CC607465643A202564202D3E2025640D0A0051
S21403CC7050726573732064657465637465640D0A26
S21403CC80004D756C746920707265737320646574E7
S21403CC9065637465643A2025640D0A0052656C6505
S21403CCA06173652064657465637465640D0A004C7E
S21403CCB06F6E672070726573732064657465637442
S21403CCC065640D0A00424C303934323A2063616C95
S21403CCD06962726174656420636820257520746FC9
S21403CCE020726566202575202872617720257529B0
S21403CCF0203D3E206D756C742025750D0A00424C50
S21403CD00303934323A205541525420696E697420C2
S21403CD106661696C6564202854583D253034782054
S21403CD2052583D25303478290D0A00424C303934A8
S21403CD30323A20496E697469616C697A6564206F5A
S21403CD406E2054583D253034782052583D253034D3
S21403CD507820626175642025750D0A00424C3039CF
S21403CD6034323A2063616C6962726174696F6E2053
S21403CD70563D257520413D257520573D25750D0AE1
S21403CD8000484C57383031323A20496E697469612D
S21403CD906C697A6564206F6E2043463D253034788F
S21403CDA0204346313D253034782053454C3D2530CD
S21403CDB034780D0A00696E766572746564202842BD
S21403CDC04C3039333729006E6F726D616C202848FA
S21403CDD04C57383031322900484C57383031323AC4
S21403CDE02053454C20706F6C6172697479202573EB
S21403CDF00D0A00484C57383031323A2063616C696B
S21403CE0062726174696F6E20563D257520413D251B
S21403CE107520573D25750D0A00484C57383031327A
S21403CE203A2063616C69627261746564206368208A
S21403CE30257520746F207265662025752028257554
S21403CE402070756C73657329203D3E206D756C7478
S21403CE502025750D0A0072656C61795F73746172C3
S21403CE60745F6C61746368696E675F70756C736515
S21403CE703A20616E6F746865722070756C736520F6
S21403CE806973206163746976650D0A0072656C6167
S21403CE90795F6F6E0D0A0072656C61795F6F666607
S21403CEA00D0A0072656C61795F746F67676C650D58
S21403CEB00A0057726974696E6720636F6E666967E6
S21403CEC020746F206E763A2025730D0A0053697A14
S21403CED0653A2025640D0A004661696C6564207412
S21403CEE06F207772697465204445564943455F430E
S21403CEF04F4E4649475F4441544120746F204E5677
S21403CF002C207374617475733A2025642E2028626E
S21403CF10797465733A202564290D0A007375636373
S21403CF20657373210D0A004661696C656420746F2E
S21403CF302072656164204E565F4954454D5F4445F3
S21403CF40564943455F434F4E4649472C2075736900
S21403CF506E672064656661756C7420636F6E6669C0
S21403CF606720696E73746561642C207374617475CD
S21403CF70733A2025642E202862797465733A202537
S21403CF8064290D0A005573696E6720636F6E6669C0
S21403CF90673A2025642063686172732066726F6D3A
S21403CFA00D0A25730D0A006D72647575626F643B16
S21403CFB04D53343B534231753B5241343B49443025
S21403CFC03B534230753B5243303B4943323B53411C
S21403CFD033753B5243313B4941353B534130753BF7
S21403CFE05244313B4941363B4D3B004E6574776FA7
S21403CFF0726B20737461747573206368616E676502
S21403D0006420746F2025640D0A004D616E75666199
S21403D01063747572657220746F6F206269670D0A98
S21403D020004D6F64656C20746F6F206269670D0A2C
S21403D03000436F6E6669673A20466F756E642065B7
S21403D0406E65726779206D6F6E69746F72696E674D
S21403D05020656E7472793A20272573270D0A0043DC
S21403D0606F6E6669673A20484C5738303132206F06
S21403D0706E2043463D25303478204346313D2530E7
S21403D08034782053454C3D253034780D0A00436FE1
S21403D0906E6669673A20424C30393432206F6E2010
S21403D0A054583D253034782052583D253034780D79
S21403D0B00A00436F6E6669673A206F7665726C6F17
S21403D0C06164206C696D69747320736F66743D25A3
S21403D0D0756D41207065616B3D25756D410D0A00C8
S21403D0E0496E697469616C697A696E67205A696703
S21403D0F06265652077697468202564207377697490
S21403D100636865732C2025642072656C6179732CC3
S21403D11020256420636F766572207377697463686D
S21403D12065732C20256420636F766572730D0A0081
S21403D130436F6E66696720706172736564207375EA
S21403D140636365737366756C6C790D0A007265614B
S21403D150642076657273696F6E20666F726D206EDB
S21403D1606577206C6F636174696F6E0D0A004661A4
S21403D170696C656420746F207772697465206C61CE
S21403D18073745365656E56657273696F6E20746F3C
S21403D190204E562C2073743A2025640D0A004F6CDB
S21403D1A0642076657273696F6E3A2025640D0A00F3
S21403D1B043757272656E742076657273696F6E3A24
S21403D1C02025640D0A00524553455420414C4C21FA
S21403D1D00D0A0068616C5F6770696F5F63616C6CF2
S21403D1E06261636B3A2065787469206C696E6520AA
S21403D1F0256C642073746174757320256C750D0A31
S21403D2000068616C5F6770696F5F63616C6C626115
S21403D210636B3A206E6F20667265652045585449E5
S21403D220206C696E65730D0A002F686F6D652F722B
S21403D230756E6E65722F776F726B2F747579612DAD
S21403D2407A69676265652D7377697463682D776994
S21403D25074682D6D65746572696E672F7475796170
S21403D2602D7A69676265652D7377697463682D77B0
S21403D2706974682D6D65746572696E672F73696C62
S21403D2806162735F746F6F6C732F73696D706C6913
S21403D290636974795F73646B2F2E2E2F2E2E2F7374
S21403D2A072632F73696C6162732F68616C2F7A697E
S21403D2B0676265652E630044726F7070696E6720DF
S21403D2C06F6C64204F544120696D6167652C206341
S21403D2D0757272656E74206F66667365743A202580
S21403D2E06C750A00456E6572677920646961673AF2
S21403D2F020452563204D25630D0A00556E6B6E6F22
S21403D300776E20636F76657220636F6D6D616E64F2
S21403D3103A2025640D0A00556E6B6E6F776E206398
S21403D3206D642025640D0A00427574746F6E207058
S21403D330726573732064657465637465642C206218
S21403D3407574206E6F20627574746F6E2069732017
S21403D350707265737365640D0A00427574746F6E3C
S21403D360206C6F6E672070726573732064657465D6
S21403D370637465642C20627574206E6F2062757406
S21403D380746F6E206973206C6F6E6720707265739E
S21403D3907365640D0A004E6F20636F7665722073A3
S21403D3A0776974636820636F6E66696720696E20A9
S21403D3B04E562C207573696E672064656661756CBE
S21403D3C074730D0A00456C65634D6561733A20728C
S21403D3D06573746F7265642063616C6962726174ED
S21403D3E0696F6E20563D257520413D257520573DB6
S21403D3F025750D0A0041747472696275746520633D
S21403D40068616E6765642C2065703A2025642C205D
S21403D410636C75737465723A2025642C206174748A
S21403D420723A2025640D0A004D65746572696E674D
S21403D4303A204C6F6164656420656E657267792077
S21403D440256C6C752057682066726F6D204E564D9E
S21403D4500D0A004D65746572696E673A204E6F203B
S21403D460656E6572677920696E204E564D2C207363
S21403D47074617274696E672066726F6D20300D0A70
S21403D480004D65746572696E673A2041646465642D
S21403D49020746F20656E64706F696E742025642C2B
S21403D4A020656E657267793D256C6C752057680D2F
S21403D4B00A004D65746572696E673A205361766536
S21403D4C06420656E6572677920256C6C75205768D5
S21403D4D020746F204E564D0D0A004D6574657269B3
S21403D4E06E673A20456E6572677920636F756E7452
S21403D4F065722072657365740D0A00506F6C6C203C
S21403D500636F6E74726F6C3A2073656E64696E67D0
S21403D51020636865636B2D696E0D0A005A434C20C1
S21403D52061637469766974792C20656E74657269B3
S21403D5306E67206661737420706F6C6C0D0A005002
S21403D5406F6C6C20636F6E74726F6C3A20636865E1
S21403D550636B2D696E20726573706F6E73652C2016
S21403D560666173743D25642C2074696D656F7574EC
S21403D5703D25640D0A00506F6C6C20636F6E7472E9
S21403D5806F6C3A206661737420706F6C6C207374D2
S21403D5906F700D0A00506F6C6C20636F6E74726F41
S21403D5A06C3A20736574206C6F6E6720706F6C6CBA
S21403D5B020696E74657276616C3D256C750D0A0084
S21403D5C0506F6C6C20636F6E74726F6C3A20736569
S21403D5D0742073686F727420706F6C6C20696E743D
S21403D5E0657276616C3D25640D0A00506F6C6C2085
S21403D5F0636F6E74726F6C3A20636865636B2D6934
S21403D6006E20696E74657276616C207772697474C5
S21403D610656E3D256C750D0A00506F6C6C20636F4C
S21403D6206E74726F6C3A20696E76616C69642063FF
S21403D6306865636B2D696E20696E74657276616CBE
S21403D6402C20726576657274696E670D0A00506FDA
S21403D6506C6C20636F6E74726F6C3A2066617374C1
S21403D66020706F6C6C2074696D656F7574207772AB
S21403D670697474656E3D25640D0A00506F6C6C20EA
S21403D680636F6E74726F6C3A206661737420706F8A
S21403D6906C6C2074696D656F75742C207377697470
S21403D6A06368696E6720746F206C6F6E6720706F97
S21403D6B06C6C0D0A00556E6B6E6F776E204C65763C
S21403D6C0656C4374726C20636F6D6D616E643A2093
S21403D6D025640D0A00556E6B6E6F776E204F6E4F86
S21403D6E0666620636F6D6D616E643A2025640D0A6D
S21403D6F000496E64657820617420777269746520CA
S21403D700617474723A2025640D0A004E6F20737795
S21403D7106974636820636F6E66696720696E204E5E
S21403D720562C207573696E672064656661756C7424
S21403D730730D0A00496E76616C69642072656C61CC
S21403D740795F696E64657820256420696E204E567D
S21403D7502C20726573657474696E6720746F206419
S21403D760656661756C740D0A003E2000556E6B6E1F
S21403D7706F776E206572726F7200496E70757420D3
S21403D7806275666665722069732046554C4C004D7B
S21403D7906178696D756D206E756D626572206F6652
S21403D7A020617267756D656E747320657863656551
S21403D7B06465640054686520617267756D656E7490
S21403D7C0206973206E6F7420666F726D6174746562
S21403D7D06420636F72726563746C7900496E636F5D
S21403D7E0727265637420617267756D656E742074FA
S21403D7F079706500496E636F7272656374206E7527
S21403D8006D626572206F6620617267756D656E74F2
S21403D81073004E6F20636F6D6D616E6420666F7567
S21403D8206E640075696E7438006164646974696F48
S21403D8306E616C002A00756E6B6E6F776E0077698B
S21403D8406C6463617264006865786F7074007374E7
S21403D85072696E676F70740075696E7433326F70B9
S21403D860740075696E7431366F70740075696E7402
S21403D870386F70740068657800737472696E670039
S21403D88075696E7431360075696E743332002E2EE8
S21403D8902E200068656C70000A25730A25732573AD
S21403D8A00025732008002F686F6D652F72756E6EE6
S21403D8B065722F776F726B2F747579612D7A69672E
S21403D8C06265652D7377697463682D776974682D4F
S21403D8D06D65746572696E672F747579612D7A69E3
S21403D8E0676265652D7377697463682D77697468F5
S21403D8F02D6D65746572696E672F73696C616273EB
S21403D9005F746F6F6C732F73696D706C6963697482
S21403D910795F73646B2F706C6174666F726D2F73AF
S21403D9206572766963652F6C65676163795F6861A5
S21403D9306C2F7372632F626173652D7265706C61F1
S21403D94063656D656E742E63002F686F6D652F7249
S21403D950756E6E65722F776F726B2F747579612D86
S21403D9607A69676265652D7377697463682D77696D
S21403D97074682D6D65746572696E672F7475796149
S21403D9802D7A69676265652D7377697463682D7789
S21403D9906974682D6D65746572696E672F73696C3B
S21403D9A06162735F746F6F6C732F73696D706C69EC
S21403D9B0636974795F73646B2F706C6174666F72DE
S21403D9C06D2F736572766963652F746F6B656E5F13
S21403D9D06D616E616765722F6C65676163792F731E
S21403D9E072632F736C5F746F6B656E5F6D616E61D0
S21403D9F06765722E63002F686F6D652F72756E6E86
S21403DA0065722F776F726B2F747579612D7A6967DC
S21403DA106265652D7377697463682D776974682DFD
S21403DA206D65746572696E672F747579612D7A6991
S21403DA30676265652D7377697463682D77697468A3
S21403DA402D6D65746572696E672F73696C61627399
S21403DA505F746F6F6C732F73696D706C6963697431
S21403DA60795F73646B2F706C6174666F726D2F735E
S21403DA706572766963652F746F6B656E5F6D616E35
S21403DA80616765722F6C65676163792F7372632FA5
S21403DA90736C5F746F6B656E5F6D616E75666163E5
S21403DAA0747572696E672E630043757272656E7461
S21403DAB020436F6E6669673A202530780053657495
S21403DAC020434341206D6F646520746F2025643ABC
S21403DAD02025307800656E61626C65640064697346
S21403DAE061626C6564006F757428636C69656E7437
S21403DAF02900696E202873657276657229004D4683
S21403DB004720537472696E673A202573004170701C
S21403DB104275696C646572204D464720436F6465A1
S21403DB203A20307825303458006E6F6465205B00E9
S21403DB304164646974696F6E616C20696E746572A2
S21403DB40666163657300202025643A200070616770
S21403DB5065205B25645D206368616E205B25645DDC
S21403DB6020707772205B25645D006E6F742061639E
S21403DB7074697665006572726F7220307825303866
S21403DB80580070616E4944205B3078253034585D08
S21403DB90206E6F64654944205B3078253034585DC9
S21403DBA020007870616E205B307800706172656E5D
S21403DBB0744944205B3078253034585D2070617298
S21403DBC0656E7452737369205B25645D006E6F64C3
S21403DBD06554797065205B00536563757269747963
S21403DBE0206C6576656C205B253032585D006E656B
S21403DBF074776F726B207374617465205B253032A3
S21403DC00585D200042756666657220627974657396
S21403DC103A202564202F20256400457020636E7407
S21403DC203A202564006570202564205B656E647069
S21403DC306F696E742025732C20646576696365208E
S21403DC4025735D20006E776B205B25645D20707204
S21403DC506F66696C65205B3078253034585D2064C8
S21403DC6065764964205B3078253034585D207665C8
S21403DC7072205B3078253032585D00202020202526
S21403DC807320636C75737465723A2030782530346C
S21403DC905820004E776B20636E743A202564006E1E
S21403DCA0776B202564205B25735D005072696D6178
S21403DCB07279202870726F290020206E6F64655475
S21403DCC0797065205B3078253032585D00202073EC
S21403DCD06563757269747950726F66696C65205BEB
S21403DCE03078253032585D0045502025643A20258B
S21403DCF07320004572726F723A2020556E6B6E6FFA
S21403DD00776E20656E64706F696E742E00456E6163
S21403DD10626C65206576656E74206465627567203F
S21403DD20696E666F20696E20436F726520434C49A7
S21403DD3020636F6D706F6E656E74006F6E6C792006
S21403DD40636F6F7264696E61746F72732063616E62
S21403DD5020666F726D0A006A6F696E203078253010
S21403DD6038580A006C65617665002573203078257F
S21403DD703032580A0072656A6F696E0072656A6FA0
S21403DD80696E446966664465766963655479706549
S21403DD90006578742E2050414E2049443A20004EA8
S21403DDA0574B206F70656E3A2025752073656300A8
S21403DDB04E574B20636C6F7365640066696E642010
S21403DDC06A6F696E61626C653A2030782530325826
S21403DDD00066696E6420756E757365643A203078E4
S21403DDE025303258004368616E67696E6720746F2A
S21403DDF0206368616E6E656C2025643A2030782552
S21403DE0030325800696E76616C6964206E6574778B
S21403DE106F726B20696E6465780053686F72742046
S21403DE2049443A203078253034582C204555493615
S21403DE30343A20002C2050616E2049443A20307832
S21403DE40253034580053746172746564206D756CA4
S21403DE5074692D70687920696E746572666163658E
S21403DE60004661696C656420746F202573202573F2
S21403DE7020307825303258005465726D696E6174AF
S21403DE80656420257320307825303258004B65654D
S21403DE907020616C69766520737570706F7274207C
S21403DEA0656E61626C65642E006661696C656420EC
S21403DEB0746F20736574206B65657020616C69767A
S21403DEC065206D6F64652E00737563636573736693
S21403DED0756C6C7920736574207468652063686953
S21403DEE06C642074696D656F7574206F7074696FE8
S21403DEF06E206D61736B2E006661696C65642074B9
S21403DF006F2073657420746865206368696C642089
S21403DF1074696D656F7574206F7074696F6E206DAC
S21403DF2061736B2E00646973636F766572004D616F
S21403DF30746368202573792066726F6D20307825A8
S21403DF403034582C206570202564004E574B2041F2
S21403DF5064647265737320726573706F6E73653A6B
S21403DF6020307825303458004945454520416464BF
S21403DF707265737320726573706F6E73653A2000F3
S21403DF80536572766963652025737920646F6E65C1
S21403DF902E00232020747970652020206E776B2056
S21403DFA0206C6F6320202072656D202020636C75C3
S21403DFB0732020206E6F646520202065756900201D
S21403DFC02025642020202030782530345820203027
S21403DFD0782530345820203078253034582030784F
S21403DFE0253034582000736C5F7A69676265655F15
S21403DFF06765745F62696E64696E67204572726FE7
S21403E000723A203078253038580A002564206F6627
S21403E0102025642062696E64696E67732075736574
S21403E0206400656E61626C6564207072696E74006C
S21403E03064697361626C6564207072696E740061F2
S21403E0406464206C696E6B206B6579004552523AA6
S21403E0502043616C63756C6174656420435243208E
S21403E060646F6573206E6F74206D6174636800451A
S21403E07052523A20496E7374616C6C20436F646528
S21403E080206D75737420626520382C2031302C2067
S21403E09031342C206F7220313820627974657320F6
S21403E0A0696E206C656E677468004552523A20416B
S21403E0B045532D4D4D4F2068617368206661696C2A
S21403E0C065643A2030782530325800536574206AE8
S21403E0D06F696E696E67206C696E6B206B6579007D
S21403E0E07365742062696E642025643A203078254F
S21403E0F030327800454D50545900554E494341003F
S21403E1004D324F4E45004D554C5449003F2020207C
S21403E1102000496E6465782049454545204164647E
S21403E120726573732020202020202020204E574B1A
S21403E130496E6465782020496E20464320202020BF
S21403E1402054544C28732920466C616720202020D5
S21403E1504B657920202020002564202020202000E5
S21403E1602020256420202020202020002020253069
S21403E1703858202000203078253034582020004995
S21403E1806E6465782049454545204164647265732D
S21403E19073202020202020202020496E2046432064
S21403E1A02020202054797065202041757468202033
S21403E1B04B6579002D202020202000256320202079
S21403E1C02020256320202020200069657300574106
S21403E1D0524E494E473A202052454144494E472025
S21403E1E04F46204B45592056414C554553204449EC
S21403E1F05341424C4544204259204D464720544FF4
S21403E2004B454E004E574B204B6579002573206FC8
S21403E21075742046433A20253038580025732073FA
S21403E2206571206E756D3A2030782530325800259A
S21403E23073206F75742046433A202530387800548F
S21403E2404320257320002573205461626C650025E6
S21403E250642F256420656E74726965732075736513
S21403E260642E005472616E7369656E74204B657913
S21403E27000256420656E7472257320636F6E737554
S21403E2806D696E67202564207061636B6574206218
S21403E290756666657225732E0057494C4C005749C0
S21403E2A04C4C204E4F540054727573742043656E65
S21403E2B074657220257320616C6C6F772074727599
S21403E2C073742063656E7465722072656A6F696E17
S21403E2D073207573696E672077656C6C2D6B6E6F34
S21403E2E0776E206B65792E005365742074696D65AF
S21403E2F06F757420666F722054727573742043654D
S21403E3006E7465722072656A6F696E7320757369C1
S21403E3106E672077656C6C2D6B6E6F776E206C69FD
S21403E3206E6B206B657920746F202564207365639C
S21403E3306F6E64732E004552524F523A2000257377
S21403E340737461636B206D75737420626520646FEC
S21403E350776E2E0052656164696E6720416C6C6F40
S21403E3607765640048617368696E67206F6E6C79C1
S21403E37000736C5F7A69676265655F6B65795F7367
S21403E380657474696E67735F743A20307825303429
S21403E390580020205065726D697373696F6E733A07
S21403E3A0202573004572726F723A204661696C6568
S21403E3B06420746F2067657420636F6E6669672CCC
S21403E3C0207374617475733A20307825303858009A
S21403E3D04661696C65643A20307825303858004DBC
S21403E3E073673A20636C7573203078253034582C65
S21403E3F020636D64203078253032582C206C656E8F
S21403E400202564006275666665723A2000454D42B3
S21403E41045525F00257353454355524954595F4C43
S21403E4204556454C3A2025303258002573657261AF
S21403E4307365206B65792025643A2030782530385B
S21403E4405800636D64206E6F74206275696C740087
S21403E45073726320657020253032782C20636C75C8
S21403E4607320253034780073656E64696E67207494
S21403E4706F206D756C7469636173742062696E6472
S21403E4800025733A2065703A2025642C20636C3A85
S21403E490203078253034582C20617474723A20303A
S21403E4A07825303458002C207376723A2025630082
S21403E4B025733A20726561643A20307825303278C5
S21403E4C0002C207376723A2025632C2064747970AE
S21403E4D0653A2030782530325800417267756D658D
S21403E4E06E7420617420696E6465783A2025642012
S21403E4F06973206F7574206F662072616E6765009E
S21403E500436F6D6D616E6420616C72656164792022
S21403E5106275696C742E202043616E6E6F7420736F
S21403E5206574204D4647207370656369666963208A
S21403E530636F646520666F7220636F6D6D616E64D2
S21403E5402E004D464720436F64652053657420664E
S21403E5506F72206E65787420636F6D6D616E643ABA
S21403E5602030782530345800557365204E6578740E
S21403E5702053657175656E63652053657420666FF9
S21403E58072206E65787420636F6D6D616E643A20D9
S21403E5903078253032580044697361626C652044D4
S21403E5A0656661756C7420526573706F6E73652053
S21403E5B053657420666F72206E65787420636F6D82
S21403E5C06D616E643A2030782530325800455252D9
S21403E5D03A2072656164696E672061747472696259
S21403E5E07574652025303278004552523A2061749E
S21403E5F0747269627574652073697A652025642070
S21403E600746F6F206C6172676520666F7220627527
S21403E61066666572004572726F723A206174747230
S21403E6206962757465204944203078253034582053
S21403E6307265706F727461626C65206368616E6781
S21403E640652069732073697A65202564422C2062ED
S21403E65075742025644220656E74657265640A00CD
S21403E6606E6F20636D64004572726F723A20434C7E
S21403E670492053656E64206661696C65642C20735B
S21403E68074617475733A20307825303858004572B3
S21403E690726F723A20204555493634206172677589
S21403E6A06D656E7420697320656D70747920616E74
S21403E6B064206C6F6F6B7570206279206E6F646573
S21403E6C0204944206661696C65642E0047726F7545
S21403E6D07000556E696361737400556E62696E648B
S21403E6E02025732025733078253032580052657103
S21403E6F0756573743A20005A444F2073696D706CC5
S21403E7006520646573632072657120253032780056
S21403E7105A444F206E6F6465206465736320726588
S21403E720712025303278005A444F206D6174636837
S21403E7302064657363207265712025303258005556
S21403E74073696E67206D79206C6F63616C20455525
S21403E75049363420666F72206465737420455549C4
S21403E760363420696E2062696E64696E67005A44A7
S21403E7704F2062696E6420726571202530327800FE
S21403E780636C7573746572206C696D697420726549
S21403E790616368656400696E76616C6964207061A4
S21403E7A067653A202564206F72206368616E6E6524
S21403E7B06C3A202564004368616E67652063686170
S21403E7C06E6E656C207374617475733A20307825A9
S21403E7D0303278006475726174696F6E206D75737C
S21403E7E07420626520696E2072616E676520302032
S21403E7F02D203500636F756E74206D7573742062FB
S21403E8006520696E2072616E67652031202D203881
S21403E810007363616E20737461747573203078259A
S21403E820303258006E6574776F726B207570646152
S21403E83074652073657420737461747573203078FF
S21403E840253032580041637469766520455020723E
S21403E850657175657374207374617475733A2030CB
S21403E8607825303258004C5149205461626C65203B
S21403E870726571756573743A2030782530325800A6
S21403E88042696E64696E67205461626C65207265C6
S21403E89071756573743A20307825303258004C65AC
S21403E8A061766520257330782530325800506F77AF
S21403E8B065722044657363726970746F7220257382
S21403E8C0307825303258005573696E67206D79208D
S21403E8D06C6F63616C20455549363420666F722031
S21403E8E06465737420455549363420696E20756E09
S21403E8F062696E64696E6700526F75746520546151
S21403E900626C65202573307825303258002F686F87
S21403E9106D652F72756E6E65722F776F726B2F74BF
S21403E9207579612D7A69676265652D737769746396
S21403E930682D776974682D6D65746572696E672FC7
S21403E940747579612D7A69676265652D7377697465
S21403E95063682D776974682D6D65746572696E6773
S21403E9602F73696C6162735F746F6F6C732F736957
S21403E9706D706C69636974795F73646B2F70726F03
S21403E980746F636F6C2F7A69676265652F61707049
S21403E9902F6672616D65776F726B2F636F6D6D6F28
S21403E9A06E2F736C5F7A69676265655F73797374DC
S21403E9B0656D5F636F6D6D6F6E2E6300457874656E
S21403E9C06E64656420526573657420696E666F3A7B
S21403E9D0203078253034582028257329002F686F77
S21403E9E06D652F72756E6E65722F776F726B2F74EF
S21403E9F07579612D7A69676265652D7377697463C6
S21403EA00682D776974682D6D65746572696E672FF6
S21403EA10747579612D7A69676265652D7377697494
S21403EA2063682D776974682D6D65746572696E67A2
S21403EA302F73696C6162735F746F6F6C732F736986
S21403EA406D706C69636974795F73646B2F70726F32
S21403EA50746F636F6C2F7A69676265652F61707078
S21403EA602F6672616D65776F726B2F636F6D6D6F57
S21403EA706E2F7A69676265655F6170705F66726143
S21403EA806D65776F726B5F736C6565702E6300538D
S21403EA90746179206177616B65207768656E206E97
S21403EAA06F74206A6F696E65643A20257300466F3B
S21403EAB0726365642073746179206177616B653A6C
S21403EAC020202020202020202020257300466F723F
S21403EAD063696E672064657669636520746F207367
S21403EAE0746179206177616B6500416C6C6F77693F
S21403EAF06E672064657669636520746F20676F2090
S21403EB00746F20736C656570002F686F6D652F7268
S21403EB10756E6E65722F776F726B2F747579612DB4
S21403EB207A69676265652D7377697463682D77699B
S21403EB3074682D6D65746572696E672F7475796177
S21403EB402D7A69676265652D7377697463682D77B7
S21403EB506974682D6D65746572696E672F73696C69
S21403EB606162735F746F6F6C732F73696D706C691A
S21403EB70636974795F73646B2F70726F746F636FFE
S21403EB806C2F7A69676265652F6170702F66726194
S21403EB906D65776F726B2F636F6D6D6F6E2F7A690E
S21403EBA0676265655F737461636B5F736C656570DD
S21403EBB02E630052583A205265736574546F46614B
S21403EBC063746F727944656661756C747343616CC4
S21403EBD06C6261636B00657A737020636F756E7425
S21403EBE0657273206661696C656420257500657AB5
S21403EBF07370205265736574205468726573686F0A
S21403EC006C64206572726F7220257500657A737066
S21403EC1020536574205468726573686F6C6420654E
S21403EC2072726F72202575002575292025733A2088
S21403EC3025750053657474696E672054687265732E
S21403EC40686F6C6420636F6D6D616E64003F3F3F59
S21403EC50004D6163205278204263617374004D61F6
S21403EC6063205478204263617374004D61632052BD
S21403EC7078205563617374004D6163205478205582
S21403EC8063617374004D6163205478205563617328
S21403EC9074205265747279004D6163205478205550
S21403ECA063617374204661696C0041505320527847
S21403ECB020426361737400415053205478204263AA
S21403ECC06173740041505320527820556361737406
S21403ECD00041505320547820556361737420537554
S21403ECE06363657373004150532054782055636102
S21403ECF073742052657472790041505320547820FF
S21403ED005563617374204661696C00526F75746550
S21403ED10204469736320496E69746961746564008D
S21403ED204E65696768626F72204164646564004E6D
S21403ED3065696768626F722052656D6F76656400F9
S21403ED404E65696768626F72205374616C65004A2A
S21403ED506F696E20496E6469636174696F6E004300
S21403ED6068696C64204D6F76656400415348204F94
S21403ED70766572666C6F7700415348204672616D04
S21403ED8065204572726F7200415348204F76657254
S21403ED9072756E204572726F72004E574B20464353
S21403EDA0204661696C7572650041505320464320C6
S21403EDB04661696C7572650041534820584F666614
S21403EDC00041505320556E617574686F72697A6599
S21403EDD064204B6579004E574B2044656372797007
S21403EDE074204661696C7572657300415053204404
S21403EDF0656372797074204661696C757265730019
S21403EE005061636B65742042756666657220416C5B
S21403EE106C6F63617465204661696C757265730017
S21403EE2052656C617965642055636173740050683C
S21403EE307920746F204D4143207175657565206C8C
S21403EE40696D697420726561636865640050616307
S21403EE506B65742056616C69646174652064726FB7
S21403EE607020636F756E74004E574B207265747214
S21403EE7079206F766572666C6F7700434341204650
S21403EE8061696C757265730042726F616463617366
S21403EE9074207461626C652066756C6C0050544116
S21403EEA0204C6F20507269205265710050544120E7
S21403EEB04869205072692052657100505441204CB5
S21403EEC06F205072692044656E6965640050544132
S21403EED0204869205072692044656E696564005055
S21403EEE05441204C6F20507269205478204162723E
S21403EEF07400505441204869205072692054782089
S21403EF0041627274004164647265737320436F6E6A
S21403EF10666C6963742053656E740043534C2052C9
S21403EF2078207363686564756C65206661696C65D3
S21403EF3064000D004465627567207072696E742004
S21403EF4067726F75702025730A0057726F6E67209D
S21403EF50706172616D657465720A005363686564F7
S21403EF60756C65206D6F7665206E776B0025732054
S21403EF7025643A202564004D6178206D6F76652000
S21403EF806C696D69742072656163686564206E7769
S21403EF906B2025643A20256400456E64204465761C
S21403EFA069636520506F6C6C20496E666F726D6185
S21403EFB074696F6E00454D4245525F454E445F444B
S21403EFC045564943455F54494D454F55543A2020CD
S21403EFD02020202020256400506F6C6C20636F6D0A
S21403EFE0706C657465642063616C6C6261636B3A14
S21403EFF020257300202043757272656E7420506F4F
S21403F0006C6C20496E74657276616C202871732966
S21403F0103A202020256C640020204C6F6E67205019
S21403F0206F6C6C20496E74657276616C2028717300
S21403F030293A202020202020256C640020205368B5
S21403F0406F727420506F6C6C20496E7465727661B3
S21403F0506C20287173293A2020202020256C640018
S21403F060202057616B652054696D656F7574202881
S21403F0707173293A202020202020202020202020C1
S21403F080256C6400202057616B652054696D656F9D
S21403F0907574204269746D61736B3A2020202020BA
S21403F0A020202020307825303858002020437572E1
S21403F0B072656E7420417070205461736B733A20CE
S21403F0C020202020202020202020203078253038A3
S21403F0D05800202043757272656E7420506F6C6CF6
S21403F0E020436F6E74726F6C202020202020202017
S21403F0F02020257300202044656661756C742050BB
S21403F1006F6C6C20436F6E74726F6C20202020200F
S21403F1102020202020257300466F7263696E6720C7
S21403F12064657669636520746F2073686F727420F4
S21403F130706F6C6C00416C6C6F77696E67206465EA
S21403F1407669636520746F206C6F6E6720706F6CD2
S21403F1506C00534C5F5A49474245455F41465F4CF6
S21403F1604F4E475F504F4C4C00534C5F5A494742F3
S21403F17045455F41465F53484F52545F504F4C4C92
S21403F18000706F6C6C206E776B2025643A203078A5
S21403F190253032580046696E6420616E64204269E9
S21403F1A06E6420496E69746961746F723A20436FA6
S21403F1B06D706C6574653A2030782530325800538C
S21403F1C074617274207461726765740046696E6454
S21403F1D020616E642042696E6420546172676574B0
S21403F1E00025733A2025733A2030782530325800AC
S21403F1F0467261676D656E746174696F6E205258EE
S21403F2002077696E646F772073697A6520736574F7
S21403F21020746F202564002F686F6D652F72756EDE
S21403F2206E65722F776F726B2F747579612D7A699D
S21403F230676265652D7377697463682D776974688B
S21403F2402D6D65746572696E672F747579612D7A95
S21403F25069676265652D7377697463682D7769746A
S21403F260682D6D65746572696E672F73696C61626C
S21403F270735F746F6F6C732F73696D706C696369FA
S21403F28074795F73646B2F70726F746F636F6C2F18
S21403F2907A69676265652F6170702F6672616D6546
S21403F2A0776F726B2F706C7567696E2F6672616706
S21403F2B06D656E746174696F6E2F667261676D65D6
S21403F2C06E746174696F6E2E630052583A204164FF
S21403F2D06447726F7570526573706F6E7365203016
S21403F2E078253032582C2030782530345800525840
S21403F2F03A205669657747726F7570526573706FFB
S21403F3006E7365203078253032582C2030782530BF
S21403F31034582C20220052583A2047657447726F9F
S21403F32075704D656D62657273686970526573704A
S21403F3306F6E7365203078253032582C2030782550
S21403F3403032582C00205B3078253034585D00521C
S21403F350583A2052656D6F766547726F75705265C1
S21403F36073706F6E7365203078253032582C2030DA
S21403F37078253034580065705B253032585D206937
S21403F380645B253034585D00436C656172696E6753
S21403F39020616C6C2067726F7570732E0045525235
S21403F3A03A204661696C656420746F2063726561F8
S21403F3B074652062696E64696E672028307825302C
S21403F3C0325829004552523A2042696E64696E6784
S21403F3D0207461626C652069732066756C6C0045E9
S21403F3E052523A2077726974696E67206E616D6552
S21403F3F020737570706F727420253032580052581F
S21403F4003A2041646447726F757020307825303433
S21403F410582C20220075760052583A205669657794
S21403F42047726F75702030782530345800757673C0
S21403F43000766965775F67726F75700047726F75E0
S21403F44070733A206661696C656420746F20736517
S21403F4506E6420257320726573706F6E73653A2031
S21403F460307825303258006765745F67726F757041
S21403F4705F6D656D6265727368697020726573701F
S21403F4806F6E73650064656661756C745F72657331
S21403F490706F6E73650052583A2047657447726FF3
S21403F4A075704D656D626572736869702030782576
S21403F4B03032582C007575620047726F7570733A58
S21403F4C0206661696C656420746F2073656E6420C2
S21403F4D025733A203078253032580052583A205255
S21403F4E0656D6F766547726F75702030782530349A
S21403F4F058004552523A204661696C656420746F21
S21403F5002064656C6574652062696E64696E672045
S21403F51028307825303258290072656D6F76655F1E
S21403F52067726F75700052583A2052656D6F766534
S21403F530416C6C47726F7570730052583A20416481
S21403F5406447726F757049664964656E7469667957
S21403F550696E67203078253034582C202200616489
S21403F56064004368616E6E656C206E6F742076610E
S21403F5706C69643A202564005072696D6172790083
S21403F5802573206D61736B206E6F7720307825307E
S21403F5903858005365636F6E64617279004D61730A
S21403F5A06B206E6F742076616C69643A2025640064
S21403F5B07072696D617279007365636F6E646172F0
S21403F5C0790025733A20536574202573206D617383
S21403F5D06B20746F2030782530385800537461746C
S21403F5E075730025733A2025733A004368616E6E7F
S21403F5F0656C206D61736B3A00202020202831292A
S21403F60020307825303858205B00202020202832F0
S21403F6102920307825303858205B00537461746590
S21403F6203A20307825303258202825732900437530
S21403F6307272656E74206368616E6E656C3A20251F
S21403F6406400546F74616C20626561636F6E733A15
S21403F650202564004A6F696E20617474656D70744A
S21403F660733A202564004E6574776F726B2073744B
S21403F6706174653A203078253032580053746F70C1
S21403F6800025732053746F702E2020436C65616EC3
S21403F690696E672075702E0042726F6164636173D2
S21403F6A074696E67207065726D6974206A6F696E1F
S21403F6B00054727573742063656E746572206C698A
S21403F6C06E6B206B65792075706461746520737446
S21403F6D0617475730025733A205741524E494E475D
S21403F6E03A20736C5F7A69676265655F7365745FFA
S21403F6F0696E697469616C5F736563757269747941
S21403F7005F7374617465206661696C65642E20435B
S21403F7106F6E74696E75696E6720776974686F7546
S21403F7207420696E7374616C6C20636F64652E005D
S21403F7304572726F723A20696E7374616C6C2063E3
S21403F7406F6465207365747570206661696C6564A3
S21403F7502E20497320616E20696E7374616C6C2071
S21403F760636F646520666C6173686564206F6E748E
S21403F7706F20746865206465766963653F00D0D141
S21403F780D2D3D4D5D6D7D8D9DADBDCDDDEDF00FF9B
S21403F790FFFFFFFFFFFFFF005A6967426565416C85
S21403F7A06C69616E636530390025733A206973733B
S21403F7B075696E67207363616E206F6E20257320F4
S21403F7C06368616E6E656C7320286D61736B2030A1
S21403F7D078253038582900257320697320616C72A8
S21403F7E06561647920696E2070726F6772657373E2
S21403F7F0005374617274004578616D696E696E6753
S21403F80020626561636F6E206F6E206368616E6E43
S21403F810656C20256420776974682070616E49647E
S21403F8202030782530345800546869732062656147
S21403F830636F6E206973206E6F742070617274201C
S21403F8406F66207468652063757272656E742063D4
S21403F85068616E6E656C206D61736B202830782549
S21403F860303858292E2047657474696E67206E6594
S21403F870787420626561636F6E2077686F736520A6
S21403F8806368616E6E656C206269746D61736B206C
S21403F8906973207365742E004572726F723A202561
S21403F8A07320636F756C64206E6F74206174746567
S21403F8B06D7074206A6F696E3A203078253032583E
S21403F8C0004E6F20626561636F6E73206C656674AD
S21403F8D0206F6E2063757272656E74206D61736B34
S21403F8E02E204D6F76696E6720746F206E65787470
S21403F8F0207374617465002573206A6F696E696E80
S21403F9006720307825303458206F6E206368616E28
S21403F9106E656C2025640025732053746174653A04
S21403F920202573004572726F723A20257320636F29
S21403F930756C64206E6F74207365747570207365C0
S21403F9406375726974793A203078253032580045E9
S21403F95072726F723A205363616E20636F6D706CC0
S21403F9606574652068616E646C6572207265747573
S21403F970726E656420307825303258002573207304
S21403F98063616E20636F6D706C6574652E204265CF
S21403F99061636F6E732068656172643A2025640044
S21403F9A0257320737461636B20737461747573209D
S21403F9B0307825303258002573206E6574776F7261
S21403F9C06B206A6F696E65642E00257320747279E6
S21403F9D0696E67206E657874206E6574776F726BD8
S21403F9E02E004E6F6E65005363616E205072696D14
S21403F9F0617279204368616E6E656C7320616E6414
S21403FA002075736520436F6E66696775726564203B
S21403FA104B6579005363616E205072696D6172792C
S21403FA20204368616E6E656C7320616E6420757327
S21403FA306520496E7374616C6C20436F6465005374
S21403FA4063616E205072696D617279204368616EDE
S21403FA506E656C7320616E64205573652043656E16
S21403FA607472616C697A6564204B657900536361CF
S21403FA706E205072696D617279204368616E6E659F
S21403FA806C7320616E6420557365204469737472C9
S21403FA90696275746564204B6579005363616E20F3
S21403FAA05365636F6E64617279204368616E6E6539
S21403FAB06C7320616E642075736520436F6E666990
S21403FAC06775726564204B6579005363616E2053D6
S21403FAD065636F6E64617279204368616E6E656CF0
S21403FAE07320616E642075736520496E7374616C50
S21403FAF06C20436F6465005363616E205365636FC8
S21403FB006E64617279204368616E6E656C73206102
S21403FB106E64205573652043656E7472616C697AF2
S21403FB206564204B6579005363616E205365636F8C
S21403FB306E64617279204368616E6E656C732061D2
S21403FB406E642055736520446973747269627574B4
S21403FB506564204B6579005363616E205072696D4E
S21403FB60617279204368616E6E656C7320616E64A2
S21403FB702055736520416C6C204B6579732028698A
S21403FB806E7374616C6C20636F64652C2063656EA2
S21403FB907472616C697A65642C2064697374726923
S21403FBA0627574656429005363616E205365636FE1
S21403FBB06E64617279204368616E6E656C73206152
S21403FBC06E642055736520416C6C204B65797320F9
S21403FBD028696E7374616C6C20636F64652C206394
S21403FBE0656E7472616C697A65642C2064697374DB
S21403FBF07269627574656429004F6E2F4F666620BE
S21403FC007365742076616C75653A2025303258200A
S21403FC1025303258004552523A2072656164696E47
S21403FC2067206F6E2F6F66662025303258004F6E42
S21403FC302F6F666620616C726561647920736574E4
S21403FC4020746F206E65772076616C756500546F3F
S21403FC5067676C65206F6E2F6F66662066726F6DC2
S21403FC60202530325820746F2025303258004552F4
S21403FC70523A2077726974696E67206F6E2F6F66CB
S21403FC8066202530325800496E7374616C6C656467
S21403FC902054797065202842617365293A20203004
S21403FCA07825303258004361706162696C69746903
S21403FCB065733A2020202020202020202020307822
S21403FCC02530345800426F6F746C6F616465722020
S21403FCD056657273696F6E3A20202020203078258F
S21403FCE03034580053656375726520426F6F746CC9
S21403FCF06F61646572204B65793A202020202020AE
S21403FD0000426F6F746C6F6164696E672066616929
S21403FD106C65642100446F776E6C6F616420666166
S21403FD20696C65642E0044656C6574696E6720664D
S21403FD3061696C656420646F776E6C6F61642C20F8
S21403FD407374617475733A203078253032580049DD
S21403FD506D61676520646F6573206E6F7420636FD3
S21403FD606E7461696E20616E20557067726164659A
S21403FD7020496D61676520546167202830782530F7
S21403FD803458292E20536B697070696E672075701E
S21403FD9067726164652E00457865637574696E677E
S21403FDA020626F6F746C6F61642063616C6C626158
S21403FDB0636B2E005374617274696E672045424C00
S21403FDC020766572696669636174696F6E00454281
S21403FDD04C206661696C6564207665726966696342
S21403FDE06174696F6E2E0045424C207061737365B3
S21403FDF06420766572696669636174696F6E2E0046
S21403FE002573696E67204F544120636C69656E7471
S21403FE10207374617465206D616368696E65007331
S21403FE20746F7070004572726F723A204E6F20695D
S21403FE306D61676520617420696E6465782025644A
S21403FE40004E6F7420737570706F727465642E0045
S21403FE50436C69656E7420696D61676520717565AD
S21403FE60727920696E666F004D616E75662049442F
S21403FE703A20202020202020202030782530345897
S21403FE8000496D61676520547970652049443A20BE
S21403FE902020203078253034580043757272656E02
S21403FEA0742056657273696F6E3A20203078253059
S21403FEB038580048617264776172652056657273BC
S21403FEC0696F6E3A20004E41005175657279204481
S21403FED0656C6179206D733A202020202020202035
S21403FEE020202020256C64005365727665722044BA
S21403FEF06973636F766572792044656C6179206DEA
S21403FF00733A20256C6400446F776E6C6F616420CF
S21403FF1044656C6179206D733A20202020202020D0
S21403FF202020256C640052756E20557067726164DC
S21403FF30652044656C6179206D733A20202020206B
S21403FF4020256C64005665726966792044656C6189
S21403FF5079206D733A202020202020202020202086
S21403FF60256C6400446F776E6C6F61642045727213
S21403FF706F72205468726573686F6C643A2020252C
S21403FF806400557067726164652057616974205414
S21403FF9068726573686F6C643A20202020256400BD
S21403FFA04F544120446F776E6772616465733A20DD
S21403FFB044697361626C6564004F544120446F77F3
S21403FFC06E6772616465733A20456E61626C656440
S21403FFD000426F6F746C6F61642073746174653A6A
S21403FFE020257300496E76616C6964204550202590
S21403FFF064207768656E20747279696E6720746F03
S2140400002073656E64204F5441206D657373616779
S214040010652E0053656E64696E672055706772615D
S214040020646520456E6420726571756573742E0070
S21404003025733A20696E76616C696420636D644941
S2140400406420307825303258004572726F723A2038
S214040050204661696C656420746F2073656E642045
S2140400604F544120636F6D6D616E64203078253087
S21404007032582C207374617475733A2030782530A6
S21404008032580053657276657220756E6B6E6F77A4
S2140400906E2C2066616C6C696E67206261636B20EF
S2140400A0746F20646973636F766572792E004D6190
S2140400B078696D756D207175657279206572726FD9
S2140400C072732068697420282564292C207374614F
S2140400D07274696E672073656172636820666F72F6
S2140400E0206E6577204F5441207365727665722EB4
S2140400F00A004170706C79696E672075706772616A
S21404010064650025733A20696E76616C6964206FB5
S21404011066667365742063757272656E7454696D71
S214040120652830782530385829203E207570677247
S21404013061646554696D652830782530385829001F
S2140401404F544120436C75737465723A2077616925
S2140401507420666F722025642073005258656420EC
S21404016074696D654F75742030782530385820735F
S2140401702C204D41582074696D654F757420307875
S214040180253038582073004D6178696D756D20757B
S2140401907067726164652072657175657374732027
S2140401A06D616465202825642920776974686F75F5
S2140401B07420726573706F6E73652066726F6D203F
S2140401C07365727665722E00557067726164696E27
S2140401D06720616E79776179004F544120536572C8
S2140401E07669636520646973636F766572792070D7
S2140401F0726576656E746564202D20616E6F746812
S214040200657220697320616C726561647920696E19
S2140402102070726F6772657373004661696C6564FB
S21404022020746F20696E69746961746520736572E1
S2140402307669636520646973636F766572792E00E8
S2140402404F5441205365727669636520446973632D
S2140402506F7665727920696E2070726F6772657347
S2140402607300436C69656E742076657269666963AB
S2140402706174696F6E206661696C65642E005369EB
S214040280676E617475726500437573746F6D007084
S2140402906173736564004641494C4544004E6F20C3
S2140402A07369676E617475726520766572696669CE
S2140402B0636174696F6E20737570706F72742C202E
S2140402C0617373756D696E6720696D616765206912
S2140402D073206F6B61792E002573207665726966CC
S2140402E069636174696F6E2025733A20307825300F
S2140402F03258004D6178696D756D206E756D626556
S21404030072206F6620646F776E6C6F61642065720E
S214040310726F727320726561636820282564292CC5
S2140403202061626F7274696E672E004F54412043D9
S2140403306C75737465723A2073657474696E67209D
S214040340494545452061646472657373206F662071
S2140403504F544120636C75737465720050617274F7
S21404036069616C2066696C6520646F776E6C6F617A
S2140403706420666F756E642C20636F6E74696E7588
S214040380696E672066726F6D206F6666736574208B
S21404039030782530385800466F756E642066756C64
S2140403A06C7920646F776E6C6F616465642066692F
S2140403B06C6520696E2073746F7261676520287699
S2140403C0657273696F6E20307825303858292E0090
S2140403D0466F756E642066696C6520696E2073745A
S2140403E06F726167652077697468206469666665FC
S2140403F072656E742076657273696F6E2028307825
S2140404002530385829207468616E206375727265C9
S2140404106E742076657273696F6E20283078253086
S2140404203858290046696C6520696E2073746F72AB
S2140404306167652069732073616D6520617320634D
S214040440757272656E742072756E6E696E6720764C
S214040450657273696F6E2028307825303858290005
S2140404604E6F20696D61676520666F756E642069DE
S2140404706E2073746F726167652E004F544120536B
S21404048065727669636520446973636F766572790D
S21404049020756E626C6F636B65640049676E6F727D
S2140404A0696E67207365727665722066726F6D205A
S2140404B06C6F6F706261636B2061646472657373E2
S2140404C00049676E6F72696E67203078253034583D
S2140404D0204F54412073657276657220696E2073CE
S2140404E06561726368206F662054430053657474B4
S2140404F0696E67204F544120536572766572207486
S2140405006F203078253034580044656C6179696E04
S21404051067202564207365636F6E64732062656666
S2140405206F7265207374617274696E67204F5441EC
S21404053020636C69656E740054696D656F7574200C
S21404054077616974696E6720666F72206D65737370
S2140405506167652E00426164204F544120636F6DCD
S2140405606D616E643A20307825303258004F54411D
S21404057020636F6D6D616E642030782530325820AC
S214040580746F6F2073686F727420286C656E2025F4
S21404059064203C206D696E20256429004F54412058
S2140405A0636F6D6D616E642066726F6D20756E721A
S2140405B065636F676E697A656420736572766572C3
S2140405C0203078253034582E20204D79204F544141
S2140405D0207365727665723A203078253034580078
S2140405E0496D616765204E6F7469667900476F745C
S2140405F020756E65787065637465642025732E2097
S21404060020537461727420646973636F76657279BB
S2140406102E0064656661756C74004F54413A20661A
S21404062061696C656420746F2073656E642025733D
S21404063020726573706F6E73653A20307825303299
S2140406405800496D616765206E6F74696679004766
S2140406506F7420756E6578706563746564202573A1
S2140406602E202049676E6F7265642E004F54413AFF
S2140406702044656661756C7420726573706F6E7362
S2140406806520666F7220496D616765206E6F7469B8
S21404069066792C2073746174757320307825303233
S2140406A05800496D616765206E6F746966792063CA
S2140406B06F6D6D616E6400257320756E696361737A
S2140406C0742C207175657279696E6700496E76615F
S2140406D06C6964002573202573207061796C6F61E2
S2140406E0642074797065203078253032580025737C
S2140406F02025733A206F7574206F662072616E67CA
S21404070065206A6974746572202564002573202543
S214040710733A207061796C6F6164206C656E6774DF
S2140407206820646F65736E2774206D617463682037
S2140407307479706520307825303258202825642056
S2140407403C202564290025732025732064756520C4
S214040750746F206E6F6E2D6D61746368696E6720AA
S2140407606D616E75666163747572657220494400C6
S21404077025732025732064756520746F206E6F6E54
S2140407802D6D61746368696E6720696D61676520A5
S2140407907479706520494400257320257320647598
S2140407A06520746F206D61746368696E672066697E
S2140407B0726D776172652076657273696F6E002557
S2140407C0732025732C2052782764204A6974746534
S2140407D0722028307825303258292C205069636BD3
S2140407E06564204A6974746572202830782530322E
S2140407F05829005175657279206E65787420696D84
S21404080061676520726573706F6E7365002573206B
S21404081072657475726E6564203078253032582E91
S21404082020204E6F206E657720696D6167652074A1
S2140408306F20646F776E6C6F61642E00257320746E
S2140408406F6F2073686F727420282564203C2025FF
S21404085064290025733A204E657720696D616765C3
S21404086020697320617661696C61626C6520666FCD
S2140408707220646F776E6C6F61642E002573206936
S21404088073206E6F74207573696E67206D792069A6
S2140408906D61676520696E666F2E004552524F5231
S2140408A03A204E65787420496D6167652069732027
S2140408B0746F6F2062696720746F2073746F72653B
S2140408C02028307825303858203E20307825303897
S2140408D058290025732072657475726E65642073DA
S2140408E0616D652046696C6556657273696F6E2026
S2140408F061732063757272656E746C7920696E73A9
S21404090074616C6C65642E004F544120446F776E9E
S2140409106772616465732044697361626C65643AE6
S2140409202046696C6556657273696F6E20626568E9
S214040930696E642063757272656E7420696E737472
S214040940616C6C6174696F6E005374617274696E65
S2140409506720646F776E6C6F61642C2056657273C3
S214040960696F6E20307825303858004572726F7281
S2140409703A204661696C656420746F2064656C6512
S214040980746520696D6167652E004572726F723AF0
S214040990204661696C656420746F206572617365B6
S2140409A0206F6C642074656D7020646174612E0021
S2140409B0496D61676520626C6F636B207265737046
S2140409C06F6E7365004F54413A20496D6167654206
S2140409D06C6F636B5265706F6E736520636F6E74B5
S2140409E061696E7320696E76616C6964206F72202B
S2140409F0696E636F6D706C65746520646174610004
S214040A005570646174696E67204D696E20426C6F20
S214040A10636B205265717565737420506572696FD7
S214040A206420746F202564206D7300446F776E6CA9
S214040A306F61642064656C617920627920736572E5
S214040A40766572202564206D7300446F776E6C6F34
S214040A5061642061626F72746564206279207365D4
S214040A60727665722E0053657276657220646F65C1
S214040A70736E277420737570706F7274207061675C
S214040A806520726571756573742C206F6E6C7920A1
S214040A907573696E6720626C6F636B20726571751F
S214040AA06573742E0053657276657220726574756C
S214040AB0726E65642027756E737570706F727465D8
S214040AC06420636C757374657220636F6D6D616EFC
S214040AD064272E00556E6B6E6F776E202573207319
S214040AE0746174757320636F6465203078253032C2
S214040AF058002573206861732064617461207369EB
S214040B007A65202825642920736D616C6C657220D3
S214040B107468616E2061637475616C207061636BC8
S214040B2065742073697A6520282564292E00257348
S214040B30206572726F723A204578706563746564D6
S214040B40206F6666736574203078253038582C20FC
S214040B5062757420676F74203078253038582E20DC
S214040B602049676E6F72696E6700257320696E662A
S214040B706F20646964206E6F74206D6174636820EE
S214040B806D7920657870656374656420696E666F38
S214040B902E202044726F7070696E672E004661695D
S214040BA06C656420746F20777269746520746F2096
S214040BB073746F7261676520646576696365210086
S214040BC0446F776E6C6F616400557067726164651C
S214040BD020656E6420726573706F6E73650053656E
S214040BE0727665722061626F7274656420757067D0
S214040BF0726164652C207374617475733A2030785E
S214040C0025303258004572726F723A202573206878
S214040C10616420696E76616C69642025733A2000ED
S214040C2066696C652076657273696F6E00416464EC
S214040C30696E67202564206D732E2064656C617967
S214040C4020666F7220696D6D6564696174652075D0
S214040C507067726164652E00436F756E74646F7797
S214040C606E20746F20757067726164653A2025641F
S214040C70206D73002053746174653A202020257318
S214040C80002057616974696E6720666F722072650A
S214040C9073706F6E73653A20257300204E65787402
S214040CA0204576656E742054696D65723A20256415
S214040CB0206D73002043757272656E7420446F77DE
S214040CC06E6C6F6164204F66667365743A20307884
S214040CD025303858202825642525290025733A20F0
S214040CE06661696C65642070617273696E67204F13
S214040CF0544120636D6420307825303258004F54B8
S214040D00412044656661756C7420726573706F6EFD
S214040D10736520746F20636F6D6D616E6420494443
S214040D20203078253032582C207374617475732003
S214040D3030782530325800496D61676520626C6FE3
S214040D40636B2072657175657374207465737420A3
S214040D506F6E6C7920776F726B73207768656E2080
S214040D60737461746520697320424F4F544C4F412D
S214040D70445F53544154455F4E4F4E450052616E96
S214040D80646F6D2044656C6179206265666F726578
S214040D9020737461727400446973636F7665726954
S214040DA06E67204F5441205365727665720047651E
S214040DB074204F5441205365727665722045554918
S214040DC0004F627461696E206C696E6B206B657986
S214040DD0005175657279696E67204E65787420498E
S214040DE06D61676500446F776E6C6F6164696E67EA
S214040DF020496D61676500566572696679696E6734
S214040E0020496D6167650057616974696E6720667D
S214040E106F722055706772616465206D65737361C7
S214040E20676500436F756E74646F776E20746F2009
S214040E30557067726164650057616974696E6720EE
S214040E40746F207570677261646520766961206FBF
S214040E5075742D6F662D62616E64206D65636861BE
S214040E606E69736D0025733A202564252520636F0B
S214040E706D706C65746500496D6167652025640056
S214040E8020204552524F523A20436F756C64206EB0
S214040E906F74206765742066756C6C206865616481
S214040EA0657221002020486561646572205665726B
S214040EB073696F6E3A203078253034580020204805
S214040EC06561646572204C656E6774683A202025F7
S214040ED0642062797465730020204669656C64201A
S214040EE0436F6E74726F6C3A202030782530345815
S214040EF00020204D616E75662049443A202020204B
S214040F00202020307825303458002020496D616731
S214040F106520547970653A202020202030782530CA
S214040F20345800202056657273696F6E3A2020206C
S214040F3020202020203078253038580020205A6978
S214040F40676265652056657273696F6E3A203078FD
S214040F502530345800202048656164657220537437
S214040F6072696E673A20202573002020496D6167F8
S214040F70652053697A653A2020202020256C642059
S214040F806279746573002020536563757269747999
S214040F9020437265643A2020307825303258002089
S214040FA0205570677261646520446573743A202026
S214040FB0200020204D696E2E204857205665723A30
S214040FC0202020203078253034580020204D6178A9
S214040FD02E204857205665723A2020202030782547
S214040FE0303458002020546F74616C205461677349
S214040FF03A20256400202020205461673A20307867
S21404100025303458002020202020204C656E67743C
S214041010683A20256C64004572726F723A20436FFA
S214041020756C64206E6F74206F627461696E2074D0
S214041030616720696E666F2066726F6D20696D61E8
S21404104067652E000A256420696D616765732069EB
S2140410506E204F54412073746F726167652E004989
S2140410606D6167652064656C65746525732E00453F
S21404107072726F723A2020436F756C64206E6F74C0
S214041080207265616420626C6F636B3A2030782549
S2140410903032582E0A005374617274696E67206584
S2140410A0726173652066726F6D206F666673657411
S2140410B02030782530385820746F20307825303822
S2140410C05800436F756C64206E6F7420737461727D
S2140410D07420455241534521202830782530325813
S2140410E02900454550524F4D204572617365206373
S2140410F06F6D706C657465002F686F6D652F727503
S2140411006E6E65722F776F726B2F747579612D7A98
S21404111069676265652D7377697463682D7769748A
S214041120682D6D65746572696E672F747579612DA7
S2140411307A69676265652D7377697463682D776964
S21404114074682D6D65746572696E672F73696C615A
S21404115062735F746F6F6C732F73696D706C696301
S2140411606974795F73646B2F70726F746F636F6CDE
S2140411702F7A69676265652F6170702F6672616D7C
S21404118065776F726B2F706C7567696E2F6F7461FD
S2140411902D73746F726167652D73696D706C652D40
S2140411A0656570726F6D2F6F74612D73746F7261E5
S2140411B067652D656570726F6D2D706167652D6549
S2140411C0726173652E63002F686F6D652F72756E7E
S2140411D06E65722F776F726B2F747579612D7A69CD
S2140411E0676265652D7377697463682D77697468BB
S2140411F02D6D65746572696E672F747579612D7AC5
S21404120069676265652D7377697463682D77697499
S214041210682D6D65746572696E672F73696C61629B
S214041220735F746F6F6C732F73696D706C69636929
S21404123074795F73646B2F70726F746F636F6C2F47
S2140412407A69676265652F6170702F6672616D6575
S214041250776F726B2F706C7567696E2F6F74612D64
S21404126073746F726167652D73696D706C652D6537
S2140412706570726F6D2F6F74612D73746F72616712
S214041280652D656570726F6D2E63004F5441205353
S214041290696D706C652053746F726167652045458F
S2140412A050524F4D207761726E696E673A20636FB5
S2140412B0756C64206E6F742067657420736C6F742D
S2140412C020696E666F20666F7220736C6F742025BB
S2140412D06420286572726F7220307825303258295F
S2140412E02E2044656661756C74696E6720746F2081
S2140412F073706563696669656420616464726573A6
S21404130073206F6666736574730053746F726167D7
S21404131065204472697665723A20202020202020B9
S2140413202020202020204F54412053696D706C6586
S2140413302053746F7261676520454550524F4D20A7
S214041340506C7567696E0052656164204D6F646900
S214041350667920577269746520537570706F72745D
S2140413603A20206E6F00534F4320426F6F746C6FA9
S2140413706164696E6720537570706F72743A2020CA
S214041380202079657300426F6F746C6F61646572B8
S2140413902053746F7261676520537570706F727432
S2140413A03A2055736520666972737420736C6F7483
S2140413B000536C6F7420746F207573653A20202078
S2140413C020202020202020202020202020256400EB
S2140413D043757272656E7420446F776E6C6F6164C9
S2140413E0204F66667365743A2020202030782530B6
S2140413F038580045424C205374617274204F666618
S2140414007365743A202020202020202020202030BD
S214041410782530385800454550524F4D2053746156
S21404142072743A20202020202020202020202020F3
S214041430202030782530385800454550524F4D20EE
S214041440456E643A202020202020202020202020C2
S214041450202020202030782530385800496D6167D8
S2140414606520496E666F2053746172743A2020209A
S2140414702020202020202020307825303858005383
S21404148061766520526174652028627974657329D3
S21404149020202020202020202020203078253038AE
S2140414A058004F6666736574206F6620646F776EA7
S2140414B06C6F6164206F66667365742020203078D4
S2140414C025303858004F6666736574206F6620456D
S2140414D0424C206F66667365743A202020202020D4
S2140414E020307825303858004F6666736574206F50
S2140414F06620696D6167652073746172743A202092
S2140415002020202030782530385800736C5F7A69A4
S214041510676265655F61665F6F74615F73746F723F
S2140415206167655F6472697665725F726561645F40
S21404153063622829206661696C65642100426164DF
S214041540206D61676963206E756D62657220696ED1
S2140415502066696C653A2030782530325820307819
S21404156025303258203078253032582030782530CF
S2140415703258004261642076657273696F6E206922
S2140415806E2066696C6520307825303458004572C4
S214041590726F723A2072656164416E6456616C695A
S2140415A06461746553746F726564496D6167652818
S2140415B02920747269656420746F207265616420E2
S2140415C06D6F72652064617461207468616E206951
S2140415D07420636F756C6420686F6C642E00736C83
S2140415E05F7A69676265655F61665F6F74615F7382
S2140415F0746F726167655F6472697665725F72653F
S21404160061645F63622829204641494C45442100B1
S2140416104C617374206F666673657420646F776EAE
S2140416206C6F616465643A2030782530385800530E
S214041630746F72616765204D6F64756C653A204FF0
S21404164054412053696D706C652053746F726167E2
S2140416506520506C7567696E00496D616765732017
S21404166053746F7265643A20202564206F662031B7
S2140416700A00253032583A0065702025303258204A
S214041680636C757320253034582061747472202579
S2140416903034582073767220256300206D666720E8
S2140416A02530325800207265706F7274206D696E32
S2140416B02025303458206D61782025303458207227
S2140416C070742D636867202530385800207265636F
S2140416D0656976652066726F6D20253034582065FE
S2140416E07020253032582074696D656F7574202516
S2140416F030345800636C6561720072656D6F766590
S21404170000636C656172696E67206C617374207225
S21404171065706F72742074696D65206F6620616CE5
S2140417206C20617474726962757465730074657391
S21404173074696E672074696D696E67206F662076BB
S2140417406172696F7573207265706F7274696E6703
S214041750206F7065726174696F6E73002D2D2D2D68
S2140417602D2D2D2D2D2D2D2D2D2D2D2D2D2D2D2DA0
S2140417702D2D2D2D2D2D2D2D2D2D2D2D2D2D2D2D90
S2140417802D2D2D2D2D2D2D2D2D2D2D002D2D746132
S214041790626C65207265616473202D2066756C6CBE
S2140417A0207461626C652D2D00726573756C7420EF
S2140417B03D202564206D73002D2D696E6974202FDD
S2140417C0207363686564756C65207469636B2D2D7E
S2140417D02D002D2D6C6F616420636F6E66696775CE
S2140417E0726174696F6E2064656661756C74732DBE
S2140417F02D002F686F6D652F72756E6E65722F776C
S2140418006F726B2F747579612D7A69676265652DC1
S2140418107377697463682D776974682D6D6574656C
S21404182072696E672F747579612D7A69676265656A
S2140418302D7377697463682D776974682D6D657484
S2140418406572696E672F73696C6162735F746F6F1C
S2140418506C732F73696D706C69636974795F7364F4
S2140418606B2F70726F746F636F6C2F7A6967626523
S214041870652F6170702F6672616D65776F726B2F5E
S214041880706C7567696E2F7265706F7274696E67B7
S2140418902F7265706F7274696E672E6300524541CD
S2140418A0445F5250545F43464700726561645F72FA
S2140418B065706F7274696E675F636F6E666967756D
S2140418C0726174696F6E005265706F7274696E67C8
S2140418D03A206661696C656420746F2073656E6473
S2140418E020257320726573706F6E73653A203078A6
S2140418F025303258004552523A2072656164696E4A
S2140419006720636C7573746572203078253034589C
S2140419102061747472696275746520307825303479
S214041920583A20307825303258004552523A2072C0
S21404193065706F7274696E67206F66204C4F4E47F1
S21404194020737472696E6720617474726962757448
S214041950652074797065206E6F7420737570706F6F
S214041960727465643A20636C75737465722030789B
S2140419702530345820617474726962757465203039
S2140419807825303458005265706F7274696E67201B
S214041990456E7472792046756C6C202D20637265D2
S2140419A06174696E67206E6577207265706F7274F5
S2140419B0004346475F52505400202D2064697265E8
S2140419C06374696F6E3A253032582C2061747472D1
S2140419D03A2530345800202020747970653A253032
S2140419E032582C206D696E3A253034582C206D619F
S2140419F0783A25303458002020206368616E676585
S214041A003A0020202074696D656F75743A25303469
S214041A105800636F6E6669677572655F7265706F8E
S214041A207274696E67002054434C4B207570646171
S214041A30746520616C726561647920696E207072C9
S214041A406F6772657373004D616E75616C205443E5
S214041A504C4B20757064617465206661696C6564BE
S214041A602E2573005374617274696E6720757064F2
S214041A706174652074727573742063656E74657220
S214041A80206C696E6B206B65792070726F6365736A
S214041A907300557064617465205443204C696E6B02
S214041AA0204B657900204E6577206B657920657339
S214041AB07461626C69736865643A00204572726F7B
S214041AC0723A00506172746E65723A20005A434C42
S214041AD020676C6F62616C20636C7573746572202A
S214041AE0636F6D6D616E64730064697265637469B7
S214041AF06F6E00646973632D636F6D2D67656E008A
S214041B00646973632D636F6D2D7265630065787009
S214041B106563742D7265706F72742D66726F6D2DA9
S214041B206D6500757772697465006E7772697465A1
S214041B30007265706F72742D726561640073656EF1
S214041B40642D6D652D612D7265706F72740043721D
S214041B506561746573206120676C6F62616C2064D4
S214041B606973636F76657220636F6D6D616E642052
S214041B70666F7220746865206173736F636961743D
S214041B8065642076616C7565732E00636C7573747A
S214041B90657249641F617474726962757465496418
S214041BA01F6D61784E756D626572546F5265706F05
S214041BB072741F0043726561746573206120676CDC
S214041BC06F62616C2073656E64206D65206120729F
S214041BD065706F727420636F6D6D616E6420666FDE
S214041BE07220746865206173736F636961746564D9
S214041BF02076616C7565732E00636C7573746572FC
S214041C0049641F61747472696275746549641F64FB
S214041C10617461547970651F6D696E5265706F7278
S214041C207454696D651F6D61785265706F72745473
S214041C30696D651F7265706F727461626C65436866
S214041C40616E67651F004372656174657320612069
S214041C50676C6F62616C2072656164207265706F78
S214041C607274696E6720636F6D6D616E6420666F53
S214041C707220746865206173736F63696174656448
S214041C8020636C75737465722C2061747472696257
S214041C9075746520616E64207365727665722F6351
S214041CA06C69656E7420646972656374696F6E2E00
S214041CB000636C757374657249641F617474726929
S214041CC06275746549641F646972656374696F6ECE
S214041CD01F00476C6F62616C207265706F72746966
S214041CE06E6720636F6D6D616E6400656E64706F01
S214041CF0696E741F636C757374657249641F6174CE
S214041D007472696275746549641F6D61736B1F0034
S214041D1043726561746573206120676C6F62616CE1
S214041D20207265616420636F6D6D616E64206D65FD
S214041D30737361676520746F2072656164206672D0
S214041D406F6D2074686520636C75737465722061AA
S214041D506E6420617474726962757465207370654C
S214041D606369666965642E00636C7573746572498D
S214041D70641F61747472696275746549641F0043F4
S214041D80726561746573206120676C6F62616C2094
S214041D90777269746520636F6D6D616E64206D651E
S214041DA0737361676520746F207772697465207435
S214041DB06F2074686520636C757374657220616E39
S214041DC064206174747269627574652073706563E7
S214041DD0696669656400636C757374657249641F2B
S214041DE061747472696275746549641F7479706588
S214041DF01F646174611F004372656174652061200D
S214041E006578706563742D7265706F72742D667272
S214041E106F6D2D6D65206D657373616765207769D9
S214041E207468206173736F63696174656420766196
S214041E306C7565732E00636C757374657249641FE4
S214041E4061747472696275746549641F74696D653A
S214041E506F75741F00437265617465206120446960
S214041E6073636F76657220436F6D6D616E64732065
S214041E7047656E65726174656420636F6D6D616E2F
S214041E80642077697468206173736F63696174652D
S214041E90642076616C7565732E00636C7573746567
S214041EA07249641F7374617274436F6D6D616E64FE
S214041EB049641F6D6178436F6D6D616E6449641F7C
S214041EC0005365747320746865206469726563746E
S214041ED0696F6E20666F7220676C6F62616C206338
S214041EE06F6D6D616E64732C20656974686572200D
S214041EF0636C69656E7420746F20736572766572A0
S214041F00206F722073657276657220746F20636C1E
S214041F1069656E742E0053657473206120666C6167
S214041F206720736F2074686174207468652061701C
S214041F30706C69636174696F6E206672616D657733
S214041F406F726B2057494C4C204E4F542072657369
S214041F50706F6E6420746F20746865206E65787484
S214041F60205A434C206D65737361676520746861FD
S214041F707420636F6D657320696E206F76657220BA
S214041F80746865206169722E00536574732061203D
S214041F90666C616720736F2074686174207468656A
S214041FA0206170706C69636174696F6E206672611B
S214041FB06D65776F726B2057494C4C207265737051
S214041FC06F6E6420746F20746865206E6578742064
S214041FD05A434C206D657373616765207468617439
S214041FE020636F6D657320696E206F76657220744A
S214041FF06865206169722E00536574732074686581
S2140420002044697361626C652044656661756C740E
S21404201020526573706F6E7365204672616D65201D
S214042020436F6E74726F6C2062697420746F2075CF
S214042030736520666F7220746865206E65787420F8
S214042040636F6D6D616E64206966207468652063D5
S2140420506F6D6D616E64206973206E6F7420616CA1
S2140420607265616479206275696C742E00646973A4
S21404207061626C6544656661756C74526573706FF5
S2140420806E73651F00536574732074686520666CF0
S214042090616720746F207573652074686520696EA7
S2140420A06372656D656E7465642073657175656EBF
S2140420B06365206E756D6265722066726F6D20743E
S2140420C06865206672616D65776F726B20666F72E5
S2140420D020746865206E6578742072617720636F5B
S2140420E06D6D616E642E007573654E657874536508
S2140420F07175656E63651F00436C6920636F6D6D53
S214042100616E6420746F2063616C6C20736C5F7AFC
S21404211069676265655F61665F7365745F74696D40
S214042120652066756E6374696F6E20646F63756D83
S214042130656E74656420696E2061662E6800757429
S2140421406354696D651F0053657473207468652055
S21404215074776F2062797465206D616E756661634D
S2140421607475726572207370656369666963206945
S21404217064656E74696669657220746F207573652C
S21404218020666F7220746865206E65787420636FAD
S2140421906D6D616E642069662074686520636F6D7A
S2140421A06D616E64206973206E6F7420616C726555
S2140421B0616479206275696C742E006D666753706D
S2140421C065636966696349641F006E6F7420005313
S2140421D04C5F5354415455535F4E4554574F524BDE
S2140421E05F55502030782530345800547275737417
S2140421F02043656E746572204555492068617320D6
S21404220025736368616E6765642E00534C5F535490
S214042210415455535F4E4554574F524B5F444F57A6
S2140422204E00534C5F5354415455535F4E4F545FC6
S2140422304A4F494E454400534C5F535441545553FA
S2140422405F5A49474245455F4E4554574F524B5F88
S2140422504F50454E45443A20256420736563005329
S2140422604C5F5354415455535F5A49474245455F62
S2140422704E4554574F524B5F434C4F5345440025ED
S214042280733A2025730064697374726962757465A1
S214042290640063656E7472616C697A656400466F87
S2140422A0726D002573696E67206F6E206368202543
S2140422B0642C2070616E49642030782530345800D0
S2140422C04572726F723A2044657669636520646F5E
S2140422D06573206E6F7420737570706F727420252A
S2140422E073206E6574776F726B20666F726D61749F
S2140422F0696F6E004A6F696E00496E76616C696438
S2140423002053656375726974792050726F66696CC0
S214042310653A2030782530325800704A6F696E204E
S214042320666F72202564207365633A203078253002
S2140423303258004C696D6974696E67206475726101
S21404234074696F6E206F66207065726D6974206A9A
S2140423506F696E2066726F6D20666F726576657241
S21404236020283235352920746F20323534005258EF
S2140423703A205A444F2C20636F6D6D616E64203092
S21404238078253034582C207374617475733A203071
S21404239078253032580053696D706C650052583A8F
S2140423A020257320446573632052657370004D6165
S2140423B0746368002C204D6174636865733A202545
S2140423C0640044657669636520416E6E6F756E635E
S2140423D0653A203078253034580052583A2049451A
S2140423E04545204164647265737320526573706F4B
S2140423F06E73650052583A204163746976652045C9
S2140424005020526573706F6E73652C20436F756E23
S214042410743A202564004E6F6465002C204D617468
S214042420636865733A2030782530345800737461D5
S214042430636B207665722E205B25642E25642E251C
S2140424406400202573206275696C642025645D0031
S2140424505A444F00534500484100436C75737465F5
S2140424607200476C6F62616C002573747820307854
S214042470253038582C200050726F66696C653A20F7
S21404248025732028307825303458292C20436C7541
S214042490737465723A203078253034582C202564BD
S2140424A02062797465732C00205A434C20257320CF
S2140424B0436D642049443A202564005072652D52C9
S2140424C0656C6561736500416C706861203100411C
S2140424D06C706861203200416C7068612033004281
S2140424E0657461203100426574612032004265746F
S2140424F061203300474100526573657420696E6637
S2140425006F3A203078253032582028257329006405
S214042510656C6574652062696E64696E673A202529
S21404252030325820253032580001020304050607CD
S21404253008090A0B0C000101010101010101010156
S2140425400101005752495445204552523A2000256D
S214042550736570202530325820636C7573202530DF
S214042560345820617474722025303458206E6F7489
S21404257020737570706F72746564002573696E7667
S214042580616C6964206461746120747970650025E7
S2140425907361747472206E6F7420777269746162EA
S2140425A06C650057524954453A206E6F207772691D
S2140425B074652C206A7573742061207465737400C6
S2140425C0524541443A206174747269627574652098
S2140425D073697A6520746F6F206C61726765206614
S2140425E06F722063616C6C657200636C6E7400734A
S2140425F072767200525700524F00202052414D20EE
S214042600200020746F6B656E200065787465726EAA
S2140426102000454E44504F494E5420253032580031
S214042620636C7573202F2073696465202F20617492
S2140426307472202F206D666720202F7479706528A9
S2140426406C656E292F207277202F2073746F726149
S2140426506765202F206461746120287261772900E1
S21404266025303458202F202573202F202530345829
S214042670202F2000202F20253032582028253032C5
S2140426805829202F202573202F202573202F200043
S214042690556E737570706F72746564004F54412084
S2140426A0524541443A2065703A25303258206369D1
S2140426B0643A253034582061747469643A25303499
S2140426C058206D736B3A25303258206D66636F64FC
S2140426D0653A2530345800524541443A20636C75B7
S2140426E07320253034582C206174747220253034BD
S2140426F058206661696C656420253032580052455E
S21404270041443A20636C757320253034582C20617C
S21404271074747220253034582C20646174614C65BE
S2140427206E3A20253032582C204F4B00282563293A
S2140427302530325825303258253032582530325814
S2140427402530325825303258253032582530325804
S2140427500064697361626C65002573642C2064727E
S2140427606F7070696E672065702030782530325837
S21404277020636C75732030782530345820636D647C
S214042780203078253032580047656E65726174656E
S2140427906400526563656976656400446973636FB3
S2140427A076657220436F6D6D616E64732072657317
S2140427B0706F6E73652028636F6D706C6574653A10
S2140427C0202563292C202573204944733A200030A1
S2140427D0782530325820005F45585400524541440D
S2140427E05F415454520057524954453A20636C751D
S2140427F07320253034582061747472202530345880
S21404280020004641494C202530325800575249543E
S214042810453A20746F6F2073686F7274004449538E
S214042820435F4154545200257325733A20636C75F4
S2140428307320253034580053766320446973633A12
S2140428402000257357616974696E672025642073B8
S214042850656320666F7220646973636F7665727948
S21404286020746F20636F6D706C65746500537461BB
S214042870746520636F72726573706F6E64696E67D9
S21404288020746F207468652074686520726571759D
S214042890657374206E6F7420666F756E640A002507
S2140428A073636F6D706C6574652E0A0025735365CB
S2140428B0727669636520446973636F7665727920FE
S2140428C05374617465206C696D69747320726561F4
S2140428D0636865640A002573496C6C6567616C20DF
S2140428E062726F6164636173742061646472657399
S2140428F0732C2072656D617070696E6720746F202A
S21404290076616C6964206F6E652E00257346616976
S2140429106C656420746F2073656E64206D617463E7
S2140429206820646973636F766572793A2030782517
S2140429303032580025735374617274696E6720646C
S2140429406973636F7665727920666F7220636C753F
S21404295073746572203078253034580025734661C8
S214042960696C656420746F2073656E642073696D8A
S214042970706C652064657363726970746F7220721C
S2140429806571756573743A203078253032580025A1
S214042990734661696C656420746F2073656E642089
S2140429A04945454520616464726573732072657198
S2140429B0756573743A20307825303258002573468E
S2140429C061696C656420746F2073656E64204E576D
S2140429D04B206164647265737320726571756573E8
S2140429E0743A20307825303258004572726F723A45
S2140429F0202573206261642073696D706C652064A1
S214042A00657363726970746F72206C656E67746840
S214042A102E0025734D65737361676520746F6F2090
S214042A2073686F72740025734D65737361676520F0
S214042A30746F6F2073686F727420666F72206E7581
S214042A406D2E20656E64706F696E74730025734D09
S214042A5061746368257320666F756E642066726F92
S214042A606D203078253034582E004572726F723AD5
S214042A7020257320696E76616C6964206C656E67C8
S214042A8074682028256420213D2025642920666F4B
S214042A90722041637469766520456E64706F696E52
S214042AA07420726573706F6E7365002573676F7438
S214042AB02061637469766520455020726573706F73
S214042AC06E7365005554432074696D653A20256419
S214042AD02F25642F25642025643A25643A2564202E
S214042AE02825303858290028556E6B6E6F776E206F
S214042AF0636C75732E205B3078253034585D29005E
S214042B000D0A54253038583A005258206C656E2009
S214042B1025642C20657020253032582C20636C7573
S214042B2073203078253034582000206D6667496459
S214042B302025303458002046432025303258207350
S214042B406571202530325820636D64202530325854
S214042B50207061796C6F61645B0042617369630025
S214042B604F766572207468652041697220426F6FE3
S214042B70746C6F6164696E67002573525820706BBD
S214042B807420746F6F2073686F72743A2025642003
S214042B903C202564002573525820706B74206D61A8
S214042BA06C666F726D65643A202564203C2025644B
S214042BB00020204861766520526F75746572205334
S214042BC07570706F7274002020456E6420446576BC
S214042BD0696365204F6E6C79002020456E61626CD7
S214042BE0656400202044697361626C656400457204
S214042BF0726F722072657472696576696E67206991
S214042C006E666F20666F72206C69627261727920DC
S214042C104944202564002573206C696272617279C8
S214042C2025732070726573656E74005A69676265F1
S214042C30652050726F0042696E64696E6700536562
S214042C4063757269747920436F72650053656375A2
S214042C5072697479204C696E6B204B6579730043F6
S214042C60424B45203136334B310043424B452044DA
S214042C705341205369676E004543430043424B4526
S214042C802044534120566572696679005061636B2F
S214042C9065742056616C6964617465005A4C4C0016
S214042CA043424B45203238334B31004543432032B0
S214042CB038334B310043424B4520636F7265004EF8
S214042CC04350004D756C7469206E6574776F726B33
S214042CD000456E68616E63656420426561636F6E6D
S214042CE0205265710043424B45203238334B312025
S214042CF044534120566572696679004D756C746953
S214042D002D50414E002F686F6D652F72756E6E657F
S214042D10722F776F726B2F747579612D7A6967627B
S214042D2065652D7377697463682D776974682D6D8E
S214042D3065746572696E672F747579612D7A696733
S214042D406265652D7377697463682D776974682D79
S214042D506D65746572696E672F73696C6162735F03
S214042D60746F6F6C732F73696D706C6963697479B3
S214042D705F73646B2F70726F746F636F6C2F7A69F6
S214042D80676265652F737461636B2F636F6E666924
S214042D90672F736C5F7A69676265655F636F6E66DB
S214042DA0696775726174696F6E2E63002F686F6D44
S214042DB0652F72756E6E65722F776F726B2F7475D2
S214042DC079612D7A69676265652D737769746368BE
S214042DD02D776974682D6D65746572696E672F74D6
S214042DE07579612D7A69676265652D737769746391
S214042DF0682D776974682D6D65746572696E672FC2
S214042E0073696C6162735F746F6F6C732F73696D33
S214042E10706C69636974795F73646B2F70726F7416
S214042E206F636F6C2F7A69676265652F737461636D
S214042E306B2F6672616D65776F726B2F6165732D8C
S214042E406563622E63002F686F6D652F72756E6EF4
S214042E5065722F776F726B2F747579612D7A696737
S214042E606265652D7377697463682D776974682D58
S214042E706D65746572696E672F747579612D7A69EC
S214042E80676265652D7377697463682D77697468FE
S214042E902D6D65746572696E672F73696C616273F4
S214042EA05F746F6F6C732F73696D706C696369748C
S214042EB0795F73646B2F70726F746F636F6C2F7AA5
S214042EC069676265652F737461636B2F73656375D9
S214042ED0726974792F7A69676265652D736563759F
S214042EE0726974792D6D616E616765722D6E6F2DD2
S214042EF07661756C742E63004572726F723A202088
S214042F004661696C656420746F207265616420662E
S214042F10726F6D20454550524F4D206174203078B5
S214042F202534582C207374617475733A2025640014
S214042F30454550524F4D20496E697469616C697AF3
S214042F4065643A20256300454550524F4D2042752E
S214042F5073793A202563005061727469616C205756
S214042F606F72642053746F7261676520436F756E69
S214042F70743A20256400416464726573733A2030A1
S214042F80782534582C205061727469616C20576F10
S214042F9072643A203078255800636F6E6669726DE5
S214042FA0656400617373756D6564000A4545505227
S214042FB04F4D20496E666F004E6F742061766169CE
S214042FC06C61626C6520286F6C64657220626F6F3A
S214042FD0746C6F6164657229005061727420446574
S214042FE0736372697074696F6E3A20202020202003
S214042FF0202020202573004361706162696C697427
S2140430006965733A202020202020202020202020BC
S214043010202030782532580050616765204572615B
S21404302073652074696D65202873293A2020202052
S21404303020202564005061727420457261736520F7
S21404304074696D65202873293A20202020202025C5
S2140430506400506172742045726173652074696DF2
S2140430606520286D73293A2020202020202564001E
S214043070506167652073697A652028627974657380
S214043080293A202020202020202020256C00506172
S21404309072742073697A6520286279746573293A94
S2140430A0202020202020202020256C00576F7264CA
S2140430B02073697A6520286279746573293A20201A
S2140430C02020202020202025642028257029004543
S2140430D04550524F4D20696E69743A203078255811
S2140430E0002F686F6D652F72756E6E65722F776F21
S2140430F0726B2F747579612D7A69676265652D73B5
S21404310077697463682D776974682D6D6574657264
S214043110696E672F747579612D7A69676265652DA6
S2140431207377697463682D776974682D6D65746543
S21404313072696E672F73696C6162735F746F6F6C0C
S214043140732F73696D706C69636974795F73646BEC
S2140431502F7574696C2F706C7567696E2F706C753B
S21404316067696E2D636F6D6D6F6E2F656570726F18
S2140431706D2F656570726F6D2E6300556E61626C9F
S2140431806520746F20626F6F7420696D61676520B7
S214043190617420736C6F7420256C640A00536C6F22
S2140431A074204D616E61676572206661696C656442
S2140431B020746F20657261736520736C6F740A00E7
S2140431C04D61782072656164206C696D6974207342
S2140431D0657420746F2025642062797465730A0010
S2140431E041646472657373202020202020202020F0
S2140431F020446174610A00307825346C78202020DD
S21404320020202020307825780A004661696C6564A1
S21404321020746F20726561642066726F6D20666C20
S2140432206173680A00536C6F7420256C640A20204E
S2140432304164647265737320202020203A2030781D
S21404324025346C580A20204C656E6774682020204C
S2140432502020203A20307825346C582028256C64A9
S214043260206279746573290A0020205479706520D9
S214043270202020202020203A20004E6F2047424C59
S2140432802070726573656E740A005A6967426565D4
S2140432900A005468726561640A00436F6E6E656363
S2140432A0740A00426C7565746F6F74680A00426C29
S2140432B07565746F6F7468206170706C696361748F
S2140432C0696F6E0A004D43550A004F746865722094
S2140432D0283078256C58290A0020205665727369B0
S2140432E06F6E20202020203A203078256C580A0063
S2140432F020204361706162696C69746965733A2061
S214043300307825346C580A00202050726F64756338
S2140433107420494420203A20003078255820005351
S2140433206C6F74204D616E616765723A20666169E0
S2140433306C656420746F20696E697469616C697A5F
S2140433406520626F6F746C6F6164657220286572A5
S214043350726F72203078253478290A0056657273A5
S214043360696F6E20202020203A2025640A005061D0
S214043370727420202020202020203A2025730A0062
S2140433804361706162696C69746965733A20307868
S21404339025780A00506172742073697A65202020AB
S2140433A03A20256420420A00506167652073697AD2
S2140433B0652020203A20256420420A00576F726454
S2140433C02073697A652020203A20256420420A006A
S2140433D0536C6F7473202020202020203A2025640C
S2140433E00A004661696C656420746F2072656164C6
S2140433F02066726F6D2073746F7261676520666CE9
S21404340061736820286572726F72202564290A0029
S214043410496E76616C696420736C6F742025642031
S214043420286D617820736C6F74202564290A004621
S21404343061696C656420746F2067657420696E66C4
S2140434406F20666F7220736C6F742025640A0053B5
S2140434506C6F74204D616E616765723A20736C6F91
S21404346074207772697465206661696C7572652E5E
S2140434702041646472657373206F66667365742096
S21404348028256429202B207772697465206C656E64
S21404349067746820282564292067726561746572DC
S2140434A0207468616E20746F74616C20736C6F7422
S2140434B0206C656E67746820282564290A00536C9E
S2140434C06F74204D616E61676572207761726E69F4
S2140434D06E673A20736C6F74202564206C656E6783
S2140434E074682028256429206E6F7420616C6967CF
S2140434F06E656420746F20706167652073697A65F1
S21404350020282564292E2054686520656E74697207
S2140435106520736C6F742077696C6C206E6F7420F2
S2140435206265206572617365642E0A00536C6F745D
S214043530204D616E616765723A206661696C6564E8
S21404354020746F2065726173652025642062797427
S214043550657320696E20736C6F7420256420617413
S214043560206164647265737320307825347820286B
S2140435706572726F722030782578290A0045726168
S21404358073656420256420627974657320696E20EF
S214043590736C6F742025640A004661696C65642048
S2140435A0746F2073657420736C6F7420746F20625C
S2140435B06F6F7420286572726F72203078253478A5
S2140435C0290A004661696C656420746F207365740B
S2140435D0206C697374206F6620736C6F7473207428
S2140435E06F20626F6F7420286572726F7220307855
S2140435F0253478290A004661696C656420746F2056
S214043600676574206E6577206C697374206F662016
S214043610736C6F747320746F20626F6F74202865E8
S21404362072726F72203078253478290A00426567F2
S214043630696E6E696E6720696D616765207665726E
S214043640696669636174696F6E2E2E2E002E66613C
S214043650696C65642120284572726F722030782563
S2140436603478290A002E7061737365642120426FD2
S2140436706F74696E6720736C6F742025640A006625
S2140436806E692B00666E69006E616E00666E692D4B
S214043690006C696273006273656E640072657365BC
S2140436A074007261770073656E645F6D756C74691F
S2140436B0636173740073656E642D7573696E672D2C
S2140436C06D756C7469636173742D62696E64696E7A
S2140436D0670074696D6573796E63006765742D7031
S2140436E074692D726164696F2D636F6E6669670015
S2140436F0636F6E6669672D6363612D6D6F64650025
S2140437006576656E747300736563757269747900A3
S2140437107A69676265655F7072696E7400706C754D
S21404372067696E006E6574006B657973006F7074FC
S214043730696F6E00706C7567006368616E67656BB1
S2140437406579006368616E67656B007A646F007004
S21404375072696E742072656C6174656420636F6D43
S2140437606D616E64732E0061747472005A646F2007
S21404377072656C6174656420636F6D6D616E6473ED
S2140437802E00726F75746500706F776572006D67D2
S2140437906D742D6C7169006D676D742D62696E644D
S2140437A0006E6F64650073696D706C6500696565AD
S2140437B06500756E62696E64006E776B2D75706455
S2140437C0006F75742D636C2D6C69737400696E2DAF
S2140437D0636C2D6C697374005A646F20696E2D6374
S2140437E06C2D6C6973742072656C617465642063F7
S2140437F06F6D6D616E64732E005A646F206F7574FE
S2140438002D636C2D6C6973742072656C61746564C9
S21404381020636F6D6D616E64732E005A646F206E44
S214043820776B2D7570642072656C617465642063B3
S2140438306F6D6D616E64732E007363616E2D6368C5
S214043840616E2D6D61736B007363616E00636861F6
S2140438506E5067006368616E005A646F20756E620E
S214043860696E642072656C6174656420636F6D6D47
S214043870616E64732E00756E6963617374006368A9
S214043880616E67656B65792072656C61746564202A
S214043890636F6D6D616E64732E006C696E6B004FA2
S2140438A07074696F6E2072656C6174656420636FF2
S2140438B06D6D616E64732E007265676973746572EC
S2140438C0006469736300696E7374616C6C2D636F56
S2140438D064650062696E64696E672D7461626C6506
S2140438E0007072696E742D72782D6D736773006143
S2140438F070737265747279004150532072657472E5
S2140439007920666C616720666F72636520636F6DED
S2140439106D616E647300456E61626C65732F4469F5
S2140439207361626C6573207072696E74696E672069
S2140439306F66205278206D657373616765732E0019
S214043940656E61626C650042696E64696E672074B8
S21404395061626C652072656C6174656420636F6D6A
S2140439606D616E64732E0053656375726974792095
S2140439706B6579732072656C6174656420636F6D22
S2140439806D616E64732E0064656C657465004E65C7
S21404399074776F726B2072656C6174656420636FF4
S2140439A06D6D616E64732E00666F726D0072656A6B
S2140439B06F696E2D646966662D6465766963652D28
S2140439C0747970650065787470616E6964006973F3
S2140439D06F70656E0062726F61642D706A6F696ED7
S2140439E0006368616E67652D6368616E6E656C0062
S2140439F0696E6974006368616E67652D6B656570D2
S214043A002D616C6976652D6D6F64650074696D65EE
S214043A106F75742D6F7074696F6E2D6D61736B00A6
S214043A206D756C74692D7068792D73746172740089
S214043A306D756C74692D7068792D73746F7000667B
S214043A40696E64006E6574776F726B2066696E6467
S214043A5020636F6D6D616E64732E006A6F696E61AC
S214043A60626C6500756E7573656400736C6F742D97
S214043A706D616E6167657200636F756E74657273EF
S214043A8000656E642D6465766963652D7375707064
S214043A906F72740066696E642D616E642D62696E61
S214043AA06400667261676D656E746174696F6E003A
S214043AB067726F7570732D736572766572006E65C6
S214043AC074776F726B2D7374656572696E67006FB9
S214043AD074612D626F6F746C6F6164006F74612D16
S214043AE0636C69656E74006F74612D73746F7261B4
S214043AF067652D636F6D6D6F6E006F74612D7374E3
S214043B006F726167652D656570726F6D0069646CB0
S214043B10652D736C656570007570646174652D74CD
S214043B20632D6C696E6B2D6B6579007570646174BA
S214043B30652D74632D6C696E6B2D6B6579207265CB
S214043B406C6174656420636F6D6D616E647300747C
S214043B50696D6572006E6F7700436F6D6D616E649C
S214043B607320746F20636F6E74726F6C2069646C5C
S214043B70696E672F736C656570696E67206F662063
S214043B807468652064657669636500666F7263654C
S214043B902D6177616B65006177616B652D7768656C
S214043BA06E2D6E6F742D6A6F696E65640072657033
S214043BB06F7274696E672072656C617465642063E5
S214043BC06F6D6D616E64732E00636C6561722D6C2F
S214043BD06173742D7265706F72742D74696D6500EF
S214043BE0746573742D74696D696E67006F74612DE6
S214043BF073746F726167652D656570726F6D207280
S214043C00656C6174656420636F6D6D616E64732E9C
S214043C100077697065006F74612D73746F726167E5
S214043C20652D636F6D6D6F6E2072656C617465646F
S214043C3020636F6D6D616E6473007072696E744993
S214043C406D616765730072656C6F61640073746F91
S214043C50726167652D696E666F00646174612D70AC
S214043C6072696E74006F74612D636C69656E74207E
S214043C7072656C6174656420636F6D6D616E6473E8
S214043C802E0076657269667900626C6F636B2D74BC
S214043C9065737400706167652D72657175657374FC
S214043CA000757067726164652D72657175657374ED
S214043CB00064697361626C652D646F776E67726108
S214043CC064657300656E61626C652D646F776E67FC
S214043CD07261646573006F74612D626F6F746C6FCC
S214043CE061642072656C6174656420636F6D6D61D8
S214043CF06E6473006E6574776F726B2D737465658E
S214043D0072696E672072656C6174656420636F6D9A
S214043D106D616E64732E007072652D636F6E6669D6
S214043D2067757265642D6B65792D736574006D61B6
S214043D30736B2072656C6174656420636F6D6D616E
S214043D406E642E0073756274726163740067726FBA
S214043D507570732D7365727665722072656C617406
S214043D60656420636F6D6D616E64732E00667261A8
S214043D70676D656E746174696F6E2072656C6174CC
S214043D80656420636F6D6D616E64732E0073657475
S214043D902D72782D77696E646F772D73697A650056
S214043DA06172746966696369616C2D626C6F636BBA
S214043DB02D64726F700046696E6420616E642062C2
S214043DC0696E642072656C6174656420636F6D6DE2
S214043DD0616E64732E00696E69746961746F720033
S214043DE0656E642D6465766963652D737570706F92
S214043DF072742072656C6174656420636F6D6D61A6
S214043E006E64732E00706F6C6C2D636F6D706C65D2
S214043E107465642D63616C6C6261636B00666F72BB
S214043E2063652D73686F72742D706F6C6C00656EAD
S214043E3061626C655F7479706500737461636B00AE
S214043E40617070007A636C006C65676163795F61AA
S214043E50665F646562756700636F756E746572731A
S214043E602072656C6174656420636F6D6D616E6449
S214043E70732E007072696E742D636F756E7465723E
S214043E802D747970650073696D706C652D70726938
S214043E906E74007072696E742D7468726573686FE0
S214043EA06C6473007365742D7468726573686F6CE4
S214043EB0640072657365742D7468726573686F6CDC
S214043EC064730073656E642D726571756573740032
S214043ED073656375726974792072656C6174656460
S214043EE020636F6D6D616E6473007365742D616C11
S214043EF06C6F772D74727573742D63656E7465724A
S214043F002D72656A6F696E2D7573696E672D776598
S214043F106C6C2D6B6E6F776E2D6B657900736574A4
S214043F202D616C6C6F772D74727573742D63656E6A
S214043F307465722D72656A6F696E2D7573696E6726
S214043F402D77656C6C2D6B6E6F776E2D6B65792D8A
S214043F5074696D656F7574007365742D6B65792D62
S214043F60726571756573742D706F6C696379006D15
S214043F7066672D746F6B656E0061707300536563BE
S214043F807572697479206170732072656C617465EA
S214043F906420636F6D6D616E64732E004765742FC5
S214043FA0736574204D464720746F6B656E2E0065EE
S214043FB06E64706F696E742072656C6174656420DB
S214043FC0636F6D6D616E64732E00656570726F6DE0
S214043FD0207574696C6974792072656C61746564A3
S214043FE020636F6D6D616E647300536C6F74204D47
S214043FF0616E616765722072656C617465642063C6
S2140440006F6D6D616E647300626F6F742D736C6F89
S214044010740065726173652D736C6F7400657874D3
S2140440202D666C6173682D696E666F00736C6F74B1
S214044030732D696E666F005072696E7473207469AE
S2140440406D652E005072696E7473206174747269A3
S214044050627574652E00436C6561727320746865BE
S214044060205A444F206C697374206F6620636C6911
S214044070656E742028696E2920636C757374657286
S214044080732E004164647320636C75737465727375
S21404409020746F20746865206B6E6F776E20636C77
S2140440A069656E742028696E2920636C757374655F
S2140440B07273206F6E207468697320646576696312
S2140440C0652E00436C6561727320746865205A44DB
S2140440D04F206C697374206F6620636C69656E7418
S2140440E020286F75742920636C7573746572732E3B
S2140440F0004164647320636C757374657273207412
S2140441006F20746865206B6E6F776E20636C6965CC
S2140441106E7420286F75742920636C7573746572C9
S21404412073206F6E207468697320646576696365AE
S2140441302E0053656E647320616E2075706461741E
S21404414065206368616E6E656C2072657175657353
S214044150742E006368616E6E656C1F0053656E6432
S2140441607320616E20757064617465206368616E87
S2140441706E656C2070616765207265712E205468C8
S2140441806520737461636B2073656E6473206E7749
S2140441906B20656E68616E63656420757064617417
S2140441A0652072657120666F72206E6F6E2D7A655B
S2140441B0726F20706167652E006368616E6E656C51
S2140441C01F706167651F00506572666F726D73209D
S2140441D0616E20656E65726779207363616E2E006A
S2140441E07461726765744E6F646549641F736361B6
S2140441F06E4475726174696F6E1F7363616E436F8C
S214044200756E741F0042726F616463617374732009
S214044210746865204944206F6620746865206E655E
S21404422077206E6574776F726B206D616E6167655B
S2140442307220616E642061637469766520636861C8
S2140442406E6E656C732E006E776B4D676549641FE2
S2140442506368616E6E656C4D61736B1F00506572AA
S214044260666F726D7320616E20656E657267792065
S2140442707363616E206F6E20676976656E2063686F
S214044280616E6E656C206D61736B2E00746172676F
S21404429065744E6F646549641F7363616E4475721A
S2140442A06174696F6E1F7363616E436F756E741FFE
S2140442B06368616E6E656C4D61736B1F0053656E4B
S2140442C064732061206E6574776F726B206164641A
S2140442D072657373207265717565737420666F7288
S2140442E02074686520676976656E204945454520D3
S2140442F0616464726573732E00696565651F005298
S2140443006571756573747320616E20494545452053
S21404431061646472657373206261736564206F6E92
S214044320206120676976656E206E6F646520494457
S2140443302E006E6F646549641F0053656E647320B7
S214044340612073696D706C6520646573637269704F
S214044350746F72207265717565737420666F72204F
S2140443607468652073686F72742061646472657320
S2140443707320616E6420656E64706F696E7420735A
S21404438070656369666965642E00646573741F747A
S2140443906172676574456E64706F696E741F00534E
S2140443A0656E64732061206D61746368446573632D
S2140443B0726970746F727352657175657374207464
S2140443C06F2074686520676976656E20646573740B
S2140443D0696E6174696F6E207769746820746865A5
S2140443E020676976656E2070726F66696C652E004C
S2140443F06E6F646549641F70726F66696C651F0032
S21404440053656E64732061206E6F64652064657303
S21404441063726970746F7220726571756573742047
S214044420746F206120676976656E207461726765B3
S21404443074206465766963652E00746172676574BA
S2140444401F0053656E64732061205A444F204269EE
S2140444506E6420636F6D6D616E6420746F206120DE
S2140444606465766963652073706563696669656407
S21404447020696E2074686520636F6D6D616E6420BC
S214044480617267756D656E74732E00446573746926
S2140444906E6174696F6E1F536F7572636520656E07
S2140444A064706F696E741F44657374696E617469B1
S2140444B06F6E20656E64706F696E741F636C7573BF
S2140444C074657249441F72656D6F74654555493647
S2140444D0341F6465737445554936341F0053656E3E
S2140444E0647320616E2061637469766520656E640A
S2140444F0706F696E74207265717565737420746F5D
S21404450020746865206465766963652077697468D5
S2140445102074686520676976656E2073686F7274A8
S2140445202049442E0053656E647320616E20756EB8
S21404453062696E64207265717565737420666F7245
S214044540206120756E69636173742062696E6469A4
S2140445506E6720746F207468652074617267657472
S214044560206465766963652E007461726765741FDE
S214044570736F757263652065756936341F736F755E
S21404458072636520656E64706F696E741F636C7504
S2140445907374657249441F64657374696E617469E3
S2140445A06F6E45554936341F64657374696E61745D
S2140445B0696F6E20656E64706F696E741F00536554
S2140445C06E647320616E20756E62696E6420726517
S2140445D0717565737420666F722061206D756C74D6
S2140445E069636173742062696E64696E6720746FB0
S2140445F020746865207461726765742064657669E2
S21404460063652E007461726765741F736F757263D9
S214044610652065756936341F736F7572636520652A
S2140446206E64706F696E741F636C7573746572491B
S214044630441F67726F7570416464726573731F00FC
S21404464053656E64732061205A444F204D616E6139
S21404465067656D656E74204C6561766520636F6D65
S2140446606D616E6420746F2074686520746172676F
S2140446706574206465766963652E00746172676587
S214044680741F72656D6F76654368696C6472656ED7
S2140446901F72656A6F696E1F0053656E64732061CE
S2140446A0205A444F204D474D542D42696E642028AD
S2140446B042696E64696E67205461626C6529205293
S2140446C065717565737420746F20746865207461F1
S2140446D072676574206465766963652E007461721A
S2140446E06765741F7374617274496E6465781F001D
S2140446F053656E64732061205A444F204D474D54D1
S2140447002D4C514920284C5149205461626C65292E
S214044710205265717565737420746F207468652003
S214044720746172676574206465766963652E0053E8
S214044730656E64732061205A444F20506F7765720B
S2140447402044657363726970746F72205265717564
S21404475065737420746F207468652074617267656D
S21404476074206465766963652E0053656E647320F1
S21404477061205A444F20726F757465207265717596
S21404478065737420636F6D6D616E6420746F20743E
S2140447906865207461726765742E0074617267655B
S2140447A0741F696E6465781F00696E6465781F659A
S2140447B0756936341F696E7374616C6C436F646517
S2140447C01F00696E6465781F65756936341F6B65EE
S2140447D0791F005443206C696E6B206B65792072D8
S2140447E065717565737420706F6C6963791F4170A9
S2140447F070206C696E6B206B6579207265717565C7
S214044800737420706F6C6963791F00426F6F6C3A23
S21404481020616C6C6F772074727573742063656E98
S2140448207465722072656A6F696E207573696E6747
S2140448302077656C6C2D6B6E6F776E206B65791FB9
S2140448400070726F66696C6549641F636C75737477
S214044850657249641F0074617267657449641F0059
S214044860456E61626C6573207072696E74696E67FA
S214044870206F66205278206D657373616765732EAA
S2140448800053657473207468652062696E64696E8B
S21404489067207461626C6500696E6465781F636C7A
S2140448A075737465721F6C6F63616C45701F7265F7
S2140448B06D6F746545701F65756936341F00436CEB
S2140448C065617273207468652062696E64696E67D8
S2140448D0207461626C652E005072696E7473207465
S2140448E068652062696E64696E67207461626C65CF
S2140448F020746F2074686520636F6D6D616E64202C
S2140449006C696E652E00436C6561727320616C6C15
S214044910207365637572697479206B6579732E00EC
S21404492044656C6574652074686520737065636996
S21404493066696564206C696E6B206B657920696EA8
S2140449406465782E005072696E747320616C6C20F6
S2140449507365637572697479206B6579732E005478
S21404496065726D696E6174657320746865206D7513
S2140449706C74692D50485920696E7465726661635B
S21404498065005573656420746F20737461727420B7
S2140449906D756C74692D50485920696E746572661D
S2140449A0616365206F74686572207468616E206E3A
S2140449B0617469766520616E6420666F726D20741A
S2140449C06865206E6574776F726B2E205468652058
S2140449D0737461636B20757365732073616D6520F2
S2140449E050616E4964206173206E61746976652037
S2140449F0726164696F206E6574776F726B2E0070D7
S214044A006167651F6368616E6E656C1F706F77659E
S214044A10721F6F7074696F6E734D61736B202842DA
S214044A2069742030203D20526F757465727320615E
S214044A306C6C6F7765642C204269742031203D20AD
S214044A4042726F61646361737420616C6C6F776526
S214044A5064291F00417474656D70747320746F202C
S214044A606368616E676520746865206368696C6452
S214044A702074696D656F7574206F7074696F6E202D
S214044A806D61736B20746F2066696C746572206F39
S214044A90757420756E646573697261626C652076E0
S214044AA0616C7565732028652E672E206E6F206DE9
S214044AB06F7265207468616E20332064617973298F
S214044AC02E0074696D656F7574206F7074696F6EEF
S214044AD0206D61736B1F0053776974636865732078
S214044AE06265747765656E20646966666572656E70
S214044AF074206B65657020616C697665206D6F64E3
S214044B00657320737570706F7274656420627920A3
S214044B106120726F757465722E004B656570206136
S214044B206C697665206D6F64651F005072696E74DB
S214044B3073207468652063757272656E74204E6F98
S214044B4064652049442C2045554936342C20616E32
S214044B50642050616E2049442E00496E6974696170
S214044B606C697A65732061206E6574776F726B3B2F
S214044B7020746869732069732061207465737420D7
S214044B80636F6D6D616E64207573656420666F7205
S214044B902074632D737761702D6F7574207465733C
S214044BA074696E672E005365747320746865206E8E
S214044BB06574776F726B20696E64657820757365AB
S214044BC06420627920616C6C206675747572652049
S214044BD0434C4920636F6D6D616E64732E202042D2
S214044BE065666F726520657865637574696E67209F
S214044BF06120434C4920636F6D6D616E642C207494
S214044C006865206672616D65776F726B207377696D
S214044C10746368657320746F2074686973206E65A6
S214044C2074776F726B2E20204166746572207468E8
S214044C306520636F6D6D616E642066696E69736866
S214044C40657320657865637574696E672C2074686F
S214044C5065206672616D65776F726B207377697411
S214044C6063686573206261636B20746F2074686583
S214044C702070726576696F7573206E6574776F72CF
S214044C806B2E202054686520434C49207573657349
S214044C90207468652073616D65206E6574776F7225
S214044CA06B20696E64657820756E74696C20746810
S214044CB06520646576696365207265736574732020
S214044CC06F72206974206973206368616E67656417
S214044CD0207468726F756768207468697320636FE0
S214044CE06D6D616E642E00417474656D707473200E
S214044CF0746F206368616E676520646576696365B2
S214044D00206F76657220746F20612064696666651C
S214044D1072656E74206368616E6E656C2067697672
S214044D20656E20696E20746865206368616E6E65C2
S214044D306C20617267756D656E742E00546865200C
S214044D406368616E6E656C20746F206368616E675D
S214044D506520746F1F0066696E64556E75736564AE
S214044D6050616E49640066696E644A6F696E61627A
S214044D706C654E6574776F726B005065726D6974FE
S214044D8073206A6F696E696E67206F6E207468653B
S214044D90206E6574776F726B20666F722061206771
S214044DA06976656E206E756D626572206F66207317
S214044DB065636F6E647320414E442062726F616453
S214044DC063617374732061205A444F204D676D7479
S214044DD0205065726D6974204A6F696E696E67202B
S214044DE07265717565737420746F20616C6C2072C3
S214044DF06F75746572732E00412073696E676C65F7
S214044E00206279746520696E6469636174696E678B
S214044E1020686F77206C6F6E672074686520646501
S214044E20766963652073686F756C6420686176655F
S214044E30207065726D6974206A6F696E696E67208A
S214044E407475726E6564206F6E20666F722E2041D4
S214044E502076616C7565206F6620307866662074EF
S214044E6075726E73206F6E207065726D6974206A39
S214044E706F696E20696E646566696E6974656C79BF
S214044E802E1F00436865636B73206E6574776F72BC
S214044E906B20706A6F696E207374617475732E006C
S214044EA05772697465732074686520657874656ED6
S214044EB06465642070616E20494420666F722074B5
S214044EC06865206465766963652E0065787470612C
S214044ED06E69641F0052656A6F696E7320616E2086
S214044EE06578697374696E67206E6574776F726B24
S214044EF020696E206120736563757265206F722069
S214044F00696E736563757265206D616E6E65722079
S214044F1077697468206120646966666572656E7474
S214044F202064657669636520747970652E00426F27
S214044F306F6C65616E206E6574776F726B206B653F
S214044F407920617661696C6162696C6974791F4362
S214044F5068616E6E656C206D61736B1F416E2065B3
S214044F606E756D65726174696F6E20696E646963CF
S214044F706174696E67207468652064657669636524
S214044F80207479706520746F2072656A6F696E206C
S214044F9061732E54686520737461636B206F6E6C46
S214044FA079206163636570747320534C5F5A494774
S214044FB04245455F454E445F444556494345206156
S214044FC06E6420534C5F5A49474245455F534C45EF
S214044FD04550595F454E445F4445564943452E1F48
S214044FE00052654A6F696E732061206E6574776F30
S214044FF0726B2E00426F6F6C65616E206E657477FF
S2140450006F726B206B657920617661696C61626989
S2140450106C6974791F4368616E6E656C206D61738C
S2140450206B1F004C65617665732061206E6574772E
S2140450306F726B2E005475726E73207065726D6994
S21404504074206A6F696E696E67206F6E20666F7271
S2140450502074686520616D6F756E74206F662074A9
S214045060696D6520696E646963617465642E0041C8
S2140450702073696E676C65206279746520696E6456
S21404508069636174696E6720686F77206C6F6E67FA
S21404509020746865206465766963652073686F7537
S2140450A06C642068617665207065726D6974206A28
S2140450B06F696E696E67207475726E206F6E2066F7
S2140450C06F722E20412076616C7565206F662030E5
S2140450D0786666207475726E73207065726D697476
S2140450E0206A6F696E20696E646566696E697465A8
S2140450F06C792E1F004A6F696E732061206E65748A
S214045100776F726B206F6E206120676976656E20FC
S2140451106368616E6E656C2C207769746820612004
S214045120676976656E20545820506F7765722061E3
S2140451306E642050414E2049442E00546865206316
S21404514068616E6E656C206F6E2077686963682090
S214045150746F206A6F696E20746865206E65747754
S2140451606F726B1F4F6E652D627974652073696765
S2140451706E65642076616C756520696E646963612A
S21404518074696E672074686520545820506F77657C
S2140451907220746861742074686520726164696F33
S2140451A02073686F756C6420626520736574207460
S2140451B06F1F5468652050414E204944206F6E206E
S2140451C0776869636820746F206A6F696E207468F4
S2140451D065206E6574776F726B1F00466F726D7311
S2140451E02061206E6574776F726B206F6E2061206D
S2140451F0676976656E206368616E6E656C2C2077D1
S214045200697468206120676976656E20545820505A
S2140452106F77657220616E642050414E2049442E9B
S21404522000546865206368616E6E656C206F6E203E
S214045230776869636820746F20666F726D2074687F
S21404524065206E6574776F726B1F4F6E652D62797D
S2140452507465207369676E65642076616C75652075
S214045260696E6469636174696E6720746865205446
S2140452705820506F7765722074686174207468656E
S21404528020726164696F2073686F756C6420626550
S2140452902073657420746F1F5468652050414E2037
S2140452A04944206F6E20776869636820746F2066AF
S2140452B06F726D20746865206E6574776F726B1FED
S2140452C0005468697320696E697469617465732033
S2140452D0612054434C4B2075706461746520707271
S2140452E06F6365647572652E0053706563696679CD
S2140452F02074686520616D6F756E74206F66207407
S214045300696D6520746F20776169742061667465C1
S21404531072206F6E652054434C4B20757064617424
S21404532065206F7065726174696F6E20636F6D704F
S2140453306C65746573206265666F72652062656766
S214045340696E6E696E672061206E65772054434CE3
S2140453504B20757064617465206F70657261746942
S2140453606F6E2E0054686520616D6F756E74206FC5
S214045370662074696D65206265747765656E207352
S214045380756273657175656E7420747275737420B6
S21404539063656E746572206C696E6B206B6579202C
S2140453A07570646174657320696E206D696C6C69D0
S2140453B07365636F6E64731F00536574206F722089
S2140453C0636C6561722073746179206177616B65C3
S2140453D0207768656E206E6F74206A6F696E6564E8
S2140453E000536574206F7220636C65617220666F6B
S2140453F0726365206177616B6500446973706C61E4
S214045400792074686520736C6565702073746174A4
S214045410757300464F522054455354494E47205006
S2140454205552504F534553202D206761746865725A
S2140454302074696D696E67206D6574726963732084
S214045440666F72207265706F7274696E672074611D
S214045450626C65206F7065726174696F6E732E007E
S214045460436C6561727320746865206C6173742084
S2140454707265706F72742074696D65206F66206142
S2140454807474726962757465732E00416464732063
S21404549061206E657720656E74727920746F20744F
S2140454A06865207265706F7274207461626C652E14
S2140454B000546865206C6F63616C20656E64706F61
S2140454C0696E742066726F6D2077686963682074ED
S2140454D068652061747472696275746520697320E6
S2140454E07265706F727465641F54686520636C75AA
S2140454F073746572207768657265207468652061C8
S2140455007474726962757465206973206C6F636164
S2140455107465641F546865204944206F6620746867
S2140455206520617474726962757465206265696E5B
S21404553067207265706F727465641F3020666F72C0
S21404554020636C69656E742D736964652061747478
S21404555072696275746573206F72203120666F728B
S214045560207365727665722D736964652061747440
S214045570726962757465731F546865206D696E6917
S2140455806D756D207265706F7274696E6720696ED2
S21404559074657276616C2C206D65617375726564D2
S2140455A020696E207365636F6E64732E1F5468657E
S2140455B0206D6178696D756D207265706F7274699F
S2140455C06E6720696E74657276616C2C206D6561F9
S2140455D0737572656420696E207365636F6E647399
S2140455E02E1F546865206D696E696D756D2063683D
S2140455F0616E676520746F207468652061747472C8
S214045600696275746520746861742077696C6C20AF
S214045610726573756C7420696E2061207265706F94
S2140456207274206265696E672073656E742E1F003F
S21404563052656D6F76657320616E20656E7472793F
S2140456402066726F6D20746865207265706F727460
S214045650207461626C652E0054686520696E64650A
S21404566078206F6620746865207265706F72742087
S214045670746F2062652072656D6F7665641F0043E3
S2140456806C6561727320616C6C20656E74726965FA
S214045690732066726F6D20746865207265706F7211
S2140456A074207461626C652E005072696E74732087
S2140456B0746865207265706F7274207461626C65BC
S2140456C02E00576970657320616C6C206461746188
S2140456D020696E207468652073746F726167652034
S2140456E06465766963652E005072696E7473206112
S2140456F07262697472617279206279746573206F5C
S2140457006620746865204F544120696D6167652082
S2140457106F6E206469736B2E0054686520696E642E
S2140457206578206F662074686520696D61676520FA
S214045730746F207072696E74206974732064617467
S214045740611F546865206F666673657420696E749D
S2140457506F20746865204F544120696D6167652029
S214045760746861742077696C6C2062652070726955
S2140457706E7465641F005072696E747320696E6679
S2140457806F726D6174696F6E2061626F75742074D8
S21404579068652073746F72616765206465766963F3
S2140457A0652E0052656C6F6164207468652073749E
S2140457B06F72616765206465766963652E0044656B
S2140457C06C657465732074686520696D616765200F
S2140457D061742074686520737065636966696564BE
S2140457E020696E6465782E0054686520696E646569
S2140457F07820617420776869636820746F20626516
S21404580067696E2064656C6574696E672074686584
S21404581020696D6167651F005072696E7473207429
S214045820686520696D616765732E00456E61626CFC
S2140458306573204F544120646F776E6772616465A8
S214045840732E0044697361626C6573204F54412063
S214045850646F776E6772616465732E0053656E6459
S2140458607320616E2055706772616465456E64527C
S21404587065717565737420746F20616E204F544192
S214045880207365727665722E0043616E2062652011
S2140458907573656420746F2064796E616D696361E5
S2140458A06C6C79207475726E206F66662073656EF4
S2140458B064696E67207061676520726571756573CB
S2140458C07473206F6E2074686520636C69656E74EB
S2140458D020736964652C2069662074686520736586
S2140458E07276657220646F65736E277420737570A4
S2140458F0706F72742074686973206665617475725B
S214045900652E00426F6F6C65616E2076616C7565FE
S214045910207475726E696E67206F6E202831292098
S2140459206F72206F666620283029207468652070A0
S214045930616765207265717565737420666C61674E
S2140459401F0053656E647320616E20696D61676520
S21404595020626C6F636B2072657175657374206664
S2140459606F7220612066696C6520746865207365B3
S214045970727665722073686F756C64206E6F74201F
S214045980686176652E202054657374206861726E93
S214045990657373206F6E6C79202874657374206346
S2140459A061736520392E352E36202D204D6973738C
S2140459B0696E672046696C6529005072696E747357
S2140459C020696E666F726D6174696F6E206F6E20EB
S2140459D07468652063757272656E7420737461747E
S2140459E065206F6620746865204F544120636C6997
S2140459F0656E7420646F776E6C6F61642E005374EA
S214045A006F707320746865204F54412073746174FA
S214045A1065206D616368696E652E005374617274E7
S214045A207320746865204F544120636C69656E74F6
S214045A30207374617465206D616368696E652E20D9
S214045A40546865207374617465206D616368696E5B
S214045A506520646973636F76657273207468652065
S214045A604F5441207365727665722C207175657289
S214045A7069657320666F72206E657720696D61674D
S214045A8065732C20646F776E6C6F61647320746822
S214045A906520696D6167657320616E64207761694E
S214045AA0747320666F7220746865207365727665F9
S214045AB07220636F6D6D616E6420746F20757067FD
S214045AC0726164652E005072696E74732074686522
S214045AD0206D616E756661637475726572204944E3
S214045AE02C20496D61676520547970652049442CE3
S214045AF020616E642056657273696F6E20696E66E7
S214045B006F726D6174696F6E20746861742061725F
S214045B10652075736564207768656E2061207175ED
S214045B20657279206E65787420696D616765206991
S214045B30732073656E7420746F20746865207365B3
S214045B40727665722062792074686520636C696574
S214045B506E742E00506572666F726D73207369677B
S214045B606E617475726520766572696669636174C0
S214045B70696F6E206F6E2074686520696D61676555
S214045B80206174207468652073706563696669654E
S214045B906420696E6465782E0054686520696E64B6
S214045BA0657820617420776869636820746F206262
S214045BB06567696E20766572696669636174696F84
S214045BC06E206F662074686520696D6167651F00C6
S214045BD0426F6F746C6F6164732074686520696DBE
S214045BE061676520617420746865207370656369F5
S214045BF06669656420696E646578206279206361ED
S214045C006C6C696E6720746865204F544120626F1F
S214045C106F746C6F61642063616C6C6261636B2E7D
S214045C200054686520696E6465782061742077681E
S214045C3069636820746F20626567696E20626F6F9F
S214045C40746C6F6164696E672074686520696D6141
S214045C5067651F005072696E747320696E666F20E4
S214045C6061626F75742074686520696E7374616C04
S214045C706C656420626F6F746C6F616465722E006D
S214045C805375627472616374732061206368616E15
S214045C906E656C2066726F6D206569746865722027
S214045CA0746865207072696D617279206F722073F2
S214045CB065636F6E64617279206368616E6E656C8D
S214045CC0206D61736B206F6620746865206E657442
S214045CD0776F726B2D7374656572696E6720636F78
S214045CE06D706F6E656E742E00546865206368610F
S214045CF06E6E656C206D61736B20746F20737562B5
S214045D00747261637420746865206368616E6E657E
S214045D106C2066726F6D1F546865206368616E6ED2
S214045D20656C20746F20737562747261637420747A
S214045D306865206D61736B2066726F6D1F00416429
S214045D4064732061206368616E6E656C20746F20D6
S214045D5065697468657220746865207072696D611F
S214045D607279206F72207365636F6E646172792036
S214045D706368616E6E656C206D61736B206F662060
S214045D80746865206E6574776F726B2D73746565C1
S214045D9072696E6720636F6D706F6E656E742E0029
S214045DA0546865206368616E6E656C206D61736B04
S214045DB020746F206164642061206368616E6E6580
S214045DC06C20746F1F546865206368616E6E656C22
S214045DD020746F2061646420746F20746865206D7D
S214045DE061736B1F0053657473206569746865720C
S214045DF020746865207072696D617279206F7220F4
S214045E007365636F6E64617279206368616E6E6534
S214045E106C206D61736B2E00546865206368616E38
S214045E206E656C206D61736B20746F20737562747D
S214045E307261637420746865206368616E6E656C55
S214045E402066726F6D1F5468652076616C756520D8
S214045E50746F2073657420746865206368616E6E61
S214045E60656C206D61736B20746F2E1F0053657410
S214045E707320746865207072652D636F6E6669673B
S214045E8075726564206B657920736F20746861741D
S214045E9020746865206A6F696E696E67206465762B
S214045EA06963652063616E20656E7465722074682C
S214045EB065206E6574776F726B2E0053657473205D
S214045EC074686520707265636F6E6669677572655F
S214045ED064206B65791F0053746F70732074686553
S214045EE0206E6574776F726B207374656572696E65
S214045EF0672070726F636573732E005374617274D7
S214045F007320746865206E6574776F726B20737483
S214045F10656572696E672070726F636573732E00B1
S214045F2041206D61736B206F66206F7074696F6EAD
S214045F307320666F7220696E6469636174696E6744
S214045F402073706563696669632062656861766953
S214045F506F722077697468696E20746865206E6550
S214045F6074776F726B2D7374656572696E672070D3
S214045F70726F636573732E1F00446973706C617966
S214045F8073207468652063757272656E742073740A
S214045F9061747573206F6620746865206E65747707
S214045FA06F726B207374656572696E672070726FAA
S214045FB0636573732E00436C656172732074686541
S214045FC02067726F757073207461626C65206F6EE3
S214045FD020657665727920656E64706F696E7400EC
S214045FE05072696E747320696E666F726D6174693F
S214045FF06F6E2061626F75742074686520636F6EBF
S21404600074656E7473206F66207468652067726F9B
S214046010757073207461626C652E004172746966D3
S214046020696369616C6C792064726F70732074683C
S2140460306520626C6F636B206E756D62657220649A
S2140460406566696E6564206279207468652070618F
S2140460507373656420617267756D656E74206F6E08
S2140460606C79206F6E63652C20616E64207468659D
S2140460706E20616C6C6F77732069742075706F6E18
S21404608020612072657472792E0054686520626CF3
S2140460906F636B206E756D62657220746F2061721B
S2140460A0746966696369616C6C792064726F7020C8
S2140460B0746F20666F7263652061207265747279EE
S2140460C0202D2073657420746F2030784646207423
S2140460D06F2064697361626C651F00536574732076
S2140460E074686520726563656976652077696E6491
S2140460F06F772073697A652E20204279206465665E
S214046100696E6974696F6E20696E207468652053C1
S2140461106D61727420456E657267792070726F6661
S214046120696C65206974206D7573742062652073CC
S214046130657420746F2031206275742074686973E6
S21404614020616C6C6F777320697420746F206265AD
S214046150206368616E6765642E00546865206D610F
S21404616078206E756D626572206F6620746865208F
S214046170626C6F636B732072656365697665642011
S2140461806265666F726520616E20415053206163BC
S2140461906B2069732067656E6572617465641F00A1
S2140461A04D616B65732074686973206E6F64652037
S2140461B07374617274206964656E74696679696E55
S2140461C06720617320612074617267657420666F4E
S2140461D0722062696E64696E6720776974682061EC
S2140461E06E20696E69746961746F72206E6F64657F
S2140461F02E0054686520656E64706F696E74206F37
S2140462006E20776869636820746F20626567696EBC
S214046210207468652046696E64696E6720616E64E2
S2140462202042696E64696E672074617267657420C3
S21404623070726F636573731F004D616B65732074B2
S214046240686973206E6F6465207374617274207459
S214046250686520696E69746961746F722070617212
S21404626074206F66207468652066696E64696E675C
S21404627020616E642062696E64696E672070726F56
S214046280636573732E0054686520656E64706F6969
S2140462906E74206F6E20776869636820746F20625E
S2140462A06567696E207468652046696E64696E6702
S2140462B020616E642042696E64696E6720696E6947
S2140462C0746961746F722070726F636573731F00F4
S2140462D0536574732077686574686572207468659E
S2140462E020434C4920666F7263657320746865208A
S2140462F064657669636520746F2073686F727420B2
S214046300706F6C6C2E005468652076616C75652021
S214046310696E6469636174696E672077686574681A
S21404632065722074686520646576696365207368A1
S2140463306F756C642073686F727420706F6C6C1F5A
S2140463400053657473207768657468657220746892
S21404635065206465766963657320706F6C6C206372
S2140463606F6D706C657465642063616C6C626163E8
S2140463706B2066756E6374696F6E20697320656E34
S21404638061626C65642E005468652076616C756580
S21404639020696E6469636174696E672077686574E2
S2140463A06865722074686520646576696365732021
S2140463B0706F6C6C20636F6D706C657465642063BD
S2140463C0616C6C6261636B2066756E6374696F6E74
S2140463D020697320656E61626C65641F004469738E
S2140463E0706C617973207468652073746174757356
S2140463F0206F662074686520456E6420446576695F
S21404640063657320706F6C6C696E672E00456E61F1
S214046410626C652F64697361626C6520646562757D
S2140464206720606C656761637920617070206672AE
S214046430616D65776F726B20646562756760207046
S21404644072696E7420747970652E00456E61626C94
S214046450652F64697361626C651F00456E61626CCA
S214046460652F64697361626C652064656275672074
S214046470607A636C60207072696E742074797065DB
S2140464802E00456E61626C652F64697361626C658B
S2140464902064656275672060617070602070726940
S2140464A06E7420747970652E00456E61626C652F7B
S2140464B064697361626C65206465627567206063F5
S2140464C06F726560207072696E7420747970652EC0
S2140464D000456E61626C652F64697361626C652049
S2140464E064656275672060737461636B60207072A4
S2140464F0696E7420747970652E0053656E6473201B
S21404650061207265717565737420666F72204F54CE
S2140465104120636F756E746572732E0052657365E1
S214046520747320616C6C207468726573686F6C6435
S214046530732076616C75657320746F2030784646D8
S21404654046462E0053657473206120746872657322
S214046550686F6C642076616C756520666F72206166
S21404656020706172746963756C61722074797065E9
S214046570206F6620636F756E7465722E0054797092
S21404658065206F6620636F756E7465721F5468723B
S2140465906573686F6C642056616C75651F00507275
S2140465A0696E747320746865207468726573686FA6
S2140465B06C6473206F6620616C6C2074686520635D
S2140465C06F756E746572732E00436C65617273200A
S2140465D0616C6C20636F756E7465722076616C7581
S2140465E065732E005072696E747320616C6C206340
S2140465F06F756E7465722076616C7565732E0050C7
S21404660072696E7473207468652076616C75652093
S2140466106F66207468697320706172746963756C40
S214046620617220636F756E7465722E0054686520FF
S214046630636F756E746572207479706520746F204C
S2140466407072696E741F005072696E747320616C88
S2140466506C20636F756E7465722076616C756573F5
S21404666020616E6420636C65617273207468656D66
S2140466702E00536574204D464720746F6B656E2C50
S2140466802043414E4E4F5420424520554E534554C8
S21404669020425920434C492E005072696E74204D96
S2140466A0464720746F6B656E2E005072696E7420B8
S2140466B0616374697665206576656E74732E00442E
S2140466C0697361626C652074686520656E64706FBA
S2140466D0696E7420666F72205A434C206D6573731E
S2140466E0616765732E00456E64706F696E74206909
S2140466F06E6465781F00456E61626C65732074680D
S2140467006520656E64706F696E7420666F72205AB9
S214046710434C206D657373616765732E0050726910
S2140467206E7420737461747573206F6620656E646E
S214046730706F696E74732E0053686F777320746875
S214046740652076657273696F6E206F66207468655F
S21404675020736F6674776172652E005365742074B7
S214046760686520636F6E6669677572656420383085
S214046770322E31352E3420434341206D6F6465201C
S214046780696E2074686520726164696F2E20536593
S2140467906520646F63756D656E746174696F6E20D1
S2140467A0726567617264696E67205241494C5F493D
S2140467B04545453830323135345F4363614D6F6447
S2140467C0655F742E0041205241494C5F494545455A
S2140467D03830323135345F4363614D6F64655F74BE
S2140467E02076616C75651F0052657475726E732031
S2140467F050544920726164696F20636F6E666967DE
S21404680020696E666F726D6174696F6E20746F2096
S21404681064657465726D696E652074686520504899
S214046820592074797065206265696E672075736592
S21404683064206279205241494C2E20726574757228
S2140468406E2076616C756520697320656E756D20A3
S2140468505241494C5F494545453830323135345FFD
S214046860507469526164696F436F6E6669675F74DA
S21404687020652E6720205241494C5F4945454538DE
S21404688030323135345F5054495F524144494F5F8A
S214046890434F4E4649475F32503447485A203D20BE
S2140468A03078303055205241494C5F49454545388B
S2140468B030323135345F5054495F524144494F5F5A
S2140468C0434F4E4649475F32503447485A5F414E1D
S2140468D054444956203D20307830315520524149A1
S2140468E04C5F494545453830323135345F5054495C
S2140468F05F524144494F5F434F4E4649475F3250CB
S2140469003447485A5F434F4558203D20307830324C
S21404691055205241494C5F4945454538303231355A
S214046920345F5054495F524144494F5F434F4E468B
S21404693049475F32503447485A5F414E544449569B
S2140469405F434F4558203D2030783033550053651B
S2140469506E647320612072656164206174747220B1
S214046960666F72207468652074696D65206F662092
S2140469707468652064657669636520737065636909
S214046980666965642E2049742073657473206120DB
S214046990666C616720736F207768656E2069742063
S2140469A0676574732074686520726573706F6E73A0
S2140469B0652069742077726974657320746865202D
S2140469C074696D6520746F20697473206F776E2008
S2140469D074696D6520617474722E0049641F737245
S2140469E063456E64706F696E741F64657374456E78
S2140469F064706F696E741F005768656E2073656EE9
S214046A0064696E67207573696E6720612062696EBB
S214046A1064696E672C2073706563696669657320A4
S214046A20776865746865722061206D756C74696337
S214046A306173742062696E64696E672073686F752B
S214046A406C6420626520757365642E007573654DED
S214046A50756C74696361737442696E64696E671FEA
S214046A600053656E64732061207072652D627566CE
S214046A706665726564206D756C74696361737420F1
S214046A806D65737361676520746F2061206769762E
S214046A90656E2067726F75702049442066726F6D4C
S214046AA0206120676976656E20656E64706F696E16
S214046AB0742E0067726F757049641F7372632D6558
S214046AC06E64706F696E741F0043726561746573DB
S214046AD02061206D65737361676520627920737029
S214046AE06563696679696E67207468652072617784
S214046AF02062797465732E2055736520746865204A
S214046B0073656E6420636F6D6D616E6420746F20B0
S214046B1073656E6420746865206D6573736167655C
S214046B20206F6E63652069742068617320626565F2
S214046B306E20637265617465642E2045783A20720F
S214046B40617720307830303046207B30302030413A
S214046B502030302031312032322033332034342078
S214046B6035357D2073656E64732061206D6573739F
S214046B7061676520746F20636C7573746572203169
S214046B8035202830783030304629206F66206C65F2
S214046B906E677468203820776869636820696E6356
S214046BA06C7564657320746865205A434C20686568
S214046BB0616465722E00436C757374657249641F54
S214046BC0446174611F00526573657473207468654C
S214046BD0206E6F64652E0057726974657320612099
S214046BE06D6573736167652E00456E64706F696EBC
S214046BF0741F436C75737465722049441F41747422
S214046C007269627574652049441F4D61736B1F4435
S214046C1061746120747970651F44617461206279BF
S214046C2074651F0052656164732061206D6573731B
S214046C306167652E00456E64706F696E741F436CE1
S214046C4075737465722049441F4174747269627561
S214046C5074652049441F3120696620736572766521
S214046C607220646972656374696F6E2C20302069C3
S214046C706620636C69656E74206469726563746902
S214046C806F6E1F0053656E64732061206D657373A9
S214046C906167652E0044657374696E6174696F6E0E
S214046CA01F536F7572636520656E64706F696E74CA
S214046CB01F44657374696E6174696F6E20656E64D3
S214046CC0706F696E741F00536F7572636520656E0E
S214046CD064706F696E741F004C69737473207768F0
S214046CE0696368206F7074696F6E616C206C69628A
S214046CF0726172696573206F6620746865207374A8
S214046D0061636B2061726520696D706C656D656E7C
S214046D10746564206F6E2074686973206465766990
S214046D2063652E005072696E747320696E666F72A6
S214046D306D6174696F6E2061626F75742074686526
S214046D40206E6574776F726B2073746174652C2083
S214046D50636C7573746572732C20616E6420656E43
S214046D6064706F696E74732E006F66667365741F45
S214046D70005072696E747320696E666F726D61740A
S214046D80696F6E20666F7220616C6C206176616933
S214046D906C61626C6520736C6F74732E005265614F
S214046DA064732072617720646174612066726F6D0B
S214046DB020666C6173682073746F726167652E0059
S214046DC04164647265737320746F20726561641F16
S214046DD04E756D626572206F6620627974657320E5
S214046DE0746F20726561641F005072696E7473203C
S214046DF0666C6173682073746F7261676520696E70
S214046E00666F726D6174696F6E2E0045726173658C
S214046E1073207468652073706563696669656420A9
S214046E20736C6F742049442E0053746F72616765E7
S214046E3020736C6F74206E756D6265721F00426FEE
S214046E406F74732074686520696D61676520696E68
S214046E502074686520737065636966696564207369
S214046E606C6F742049442E00434C4920696E737439
S214046E70616E6365206578616D706C650064756D20
S214046E806D795F696E7374005A434C20636F6D6D41
S214046E90616E647300626173696300676C6F62613C
S214046EA06C006D66672D636F6465007573652D6E83
S214046EB06578742D73657175656E636500782D64E9
S214046EC0656661756C742D72657370007465737491
S214046ED02D726573706F6E73652D6F6E00746573B7
S214046EE0742D726573706F6E73652D6F6666005AC7
S214046EF0434C20626173696320636C7573746572B6
S214046F0020636F6D6D616E64730072746664004313
S214046F106F6D6D616E64207468617420726573654C
S214046F20747320616C6C2061747472696275746524
S214046F302076616C75657320746F20666163746F68
S214046F4072792064656661756C742E005241494CF2
S214046F50006C6F7765722D6D61632D7261696C2D9F
S214046F603830322E31352E342E63006C69627261ED
S214046F70696C2E6100756E636C61696D6564006290
S214046F8075666665722D6D616E6167656D656E7496
S214046F902E63006576656E742D71756575652E6352
S214046FA0007A69676265652D75707065722D6D610E
S214046FB0632E63006E65696768626F722E63006194
S214046FC073736F63696174696F6E2E630031383250
S214046FD031730031343232310031323100327300D1
S214046FE031323231313200313232313100323831DD
S214046FF000383131003138323131003132313131FB
S2140470003231323232317300313232003132313180
S214047010323231003131313100323238006D616341
S2140470202D6D756C74692D6E6574776F726B2E6337
S214047030006C65676163792D7061636B65742D629E
S21404704075666665722E630058AA0000A9150300CB
S2140470509315030000000000094F00009B15030071
S214047060FF150300000000003B160300CF170300C3
S214047070B3160300B916030029160300B516030059
S2140470806516030000000200000000000000000077
S214047090BA04000000000200000000000000000027
S2140470A0BA0400000001020305000000000000000E
S2140470B000C20100000500000010000000000000EF
S2140470C000000000010000020303010006000000A7
S2140470D0000003000000000013B779FAC925DDB7E5
S2140470E0ADF3CFE0F1B614B80102000000000000D2
S2140470F0FFFFFFFF01000000010000000000000089
S2140471000000000000000000000000000000000076
S2140471100000000000000000000000000000000066
S2140471200000000000000000033F1F00432E030081
S2140471303F2E03001D2E0300EB2D03007B2E0300C1
S2140471404D2E0300ED2D03002C0000000202020366
S2140471500000000001020000000801B400720400F0
S2140471600008015ABC71040000080040787104004D
S21404717000000000000000000000FCFEFFFF00000E
S21404718000000000FFFF000000000000FFFF0000FA
S21404719000000000FFFF000000000000400018068A
S2140471A0F4D200002C00B0023DBE00001700F2002E
S2140471B00C7C00000C0041009E4200006400FCFEB3
S2140471C0FFFF000000000000FFFF000000000000BA
S2140471D05A00F306A554FEFF2100A301A1FEFFFFFB
S2140471E01100A600832700000A006100DC260000C8
S2140471F006003B00F820000003001500AD13000055
S214047200C800FCFEB4008B087BC0FBFF4D00E40204
S214047210E756FFFF2C00A20183EBFFFF1A000301D1
S214047220B31A00001100A300552900000A005E00EE
S2140472305A28000006003A00212200000400180024
S21404724073160000422504006CD703006CD70300B5
S2140472506CD703006CD703006CD703006CD703000D
S2140472606CD703006CD703006CD703006CD70300FD
S2140472706CD703006CD703006CD703006CD70300ED
S2140472806CD703006CD703006CD703006CD70300DD
S2140472906CD703006CD703006CD703006CD70300CD
S2140472A06CD703006CD703006CD703006CD70300BD
S2140472B06CD703007AD703006CD703008FD703007C
S2140472C06CD703006CD70300B4D703006CD7030055
S2140472D06CD703006CD703006CD70300DCD703001D
S2140472E06CD703006CD703006CD703006CD703007D
S2140472F0F4D703006CD7030012D803000B00000079
S2140473000B00000002000000000020200000000027
S214047310030000008C8C3C0000000000000000000D
S21404732000000000000000581200000000000000EA
S214047330FFFFFFFFFFFFFFFFFFFFFFFF554E4B0062
S214047340474F200042544C00474F3200474F33000B
S214047350474F3400474F3500474F3600474F3700F6
S214047360474F3800474F3900474F4100474F4200C8
S214047370474F4300474F4400474F4500474F46009A
S2140473804A4D5000424452005550520042544D005B
S2140473904D534D0046544C00554E4B00474F20006D
S2140473A042544C004241440046544C00465243006A
S2140473B04F54410044534C0042415000555047003E
S2140473C0544D450046415500545A4600554E4B0010
S2140473D050494E00454D3400554E4B00485620004B
S2140473E0554E4B00455850004C574D00554E4B00DB
S2140473F05242540044534C00454D3400554E4B0005
S21404740041535400554E4B0056465900494E4800C9
S214047410554E4B004C434B0058544C004F424600CC
S214047420554E4B00485244004D454D0042555300BE
S2140474305553470044424700444D410056435400C8
S214047440554E4B00555020005250200041503000FD
S2140474504150310041502000445020004445430030
S2140474603C7304004073040098730400CC73040057
S214047470D8730400E0730400EC730400FC73040087
S214047480047404001074040020740400407404009F
S214047490554E4B004649420042544C004558540051
S2140474A05057520057444700205357004352530046
S2140474B04653480042414400464C540042524F0052
S2140474C00104010303060105010501090600060B74
S2140474D00000070B050B0000000000000000000081
S2140474E00400E40C0A000104100100000005000278
S2140474F0000003007C7704007877040064770400B7
S214047500607704005C77040058770400467704002C
S214047510367704001C770400147704000A77040006
S21404752008770400F0760400ED760400E57604009F
S214047530D4760400C4760400B27604009876040078
S2140475409076040084760400807604007C7604003A
S2140475506E760400637604004A76040031760400EE
S214047560D5750400D4750400C47504009C75040025
S21404757091750400907504007C75040000000000FA
S21404758000000000000000000000000000000000F2
S2140475900F000000000000000000000000000000D3
S2140475A000000000000000000000000000000000D2
S2140475B000000000000000000000000000000000C2
S2140475C000000000010000000000000000000000B1
S2140475D0000000000F000000000000000000000093
S2140475E00000000000000000000000000000000092
S2140475F00000000000000000000000000000000082
S2140476000000000000000000000000000000000071
S2140476100000000000000000000000000000000061
S2140476200000000000000000000000000000000051
S2140476300000000000000000000000000000000041
S2140476400000000000000000000000000000000031
S2140476500000000000000000000000000000000021
S2140476600000000000000000000000000000000011
S2140476700000000000000000000000000000000001
S21404768000000000FFFFFFFFFFFFFFFFFFFF0000FB
S21404769000000000000000000000000000000000E1
S2140476A000000000000000000000000000000000D1
S2140476B000000000000000000000000000000000C1
S2140476C000000000000000000000000000000000B1
S2140476D000000000000000000000000000000000A1
S2140476E00000000000FFFFFFFFFFFFFFFF9C0000FD
S2140476F0FF00000000000000000000000000000082
S21404770000000000800000000000FFFFFFFFFFFFF6
S214047710FFFFFFFF00000000FFFF00000000000066
S2140477200000000000000000000000000000000050
S214047730000000000000FFFFFF0000000000000043
S2140477400000000000000000000000000000000030
S2140477500000000000000000000000000000000020
S2140477600000000000000000000000000000000010
S214047770000000000000000000000000FC030101FF
S21404778001010101010101010101010101000000E3
S214047790000000010020000000000001010000209D
S2140477A002041104040211101A080A02180108112E
S2140477B010111A080A04020D0B19195C0110280B83
S2140477C0011400000000000000000000000000009B
S2140477D00001010101010100010101010101010093
S2140477E0000101010001000101000000000000008A
S2140477F0000000000000000000010000000000007F
S214047800000000000000000001FF010023E1010069
S21404781075E4010063E2010063E5010062E1010032
S21404782079EB010064EE010024E1010025E101008A
S21404783026E1010027E1010028E1010029E1010019
S2140478402AE101000000010080000100000101009F
S21404785080010100000201008002010020E2010014
S2140478600003010000050100800501000006010078
S2140478702C890100800601000007010001E50100D3
S21404788002E5010000080100800801000040010034
S21404789086321010FFFFFFFFFFFFFFFFF4E0030038
S2140478A0FAE0030000E1030006E103000CE1030034
S2140478B05677777777777777777777777777777770
S2140478C05A6967426565416C6C69616E63653039F7
S2140478D05A6967426565416C6C69616E63653039E7
S2140478E04E574B205374656572696E670000959613
S2140478F09595950507090D00000000000001020398
S21404790004060000E2F903007D0D0400970D040050
S214047910AE0D0400C10D0400D10D0400E50D0400F5
S214047920F70D0400070E0400230E0400380E0400AE
S2140479300208010D0D01010112010000FFFFFFFF07
S214047940FFFFFFFF00000000000000000109050122
S21404795000020000000000031EF1EE0B6C79040028
S214047960CD1A040042250400FE000000E91A0400B3
S214047970CC7A040000000000F31A0400BC7A040069
S21404798000000000001B0400AC7A040000000000A5
S2140479900D1B04009C7A0400000000002B1B04004E
S2140479A0887A040000000000231B0400747A040094
S2140479B0000000002A1B0400607A04000000000097
S2140479C0381B0400507A040000000000AA190400C2
S2140479D03C7A040000000000311B04002C7A0400EA
S2140479E0000000003D1B0400187A0400000000009C
S2140479F025DF0300087A04000000000000000000F1
S214047A0000000000000000005B4703004E1B04005B
S214047A108B1B0400010100FF11020100B41B0400CB
S214047A20F91B0400010100010107FF00CD0101005C
S214047A30461C0400B11C0400010100FF0D010100F6
S214047A40D21C0400EB1C040000010100FF0000002F
S214047A506D470300101D0400681D04000101FF00AB
S214047A60554703007F1D0400D61D040001010207CC
S214047A70FF0000004F4703007F1D0400D61D0400CE
S214047A8001010207FF000000494703007F1D0400B0
S214047A90D61D040001010207FF000000C10001001A
S214047AA0F71D0400361E0400010101FF61000100F9
S214047AB0551E04009A1E0400010000FF1D0001006C
S214047AC0551E04009A1E0400010000FFA5000100D4
S214047AD0C11E0400C71C040000FF00004347030047
S214047AE0161F0400524A0400FF0000003D4703002E
S214047AF0891F0400524A0400FF000000FDFF000036
S214047B00F81F04006D20040000FF0000D5FF0000ED
S214047B1085200400E720040000FF00002F47030030
S214047B20F82004003E21040002FF00009DFF000030
S214047B3047210400BB21040001FF000000000000F0
S214047B40BB24040011000000C72404001200000037
S214047B50CF24040013000000D724040021000000F2
S214047B60DF24040022000000E624040023000000B2
S214047B70ED240400AA000000F4240400FF00000022
S214047B8000000000FFFFFFFFFFFFFFFF00000000F4
S214047B9000000000000001080109020A030B040C9F
S214047BA0050D060E070F081001180119021A031B0B
S214047BB0041C051D061E071F08200121022203239C
S214047BC0042405250626072708280129022A032B4C
S214047BD0042C052D062E072F0830013102320338F7
S214047BE00239043A08E004E104E204E802E902EA9D
S214047BF004F008F110000000000000000405000076
S214047C00607C040002000F00887C040002000F0061
S214047C10B07C040002000F00D87C040002000F00B1
S214047C20007D040002000F00287D040002000F00FF
S214047C30507D040002000F00787D040002000F004F
S214047C40A07D040002000F00C87D040002000F009F
S214047C50F07D040002000F00187E040002000F00EE
S214047C6000000000407E0400030000004000000006
S214047C700000000019000000647E040004000F00E9
S214047C80800000000000000000000000407E0400A9
S214047C90030000004000000000000000190000007F
S214047CA0647E040004000F00800000000000000052
S214047CB000000000407E04000300000040000000B6
S214047CC00000000019000000647E040004000F0099
S214047CD0800000000000000000000000407E040059
S214047CE0030000004000000000000000190000002F
S214047CF0647E040004000F00800000000000000002
S214047D0000000000407E0400030000004000000065
S214047D100000000019000000647E040004000F0048
S214047D20800000000000000000000000407E040008
S214047D3003000000400000000000000019000000DE
S214047D40647E040004000F008000000000000000B1
S214047D5000000000407E0400030000004000000015
S214047D600000000019000000647E040004000F00F8
S214047D70800000000000000000000000407E0400B8
S214047D80030000004000000000000000190000008E
S214047D90647E040004000F00800000000000000061
S214047DA000000000407E04000300000040000000C5
S214047DB00000000019000000647E040004000F00A8
S214047DC0800000000000000000000000407E040068
S214047DD0030000004000000000000000190000003E
S214047DE0647E040004000F00800000000000000011
S214047DF000000000407E0400030000004000000075
S214047E000000000019000000647E040004000F0057
S214047E10800000000000000000000000407E040017
S214047E2003000000400000000000000019000000ED
S214047E30647E040004000F008000000000000000C0
S214047E400000200120000000080000000400422179
S214047E5030000000D87E040000FF4200300000001E
S214047E60000000000000F00840000000F97E040056
S214047E700100230440000000017F040006003001D6
S214047E804000000000000000FDFF2102400000004A
S214047E900100000019000004190001011900020481
S214047EA01900030119000504190006011900070446
S214047EB0040041007922010006004100634F0300DC
S214047EC019008100693F010019008400F54901008A
S214047ED0008000000000000006435553544F4D0038
S214047EE00000000000000000000000000000000089
S214047EF0000000000000000000FFFFFFFFFFFFFF80
S214047F00FFFFFFFFFF000401040104010401040154
S214047F100401040104010401040104010401FFFF37
S214047F20FFFFFFFFFFFFFFFFFFFFFFFFFFFFFFFF58
S214047F30FFFFFFFFFFFF0001020304050607080911
S214047F400A0B1F1C1F1E1F1E1F1F1E1F1E1F07029D
S214047F501F012F0037013F005701DF02E700FF0231
S214047F600000000000000000000000000000000008
S214047F7000000000000000000000000000000000F8
S214047F80000000005A2B040019000000602B0400B7
S214047F90FFFF0000000000002B2C0400362C040019
S214047FA0422504003E2C04004C2C04004225040008
S214047FB05F2C04006A2C0400782C04007C2C04003B
S214047FC08C2C0400EAFA03009C2C0400A02C040069
S214047FD0AB2C0400B52C0400BF2C0400C32C0400F6
S214047FE0D12C0400E52C0400FB2C040000800000C7
S214047FF0000000000000000000000000FFFFFFFF7C
S214048000FF00000000000000CDCD010000000000CD
S214048010000000000000F03F0000000000002440C4
S21404802000000000000059400000000000408F409F
S214048030000000000088C34000000000006AF8400A
S2140480400000000080842E4100000000D01263412E
S2140480500000000084D797410000000065CDCD41A4
S21404806063FE0300CC960400000000009136040072
S214048070BC9604000000000096360400AC9604008B
S21404808000000000973604009C96040000000000E0
S214048090381B040088960400000000002B1B040014
S2140480A074960400000000009C36040064960400E5
S2140480B000000000A23604005496040000000000ED
S2140480C0A63604004496040000000000B5360400FA
S2140480D03496040000000000D236040024960400FF
S2140480E000000000DB3604001496040000000000C4
S2140480F0F03604000496040000000000250C04007A
S214048100F49504000000000000370400B495040051
S21404811000000000063B0400108D04000000000070
S214048120432A0400D08C0400000000000737040033
S214048130108C04000000000010370400148B0400A8
S214048140000000001D370400BC8604000000000088
S214048150C92C0400948504000000000024370400A1
S21404816094850400010000002837040054850400A8
S214048170000000002D3704001884040000000000EE
S2140481805ED8030018840400010000001D370400B4
S214048190BC8604000000000034370400BC860400DB
S2140481A00100000039370400E483040000000000E6
S2140481B043370400E4830400010000004B37040046
S2140481C014820400000000002AE00300E08104009A
S2140481D00000000000000000000000000000000096
S2140481E0F08104004F37040042250400FE0000001E
S2140481F067370400B88D040000000000DB3B040071
S214048200A88D04000000000000000000000000002C
S21404821000000000248204006C3704004225040099
S214048220FE00000082370400388F040000000000BF
S21404823088370400288F0400000000008E370400EE
S214048240188F04000000000097370400088F04000D
S2140482500000000064DD0300F88E04000000000047
S2140482606EDB0300C08E0400000000007CE4030004
S214048270AC8E040000000000A13704009C8E0400AD
S2140482800000000069E003008C8E0400000000007B
S214048290A63704007C8E040000000000AD370400FE
S2140482A06C8E04000000000069EF03005C8E04007E
S2140482B000000000B2370400B08304000000000091
S2140482C0B93704005883040000000000C1370400D6
S2140482D02483040000000000CD370400F08204006C
S2140482E00000000000000000000000000000000085
S2140482F000830400D837040042250400FE00000072
S2140483005EF50300D88D040000000000F416040097
S214048310C88D0400000000000000000000000000FB
S2140483200000000034830400F937040042250400EA
S214048330FE0000005EF50300F88D04000000000057
S214048340F4160400E88D040000000000000000009D
S2140483500000000000000000688304001B380400CE
S21404836042250400FE00000039380400488E04004C
S214048370000000002A3D0400388E040000000000BF
S21404838048380400288E0400000000004D3804001D
S214048390188E04000000000054380400088E040000
S2140483A000000000000000000000000000000000C4
S2140483B0C08304005938040042250400FE0000006F
S2140483C020F50300E48E0400000000007638040064
S2140483D0D08E040000000000000000000000000032
S2140483E000000000F48304007E38040042250400E4
S2140483F0FE0000009A380400788F04000000000095
S214048400C92C0400688F040000000000000000006F
S2140484100000000000000000288404009F380400C8
S21404842042250400FE000000B8380400289004002A
S21404843000000000C5F103001890040000000000CE
S214048440C138040008900400000000009A380400B4
S214048450588F040000000000C6380400488F04004B
S21404846000000000D3380400148504000000000057
S214048470E1380400E084040000000000EF38040043
S214048480A08404000000000007370400108C0400D9
S21404849000000000000000000000000000000000D3
S2140484A0B0840400F838040042250400FE000000EE
S2140484B0DA6E0400F88F040000000000EB6E04007F
S2140484C0E88F04000000000012060400D88F0400A1
S2140484D00000000000000000000000000000000093
S2140484E0F08404001639040042250400FE0000004F
S2140484F0403904004890040000000000512704009E
S2140485003890040000000000000000000000000096
S21404851000000000248504004739040042250400B6
S214048520FE0000002AE003007C9004000000000027
S214048530F41604006C900400000000002A3D0400B9
S2140485405890040000000000000000000000000036
S2140485500000000064850400673904004225040016
S214048560FE0000002AE00300AC90040000000000B7
S214048570873904009C90040000000000F4160400F0
S2140485808C900400000000000000000000000000C2
S21404859000000000A48504008E390400422504006F
S2140485A0FE000000A8390400E0910400000000006A
S2140485B0ACF60300D091040000000000DB39040090
S2140485C0C09104000000000064DD0300B0910400C4
S2140485D00000000075DD0300A09104000000000008
S2140485E0AD3904009091040000000000C539040071
S2140485F08091040000000000CE390400709104004D
S21404860000000000D539040060910400000000005A
S214048610E139040030910400000000002A3D040003
S2140486202091040000000000F039040010910400BA
S21404863000000000D10604000091040000000000C1
S214048640F5390400F0900400000000000C3A040021
S214048650E090040000000000203A0400CC900400DF
S21404866000000000303A0400BC9004000000000043
S2140486703F3A040088860400000000000000000062
S214048680000000000000000098860400443A04003D
S21404869042250400FE0000005B3A040050910400EA
S2140486A000000000643A040040910400000000004A
S2140486B0000000000000000000000000CC8604005B
S2140486C04225040042250400FE0000006B3A040024
S2140486D0508D040000000000783A0400948B0400D7
S2140486E000000000813A0400D48A04000000000060
S2140486F0943A0400A08A040000000000A23A040091
S2140487006C8A040000000000B03A0400388A0400B2
S21404871000000000BE3A0400A08904000000000027
S214048720CF3A04007889040000000000DC3A040014
S214048730D888040000000000E73A0400808804009B
S21404874000000000FA3A0400588804000000000004
S2140487501C1A0400F4870400000000000D3B04000B
S214048760B487040000000000183B0400808704005F
S21404877000000000000000000000000000000000F0
S214048780908704002B3B040042250400FE000000F2
S2140487904F3B04000092040000000000553B040018
S2140487A0F09104000000000000000000000000003B
S2140487B000000000C4870400593B0400422504005E
S2140487C0FE000000CEF60300309204000000000015
S2140487D08B3B04002092040000000000973B04003A
S2140487E010920400000000000000000000000000DA
S2140487F00000000004880400AD3B04004225040089
S214048800FE0000002AE0030094920400000000002A
S214048810F41604008492040000000000FA16040013
S21404882074920400000000005EF5030060920400E9
S21404883000000000C93B0400509204000000000041
S214048840E03B04004092040000000000000000002A
S214048850000000000000000068880400EC3B0400F0
S21404886042250400FE000000113C0400A49204000B
S21404887000000000000000000000000000000000EF
S21404888090880400163C040042250400FE00000004
S2140488903A3C0400F4920400000000008739040007
S2140488A0E492040000000000463C0400D492040055
S2140488B0000000004D3C0400C492040000000000C8
S2140488C05A3C0400B49204000000000000000000BB
S2140488D00000000000000000E8880400653C040076
S2140488E042250400FE000000D33A0400A4930400CA
S2140488F000000000823C0400949304000000000082
S21404890063FE03008493040000000000910D04003D
S21404891074930400000000003A3A040064930400D0
S21404892000000000CEF6030054930400000000008C
S214048930893C04004493040000000000943C0400B6
S2140489403493040000000000A13C040024930400B7
S21404895000000000B13C0400149304000000000072
S214048960C43C04000493040000000000000000005F
S214048970000000000000000088890400D63C0400C3
S21404898042250400FE00000063FE0300B4930400C6
S21404899000000000000000000000000000000000CE
S2140489A0B0890400F43C040042250400FE000000E4
S2140489B0CEF603002494040000000000910D040089
S2140489C014940400000000003A3A040004940400DE
S2140489D000000000173D0400F493040000000000AB
S2140489E043380400F889040000000000000000007A
S2140489F00000000000000000088A04002E3D040069
S214048A0042250400FE0000002A3D0400E49304000E
S214048A10000000005EF50300D4930400000000008C
S214048A20443D0400C493040000000000000000005D
S214048A300000000000000000488A04004D3D0400C9
S214048A4042250400FE0000002AE0030044940400CB
S214048A5000000000F4160400349404000000000033
S214048A600000000000000000000000007C8A0400F3
S214048A706D3D040042250400FE0000008D3D040008
S214048A806494040000000000A03D04005494040014
S214048A9000000000000000000000000000000000CD
S214048AA0B08A0400B63D040042250400FE0000001F
S214048AB0D63D04008494040000000000C5F10300C1
S214048AC07494040000000000000000000000000091
S214048AD000000000E48A0400E03D0400422504008F
S214048AE0FE000000CEF60300B4940400000000006C
S214048AF0053E0400A4940400000000001D3E04008B
S214048B009494040000000000000000000000000030
S214048B1000000000248B04004225040042250400C3
S214048B20FE0000002E3E04003C8B04000000000003
S214048B300000000000000000000000004C8B040051
S214048B404225040042250400FE0000003A3E0400CC
S214048B500495040000000000BA2C0400F4940400F9
S214048B6000000000403E0400E494040000000000FE
S214048B70443E0400D494040000000000483E040070
S214048B80C494040000000000000000000000000080
S214048B9000000000A48B0400583E04004225040094
S214048BA0FE0000002AE00300849504000000000094
S214048BB0733E04007495040000000000863E040022
S214048BC06495040000000000F416040054950400A4
S214048BD000000000933E04004495040000000000DA
S214048BE0A43E04003495040000000000B23E0400D5
S214048BF02495040000000000C33E040014950400FD
S214048C00000000000000000000000000000000005B
S214048C10208C0400D03E040042250400FE00000020
S214048C20EA3E0400A88F0400000000001D3F040074
S214048C30988F040000000000583F0400888F04004A
S214048C40000000006F3F04009C8C0400000000003D
S214048C50793F0400688C0400000000000000000057
S214048C600000000000000000788C04007D3F040033
S214048C7042250400FE000000DA6E0400C88F0400DB
S214048C8000000000EB6E0400B88F04000000000033
S214048C90000000000000000000000000AC8C04008F
S214048CA09C3F040042250400FE000000DDF10300A2
S214048CB0A4950400000000002A3D040094950400D6
S214048CC0000000000000000000000000000000009B
S214048CD0E08C0400AF3F040042250400FE000000C0
S214048CE02AE00300E4950400000000004039040074
S214048CF0D49504000000000051270400C495040025
S214048D00000000000000000000000000000000005A
S214048D10208D0400CA3F040042250400FE00000023
S214048D205A3C0400FC96040000000000CEF6030043
S214048D30EC9604000000000063FE0300DC960400CA
S214048D40000000000000000000000000000000001A
S214048D50608D0400EA3F040042250400FE00000083
S214048D60084004004C970400000000001240040071
S214048D703C970400000000001D4004002C970400EB
S214048D8000000000381B04001C97040000000000CC
S214048D902C4004000C9704000000000000000000B3
S214048DA000000000000000002147030037400400D4
S214048DB042250400FF0000001D4703004440040051
S214048DC042250400FF00000011070100564004007D
S214048DD042250400FF000000AD06010083400400A5
S214048DE04B48040001FF000011070100C3400400C3
S214048DF042250400FF000000AD060100F140040017
S214048E004B48040001FF00004507010032410400FE
S214048E105341040000FF0000450701005C410400C4
S214048E20B94104000000FF00C1070100C741040067
S214048E30E0410400010001FF2D0801000542040082
S214048E40474204000102FF00C10701005D4204001E
S214048E508C42040001000102FF0000003D050100F1
S214048E60BD420400F942040007FF00005D0501004E
S214048E70FF4204003243040001FF000071050100B4
S214048E803A4304008A4304000100FF00CD050100B4
S214048E909F430400F04304000101FF00A105010004
S214048EA0004404003A44040001FF000021060100C7
S214048EB0424404008B440400010000010707FF003D
S214048EC05D080100DD4404003243040001FF000095
S214048ED05D090100254504006945040001070001F9
S214048EE00700FF007F470300BE4504000446040055
S214048EF00107000101FF0000E508010040460400E8
S214048F007B460400010000FFB508010099460400F2
S214048F10DD4604000100FF0085080100F046040059
S214048F20DD4604000100FF002D0901002F47040060
S214048F303A44040001FF00009D0901006A4704004A
S214048F409B4704000100FF00CDF200004225040008
S214048F50A9470400000707FF71F200004225040039
S214048F60C2470400000707FF7DF7000042250400FF
S214048F70CE47040007FF00007DF7000042250400EA
S214048F80CE47040007FF0000D14603004225040034
S214048F90D34704000000FF0059F7000042250400F0
S214048FA04C1E040001FF000021F7000042250400C7
S214048FB00B48040000FF000051F2000042250400A4
S214048FC042250400FF00000051F200004225040080
S214048FD042250400FF000000A746030042250400C3
S214048FE042250400FF000000A746030042250400B3
S214048FF042250400FF000000A746030042250400A3
S21404900042250400FF00000021F20000422504006F
S214049010414804000101FF000DF20000422504004F
S2140490205648040001FF0000A3460300422504003E
S21404903042250400FF000000D5F100001E3904009C
S21404904042250400FF000000D5F10000604804003B
S21404905042250400FF00000055F300008148040088
S214049060984804000001000007FF00009F46030024
S214049070BE48040042250400FF000000D1F00000B2
S214049080D848040042250400FF00000019470300E6
S2140490900649040042250400FF0000000B470300B5
S2140490A020490400A247040000FF000051FA000013
S2140490B04549040042250400FF000000A5EF000017
S2140490C05F49040042250400FF00000039EF000059
S2140490D082490400FF49040000000310FF0000005A
S2140490E015F00000544A0400C24A040001FF0000C0
S2140490F0E9EF0000D74A04001A4B040000FF000002
S214049100FDEE00002B4B040042250400FF00000087
S2140491109D4603005A4B040042250400FF0000004D
S214049120D9EE0000A64B0400A247040000FF00008E
S214049130A5EE0000E74C04003C4D040000FF0000D0
S21404914089EE0000564D040042250400FF0000008E
S2140491506DEE0000664D040042250400FF0000008A
S2140491608D4603007A4D0400F84D040000FF00000D
S2140491703DEE0000834E040042250400FF0000007C
S214049180F9ED0000A04E0400CB4E040007FF0000DB
S214049190B9ED0000D54E04002E4F0400000500FF74
S2140491A071ED0000E14F0400F44F04000002FF00DC
S2140491B04DED00002350040042250400FF0000008B
S2140491C08D460300355004006F50040000FF000075
S2140491D0E1EC0000F55004003B510400000301FFDD
S2140491E0D1EC0000DB51040021520400000301FF0F
S2140491F06D680100C152040042250400FF0000000F
S21404920025530300E95204006453040002FF0000DF
S2140492107D0D0100B9530400524A040000FF00000B
S214049220490D0100E1530400524A040000FF000007
S214049230F90C0100FA53040042250400FF00000064
S214049240795A01001354040042250400FF0000006C
S214049250515A01006054040042250400FF00000037
S214049260DD5901008B540400B154040000010100D0
S214049270010102FFB5590100305604005856040097
S21404928000FF0000955901007F56040042250400A3
S214049290FF000000DD580100A95604004225040022
S2140492A0FF000000F7510300C256040042250400E4
S2140492B0FF000000AD4D0100E856040019570400F5
S2140492C00002FF00595003007657040042250400AC
S2140492D0FF00000055500300A35704004225040075
S2140492E0FF000000614D0100BE570400E85704006B
S2140492F000FF0000214B010018580400422504001A
S214049300FF0000009D3601002B580400422504008F
S214049310FF0000008536010043580400422504007F
S214049320FF000000D14F03005C58040042250400EF
S214049330FF000000BD4F03008958040003590400D1
S21404934000FF00002D4A0100425904004225040093
S214049350FF0000001D490100BA590400422504001C
S214049360FF00000041350100FE59040042250400B8
S214049370FF000000253501001B5A040042250400A6
S214049380FF0000009D350100C65A04004225040073
S214049390FF00000091350100545B0400995B040053
S2140493A000FF00005D350100D05B0400215C040072
S2140493B000FF000089330100545C040042250400C9
S2140493C0FF00000021280100805C0400E95C040022
S2140493D00000FF00212801003E5D0400A05D04009B
S2140493E00000FF00C1280100E55D0400185E0400CB
S2140493F00002FF002B4F03006D5E0400BB5E0400FA
S21404940007FF0000F5290100D75E0400422504008A
S214049410FF00000009280100FB5E0400205F040032
S21404942000FF000015290100795F040042250400AE
S214049430FF000000D9210100B65F040042250400A5
S214049440FF000000A1210100E05F040042250400A3
S214049450FF000000034E03001B6004008A60040043
S21404946000FF0000FD1A0100DB6004005A610400DE
S21404947000FF0000F54D0300A0610400F261040043
S21404948000FF0000D54D0300396204008662040024
S21404949000FF0000C5130100D06204000663040048
S2140494A003FF0000FD13010041630400876304000A
S2140494B003FF0000AD120100DD6304004225040032
S2140494C0FF000000614D03000D6404004B640400BB
S2140494D000FF00005B4D03005B6404004B64040063
S2140494E000FF0000554D0300826404004B64040032
S2140494F000FF00004F4D0300A96404004B64040001
S21404950000FF0000494D0300D16404004B640400CE
S21404951000FF0000254D0300FA6404004225040001
S214049520FF0000002B4D03001C65040042250400C8
S214049530FF000000FD0F0100446504007D65040083
S2140495400001FF00291001009E6504004225040066
S214049550FF000000274D0300C965040042250400EF
S214049560FF000000E50F0100E46504004225040046
S214049570FF000000A10F0100FF6504002C66040034
S21404958000FF0000890F010047660400422504001E
S214049590FF000000D1F700007266040042250400B4
S2140495A0FF000000D1F7000099660400422504007D
S2140495B0FF000000C1EC0000AA6604004225040077
S2140495C0FF0000008DEC0000BF660400E6660400A1
S2140495D000FF00008DEC0000F6660400E66604005A
S2140495E000FF000025EC00001D670400422504006F
S2140495F0FF00000085460300386704004225040087
S214049600FF00000081E800005B670400C5670400F3
S21404961000FF000061E80000E8670400422504003B
S214049620FF000000490401004E690400DB690400E1
S214049630010000FF2D030100F86904004C6A0400D1
S21404964000FF000061030100616A0400B36A0400BD
S2140496500100FF00CD020100C96A0400B66B0400D5
S2140496600107FF0089460300C66B04004225040078
S214049670FF0000002DFC0000D76B0400E96B04001B
S214049680000101000007FF0025FB0000246C040015
S214049690356C040000010100FF00000061030100B6
S2140496A0846C0400956C0400010000FF9DFA000021
S2140496B0846C0400C76C040000FF00000D9B0100CE
S2140496C0D86C040042250400FF000000B5E8000042
S2140496D0246D040042250400FF000000817303008B
S2140496E04225040042250400FF000000D5A801001E
S2140496F04225040042250400FF00000099A801004A
S21404970042250400696D040002FF000045B0010014
S214049710716D040042250400FF000000D1AF010073
S2140497209D6D0400C06D04000200FF000374030076
S214049730E96D040042250400FF000000ADAF0100FF
S2140497400B6E0400296E040002FF000085AF0100C2
S2140497503E6E0400296E040002FF000001000000B3
S214049760905200200000000000000000FFFF0000F0
S214049770054D03000000000003000000FFFF010089
S214049780E34D03000000000004000000FFFF01009A
S214049790714E03000000000004000000FFFF0000FC
S2140497A0F54E03000000000006000000FFFF000066
S2140497B0674F03000000000019000000FFFF0100CF
S2140497C0FD4F0300443E0400DC6D00200000000052
S2140497D0000000000000000000000000956E040079
S2140497E048980400000000009B6E04005C790400A6
S2140497F000000000A26E04002C7B040000000000A1
S214049800DB3B04001C7B040000000000AB6E04007D
S2140498100C7B040000000000BD6E0400FC7A04000B
S21404982000000000CC6E0400EC7A04000000000087
S214049830DD6E0400DC7A0400000000000000000076
S214049840000000000000000058980400EF6E0400BA
S21404985042250400FE0000000A6F0400709804000D
S21404986000000000000000000000000000000000EF
S214049870157803000F6F040042250400FF0301005F
S21404988001013F040201003F040202003D040202FB
S214049890003D0401020001020003010002023D042F
S2140498A00201000202020100020200000020202041
S2140498B02020202020202828282828202020202077
S2140498C02020202020202020202020202088101047
S2140498D010101010101010101010101010040404A3
S2140498E00404040404040410101010101010414161
S2140498F0414141410101010101010101010101014F
S2140499000101010101010101101010101010424262
S214049910424242420202020202020202020202021E
S21404992002020202020202021010101020000000BE
S214049930000000000000000000000000000000001E
S214049940000000000000000000000000000000000E
S21404995000000000000000000000000000000000FE
S21404996000000000000000000000000000000000EE
S21404997000000000000000000000000000000000DE
S21404998000000000000000000000000000000000CE
S21404999000000000000000000000000000000000BE
S2140499A000000000000000000000000000000000AE
S2140499B000000000A001000018140020000210009F
S2140499C02C570020B81500200000020800000000F4
S2140499D0FFFFFFFFFFFFFFFFFFFFFFFF000000008A
S2140499E0000000000000000000000000000000006E
S2140499F000000000200000001DDC01001000000034
S214049A00FDDC01000000000100000101000101016D
S214049A1020C001B80000000000000000FFFFFFFFA8
S214049A20FFFFFFFFFFFFFFFFFFFFFFFFFFFFFFFF3D
S214049A30FFFFFFFFFFFFFFFFFFFFFFFF0001020224
S214049A400303040506080C0C0C00010203040707B4
S214049A50C8C8C8C8C8C8C8C8C8C8C8C8030404088A
S214049A600808080800B801B802B800B050B60400E8
S214049A7038B60400030404080805000000000000CB
S214049A80000000000000000000000000EA060000DD
S214049A9048704C0F44700E0E30707E1302989A175E
S214049AA03870340F34705A0F307048102C704810C9
S214049AB02870D0112470E81120703E0F1C7090128C
S214049AC018700C1314703A0FB110086001D80A719C
S214049AD004B87F78020C7E78641000C6881F00A045
S214049AE01DB8707803B018600F3027B30F33011118
S214049AF0C04806987C0229B0086001D8087109DDC0
S214049B00047109BB11101660A04808600410011205
S214049B10FF3221500860D048086000880698381440
S214049B2000C4441F00A000BA03DF107109DF0672E8
S214049B30029836031DB8507800A044132814411523
S214049B408110086002D8147110880698201900C085
S214049B5014C000B80698861B00910698920201600D
S214049B60B83020D806711EBC637C784D5412F0328F
S214049B7040DE0472404804DB08720DDD0C72044BB0
S214049B80EF3014480698F20400C4E040005444122F
S214049B90086201322140087C811140D91C72B1123E
S214049BA03032CF4A013AB1DA107208D8067104D8B6
S214049BB00871804C237C5670684C441200C4A41E62
S214049BC000A04414413AF3240164415C412A04751C
S214049BD080B800C46040005481D8367140D90472FD
S214049BE0237C084B0698F20404BA1CB9767900C1A3
S214049BF0204001B835797F216121007906B906A98C
S214049C0001D8067102981002804C307C02986402D7
S214049C1008D86A7100C1544000B8141110D95E7196
S214049C20584C441280BDA26DFF25784C4412FC2289
S214049C30513A2814104C00C20CC101B8241228143E
S214049C40086228140862281408622814304C304C21
S214049C5000C11C4000B814111814086100C528403F
S214049C6001B85415FF35047110491814B04C441249
S214049C7008620132067102980401804C08D80C71FF
S214049C8007BA24D8047106BA187004D80C7101BA3D
S214049C9040D80E7102BA0A7005BA20D8047203BA04
S214049CA0204C4411C04C1814086118149111383112
S214049CB011429111186110D90472EF3200C10840A4
S214049CC001B8141110311E6111422814A111086143
S214049CD0181406986C1B181400C1084001B8141117
S214049CE01861FF31181400C1448001B81411181407
S214049CF0086118143088024806989403009308DB19
S214049D00047101F800A027B00F3000A01088B1112C
S214049D10186180D90A7100C1884000B80811009102
S214049D2000A000C4684000B8441000A000C08840EA
S214049D30005004118261041082601050F07200A07A
S214049D40541550451271069802050698920407B8F1
S214049D50707802B841781EBA5B7A5C7A5D7A00C283
S214049D6020C001B8241206982A1900C5481F00A06E
S214049D705415511400C3FF010000313D09647F34BB
S214049D8006989C02015851280475015841280E75FE
S214049D908111086102D90472FF0FCC7007B872787B
S214049DA000F8EBBD00C0441F00A00411113D10D9FB
S214049DB01271FF33186300C1781002B8381107B95E
S214049DC07479581000A0069892020D300472044864
S214049DD009DC0472084800C11CC101B8141100C390
S214049DE0D01E00A0911504351A7218131CBB08D88F
S214049DF004716C7B04D804716A7B1DBB2F7C5B7B6F
S214049E001670044B18131CBB08D804716F7B04D857
S214049E1004716D7B217C0C30026006987E040698E3
S214049E20C40B00B8B111186140D9067202985804E0
S214049E3001BC00C2084001B800DC0A7124150265A2
S214049E40604A0A702C4A241508654C4A043508D919
S214049E500471202400C13C1F00A0141200DC3271DF
S214049E6020D8067101B80C70F0DA0C720CDB08719D
S214049E7002B806988604482400C3384101B834134F
S214049E808F7B0E7102B9911308DB047203B9287034
S214049E907C4914111110FD300DDC1C7200C0A01E8C
S214049EA000A0041080D8107100C0448001B80410CB
S214049EB0E5200475804900C3884000B8FFB8012037
S214049EC011410871014118130824014200C12840B9
S214049ED000B8141101411C655141911520351E65C9
S214049EE0514118132813481300C3844000B8341093
S214049EF003D81671073005DC1071B1108F780A721A
S214049F0000C384C40350217B1DB8507800B800C138
S214049F103C1F00A014121C602150F030015228117E
S214049F2000A04024076400C0FFFF0100013C17B0F6
S214049F30022001584028067518AC01EC00A02088C1
S214049F4000C020C001B8041217B421130412305202
S214049F50F8711964402400C35C1F00A03410141167
S214049F600698F60D1961009211592129067600BB50
S214049F7011590698D60D8762313B0472215A412A3C
S214049F8000A000C2686000B8B8B91F610D49181275
S214049F9000A0308801B9116100C30000C0FF311071
S214049FA0312800BC002D0C75115418AC01EC312D71
S214049FB0F470196451134155312C009300A000C36A
S214049FC0C00FFEFF50B2313A014250AA00A00698D4
S214049FD03E07FFB0867808715CB86B786E7800C26E
S214049FE0548001B800C0D81F00A004100812B8227C
S214049FF0217A237A52B8417801B80C6021A809B8AE
S21404A00019604CA800C0FFD1C1FF4FB2013A00C08E
S21404A010002E300001424FAA24B86E78ACB9FFB0C7
S21404A02004D804714CB923A90698A80500C0139057
S21404A030010006982E0500A00698020519B81460BB
S21404A040FFB28C620F32826A214006982E0549BC04
S21404A05021B952B849B207DE2A7105DE0871627C5E
S21404A060607C1D0C6179677864786B7862786578B3
S21404A07063786078617C010C010C6878020C69785E
S21404A0806C78020C00C22C8001B8277A287A267ACB
S21404A0906A78050C41790A0CB11040D8067102980A
S21404A0A0BA06784A2B7A327A584A247A00C40001CF
S21404A0B01100404A00C0108400000812508800C5F1
S21404A0C084100100FBAD10BD01BB8A6B21B9FAA94F
S21404A0D0C44A1812217A227A00C0341F00A0041041
S21404A0E0FCA88264411030300129F9A9F8ADFBB010
S21404A0F08260FBA80330A0652110044820EC237A74
S21404A1000410037A184A2411DC4A01580029241042
S21404A11004753150F8B1115081632A7151403140B1
S21404A1200812FCB18461FCA90F310E7117B0112816
S21404A13017B111591028FA76C44AF9B11812217ABF
S21404A140227AA07000950812F8A800C20C8001B804
S21404A150207A844A00B80812020CA44A087A020C30
S21404A16021B84178784A0B7A127A00C2C81F00A038
S21404A170FFB008D80472184A241000DC0A7140A8FC
S21404A1800422241041A806989C0200C2481F00A07E
S21404A1902410015100C4FF01000041391150081277
S21404A1A000A006983E0700BC00C20C8001B8217AC5
S21404A1B052B84978020C4878020C49B8417852AC37
S21404A1C021AC204A087A067A077A49AC00A059B826
S21404A1D040785AB101D9FC72427857B8407858B1E1
S21404A1E001D9FC72427800A000C20C8001B8217A22
S21404A1F0227A21B8547852B8BC4A2411997912713B
S21404A20007B915614CA9617800BB03BC0C641470D3
S21404A21009B919614CA9417801BB126300C4002E28
S21404A220300000C0FFD1C1FF4FB1013941414FA9F1
S21404A230E44AC8B8081224AB4CB823A80698A80564
S21404A24000C004900100FFB186790471084806989E
S21404A2502E0500C08009004040A809B8FFB108D9FF
S21404A260047103B853A8B11004D80C7156BB607BB4
S21404A27057BA627A607A02D80C7156BB607B59BAB8
S21404A280627A607A04B86E783DB8607800C0563852
S21404A290000000C1B08001B814119979087200C09A
S21404A2A0D604000000C124C000B814119F790472BB
S21404A2B008484CA82EB8FFB108D906714AA80470FD
S21404A2C04BA80FB834A800C00C5E000046B201428A
S21404A2D046AA00C12C4001B8141108610631087161
S21404A2E000B90698501106983E14B11101D90E71A2
S21404A2F00698921B02D906720698A00C0698381483
S21404A30051140698920406982A110698641700A019
S21404A31006984E1701D80A711CB85B7807B875788A
S21404A32000B84CA84AA84BA800C0F321FFFF46B1CA
S21404A330013946A904B86F7800A0FABC1964415CD8
S21404A340512C00C0581F00A00410012C0675069856
S21404A35092040698780FB110186005D8327140BA86
S21404A36006980E1404B86578911004D816711CB8B3
S21404A3706E7800C0684000B82178069878110140CD
S21404A3800A721DB8427806984A1402985E0B1DB8E5
S21404A390717804B86C7841B8427863784478FFB131
S21404A3A004D906720298CA0900C004900100FFB1DD
S21404A3B086790471084806982E0500C32C1F00A051
S21404A3C000C274C000B82414481300BC48121C4BC6
S21404A3D01C4A2414481300BC4812084B584A241438
S21404A3E0481301BC48124ABA447A427A4BBA447AB1
S21404A3F0427AFFB086780472617A4CBA647A657AD7
S21404A4003DBA607A4DB942B83FBB5B7966796179EB
S21404A410020C6479050C63796079050C62796579B8
S21404A4205A7900C2340102B8241305B819603140C1
S21404A430081242B86A78020C4A78020C40BCFFB292
S21404A44008DA06714ABA06704BBA627A657A677A8F
S21404A450667A6A79667B0298A40A00C32C1F00A059
S21404A46000C274C000B8241448131C4B1C4A24149D
S21404A47048133FBC48121C4A00BC4812084B444AC6
S21404A4802414481301BC48124ABA647A627A4BBA56
S21404A490647A627AFFB3867B0472617A4CBA647A11
S21404A4A0657A3DBA607A01D94E71647800C17080CD
S21404A4B001B800C08000080008110698860B42B850
S21404A4C061784DB97F797E796A7868786278020C0B
S21404A4D07B790F0C7A79140C7479417860787579E5
S21404A4E0050CFFB208DA06714AB804704BB86578F2
S21404A4F001BC1664407002D93C710698860B42B8BB
S21404A5004DB96878407841787F797E797B790F0CED
S21404A5107A79140CFFB208DA087171794ABA0670AF
S21404A52070794BBA7279657A6A78020C4A78050CA7
S21404A53001BC1664020C417940790C0C00C04C0135
S21404A54002B848100698F20400C4784000B8007CAC
S21404A55000C0A01E00A0041180D93271911104D944
S21404A5602C727F2021200411FD310DDD207200C0E5
S21404A570448001B80411E521147600C0244001B8D3
S21404A58004118A790871207C104C207C2AB86278E1
S21404A590511400C0581F00A00410012C17B001115C
S21404A5A08768015841280E7605218769415C412D4C
S21404A5B0112D06700698920442B84DBB7C7B6478D5
S21404A5C0020C29B86878511440440675069892041B
S21404A5D042B844782AB84278FFB101D90C7100C158
S21404A5E0548001B8CBB80811911004D8147100C077
S21404A5F0A01E00A0041080D8067107B8537800F88F
S21404A60007B800C1CC1E00A000C220C001B82412A6
S21404A6102811777800F8B1109478387106989C025F
S21404A620E4B911591128067600B80C70A0B911596E
S21404A63001290475A0B8826000C3C01F00A03413AB
S21404A640012B341000C3FFFF00FF42B13139114023
S21404A65042A800A01DB09178FA7142B86478020C42
S21404A66000BA29AA00C4548001B842B84DB900C340
S21404A670C04001B83413977B047240EC020C447853
S21404A6805C7953AA0A0C281442B84DB9FFB301DB0F
S21404A6902671244C00C3FF0FFF0138145479407808
S21404A6A041785579020C5B795A79140C5F795E7996
S21404A6B04A784278347002DB1471527951795079B1
S21404A6C0020C5B795A795F795E791E7004DB1A7125
S21404A6D000C4FF07000000C3342102B848133FBB80
S21404A6E0467B020C5B795A793DBB407B4CBB447B72
S21404A6F0457B00C3301F00A03414403C207100C0CA
S21404A70068C000B8481028131C4B1C483414481062
S21404A7102813144B44483414481028134AAA4BAA46
S21404A72004B86D781DB851785CB84B784E7800A0A4
S21404A73000C074C000B80411108800B91810684826
S21404A7400411108801B90B6118102C4804111088E4
S21404A750008800C1231C000018104AB864784BB85F
S21404A7606478260C28B000C1FFFF0FF0113871B9C9
S21404A7700B61114028A828B97379747900C21010A7
S21404A780303045AA54790E0C00C0E84001B80411D4
S21404A79000C23030101045AA0E0C04100088108831
S21404A7A00698620D0091009020888F618F6006984D
S21404A7B0620D0090886A21400112906A035800C115
S21404A7C03F3F00001138FFBC0224412811380142E3
S21404A7D045AA28B953794AB844784BB844780090C7
S21404A7E00091181000912C48181000916848181011
S21404A7F000A09168436091694361115B012B1128A5
S21404A80041603128315B00BA302806763128204A68
S21404A8104163302806763128104A4163302806768C
S21404A8203128084A4163302806763128044A4163B1
S21404A830302806763128024A416330280476014AD5
S21404A84000A0115910D906710860086008D904716F
S21404A850086004D90471046002D90471026001D945
S21404A8600471016000A000BA01D806710148112ADB
S21404A8701F61016001D8F6720138F67200A000C2AA
S21404A88020C001B8241211592129127300210E7117
S21404A89000C238C001B824120121212900A002B048
S21404A8A020D8147100C0B01E00A0041002B9457967
S21404A8B006987613EA7003B09F78087200B806A864
S21404A8C000F806983E0700C5641F00A05088044D93
S21404A8D01CBC00C0B41E00A0811101D91E71407CAE
S21404A8E0009501150C4D5088044DFFBB1863315B71
S21404A8F004110698EE0D3129F8750698681A541551
S21404A9000698921B01D9087206985807067006988E
S21404A910F4071CBB547B06984E1701D8067202989F
S21404A9201A0FFFB901211038F67281129B7AF07162
S21404A93000C2448001B8241400C0C01E00A0041045
S21404A94001130020041040500C7200B90698280F1A
S21404A95018B90A7018B90698280F00B900B80698EE
S21404A9601E0F704A08B806981E0F00C2284000B88A
S21404A97014B806981E0F00C2EC4001B80CB806982E
S21404A9801E0F202210B806981E0F108830880698CE
S21404A9905807009300910698280F00C0C41E00A014
S21404A9A00412FFB9012121411810009500F831283E
S21404A9B011280410081200A004B831281128F8B190
S21404A9C0181000A0069880080E700698C40B069807
S21404A9D0800806987212069812079112211900C070
S21404A9E02C4001B80A78097800F810B901BA06981C
S21404A9F0041406982A110698641700C5641F00A05C
S21404AA0081109D78FC7200F8911203321CB900C3C1
S21404AA10A01E00A0341300C4B04000541DB84278F1
S21404AA20707903DE067144783A707179A11020D8E3
S21404AA3006710298541080DB1C7102D8187205B88F
S21404AA400814A11010300248081400B80814911015
S21404AA50086008141DB86278A11000DC06765179E7
S21404AA6000BA06984E1701D82272911120311D6142
S21404AA70911004D80E7200C1501F00A0141101D901
S21404AA800A71208806985011009200C1204000B830
S21404AA9001DB1871084C03DE0471904C441400C3A7
S21404AAA0FF1F0000413BFF233811944900C338417F
S21404AAB001B83413086380DB0C7103BA1862069875
S21404AAC03C100870186206983C100C4908790979FD
S21404AAD014102140081100A000BD0698760210B993
S21404AAE003DC047100B901BA0698041402D906718D
S21404AAF000404E7203B118610F3106987811FFD8E2
S21404AB002872811008D8187106DD0A710698760234
S21404AB1003DC0C720698BC1106984A140C7006DD09
S21404AB2010710698C211487020B804A806DD107289
S21404AB30069880080698120701F840B804A800F89A
S21404AB4000C0A01E00A00413086301DB227191104C
S21404AB500111186111381DB910D80871447902988A
S21404AB60541002DBFA72A11328DBF47203BD0698B4
S21404AB701E11069880081DBA7F7A0698F20400C54E
S21404AB80681F00A00698760200BA03DC1672044D0D
S21404AB90A11002D804711C4D00C10CC101B806985E
S21404ABA0AE045415212D06983E050298AA08911065
S21404ABB0015503355150011900A000C14C1F00A0D7
S21404ABC0141001D8427101480860FE200E758110E9
S21404ABD020D8087100C1501F00A0141101D9287193
S21404ABE000C02C4001B80412215108610F311861CD
S21404ABF01152281000C0084001B8041191122151C6
S21404AC0020311152211900A0811380DB067201B88D
S21404AC1000A000C314C001B8341006302E726C4B6A
S21404AC2034121C4B3410186002302072811080D805
S21404AC30DE713410014A08620460803021508C486A
S21404AC400A717F234D233410013000A000BD0698FE
S21404AC501E111CB847784578437802B8447800A09B
S21404AC60069880080698BC1100C5741F00A05415E9
S21404AC7006983E050298AA08B1138F7B0A7200C391
S21404AC8084C40350017B06983E1400C1384101B8C1
S21404AC9014118F790E7100C1B84000B800BA069836
S21404ACA03C1050BA06980E1406987811FFD84A71CC
S21404ACB0911004D84872811008601CD8407220D9BC
S21404ACC038721112FF3221513471802180211114FF
S21404ACD000C0D81E00A00413FFBA3151113A215106
S21404ACE011531DB938107B7940440E7200B900C266
S21404ACF0AC1E00A01812067004B8607806983814C3
S21404AD0000F800B900C2A44000541812644A0AB9F4
S21404AD1018121CBA507A517A1DB942795F7900A08C
S21404AD200698760207DC1072911000200A750698C1
S21404AD3072120298660F0698120701B9911004D889
S21404AD40047100B910BA0698041400BA00403471AD
S21404AD5000C0A01E00A00411086101D9127104D914
S21404AD60E2728110086001D8DA711DB8647800C1F7
S21404AD701CC101B80698AE0401B81160002A047616
S21404AD8000BA00C5781F00A05415212D069872122B
S21404AD900698580700C57C1F00A000F800BC811167
S21404ADA008D9167280D9207201B910BA069804140C
S21404ADB000400E7101BC10700698BC1106984A1427
S21404ADC020B804A800F80698721281110231127194
S21404ADD000B900C2144000541812244A02B91812CA
S21404ADE00698BC1100C5801F00A054150698F01ADA
S21404ADF00298AA080411012114711CBA737A04205B
S21404AE0004122811042004110121F47200A00698EB
S21404AE10F20401F806984E1701D81671FFB90121FD
S21404AE2010380E7281109B78087104B9677900F89F
S21404AE30911010D8287100C51CC101B85411069889
S21404AE40EE0D00C5C81E00A054155129EA7507B8B2
S21404AE5076781DB8447801B804A800F8B1101860D4
S21404AE6010D82E7100C05040005400C3084000B8EB
S21404AE703114984C44113411086101D9FA71441202
S21404AE802810086228100862281008622810E87043
S21404AE900298B00206989202113804721E6202BB2F
S21404AEA000C1D81E00A0141120390C72911210DAB9
S21404AEB00672417B00A006983E1400C2A01E00A0A5
S21404AEC0241220DA0472617B1CBA527A00A01CBADF
S21404AED0727A811204DAFC7200A01CB86B7800C087
S21404AEE0684000B82F7800A006984E1701D83A712B
S21404AEF000C22C4001B82410036091112031015186
S21404AF00383111501D6008121DB9457900C24480BD
S21404AF1001B8241200C0C01E00A00410182000208F
S21404AF20041020500471657910631EB9637900B962
S21404AF3002EC00CD114502EC00CC01DB087100BB2D
S21404AF400298D61803B841110731FA211C76062157
S21404AF50911210DA087102DD10721E7020B806987D
S21404AF60B20D3038147208B806987E0400C02C401F
S21404AF7000B82978207800F8056020D80671029871
S21404AF800C1602EC00CA05B823DA187104DBDA7171
S21404AF9020DAD67110DAD2721EB8617800B801DAF7
S21404AFA0067202EC00C8911110D9267100C1B81EB1
S21404AFB000A014111150FF300C720761A11011503B
S21404AFC002300A7180DB0A720AB89E701DB97C7959
S21404AFD01860911111402111C031114001191EB899
S21404AFE0411108D90471667820D904726578A110D5
S21404AFF002D80672C0DA1E711EB8273123DD087225
S21404B00010DB1072607825DD0A7121DD087208DB1A
S21404B0100471627803B8411107310872A11520350E
S21404B020AA7102DD2072A11120D9A07102D916726C
S21404B030CCDA9872411140D9927206B8054D5A720C
S21404B0400298AE1421114049C0D94C71A031411563
S21404B0504035026551410461086308DA1E7204DA59
S21404B06036721049A1150235067110DB0E720134D2
S21404B0700A7108DB22711EB86778CC3211101A30B8
S21404B0800ADC0872CCDE0471FD3100C00D0F0C0D15
S21404B090216001D85C7207B80298D81400BA41112E
S21404B0A008D90C7102EC00CA05B830DAEC72073421
S21404B0B0F031036101DA0471014900C0F300A3E32F
S21404B0C0216001D8D27100C09814406821604030D5
S21404B0D0014440DA0471204C04320262204A111002
S21404B0E006301F60014218311D6111420298F614A1
S21404B0F0204A00C0051708502160113001422088FC
S21404B100FFBB0DDA507100C1DE1B250180BC04DADA
S21404B110107208DA0A7200C120841000E024A02409
S21404B12008634143026401DA06711E49024B00C0FB
S21404B130201F00A008633810BC2002DA127101B97F
S21404B1401159A11380DB087100C100FCFF0118101F
S21404B1500298621800C4A01E00A0441080D87C7117
S21404B1600092D0DA06710DDA0C711EBD437DEFBD78
S21404B1700698140304620DDA8672A11105D95C716F
S21404B18000C24040005424121424281401D9067224
S21404B19002D9327140D91E7102EC00CA211018324D
S21404B1A00471FA2220D804720822FE22087502ECE2
S21404B1B000C8F87001D90E7102EC00C802D90672F4
S21404B1C004DC187200C0A01E00A004101D6001D884
S21404B1D006711EB8647807B873780298D61800C04B
S21404B1E0A01E00A0041080300A7100C0C41E00A077
S21404B1F0041000A006984E1701D82E71911010D88E
S21404B20028728110A0D8227203B084781C7200C100
S21404B2102C4001B814100DBA487A697A6B7A081172
S21404B2201CB87B7807B8757800A0641000C6881F21
S21404B23000A0C3B806987C0200C4441F00A014BA39
S21404B240281400B8011AB1108F780A7200C084C49A
S21404B2500350017891101030011905BA06980E149F
S21404B26002D9067101B804A800C0A01E00A00413E9
S21404B2700698641180DB0671029858141DBA7C7A0D
S21404B28001DB6A7100C2241F00A024111114FF34CC
S21404B29002EC00C8FF24FA7608610698C20D046121
S21404B2A011380F3004611114011141100698C20DB3
S21404B2B001D8087203B80298D8140C4A01DB22712C
S21404B2C0241011281128041202300471106200C0E0
S21404B2D0FFFF0000213800C2204000B8FF200812FB
S21404B2E0411008600698C20D01D87C7120BC10334A
S21404B2F0767100BB00C1201F00A01415C021112CBC
S21404B300511218620F320E71408851140698FA18BA
S21404B31041430094511208651C620F320E714111AC
S21404B32051140698FA181C6441430865513B00C141
S21404B330DC1E00A01411111231100F30127100BA65
S21404B340056101D80471114201600FD8F4723110FE
S21404B35003601E30047201B8003A087204B80298FA
S21404B360D8140298C41600C0384101B804118F7965
S21404B37014717F20692004110861303110DD0671D4
S21404B3801DBA637A0698120300F830885088FF3492
S21404B390087102ECFF24F87002EC00CD141059502A
S21404B3A001440421FF22F2720F4C0095009300A082
S21404B3B000C1A81E00A0141100A030880698421BE5
S21404B3C08111086102D906720298061A1CBB557BC5
S21404B3D0086120D906710298F6190088A110186031
S21404B3E00698201908211415FC251EBB5C7B5D7B82
S21404B3F000C1084001B814110731FE21307608D880
S21404B4002A725113FC23341304DB20711863FF33B0
S21404B410315B00C110C000B81411086180490C717A
S21404B420FF31302954751EBB7B7B10707B7B7C7B85
S21404B43000DD04717D7B01BB3815EC25541300DF59
S21404B4405471042505DF547154152111208806987B
S21404B450EE0D009251293E7500C1084001B8141142
S21404B46002DB0C710731315B31292A760C7004DF5C
S21404B4700872016180D91E720698201900C010C097
S21404B48000B80698861B069820191411FFD9607216
S21404B49002984C1A0090009300A05415A11118614C
S21404B4A010D9A672082508D8A071082510D89A7154
S21404B4B0208821110698EE0DFC255412112AF82531
S21404B4C054110C2520D80871F02554111025202974
S21404B4D004762159181500920298B81907B971799B
S21404B4E0811010D80A711CB8447802B841781CB987
S21404B4F0747904B9677900F88110A0D808711CB96A
S21404B500497900A0086002D8FA71069820191088B4
S21404B51006983E14106210DA087108211415F025F6
S21404B520541100C20020FEFF202912750698921BB3
S21404B53001D90A72069880080698120700941CBB64
S21404B54041100C2006986413411108211410069823
S21404B55064133128441111120861FF31FF320122AD
S21404B5601052107218611814042444130424381456
S21404B5700C70186121411814082408140298381411
S21404B5804044147100C1AC1E00A0141551131C6372
S21404B5900FDB0C72196506980205411500A000C35E
S21404B5A0784000B83413807B067206981207069813
S21404B5B03E1408BB51140698B01A4415FC255415BD
S21404B5C000C3784000B83413807B047100A002984E
S21404B5D03E051CB900C3A01E00A03413086308DB94
S21404B5E01A718113A0DB06714979107069790863B2
S21404B5F002DB087204B9677900F800A081110861BB
S21404B60002D910711CB97579069820191411FF31E6
S21404B61000A0FFB900A0041008211411F421081199
S21404B62000A08111106110310E71069820190821AE
S21404B6301411F821141100A090B8040000000000B2
S21404B64068B60400010000000000000000F0490293
S21404B65090B80400000000008CB60400010000004E
S21404B6600000000000F04902B0B604004063598FA1
S21404B670404B4C000B000B001A00FF7F706E00203E
S21404B6800000000032BB040000000000A0B7040065
S21404B6904063598F404B4C000B000B001A00FF7F91
S21404B6A0706E00200000000030BB040000000000A4
S21404B6B0FC1F010390BA04001CC0011000F8070028
S21404B6C01CC001301402080050C001008741300439
S21404B6D024400601070062003870000000000000E5
S21404B6E0000000030068010F40B8244058400101E0
S21404B6F0FC006900804005012363E0119BC34A7483
S21404B700F003000003800000BE0A0000E0400101D0
S21404B71033000000F0400401590B00006404830762
S21404B7208813C83A90200A0028410101001E000030
S21404B7303C410B0100148C00141A21282E343B4281
S21404B740495043557698BA0C286900000100000059
S21404B7500721286414171A002004C869A1203A098E
S21404B7603C42010129000000A08002017078030019
S21404B770D5C00000A8800111F0010000A8800131A6
S21404B7800542CB01AC800111F0010000AC80013110
S21404B79005228D00B080010100030002FFFFFFFFB9
S21404B7A0FC1F0103E0BA04001CC0011000F80700E7
S21404B7B01CC00130F502080050C001008741300C5F
S21404B7C02440060107C052000000000000000000EC
S21404B7D000000003000000000000000058400101C3
S21404B7E06402FF00804005014B01A0089BC34A7415
S21404B7F0F00300000000000000000000E04001012B
S21404B80033000000F04004010000000064048307D5
S21404B8108813C83A9C200A0028410101031000003E
S21404B8203C410B0100000000000000000000000086
S21404B83000000000000000000000000001000000FE
S21404B84000000000000000000000000000000000EF
S21404B8503C42010100000000A08002017078030051
S21404B860D5C00000A8800111F0010000A8800131B5
S21404B8700542CB01AC800111F0010000AC8001311F
S21404B88005228D00B080010100030002FFFFFFFFC8
S21404B8900C400200018014007F400000204002009B
S21404B8A00000000000000000304007000000000018
S21404B8B0000000000000000000000000000000007F
S21404B8C000000000A0070000504001000000000037
S21404B8D05C4002000000000000000000A8400100D8
S21404B8E007000000B440040000400000FF4C0000C5
S21404B8F000410000FF4D000008C0010000000000E9
S21404B90020C00110FF00000020C0013000430000EA
S21404B91024C00400EC80B3034375A80200000000B2
S21404B9202E02000054C003000E2D09E65406070834
S21404B930D1B6020064C0080004300000402010069F
S21404B940C8F248181FE8F600BD4B721511A3180577
S21404B95010325476980A000088C0010000000000E7
S21404B960080001010407000018000101000000009F
S21404B97020000101088400001C40020110000000A1
S21404B98020F913045C400501410800000100000092
S21404B990B0070800A700000000000000944007015C
S21404B9A00101103050707F7F00000000000000008E
S21404B9B0000000000000000000000000E440010158
S21404B9C000000000EC4001017DA8D98B0041020173
S21404B9D000612000B75635120C410301F9541200D9
S21404B9E02030042988BB40002441010100000000E7
S21404B9F0304103016406660C0C010000E853FA00AB
S21404BA006841030164048307881382000000000071
S21404BA1030420301000000000000000E0000000099
S21404BA2044420101000000001080010103000000F0
S21404BA3038800201114910000100000088800101CD
S21404BA40000000009C800101EB400200B48001016C
S21404BA503700000188000202000C00044C000000BD
S21404BA609400010200040000D00002020E00000050
S21404BA7090029608E40001023D094204F400010223
S21404BA80000000001801010260005102FFFFFFFFE2
S21404BA9012000000666666000000000044BB040056
S21404BAA034BB040000000000001A9A00005A620228
S21404BAB080841E000420FE0011495002000000008D
S21404BAC0000000000000000000000000000000006D
S21404BAD0B1841E000000000000000000000000000A
S21404BAE012000000666666000000000044BB040006
S21404BAF034BB0400000C0000001A9A00005A6202CC
S21404BB0080841E000420000011495002000000003A
S21404BB10000000000000000000000000000000001C
S21404BB20B1841E00000000000000000000000000B9
S21404BB3005040000E1190000E119000000000000FF
S21404BB4000000000193F0106041001000001010670
S21404BB50001027000009000000000000000000009C
S21404BB6061E5010011E501001DE501000DE6010097
S21404BB70CF7D0300698303006D8303007183030094
S21404BB8075830300798303000001030464EE010057
S21404BB901000000024E101001A00000079EB010007
S21404BBA01100000075E401001100000063E51100B7
S21404BBB00400000023E111000400000025E1010058
S21404BBC00800000026E101000A00000027E1010049
S21404BBD00200000000000000000000003DBD04005C
S21404BBE037BD0400000000003EBD0400F77F0400DB
S21404BBF000000000F17F0400F37F04000000000052
S21404BC00F57F040015BD040043BD0400F87F04005E
S21404BC10F27F040000000000F67F040030BC04003D
S21404BC20EF7F0400F07F0400F47F0400EE7F04003E
S21404BC30000203040508090A0B0001020304051D9B
S21404BC402000B40108020200AA00FFFFFFFFFFFF66
S21404BC50FFFFFFFFD7A0030079420200F56D020044
S21404BC60450B0300057102003D8A03003F8A03006A
S21404BC70418A0300438A030005D20200A1AA0200F7
S21404BC80E5EB0200F1040300155F0200378A0300A7
S21404BC9041AD0200398A0300195302003B8A0300AF
S21404BCA0377303000D580200AD480300000000007F
S21404BCB00013000000000000000000000100000067
S21404BCC0CDB0020002000000359B03000300000014
S21404BCD025B0020004000000AF9A0300050000002F
S21404BCE0C5AF020000000000000000000023001B97
S21404BCF02200FF00000000000C0902020000000001
S21404BD001C1A0B0303FF06080402020204020A0BB1
S21404BD10030302030480FF0204FF0101010108007B
S21404BD20000000000000005A6967426565416C6CBB
S21404BD3069616E6365303980008F8E8C80808006E2
S20804BD40080C108052
S20C04BD44988FFB7F010000004C
S21004BD4C58BD0400486A0020D401000022
S21404BD580000000000000000FFFF000001000000D3
S21404BD6800000000000000000000000000000000C2
S21404BD7800000000000000000000000000000000B2
S21404BD8800000000000000000000000000000000A2
S21404BD980000000000000000000000000000000092
S21404BDA80000000000000000000000000000000082
S21404BDB80000000000000000000000000000000072
S21404BDC80000000000000000000000000000000062
S21404BDD80000000000000000000000000000000052
S21404BDE80000000000000000000000000000000042
S21404BDF80000000000000000000000000000000032
S21404BE080000000000000000000000000000000021
S21404BE180000000000000000000000000000000011
S21404BE280000000000000000000000000000000001
S21404BE3800000000000000000000000000000000F1
S21404BE4800000000000000000000000000000000E1
S21404BE5800000000000000000000000000000000D1
S21404BE6800000000000000000000000000000000C1
S21404BE78000100000000F00108000000A0100020E7
S21404BE880100230104000000A81000200600300169
S21404BE9801000000AC100020FFFFFFFFC0EA2101EC
S21404BEA8C0EA21010080000000F04902A86B0020C7
S21404BEB800600B0000800000803B0020C8000000E3
S21404BEC8FE000000000000002C710400B0100020E2
S21404BED8FFFFFFFFE074040033000000C90B0100F5
S21404BEE833000000EF4C03004DEC030051EC030054
S21404BEF85EEC03006BEC030078EC030085EC0300AF
S21404BF0898EC0300AAEC0300B7EC0300C4EC0300A7
S21404BF18D1EC0300E6EC0300F9EC03000BED030098
S21404BF2820ED03002FED030040ED03004FED030062
S21404BF385FED03006BED030078ED030088ED030066
S21404BF489AED0300A9ED0300B8ED0300C1ED030064
S21404BF58D6ED0300EBED030000EE030020EE03002D
S21404BF682EEE03004DEE030068EE03007BEE03009E
S21404BF7888EE03009DEE0300ACEE0300BBEE030060
S21404BF88CDEE0300DFEE0300F2EE030005EF030038
S21404BF981BEF0300000000000F00000052F103002E
S21404BFA869F10300FF000000000000000000000024
S21404BFB80000000000000000000000000000000070
S21404BFC8000000000030E70400C81803E2F9030084
S21404BFD8E7F9030014FA03003FFA03006DFA0300B6
S21404BFE89BFA0300CAFA0300F7FA030027FB0300C8
S21404BFF857FB0300A7FB0300FFFFFFFF00F803003F
S21404C008FFFFFFFF0000040000000400005C260594
S21404C0180C6D002006000000649704000000000071
S21404C02801001900010000006847002001001900FB
S21404C0380100000068470020010019000100000004
S21404C0486847002001001900010000006847002026
S21404C05801001900010000006847002001001900CB
S21404C06801000000684700200100190001000000D4
S21404C07868470020010019000100000068470020F6
S21404C088010019000100000068470020010019009B
S21404C09801000000684700200100190001000000A4
S21404C0A868470020010019000100000068470020C6
S21404C0B8744B0020000000000000000060800400AC
S21404C0C890520020C06D0020505500207D6E04005C
S21404C0D80600000000000000000000000000000049
S21404C0E8C4970400DC970400886E04004225040004
S21404C0F8FE000000F06D00200000000060550020DF
S21404C108C85500203056002000000000000000003B
S21404C118000000000000000000000000000000000E
S21404C12800000000000000000000000000000000FE
S21404C13800000000000000000000000000000000EE
S21404C1480000000061790300B0990400FFFFFFFFB8
S21404C158A57C0300A17C0300FFFFFFFFA97C030066
S21404C168FFFFFFFF8D100200FFFFFFFFFFFFFFFF2B
S21404C178FFFFFFFFFFFFFFFFFFFFFFFFFFFFFFFFBE
S21404C1880000000020A107000000000011BA030008
S21404C198000000000000000000000000000000008E
S21404C1A8000000000000000000000000000000007E
S21404C1B8705B002089380200FD5102004225040005
S21404C1C8000000000000000000000000000000005E
S21404C1D8705B0020213F0200000000004225040096
S21404C1E8000000000000000000000000000000003E
S21404C1F8705B002049490200FD51020042250400F4
S21404C208000000000000000000000000000000001D
S21404C218756F0400705B0020A16302000000000034
S21404C2284225040000000000000000000000000092
S21404C23800000000705B0020A56C020000000000EF
S21404C2484225040000000000000000000000000072
S21404C25800000000705B0020017D02000000000062
S21404C2684225040000000000000000000000000052
S21404C27800000000B80B0000705B0020E18002009C
S21404C2880000000042250400000000000000000032
S21404C2980000000000000000705B0020C189020056
S21404C2A80000000042250400000000000000000012
S21404C2B80000000000000000705B0020318B0200C4
S21404C2C800000000422504000000000000000000F2
S21404C2D80000000000000000705B0020719003005E
S21404C2E800000000422504000000000000000000D2
S21404C2F80000000000000000705B0020798E020039
S21404C30800000000422504000000000000000000B1
S21404C3180000000000000000705B00201D9302006F
S21404C3280000000042250400000000000000000091
S21404C3380000000000000000705B0020399D030028
S21404C3480000000042250400000000000000000071
S21404C3580000000000000000705B002095EB02005F
S21404C3680000000042250400000000000000000051
S21404C378000000000000000081A20300705B00209B
S21404C38861050300FD510200422504000000000078
S21404C398000000000000000000000000705B0020A1
S21404C3A8D10B030000000000422504000000000032
S21404C3B8000000000000000000000000FFFFD00797
S21404C3C8B80B0000FFFFFFFFCEFAEFBEFFFFFDFF2E
S21404C3D8FDFF0C002C01001E2C0140068000FFFF08
S21404C3E804F8FFFF0C000000000000004000FDFFFA
S21404C3F82C019C000000FFFFFDFFFFFFFFFF60EA23
S21404C4088000800010C1CDAB010A0F312E312E38C2
S21404C4182D373032666261613435013201FFFFFF21
S21404C428FFFFFFFFFFFFFFFFFFFFFFFFFFFFFFFF0B
S21404C438FFFFFFFFFFFFFFFFFFFFFFFFFF01FF05F3
S21404C448FFFFFF0101FFFF0201FFFF640250FF0F19
S21404C4580208031E050216010A0C0520070510012A
S21404C468010F080101010104FF030101FF0C01FF8C
S21404C478405AB47F0150403000FFFFFF0B03FF050E
S21404C4880B01030105020201FFFFFFFFFFFFFFFF89
S21404C498010102FFFFFF0100BD4C0000954C00009F
S8040092A1C8
