S01B00006275696C642F72656C656173652F7A69676265652E73333714
S21400400008100020F98D0000D9D70000F5680300DD
S214004010F5680300E1D70000E9D70000F568030063
S214004020F5680300F5680300F5680300F56803000B
S214004030EDD70000BCB40400F5680300F568030083
S214004040F5680300F5680300F568030011890000B1
S214004050F5680300F5680300F5680300F5680300DB
S214004060F5680300F5680300EDDC0000975F0300C9
S214004070F5680300F5680300F5680300F5680300BB
S214004080F5680300F5680300F5680300F5680300AB
S214004090F5680300F5680300F5680300F56803009B
S2140040A0F5680300C1910000A5910000F5680300C3
S2140040B0F5680300F5680300F56803003D2C020070
S2140040C011C603000DC60300A123020027C6030085
S2140040D015C60300FD2B020019C6030031100200AE
S2140040E07D2C0200F5680300F5680300F568030000
S2140040F0F5680300F5680300F5680300F56803003B
S214004100F5680300F5680300F5680300F56803002A
S214004110F5680300F5680300F5680300F56803001A
S214004120F5680300F5680300F5680300F56803000A
S208004130F568030026
S214004134F0B5114A114C124E00F00105E3695F0711
S21400414413D40DB9334213D103EA00078F4207D1C3
S2140041540B4A1A40002A14BF6FF001000020F0BD7D
S214004164013AEBD16FF00200F9E74FF0FF30F6E7C3
S2140041746FF00100F3E700BF80969800000003503C
S214004184020001000B4B70B5D96911F480310DD1D2
S21400419401244FF48072084E084DF46020462C64C7
S2140041A41A61FFF7C5FF3464EC6070BD6FF0010060
S2140041B4FBE700BF0000035000100350002003502C
S2140041C438B541F6713301220C4C0021E569E363EE
S2140041D40B4B05F48035DA600223606121202361ED
S2140041E4FFF7A6FF10B92120FFF7A2FF0122054B17
S2140041F4DA600DB10023E36338BD00BF000003504E
S214004204001003500020035070B5134C6061E3693E
S2140042145B071ED40E4656F8043B8D18A361AE42C7
S2140042240BD10423002121202361FFF781FF58B915
S214004234BDE870402120FFF77BBF08210846FFF742
S21400424477FF10B10423236170BD56F8043BA361C5
S214004254E5E74FF0FF30F7E7000003502DE9F84399
S214004264154641F67132164B8946DF69DA63012238
S214004274064603F58053DFF8508007F48037DA608B
S21400428455B9284601220F4BDA601FB10022A3F568
S2140042940053DA63BDE8F88306F5005404EA08041C
S2140042A4A41BAC4228BF2C46494622463046FFF79C
S2140042B4ABFF0028E6D12644A1442D1BE0E700BF4F
S2100042C4000003500020035000E0FFFF45
S2140042D02DE9F04F4FF0FD0BC9B09A460DF11B09C2
S2140042E09DF8503108AFCDF80C90CDF808B0019786
S2140042F0059303890446009383790E4690464188C9
S2140043008288407813F0B8F9054650B10090A3882B
S214004310002062883A4913F0F3FC284649B0BDE80D
S214004320F08F99F8000035F091FC38B12846A38844
S2140043306288344913F0E4FC8D25EEE75A46394688
S21400434099F8000035F02AFC8346002851D0529B8D
S2140043501BB1BDF84C3198424BD8002399F8009019
S2140043600793A9F14102012A5FFA8BF123D8384658
S2140043700139254ADFF898C05FFA81FE734513DBE2
S214004380059B04210792C3B907AF18221F489FED6B
S2140043901A7B02FB060420460A460830394684ED9E
S2140043A0027B18F003FA11E010F8011F01335140A8
S2140043B00CFB01F2E2E7059B33B123464A4638463A
S2140043C0009611F081F8A8E70829DED9B8F1000FA9
S2140043D001D088F80090BAF1000F01D0AAF800B01A
S2140043E0529B002B99D05A46184608A918F0DEF9B9
S2140043F093E7012591E700BF0000000000000000E1
S2140044009A5D0400CF5D0400C59D1C811811002034
S21400441093010001000000002DE9F04F93B0CDE9B4
S2140044200A32DDE91C530E9353EC102BCDE908013C
S214004430104619468DED060B1E9E17F041FC80B106
S214004440DDE906014FF0FF32C54B17F061FC40B9BD
S214004450DDE906014FF0FF326FF4801317F03AFCE7
S21400446070B1DDE908019DED060B0E9B1E96CDE9A9
S2140044701C53DDE90A3213B0BDE8F04F00F088B9EE
S2140044800022DDE90601002317F024FC002800F0D6
S2140044903381DDE906A303F1004BCBF30A5016F493
S2140044A08063A0F2FF3008BF06250F9317F036F999
S2140044B09BA3D3E9002317F09BF99BA3D3E9002322
S2140044C016F0E0FFCBF31304894644F07F51804694
S2140044D00022A44B504641F4401116F0D1FF94A39D
S2140044E0D3E9002317F084F902460B4640464946B6
S2140044F016F0C8FF17F016FC044617F00FF98EA347
S214004500D3E900238046894617F072F90022964BBD
S21400451016F0B8FF17F006FC89A3D3E90023074678
S2140045204946404617F064F980463846894617F0F3
S214004530F5F885A3D3E9002317F05AF902460B468F
S2140045404046494616F09CFF02460B46CDE90C2332
S21400455017F04EF9DDE90C238046894610461946C9
S21400456016F090FF0022CDE91001804B40464946E8
S21400457017F068FA00227E4B16F084FF02460B46C0
S2140045804046494617F05EFA00227A4B16F07AFF4C
S21400459002460B464046494617F054FADDE90C231E
S2140045A08046894600204FF0804116F069FF02469B
S2140045B00B464046494616F065FF02460B46DDE9C7
S2140045C0100117F03FFA07F2FF3700226A4B16F089
S2140045D059FF00223B0517F00BF952465B46804612
S2140045E0894617F095FB002840F08980CDE90C89B4
S2140045F004F16303C62B8CBF0527042731051BD5A2
S21400460053A3D3E900235046594617F077FB0028FA
S2140046107FD051A3D3E900235046594617F05AFBE2
S214004620002876D00027A542C6BF2C1B04F1FF3514
S21400463000253C4646F480660E9B9F422CBF4FF0FA
S2140046400008A3EB070816F0020903D0002F18BFD6
S2140046504FF000083CB1DDE90C235046594617F0F0
S214004660F1F982468B46DDE906010022002317F0A9
S21400467031FB10B10BF100439B46DDE9080126F43F
S2140046800063CDE90183DDE90A324BEC10AB0095FF
S21400469000F07EF802465FB3DDE9091316F0200F3E
S2140046A000F10105089E0CBF65204520B047DDE9F6
S2140046B008010523002205930A23002CCDE90232C7
S2140046C007F1FF374FEAD473B8BF64422A46019316
S2140046D004970A9B009437F013F90246B9F1000FCD
S2140046E006D00B9BC41A0B9B1A190E9BA34245D8E7
S2140046F0104613B0BDE8F08FDDE906ABCDE600222C
S214004700404649461A4B17F09DF9013CCDE90C018D
S2140047106EE7002D90D00F9B002B8DD0013D8BE7D0
S214004720FB799F501344D33FB3C8608B288AC63F9B
S21400473061436F63A787D23F71A379094F930A40FD
S2140047401655B5BBB16B0240EF39FAFE422EE63F76
S2140047502D431CEBE2361A3F0000000080842E41F9
S214004760FFFFEF7F0000F83F0000E03F00002C4016
S21400477000002440000018400000F03F2020DDE943
S2140047800913089DA8470134ADE700BF00000000EC
S2140047902DE9F04F5BEC10AB97B0CDE90501DDE9F4
S2140047A02058CDE90723504652465B465946229F7D
S2140047B017F086FA70B90323CDE902870193AA4B56
S2140047C00093DDE90501DDE9072336F0CBFF17B0DE
S2140047D0BDE8F08F4FF0FF326FF480135046594615
S2140047E017F078FA28B10423CDE9028701939F4B8E
S2140047F0E6E74FF0FF32504659469D4B17F088FAD1
S21400480068B19C4A07F00403002B08BF03229A4BAA
S2140048101CBF13460422CDE902870192D0E750461A
S2140048208DA3D3E90023594617F072FA38B98CA342
S214004830D3E900235046594617F04CFA68B1DDE933
S2140048400723DDE905014BEC10ABCDE92187209568
S21400485017B0BDE8F04FFFF7DFBD0022002350463B
S214004860594617F037FA002800F091805B4652460A
S2140048700020002116F004FE012382468B46099391
S21400488017F4806400F08580092D40F285800024AE
S21400489030210EABA5F109020134202C03F8011BD0
S2140048A0A5EB040901D09442F6D15946504617F0BC
S2140048B039FA724B054603EBC90393ED007B8DED89
S2140048C00A7B16F02BFF02460B465046594616F05A
S2140048D0D7FDDDE90A2316F08BFF02460B46CDE92D
S2140048E00C2317F047FA064616F008FF02460B465A
S2140048F0DDE90C0116F0C4FD02460B46CDE90C239B
S21400490000225F4B17F004FA002848D001363046E4
S21400491016F0F4FE02460B46DDE90A0117F0E4F94C
S21400492008B100260135B9F1000F45D1284616F02A
S214004930F5FE02460B465046594616F0A1FD0022EB
S2140049404F4B17F0C7F910B9E90700D501350A2112
S2140049500EAB1A19202C0AD095FBF1F001FB10556E
S214004960303502F8015B013405460028F2D107F025
S2140049700302012A55D1B8F1000F52D0099A12B994
S21400498017F00C0F01D008F1FF38302240E00990F4
S21400499076E74FF0060988E7A946002485E7002257
S2140049A0DDE90C01364B17F095F90028BBD10EB1A6
S2140049B0F007B8D50136B6E70A210EAB1A19202C37
S2140049C00DD0B6FBF1F001FB1063092E03F13003A6
S2140049D009F1FF3904F1010402F8013B11D8302136
S2140049E0A1440EAA202CB2D04C4504F101030AD1F2
S2140049F004F158020DEB02042E2204F8202C1C466B
S214004A00A5E70646DBE7A1541C46EBE71A5501343A
S214004A10444506D2202CF9D1CDE9028701940EAB8D
S214004A20CEE6202CF8D0099B3BB12D2204F158038A
S214004A306B4403F8202C0134EEE77A0704D504F122
S214004A4058032B226B44F4E73B07E5D504F15803E3
S214004A5020226B44EDE700BF0000000065CDCD418D
S214004A600000000065CDCDC1F97B0400FD7B04008D
S214004A70FFFFEF7FF07B0400F57B0400F8C3040023
S214004A800000E03F0000000070B58EB02C22002130
S214004A9003A817F0FBFC64234FF002320893CDE91D
S214004AA005230B2301218DF834305B4B8DF8101055
S214004AB01D880D4040F0A98008463BF0DFF90A2229
S214004AC0564B574C1A704FF42873ADF812304FF00F
S214004AD0FF332360534B54491B8820460B82534BAD
S214004AE0534A1B68CD828B61524B0D621B884B82EA
S214004AF0514B1B68CB611EF037F920B14FF41B7188
S214004B004E483CF0FCFA0521206837F0E2F820B168
S214004B1040F27D2149483CF0F2FA206816F06CFC21
S214004B20474B2068196837F097F90C253BF00EFEC6
S214004B30684309903BF00AFE68430DEB05010790B9
S214004B40206818F065FB20B140F295213B483CF008
S214004B50D6FA256820F0B2FC00220146284637F037
S214004B60F3F920B140F2972134483CF0C8FA40F2FD
S214004B700353344D344E2B80052396F90000AB705A
S214004B807F2801D11EF0E6F93378EB703BF0DEFDAE
S214004B9000EB80008000A8803BF0D8FD0023C0001A
S214004BA04FF0FF31E880AB604FF0FF3018A3D3E939
S214004BB000233BF0B5FA2549206837F07EF92068D7
S214004BC002A937F09AFD20B14FF434711B483CF02F
S214004BD096FA042220680DEB020137F012F9042839
S214004BE004D040F2D72115483CF089FA01A90120EB
S214004BF036F01DFD08F034FE01201EF03DFE32F0BA
S214004C0006FD1EF063FE1EF03DF90EB070BD00BF3F
S214004C100A0020FF42030000D4620020316A002010
S214004C20005B00202ADD04000471002030DD040053
S214004C30A5FE030028DD04002CDD040028B30400D4
S214004C40546E0020F45A00203874002019FF030028
S214004C500348044B834202D0034B03B11847704706
S214004C606C7400206C74002000000000064B07499E
S214004C70C91A891048BF0131491003D0044B0BB143
S214004C8001481847704700BF6C7400206C74002001
S214004C900000000010B5064C237843B9FFF7D8FF94
S214004CA0044B13B10448AFF300800123237010BDFA
S214004CB00017002000000000D000050008B5044BD7
S214004CC01BB104490448AFF30080BDE80840CDE7B7
S214004CD00000000004170020D0000500A3F5803A6D
S214004CE0704700BF154B002B08BF114B9D46FFF7C2
S214004CF0F5FF00218B460F461148124A121A17F08C
S214004D00C5FB0C4B002B00D098470B4B002B00D05C
S214004D1098470020002104000D000B4817F0FCFE09
S214004D2017F08CFB2000290031F0B6F917F0E2FEF0
S214004D30000008000000000000000000081000202E
S214004D4008100020946A002081CB010007B50121DD
S214004D5020200DF1070201F067FC50B10121202050
S214004D600DF107028DF8071001F06EFC03B05DF838
S214004D7004FB9DF807100129F8D00122084816F018
S214004D8073FA01210DF1070220208DF8071001F0BB
S214004D905BFC31F0E6F84FF4FA6001F08FFAE5E7D5
S214004DA04815040038B501F007FA01F039FF01286C
S214004DB005D001F035FF022801D001F057FF0A4D5B
S214004DC02B783BB901F02CFF0128044602D131F0C4
S214004DD05AF92C7001F024FF012803D1BDE83840B1
S214004DE001F0D0B938BD00BFC063002010B504463E
S214004DF0008831F082F8A37884F84400834202BF2A
S214004E000123E3702371074B04F11C00C4E9073447
S214004E1001F016FD224620880349BDE8104001F047
S214004E209DBB00BF7B5703004557030070B5C37892
S214004E3004460D461646002B34D1D1B1214816F053
S214004E4013FA0123E370E36CA6600BB1E06D98479C
S214004E50E368F61A63699E4221D2217E1A48013120
S214004E60C9B2217616F000FAA36D13B1217EE06D6B
S214004E709847E57031F088F815B3237903BBA2682C
S214004E80238A801A83421BD801231048237116F008
S214004E90EBF9236DA3B1E06DBDE870401847012320
S214004EA02376E6E70029E4D1094816F0DDF9636DBC
S214004EB0E660E5702571002BDBD0E06D9847D8E7FB
S214004EC070BD00BF7015040081150400AF15040006
S214004ED09C15040013B5C8B1C2B1012910D002292F
S214004EE011D099B9C369283083B11404B4FBF3F424
S214004EF004600848009416F0B7F9002002B010BD10
S214004F00036A2C30F0E7436A3030EDE74FF0FF30AD
S214004F10F4E700BFC51504000A46044903460868BE
S214004F2010B1194630F085BC704700BF1C17002032
S214004F3070B5044694F89D2094F89E30D21A4032FC
S214004F40514201F03F0102F03F0258BF4A42D2B23E
S214004F50162A00D870BD03F03F02224492F85D2066
S214004F60552A05D0013303F03F0384F89E30E1E76D
S214004F7000205822191801F03F01214491F85D10D5
S214004F8001300A441628D2B2F4D1D24303F11601F6
S214004F9001F03F01214491F85D10D2B28A42E1D17E
S214004FA00121204630F00AFC04210546204630F058
S214004FB005FC0A210646204630F000FCA26AC4E939
S214004FC007655643E26A030248BF434202FB05F503
S214004FD0226B48BF23F07F4002FB00F303F500433B
S214004FE01B0C360C2D0C23816062A680E58030F009
S214004FF0CBFF237E33B90123237694F89E3060617D
S2140050001733B0E742F210726369C31A9342F2D8BC
S2140050102269B4F9081003FB01222261064A2369BB
S2140050209342E8D3A3F55B13A3F53A532361E368F1
S2140050300133E360F3E700BF80EE360010B50446A8
S21400504001F0A4FC2046FFF773FF0221054801F09B
S21400505089FC04F134004FF47A71BDE8104030F05A
S2140050608ABF00BF2DB404002DE9F8430D4616464E
S2140050709846044610B3A8220021043017F006FA1A
S21400508040F29D1240F20513C4E90A236923DFF8B3
S214005090889023634246314628461A4B2580668010
S2140050A0C9F8004001F0FAFB074660B1002332461B
S2140050B029461548C9F8003016F0D6F84FF0FF37E5
S2140050C03846BDE8F88330F05FFF012384F85C3093
S2140050D00E4B6061C4E92834032384F8A8300C4BD7
S2140050E0C4E90D343434204601F0AAFB20464FF4C0
S2140050F07A7130F040FF434632462946054816F09E
S214005100B3F8DDE7194F0000FE15040030B40400C4
S2140051103D5000002B1604001C17002058B101B1AA
S214005120816202B1C26203B10363816AD0E90B23D4
S214005130014816F099B870475C1604002DE9F8434C
S2140051400E4617461D460446002846D092220021E9
S214005150063017F09BF9224A224B3046C4E9152345
S21400516043F273630022E365114626806780A580BC
S21400517030F0E5FE0022A0711146384630F0DFFE22
S21400518000224FF001081146E071284630F082FEFA
S214005190284630F09EFE84F83C8030F0F5FE124B38
S2140051A004F16009C4E91834206284F8898048460E
S2140051B001F046FB0D4B3A463146C4E923340C4811
S2140051C02B4684F8948016F04FF8484641F2883112
S2140051D030F0D1FE0020BDE8F8834FF0FF30FAE74C
S2140051E0305C020076CF01004F5903004CB4040037
S2140051F08116040058B101B1416502B1826503B160
S214005200C365416DD0E91623014816F02DB87047E6
S214005210B516040013B5C8B1C2B1012910D00229D1
S21400522011D099B9836C543083B11404B4FBF3F4F1
S21400523004600848009416F017F8002002B010BD6D
S214005240C36C5830F0E7036D5C30EDE74FF0FF308D
S214005250F4E700BFDB16040070B5044600F13C0618
S21400526080F83B1030460D4630F08AFE238F1BB187
S21400527094F83A30AB4205D129462046BDE8704046
S21400528030F0DCBB054B3046C4E90F3401F0D8FAE9
S2140052903046BDE87040142130F06DBE655A0300FC
S2140052A070B51E46838804460D46C18002810BB148
S2140052B0868070BD3C3030F063FE94F83430BBB16D
S2140052C094F83610002908BFFF21204630F0B6FBC0
S2140052D00123E370074BA680C4E903340C34204650
S2140052E001F0AEFA29462046BDE8704030F043BED5
S2140052F0FF21EAE7D35A030058B1064B064A07498E
S214005300C0E90023064BC0E902130023C0E90433BA
S214005310836170471E009065C409102708523C0040
S214005320600E803E10B501790446B1FA81F100881E
S214005330490930F02BFD21796088B1FA81F14909DD
S21400534030F024FD034B1A68A24204BF00221A6004
S21400535010BD00BF2017002070B543790446A3B1E6
S21400536000880E4E04F10805336813B10C4B1B7809
S2140053706BB1217930F00AFD64210A4B3460A360DA
S2140053802846BDE8704030F0F6BD4088E9E706489C
S21400539015F06AFF054B3221A360F1E720170020C5
S2140053A0C36300202553000018170400595300005B
S2140053B010B50446E0B10F4815F056FF012363719F
S2140053C0A37953B92179208830F0E0FC236B7BB1B8
S2140053D0606B0121BDE8104018472046FFF7A2FF8A
S2140053E004F1080030F0CCFD2046FFF7B5FFEDE7EE
S2140053F010BD00BF4E17040010B50446F8B11048A3
S21400540015F032FF00236371A3796BB921792088E8
S214005410B1FA81F1490930F0B9FC236B7BB1606BBE
S2140054200021BDE8104018472046FFF77BFF04F137
S214005430080030F0A5FD2046FFF78EFFEDE710BD13
S2140054405917040010B5044668B1074815F00CFF5C
S214005450637920461BB1BDE81040FFF7CDBFBDE81D
S2140054601040FFF7A5BF10BD6517040010B50E4C21
S2140054700E48214615F0F8FE82210D4815F0F4FE80
S21400548082210220A21E01F0DFF8014630B134F876
S214005490022C0848BDE8104015F0E6BE0648BDE8F8
S2140054A0104015F0E1BE00BF525C002074170400E7
S2140054B08F1704009A170400DE17040038B5124C44
S2140054C082212246022001F0AFF8A51C014698B1C1
S2140054D022880E4815F0C8FE2A460D4B03F13C0103
S2140054E053F8040B8B4242F8040BF9D119889B78C9
S2140054F0118093703E23238035F8021C054A064827
S214005500BDE8384015F0B0BE505C0020E917040036
S21400551069180400525C002047180400034B1B78EF
S2140055201BB18B4201D830F01CBD7047C3730020FE
S21400553010B5044601460E4815F096FE012C11D112
S2140055400C4B0D481A884FF6FF739A421EBF002276
S214005550094B5A7430F04FFB02F0D2FDBDE8104004
S21400556002F076BC0448BDE8104030F046BB00BFF1
S214005570A818040074730020E06D002070B50024A5
S2140055801A4D1B4E3378A3421BDC0024194D1A4ECD
S2140055903378A3421BDC0024184D194E3378A342FF
S2140055A01BDC01F03DFB012816481CD130F023FB24
S2140055B002F0A6FD02F04CFCBDE87040124801F077
S2140055C04FBB2846FFF712FC01346035DAE7284661
S2140055D030F0CEFA01346435DAE7284630F0DBFBEB
S2140055E001343835DAE730F008FBE5E7102700200D
S2140055F0C9630020302B0020CA630020E02400206E
S214005600C8630020E06D0020315500002DE9F04F02
S21400561089B0FFF753FFA64B07A8079330F0F9FBB6
S214005620054616F02FFEA34CC2B21F2A627004D99C
S214005630A14815F019FE00F035FE2946A01C17F00B
S214005640B5F807A830F0E5FB054616F01BFEC2B21B
S2140056501F2A84F8212001D99848EAE7294604F150
S214005660220017F0A3F807A830F0D3FB32258246B5
S21400567000269AF80030002B40F0FA80904CFFF796
S2140056807DFF23788F4F00938F4E904B3A781B7890
S21400569031788F4815F0E8FD8E4B1B7803930BB1DD
S2140056A0337803938948327839780078531803445E
S2140056B0207800240344DFF85492039825460344D8
S2140056C04846DBB2A24200F3C584012B38BF012353
S2140056D0814D04932A4600232C464FF482714FF6E0
S2140056E0FF7804980133834213705180A2F8048037
S2140056F002F10C02F5DB794B77496E48A36001F0A6
S214005700B1FBE079A36800EB400003EB800000F0FB
S214005710D5FFE3790133E371714B1B88434503D012
S2140057206D49704801F0EEFC4FF00008DFF8DCA190
S2140057306A4C3378434500F397846B4B1B785BB118
S2140057406A4B1B78012B07D16349694801F0F6FFC5
S2140057506149684802F08EFA4FF000084FF00C0BD3
S214005760DFF894A15C4D3A78424500F392845E4B94
S2140057701B7823B11AB160495D4830F05FFE0C21FA
S2140057804FF000084FF0940B3B7896F800A09A4430
S21400579001FB0A514D4B1878584A404500F39A844D
S2140057A00C214FF0000B96F800803B78DFF810A134
S2140057B09844804401FB08519AF80020504B5A4503
S2140057C000F39F84484B1B78ABB1DFF820B19BF801
S2140057D0001001290FD94FF00C08013908FB0151C0
S2140057E0434801F0ABFF9BF800104248013908FB24
S2140057F0015102F03FFA33783A7806211344334ACF
S2140058000126127813449AF8002013440C2202FB57
S214005810035500231846039A0C359A4209F1AC0941
S21400582000F3868404992C48304D01F039F92E4B4C
S21400583040F2055240F6043128781E7801F012F93D
S2140058400022044640F20271287801F00BF9214646
S2140058500246304601F074FA079B15491A468B42F9
S21400586040F07984274809B0BDE8F04F15F0FCBC3D
S214005870532B11D19AF801304C2B40F04F819AF8F7
S2140058800230502B40F04A811F4B01221A7007A8A5
S21400589030F0BFFA8246ECE6322B39D19AF8013066
S2140058A0452BF4D19AF80230502BF0D1094BECE797
S2140058B0525C0020DC6C0020C7180400DE180400D0
S2140058C0C4630020C6630020C7630020C5630020B1
S2140058D09D190400C2630020981A0020281B00208F
S2140058E07473002024170020C1630020C2730020B8
S2140058F0741700200810002014200020581E0020D6
S214005900081D0020ED190400C36300202422002097
S214005910442B15D19AF80130303B092BB7D80AF141
S214005920010030F083FAB84BB84A1978002385B2E4
S214005930994202F16002AADD22F8465C0133F7E7DD
S214005940422B0DD19AF80130542B43D10AF10200B4
S21400595000F052FEAE4B188018462FF0D0FE96E7A9
S214005960582B1ED8412B92D9A3F14302152A00F2D8
S2140059703B83DFE812F0D00139031B0239033903F9
S21400598039037800390339035000210039033903FD
S214005990390339031701D3003903390339033903AF
S2140059A07801692B7FF473AF0AF1010030F03EFAFC
S2140059B080B230F0D2FA6AE7964B012019780023BD
S2140059C0954A994202F1AC027FF761AF02F8AA0C41
S2140059D00133F6E70AF1010000F00EFE04460AF174
S2140059E0030030F09BFA01210246204630F052FABE
S2140059F060218548854F037859437A187C524FF4C6
S214005A00FA6111824FF4487151618449013355831C
S214005A10116503703BE70AF1010000F0EDFD00227E
S214005A204FF0640881467E4F114630F033FA7D4CC5
S214005A303E780AF1030108FB06F306FB08463046EB
S214005A4024F8039030F0CBF93046012630F090F879
S214005A5000213B78744A03FB0844334414605160C9
S214005A6016743B7013E70AF1010000F0C5FD002232
S214005A704FF0640881466A4C114630F00BFA694FC5
S214005A8023780AF1030108FB03F203FB087840467B
S214005A9027F8029030F0A3F9404630F069F8634BDF
S214005AA0634A93F800C0104600239C450ADD116D3A
S214005AB0583239BB582202FB03006423227802FBCB
S214005AC003730365544A00231046D2F8A410D9B9CC
S214005AD0AC2202FB03006423227802FB0373C0F8A7
S214005AE0A4305EB9504A3346114652F8040B88B9C2
S214005AF06422207800FB027241F8232023780133C9
S214005B002370C4E60133D0E70133042B02F1AC0264
S214005B10DBD1E6E70133042BE7D1EFE70AF101001A
S214005B2000F06AFD07460AF1030030F0F7F901219C
S214005B300246384630F0AEF960213348334C0278DE
S214005B40DFF8D0C05143631867524FF4487119828A
S214005B50596138495D8399659AF80310AC27642922
S214005B6004BF012199709CF80030DFF8ACE05F4379
S214005B700EEB07010EF807304FF400774F8003272F
S214005B800F718F7102EB420704EB47148C603224CE
S214005B900133DBB201324B7181F8A04002708CF801
S214005BA0003074E60AF1010000F026FD00224FF0F6
S214005BB0380B80464FF001091F4F114630F06AF946
S214005BC03B781E4C0BFB03F3E21824F8038082F8A4
S214005BD004909AF80330692B32D1002313715822AF
S214005BE0124913480B785A4300EB020C835438785A
S214005BF00133C0EBC00204EBC204421CCCF84C409C
S214005C003A700B7043E600BFC963002010270020DF
S214005C1074730020C763002024220020C95D03009F
S214005C20CA630020302B0020E06D0020C6630020F1
S214005C30142000201D550000C8630020E02400202A
S214005C40002BCCD00AF1030000F0D6FC00228046E0
S214005C50114630F01FF93B780BFB0343A3F8028094
S214005C6083F80690BBE70AF1010000F0C5FC074682
S214005C700AF1030000F0C0FC04460AF1050030F00B
S214005C804DF9804602460121384630F003F9424677
S214005C902046012130F0FEF86020DFF83CE3BF4AE2
S214005CA09EF80030DFF8348300FB03FC02EB0C01A7
S214005CB022F80C704FF4487C4D83A1F810C0C1F850
S214005CC014C0C1F85880591CC9B2484314529424D1
S214005CD01718A7F810C0C7F814C07D83C7F85880F7
S214005CE0AF4F981C8EF800003878DFF8F4C24443B3
S214005CF003EB430301EB41010CEB040E02EB4313F1
S214005D0002EB41120CF80400CEF80430CEF808205E
S214005D1001303870BBE50AF1010000F06DFC8046EA
S214005D200AF1030000F068FC0022074611464046D0
S214005D3030F0B0F8002238241146384630F0AAF881
S214005D409848994A03784FF0000E04FB03FC22F8AB
S214005D500C804FF0010802EB0C0181F806E081F898
S214005D60048003EB0801C9B24C4302EB040C175342
S214005D709C1C047070248D4F8CF806E038788CF8E4
S214005D8004804443DFF85CC2C3EBC303C1EBC1012C
S214005D900CEB040E02EBC30302EBC1020CF804008A
S214005DA0CEF80430CEF808204044B2E79AF8013026
S214005DB0502B75D151467E4815F056FA0AF102006E
S214005DC000F01AFC07460AF1040000F015FC8046B5
S214005DD00AF1060000F010FC4FF6FF739F42814662
S214005DE03FF455AD98453FF452AD98423FF44FAD61
S214005DF00346424639466F48FFF7A0F90446002896
S214005E007FF445AD0AF1080A562150462FF0DEFF12
S214005E104121039050462FF0D9FF57218346504624
S214005E202FF0D4FF039B82461A78562A03D1581CBB
S214005E302FF0FCFF04469BF80030412B2BD10BF1D2
S214005E4001002FF0F3FF83469AF80030572B25D138
S214005E500AF101002FF0EAFF03465A46214655484C
S214005E60FFF7C8F953482FF0E0FD534C0146206079
S214005E70524801F019FC2168514830F061FB0123BB
S214005E80504A39461370504A504813704B464246A3
S214005E9015F0EAF9FBE44FF0000BD5E70023DCE74A
S214005EA0422B7FF4F4AC5146414815F0DDF90AF177
S214005EB0020000F0A1FB07460AF1040000F09CFB7C
S214005EC04FF6FF739F4280463FF4E1AC98423FF4A2
S214005ED0DEAC0AF1060A532150462FF077FF03780E
S214005EE08B4253D101302FF0A1FF0346424639467C
S214005EF03748FFF7B9F8044600287FF4C8AC5621A7
S214005F0050462FF063FF4121834650462FF05EFF38
S214005F105721814650462FF059FF9BF800308246A5
S214005F20562B04D10BF101002FF080FF044699F8A0
S214005F300030412B2DD109F101002FF077FF81466B
S214005F409AF80030572B27D10AF101002FF06EFF88
S214005F5003464A4621461E48FFF7E0F81C482FF045
S214005F6082FC154C01462060144801F09DFB216818
S214005F70134830F0E5FA0123124A39461370124AE4
S214005F8014481370424615F06FF980E44FF49653A8
S214005F90ACE74FF00009D3E70023DAE7102700202C
S214005FA0C5630020C8630020E0240020C4630020EE
S214005FB0EE180400001A0020501900207417002064
S214005FC008100020C1630020C27300201C190400C2
S214005FD0541900204B190400C96300201D55000009
S214005FE0581E0020081D00204F2B7FF450AC9AF856
S214005FF001304C2B7FF44BAC5C4B1B78002B3FF4F2
S21400600046AC0AF1020A432150462FF0DFFE044652
S214006010502150462FF0DAFE23780746432B15D141
S214006020601C2FF003FF84B23B78502B10D1781CF5
S2140060302FF0FCFE82B221464D482FF0F6FD4D4B68
S2140060404D48B3F86A20B3F85E109CE70024EBE7EF
S2140060500022F0E790F805C001348C4584BF057136
S2140060604571AC30FFF72EBBB8F1000F06D015F81F
S214006070053C03EB430304EB8304AC60294650461F
S21400608002F03CFA08F101080AF1AC0A0C35FFF7F9
S21400609050BB317811EB08010AD04A1E0BFB0252A6
S2140060A0D27902EB420204EB82040BFB01529460AD
S2140060B050460BFB015101F087FF31782F484144D1
S2140060C00BFB015101F098FD08F101080AF1580A8E
S2140060D0FFF749BB18EB0A0F18BF11F8050C05911E
S2140060E01EBF00EB400004EB80048C600BFB082016
S2140060F001F0CCF90599224B08F101080C31FFF7A5
S2140061004ABB70201BEB080F18BF11F8052C00FBCC
S2140061100B301EBF02EB420204EB82048C6005913A
S21400612001F08AF805990BF1010B0C31FFF744BB1F
S21400613015F8112C05F8056C02EB420204EB8204FC
S21400614015F80C2CC4E9001045F8044C09F8042C8A
S2140061500133FFF760BB13F8011D00297FF47DAB08
S2140061603B2102F8011CFFF778BB00BFC16300208B
S214006170D0170020741700206F190400D4240020C4
S214006180C563002008B5094B1B786BB1084830F092
S21400619058F9074830F0D3F9064801F0F7FDBDE896
S2140061A00840044830F0DEB908BD00BFC1630020D7
S2140061B0741700200810002008B5064B1B783BB16A
S2140061C005482FF03AFCBDE80840044830F039B9DD
S2140061D008BD00BFC1630020001A0020741700200D
S2140061E007B5012121200DF1070200F01DFA18B9AC
S2140061F09DF80720024B1A7003B05DF804FB00BF41
S214006200C373002007B5064B8DF8070018700121F0
S2140062100DF10702212000F017FA03B05DF804FB29
S214006220C373002007B5022101200DF1060200F01D
S214006230FBF938B9044815F017F8BDF8060003B0A6
S2140062405DF804FB0020FAE70A1A040007B50221ED
S214006250ADF806000DF10602012000F0F5F9014642
S21400626010B1034815F000F803B05DF804FB00BF5A
S2140062702B1A040010B5FFF7D5FF04460146074861
S21400628014F0F2FF0121064814F0EEFF24B9BDE831
S21400629010400120FFF7DABF10BD00BF5B1A0400F4
S2140062A06D1A040008B5044814F0DEFF00F0DCF9AF
S2140062B02FF057FE2FF052FE831A040038B504461E
S2140062C0084D094B28462B6000F0BAFA002C18BF80
S2140062D021462846BDE8384008BF4FF496712FF097
S2140062E04ABE00BF242D00204B5E03002DE9F0437C
S2140062F0384D91B008AC0746894690460FCD0FC47E
S21400630095E80F00002684E80F0001250323324C91
S2140063103248CDE90366CDE905668DF80E3007965E
S21400632002953AF095FE2E483AF092FE32462D49F6
S21400633020468DF8176005F009FA334632462A499A
S2140063408DF81900009020468DF82390CDF82C800B
S2140063508DF8216005F014FA0A9020468DF8097031
S21400636005F076F9204608AA05A905F02FFA02AA34
S214006370204603A931F012F84FF400721B4B5A6204
S214006380194BE560626A920510D46BB94FF400723F
S214006390164B11485A6205F05BF911483AF05BFE5D
S2140063A0002011B0BDE8F083013BEBE7002BEDD0F9
S2140063B0094908A831F025F84FF400720B4B06483F
S2140063C05A6205F045F906483AF045FEBDF8200049
S2140063D0E7E700BF68B404000040005A1CB704009A
S2140063E018B7040080841E0040420F000060005A68
S2140063F00122034B1870034B1980034B1A70704729
S214006400CC6300207C730020CB630020F8B5454B9E
S2140064101B780BB90020F8BD434B1B78012B03D12A
S214006420BDE8F8402FF014BD404B1C884FF6FF73B4
S2140064309C42EFD03E483AF00BFE0023260AE4B218
S2140064401A462146304605F0C3F8012E354604F0BC
S214006450010335D015D9B51E012DDBD8002B0BBF97
S2140064604FF480754FF080754FF470614FF0706197
S2140064700BBF01274FF480370F204FF470202D4BB1
S21400648011E0002B0BBF4FF480754FF080754FF472
S21400649070614FF070610BBF01274FF480370F20FB
S2140064A04FF47020244B1A6802401CD0BA421AD00F
S2140064B01A680A4032D11A6822EA01022A4316E014
S2140064C0002B0BBF4FF480754FF080754FF4706152
S2140064D04FF070610BBF01274FF480370F204FF449
S2140064E07020164BDFE71A6822EA00023A431A6069
S2140064F02FF0AEFC054600288CD0083644EA06107D
S2140065002A460321C0B2FFF7F1FE40F6FF73684348
S21400651000F2FF70B0FBF3F080B27CE795427FF4A8
S21400652079AFC8E7CB630020CC6300207C730020E3
S2140065301CB7040028C3035020C3035024C30350D1
S21400654010B5044C237823B903483AF081FD0123A3
S214006550237010BDCE6300201CB704002DE9F04365
S2140065601F4C85B0074688469146FFF7E9FF23781B
S2140065701BB902F0DDFC012323707BBAADF80C30AA
S21400658030220023174E02FB03F4315DA51901BB30
S214006590012333554FF0FF3304F110001249304405
S2140065A0AB606F80C5F80480C5F80C900AF078F8E8
S2140065B004F10801042231440C4B009503A802F0B4
S2140065C08DFDA96802460A4814F04EFE05B0BDE8E7
S2140065D0F0830133102BD6D1064814F045FEF5E7BC
S2140065E0CD6300204C2D0020755E0300875E0300FF
S2140065F0901A0400BE1A040080B10278A2F141038A
S214006600032B0BD840783038C0B2082806D8054B84
S214006610134413F8413C40EA032070474FF6FF70DE
S214006620704700BF88B4040008B50B4642B1014667
S2140066300448006803F096FEBDE808402FF087BCCB
S214006640022008BD4C6E002008B50B4642B101463C
S2140066500448006804F00EF8BDE808402FF077BC48
S214006660022008BD4C6E0020F0B50026124F8DB0FB
S214006670FF2300930A223346386802A930F04BFC09
S214006680C0B102AB1D4603EB800404E055F8043BA2
S214006690B34228BF5E1CAC423868E9D9296804F0CA
S2140066A06FF90028F2D02D28F0D00DB0BDE8F040EC
S2140066B02FF04DBC0DB0F0BD4C6E002028B1034B42
S2140066C00360034B43600023836070471900000398
S2140066D0F46D00202DE9F04F00230746DFF82881EF
S2140066E08B4698F80020424985B022FA03F0C0078E
S2140066F008D531F81300B84204D15DB2284605B07B
S214006700BDE8F08F0133032BEFD112F0010667D1FD
S214006710384C75B294F80090B9F1000F21D10F22D1
S21400672049460DF1010015F0B1FE3F238DF80090AB
S214006730DFF8C89069464846ADF8023030F0A0FE53
S2140067401E2004F0B5FC4FF47A43B0FBF3F02A4B5E
S2140067501860D9F830300123C9F81C00C9F80C308D
S21400676023700D220021684615F090FEBBF1000B49
S21400677018BF4FF0010B0323204C6A4631462046D3
S2140067808DF806308DF80AB030F0B7FE236B002384
S2140067904FF0010A04EB461083664FEA1729184BA0
S2140067A0F9B249EA014032B243F82200154A0AFA21
S2140067B006FAD2F84C35484643EA0A03C2F84C3586
S2140067C05B46042204F004FF98F8003043EA0A030C
S2140067D088F80030064B23F816708FE7022697E7F6
S2140067E0910795D55307F9D54FF0FF3586E700BFDB
S2140067F0D25C0020D06300204C30002000C0045043
S21400680050C5035000C00350CF630020022810D8A4
S214006810084B1B78C340DB070BD5074B1B6803FBF5
S2140068200111FF23B1FBF3F1044B1A6B03EB40138A
S21400683019677047CF6300204C30002000C004501A
S214006840FF2307B50021044A0093083009F0ACFE88
S21400685003B05DF804FB00BF715F03007FB50D4E0B
S2140068600D4C33686A4600211046A5692D0606D4ED
S21400687011F0FF0101D003B1984704B070BD656AFE
S2140068800131102902F8015BEFD1002BEAD09847BE
S214006890E7E700BF50300020008005502DE9F047A4
S2140068A08A46914688B0002A4DD04FF6FF72904235
S2140068B049D0914247D0254A5FFA80F8070A384601
S2140068C00E0A13604146012304225FFA8AFA204D1D
S2140068D004F07EFE01AC304601230222514604F04D
S2140068E077FE0FCD0FC495E8070084E80700002464
S2140068F001A91848CDF80C908DF8044005F034FA3C
S2140069001022154B47EA084746EA0A46C3F8C475FC
S214006910C3F8BC65C3F8AC250423104A0B20936467
S214006920A2F58052D36406F047FD0B2006F028FD42
S2140069300848052130F01EFE01222046084B1A703A
S21400694008B0BDE8F0874FF0FF30F9E75030002080
S2140069508CB404000080055000C0035000A0055011
S214006960D163002070B5074B04461B784BB141B18C
S214006970054E451814F8011B304630F00AFEAC42AE
S214006980F8D170BDD16300200080055010B5074BCC
S2140069901B784BB13AF0BEFA0446FFF75FFF20467D
S2140069A0BDE810403AF0B1BA10BD00BFD163002078
S2140069B00B460449024608680349097808B12FF0D7
S2140069C0ECBA704760300020D3630020F7B50C4661
S2140069D018B12F2119483AF092FB246823685E7993
S2140069E05F8830463946FFF7E3FFF0B18568E5B1CA
S2140069F0A089227D3946904291BF0020801AA36864
S214006A0080B294BF03469B18E27C00903046A847AD
S214006A100138032803D8DFE800F0080F0B0D002428
S214006A20204633F07DFE204600E0812003B0F0BD16
S214006A308024F5E79324F3E78724F1E7E61A0400B9
S214006A4007B50B46009205490246054809780068D6
S214006A502FF0C5FA03B05DF804FB00BFD363002037
S214006A606030002007B50B460092064902460648ED
S214006A70097800682FF0B3FA003818BF012003B079
S214006A805DF804FBD36300206030002008B5034B9C
S214006A901B6803B19847002008BD00BF5C3000208B
S214006AA02DE9F74F04460D460026454B454F186026
S214006AB0454B197033010021F85C013610F0CAFB13
S214006AC00C2EF7D10C2D28BF0C254FF00009019590
S214006AD03C4EDFF800A13D4DDFF8FC80019B4B45A6
S214006AE002DC03B0BDE8F08F23784FF0000B337064
S214006AF063887380A388B380A379C6F80880B371CF
S214006B00E379C8F8005088F804304FF00003A7680F
S214006B10A8F80630E3795B450ADC012116F8100B6D
S214006B2010F098FB08F1080809F101090C34D5E7C4
S214006B304FF0000338886B812880FB784FF0000CFC
S214006B402B81BA78C5F804A0002A00920CBF8022D8
S214006B5040222A7379680AF10C02634513DC03EBC2
S214006B6043030AEB830ABB6843B1009A4FF6FF71F2
S214006B70B2FA82F2164B520933F062FD14350BF16D
S214006B80010B0C37C6E7B1F800E00CF1010C22F857
S214006B900CEC91F802E00C3202F816EC91F804E0E6
S214006BA00C3102F815EC11F809ECBEF1010F14BF18
S214006BB04FF0100E4FF0110E02F814ECCDE700BFA8
S214006BC06030002054470020D36300206436002045
S214006BD0CD69000064300020E4380020014B1860C6
S214006BE0704700BF5830002070B5128805460E4624
S214006BF0FFF726FF044670B102790499806815F005
S214006C0097FC064B1B680BB9002070BD3146284622
S214006C1022889847F8E78620F7E700BF583000201C
S214006C2008B50FF0B3FB022806D0012806D0044BA7
S214006C3018784000C0B208BD0120FCE70220FAE741
S214006C40D2630020054B10B51C682CB1FFF7E8FF97
S214006C502346BDE81040184710BD00BF5430002042
S214006C60014B1860704700BF54300020034B1A7861
S214006C701AB901221A700BF08FBB7047D26300203E
S214006C800022024B1A70FFF7DDBF00BFD263002060
S214006C9037B50446002832D00FF078FB022830D1F2
S214006CA0608934F0BAF8E079237A003818BF0120FA
S214006CB0012B637A08BF40F008000BB140F01000CB
S214006CC063890BB140F00400257CA188A2790DB140
S214006CD0E36873B90C4B10F099FE2178084610F063
S214006CE011FF33F0A6FB002814BF0320002003B0DA
S214006CF030BDCDE90035054B10F088FEEDE70220EB
S214006D00F5E70120F3E700BFB36A04006239040028
S214006D1008B50DF09FFC014630B1044814F0A4FA03
S214006D20BDE808400EF03AB808BD00BF741B04006A
S214006D30024B187C00B11868704700BFE06D002059
S214006D4030B5C0B100290CBF30203120002A0CBF5E
S214006D503024312414220023084911F8015F3F2D06
S214006D6006D1002B14BF2546054601330D70DBB255
S214006D70013AF2D130BD2D200446EBE7C473002063
S214006D80034B044A5B7C012103201370FFF75CBCB5
S214006D90E06D0020D463002037B50446FFF7F0FF0F
S214006DA0B4F57F4F27D10025204B1A8813449D70D9
S214006DB0FEF75CFB2846FFF781FA1D4D2A68C2B134
S214006DC0FFF7B6FFA8B14FF605739C4224D192F8A0
S214006DD041102EF0ECFE2B680421B3F8422093F805
S214006DE041303220ADF8062001AA8DF80430FFF7B6
S214006DF02BFC03B030BD4FF601739C4203D10D4807
S214006E002EF0E1FED9E74FF602739C42D5D10A4B2D
S214006E101878FFF7F7F9D0E74FF606739C42E8D1EB
S214006E20B2F842102EF0CDFED5E700BF505C002031
S214006E3044390020E06D0020C373002010B5074CD5
S214006E40012122460320FFF7EFFB28B92378044AE6
S214006E50003B18BF0123537410BD00BFD46300204D
S214006E60E06D00207A4BF7B51A884FF6FF739A420A
S214006E7018BF03234FF008020D467649044618BF94
S214006E800B70754B36201A7030229A705A71372262
S214006E909A7134221A724FF4001218716F486264A5
S214006EA0E0646F48012220656E483227A0656E4870
S214006EB0A618E0656D48E66760666D486D4EA0668C
S214006EC06D485F7020676D48DF706067202084F82B
S214006ED0780084F8840004F12100C4F8880068482B
S214006EE0DF71C4F8806084F8482084F8542084F861
S214006EF0602084F86C20C4F88C0084F89020C4F8D5
S214006F009410C4F8B8305F4B5F49C4F8BC30022315
S214006F10C4F898105D4984F8C030C4F8A410152150
S214006F205B4B84F8A810C4F8C4305A4B5A49C4F8CE
S214006F30C8308223C4F8AC10584984F8CC30C4F862
S214006F40B0100921564B574EC4F8D030564B84F833
S214006F509C20C4F8D430554BC4F8A040C4F8DC30AC
S214006F60337C84F8B41084F8D820002B6AD0504BB9
S214006F7084F8E420C4F8E03006F11103C4F8E830E1
S214006F80FFF7D6FE90F83430002B5DD090F8363000
S214006F90042184F84130FFF7CBFE038F01AA384660
S214006FA0A4F84230FFF740FB38B99DF8043084F867
S214006FB04130BDF80630A4F84230FFF7B9FE94F829
S214006FC041102EF0F4FDFFF7B3FEB4F842102EF099
S214006FD0F8FD384B10211C60374BC4F8EC30012309
S214006FE084F8F03004F14103C4F8F430334BC4F8AD
S214006FF0F830022384F8FC3004F14203C4F8003170
S2140070004FF0000CEA79A86802EB42039F0000EB01
S214007010830320F807C0D9700121443499705C605E
S2140070205318EB71FFF7DCF8FFF708FFFFF7F8FDE2
S21400703001280BD1337C4BB11A4803B0BDE8F040B1
S2140070402EF0C1BD0D21DBE70E21D9E703B0F0BD60
S21400705074730020D9730020D5630020ADB40400FB
S21400706001002000ACB4040002002000ABB4040011
S2140070700300200005004200AAB4040004004200F9
S21400708007003000FDFF2100120010010040420002
S214007090A8B4040000FF4401C473002006004200A8
S2140070A0505C0020E06D002002FF2001C37300202A
S2140070B001FF10014439002005FF200106FF2101D1
S2140070C013B504460D482EF025FB6422C0F30F438B
S2140070D0637083B2B3FBF2F3A07823702022012101
S2140070E02EF098FFA078212201212EF093FF04496C
S2140070F0201D02B0BDE810402EF03DBF7473002086
S214007100E09304000B7870B583704CF61E03038082
S2140071104FF02013C362012380F8303080F83C30F3
S214007120C3180364124B044643640223114A80F8D2
S2140071304830114B8263C3644063CA798D6802EBA2
S214007140420305EB830004F12C0646600B4E45F81F
S214007150236000238360531CCB71094B201DC4E9B8
S2140071600134FFF76DFB2046BDE87040FFF7A8BF6F
S214007170FDFF210021002000AEB404000100010341
S214007180C1700000437B044A01211370007811305F
S214007190C0B2FFF759BA00BFDF63002038B5044617
S2140071A00078054D11302A460121C0B2FFF73CFA9F
S2140071B008B92B78637338BDDF630020024B53F8A1
S2140071C020002EF0EEBF00BF48390020012908B588
S2140071D006D0022907D049B92EF0DAFF002008BDF4
S2140071E02EF0D9FFFAE72EF0D9FFF7E7024814F0A1
S2140071F03BF80120F3E700BFA11B040010B4054CC8
S214007200114654F820001A46BDF804305DF8044BC9
S214007210FFF7DCBF48390020002310B50446838101
S2140072200364A0F844304830FFF70AFB014BC4E97A
S214007230123410BD8961030038B504460B781A4A2B
S21400724043700D4642F82300FFF7E6FF2046FFF79F
S214007250A5FF4FF4401323610123144A2375A2614E
S214007260134A84F82030E261124A84F82C306262B5
S214007270114A84F83830A26204F10C0222630F4AE5
S21400728004F10D036263E363EA79A86802EB420344
S21400729000EB830110344C60094C40F82340094B46
S2140072A08B60531CEB7138BD48390020DE6300202C
S2140072B008002000DA73002000FF300001FF1001F4
S2140072C002010104FD71000010B47024427B0D48D9
S2140072D0013A012904FB020006D0022908D059B958
S2140072E05DF8044B2EF054BF5DF8044B2EF053BFF0
S2140072F05DF8044B2EF052BF03485DF8044B13F0C4
S214007300B3BF00BF081D0020BD1B0400B0F85C30F2
S2140073102DE9F0418B4204460E4638D0437B077C6D
S2140073208BB31C4A12789A422DD370251A4A013B19
S21400733005FB032390F80F801B7B42462EF03FFF91
S214007340B845054601D1FF281FD13A4631462046AA
S21400735094F890302EF033FF2F4605465522122122
S2140073606078A4F85C602EF055FEFF2F03D03946F7
S2140073702046FFF7A9FFFF2D09D029462046BDE885
S214007380F0412EF05CBFFF25DFE70746E6E7BDE8E5
S214007390F08100BFC4630020081D00204168826899
S2140073A0C978D27849B112B10321FFF7AFBF837B0A
S2140073B0002B0CBF01210221F7E72AB1837B002BAB
S2140073C00CBF02210121F0E7014813F04DBF00BFBA
S2140073D0CE1B0400037BD3B14368DA7812B182680F
S2140073E0D278A2B91B7933B1837B002B0CBF042162
S2140073F00521FFF78BBF83681B792BB1837B002B9E
S2140074000CBF05210421F4E7014813F02DBF704797
S214007410001C0400084A437B05211370837B5370CD
S214007420C37B9370037CD370037B137100780E309C
S214007430C0B2FFF709B900BFE063002038B50446C4
S21400744000780C4D0E302A460521C0B2FFF7ECF846
S21400745020B1BDE83840084813F006BF2B786373A8
S2140074606B78A373AB78E373EB7823742B79237371
S21400747038BD00BFE06300203C1C0400024B53F8FC
S21400748020002EF026BF00BF78390020F8B504464D
S2140074900B78424A43700D4642F82300404E2EF0C9
S2140074A036FFFFF7CBFF6268A3683E483E49D664C6
S2140074B01165D4655065C3E91410DE64DC654FF0D1
S2140074C0987302266361012304F10C01E1613749D8
S2140074D01032216204F10D01A16235492376E16282
S2140074E004F10E016163334984F82430A16304F18A
S2140074F00F012164304984F83030616404F11001D2
S214007500E1642E4984F83C3084F84830216584F8DC
S2140075105460A265E879A96800EB400201EB820797
S21400752004F1140CC7F804C04FF4817C244F41F8D2
S2140075302270C218D2B202EB420241F822C001EB1E
S214007540820700227A601F4A84F8703022661E4A3C
S21400755084F88830A2661D4A1D4BE2661D4AC4F8B0
S2140075608C3062671C4A8319A26704F15C02C4F877
S2140075708020DBB2194A03EB4303C4F8842084F866
S214007580646084F87C6001EB830260345460144AC3
S214007590033041F82320E871F8BD00BF7839002099
S2140075A09D73000095620300D57300000100200162
S2140075B00200100103003001040030010500210123
S2140075C001FC01064A002100B0B40400510010007E
S2140075D0B2B40400B3B40400550021006F001800D4
S2140075E01200010400B589B001A92EF0AAFE084BCE
S2140075F010210493019B04AA0593029B2C2006935A
S214007600039B0793FFF720F809B05DF804FB00BF63
S21400761043574C48F0B54843DDE90576204C214DEC
S21400762082EAE271A1EBE271A042B0FBF5F589B205
S21400763025D9642012FB00F26FF0630092FBF5F28E
S2140076408242B8BF0246642AA8BF642252B205FB33
S21400765005F44943A14221D24FF08040641A844287
S2140076600FD3002178B947F6FF70814228BF014644
S21400767003B11D8007B1398006B13270F0BD00221B
S214007680E5E78008EBE701EB000CA4454FEA510163
S2140076909CBF0918A4EB0C048008E3E70021E7E789
S2140076A09F860100A086010038B50D46044600B34B
S2140076B0F9B14FF4EE72002114F0E8FE0F23A36038
S2140076C00C4B6560A36103F16173E3614FF0011336
S2140076D004F15C002362FDF70FFEE36DE367236EA3
S2140076E0C4F88030636EC4F8843094F86C3084F844
S2140076F0883038BD010064001FB50446B8B1436841
S214007700ABB16A4610212C20FEF78EFF78B9094BE4
S214007710009A9A420BD1DDE90223019960682EF0A7
S21400772018FEDDE902230199034813F09DFD04B01D
S21400773010BD00BF43574C486B1C0400F0B5044610
S21400774085B0002800F03081002900F02D814FF42C
S214007750D813C0F88C3000F10803C0F89430934B6F
S2140077600422C0F89830022300F10C05C0F8A0509F
S2140077708F4D80F89020C0F8A45000F10E05C0F898
S214007780AC508C4D80F89C30C0F8B05000F110051D
S214007790C0F8B850884D80F8A830C0F8BC5000F14A
S2140077A01805C0F8C450854D80F8B430C0F8C850ED
S2140077B000F11A05C0F8D050814D80F8C030C0F8EE
S2140077C0D45000F11C05C0F8DC507E4D80F8CC305B
S2140077D0C0F8E05000F11E05C0F8E8507A4D80F879
S2140077E0D830C0F8EC5000F12005C0F8F450774DC2
S2140077F080F8E430C0F8F85000F12205C0F80051D7
S214007800734D80F8F030C0F8045100F1240580F87C
S214007810FC3080F80821C0F80C516E4D80F8142119
S214007820C0F8105100F12C05C0F824516A4D00F143
S2140078302802C0F8285100F12E05C0F83051674DD7
S214007840C0F81821C0F8345100F13005C0F83C519A
S214007850634D644AC0F8405100F13205C0F8485103
S214007860614DC0F81C21C0F84C512525012280F836
S214007870505100F13405C0F854515C4D80F8202179
S214007880C0F8585100F17C05C0F86051584D80F89A
S2140078902C31C0F8645100F17E05C0F86C51554D8E
S2140078A080F83831C0F8705100F18005C0F8785182
S2140078B0514D80F84431C0F87C5100F18205C0F883
S2140078C084514E4D80F85C31C0F8885100F1840533
S2140078D080F8683180F8743180F8803180F88C3117
S2140078E0C0F89051464D80F89831C0F8945100F198
S2140078F08605C0F89C51434D80F8B031C0F8A051C1
S21400790000F18805C0F8A8513F4D80F8BC3100F161
S2140079101403C0F8AC51C0F8C03100F112053B4B5F
S214007920C0F8B4513A4DC0F8C43100F1160380F8DF
S214007930A421C0F8B85180F8C821C0F8CC31CA7963
S2140079408D6802EB420305EB830600F18C07776037
S214007950304E45F823606E46531CCB710B7804F10D
S2140079605C0503702C4B1860FFF7C6FE20462EF011
S21400797025FD324610213320A76EFEF755FE18B9B6
S21400798096E80F0085E80F002846A7662EF03EFD15
S214007990E36DE367236EC4F88030636EC4F884300A
S2140079A094F86C3084F8883005B0F0BD05052100E9
S2140079B0080521000B05290000062100010621000C
S2140079C00206210003062100040621000506210008
S2140079D000FF230001FF230010FF210111FF2101FA
S2140079E012FF210102FF200020FF420130FF21018B
S2140079F031FF210132FF210133FF210134FF210134
S214007A0035FF210136FF30000F0521001005280044
S214007A100E052900040B011BA83900202DE9FF41A3
S214007A204C4B1C688CB1237883420ED1606860B1E1
S214007A304FF61273994241D00AD84FF61073994206
S214007A402CD04FF61173994231D004B0BDE8F081C6
S214007A504FF62073994238D0D03189B20529F4D830
S214007A60E36F04F15C00E365D4F880302366D4F855
S214007A70843063662EF0CAFC024610213320FEF7DF
S214007A80E3FDE36DE367236EC4F88030636EC4F8ED
S214007A90843094F86C3084F88830D6E70021E28D84
S214007AA02EF045FC0023E3850028CED121E00121FD
S214007AB0228E2EF03CFC00232386F5E70221628E00
S214007AC02EF035FC00236386EEE7002394F834504E
S214007AD04FF00A0C232D28BF2325CDE9013304F1EE
S214007AE0350703939D420DD8DDE9022301992EF058
S214007AF030FC6068FFF776FD204604B0BDE8F04134
S214007B002EF05CBCFA5C562A14D0572A14D0412AB0
S214007B100DD1012100220133DEB2F3B29D420DD811
S214007B2004AE013B06EB8101DBB241F80C2C0133BD
S214007B30DBB2D7E70021EDE70221EBE717F806E016
S214007B400136AEF13008B8F1090FE9D80CFB02E2B5
S214007B50303AE2E7A839002070B50D4606461446CE
S214007B6013460A460146204813F07EFB25B92046F8
S214007B70BDE87040FFF710B9072D05D12146304605
S214007B80BDE8704000F07EBC4FF601439D4205D133
S214007B9021463046BDE87040FFF770BC062D05D183
S214007BA021463046BDE8704000F0C8B9B5F5817F83
S214007BB005D121463046BDE87040FFF7FFBA40F2D7
S214007BC002739D4205D121463046BDE8704000F064
S214007BD02FB940F604339D4205D121463046BDE814
S214007BE07040FFF71BBF70BD9B1C04000148FEF7EA
S214007BF0F5BF00BF597B00004FF4C01330B50360DB
S214007C0001230371074B8C688360CA7902EB420339
S214007C1004EB83056860044844F82300531CCB71CA
S214007C2030BD00BFB4B404000400010113B504461F
S214007C3080B100786A4627300821C0B2FEF7F4FC0F
S214007C4050B9DDE900230948C4E90223C4E9242326
S214007C5013F00AFB02B010BD002200230448C4E95A
S214007C600223C4E9242313F0FFFAF3E7CE1C040032
S214007C70F91C040070B50D460446002858D00029AB
S214007C8056D00B7804F1200603702A4B1860FFF7D5
S214007C90CDFF4FF414132362082304F1100262632D
S214007CA0254A84F82430A26304F111022264234A90
S214007CB0E31862640422A362214B84F84820E3623E
S214007CC0012384F8542004F11802A2651D4A04F129
S214007CD01401E26504F11C0262661B4AE164A266B6
S214007CE004F11D0222671949194A84F8303084F8D5
S214007CF03C3084F8603084F86C3084F8783004F1D6
S214007D001E0321656267E367EA79A96802EB42030E
S214007D1001EB830046600F4841F82300531CEB71CB
S214007D202978D4E902230C48BDE8704013F09CBAC9
S214007D3070BD00BFAC3900200003300001032200F4
S214007D4000021800030318000603180002032200AE
S214007D5000F0200102070108271D040013B50446A1
S214007D6078B1D0E902230078CDE9002327306A46AF
S214007D700821C0B2FEF768FCD4E90223024813F0DB
S214007D8073FA02B010BD00BF581D040030B504469B
S214007D9089B040B3436833B31A6822B1126812B18F
S214007DA0586801A990479DF81030E3B10399D4F8BC
S214007DB080208A4207D8D4E902308A1A9B1840F1FC
S214007DC00000C4E90230C4F880102EF0DDF8D4F8C4
S214007DD08430064AC31A9342054604D92046FFF764
S214007DE0BDFFC4F8845009B030BD00BFDF93040067
S214007DF010B50446C0B1002300220021C0E90223CA
S214007E00C0E924234368C0F880102BB11A681AB161
S214007E1052680AB1586890472046FFF79FFFBDE8B2
S214007E201040024813F020BA10BD00BF801D0400A9
S214007E30B1F5704F034607D1044A106820B10278A6
S214007E409A4201D1FFF7D4BF704700BFAC3900207B
S214007E5038B50024044D55F8040B08B12EF083FB0A
S214007E6001340A2CF7D138BDB0390020042908B5F2
S214007E700AD172B16BB113781BB92EF09FFB0020AC
S214007E8008BD2EF091FBFAE7034813F0EDF9012048
S214007E90F6E70320F4E700BFA11D040010B4054C6C
S214007EA0114654F820001A46BDF804305DF8044B1D
S214007EB0FFF7DCBFB03900200229024608B50ED015
S214007EC004D839B910462EF079FB06E04029F9D0DF
S214007ED0412907D110462EF067FB002008BD2EF082
S214007EE077FBFAE7024813F0BFF90120F6E700BF78
S214007EF0C11D040010B4054C114654F820001A4663
S214007F00BDF804305DF8044BFFF7D6BFB03900204B
S214007F10C26C094B52791A7082785A70C2789A707D
S214007F20026D12B190F85420DA70007804210930FE
S214007F30014AC0B2FEF788BBE5630020024B53F847
S214007F4020002EF088BB00BFB039002038B50446AC
S214007F500078084D09302A460421C0B2FEF764FBBB
S214007F6030B96B78A370AB78E370EB7884F8543054
S214007F7038BD00BFE563002038B504460078114DD3
S214007F8009302A460421C0B2FEF74EFBC8B9A378D2
S214007F902A78022B0CD004D863B920462EF00EFBAC
S214007FA001E0FF2B0AD02046BDE838402EF0DBBAB1
S214007FB0002AF2D120462EF0F7FAF4E7002AF9D18B
S214007FC0EBE738BDE5630020F8B504460B783D4A7C
S214007FD00D4642F823004370FFF7B8FFE36C3A4AB9
S214007FE05C631A632046FFF7C7FF20462EF0BBFAF5
S214007FF04FF4801301266360E36C26720533E3605A
S214008000324B26752361A31CA361236D002B54D02D
S2140080102F4A84F82060E261E21C62622D4A84F8EE
S2140080202C60A26204F15402226393F83420002AE2
S21400803045D093F83620204684F855201B8FA4F8A8
S21400804056302EF0CFFA94F85510206D2DF0AFFD77
S214008050B4F85610206D2DF0B4FD1F4B84F8386030
S214008060636304F15503E3631C4B06262364022373
S21400807084F8443004F15603A3640627EA79A96815
S21400808002EB420321F8237001EB83000123837087
S214008090134B04348360531C4460DBB2114C03EB77
S2140080A04303C67041F8234001EB8300002343607E
S2140080B00D4B02328360EA71F8BD0226DDE7042626
S2140080C0DBE700BFB0390020336603000340300111
S2140080D001FF300102FF100103FF200104FF210110
S2140080E0F57E0000080001009D7E000028B1034BCD
S2140080F01B78834234BF002001207047C6630020EF
S21400810070B500250A4C0B4E3378AB4200DC70BDD0
S214008110D4F8A42042B123791BB16079FFF7E6FFBB
S21400812010B910462DF014FD0135AC34ECE700BF55
S21400813024220020C763002008B542790146104675
S214008140FFF7D4FFB0B1CB7858210B48013A042B87
S21400815001FB02000ED8012B08D81BB9BDE8084069
S2140081602EF022BABDE808402EF028BABDE8084036
S2140081702EF02EBA08BD00BF1420002008B54279A4
S21400818001461046FFF7B2FFB0B1CB7858210B4836
S214008190013A042B01FB02000ED8012B08D81BB9AC
S2140081A0BDE808402EF00ABABDE808402EF0FCB93B
S2140081B0BDE808402EF00CBA08BD00BF1420002011
S2140081C010B586B00446FEF72BFD012831D1E178C4
S2140081D004292ED8DFE801F0143335030300627952
S2140081E01046FFF783FF60B35820174B013A00FB99
S2140081F00233DB6C032958791DD1003818BF0120E3
S21400820063784FF480728DF804304FF48273ADF8C3
S21400821006300623ADF8083001238DF80B30002316
S2140082208DF80A0001A8CDE903238DF81430FEF777
S2140082302FFD06B010BDB0FA80F04009E0E7002040
S214008240DEE70220DCE700BF1420002010B586B071
S2140082500446FEF7E5FC012831D1E278042A2ED840
S214008260DFE802F014143303030061790846FFF7D1
S2140082703DFF50B35820164B013900FB0133DB6C31
S214008280032A5B791DD11A1E18BF012263788DF868
S2140082900A208DF804304FF48273ADF806300623BA
S2140082A0ADF8083001234FF480728DF80B300023B0
S2140082B001A8CDE903238DF81430FEF7E9FC06B0DB
S2140082C010BDB3FA83F25209E0E70222DEE700BFF0
S2140082D01420002010B586B00446FEF7A1FC012845
S2140082E012D16378094A8DF804304FF48273ADF8E2
S2140082F006304FF48073CDE90223002301A80493CF
S2140083008DF81430FEF7C4FC06B010BD0800070157
S21400831010B586B00446FEF783FC012820D16278AB
S214008320104B8DF804204FF4827294F8A01094F845
S214008330A10059701870ADF8062004934FF48072AF
S2140083400223094901A88DF81430CDE90212FEF780
S2140083509FFC94F8A130013B18BF012384F8A1309C
S21400836006B010BDE96300200800050110B583784B
S214008370044686B0002B3DD00379022B0BD1427900
S2140083801046FFF7B3FE30B158201B4B013A00FBF6
S21400839002302EF01DF9A379022B02D12046FFF7FA
S2140083A00FFF94F8A830BBB1FEF73AFC012813D1B2
S2140083B094F8A830114A8DF804304FF48273ADF863
S2140083C006304FF48073CDE90223002301A80493FE
S2140083D08DF81430FEF75CFC2046FFF799FF022369
S2140083E0552212216078A4F86C3006B0BDE8104023
S2140083F02DF010BE06B010BD1420002006000201AD
S2140084004388094A082113808388538083681B8A1F
S214008410938090F8A03093718379D37100780430FC
S214008420C0B2FEF711B900BFD85C002038B50D46C3
S21400843004460178114812F017FF4FF602739D426A
S2140084400ED10F4B1B782BB963712046BDE8384020
S214008450FFF7D6BF62790AB19342F6D20123F3E75B
S214008460B5F57F4FF1D120462EF08CF9A378022B7C
S2140084700CBF01220022A3689A70E6E7DD1D040007
S214008480C6630020024B53F82000FFF7CFBF00BFA3
S214008490E039002038B504460078144D04302A46EA
S2140084A00821C0B2FEF7C0F820B1BDE83840104839
S2140084B012F0DABE2B8863806B88E978A380AA88DE
S2140084C0A3681A82AB7984F8A030EB79A371094BC4
S2140084D01B780BB9637138BD09B19942FBD90648C0
S2140084E012F0C2FE23780133F4E700BFD85C002008
S2140084F0F71D0400C6630020201E0400F8B50446DD
S2140085000B78474A0D4642F823004370FFF7C2FF38
S214008510A268444BD465D364434B02265365434B51
S214008520A11C13654FF44013E36001236161E1620F
S2140085303F49103221632265211D3E4AA1633E4811
S2140085403E49626504F1A002A061E163E265E01CB9
S214008550611D3B4A206261643A483B492266A21D7F
S2140085602374237784F8283084F8343084F8403035
S214008570A16484F84C6084F8583084F864306062F3
S214008580A266E879AA6800EB400102EB810704F1D5
S2140085900C0CC7F804C04FF0060C2C4F42F82170A4
S2140085A0C118C9B201EB410142F821C002EB8107B4
S2140085B000217960264F84F880302767254F84F89D
S2140085C09830A767244F254BE767254F84F87460DB
S2140085D084F88C60C4F89C3004F16C06831CC4F8E4
S2140085E08470C4F890601F4F1F4EDBB203EB43034A
S2140085F0C4F89460C4F8887002EB83067034746024
S21400860008261A4C42F82340C31CDBB203EB430394
S21400861002EB8304043042F823606160E871F8BD21
S214008620E0390020DB660300256703006D83000049
S21400863001FF300104FF20011000300102FF20017D
S21400864005FF300100FF300103FF2101070001088C
S2140086504A002100B6B4040051001000B8B404006B
S214008660B9B40400550021006F0018001200010480
S21400867000239B6AB3F5804F03D21968064A9142DD
S21400868003D00023037083607047012202709A684B
S2140086909B694260F7E700BF07B0CD5E024B034A16
S2140086A01A602FF028BD00BF0000002002020FF065
S2140086B073B53F4B04461A781AB102221A7002B0FC
S2140086C070BDCDE900220028F9D001261E7038F0D2
S2140086D021FC384D384B186017F0A8FB2B785BB997
S2140086E002F0F2F940B935480823354A35490068A2
S2140086F001F038FE00B92E70334B5A68E260334AF8
S2140087009A601A6E22605A6E6260D3F87021A26078
S2140087101B6E5C042CD52E4AD368D807FCD42D4B90
S2140087201A68531C29D04FF4801393402A4A1366C4
S2140087300423294C4FF0804223664FF4806323665F
S214008740102323664FF400536846236601A9226669
S21400875063662EF02FF8009B2366019B63662B78DA
S214008760002BACD0164B1A6822665B686366A6E7D9
S2140087701A4AD368D907FCD4D1E7194B1B78002BCB
S214008780D6D1184B5A68144B12B94FF480121A6699
S214008790154A526812B94FF400121A66134B5B68FA
S2140087A0002BC5D14FF480020B4B1A66C0E700BF02
S2140087B0EC630020ED630020203A00204C6E002081
S2140087C0243A0020007108000080004455CEAC001A
S2140087D000000440186E0020009000440000045082
S2140087E0EB6300200080055000C0055000000650D6
S2140087F038B5224D04462B78012B02D001232B706E
S21400880038BD0028FCD02DF0FAFF013009D02DF03D
S214008810F6FF40F20113984203D0194AD368DB07EB
S214008820FCD42268174B1A6662685A66A268C3F8B8
S2140088307021E268D40744BF00229A60124B1A687F
S214008840013213D1114A127882B911494968C80712
S21400885048BF1A600F4A5268D10744BF01221A6007
S2140088600D4A5268D20744BF02221A6017F0E6FA91
S2140088700A4B186838F049FB0023C0E7EC63002079
S2140088800000044000800044186E0020EB630020C7
S2140088900080055000C0055000000650203A002019
S2140088A070B50024A36AB3F5804F23D21A68134B21
S2140088B09A421FD1124E337813F0FD0518D14FF4AB
S2140088C080341048FFF7F4FE032004F075FD0E4BCD
S2140088D00320DC6004F054FD0C4B1C61AB6ADB69C2
S2140088E0984704460748FFF783FF0CB90123337007
S2140088F0204670BD4FF48174FAE700BF07B0CD5E26
S214008900EB630020103A002000A0004400900044D2
S21400891013B5204B1B7803B9FEE700231E4CCDE9A8
S21400892000336A4608231D49206801F01BFDF8B98C
S2140089301B4AD2F84031D2F840211F2B4FF00103DA
S21400894011D9203A9340019A1A43019208236A46A5
S2140089501249206801F08EFE124B134A1A602FF05F
S214008960CAFB02B010BD9340009A1A430092EDE78E
S2140089702D28F1D10A4AD2F84031D2F840211F2BD7
S2140089804FF0010385BF203A93409340019398BF70
S2140089900093DBE7EC6300204C6E002000710800BB
S2140089A000800044000000200B020FF038B50025C0
S2140089B0AB6A0446B3F5804F10D21B6BB3F5804FFD
S2140089C00CD20748FFF774FEAB6A20461B6B5B6849
S2140089D09847BDE838400248FFF70ABF38BD00BFD9
S2140089E02C3A002013B50024A36A0190B3F5804FFB
S2140089F013D21B6BB3F5804F0FD20948FFF758FE12
S214008A00A36A01211B6B01A89B699847044604488A
S214008A10FFF7EEFE204602B010BD4FF48174F9E772
S214008A202C3A002070B50026B36A0446B3F5804F92
S214008A300D4612D21B6BB3F5804F0ED20848FFF7D7
S214008A4037FEB36A20461B6B29469B699847044647
S214008A500348FFF7CDFE204670BD4FF48174FAE759
S214008A602C3A002070B50026B36A0446B3F5804F52
S214008A700D4612D21B6BB3F5804F0ED20848FFF797
S214008A8017FEB36A20461B6B2946DB6998470446E7
S214008A900348FFF7ADFE204670BD4FF48174FAE739
S214008AA02C3A0020F8B50027BB6A0446B3F5804F81
S214008AB00D46164611D21B6B7BB10948FFF7F8FD31
S214008AC0BB6A20461B6B324629465B6A98470446BB
S214008AD00348FFF78DFE2046F8BD4FF40174FAE711
S214008AE02C3A002070B50026B36A0446B3F5804FD2
S214008AF00D4612D21B6BB3F5804F0ED20848FFF717
S214008B00D7FDB36A20461B6B29469B6A98470446E6
S214008B100348FFF76DFE204670BD4FF40174FAE778
S214008B202C3A0020F0B50027BB6A0446B3F5804F08
S214008B300D461646ADF5337D20D21B6BB3F5804F40
S214008B401CD21048FFF7B4FDBB6A20461B6B40F2F0
S214008B50C1225B6A01A99847044630B10948FFF76D
S214008B6047FE20460DF5337DF0BD836A32461B6B0B
S214008B702946DB6A01A898470446EFE74FF40174DC
S214008B80EFE700BF2C3A002010B50024A36AB3F527
S214008B90804F10D21B6BB3F5804F0CD20748FFF7FF
S214008BA087FDA36A1B6B1B6B984704460348FFF7B9
S214008BB01FFE204610BD0124FBE700BF2C3A002014
S214008BC0F0B58FB0044601A80E461546FFF7EEFE38
S214008BD09DF80C30012B12D1B5F5801F27D8B4F5BF
S214008BE0801F24D86319B3F5801F20D821462A4653
S214008BF0304613F0DBFD002420460FB0F0BD002702
S214008C00BB6AB3F5804F15D21B6BB3F5804F11D2FC
S214008C100A48FFF74DFDBB6A2A461B6B31462046C5
S214008C205B6B984704460548FFF7E2FDE4E740F231
S214008C300244E1E740F20114DEE700BF2C3A0020D0
S214008C40F0B58FB0044601A80E461546FFF7AEFEF7
S214008C509DF80C30012B1FD1B5F5801F06D8B4F552
S214008C60801F03D86319B3F5801F13D940F202445E
S214008C7020460FB0F0BDE258013225D104339D42A4
S214008C80F9D82A46314620462DF0E9FD0028EDD0D9
S214008C900024EDE70023F2E70027BB6AB3F5804F18
S214008CA015D21B6BB3F5804F11D20A48FFF700FDB3
S214008CB0BB6A2A461B6B314620469B6B9847044688
S214008CC00448FFF795FDD3E740F20344D0E740F2AF
S214008CD00114CDE72C3A002070B58EB0044601A8EA
S214008CE00D46FFF763FE9DF80C30012B22D144EAB7
S214008CF00503C3F30C03002B33D1B5F5801F04D94D
S214008D0040F2024420460EB070BDB4F5801FF7D87E
S214008D102544B5F5801FF3D8204604F500542DF001
S214008D2097FDAC4202D00028F6D1E9E70028E7D04C
S214008D300024E7E70026B36AB3F5804F14D21B6B16
S214008D40B3F5804F10D20A48FFF7B2FCB36A294643
S214008D501B6B2046DB6B984704460548FFF748FD2B
S214008D60D0E740F20444CDE740F20114CAE700BF62
S214008D702C3A0020BFF34F8F0549064BCA6802F411
S214008D80E0621343CB60BFF34F8F00BFFDE700BF29
S214008D9000ED00E00400FA0570B5D0B1C9B10E4E82
S214008DA0431E013913F8014F2046325D02F00302DC
S214008DB0012A11F8012F08BF04F12000B55C05F068
S214008DC00305012D08BF2032801A01D1002CE9D1FD
S214008DD070BD0120FCE700BF19DC04000348044A0C
S214008DE00449121A92102DF086BD00BF34410000CF
S214008DF0D0420000306B002008B5154B83F30A887C
S214008E0000F030F8FFF7EAFF124B13498B4212D3FB
S214008E100020124B12498B4218D3FBF763FF1868E9
S214008E2050F82240586840F8224001329868824242
S214008E30F5D30C33EAE70022F8E71C6844F8220072
S214008E4001325C68A242F8D30833E4E70022F8E770
S214008E5008000020D8000500E4000500E400050036
S214008E60E4000500124B134A70B59A60D3F88820C8
S214008E70114D42F47002C3F888206FF0010205F528
S214008E800054226641F2FF7262660222C3F8D020C6
S214008E90BFF34F8FBFF36F8F4FF44036032004F0BD
S214008EA08BFA0320E66004F06BFA2E6170BD00BFFB
S214008EB000ED00E00040000000800044014B186018
S214008EC0704700BF206E0020054B1860054B1B6FD7
S214008ED003F00703032B01D136F0CEB8704700BF6E
S214008EE0286E0020008000502DE9F04104464FF027
S214008EF001080C250D4E0CB9BDE8F08194FAA4F0DB
S214008F00B0FA80F00F2808FA00F2C8BF103824EA3A
S214008F100204CABF05FB006205FB0062B432576854
S214008F20002FE8D09168C0B2B847E4E73C3A00208A
S214008F3008B50C4838F08CF8192004F02FFA28B140
S214008F40192004F039FA192004F01AFA1A2004F04D
S214008F5025FA28B11A2004F02FFA1A2004F010FA85
S214008F60002008BD1CB704002DE9F0410E46174648
S214008F70054618B30F2923D80378DBB1013BDBB2D3
S214008F80022B19D8104AD35C6A78D340DB0717D572
S214008F900E4BD3F81043ACB937F0BCFF80463A46C8
S214008FA02846314602F068FF404637F0AEFF2046BE
S214008FB0BDE8F0817F23E7E70023E5E72224F6E714
S214008FC02124F4E70224F2E70CB5040000C00350A5
S214008FD010B5044610B30378E3B1013BDBB2022BB5
S214008FE01AD8104AD35C6278D340DB0718D537F01E
S214008FF091FF0122617823788A4030214B4341F269
S214009000100103F1A04303F570335A5037F07DFF8B
S214009010002010BD7F23E6E70023E4E72220F8E7E0
S2140090202120F6E70CB5040010B5044610B303780B
S214009030E3B1013BDBB2022B1AD8104AD35C62784C
S214009040D340DB0718D537F065FF01226178237817
S2140090508A4030214B4342F2100103F1A04303F54E
S21400906070335A5037F051FF002010BD7F23E6E7DB
S2140090700023E4E72220F8E72120F6E70CB50400F9
S21400908038B50D46044618B311B30378E3B1013B77
S214009090DBB2022B1AD8104AD35C6278D340DB07C7
S2140090A018D537F037FF30222378534303F1A04317
S2140090B003F570335B696278D34003F001032B70CD
S2140090C037F023FF002038BD7F23E6E70023E4E7E0
S2140090D02220F8E72120F6E70CB504002DE9F04140
S2140090E00D4616469846044600284FD000294DD017
S2140090F00178002940D04B1EDBB2022B3ED8254A11
S214009100D25C6378DA40D20701D4FF2940D1022E20
S21400911001D9042E3CD137F0FDFE23780746FF2BFD
S21400912005D032462046296802F0ECFE28602B68FF
S214009130013309D12378FF2B06D1174B6078D3F87B
S21400914024142EF048FA286029684B1C18D00C23EB
S214009150124A03FB0122069BC2F804809360237820
S214009160FF2B04D001230E4A8B40C2F82434384625
S21400917037F0CBFE002007E07F22C2E70022C0E7E0
S214009180384637F0C2FE2D20BDE8F0812220FBE7EE
S2140091902120F9E70CB5040000C003503C3A00203B
S2140091A000D0035008B502F05DFE044B00F05530C9
S2140091B0C3F82004BDE80840FFF796BE00E0035061
S2140091C008B502F04FFE044B00F0AA30C3F82004A6
S2140091D0BDE80840FFF788BE00E003502DE9F04FD9
S2140091E0144605460E469B46C36B87B001225B6954
S2140091F002A960689847EB6B01225B6903A93046B9
S214009200984702A82DF076FF074648B10023A375BD
S21400921063754FF0FF33A360002007B0BDE8F08F02
S21400922003A82DF074FF0123A375237E04EBC3036C
S214009230DE611F846368B3420ED1206003A82DF060
S21400924088FF4FF0FF332075A360237D043B022B7D
S21400925026D80023A375DFE723681A1A5342534122
S214009260A37503A82DF075FF237D834218BFA7754D
S21400927003A82DF050FF074602A82DF04CFF8742AA
S21400928018BF002303A818BFA3752DF04CFF074690
S21400929002A82DF048FF87421CBF0023A375D4E721
S2140092A003A82DF038FF80B1EB6B022230465B69D5
S2140092B004A9984704A82DF03DFF0346207D032807
S2140092C039D8DFE800F03838040903A8F3E7CC22E1
S2140092D0237E04EBC3031A8401F06EFC109B187007
S2140092E003A8277E2DF00BFF04EBC70787F82200A4
S2140092F0237E03A804EBC303B3F8209093F82270F0
S2140093002DF009FF804603A82DF00DFF8246B8F128
S214009310000F15D0EB6B022230465B6904A9984714
S21400932004A82DF0CCFE6075637D6BB90023A37591
S2140093304FF0000838E0227E04EBC2021384CBE72D
S21400934003A82DF0A7FEEEE794F81680B8F1000FFC
S214009350EED0B9F1000F09D1DFB10123E375637ECA
S214009360002B4FD1012F42D1677614E06B6C06EBD1
S2140093700A015A4286EA010010421CBF0022A2756A
S2140093805A1E0A409B1A9945D0D8A37D002BE3D1DC
S214009390CEE7E37D43B94FF000084B4652463146D0
S2140093A028462DF0F2FBA060A27D12B123694B4443
S2140093B023611A49237E097899422AD901332376F4
S2140093C0BBF1000F27D032B3E37D23B3B8F1000F13
S2140093D021D1032F1FD0A1684B1C1CD0109B224606
S2140093E0009328460123FFF7F9FEA07513E095F8D1
S2140093F0343063B9EB6A0133CFD1032FCDD10123CB
S214009400A376C8E7012FCFD0032FC4D1F7E798463D
S214009410C3E70023A375A07DFFE600BF30B50400B8
S2140094202DE9F04F0E46984600238BB004464FF0C9
S214009430FF31104617468DF8133001F0A7FBB6F53E
S214009440801F20D2314605AA04F108002DF0A4FDA5
S214009450451C014603D1237CBBB92D2010E03846BD
S21400946001F094FB0122394620460DF113032DF03E
S214009470DEFB0028EFD09DF8133088F8003000207F
S2140094800BB0BDE8F08FB01CE5D1E56A691C36D19B
S2140094902046616A2DF0BFFA0546B31C18BF0123AB
S2140094A0DFF8CC900193636A626C0293236805A987
S2140094B002FB053AE36B05225B695046984705A810
S2140094C02DF0B3FE2DF0D6FE50462DF0DEFE4FF00A
S2140094D0000B824601464B1C05D0636C81EA0A02EB
S2140094E05B42134211D0294620462DF094FA029B87
S2140094F0AB422CD0BBF1000F2CD10546D3E7236836
S214009500ED1A636CB5FBF3F5C7E7484601F03EFB82
S2140095100DF1130349462046019A2DF088FB0346B9
S21400952090B1B21C03D0D9F80020B2420CD19DF8FD
S214009530132003930D4B88F8002049461A683846D6
S21400954013F034F9039B9B46D9F80810C3E7BBF128
S214009550000F82D0B6F5801F91D2314698F80030C1
S2140095607A6804F1080001F03FFA88E72CB5040099
S214009570184200202DE9F3410446174698460E4649
S214009580184D816AE36A8B4201D04B1C02D102B0AF
S214009590BDE8F081284601F0F9FA01222946204666
S2140095A00DF107032DF043FB38B14346294620460C
S2140095B09DF80720B8470028E9D0A9684A1C04D1BE
S2140095C0696820462DF0B4FA0146012EDAD16B68A0
S2140095D081EA0302636C5B421A4218BF4FF0FF3108
S2140095E0D0E700BFEC4100202DE9F04F4FF0FF33ED
S2140095F04FF6FF720025044600F10806C0E909236D
S2140096008BB0C36205620563304688462DF095FC34
S21400961020462DF0D0F960BB204641462DF04BFA8F
S21400962020462DF0C8F960BB5E200BB0BDE8F08F79
S2140096302368E26B606C576900FB0530052205A9BC
S214009640B84705A82DF0F1FD012807460CD129469C
S21400965020462DF001FA012F024600D1013229469C
S21400966020462DF0C7F903E02DF009FE0028EED1C4
S2140096700135E3699D42DBD320462DF09CF9002896
S214009680CAD000254FF0FF394FF6FF73CA46A846EA
S214009690C4E90853E36998450AD3A5EB0905012DEB
S2140096A02CD84FF6FF72636A93423CD16720BCE722
S2140096B02368E26B606C576900FB0830052205A939
S2140096C0B84705A82DF0B1FD834605A82DF084FD0A
S2140096D0074658462DF0CEFD68B1574538BFC4F84A
S2140096E02480B94528BFB946BD4238BF3D46BA4674
S2140096F0236A0133236208F10108CBE74FF6FF73B4
S21400970000256362E3699D42CBD2676C2068E36BF9
S214009710052207FB05005B6905A9984705A82DF0FB
S2140097205BFD0135EEE7E26B676C2068694607FB78
S214009730030055690522A84768462DF04DFD626A6C
S2140097402368606C4B4D00FB02302DF09EFD4FF001
S214009750FF33A062E3622A466FF00101204605ABA4
S214009760FFF75EFE002846D1AD6829462046E56232
S2140097702DF0FDF8206320B92046E16A2DF0D8F9D7
S214009780E062294620462DF0D3F90546A36A9D429D
S21400979033D120462DF0BEF800278046B946E3694F
S2140097A099453CD3B84559D92046616A2DF033F91E
S2140097B00026054604F1400AB74212D8626C2368B8
S2140097C0694602FB0539E36B05225B694846984704
S2140097D068462DF001FD534602464946E06B2DF0E3
S2140097E056FD294620462DF016F90136B0450546A9
S2140097F0E2D1642019E7A56AB7E7294620462DF08E
S214009800B6F8236B294603440746236320462DF00B
S2140098108FF90546002FB9D1C4E90B07B6E7636C8C
S2140098202568052203FB0955E36B05A95B692846F5
S214009830984705A82DF0F9FC2DF01CFD58B12846D8
S2140098402DF023FD014620462DF091F8636C143B65
S214009850984208BF013709F10109A0E730462DF00C
S2140098606CFB002320461946034AFFF783FE0020C0
S214009870DBE600BF444200201D6C03002DE9F041EA
S214009880036B9046826B07689A4288BF8363426C7C
S214009890436A90B002FB0377C36B0E46052201A90C
S2140098A05B6904463846984701A82DF0BEFC01289F
S2140098B00146307057D0656CE26B2368606AD2F858
S2140098C014C005FB0030052206A9E04706A82DF0C7
S2140098D0ACFC01284FF0000523D0D4E90A32012160
S2140098E09342CDE90B458DF834800E958DF83C10EB
S2140098F02AD1194620462DF01BF9236B626C1433CF
S2140099009B1AE06223630C9B53B99DF83C303BB135
S214009910626A616C2368E06B01FB02312DF03DFC4E
S2140099200C9DE36B05225B6901A93846984701A8A0
S2140099302DF07BFC30702846236BA26B9A4288BFC2
S214009940A36310B0BDE8F081237C33B91C490BAA91
S21400995004F1080001F096F8D5E72046194A0BAB4B
S214009960FFF708FECFE7237C23BB2246164904F107
S214009970080001F087F8616A20462DF06DF8616AEC
S214009980421C20462DF036F8054620B9236B626C43
S2140099901344143B23632046A16A2DF0C9F82368BC
S2140099A0A062C01A636CB0FBF3F0606220462DF034
S2140099B002F9B6E700232046044AFFF7DBFDDAE7A4
S2140099C021A100009DA00000B76C0300536C0300AB
S2140099D073B50D46D11E4A421C461B7E4A419A422A
S2140099E026D129682368994222D3636899421FD8F2
S2140099F0114E0DF107033246FFF712FDC0B972682B
S214009A006B689A4214D19DF80730DA1E53425341D0
S214009A10227E93420CD1636901336361D4E9032348
S214009A20934205D22968A26842F8231001332361C5
S214009A30012002B070BD00BF444200202DE9F04F67
S214009A409B4689B09DF848309046514A0193136969
S214009A5007465B450D46C0F09580D946536800938F
S214009A60B9F1000F7BD0FB6B01225B6905A900985A
S214009A70984705A82DF04BFB454B1B68984240F0D5
S214009A80848005A82DF04FFB0428064615D105A8AE
S214009A902DF050FB009B04461E44019B002B3ED13C
S214009AA0804512D91C46A8EB0008384600992DF0D0
S214009AB03FF8A9EB04090090D2E7FB6B02225B6932
S214009AC0009806A9984706A8E2E7A0EB08045C45BC
S214009AD028BF5C46032C4644ABEB040B1DD9FB6B3E
S214009AE0294630465B69A208984724F0030304F031
S214009AF0030A1E441D44DDF80480BAF1000FD4D0DA
S214009B00FB6B012206A930465B69984752462846F9
S214009B1006A912F04BFE5544C7E7A246EBE782467D
S214009B2000F0030302932B1803930644039BA6EB53
S214009B300A00A3EB0A05029B9A4514D1BAF1000F5E
S214009B40B3D0FB6B012206A95B69984752462846AC
S214009B5006A912F0E7FF0028DDD04FF03609484688
S214009B6009B0BDE8F08FFB6B012206A95B69984738
S214009B700422284606A912F0D5FF0028EDD1AAF146
S214009B80040AD3E74FF06309E9E74FF06F09E6E709
S214009B90704200202DE9F0410F46164698460446CE
S214009BA088B060B390F83450FDB101212CF0F8FE77
S214009BB000210E9BCDE90511CDE902379DF83C301A
S214009BC0CDF804808DF81C30237C04968BB90D49A3
S214009BD001AA04F1080000F055FFDDE90553E06B2B
S214009BE0002E08BF1D462DF074F8284608B0BDE8C4
S214009BF0F0812046044A01ABFFF7BCFCEDE70546C2
S214009C00F3E700BF816C0300D19900007FB590F8A0
S214009C104260044601920DF10B030A463046114994
S214009C202DF05FF8012E0546E36B17D132465B69CF
S214009C3003A998479DF80B10039B019A59B19BB254
S214009C4043EA0243012228460393E36B03A99B6978
S214009C50984704B070BD62F30F03F3E701229B69D7
S214009C6001A9F5E7704200202DE9F04F99B00E46A5
S214009C700D920A69416C0B931439D31DB3FBF1F3B3
S214009C80013302EBC302036B04469342C0F0018229
S214009C900023DFF804940893E36A484619460593C0
S214009CA000F074FFD6E9033707930B9B022B4DD1C8
S214009CB0CC2F40F0D7810D9B3BB1314620462DF08E
S214009CC066F8656C1490012044E00120079B656CE3
S214009CD01B68149300F0010000280CBF042308231F
S214009CE0782F0E9349D8059A6B1E1340ED1A3B1D2C
S214009CF09D423CD2002F3DD0082D3ED8002304259F
S214009D0006934FF0040A336806990B98C9F800309A
S214009D10C9F810702DF021FA4FEA9A030F93059BAD
S214009D2089F814000393002309930C9304930A9371
S214009D30616C039B4A1E1A408B1A27B35544AB42EC
S214009D4023D8236B5B1A134423632FE1782F656CAB
S214009D50B9D8F07D0D9B002BBCD0E36B01225B696C
S214009D60706816A9984716A82DF0D5F9B4E700250F
S214009D700695C6E704250697C3E7012300254FF09E
S214009D80080A0693BFE75345DBD3A3EB0A029742C4
S214009D90039BB84628BF90469742534428D90122D1
S214009DA0D9F8101089F817208F4226D10399C9F8E0
S214009DB00410049299F817200AB399F8181003981B
S214009DC0CA1C09EBC202506004980131A2F8088050
S214009DD0907289F81810B8F1000F07D00B9A022A73
S214009DE040F08180099A72B1012209929B46ABE04D
S214009DF0049A002A18BF0322DBE70222D9E7039A57
S214009E00C9F80420E7E70C9A4244032AEED9E26B2D
S214009E101846956914A901220993A847099B054687
S214009E200028E1D03D2D40F01E8104F10803039385
S214009E302368059A606CA2EB030ABAFBF0FA00FBF3
S214009E400A302DF022FAE16A804620462CF070FE99
S214009E50A26A824200F00F81626CD9F80830511E67
S214009E600B40216B2768891A0B442363089BE0622A
S214009E70DF1BB7FBF2F7BA4540F0FA80059BB3EB61
S214009E80080A12D0E36B4FEA9A0241469B6998474C
S214009E908346E36A059A5344E362236B03989B1A4E
S214009EA0434423632DF049F8DA462368616CE06B7F
S214009EB001FB07312DF05EF920462CF07CFD204694
S214009EC02CF079FE2063BAF1000F00F0D4803269DE
S214009ED0616CD31D1439B3FBF1F3013302EBC302FB
S214009EE09042A5D2BFE00D9A002A77D1B8F1030FB1
S214009EF04FEA98026ED9E16B18468D690799109360
S214009F00A847109B0546C0B918F0030515D0079A58
S214009F1028F0030B02EB0B019B444FF0FF3215A811
S214009F2015922A46109312F041FCE26B584695694A
S214009F3015A90122A8470546109B9B46079A42444E
S214009F400792002D40F08B80049B16A80193069B79
S214009F50009399F814204346316800F0CDFDE36B7A
S214009F600F9A9B69039816A99847039A051E089BA3
S214009F7018BF1346089343465246204603992CF0D2
S214009F8004FE236B08F10302A3EB0A0322F003028C
S214009F909B1AC9F808002363002D7FF443AF0C9B7F
S214009FA0A7EB080743440C93CDF80CB02046039962
S214009FB02CF0BEFD00250390002F7FF4B9AE364A84
S214009FC03168936804F10800E36252680B9B00F066
S214009FD00BFD49E09B46454607999EE79B4606F1E2
S214009FE020021092F27D7068A2B1002296F818C086
S214009FF00A99D5B2AC4511D9109D02F1010E35F87B
S21400A00032508D4228D90E9806EBC2020144D06920
S21400A010084403E00E9A0A990A441044E26B15A914
S21400A020556901221193A847159A0A9B1392E26B71
S21400A030043395695846012213A90A93A847119B31
S21400A040054603EB0802A2EB0B02042A7FF679AF63
S21400A05028B90BF1040BC5E77246491BC9E7CDF8D2
S21400A06020B088E770252F46384619B0BDE8F08F37
S21400A0704FF0000A19E73269616CD31D1439B3FB3F
S21400A080F1F3013302EBC302236B9342BFF404AE39
S21400A090E9E71C27E8E700BF18420020032A2DE95D
S21400A0A0F34106460D4617461C4606D1237A012B79
S21400A0B023D0012002B0BDE8F081DFF86080096897
S21400A0C042460DF10703FFF7ABF960600028EDD1BB
S21400A0D09DF80720237A032AE8D0D8F804106A6887
S21400A0E09142E3D1012B2969D4F80CC007D17269DB
S21400A0F00CEB0103934202D92074207CDAE7083186
S21400A1006144E1603B46012229463046FFF7ACFD3C
S21400A11060600028CAD00020CCE700BF4442002080
S21400A1202DE9F341089C032A1746266806D1237AB0
S21400A130012B24D0012002B0BDE8F081DFF890802A
S21400A140304642460DF10703FFF76AF960600028C3
S21400A150EDD12568D8F80400A96AD5F844C048406F
S21400A160CCF100031840227AE1D1012A09D1E26835
S21400A170D8F8103013447269934202D92074207CB8
S21400A180D9E72868EB6A1B1A081AB3FBFCF3B0FB86
S21400A190FCF083420BD1706CF36A421E1340326BA4
S21400A1A0121A1344284633632CF0C2FCE862D8F82F
S21400A1B01020E36808321344E36001223B4604495A
S21400A1C02068FFF751FD60600028B0D00020B2E79D
S21400A1D0444200202DE9F0410025604B0E46D3F89E
S21400A1E0008004461D6018B921252846BDE8F08188
S21400A1F090F8347007B30A6803689A4240F0A38068
S21400A2004A6843689A4240F09E808A6883689A4209
S21400A21040F09980CA68C3689A4240F094800A6900
S21400A22043699A4240F08F808A69C36B9A4240F035
S21400A2308A804B698361D8E768223946856B12F0BD
S21400A24025F9D6E90212336804F108002360736822
S21400A250A5636360336963617369A3612CF07FFE55
S21400A260B36904F14000E3639B68984720B9676CC4
S21400A27017B16368B3FBF7F794F84330E761002B38
S21400A280B2D00023656C2366002D64D0002F62D008
S21400A2902368B3FBF5F205FB1233002B55D1666835
S21400A2A0B6FBF5F305FB1363002B4ED120462CF0CE
S21400A2B04EFBA369043303449E4248D340F63472EF
S21400A2C06369CC3B934244D8B5F5805F43D3032102
S21400A2D020462CF065FBD4E90001E36B1B68984729
S21400A2E00546E36B0220DB689847CDB94146204619
S21400A2F0FFF77AF96428054604D141462046FFF761
S21400A30073F90546666C5DB9236A2046143E5E43C3
S21400A3102CF01DFBA369043303449E4238BF5A2524
S21400A320002D0CBF0123002384F8343007D1D4E974
S21400A33000010B4A1368013313602CF0AAFEE06B91
S21400A3402CF0C7FC51E75D254FE759254DE75A2508
S21400A3504BE75F2549E75B2547E700BFA83B0020A2
S21400A360A43B00202DE9FF410C4616461F46054635
S21400A37080B390F834307BB3B1F5801F2ED2DFF86F
S21400A380608001212CF00CFB2146424628460DF148
S21400A3900F03FFF745F8044670B99DF80F30012B00
S21400A3A011D1D8F81030BB4212D102460090314687
S21400A3B02846FFF743FB0446E86B2CF08AFC204651
S21400A3C004B0BDE8F081022B14BF2D246024F3E70F
S21400A3D06324F1E72124F2E71124F0E72924EEE7CD
S21400A3E0704200202DE9F04385B00C4617461E4605
S21400A3F00546DDF8308098B390F8343093B3B1F565
S21400A400801F31D2DFF8649001212CF0C9FA214672
S21400A4104A4628460DF10F03FFF702F8044688B9AE
S21400A4209DF80F30012B14D1D9F8102006EB080345
S21400A4309A4213D300904346324639462846FFF7E1
S21400A440FDFA0446E86B2CF044FC204605B0BDE857
S21400A450F083022B14BF2D246024F3E76324F1E776
S21400A4602124F2E71124F0E72924EEE770420020C9
S21400A47073B50C461646054630B390F834302BB309
S21400A480B1F5801F24D201212CF08AFA21462846F5
S21400A490104A0DF10703FEF7C3FF044680B99DF886
S21400A4A00730032B0CD0022B0CD1284609492CF080
S21400A4B06EFC3060E86B2CF00CFC204602B070BDE1
S21400A4C02D24F7E76124F5E72124F6E71124F4E7C5
S21400A4D02924F2E7704200202DE9F3411E460023AE
S21400A4E00C4617460546336050B390F834304BB3ED
S21400A4F0B1F5801F28D2DFF8548001212CF050FAE5
S21400A5002146424628460DF10703FEF789FF04461A
S21400A510A0B99DF80730032B10D0022B03BF0123F0
S21400A5203B600423D8F8103018BF38603360E86BFF
S21400A5302CF0CFFB204602B0BDE8F0812D24F6E7D4
S21400A5402124F7E71124F5E72924F3E770420020D9
S21400A55073B50446056B2CF0FAF9636E03449D420E
S21400A5602CBF00230123854294BF00252D1A207C92
S21400A57084F85030656584F85800A8B100230C4E66
S21400A5801A461946204600962CF0C5FC00230546C0
S21400A5901A461946204600962CF0C6FCE368284466
S21400A5A0984294BF0020C01AE06502B070BD00BF9C
S21400A5B0FFFF0F002DE9F3471E4643690446B342EA
S21400A5C0884617469DF828904ED300258DF80750EC
S21400A5D020462CF0BCF9D4F830A082450AD2236A73
S21400A5E0B5EB430F06D2002220460DF10701FFF718
S21400A5F045F9B8B39DF80730012B05D10022204657
S21400A6000DF10701FFF73AF9B9F1030F06D031460D
S21400A61020462CF08CF9256B854227D3144D4FF03D
S21400A620FF31284600F0B2FA4B4629460022204663
S21400A630C5E90376C5F80080FFF716FB236E0546CE
S21400A64063B12046FFF784FF94F8503013B994F8AE
S21400A65058301BB1236E04F150009847284602B0CC
S21400A660BDE8F0870135B3E76225F7E71C25F5E777
S21400A670444200202DE9FF410F4690461E460546FF
S21400A68098B390F8343093B3B1F5801F31D21A4C9A
S21400A69002212CF085F92246394628460DF10F0393
S21400A6A0FEF7BEFE024678B10123424600933946C5
S21400A6B033462846FFF77EFF0446E86B2CF009FB7E
S21400A6C0204604B0BDE8F0819DF80F30012BEBD199
S21400A6D02169B142E8D10093414633462846FFF748
S21400A6E0ADF904460028DFD1E7E72124E8E7112486
S21400A6F0E6E72924E4E700BF704200202DE9F04792
S21400A70090F8423086B0012B05460391A1EB020774
S21400A71040F0AA80FF2F03D81E464FF0640807E0DB
S21400A7200226012B14BF4FF032084FF064080136A2
S21400A73000244FF6FF79DFF844A195F84230012B4C
S21400A74014BF322364239C4202D35FFA88F40DE0E0
S21400A75005AB2246514628462CF0F7FA95F84230CB
S21400A760012B059B34D14B452DD1E4B295F84230F0
S21400A770012B14BF32226422121BB24217D3012EC1
S21400A78039D10022012B05978DF8132027D10822F6
S21400A79005A90DF113002CF094FD9DF81330059AD1
S21400A7A042EA032221462846FFF730FA40B1022348
S21400A7B0324900932846CC23096803AAFFF7FAFE1D
S21400A7C006B0BDE8F087DBB203B902340134B4E763
S21400A7D0591CCAD09BB2002BF8D10134F6E71022E0
S21400A7E005A90DF113002CF06CFD9DF81330059AA9
S21400A7F042EA0342D6E7039A012B059223D10823A7
S21400A800202205A90DF113008DF813302CF059FD08
S21400A8109DF81320120221462846FFF7F7F995F80F
S21400A8204230611C012BC9B21AD10028BFD128467C
S21400A830BDF81420FFF7EAF90028B8D10234BDF8B5
S21400A8401620E1B2AFE71023202205A90DF1130070
S21400A8508DF813302CF035FD9DF813201204DAE73E
S21400A8600028A4D1059A9EE7B7F5803F4FF0010671
S21400A870BFF457AF4FF032085AE700BF70420020CF
S21400A88070B586B00E4605460392A0B390F83430F5
S21400A8909BB3B1F5801F32D202212CF081F83146ED
S21400A8A02846184A0DF11703FEF7BAFD044618B9F4
S21400A8B09DF81730032B0ED102233146009328460D
S21400A8C0CC2303AAFFF776FE0446E86B2CF001FAC9
S21400A8D0204606B070BD022B0BD10A4928462CF044
S21400A8E056FA039902468142EFD02846FFF706FF44
S21400A8F0EAE76124E9E72124EAE71124E8E72924C6
S21400A900E6E700BF70420020F7B50C46164605463F
S21400A91068B390F8343063B3B1F5801F2BD20221B0
S21400A9202CF03EF821462846144A0DF10703FEF7A0
S21400A93077FDC0B99DF80730032B14D0022B14D135
S21400A9400E4928462CF023FA471C0246394628466C
S21400A950FFF7D4FE044606B13760E86B2CF0B9F971
S21400A960204603B0F0BD2D24F7E76124F5E7212447
S21400A970F6E71124F4E72924F2E700BF704200202E
S21400A98030B50C46054685B028B390F8343023B36E
S21400A990B1F5801F23D202212CF002F80DF10F032F
S21400A9A0214628460F4AFEF73BFD034688B99DF828
S21400A9B00F20032A0DD00322214600920246284685
S21400A9C0FFF7F8FD0446E86B2CF083F9204605B047
S21400A9D030BD2D24F7E72124F8E71124F6E72924D3
S21400A9E0F4E700BF704200202DE9F043466886B3C6
S21400A9F0056898464FF0000CA946AE4655F83C4010
S21400AA000CF1010CC4F31307013401D0B94217D07E
S21400AA10B4450EF1080EF1D12F46002403E0B442EF
S21400AA2007F1080712D055F8343001340133F6D157
S21400AA30C1F3130141EA0851C7E90012BDE8F083EB
S21400AA4041EA0851CEE90012BDE8F083B8F1030FE1
S21400AA5003D101230372BDE8F083002303E0B34271
S21400AA6009F10809F5D055F833400133C4F307540B
S21400AA70032CF4D1C1F3130343EA0853C9E90032A7
S21400AA80BDE8F0832DE9F0410646406882B0B8B1D3
S21400AA900F4690460024336853F8345003EBC40343
S21400AAA0C5F30752C5F31301013506D05B6830467F
S21400AAB0CDF80080B84718B1706801348442EAD3F4
S21400AAC002B0BDE8F08100BF024B1968024B18685F
S21400AAD0FFF780BB2C6E00204C6E002008B536F0C9
S21400AAE00CFA014B186008BD9C420020014B186808
S21400AAF036F0FEB99C42002073B504462248012A6F
S21400AB0000EAC1119DF8185023F07C4007D9961E24
S21400AB10012E28D9073303F07F03194308E09DF878
S21400AB201C300A43DB0603F0C053134343F0604176
S21400AB300023C4E900108DF80730B5B12022214665
S21400AB400DF107002CF0BDFB1A220DF10700211DA8
S21400AB502CF0B7FB082063689DF8072043EA826361
S21400AB60636002B070BD1143E2E71B220DF10700DF
S21400AB7021462CF0A6FB23689DF80720042043EA14
S21400AB80C2632360EDE700BF80FFFF0738B5094BBF
S21400AB900D461A680021044611F078FC00234FF099
S21400ABA0FF322383C4E900252361A260E382A376F3
S21400ABB038BD00BF2CB504000138C0B205289ABFC6
S21400ABC0014B185C0120704731B504002DE9F041B7
S21400ABD00746154600240E46596888B0490A0129DA
S21400ABE022464FEA510104F10104F8D8DC7899783E
S21400ABF024031B88C90201F4006104F480540C434A
S21400AC00C3F30A035203234492B24FF000089C1881
S21400AC10274B6FEA0444039325F07843ED4302A9DB
S21400AC200DF107001B2202938DF807802CF049FBDC
S21400AC309DF80720029B02A943EAC2630DF10700B4
S21400AC401B2225F07845049302958DF807802CF09A
S21400AC5038FB9DF80720029B6FEA144443EAC26360
S21400AC6005934FF0FF330794069307A9BB690122AB
S21400AC7006F110009847BB6905A90446012206F1B3
S21400AC8008009847BB69404518BF044604A901223E
S21400AC90301D98470122404518BF0446BB69304620
S21400ACA003A99847404508BF204608B0BDE8F08194
S21400ACB001009AB238B5104B0546D3F800310C4661
S21400ACC003F00303022B0BD0032B0DD0012B0FD167
S21400ACD034F0ECF9032305B1286004B1236038BDD5
S21400ACE034F02EFA0723F6E736F01AF90623F2E7D1
S21400ACF001230020EFE700BF0080005038B5134B5B
S21400AD000546D3F820010C4600F0070004281AD8A0
S21400AD10DFE800F003090D111500012305B12860D6
S21400AD2004B1236038BD34F087F90423F6E734F025
S21400AD30BDF90323F2E734F0BFF90523EEE734F05C
S21400AD40B1F90223EAE700231846E7E7008000503F
S21400AD5038B5104B0546D3F840310C4603F00303D4
S21400AD60022B0BD0032B0DD0012B0FD136F0DAF8C7
S21400AD70082305B1286004B1236038BD34F0E0F93B
S21400AD800723F6E736F0D1F80923F2E7012300207F
S21400AD90EFE700BF0080005038B5104B0546D3F8EB
S21400ADA060310C4603F00303022B0BD0032B0DD0AF
S21400ADB0012B0FD136F0B6F8082305B1286004B190
S21400ADC0236038BD34F0BCF90723F6E736F0ADF85B
S21400ADD00923F2E701230020EFE700BF00800050C0
S21400ADE041F6713210B5104C104BA04294BF0024AF
S21400ADF00124D969DA639A6801F4803122F440129A
S21400AE0042EA04529A600A4A90420A4AD2F8180263
S21400AE108CBF40F0020020F00200C2F8180209B110
S21400AE200022DA6310BD00BF005A62020000035021
S21400AE3080F0FA0200C007502E4B98424AD022D823
S21400AE402D4B984240D014D82C4B984239D00AD873
S21400AE502B4B984232D02B4B98422FD02A4B9842FD
S21400AE602CD000207047294B9842FAD1284B186FF7
S21400AE707047284B98422AD0274B9842F1D1244B52
S21400AE80D3F880007047254B98422BD009D8244B26
S21400AE90984223D0234B9842E3D11D4BD3F88C0025
S21400AEA07047214B984221D003F5740303F51053E5
S21400AEB09842D6D1164BD3F898007047144B986D2D
S21400AEC07047134B586E7047114B586F7047104BB6
S21400AED0986F70470E4BD3F8840070470C4BD3F82E
S21400AEE0880070470A4BD3F890007047084BD3F899
S21400AEF0940070470048E8010024F400C0CF6A00C0
S21400AF0080841E0000093D0040420F00405DC600E0
S21400AF100080E00FC0EA210180BA8C01007E560353
S21400AF2080D54302006CDC020090D00337B50C4697
S21400AF300021114B0191D3F88031054603F003033D
S21400AF40022B0ED0032B11D0012B03D101A8FFF743
S21400AF50D5FE0D210DB1019B2B6004B1216003B01D
S21400AF6030BD34F0A9F805210190F3E734F09AF8E3
S21400AF7002210190EEE700BF0080005038B5104B6C
S21400AF800546D3F840320C4603F00303022B0BD0E1
S21400AF90032B0DD0012B0FD135F0C4FF082305B1CC
S21400AFA0286004B1236038BD34F0CAF80723F6E7FA
S21400AFB035F0BBFF0923F2E700231846EFE700BF92
S21400AFC00080005038B5144B0546D3F800020C46F6
S21400AFD000F0070004281BD8DFE800F003090D1175
S21400AFE01500012305B1286004B1236038BD35F093
S21400AFF099FF0823F6E734F0A3F80723F2E735F0C5
S21400B00094FF0923EEE734F037F80C23800AE9E7CB
S21400B01000231846E6E700BF0080005038B5144B02
S21400B0200546D3F808020C4600F0070004281BD893
S21400B030DFE800F003090D111500012305B12860B3
S21400B04004B1236038BD35F06DFF0823F6E734F011
S21400B05077F80723F2E735F068FF0923EEE734F0C8
S21400B0600BF80C23800AE9E700231846E6E700BF42
S21400B07000800050032814D005D8012805D00228E7
S21400B08009D0002005E00F28FBD1084B186FC0F34D
S21400B090013001307047054BD3F89000C0F30460D0
S21400B0A0F7E7024B186FC0F38020F2E700800050ED
S21400B0B01FB500230193252817D8DFE800F0131AE0
S21400B0C01D272C363B51565B60656A78161A40166B
S21400B0D016561A272C27361A5127783B3B3B3B2718
S21400B0E027275B6033F0AEFF0190019805B05DF84E
S21400B0F004FB33F0C1FFF7E733F0A4FF024602205B
S21400B100FFF7B8FFB2FBF0F20192EEE733F0B4FFC0
S21400B11002460320F4E733F0AFFF02460320FFF7B2
S21400B120A9FFB2FBF0F25208EEE7002101A8FFF7F4
S21400B130FDFEDAE7002101A8FFF7E0FDD5E7029360
S21400B1404FF0E0231B695B0705D533F095FF0290AF
S21400B150029B0193C9E703A902A8FFF7F9FDF7E7E9
S21400B160002101A8FFF7F4FDBFE7002101A8FFF7C3
S21400B17013FEBAE7002101A8FFF724FFB5E7002178
S21400B18001A8FFF74BFFB0E7002101A8FFF792FDEB
S21400B190ABE7094BD3F8803003F00303022BA8D0AB
S21400B1A0032B01D000209FE733F086FF9CE70021A9
S21400B1B001A8FFF7E3FE98E70080005008B50120DD
S21400B1C0FFF776FFBDE808400349884294BF012197
S21400B1D00221032000F002B880F0FA02032810B51E
S21400B1E00C4627D004D8012804D0022817D010BD5A
S21400B1F00F28FCD12CF083F82CF089F8124A013C79
S21400B200136F23F4405343EA0433136733F034FFD9
S21400B2100021FFF7E5FDBDE81040FFF7CFBF0A4A63
S21400B2204C1ED2F8903023F0F85343EA0463C2F879
S21400B2309030DCE7044A4C1E136F23F4806343EA25
S21400B24084231367D3E700BF008000501FB5002398
S21400B2500193252821D8DFE800F013202020202A9B
S21400B2602F454A4F54595E7120203420204A202012
S21400B27020202A204520712F2F2F2F2020204F54AA
S21400B280314B1B6F03F00703013B032B05D8DFE8A8
S21400B29003F00C02080A04230193019805B05DF838
S21400B2A004FB0323F8E70623F6E70223F4E700206F
S21400B2B001A9FFF73BFEF0E7002001A9FFF71EFDFE
S21400B2C0EBE702934FF0E0231B695B0705D533F0ED
S21400B2D0D3FE0B230393039BDEE703A902A8FFF725
S21400B2E037FDF8E7002001A9FFF732FDD5E700207B
S21400B2F001A9FFF751FDD0E7002001A9FFF762FE84
S21400B300CBE7002001A9FFF789FEC6E7002001A9C8
S21400B310FFF7D0FCC1E70C4BD3F8803003F00303F3
S21400B320022B03D0032B05D00023B5E733F0A4FE91
S21400B3300B23B1E733F0C0FE0523ADE7002001A9DB
S21400B340FFF71CFEA9E700BF0080005008B50320E9
S21400B350FFF790FE034B18702BF0D1FFBDE80840B6
S21400B3602BF0D5BFEE63002010B5044633F084FE04
S21400B3700021FFF735FD1CB1BDE81040FFF71EBFEA
S21400B380034B0320BDE810401978FFF727BF00BF26
S21400B390EE63002038B50546FFF74EFD204B044609
S21400B3A05A68012A04D11F494A609A699207FCD15B
S21400B3B00020FFF74BFF042803D12BF0A0FF2BF053
S21400B3C0A6FF194A24F0407395421FD0174A9542AB
S21400B3D01FD0174AD16811F0060FFBD19068936012
S21400B3E091684B4013F4F81F16D12846FDF766FD0A
S21400B3F00020FFF72BFF042810D133F03DFE00217C
S21400B400FFF7EEFCBDE83840FFF7D8BE43F0007308
S21400B410DFE743F08073DCE79060E9E738BD00BF04
S21400B42000C0015000E0015040420F0080841E0022
S21400B4300000015070B504460020FFF707FF032800
S21400B4407CD045F60E030221414AC2F88030414BBB
S21400B4509962012103F580539962936DD903FCD458
S21400B460D4E900131B0543EA0163E17B94F82350FB
S21400B4700B43217B43EA0143617B43EA0133A17B13
S21400B48043EA811313619169D4E904031B0643EA76
S21400B490806301F000410B43A17EE07E0B43217EDA
S21400B4A043EA0143617E43EA01239361E169136A3B
S21400B4B0002923F00D0343EA010314BF01210021F4
S21400B4C043EA800343EAC103136294F8203094F8F9
S21400B4D02200916A4FEA431331D194F8216021F09B
S21400B4E0330143EA06130B4343F0010393621A4900
S21400B4F0174A936D31EA0303FBD10221154B99627B
S21400B500936D5B00FCD41369A16823F4700343EACF
S21400B510015313614FF000420E4B9A6118B9022294
S21400B52003F580539A6215B901220C4B9A6294F87F
S21400B53024301BB1064B0A4AC3F8802070BD21F0A8
S21400B540330129430B4343EA40039362EFE700BF0E
S21400B55000C0005000D000500300014000E0005042
S21400B560F1A7FFFF014B93F900007047EF6300203F
S21400B570014B1880704700BF7E7300200C4A10B540
S21400B5801369044643F00403136134F0E5F82BF026
S21400B590C2FE084B084AC3F8202430BF2BF0BCFE7E
S21400B5A002F08CFA1CB9BDE8104033F065BD10BD42
S21400B5B000ED00E000E003500000FFFF034A0179C1
S21400B5C0D36E23F030030B43D36670470040005021
S21400B5D0F8B504460D461F4616464AB101238B4071
S21400B5E03021184A01FB0022F7B141F210015350F6
S21400B5F004EB4403072D4FF00F014FEA031316D850
S21400B600A80006FA00F281400F4818442BF087FE87
S21400B6104EB9012330210B4AAB4001FB042277B11F
S21400B62041F210015350F8BD42F21001DFE7A5F1D8
S21400B6300800800006FA00F281400448E5E742F27E
S21400B6401001EFE700C0035004C003500CC00350C5
S21400B650012200F5805310B55A60244B244AC3607B
S21400B66043691340FCD18361C0F89830436913F4F2
S21400B670401FFBD14369DA052CD4836F53BB436963
S21400B6809B0529D4D0F8883033BB0121C26FD0F88F
S21400B6908C2000F500525160302183600361C36244
S21400B6A003620167C0F880101249884208D142F24E
S21400B6B060041149846401654365846501664366D8
S21400B6C00C49884202D10020102B08D10B4B536244
S21400B6D0936210BD436FCDE7D0F88430CFE703F117
S21400B6E0280441F824000133EEE700BF12000200F0
S21400B6F0520001000040005A00C002808F330F80C5
S21400B700084608B569B91820FFF7D2FCB0B10C4B53
S21400B710984206D90B4B9B68C3F302730133B0FB08
S21400B720F3F0094B00F5742000F23F20B0FBF3F075
S21400B73001387F2828BF7F20C0B208BD0120F0E76F
S21400B740005A62020040005A40420F000B4B10B5F0
S21400B750994228BF19460C461AB91820FFF7A8FCCC
S21400B7600246631E1344B3FBF4F0A34228BF00F165
S21400B770FF30032828BF0320C0B210BD005A620263
S21400B78010B51048104C002B08BF04468C4228BF4A
S21400B7900C461AB91820FFF78BFC02469DF80830B5
S21400B7A040F2FF300133B2FBF3F2631E1A44B2FBE1
S21400B7B0F4F3A24228BF03F1FF33984228BF18468D
S21400B7C010BD00BF80969800404B4C002DE9F04F0E
S21400B7D02DED068BB64D0C4616462946002285B042
S21400B7E00746FFF7B3FF94F805800122804538BF6F
S21400B7F0804607F500535A6020795FFA88F850B9FA
S21400B8001820FFF755FCA842014628BFB0FBF8F108
S21400B8103846FFF775FF4FF00009E37822781B01E2
S21400B820524202F0020203F030031343627800042F
S21400B830524202F004021343A27800F4FE00524281
S21400B84002F0080213434FEA087202F0E042134384
S21400B8501843E3882289B8603B616389DFF85CA2FD
S21400B86043EA02433B62574502D1B9F1020F08D1C1
S21400B870012307F580577B6005B0BDEC068BBDE85D
S21400B880F08F002235788B488B49B468954218BFF4
S21400B89001462B468948CDF80080FFF771FF07EB7D
S21400B8A009118B6CA2B223F0405323F4EE2323F04D
S21400B8B01F0305F003041C43737882424FEA830398
S21400B8C003F01C0344EA0304B37838BF02461B03A4
S21400B8D0F07803F4E0432343040404F4E024234311
S21400B8E034794FEA091C240704F0405423438B6440
S21400B8F08C6C09F1050BC4F30234013C7049042C2E
S21400B90026D8DFE804F0252503101A00D1F8804178
S21400B910240C2DB3C2F309020AEB0B135A6009F18B
S21400B920010910369FE7D1F88441002DF2D1D1F8F5
S21400B9308C11A4B20914490015E0D1F88441002DF9
S21400B940E8D1D1F88C11240C091401EB41010AE06E
S21400B950D1F88041A4B2002DDCD1DFED5A7A06E0A2
S21400B960D1F88C11091407EE901AF8EEE77A012147
S21400B9700CF1B44C0CF5804C2304DCF8483024F46D
S21400B980C045C3F3820C0CF1010C01FA0CF107EE72
S21400B990101A4FEA854548BF45F0004513F01C0FC6
S21400B9A0B8EEC79AF6EE008A454B55D1D3F88C11FF
S21400B9B00BB208EE103AB8EEC88A38EE278A9FED2A
S21400B9C042AAF7EE049A00285DD103922BF021FDDF
S21400B9D007EE900AF8EE677A87EE8A7AC9EE877ADB
S21400B9E027EE888A039A9FED397AC7EE097A9FED8B
S21400B9F0387A67EE877AB1EE007AB5F1004F48EEF6
S21400BA00077A0BD09FED337A06EE104A77EE876AF8
S21400BA10BAEEE86AF0EE477A56EE267AF5EEC07A87
S21400BA20F1EE10FACBBFF1EE677A78EEE78A77EEA2
S21400BA30E87AFDEEE87AC8BFFDEEE77A17EE901AD0
S21400BA40B1F5003F2ADB6FEA55456FEA45451B48CE
S21400BA504FEA0B1145505DE7D3F8901169EE286A5E
S21400BA6009B207EE101AB8EEC77AD3F8881177EE47
S21400BA70677A0BB208EE103A87EEA67AB8EEC88A56
S21400BA8038EE078A9BE7D6ED037AF8EE677A87EEFC
S21400BA908A7AC9EE877A27EE888AA4E711F5003FEE
S21400BAA0AABFC1F3110145F400350D43CFE700BF2F
S21400BAB0005A6202404B4C00809698000040005AA4
S21400BAC00080E00F0000000000007A440000804381
S21400BAD0000020440000004941F67132034BDA634F
S21400BAE0012203F50053DA60704700BF00000350E0
S21400BAF041F671320121044BDA6303F50052D1603E
S21400BB000022DA63704700BF00000350044B186839
S21400BB10421C02BF034AD2F894001860704700BF68
S21400BB20506E002000400050CB784A7810B55B017C
S21400BB300C7843EA82030A79234343EA02130C2271
S21400BB40424302F1B0421363012C02BF8A78024BD3
S21400BB5043F8202010BD00BFD080035008B54FF03A
S21400BB60B0435A6802B960B15B680BB12BF079FC40
S21400BB704FF0B04130B10120074B58602BF071FCFC
S21400BB80C86008BD2BF06DFC0223CB602BF069FC6F
S21400BB900122024B5A60F4E70010005800200058BB
S21400BBA04FF0B0414B6810B50BB12BF05AFC012298
S21400BBB00B4BC4785A608378934043EA84034478F6
S21400BBC02343047943EA0413447943EAC4038B60AD
S21400BBD0044B5A600378C3F10203CB6010BD00BF6C
S21400BBE00020005800100058054B5B69C3F385120F
S21400BBF0827003F03F021B0B42700370704700BF59
S21400BC0000C007500120034B9B680A3303F01F0354
S21400BC10984070470080E00F30B5124CA04215D017
S21400BC2004F58044A04213D004F58044A04211D00D
S21400BC3004F58044A04208D1032006250A4C5BB1D7
S21400BC4005FB001004EB8004E26130BD0020F4E741
S21400BC500120F2E70220F0E705FB0011120204EBD8
S21400BC608104F1E700800450008103500D4B984298
S21400BC7008D1A3F50033C3F88411802300F5805063
S21400BC80C3657047084B984204D1A3F51033C3F838
S21400BC909411F2E7054B984204BFA3F52033C3F88E
S21400BCA0A411EAE70080055000C0055000000650C9
S21400BCB070B5054616461C4619B90320FFF7F8F975
S21400BCC00146402C1BD003D8DCB1202C1BD070BD05
S21400BCD0602CFCD1042303FB06F2530803EB41134C
S21400BCE0B3FBF2F36021094A203B02EAC30305F5E1
S21400BCF00052916005F580529460EB61E7E70623F9
S21400BD00E9E71023E7E70823E5E700BFF8FF7F0031
S21400BD10012200F580535A6040F6AA6341F20502FC
S21400BD20436100230D498360C365C26000F500527D
S21400BD300361C361C364916409498365884203D182
S21400BD4003650023436506E006498842F8D001F5FE
S21400BD5080418842F4D0012353607047FFFF010002
S21400BD600080055000C0055070B50D46FFF7D0FFA7
S21400BD70012300F580567360AB7C04461BB18368D4
S21400BD8043F080438360EB7C1BB12046297DFFF7A0
S21400BD906DFF2A8A6B7B20461343EA891343E360D0
S21400BDA02B7BD5E90112FFF783FF6B7D1BB1A368E0
S21400BDB043F48033A360AB7D1BB1A36843F4004318
S21400BDC0A360EB7D2A7E1B07120502F4E00203F057
S21400BDD0E0431343A365697E1F4A8B1E012B1F4B4E
S21400BDE01DD8944217D002F58042944215D002F531
S21400BDF08042944214BF4FF0FF32022203EB4213FC
S21400BE00022041F2AC520329985020D10423F36556
S21400BE102B78636170BD0022F0E70122EEE79442C2
S21400BE2011D00F4A944210D002F58042944214BFBB
S21400BE304FF0FF32022203EB4213022042F2AC52D2
S21400BE4001299850E1E70022F5E70122F3E70422F2
S21400BE5004F50053DA65DBE70080055000C00350A8
S21400BE6000C00550034BD3F82424D3F82004104018
S21400BE70704700BF00C003502DE9F8431E4B05462F
S21400BE80D3F810334B1E0E2B0E46174690F8009034
S21400BE9044781DD909B34FF000082846D7B135F0CD
S21400BEA047F809EB4903072C4FF00F014FEA03133D
S21400BEB015D8A400114808FA04F2A14018442BF043
S21400BEC06DFBBEB928468FB1BDE8F84335F030B8F3
S21400BED08846E2E72BF071FBE3E78846E1E7083C9B
S21400BEE0A400074808FA04F2A140E7E7BDE8F843D3
S21400BEF02BF063BBBDE8F88300C0035004C00350BA
S21400BF000CC003502DE9F041204B1646D3F8102301
S21400BF104A1C05460C46407804D1D3F824142BF06E
S21400BF205AFB0446002C2EDB072C14DC03274FEAB2
S21400BF3084082A7807FA08F73946154802FA08F2FC
S21400BF402BF02CFB6A78394602F00302114802FAFD
S21400BF5008F22BF023FB012316F0050F0E4A18BF3C
S21400BF600E4903FA04F30CBFC2F81034C1F81034BB
S21400BF7016F0060F18BF094AC2F814340123064A01
S21400BF80A340C2F820342046BDE8F08100C003502C
S21400BF9000C4035008C4035000E0035000D0035010
S21400BFA070B504462FF069FF064630B90FCC044D35
S21400BFB00FC594E80F0085E80F00304670BD00BF3F
S21400BFC0A042002047F6FF739A42F0B570D00229CF
S21400BFD070D8394B5B5C022B6CD8384DDE0005EB15
S21400BFE0C304A77815F83330012F394638BF01212E
S21400BFF0012B16D1E078401A0021884205D8012F7F
S21400C0002CBFC0190130C0B2F0BD431A6568A0EB62
S21400C010530335F913509542D4BF194603F1FF3048
S21400C020EBE760680028EFD0B0F90040944204DBEC
S21400C030B0F902409442B8BF144683883544FF2BBB
S21400C04019BFC8232827B0F90630B0F90870A3EB4B
S21400C05004030CBF0122002293FBF7F36E7813440F
S21400C0601BB29E4201DD002B01DA731E1BB24FF499
S21400C0707A7C00EBC305EA88AD685F1C14FB0252AD
S21400C0801D4622EAE2723BB25C329E42B2FBFCF2F2
S21400C09004DD00EBC307BF889742EAD200EBC50376
S21400C0A09888904228BF1046884238BF0846AAE7BC
S21400C0B0FF20A9E70020A7E737B50400A04200202C
S21400C0C00229F0B560D8314B595C02295CD8304B58
S21400C0D013F83100012816D103EBC1039C78D878F9
S21400C0E0012C214638BF0121904294BFC1EB0001CC
S21400C0F0C1EB0201001BCAB28242C8BF00225B68C5
S21400C10033F91200F0BD002A3CD003EBC103596896
S21400C110002939D09878904202D3B1F90200F1E7AD
S21400C120DC78B1F900009442ECD95C788B88013C4D
S21400C130A3F1FF06734201F10405E4B2734101F175
S21400C1400C07DEB2B44216D805EBC3034FF47A757B
S21400C1506A43B3F902405B68D21A04EBD47302EB6D
S21400C160630292FBF4F29042CCDBB1F902009042FB
S21400C170C8DC10B2C6E737F833C05E1C9445E3D37C
S21400C1803346DEE70348BDE70348BBE737B50400A0
S21400C190A04200200CFEFFFF0080FFFF08B5044809
S21400C1A0FFF7FEFEBDE8084001202FF06CBE00BF82
S21400C1B03CB504007FB51422002101A810F066F9F2
S21400C1C0044B01A94FF0FF3002932FF0A2FE07B0F8
S21400C1D05DF804FB006A18002DE9F0418CB0884633
S21400C1E0DDE912761D460446002847D0002945D0D2
S21400C1F0002F43D0002E41D013F00F033ED120482D
S21400C2002049A360002A08BF01462362C4E9001340
S21400C210404609A92BF071FA68BB2046099934F00C
S21400C220E2FE2946204634F0DEFE694640462BF004
S21400C230F3FA00BB694620462BF01EFB404603A9D6
S21400C2402BF0F5FAB8B9204603A92BF015FB069794
S21400C2500127204645F0005506A9079708952BF0BC
S21400C2600BFB204609A909960A970B9534F0E1FEC8
S21400C270204634F09BFE0CB0BDE8F0812120FAE7A2
S21400C28000010004000101042DE9F04F97B0894633
S21400C29090461F460546DDF880A0002800F0BB80CB
S21400C2A0002900F0B8803AB1229B002B00F0B38042
S21400C2B0239B002B00F0AF80BAF1000F00F0AB809C
S21400C2C0219B002B00F0A78067B13C680026229BCC
S21400C2D043440293464507D307B13C60002017B09D
S21400C2E0BDE8F08F3C46F1E75CB1229B219A9B5D4E
S21400C2F0125D01345340239A04F00F04935501361F
S21400C300E8E7A8EB060BBBF10F0F58D9434B48469E
S21400C310C5E90034AC602C6213A92BF0EEF90028B6
S21400C320DDD1284613992BF00F0B34F05CFE5946EE
S21400C330284634F058FE484604A92BF06DFA00282B
S21400C340CDD1284604A92BF097FA484607A92BF02A
S21400C3506EFA0028C3D1284607A92BF08DFA0123D0
S21400C36022992F4ACDF828A00B930C928A190D9289
S21400C37028464BF000520AA90E9303920F922BF018
S21400C3807BFA28460DA92BF077FA239B039A991976
S21400C3900123109111931292214A284610A9CDF834
S21400C3A04CA01493159234F044FE284613A934F09A
S21400C3B040FE284634F0FAFD5E4400288FD1229BCA
S21400C3C003EB060B239B1E44029B9B4501D146466E
S21400C3D080E7ACB9219B2246CDE900A3494610234D
S21400C3E02846FFF7F9FE00287FF479AF0AF110021D
S21400C3F012F8013D0133DBB213700BB95245F7D189
S21400C400219A1BF8013B125D0134534006F8013BAC
S21400C41004F00F04D8E7212061E700BF03030004FF
S21400C420100000207FB50E461D460446F0B102B946
S21400C430E3B901230192029345F0005303930023CE
S21400C4400B4AA360C4E900232362204601A92BF00F
S21400C45013FA3146204634F0C6FD2046294634F00D
S21400C460C2FD204634F0A2FD04B070BD2120FBE7DB
S21400C47000000943084B984202D0084B984207D167
S21400C4800B88B3F5105F14BF6FF08500002070476F
S21400C4906FF08500704700BF004440040013C004DE
S21400C4A01038102808D8064BC34013F0010F0CBFF5
S21400C4B06FF08600002070476FF08600704700BF60
S21400C4C0010101002DE9F04FA7B008AFCDE9050145
S21400C4D0DDE93295DDE9346A0021079238461022FC
S21400C4E09846DDF8D8B00FF0D1FF102200210CA836
S21400C4F00FF0CCFF069B2BB96FF08604204627B0C2
S21400C500BDE8F08F079B002BF6D0B9F1000F01D1E4
S21400C510002DF1D1309B13B9319B002BECD116B90D
S21400C520BAF1000FE8D1BBF1000FE5D040460599FF
S21400C530FFF7A0FF04460028E0D1014628221CA8E9
S21400C5400FF0A4FF2022214614A80FF09FFF1CA87E
S21400C55034F03FFD002840F0AF80DDE90612059874
S21400C56014AB2BF0D5F904460028C7D11498FFF772
S21400C57097FF04460028C1D115B9CBF80000BDE7E7
S21400C580B14518D209EB05039E4214D25545B3D8DF
S21400C5902A46494630460FF0CBFF554B984526D0E5
S21400C5A006D3544B984524D003F54073984520D0C5
S21400C5B06FF08504A2E74F4B98451BD003F54073F8
S21400C5C0984517D04A4B9845F2D1554594D815F062
S21400C5D00F0291D12B46CDE9009614A91CA8FFF7AF
S21400C5E0FBFD814600285CD1CBF8005086E7B146BB
S21400C5F0EDE7B1461022002110A80FF047FF554581
S21400C6003FF67AAF3C4B9845319B39D10D2B7FF4E2
S21400C61073AF01238DF84030309B0DF1410203F1DA
S21400C6200C0153F8040B8B4242F8040BF9D11B782B
S21400C630137001238DF84F3015F00F0842D025F007
S21400C6400F034B440DF1300C03F1100E62461868D0
S21400C6505968083303C273459446F7D10F2D33D873
S21400C66025F00F03334403930CABCDE9017310ABF5
S21400C67000934246002314A91CA8FFF705FEB0E766
S21400C680102B7FF439AF309B10AA03F1100E94469E
S21400C690186859680833ACE8030073456246F6D15B
S21400C6A0CAE75246002130460FF0F0FE0023B9F1EB
S21400C6B0010FCBF8003002D06FF092041EE76FF047
S21400C6C08B041BE70F2D8FD910ABCDE90296009394
S21400C6D00197002325F00F0214A91CA8FFF7D4FD2C
S21400C6E081460028DDD1B8F1000F3FF47DAFB7E7F3
S21400C6F0004440040010C0040013C0042DE9F04FAD
S21400C7008A46A1B00021DDE92A56DDE92C7905909C
S21400C710934606A8102298460FF0B8FE1022002175
S21400C7200AA80FF0B3FEBAF1000F05D16FF0860429
S21400C730204621B0BDE8F08FBBF1000FF6D00DB952
S21400C740002EF3D117B9B9F1000FEFD12E9B002BB5
S21400C750ECD040460599FFF78DFE04460028E7D149
S21400C7600146282216A80FF091FE202221460EA888
S21400C7700FF08CFE16A834F02CFC002854D15A4634
S21400C780514605980EAB2BF0C3F804460028CFD1CF
S21400C7900E98FFF785FE04460028C9D116B92E9BD1
S21400C7A01860C5E7BD4216D2AB199F4213D24E455C
S21400C7B0BCD83246294638460FF0BAFE3A4B984562
S21400C7C05BD003F54073984531D0384B984511D06F
S21400C7D06FF08504ACE7344B98454FD003F54073B3
S21400C7E0984525D0314B9845F2D14E4503D96FF088
S21400C7F089049DE73D46330798D133460122CDE9AB
S21400C80000570EA916A8FFF7E7FC2E9B05461E60EC
S21400C81000288DD04A46002138460FF037FE002308
S21400C8202E9A012D13603BD06FF0920480E73D46B0
S21400C8300D3E4E45DBD801238DF828302B460DF1F2
S21400C840290205F10C0153F8040B8B4242F8040B45
S21400C850F9D11B780D3513704FF48073ADF8363070
S21400C86006AB01930AAB009332460023CDE902578C
S21400C8700EA916A8FFF708FDC7E73D46103E4E4531
S21400C880B5D82B460DF1280C05F1100E6246186837
S21400C8905968083303C273459446F7D11035DFE76D
S21400C8A06FF08B0444E700BF0010C004004440044F
S21400C8B010B54FF42F72002104460FF0E7FD8023D9
S21400C8C0C4F88C30054B04F19C00C4F88430012376
S21400C8D084F88830BDE8104029F0D1BF551E04000A
S21400C8E010B5D0F8A0400A468CB92BF027FA0446BB
S21400C8F010B90024204610BD2D2896BF064B0749C8
S21400C90053F82010064A07482BF05EFBF2E7D0F8F3
S21400C910A4101046A047ECE728B60400581E0400F2
S21400C9208E1A0400881F0400F8B590F8806004464C
S21400C93016B100263046F8BD2BF033F80028F8D1A3
S21400C940012384F8803094F8883033B1D4F884100A
S21400C9501F4884F888602BF037FB4FF0FF37D4F879
S21400C960B402421C1FD0C4F8B47210F0FF052CD0DD
S21400C97020462BF013F82946204600F0A7FB002897
S21400C980EDD020462BF018F894F888303BB1D4F858
S21400C99084100F482BF018FB002384F888300023FF
S21400C9A084F88030C6E72BF0F4FA431CDDD1D4F8C7
S21400C9B08C30D4F89420013B9A4204DB054A0649A1
S21400C9C006482BF001FB0126E9E70126C7E700BF72
S21400C9D0AF3104008E1A0400661E0400881F04008F
S21400C9E0F8B50B780446302B0D46164604D14B7826
S21400C9F003F0DF03582B11D0284F6A1E12F8011FD0
S21400CA00002934D128460A220FF030FC202C034699
S21400CA100D4631D1B1FA81F040091AE04A1C1F498F
S21400CA2012F8013F8BB928460FF02CFC1C4B02383D
S21400CA302340032B12D10134A41084420AD1A878D3
S21400CA4037288CBF0020012003E0CB5C13F04400A5
S21400CA50E6D1F8BDCCBF01200020FAE7002CB8BF15
S21400CA600334B0EBA40FD4BF01200020F1E77B5CB9
S21400CA7013F00400C2D1ECE726B1084302D0013B14
S21400CA8061F100050122A240013A1A40002D08BFBC
S21400CA909A420CBF01200020DBE700BF19DC04002F
S21400CAA003000080F0B5037801467B2B17D10646BD
S21400CAB0022400220B4F16F8015F7D2D05D10B5D79
S21400CAC06BB9D24302F0010008E07B5D13F044002E
S21400CAD002D001320134EEE7202DFBD0F0BD00205D
S21400CAE0FCE700BF19DC040070B506460D460FF0E3
S21400CAF0C9FB044630462BF067FA044EAC4200D31E
S21400CB0070BD30462BF060FA0134F7E74F2804007A
S21400CB102DE9F84F044602215148FFF7E5FF1E2194
S21400CB202068FFF7E1FF636858682BF04DFA4D4820
S21400CB302BF04AFA67683B7BFD2B12D8D7F80880A3
S21400CB404FF0FF3640460FF09DFB0546DFF810918C
S21400CB50DFF870A1DFF84CB10C3717F8013BFF2B5C
S21400CB6001D1BDE8F88F212B18D8212B36D8DFE865
S21400CB7003F0377274111B1D1F21353535353535D9
S21400CB803535232527292B2D2F31353535353535A8
S21400CB9035353D33344C002D2BD12EE0334C344A02
S21400CBA0FE2B08BF1446F6E7324CF4E7324CF2E7A9
S21400CBB0324CF0E7324CEEE7324CECE7324CEAE728
S21400CBC0324CE8E7324CE6E7324CE4E7324CE2E738
S21400CBD0324CE0E7324CDEE7324CDCE7234CDAE757
S21400CBE0314CD8E72BF0E4F901362AE0002DB4D01A
S21400CBF02E4C202B06F10106AFD002214846FFF747
S21400CC0073FF1E214846FFF76FFF50462BF0DCF9F6
S21400CC10594620460FF090FE2549002818BF2146A9
S21400CC2024482BF0D1F93B78202B02D12B202BF077
S21400CC30BFF921482BF0C8F94DB118F806301F2B64
S21400CC4005D018F806001F2801D0AE42CADB0548FA
S21400CC502BF0BAF981E7194C9DE7194C9BE700BF0A
S21400CC60B36A04008E1A0400101F0400221F04007A
S21400CC70CB3904006D1F0400741F0400651F0400F8
S21400CC80611F0400581F04004E1F0400441F0400C8
S21400CC90591F04004F1F0400451F04003A1F0400DC
S21400CCA0331F04002A1F04000F1F0400151F040072
S21400CCB0201F0400AF310400ED2204006C1F0400A6
S21400CCC0731F0400B33A04002DE9F04F9BB00546ED
S21400CCD08B460024009203930FF0D4FA249F039B04
S21400CCE004901C6028463C600AAA09A92BF08EF91D
S21400CCF0064658B90A980FF0C5FA3446B046039B64
S21400CD001860D5F89C300293029B1BB920461BB0D6
S21400CD10BDE8F08F029BD3F80890B9F1000F6CD0F5
S21400CD202E4416F8013B202B11D000260C2373430B
S21400CD3009EB030A59F803300193002B58D0099BDE
S21400CD40434555DB9AF808202AB1721C39E03B6847
S21400CD5001333B60E5E73968D5F894200793039BD9
S21400CD60521A1A601AAB03EB880151F8403C01993D
S21400CD70184605930FF0A0FD06900028E5D101980F
S21400CD800FF080FADDE906230146DAF80400D7F84A
S21400CD9000A090F80CC0BCF1FE0F16D103F1FF3EC8
S21400CDA0C64512D0D0F80090059801920FF06AFAA6
S21400CDB00AF1010A019A50442B5C23B1386008F14D
S21400CDC001081646B2E70130F6E7D5F8942005913B
S21400CDD0A2EB0A028A4220DC58460FF053FA059965
S21400CDE001447B290DD958461F4A009929F06EFD4B
S21400CDF02B46049A2A4493422CD1029B1B6802932A
S21400CE0082E7DDE90012584629F060FD5846174AC9
S21400CE100099013429F05AFD97E7BCF1FE0F94D132
S21400CE20013B434591D1D0F800A0DFF840905AF876
S21400CE300C2B22B9049B3B60039B1A60D8E758462C
S21400CE40009929F043FD4A465846009929F03EFDD0
S21400CE500134ECE713F8011B0029CCD14FF0200178
S21400CE6003F8011CC7E700BF7A1F04004F28040020
S21400CE702DE9F047002486B01C60DDE90EA80646C2
S21400CE8089468AF800401168154888F80040174619
S21400CE901D468DF81740FBF77FFF18B901242B6855
S21400CEA001332B600020D6F89C6036B914B10123FC
S21400CEB088F8003006B0BDE8F087B06868B14B4629
S21400CEC00021CDE902A8CDE900750DF117022AF080
S21400CED0D4FE9DF81730002BE8D13668E5E700BF92
S21400CEE07F1F04002DE9F0470446ADF5447D8022FF
S21400CEF0002104A802AF0FF0C9FA8022204600974E
S21400CF0003AB04A9FFF7E0FE01283DD104A80FF00B
S21400CF10B9F903993B68461A0B4426EAE676234499
S21400CF20054604A83246014418460FF03FFC00228E
S21400CF308255D4F89060039B3968D4F89020194441
S21400CF40B14212DCD4F89410E81A0244C4F89020D7
S21400CF50014404AAC4F89410D41825182B1B002BDF
S21400CF600DDC0DF5447DBDE8F087A05C2BF020F8C5
S21400CF70D4F8903001360133C4F89030DBE714F86B
S21400CF80010B2BF015F8E9E7EBDD24AD802200213C
S21400CF9028460DF5887A0FF079FA0DF110094FF44E
S21400CFA00072002150460FF071FA4FF001084A4611
S21400CFB0002312F8016BA6B904A84AF828300FF02F
S21400CFC061F92946334698451CDB19F8016B0DF5C7
S21400CFD0887C5CF8042B82420CD101F8016B01338B
S21400CFE0F1E7202E03F1010304BF4AF8283008F1C8
S21400CFF00108DEE70DF1100E7244D25CB242E8D0B2
S21400D0000022EA54D4F89060039BB3422FDC2346F8
S21400D0102C4A04A92C482AF0D7FF28460FF032F9EC
S21400D0200646039B3F68F61A1F4426EAE672E01996
S21400D03017441D44E11904F1900399423CD904F1C8
S21400D0409803984238D26A1E81190B1A002B27DDE6
S21400D05012F8013F00F8013BD4F890300133C4F8D1
S21400D0609030D4F894300133C4F89430EDE7D4F817
S21400D07090300136E05C2AF09BFFD4F89030013304
S21400D080C4F89030C0E7D4F89020013B0132C4F8D1
S21400D0909020D4F894200132C4F89420002BF2DCBF
S21400D0A000232E44E355731B002B7FF75AAF15F869
S21400D0B0010B2AF07DFFF6E729460FF077FB334693
S21400D0C0ECE700BF551E0400841F04002DE9F8435A
S21400D0D0D0E9245604460F46002294F89830012BD7
S21400D0E007D10A2F07D1002384F898300020BDE826
S21400D0F0F88300F29F801B2F01D10223F4E70D2F47
S21400D1000DD1012384F898300D202AF051FF0A2013
S21400D1102AF04EFF00230120C4E92433E7E74FF04E
S21400D1200008082F84F8988034D1454530DDB54294
S21400D1300FD138462AF03CFF20202AF039FF013D67
S21400D14038462AF035FF013E04F80580C4E9245627
S21400D150CCE7FBDA05F1FF3938462AF029FF04EB65
S21400D1600903A6EB0902611918460FF0E1F904F865
S21400D17006800146013E48482AF026FF35464D45C2
S21400D18001DC4D46E2E708202AF012FF013DF6E7F3
S21400D190ACD0DBE77F2F1CD1002EA7DDB542A5DA89
S21400D1A06319691C21441846721B0FF0C1F904F874
S21400D1B00680014639482AF007FF0820013E2AF07B
S21400D1C0F7FEB542F9D1D4F89430013BC4F8943058
S21400D1D08CE70A2F98D0092F03D12046FFF782FE4E
S21400D1E084E7D4F88C30013BB3427FF77FAFB5427B
S21400D1F004EB050805F101090CDB384688F80070D9
S21400D200D4F89430C4F890900133C4F894302AF0DF
S21400D210CFFE6BE74146721B04EB09000FF088F95E
S21400D22040462AF0D1FE0820013E2AF0C1FEB54253
S21400D230F9DDE2E7022B06D15B2F01D1032353E78A
S21400D24084F8982049E7032B7FF450AF413F84F8D9
S21400D2509820032F3FF64AAFDFE807F002070A16CA
S21400D260012120462AF055FE40E74FF0FF31F8E74F
S21400D270B542BFF63BAF605D2AF09AFED4F8903018
S21400D2800133C4F8903031E7002D7FF72FAF013D12
S21400D2900820C4F89050BAE78D1F0400DB23040072
S21400D2A008B50248FEF776F8002008BD00B4C404AE
S21400D2B030B58BB06C46174D0FCD0FC40FCD0FC4D5
S21400D2C095E8030084E80300134BD3F84C211203BF
S21400D2D01CD5A3F5FE431C884FF6FF739C4208BF7F
S21400D2E08C248DF81940FEF73DF9204480F30800A1
S21400D2F08DF818000948FBF7E7FD6846FEF79AF830
S21400D3003220FEF735F900200BB030BDD3F850417F
S21400D310E4B2E6E7E0B604000080E00F00F0490261
S21400D3200028ACBF00F16040064B4FEA0111C9B2BD
S21400D330ABBF00F5614000F00F0080F800131954F1
S21400D340704700BF14ED00E008B533F0E3FD0B4B6B
S21400D3501A7872B901221A7033F0D7FD6FF0040202
S21400D36010460132052152B2FFF7DAFF3D2AF7D107
S21400D37008BDBDE8084033F0C8BD00BFF06300201C
S21400D380002807DB01234109034A00F01F00834001
S21400D39042F82130704700BF00E100E0054B421123
S21400D3A053F8223000F01F0023FA00F0C04300F0CC
S21400D3B00100704700E100E0002808DB0122430975
S21400D3C0034900F01F008240603341F82320704775
S21400D3D000E100E010B5044633F08FFD024B1C6000
S21400D3E033F086FD002010BDC842002010B533F093
S21400D3F084FD034B1C6833F07BFD204610BD00BF48
S21400D400C842002038B50C461546014610B9FFF74D
S21400D410EDFF01462B46224603480DF047FF002845
S21400D420D4BF3720002038BD6381030008B500F064
S21400D430E3FB18B16A21024833F061FE002008BD04
S21400D440921F040008B500F049F80C4A536A43F4EA
S21400D45070235362EFF308834FF0CD31084A043B44
S21400D460934208D200F070FAFFF7E0FFBDE80840EC
S21400D4700448FEF795BD43F80419F1E700ED00E017
S21400D480080000203CB5040007B5042200200DEB80
S21400D49002012EF0B6FC042803D0D721044833F04E
S21400D4A02EFE019800F0DCF903B05DF804FB00BF27
S21400D4B0921F0400082310B50C0A41400648C9B262
S21400D4C041F30002013B024013F0FF0382EA5101E0
S21400D4D0F6D184EA010010BD2083B8ED38B5FEF71A
S21400D4E015FB044629F0B7FFE3072AD401221046AD
S21400D4F0114600FA01F3234002F1010223D01D4B2E
S21400D50033F811301C48062B028844881B4920D16A
S21400D5104FF20F039C4219D1B2F5406F28BF4FF46B
S21400D520C0624CF23C330A80438040F201730A88A2
S21400D5309A4201BF124B134AD2E90001C3E9000127
S21400D54015E00021DBE7102AD2D1DBE74FF4C062FA
S21400D550E7E740F20725AB420AD14FF20F05AC428F
S21400D56006D19A4204D14CF23C320B80428038BD40
S21400D5700B80DAE7A4B804002C6B0020E05C0020E7
S21400D580CC420020246B0020014B1888704700BF57
S21400D590E05C0020014B1888000A7047E05C002021
S21400D5A0044B05481B881A0AB3F5406F38BF00EBDA
S21400D5B082007047E05C002074B80400044B1888B2
S21400D5C0044B020A53F82230C0B203EB80007047C7
S21400D5D0E05C002044B8040010B5044633F091FC2B
S21400D5E04FF20F02044B1C805A80BFF35F8FBDE8DA
S21400D5F010402AF080BD00BF2C6B00206D4A2DE93C
S21400D600F0416D4B55686D4C5D65516A99656C4986
S21400D610D1F80002D865D1F80412586B1966916AE1
S21400D62010F0040F5966D16A4FF000009966116B2E
S21400D630D966516B1967D26BD8645A67D3E90E1254
S21400D64018BF11465F4A91421A655DD301F120006A
S21400D650A04259D88869C5F308051864CE69062D16
S21400D6605E6455D1584DA84252D3584DA8424FD269
S21400D67005884DF6426085424AD11868C3F8900086
S21400D6805868C3F8940040F20170A242154604D2CE
S21400D6902E680432B6F1CD3FF7D00022C3E91E2231
S21400D6A0C3E92022C3E92222641BDFF81CC1434DD4
S21400D6B0DFF818E19C648D422DD8D3E91EC7D3E964
S21400D6C02065D3E922414FF0000E013AD2B2FF2A7C
S21400D6D03CD1BEF1000F05D0C3E91EC7C3E92065E3
S21400D6E0C3E92241B3F85430C3F308030C2B3BD8EC
S21400D6F0022B54D9DA1E092A51D8DFE802F0315736
S21400D700404350505050504D0021C3E910112D4950
S21400D7104FF42060B9E755F8044D6445CBD3744503
S21400D720C9D2E607C7D50026294F57F8048FA0456B
S21400D730C1D00136062EF8D132B1013AD2B202F18A
S21400D7401E0643F82640B6E70522F8E7E0464FF007
S21400D750010EBC4637462E4625460C464146B4E7E3
S21400D76040F60120BDE8F0813B2B18D1194B9B6990
S21400D77013F0020F40F2025318BF1846F2E740F6C5
S21400D7800320EFE740F6042240F20173B0F5206F65
S21400D7900CBF10461846E5E740F60520E2E740F6DF
S21400D7A00722013B4B2B98BF1046DBE740F60220D2
S21400D7B0D8E700BF00ED00E0946A002008100020C3
S21400D7C000E100E008000020D04200002015040020
S21400D7D0086B00200080015A00F00CB800F00AB870
S21400D7E000F008B800F006B800F004B800F002B880
S21400D7F000F000B872B61EF0080F09D01EF0040F35
S21400D8000DD0DFF850E0AEE8FF1F6FF002000CE02E
S21400D810DFF840E0AEE8FF1F6FF00E0005E0DFF82F
S21400D82034E0AEE8FF1F6FF006006946EFF30982AA
S21400D8308EE8070086460848084C854501D3A5456E
S21400D84001D384F30888FFF7D9FE84F30888FFF72E
S21400D850C3FE0000946A0020480000200810002044
S21400D8604BF6EF6283B2002B08BF1346044A000C47
S21400D87013804FF6CE2308BF1846024B1880704719
S21400D88082730020807300200B4BB3F900201888A9
S21400D890002AB8BF80F0620042001A80074AB2F938
S21400D8A0001013880029BCBF83F4805383F00B0359
S21400D8B05900118058407047827300208073002002
S21400D8C007B5684600F01AF8DDE900010022034BB0
S21400D8D003B05DF804EB2AF00ABF00BFD442002074
S21400D8E007B5009313460A46014603482AF0B3FCE0
S21400D8F003B05DF804FB00BFD44200200249034A8F
S21400D9000160521A42607047707400200080012047
S21400D91000487047D442002038B54160044633F0D2
S21400D920ECFA05462146044828F0ACFF2846BDE838
S21400D930384033F0DDBA00BFFC420020014828F032
S21400D9409EBF00BFFC4200200222014B1A677047B0
S21400D9500040005070B533F0D0FA174E0546174811
S21400D96033F076FB3378CBB900F046F9044620B1A5
S21400D970284633F0BDFA204670BDFFF7DFFF33F0D0
S21400D98031FC0F4B1C6032F063F80E4B0E4A1860E9
S21400D990536F43F0010353672AF0C5FE00F028F8E2
S21400D9A02AF0D8FE094B002418600123284633705D
S21400D9B033F09EFADFE700BFFC6300201CB70400CC
S21400D9C0004300202843002000400050044300206D
S21400D9D0054B1B685843054B00F5742000F23F20AA
S21400D9E0B0FBF3F0704700BF2843002040420F0012
S21400D9F0294B2A4AD3F8003170B503F003031360AD
S21400DA0031F0BCFD4FF4C870FFF7E2FF0022244B54
S21400DA1024491860244C0B680132D2B20A2A44F812
S21400DA20040BF9D1034400EBC00003440B601F4B0A
S21400DA301F4D1B7813B3184BD3F8003103F00303C4
S21400DA40022B22D0032B23D0012B17D131F02EFB33
S21400DA50024698B1174B184EDC6800231946C4F3EB
S21400DA600B04013404EB84040138E4FB06010EF0D9
S21400DA70A1F9FFF7ADFF2B6803442B601F20FFF7CB
S21400DA80A7FF2B6803442B6070BD31F059FBDFE71E
S21400DA9033F046FADCE700BF008000506843002001
S21400DAA02C43002030430020344300200064002034
S21400DAB06043002000C0015040420F000122154B79
S21400DAC010B55A67144B154C1B7813B3022033F06D
S21400DAD07AFBF0B132F042F8D8B1A36DD90302D583
S21400DAE0E36D9A0715D40D4B9B6DDB0711D401220D
S21400DAF00B4B1A7033F05BFBBDE81040094B0A4A2B
S21400DB001860136F23F0070343F00303136731F025
S21400DB10B3BA10BD00D000500164002000C0005011
S21400DB20FE6300205C430020008000500122014B71
S21400DB301A7070470164002007B5FFF7C1FE01A800
S21400DB40FEF752F89DF80530012B25D1234B9A6D30
S21400DB50D20311D45A6B6FF3162242F4BC1242F46D
S21400DB60A0625A631A6B22F4704242F440421A636F
S21400DB701A6B42F4E0621A639DF8043063B94FF002
S21400DB8000531B68164B1B68164B1B68164B1B680E
S21400DB90164B1B68164B1B68164AD2F8803043F0AB
S21400DBA00303C2F880302AF0DDFDFFF7CDFBFFF758
S21400DBB077FBFFF77DFB0DF0C3FBFFF7CBFE00F016
S21400DBC01BF82AF0D0FDFFF73DFC2AF0DBFD2DF018
S21400DBD052FF03B05DF804EB2AF0C6BD00C000504B
S21400DBE0004000200080002000C00020000001202F
S21400DBF0004001200080005070B533F08BF9144EC1
S21400DC0005463478FCB9134B1C60134B1C60134B51
S21400DC101C6000F031F8012032F08EF832F080F807
S21400DC200F4B0246186020B9284633F06EF92320C1
S21400DC3070BD234640F2E7310A480EF0BBF80A4BA7
S21400DC40186001233370284633F05FF90020EFE7B1
S21400DC5004640020784300207443002080430020A2
S21400DC607C43002018FCFFFF70430020014B18681F
S21400DC70704700BF704300201FB50024184B18687B
S21400DC809A880290D3F806009B7A00901548ADF863
S21400DC900C208DF8043033F0DBF902A88DF808402C
S21400DCA08DF80C40FDF77CFF694601208DF800409A
S21400DCB0FDF73AFF1F220C4B9A615A614FF0B042B3
S21400DCC0936A13F00803FBD113620120FDF746FFA9
S21400DCD00A20FFF771FB0A20FFF752FB04B010BDC5
S21400DCE0CDB8040014B704000020005810B533F077
S21400DCF011F94FF0B04304465B691A07074A03F070
S21400DD00010003F00D0348BF40F00200536131F0FC
S21400DD103BFF2046BDE8104033F0F7B8002000581F
S21400DD2021282DE9F341054604D82C46204602B0AA
S21400DD30BDE8F08100240B4E0B4FDFF83080002347
S21400DD40CDF800801A461946386829F0E4F884426F
S21400DD50EBD2222CE9D056F8043BAB42E6D0013495
S21400DD60EDE700BFECBB04004C6E0020FFFF0F0089
S21400DD702DE9F04F644E654D89B02AF04FFD3168AD
S21400DD802868FCF727FA0446002827D033680024C2
S21400DD90D3E900019A6912689047336804A89B6922
S21400DDA09B689847336802209B69DB68984732680F
S21400DDB005985368E7B2B3FBF0F3BB42916904F1F0
S21400DDC001044ED8CB680020984733689B695B688F
S21400DDD0984731682868FCF7FDF904460027DFF805
S21400DDE044A1DFF84481DFF84491F4B9484B286831
S21400DDF0DB5D002B00F08380D8F8006002AB314674
S21400DE0003AAFCF769FB2D2807D070B9039B012BEA
S21400DE100BD031462868FCF7B3FDDAF800303146FF
S21400DE201A682868FCF72CFD04460137222F0AF1F1
S21400DE30040A08F1040809F10109D6D1B4FA84F3FA
S21400DE40344A5B0913702B681B7C33B12AF0B2FC92
S21400DE5018B1DB21304833F052F9204609B0BDE84E
S21400DE60F08F12680B6907FB002098479FE7D8F8E9
S21400DE70003003AA194402AB0191FCF72DFB2D28B4
S21400DE80034601992BD0286813B30BF1010B5FFAF8
S21400DE908BF18E422868EAD8204BDB5D002BC4D07D
S21400DEA0F3B27E2B2868C0D8D8F8003003AA06EB59
S21400DEB0030B594602ABFCF70FFB2D28B5D059468D
S21400DEC02868FCF75DFD013604460028E8D0ACE77C
S21400DED0039B7BB999F80020029B9A42D5D099F80B
S21400DEE00030DAF800202868FCF7C4FB0028CCD005
S21400DEF00446D1E70191FCF743FD0199EFE7084B93
S21400DF00A346DE5DC3E700BF2C6E00204C6E0020EB
S21400DF10C8BB04000664002035200400A6BB04002D
S21400DF2062BB0400D8B80400ECBB040084BB040049
S21400DF30F8B51F46214B04461B780D46164623B1FE
S21400DF4000F47E23B3F50E2F2BD02046FFF7E8FE15
S21400DF502128044614D81A4B53F82010194B1B7866
S21400DF60ABB1194B212C18681DD8184B1B5DD3B1CB
S21400DF703268FCF785FC044650B12AF01AFC07E02C
S21400DF80FF2807D93A46314680B22AF026F90024FF
S21400DF902046F8BD4FF4A9710D4833F0B0F80021C3
S21400DFA0DCE70146DAE77F2D08BF00253B46324610
S21400DFB051FA85F1FCF75EFBDDE700BF0564002043
S21400DFC0ECBB0400066400204C6E0020C8BB0400B6
S21400DFD03520040030B5134600F07E62B2F17E6F45
S21400DFE08BB00DD10A46C0F30B016846FEF71AFA4D
S21400DFF020B140F29311094833F081F80BB030BDE0
S21400E0005A082AF0D9FB0028F8D04FF49C71034830
S21400E0100BB0BDE8304033F072B800BFE220040019
S21400E0202DE9F743C70705460E46144604D540F2C9
S21400E030E311494833F063F8E10704D54FF4F27171
S21400E040454833F05CF8454B93F80080B8F1000F74
S21400E05020D043F260239D4208D1224631464048F4
S21400E0600EF0A4FB002003B0BDE8F083C5F30B0759
S21400E07005F44055B5F5805F14BF4FF40F204FF4FC
S21400E0800E20234632467F21384303B0BDE8F043D6
S21400E090FFF74EBF05F47043B3F5805F3FD1C5F37D
S21400E0A00B05304A05F17E65631E2B44934230D83B
S21400E0B02F46DFF8A49007EB0408474542D1AA078D
S21400E0C00ED04FF6FF7336F8022BA81E43EA024323
S21400E0D004220DEB02010193FFF77CFF0235023CA0
S21400E0E0A3070ED0023C24F00103F35A04226FEA81
S21400E0F003436FEA13430DEB020128190193FFF760
S21400E10069FF002CAED0224631462846FFF762FF54
S21400E110A8E740F2FD11104832F0F1FFC8E705F419
S21400E1206043B3F5005F04D1C5F30B0505F57E2506
S21400E130BEE740F20521084832F0E1FF6FF00F0716
S21400E1404546B6E717F8013BFF2BB6D04FF40471EF
S21400E150484632F0D4FFB0E7E22004000564002011
S21400E16084730020FF03E00F10B500F077F82AF064
S21400E1706FFB044618B100F079F8204610BD00F099
S21400E1807BF804460028F6D10122014B1A70F2E70C
S21400E19007640020054B1B7833B1054BC0F3130111
S21400E1A000221868FCF7B0BB1120704707640020F7
S21400E1B04C6E0020144B2DE9F0411B7805460E46A8
S21400E1C01746FBB12AF02BFB012805D9841EE4B2C2
S21400E1D0012C09D9212412E03B4631462846BDE8E9
S21400E1E0F041002200F052B800F038F83B4600221A
S21400E1F03146284600F076F8044600F037F8204608
S21400E200BDE8F0811124FAE707640020124B70B5D0
S21400E2101B7804460D461646E3B12AF000FB01289B
S21400E22005D9831EDBB2012B08D9212410E0324623
S21400E23029462046BDE8704000F040B800F00EF8D1
S21400E2402046324629462AF005FB044600F00EF822
S21400E250204670BD1124FBE70764002008B532F0A5
S21400E2604CFE014B186008BD84430020014B186823
S21400E27032F03EBE84430020024B1968024B1868F9
S21400E280FBF7A8BF2C6E00204C6E002037B5054665
S21400E2900C46C0F313010848ED02006805D5224677
S21400E2A003B0BDE83040FCF7E3B8009313462246BF
S21400E2B0FCF798F803B030BD4C6E002030B405462D
S21400E2C01346074A0C46C0F313011068EA0203D54A
S21400E2D0226830BCFCF7D4BA224630BCFCF7CAB978
S21400E2E04C6E0020F7B505460F4614461E461BB971
S21400E2F02125284603B0F0BD0029F9D02AF08FFA70
S21400E3004BF23462ABB2934220D14FF0FF33224639
S21400E3106946CDE9003325483346FFF7E3FF082278
S21400E3200546234968460EF0FDFB38B933462246BB
S21400E330694641F2F010FFF7D5FF0546002DD8D10B
S21400E3403246694638460EF031FAD2E741F2F0120C
S21400E35093420FD1174B311908299A6CDB6CC7D83A
S21400E360CDE9002332460DEB040138460EF01EFAC6
S21400E3700025BEE702280BD1C5F30C4332199342A1
S21400E380B6D3C5F30B0104F17E6432462144ECE7B4
S21400E390032809D1C5F30C4332199342A8D3C5F319
S21400E3A00B0104F57E24F0E70125A2E7021008C061
S21400E3B078BC04000080E00F10B52CF0FCFC2DF0BB
S21400E3C0B2FDBDE81040034601210220014A02F0DA
S21400E3D00BBC00BF9521040013B5D0E9023253F8F8
S21400E3E022301C7820462CF0F8FC234600900121B1
S21400E3F00220024A02F0F8FB02B010BDA921040078
S21400E400014B18782CF0BEB808640020FF232DE9D5
S21400E410F04F8FB01122002108A88DF813300EF0AF
S21400E42035F808A82BF06CFA01210220B04A08AB98
S21400E43002F0DAFB41F24903AE4A0121022002F063
S21400E440D3FB06A82BF08BFB08A90DF113002BF0CD
S21400E45091FB02200021A84A02F0C6FB00202CF007
S21400E460C2F810B106A809F0CDFB9DF92A300121AB
S21400E4700220A24A00939DF82B3002F0B5FB2CF048
S21400E48096FC831EDBB2FC2B054631D80121022008
S21400E4909B4A02F0A9FB01249A4E9B4FDFF8D082DC
S21400E4A0234632460021022002F09EFB05A9E0B278
S21400E4B02CF07FFC034650B1A0F11602012A40F270
S21400E4C0AA8042460121022002F08EFB0CE09DF954
S21400E4D014303A4601939DF816300121009302202D
S21400E4E09DF8153002F080FB0134E3B29D42D7D888
S21400E4F0BDF8284007F072FF23460021834A0090AB
S21400E500022002F071FB02200021814A02F06CFB1F
S21400E51000202CF068F810B108A809F073FB012160
S21400E5207C4A022002F060FB2CF09FFB04462CF095
S21400E5309AFB23460121784A0090022002F054FB01
S21400E54008F024FC00210220744A02F04DFB9DF8DE
S21400E5501330FF2B65D000210220714A02F044FBE5
S21400E56001216C4A022002F03FFB2BF008FB012140
S21400E57003466C4A022002F037FB07F007FF002133
S21400E5800346694A022002F02FFB2BF0FEFA0446EF
S21400E5902BF0FDFA23460121644A0090022002F087
S21400E5A023FB32F0B9FD08F099FC01210346604ACE
S21400E5B0022002F019FB0025DFF8B88108F08EFC77
S21400E5C0ECB2A04233D832F0A7FD0123594A1946CF
S21400E5D0022002F009FB00202BF0D4FF564B574CCC
S21400E5E00093012100230220554A02F0FDFA236819
S21400E5F063B1012102201B78524A02F0F5FA236823
S21400E600012102205B78504A02F0EEFA2BF0BFFFA1
S21400E6100FB0BDE8F08F012102204C4A02F0E4FA68
S21400E62062E7002102204A4A02F0DEFA98E7494BE8
S21400E630204603EB0416D6F8089008F009FD82463B
S21400E640204608F051FC444F00280CBFC346BB468A
S21400E650204608F0FDFC0AF0B7FA002808BF474637
S21400E660534600210220CDE900B73C4A02F0BCFA2E
S21400E670B37901210293B388022001937388384A44
S21400E6800093337B02F0B0FA0026DFF8ECB099F87E
S21400E6900430F4B2A34203D832F03EFD01358DE7D4
S21400E6A014235C43D9F8007002203A5B07EB040A97
S21400E6B09AF90C3000922B4A002132EA230228BF36
S21400E6C05A461346284A02F08FFA00202BF08BFF9A
S21400E6D038B150463C5B2BF0C1FA014620460AF0A2
S21400E6E0C1FA01210220214A02F07EFA0136CEE765
S21400E6F0EA210400F9210400152204004122040046
S21400E7001C22040032220400392204006E22040077
S21400E7108E220400D822040097220400B9220400A6
S21400E7204A410400C4220400DA220400F022040055
S21400E730062304007F2304009723040020480020BB
S21400E7408B230400A5230400B923040056220400EA
S21400E750221F040054470020C12104001123040096
S21400E76031230400DE21040067230400B36A04009A
S21400E77061220400C9210400D22104002DE9F743D8
S21400E7800025134EDFF8588008F0A8FBECB2A04234
S21400E79002D803B0BDE8F0832701204616F807909C
S21400E7A008F0A2FB0B4A4B46002808BF4246002151
S21400E7B002200092084A02F017FAF05D2BF0EBF9FF
S21400E7C001210220054A02F00FFA0135DCE700BFFE
S21400E7D0544700204C710400D4230400B36A04009C
S21400E7E05671040008B583685A681178C26853F8F1
S21400E7F02230A1F1650251425141187808F02AFDF5
S21400E80030B9BDE8084001210220024A02F0ECB906
S21400E81008BD00BFDF23040000210220014A02F0E9
S21400E820E3B900BFF923040000210220014A02F0E8
S21400E830DBB900BF2724040010B5044686B01822B2
S21400E840002168460DF022FE68462BF01AFED4E939
S21400E850022052F8203002EB80021B788DF80B3035
S21400E860516891F900108DF80A1091680988ADF882
S21400E87008106168091A032907DDD26803F01F0330
S21400E880127843EA42138DF80B30684607F054FEC0
S21400E89000210346024A022002F0A6F906B010BD87
S21400E8A04324040007B500202CF045FA0021009010
S21400E8B0034B0220034A02F097F903B05DF804FB0D
S21400E8C0502404005624040013B5D0E9023253F84D
S21400E8D0221003EB82035B68087819680023094C52
S21400E8E0A222994208BF2146C01A18BF01202CF068
S21400E8F016FA01210090044B0420044A02F074F931
S21400E90002B010BD00F8FF07E166040068250400A9
S21400E91013B5D0E9023203EB820153F82230D1E975
S21400E92001141878FF22003818BF012023780968E0
S21400E9302CF0F5F901210090034B0420034A02F065
S21400E94053F902B010BD00BF61240400682504001E
S21400E95008B5002101230C4A2CF053F80A482BF086
S21400E960B1FD0020094909F0E5F900202BF03BFE37
S21400E97010B1054809F046F9BDE808400121042019
S21400E980034A02F031B900BF39690020762404003A
S21400E990B36A040010B52BF0FCF8034630B1BDE8AE
S21400E9A0104001210420054A02F01EB90121BDE8ED
S21400E9B010400420024A02F017B900BF8424040065
S21400E9C09524040010B52BF081FDBDE810400346E9
S21400E9D001210220014A02F007B900BFA02404006A
S21400E9E010B52BF044FDBDE810400346012102207F
S21400E9F0014A02F0F9B800BFB624040037B5D0E9E2
S21400EA000232012453F822304FF6FF701D78FE22A2
S21400EA1004FA05F100232CF0F6F92B460090214667
S21400EA200420024A02F0E0F803B030BDCA24040015
S21400EA30D0E9023253F822301B7823B1012102209C
S21400EA40024A02F0D1B8024A13707047E924040063
S21400EA500864002007B568462BF081F807F0BEFC76
S21400EA6001210346084A022002F0BEF8684609F073
S21400EA70C9F807F027FF01210346044A022002F0E6
S21400EA80B3F803B05DF804FBFF2404001925040066
S21400EA9037B5D0E90245406854F82530401B0328B6
S21400EAA0D8BF002004EB8504C8BFE0681978636807
S21400EAB0C8BF00781A78A36893F900300090012048
S21400EAC02CF01BF938B901210220084A03B0BDE832
S21400EAD0304002F089B8064B0190009301210220D5
S21400EAE0044B054A02F080F803B030BD2A25040026
S21400EAF0322504003C5204004625040007B50120D8
S21400EB002CF003F948B9009001210220084B094A6D
S21400EB1002F06AF803B05DF804FB054B0190009321
S21400EB2001210220044B054A02F05EF8F2E700BF1E
S21400EB30322504005D250400AF7F0400462504004E
S21400EB4008B5D0E9023253F8223018782CF091F844
S21400EB5030B9044A0121BDE80840042002F044B858
S21400EB60014AF7E7722504008E25040008B5D0E9AF
S21400EB70023253F8223018882CF079F830B9044A5B
S21400EB800121BDE80840042002F02EB8014AF7E74C
S21400EB90AD250400DD25040073B50378044613F0A4
S21400EBA0050F0ED04588062D17D1836801215B68B6
S21400EBB0174A1B780193838804200093154B02F0B4
S21400EBC013F82378012B20D001210420114B124A80
S21400EBD002B0BDE8704002F007B835B9838801215D
S21400EBE004200E4A02F000F8EBE7012DE9D1866812
S21400EBF00B49002009F09EF8304609F003F8294634
S21400EC000420084A01F0F0FFDBE702B070BD00BF49
S21400EC10132604000A260400652604003026040095
S21400EC204D260400B36A04002DE9F04F00268FB08D
S21400EC30364D09AC0FCD0FC42B6801210220344A93
S21400EC40236001F0D1FF3446DFF8DC902AF09BFF0A
S21400EC50F5B2A8420BD82AF096FF23460090012171
S21400EC6002202C4A01F0C0FF0FB0BDE8F08F284606
S21400EC7005A92BF0E0FF0346002841D19DF814308B
S21400EC80032B39D904238DF814302B46002102209B
S21400EC90214A01F0A9FF9DF814300EAA02EB830367
S21400ECA000214A4653F8143C022001F09DFF2846F6
S21400ECB09DF821A09DF815B09DF81870BDF8168037
S21400ECC02BF0BBFF5346CDE9028000210220CDE9A0
S21400ECD000B7124A01F088FF01340020E4B22BF09E
S21400ECE082FC18B10DF1190008F08CFF00210220FB
S21400ECF00B4A01F079FF01E0002BC6D10136A5E7EB
S21400ED0000210220074A01F06FFFF7E780BC0400ED
S21400ED1077260400F026040034220400A42604000B
S21400ED208E1A0400CB260400AF310400C368826844
S21400ED30013BDBB252F8233002201B78652B14BF50
S21400ED4000220121044B1BBF01211A70034A044A0A
S21400ED5008BF197001F048BF03740020072704009D
S21400ED6015270400D0E9023253F822301A88014BE6
S21400ED701A8070478673002007B5D0E9023103EB8E
S21400ED80810253F8213052681988054B05481288CD
S21400ED9000930088012309F029FC03B05DF804FB0A
S21400EDA099EB000086730020C3688268013BDBB2E3
S21400EDB052F823305B78A3F1660253425341014A6E
S21400EDC0137070470674002030B5D0E9023253F84D
S21400EDD0223089B01D78012302AA194604462BF07A
S21400EDE010FE01230093102302210DEB03022046A0
S21400EDF02BF0E8FD284604AA02A92CF01EF80446CB
S21400EE0000202BF0F0FB18B12146044807F076FBF3
S21400EE100020034908F074FF09B030BD2427040021
S21400EE20B36A0400002330B58FB00221009309AA0C
S21400EE30122305462BF0C6FD05AA014609A807F0D1
S21400EE40E1F8044698B1232805D1134A012104208D
S21400EE5001F0CAFE09E0212801D1104AF6E7034670
S21400EE60012104200E4A01F0BFFE0FB030BD012381
S21400EE702846194603AA2BF0C4FD05A903A82BF0C3
S21400EE80DEFF054620462BF0AEFB18B129460548A6
S21400EE9007F034FB044AD9E731270400542704005E
S21400EEA08F270400B0270400B36A0400F0B5D0E949
S21400EEB0023253F8221003EB82039B6805461F7844
S21400EEC087B038460E782BF06EFB044608BBD5E9B3
S21400EED0022101238DF80830194452F8210002EB74
S21400EEE0810200888DF809709268ADF80A001278E1
S21400EEF004218DF80C2028460DF10D022BF081FD23
S21400EF00304602A98DF815402BF099FE04462BF0EA
S21400EF103EFB334601210420024A009401F064FEC1
S21400EF2007B0F0BDC52704002DE9F04101218EB0E1
S21400EF300220274A01F058FE002005AB01AA09A9C5
S21400EF402BF075FF00250446224E234FDFF89880ED
S21400EF501CB128460EB0BDE8F08102202B46324692
S21400EF60214601F041FE20462BF03DFB10B10AA8D9
S21400EF7008F048FE3A46002102209DF8303001F0A5
S21400EF8033FE424600210220079B01F02DFE0021A1
S21400EF900220BDF82030114A01F026FEBDF81430DC
S21400EFA000210F4A022001F01FFE013501A82BF0B8
S21400EFB015FBEDB2012102200A4A01F015FE284693
S21400EFC005AB01AA09A92BF032FF0446C0E700BF33
S21400EFD0F72704003D280400452804006941040082
S21400EFE05A280400B36A0400512804002DE9F047AB
S21400EFF0064698B0C0B92AF0C4FD074600250EA8FC
S21400F0002BF01FFF01210220384A01F0EDFD2C46AF
S21400F010DFF8E080DFF8E090DFF8E0A0BC4205D340
S21400F020284618B0BDE8F0870127E7E713A82BF0BD
S21400F03008FF002E4CD0022306A913A88DF84C30EA
S21400F040FE242BF0F0FE00283FD102A913A82BF0D7
S21400F050F0FE9DF8593043F001038DF85930002E2C
S21400F0603DD1234631460220214A01F0BDFD9DF8E0
S21400F07059300AA943F0010313A88DF859302BF034
S21400F080D8FE00202BF0AFFA10B114A808F0BAFD95
S21400F0900C9B42460021022001F0A6FDBDF8282068
S21400F0A0002112F4007F0CBF4C23412312F0100FF6
S21400F0B00CBF6E227922022000924A4601F094FD8F
S21400F0C006A82BF08BFA0135EDB20134E4B2A5E7C1
S21400F0D020460AAB06AA13A92BF0A7FEB3E75246B2
S21400F0E00021022001F080FDC1E700BF6428040073
S21400F0F03D28040051280400A02804009928040094
S21400F10030B5012499B00EA82BF09BFE13A88DF8FD
S21400F11038402BF02CFEC0B9BDF84C1011EA04059F
S21400F12013D121460220444A01F05EFD2946022002
S21400F130424A01F059FD214602203F4A01F054FDA3
S21400F140214602203C4A01F04FFD06A90EA82BF0EE
S21400F1506AFE20B11022FF2106A80DF097F904A838
S21400F1602BF069FE059B01210220354A0093354BA2
S21400F17001F03AFD9DF8123001210220324A009338
S21400F180304B01F031FD00212E4B304A022001F0B9
S21400F1902BFD06A82BF022FA13A82BF052FE022312
S21400F1A00AA913A88DF84C302BF043FE00283FD157
S21400F1B00B9B009301210220254B264A01F014FDEB
S21400F1C00121234B244A022001F00EFD0120FFF707
S21400F1D00DFF01211E4B214A022001F005FD0020F3
S21400F1E0FFF704FF04462AF0CCFC234600900121DA
S21400F1F002201B4A01F0F8FC01211A4B174A022094
S21400F20001F0F2FCFFF790FE174902280346174864
S21400F210174A28BF0A46084928BF01460092CDE98A
S21400F220013102200121134A01F0DEFC19B030BD85
S21400F2304FF0FF33BDE700BFB36A0400B3280400F5
S21400F240F1280400E928040001290400C65004003F
S21400F250415F040014290400242904002B2904001B
S21400F2603429040048290400AF280400304604006E
S21400F270824604005629040010B5D0E9023253F83D
S21400F28022301C78201E18BF01202BF05CFD054A9A
S21400F290054B0020002C18BF1A46BDE81040034955
S21400F2A008F02EBD832904007E2904008C29040062
S21400F2B0D0E9023210B553F822301C8820462BF0D5
S21400F2C044FD2246BDE810400020014908F018BD64
S21400F2D0CD29040037B5044607F058F8014638B182
S21400F2E000200D4A0D4903B0BDE8304008F008BDC7
S21400F2F0E368A268013BDBB252F8233008481D7869
S21400F3000123084A00936C2D08BF024610232046AE
S21400F3102BF058FB03B030BD1B2A0400232A040040
S21400F320EC730020DC73002013B583689A681278AB
S21400F330672A22D101A82BF01AFD0446A8B9BDF809
S21400F3400420174908F0DCFCBDF80430DA070AD4BC
S21400F35013F0020F134B144A18BF1A461349002025
S21400F36008F0CEFC19E0124AF8E7024611490020E0
S21400F37008F0C6FC22461049F1E7C26801A953F816
S21400F380220003EB82035B6800681B68ADF804305C
S21400F3902BF0F3FC04460028ECD102B010BD00BFF1
S21400F3A0562A0400492A040023520400772A04003F
S21400F3B0392A0400892A0400B52A0400034A0449AD
S21400F3C01388C85401331380704700BFF05C0020D8
S21400F3D00E64002073B5154D01242B78144E13F0DF
S21400F3E0040F0CBF02230423124A214614703288ED
S21400F3F002200192EB5C104A0093104B5B8801F0F0
S21400F400F3FB002102200E4A01F0EEFB0D4B2946CD
S21400F410009332882346022001F02CFC214602206D
S21400F420094A02B0BDE8704001F0DEBB0E64002061
S21400F430F05C00200D640020C42A0400E25C00207A
S21400F440E92A04000B2B0400B36A040070B51646C4
S21400F4504FF48A52114B124DDA805980114B1B889B
S21400F4601A1E18BF012240EA82000F4A1278003A9C
S21400F47018BF012240EA0210287063B103246B70A3
S21400F4801B0AAB7009F00EFC631C2855EE54074BA4
S21400F49002341C8070BD0124F4E700BFE25C00204B
S21400F4A00E640020EE5C00200C640020F05C00205F
S21400F4B038B5D1E902320C46054653F822300246EA
S21400F4C019880C4B1878FFF7C1FFE368A268013370
S21400F4D052F82330188829F0FFF94DB1E368A26886
S21400F4E0023352F823301878BDE83840FFF766BF7D
S21400F4F038BD00BF09640020F0B50546EB68AA6871
S21400F500023352F8233008461C78294685B0FFF7A8
S21400F510CFFF20462AF08EFB204E214F78B32046A0
S21400F5202AF094FB0321441C03AA284628F03BFA41
S21400F5303288E4B2C2F1FF0303991B1B9BB28B42D5
S21400F54022443CBFC2F1FF0303930123032100932F
S21400F5503A449DF80C3028462BF034FA039A022CD5
S21400F560338804BF0F48110AFA5408BFC154134425
S21400F5701C44348005B0BDE8F040FFF72BBF2046A2
S21400F58007F00CFC0123328804460093032103464F
S21400F5903A4428462BF016FA3388E9E7F05C002058
S21400F5A00E6400200F640020052307B50121009398
S21400F5B00220044B044A01F017FB03B05DF804EB8D
S21400F5C0FFF79EBDF22A0400F92A040013B504468C
S21400F5D02BF0C9FB38B1CDE9004001210220034BD6
S21400F5E0034A01F001FB02B010BD00BF1B2A040055
S21400F5F0102B0400194B37B51B783BB901210220AC
S21400F600174A03B0BDE8304001F0EEBAD0E9023246
S21400F610144C53F8223001211D7863880220009391
S21400F620114A2B4601F0E0FA104B25711B78104D5D
S21400F63063B1012102200F4A01F0D6FA20460E4A95
S21400F640298803B0BDE830402AF095B820460A4A1B
S21400F650298803B0BDE830402AF04FB90D64002079
S21400F660272B0400E25C0020352B04000A640020EF
S21400F670F05C00204C2B04000E6400202DE9F041C5
S21400F680D0E9023253F8221003EB82035A680C7852
S21400F69017889A68DB68B2F80080C6B01D7800212B
S21400F6A0304B0220304A0094CDE9017801F09CFAF4
S21400F6B0002D0CBF6E237923012102202B4A01F076
S21400F6C093FAFF23002D0DF1170606AD0193204691
S21400F6D00CBF8023402342463946029600952AF006
S21400F6E0EFFD0446002835D130782AF0A9FA0746FF
S21400F6F0B0B128462AF036FF1D4BFD28A8BFFD20D6
S21400F7000093234682B20DF11901022001F0B2FAED
S21400F71001210220174A01F067FA46B0BDE8F081E1
S21400F72030782AF093FA60B128462AF020FFFD28A8
S21400F730A8BFFD200E4B82B200930DF11A013B4686
S21400F740E3E7307807F02AFB0B4B02460093294686
S21400F7500123DAE7009001210220084B084A01F055
S21400F76043FADAE7DD5F0400662B04008B2B040007
S21400F770B5740400B36A04000B2B0400673404005D
S21400F780952B0400D0E9023253F8221003EB8203D3
S21400F7902DE9F04F5A680F78B2F800809A68C7B023
S21400F7A0B2F80090DA681B6992F800A01E78002173
S21400F7B02F4B304A0446CDE901890220009701F01C
S21400F7C013FABAF1000F0CBF6E2379230121022031
S21400F7D0294A009606AD01F007FAFF2200212846C6
S21400F7E00CF054FE30462AF02BFA834608B300236A
S21400F7F0052100932046FD230DF119022BF0E2F8B7
S21400F8002870BAF1000F0CBF802340234A464146B9
S21400F8103846CDE900562AF01EFD0146144806F08B
S21400F8206DFE01210220154A01F0DEF947B0BDE861
S21400F830F08F30462AF00AFA60B1FD2305212046F3
S21400F840CDF800B00DF11A022BF0BCF885F801B027
S21400F8502870D6E70590304607F0A0FA059A0346CA
S21400F860009205212A4620462BF0ACF8C9E700BFD7
S21400F870D05F0400662B0400A62B0400B36A0400C5
S21400F8802DE9FF471C465B68E5685B1B00255FFAB1
S21400F89083F803952E46FFF7D9FDEBB298450BD9B2
S21400F8A00C9B9B5D282B39D8202B00F2CB80013691
S21400F8B0F6B2002B40F0C980FFF78CFD04B0BDE81F
S21400F8C0F087132A2FD801A151F822F093F90000EF
S21400F8D0A5F90000B7F90000EBF90000B9F8000040
S21400F8E0B9F80000B9F80000B9F8000027F90000E0
S21400F8F027F9000027F9000027F9000027F9000083
S21400F90027F9000027F9000027F9000027F9000072
S21400F91027F9000037F9000011FA0000A3F13102C0
S21400F920D1B21329CDD90136F6B2A3F14102032A8A
S21400F930C2D8422B6CD06C4F00213A88DFF8B0A1B9
S21400F940C2F1FE039BB2FF2B28BFFF2301320091BA
S21400F950DBB22046524469B22BF010F83B880AF816
S21400F960030001331844388011E04FF00409E368BF
S21400F970A2682B4452F823301F68F8B209F1FF3909
S21400F980FFF71CFD19F0FF094FEA1727F5D10135DF
S21400F99083E7E368A2682B4452F823301878FFF711
S21400F9A00DFDF4E7E368A2682B4452F8233018886C
S21400F9B028F092FFEBE7E368A2682B4452F8233066
S21400F9C01F68B7F1807F09D2F8B2FFF7F7FCC7F3DC
S21400F9D00720FFF7F3FCC7F30740E0E72B460121BB
S21400F9E00820424A01F000F966E74FF00409E36890
S21400F9F0A2682B4452F823301F68F8B209F1FF3989
S21400FA00FFF7DCFC19F0FF094FEA1727F5D1BEE730
S21400FA10294603AA204627F0C6FF0021324F344A63
S21400FA203B88DDF80C9002EB030CCAB2914501F15D
S21400FA30010102D84B443B80A9E710F802A00CF85D
S21400FA4002A0F2E7242B3FF670AF013B232B3FF6D4
S21400FA5033AF01A252F823F093F90000A5F9000095
S21400FA60B7F900006BF90000B9F80000B9F800001B
S21400FA70B9F80000B9F80000B9F80000B9F80000BD
S21400FA80B9F80000B9F80000B9F80000B9F80000AD
S21400FA90B9F80000B9F8000093F90000A5F90000D5
S21400FAA0B7F90000EBF90000B9F80000B9F800005B
S21400FAB0B9F80000B9F80000B9F80000B9F800007D
S21400FAC0B9F80000B9F80000B9F80000B9F800006D
S21400FAD0B9F80000B9F8000093F90000A5F9000095
S21400FAE0B7F900006BF90000F05C0020BF2B0400A3
S21400FAF00E640020094B1B7823B101210820084A18
S21400FB0001F072B8D0E9023253F82230054A1B8859
S21400FB10012113800820044A01F066B80D64002015
S21400FB20E52B0400EE5C0020272C0400D0E902320E
S21400FB3053F82230054A1B780121003B18BF0123E9
S21400FB4008201370024A01F04FB800BF0B64002073
S21400FB504D2C0400D0E9023253F82230034A1B78B9
S21400FB60012113700820024A01F03EB80C64002000
S21400FB707C2C040010B5D0E90232044653F822303B
S21400FB80132219880B4B1878FFF760FCE368A2680D
S21400FB90013352F823301878FFF710FCE368A268A8
S21400FBA0023352F823301878FFF708FCBDE81040FF
S21400FBB0FFF710BC0964002010B5D0E902320446F5
S21400FBC053F82230112219880B4B1878FFF73EFCA9
S21400FBD0E368A268013352F823301878FFF7EEFB8B
S21400FBE0E368A268023352F823301878FFF7E6FB82
S21400FBF0BDE81040FFF7EEBB09640020D0E90232F2
S21400FC0053F82230034A1B78003B18BF0123DB0061
S21400FC10137070470964002010B5D0E9023253F81B
S21400FC202230044619880E4B06221878FFF70EFC81
S21400FC300120FFF7C3FBE368A268034452F82330B1
S21400FC40188828F049FEE368A268023352F8233089
S21400FC50188828F041FEBDE81040FFF7BBBB00BF88
S21400FC60096400202DE9F043D0E902324FF0FD0987
S21400FC70013253F8221003EB82035A68C7B0178884
S21400FC809A68B1F80080147853F8043C002C0DF103
S21400FC90170506AE18783A4614BF4023802341461F
S21400FCA00295CDF8049000962AF00AFB034638B178
S21400FCB0184A0121082000F097FF47B0BDE8F083FE
S21400FCC0201E18BF01200A224146C000FFF7BEFBD7
S21400FCD0384628F001FE2878FFF770FB4A46314682
S21400FCE0287829F05BFF044628B10B4F3D88C5F104
S21400FCF0FF03984202DD2346084ADAE70246084830
S21400FD003146284425440CF051FD3D80FFF762FB48
S21400FD10D3E700BFB22C0400F05C0020CE2C040019
S21400FD200E64002010B5D0E90232044653F82230A3
S21400FD30082219880B4B1878FFF788FBE368A2683F
S21400FD40023352F823301878FFF738FBE368A268CE
S21400FD50013352F82330188828F0BEFDBDE8104065
S21400FD60FFF738BB0964002073B5D0E902320546B8
S21400FD70023253F8221003EB820353F8042C53F894
S21400FD80083C0C781988234B168818780622FFF74B
S21400FD905DFB0020FFF712FB304628F09DFD204655
S21400FDA0FFF70CFBEB68AA68033352F82330188879
S21400FDB028F092FDEB68AA68043352F823301888BE
S21400FDC028F08AFD204609F06DF9E8B9204606F0CD
S21400FDD0E5FF05210446019001AA284627F0E3FD29
S21400FDE0019B01469C4206D0224631460A480BF04B
S21400FDF03BFA02B070BD094D09482E8822463044B1
S21400FE0034440CF095FB2C8002B0BDE87040FFF740
S21400FE10E1BA00BF09640020FA2C0400F05C002060
S21400FE200E64002073B5D0E902324FF48A5153F8BD
S21400FE302230104D1A88104BD9805A8000232A464B
S21400FE4000930121FF232AF0BDFD2B78044613F012
S21400FE50040F0A4B08BF01261B7818BF032613B1F0
S21400FE6008F020FFA855064B1C8002B0BDE8704085
S21400FE70FFF7B0BA0E640020E25C00200B6400209E
S21400FE80F05C0020D0E9023253F82230034A1B7897
S21400FE90003B18BF01231370704700BF0A640020A0
S21400FEA010B50C4608B907F089FE024B18715C7154
S21400FEB010BD00BFE25C002002462DE9F341D0E908
S21400FEC00253526855F82310D21A0C8805EB8301AA
S21400FED0013BDBB255F82380294D022A4868C8BF8B
S21400FEE08A682B78D8BFFF210078C8BF11783BB945
S21400FEF001210220234A02B0BDE8F04100F074BEA2
S21400FF00FFF7CEFF06F06AFA1F4F204E3B880146E9
S21400FF10224600931E4833462AF0BEFA0246C8B967
S21400FF2098F804103B885F2917D1CDE900364FF6C4
S21400FF30FF712046164B29F012FC28B1034601211A
S21400FF400220144A00F050FE0023134A2B70138040
S21400FF50124A137002B0BDE8F0814FF6FB718C4276
S21400FF6008D9CDE900362146094B4FF6FF7029F037
S21400FF7054FCE2E72146064A009629F080FCDCE7BE
S21400FF800D640020452D0400F05C00200E64002067
S21400FF90E25C00204C2D0400EE5C00200C64002087
S21400FFA0002210B50A2104461046FFF74FFA00203B
S21400FFB028F092FC0122044B1A70FFF70BFA204639
S21400FFC0BDE81040FFF778BF3669002038B51C46FC
S21400FFD01546012322462AF014FD60B9214628461C
S21400FFE02AF0EBFE044620B101210420034A00F06B
S21400FFF0FBFD204638BD0024FBE700BF732D040040
S2140100002DE9F0430C4615461F46D0E9022352F867
S214010010231002EB830293680E8893F80080D3685E
S2140100208BB0B3F800903246012106ABFFF7CEFF46
S214010030F0B90DF1200CF4B101232A884021CDE955
S21401004002C2CDE90471CDE900932221434606AAF6
S21401005030462AF00DFD0B4B0B4A00930B4B0190DB
S214010060002C08BF134601210420094A00F0BCFDFC
S2140100700BB0BDE8F083624628686968032303C2B3
S2140100802246DBE7D22D0400B72D0400B12D040073
S214010090BF2D040007B501236A4600212AF0B1FCF2
S2140100A06846034908F04EFB03B05DF804FB00BF49
S2140100B099EB0000D0E9023253F822300149188842
S2140100C008F012BB99EB000010B5D0E9023203EB41
S2140100D08201496853F8223009784FF48A52188809
S2140100E02AF0B6FCBDE81040034601210420014A6F
S2140100F000F07ABDDC2D0400D0E9023253F822303C
S21401010002214FF48A5210B518882AF093FCBDE8F4
S2140101101040034601210420014A00F065BD00BFDE
S214010120F52D04001FB5D0E9023203EB820153F826
S2140101302230496818884FF48A5309880293094B7C
S214010140094A0193094B1B7800931278084B2AF051
S214010150E7FC012103460420064A05B05DF804EBDE
S21401016000F042BDF25C00200E6500200D65002007
S214010170FC5C00200C2E04002DE9F043D0E902328D
S21401018053F8221003EB82035A680E8817789A6890
S214010190DB688BB092F80090B3F8008032460421F9
S2140101A006AB0446FFF712FF28BB08AD01232A461B
S2140101B0052120462AF025FC38B9042001210F4AE2
S2140101C000F012FD284629F0CAFC4FF48A53CDE907
S2140101D004930023CDE9025303232121CDE90083B3
S2140101E006AA3B4630462AF043FC01210346044A50
S2140101F0042000F0F9FC0BB0BDE8F083242E0400C7
S214010200532E040038B5D0E9024303F18043023B84
S21401021002220F4954F823009D000CF083FC60B9BC
S2140102200C4B0D491A78042A0BD82C44A068008878
S21401023021F8120001321A7038BD084B08491A78A5
S214010240F1E70121BDE838400420064A00F0CCBCA5
S214010250EF5704000E650020FC5C00200D650020B1
S214010260F25C0020652E040008B5C368806803F1BF
S2140102708043023B0222064950F823000CF052FC50
S21401028010B9044B187008BD0022034B1A70FAE728
S214010290EF5704000E6500200D65002037B5D0E944
S2140102A0023153F821208C0015784268521A012A2F
S2140102B0C5BF1B195B686C091C78DCBF44F01804C9
S2140102C005F01F05294620462AF0EEFA034640B1FE
S2140102D02346012104200E4A009500F085FC03B058
S2140102E030BD0121A94074B92346FE224FF6FF70A6
S2140102F02AF089FD012103460420064A03B0BDE821
S214010300304000F071BCFE2241EAC461EEE700BF56
S2140103107B2E04009B2E040070B5D0E9021551F81F
S214010320253001EB8501044618884B681A788B68DE
S214010330052A1B8802D85E1E072E0BD90121042030
S2140103400C4A00F051FCBDE87040012104200A4A25
S21401035000F04ABC6468641B032CCABFC96807491D
S21401036009682AF050FDBDE87040024604490020A5
S21401037007F0E0BCB92E0400D92E040000F8FF07F0
S214010380F62E040008B5D0E9023253F8220003EB3A
S21401039082035968FF22038809684FF6FF702AF026
S2140103A032FDBDE8084002460149002007F0C2BC04
S2140103B0092F040008B5D0E9023253F8223005218E
S2140103C0402218882AF036FBBDE80840024602495A
S2140103D0002007F0AFBC00BF2A2F040008B5D0E903
S2140103E0023203EB8201486853F822100278402358
S2140103F0098831202AF071FBBDE80840024602490F
S214010400002007F097BC00BF4B2F040008B5D0E9C9
S214010410023203EB8201486853F822100278402327
S214010420098833202AF059FBBDE8084002460249F4
S214010430002007F07FBC00BF652F04001FB5D0E980
S214010440023253F8221003EB82039B6808881A785D
S2140104500023D21A18BF0122CDE9023302A9402394
S214010460D2012AF049FB01210090044B0420044AE2
S21401047000F0BAFB05B05DF804FB00BFD22D040006
S214010480832F040007B5D0E9023253F82230032146
S214010490402218882AF0CEFA01210090034B04204E
S2140104A0034A00F0A1FB03B05DF804FBD22D040063
S2140104B0922F040037B5C3688268053352F823309B
S2140104C004211D786A46012304462AF09AFA38B9AF
S2140104D004200121064A00F087FB684629F03FFB0D
S2140104E02B466A4600212046FFF78AFD03B030BD41
S2140104F0AC2F040007B5D0E9023203EB820148684D
S21401050053F8221002784023098832202AF0E5FAAF
S21401051001210090034B0420034A00F065FB03B061
S2140105205DF804FBD22D0400DD2F040070B585694B
S2140105300446EA0705F0020605D476B1C5F307209E
S2140105402AF031F809E01EB1B2210F4830F0D7FD8C
S214010550A069C0F381002AF015F8E3691BB9BA2136
S214010560094830F0CCFD204614F0D0F9E3693EB1DD
S214010570607E9847AB0706D0BDE870402AF007B802
S21401058020469847F6E770BDF22F040008B514F030
S214010590D1FD28B1BDE808404721024830F0AFBD83
S2140105A008BD00BFF22F04002DE9F041FF2B0446E1
S2140105B00F4690461D469DF8186005D0FF2E03D0C5
S2140105C0D521114830F09BFD0023FF2D18BFAD004B
S2140105D00E4A1CBF45F00105EDB222600C4AC4E983
S2140105E0063818BFA561FF2EC4E901232361E76021
S2140105F007D0A36943F0020323F47F4343EA0623AB
S214010600A361BDE8F08100BFF22F040088430020FB
S2140106102D050100002310B5054C03610460054C4F
S214010620C261C0E901430123C160836110BD00BFFF
S214010630884300202D05010070B58669044606F042
S2140106400303032B0D4603D1FC21144830F057FD5C
S214010650FF2D16D0B20704D440F201110F4830F036
S2140106604EFD284629F03BFCFF28054604D14FF4F1
S21401067082710A4830F043FD2DB204EB4514204642
S21401068070BDF307FBD5A36913F00C0FF7D040F24A
S2140106900B11024830F033FDF1E700BFF22F0400E2
S2140106A00023054AC0E9063103610260C360034ABC
S2140106B0034B426083607047884300202D0501008C
S2140106C0D948020001482CF09EBA00BF884300209A
S2140106D001482CF0A4BA00BF8843002013B50E4889
S2140106E02CF06BFA28F074F92BF019FA2BF035FA86
S2140106F02BF03CFAFCF748FF0446FCF75FFF234665
S214010700009001210420054A00F06EFA02B0BDE80F
S2140107101040FCF73FBF00BF88430020A130040013
S214010720022808B503D130F0E3FC014B186008BD80
S214010730B843002008B50CF00FFF0122044B1A70D5
S21401074030F05FFDBDE8084002490348FDF7E4B814
S21401075010650020586E0020BC430020014B187025
S214010760704700BF0F650020024B187808B105F0EE
S21401077019BE7047FC73002008B5074B1B780BB1F8
S214010780002008BDFFF7F0FF0028F9D106F0E4F9D4
S214010790023818BF0120F4E70F65002070B5FFF797
S2140107A0EBFF174D20B1FFF78DFF0428044613D841
S2140107B02B781BB930F025FD01232B7028F016F994
S2140107C00446D8B12B781BB9F7210E4830F097FCB8
S2140107D0BDE87040FFF776BF28F00AF90028E7D099
S2140107E02B785BB130F089FB0646002101202EF004
S2140107F049FD304630F07CFB00232B70204670BD4F
S21401080010650020C23004001FB5FFF7C7FF04467D
S214010810FDF72CFAA04228BF204688B103A92FF085
S2140108201DF9034638B9CDE90000064A0399064882
S21401083030F07AFC18B18E21044830F060FC0120BB
S21401084004B010BDEB89030098430020C2300400B9
S2140108500D4B70B51B780D4D0D4C0121002B0CBFB7
S2140108602B46234602200B4A00F0BEF90A4B012113
S2140108701B780220002B0CBF2B462346BDE8704098
S214010880064A00F0B1B900BFFC7300200E58040000
S2140108902D580400743104000F65002093310400C4
S2140108A010B5D0E9023253F8223002201B7801211C
S2140108B0002B15BF01240024044A054A00F094F9D0
S2140108C02046BDE81040FFF749BF00BFB231040023
S2140108D0CF310400D0E9023253F82230034A1B78A4
S2140108E0003B18BF01231370704700BFFC73002044
S2140108F038B50125084B1D7030F0FFFA044629462D
S21401090028462EF0BFFC204630F0F2FABDE838400B
S21401091002490348FDF700B811650020606E00200B
S214010920E443002070B514F08BFC10F0070F1D4D4A
S21401093011D02B785BB901262E7030F0DEFA044612
S214010940314630462EF09EFC204630F0D1FABDE806
S214010950704014F039B92AF032FA0228E9D1124C63
S2140109602378032BE5D914F06BFC10B92378032BFD
S21401097014D814F029F904460028DAD02B785BB194
S21401098000262E7030F0B9FA0546314601202EF0C9
S21401099079FC284630F0ACFA204670BD4FF0FF34A3
S2140109A0ECE700BF11650020B56900201FB5FFF711
S2140109B0B9FF0446FDF75AF9A04228BF204688B180
S2140109C003A92FF04BF8034638B9CDE90000064AD3
S2140109D00399064830F0A8FB18B18C21044830F082
S2140109E08EFB012004B010BDB58F0300C443002068
S2140109F0EE31040010B5094C0949002007F080F9D2
S214010A0023681B68587929F0A0FA23681B6858796F
S214010A1028F0D9FA04F092FE002010BDE448002028
S214010A209832040008B52AF0BAF9024628B1BDE8A2
S214010A3008400020014907F063B908BDBB32040035
S214010A4008B52AF0C2F9024628B1BDE808400020E0
S214010A50044907F055B95422BDE80840FF21024871
S214010A600BF014BDD3320400065D002038B50446F1
S214010A700D462AF0AEF9024628B1BDE838400020FE
S214010A80034907F03DB9034B23F8145038BD00BFA6
S214010A90F1320400065D00202DE9F34100240C4EDE
S214010AA00C4DDFF838800C4F56F8043B0BB9D8F8DC
S214010AB0003035F8022B39460092002022460134D8
S214010AC007F01EF92A2CEFD102B0BDE8F08100BF75
S214010AD06C6E00205A5D00200D330400686E002005
S214010AE008B52A2103482AF06CF9BDE80840FFF74B
S214010AF0D3BF00BF5A5D002007B5D0E9023253F8D4
S214010B0022301A78292A0DD8084B53F822300BB90F
S214010B10074B1B680749002031F81210009106495F
S214010B2007F0EEF803B05DF804FB00BF6C6E002022
S214010B30686E00205A5D00200D33040008B52A2196
S214010B4003482AF040F9BDE80840FFF7A5BF00BFFB
S214010B505A5D002038B5D0E9023253F8221003EB73
S214010B6082035B680C781D880020044907F0C8F8EA
S214010B7029462046BDE83840FFF778BF1833040001
S214010B802DE9F34100240C4E0C4DDFF838800C4F54
S214010B9056F8043B0BB9D8F8003035F8022B394625
S214010BA0009200202246013407F0AAF82A2CEFD141
S214010BB002B0BDE8F08100BF6C6E0020065D00202B
S214010BC00D330400686E002010B5024628F011FAB5
S214010BD020B9044C236811B11343236010BD23EAE6
S214010BE00203FAE7186F00200CB413B502460C4650
S214010BF028F0FFF960B9094B1B681A4208D005A90D
S214010C00049801910AF044FB14B105482AF013FF39
S214010C1002B0BDE8104002B0704700BF186F002058
S214010C2017360400034610B5D3E9023253F82230D2
S214010C3008461C78211E18BF0121FFF7C5FF014693
S214010C4048B9084A084B0220002C08BF1346074A39
S214010C50FFF7CAFF10BD00210220054AFFF7C4FFB7
S214010C60F8E700BFC9210400C121040019360400B9
S214010C702F3604002DE9F04105461F460C46DFF8E5
S214010C802C808E18B44201D1BDE8F081002128469F
S214010C9014F8013B069AFFF7A7FF002FF2D0424651
S214010CA000212846FFF7A0FFECE700BF4F2804000D
S214010CB002460249002007F023B800BF4036040070
S214010CC010B5234C2348FF2127F074FE2078022814
S214010CD01ED003282ED0012804D02120BDE81040C4
S214010CE0FFF7E6BF1C4B19780029F7D002231B4AF1
S214010CF023701378052B0EBF00230133DBB2994214
S214010D00137003D1052313700020E7E7052BFBD0F2
S214010D10124B1B78052B02D103232370DDE7104A03
S214010D20104932F8230007F0DFFC03232370002864
S214010D30D4D110BD094B0C4A1878094B03EB80013E
S214010D40897833F8200007F09FFC0123EEE700BF07
S214010D5012650020EC4300201B650020FE73002076
S214010D60AE5D0020490F0100F50E01002DE9F04FA0
S214010D700D46144695B00490112200210FA89946FD
S214010D80DFF86C810BF082FB04EB45030393D9F883
S214010D9000301C2B02D0039B9C4202D115B0BDE84B
S214010DA0F08F0123DFF844A18DF81C3023884C4ACC
S214010DB0ADF81E309AF800304A4D08EB83039B7855
S214010DC028788DF8203013688DF81D00CDF8213075
S214010DD05368CDF8253029F0DCFB049B8DF82900FB
S214010DE021882878002B4AD129F0A0F8002844D081
S214010DF09AF800300FAA38F8230007A928F015F949
S214010E0000283AD028F0BFFE4FF0000B07460646F2
S214010E101C255FFA8BF2974234D8B7422BD99DF83E
S214010E201C30032B1AD10FAB0193BDF821300022E1
S214010E300421009301202C4B06F0E8FD9AF80030BF
S214010E4008EB83039978274B187806F05BFE9AF82F
S214010E500030002038F8231029F0EEFA5DB107A91A
S214010E60304629F0ECFE214B05461B78304638F813
S214010E70231029F0E6FEC9F80050023487E729F06E
S214010E804CF8B3E710460BA9059229F0D4FE30B909
S214010E909DF82C1031B9059AB74208BF16460BF1DA
S214010EA0010BB6E7BDF82E00BDF81E209042F6D124
S214010EB09DF830009DF820209042F0D19DF81C202E
S214010EC08A42ECD1032A14BF082202220DF1210125
S214010ED00DF131000BF026FE002808BF0025DEE7E5
S214010EE013650020FD730020D9380400FE7300202E
S214010EF0AE5D002013B503460020114A9C681278A7
S214010F000190052A03D01B78032B00D12CB90120B0
S214010F1002B0BDE81040FFF7CBBE6268217801AB96
S214010F20FFF724FF217A0120E26801ABFFF71EFFDD
S214010F30FF21044802B0BDE8104027F033BD00BFD2
S214010F40FE730020EC430020094B1B78052B02D0D2
S214010F500378032B02D00120FFF7AABE8168054A59
S214010F600B68054813604B68FF21536027F01ABDD4
S214010F70FE73002013650020EC43002038B50024E2
S214010F80114B124D1870124BFF211C702C7006F07D
S214010F90B9FD0122032110460E4B06F037FD4FF630
S214010FA0FF712246084629F04AFA044648B940F637
S214010FB0B832FF21084827F0ECFC01232B702046AD
S214010FC038BDFFF775FEFAE7FD73002012650020B5
S214010FD01B650020B36A0400EC430020144BF0B5F7
S214010FE01A68144913680978587988420BD112494E
S214010FF0D78808460022114D1E792B78D4B2A34219
S21401100003D8052C0AD10020F0BD0C88BC4202D1C1
S2140110108C78B442F7D001320431EFE7A342F2D123
S21401102020F82270013300EB820086702B70EAE70D
S214011030E4480020FD730020AE5D00201B65002003
S214011040FF2307B50021044A04480093FFF7ACFAD2
S21401105003B05DF804FB00BFC10C0100EC430020A7
S2140110601FB5B42303210446ADF80E3028F055FF12
S21401107098B1212320460093002203210DF10E038F
S21401108029F0FAF804460020054B064A0649009462
S21401109006F036FE204604B010BD8624F3E700BFF6
S2140110A06A360400773604008C360400D0E9023232
S2140110B053F82230034A1B78012113700220024A9A
S2140110C0FFF792BD197400209B3604000122014BE4
S2140110D01A707047197400200A4B90F805111B7896
S2140110E090F8082119448A42BCBFB2FBF3F103FB16
S2140110F011234FF0FF32B8BFDBB202FA03F380F8D8
S2140111000A317047197400202DE9FF410446057F16
S214011110867EDFF870806E43237F98F800201344A4
S2140111209D4212DB607F60B9238B02936369019352
S214011130237C00936288A31D217805F0EFFDFF2331
S2140111402370002004B0BDE8F081E37EAB42E9D90C
S214011150A77E228BF1199142A4BF921BD7B205EB51
S2140111600323E3813A4633462946204627F077FF94
S2140111700028E7D1637F3744013301356377BEB278
S214011180EDB2C9E71974002037B5054629F08DFD83
S2140111900D4B04461B6869461B78032B82BF0B4B1D
S2140111A01B881B18284688BF9CB229F006FE38B952
S2140111B0684629F07CFD18B9044B1B8823449CB271
S2140111C0204603B030BD00BF204800208E730020AB
S2140111D0084B1B78FF2B0BD1074B1B78FF2B07D136
S2140111E0064B1B78022B03D04FF4807029F067B9A9
S2140111F0704700BF1C6F00203C4500200C440020B7
S21401120010B50446FF2127F0D5FB054B9C4202BFD3
S2140112100023A4F588742370BDE81040FFF7D8BFFB
S2140112201C4500202DE9F0479A462A4B81461B783B
S21401123088461646BDF82050002B49D0FF2D3ED9D2
S21401124038252846BDE8F087234B0C223146A01DE1
S214011250636184F80090A4F802800BF069F9A28912
S214011260414642F4004242F040022046A28127F065
S21401127008FF2A46514660690BF05AF9414648462E
S214011280A21D258329F052FAA0760028D8D005445D
S214011290013DB5FBF0F0FF28D2DC0023E0762046C6
S2140112A0A383FFF731FF054680B923794FF4807099
S2140112B0B37229F0C7F8227C099B1A80C1E7074C54
S2140112C02778FF2FC0D040F60345BAE72770F2E72C
S2140112D00225B6E7197400201D6500203C45002054
S2140112E0B0F9063010B5002B25DA144C2278237C91
S2140112F0FF2A02D0827A9A4207D0114C2378FF2B1C
S21401130017D0827A237C9A4213D169B9637F013B55
S214011310DBB263775BB90B4A237F1278204613440E
S2140113202377FFF7F1FE0146204627F0B9FEFFF7C7
S2140113304FFF012010BD0020FCE700BF3C45002008
S2140113401C6F0020197400202DE9F04F9A46B1F960
S214011350063091B0002B0D461746DDF868800490E4
S21401136080F22981B8F80030FF2B04D94FF4B87108
S214011370A6482FF0C4FEA64B00241A7893F8040161
S214011380B3F80211002A40F0A5802E7AA14A1278FD
S214011390B24240F2AF800222A3F802711A70AA7A12
S2140113A0FF2483F804210022A3F8084183F80521CD
S2140113B0A3F80621B8F80020954883F80C21FFF71A
S2140113C08BFE3846FFF7E0FE214600EB40029248CE
S2140113D027F0DFFA4FF4807029F034F88C4C94F83B
S2140113E00A91B9F1FF0F20D18A4A94F80531127893
S2140113F01344B34219DC94F80C1184F80531B4F89F
S2140114000631204601FB0233A4F80631FFF764FEDD
S2140114100122824B38461A70FFF7B6FE494600EBAA
S214011420400204F5887027F0B4FA94F80531B34207
S21401143060D8DFF8E0B19BF800C00CEB03029642DF
S21401144058DA764994F808210878013A002853D0EA
S214011450964205DAB8F8002084F80C2100220A70BA
S214011460B6FBFCF901220CFB196994F80A015FFA34
S21401147089F902FA09F2D1B2024076B92889000A3E
S214011480844584F8080108D92046CDE9062105934C
S214011490FFF722FEDDE90621059B94F80A010143C8
S2140114A084F80A1182B994F80921B4F806C1013208
S2140114B084F80921B8F80020DAF800100CEB0200D5
S2140114C0FF2826DD0323237094F80831013B9E4252
S2140114D030D138E0AE7A864202D18F4200D11C4626
S2140114E02E7A002C7FF47BAF002A3FF44FAF012AFF
S2140114F03FF44CAF01205FE09642B1DA94F80C114C
S21401150098F800209142ABD004F58870FFF778FE7A
S214011510F0E794F80CE1F31A0EFB03C3A01C10FAD3
S21401152083F005920BF004F894F80831059A013B14
S2140115309E4244D0012394F80A2103FA09F3013BA1
S2140115401343FF2B04D122462946384627F09AFD3D
S21401155094F8083194F809219A42CBD19BF80030CF
S214011560B2FBF3F103FB112212F0FF0218BF134680
S2140115702278022A26D1264A023410785178012888
S21401158004BF01315170012224F8022CEA88B4F814
S214011590041122F04002EA8094F809210A44591EF7
S2140115A094F80A3113FB01F31344A8F80030CAF883
S2140115B00040FFF70DFE002011B0BDE8F08F84F863
S2140115C00B21C0E76979002994D0032A92D1B4F897
S2140115D0062194F80B1108AE11445A1E94F80C31EA
S2140115E0284613FB02F30B4400219BB2A21CA8F869
S2140115F00030CAF80020CDE900710296049907F080
S2140116005FFD8921304629F08EF87DE7C236040059
S2140116100C440020197400201C4500201C65002085
S21401162013B5044618B101280BD002B010BDFF2334
S21401163001460093064A0748FEF7B6FF064B1C70A4
S214011640F3E7FFF743FDFF22044B1A70EDE700BFF7
S214011650011201001C4500200C4400203C450020DE
S21401166013B501A909F0D2FE044648B9BDF8063003
S2140116709DF80420034906F043FB204602B010BD46
S2140116808120FBE77537040013B5694609F0CAFEE9
S214011690044688B9BDF802309DF80020074906F0D7
S2140116A049FB2046019906F09DFA2046044906F0BA
S2140116B027FB204602B010BD8120FBE799370400C6
S2140116C0BF37040037B5694609F0D0FE044618BB9B
S2140116D09DF801309DF80020104906F02BFB104DB7
S2140116E09DF80120E3B29A4206D800200D4906F083
S2140116F007FB002003B030BD0198630003F4FF73BD
S21401170002220021184428F027FF2946024600201D
S21401171006F010FB0134E3E78120EBE7C137040054
S214011720F0370400B36A040013B501A909F074FE8A
S214011730044648B9BDF806309DF80420034906F072
S214011740DFFA204602B010BD8120FBE7FA3704001D
S21401175030B500240B4D85B06946E0B229F06BFA2E
S21401176050B99DF80030032B06D12946BDF8053047
S2140117709DF8012006F0C4FA0134202CECD105B006
S21401178030BD00BF2138040008B50020034906F02B
S214011790B7FABDE80840FF2000F0DEBA333804008F
S2140117A02DE9F04F85B006460D46174627F0B8FCE2
S2140117B0044640B130463A46294627F09BFC0020B5
S2140117C005B0BDE8F08F4FF003094FEA15285FFA20
S2140117D084FA6946504629F02EFAB8B99DF800B049
S2140117E0BBF1000F12D1694650468DF800908DF876
S2140117F005508DF806808DF8016029F020FA024622
S2140118000028D7D05846064906F07AFA0134202C2B
S214011810DDD10020034906F073FA8920D0E700BF26
S214011820483804006F3804001FB5002304468DF8BD
S2140118300F3027F060FC28B19DF80F3063F07F036E
S2140118408DF80F30182301930DF10F03002200933A
S21401185004214023204628F0FEFC024618B1002051
S214011860024906F04DFA04B010BD00BF8A380400E4
S2140118701FB502A909F0E8FD044688BBBDF808209B
S214011880184906F057FA2046039906F0ABF92046A8
S214011890154906F035FA4FF6F672BDF80810134CE6
S2140118A04B1E9BB2934219D82368039A1B6858793A
S2140118B0FFF776FF23681B79012B0BD8BDF808309C
S2140118C00022CDE900030421094B092006F09EF809
S2140118D028F023FF6FF0FF0004B010BD8720E9E772
S2140118E08120F9E7A9380400BF370400E448002046
S2140118F0C038040070B504468AB005AD1122002137
S21401190028460AF0C3FD204604A909F091FD0446C5
S21401191000283AD11E4EBDF810201E4906F0F0F9F7
S21401192032681379012B28D84FF6F670BDF81010DF
S2140119304B1E9BB2834224D81368587927F0F0FBDC
S21401194008B333682A461B68BDF81010587927F08B
S214011950D0FBBDF8103001220421CDE90043092057
S2140119600D4B029506F052F828F0D7FE034620B13B
S21401197000200A4A0A4906F0C3F96FF0FF000AB0D0
S21401198070BD8724E5E78B24E3E78120F7E700BFF6
S214011990E4480020C3380400D8380400DC380400CA
S2140119A0E73804002DE9F0479AB004A909F058FD7C
S2140119B00446002840F0B5809DF810205B4906F0EB
S2140119C0B9F925465A4E9DF81020EBB29A4254D8E2
S2140119D00020584906F094F99DF81050002D40F06B
S2140119E099802C462E46544F06A9F0B229F023F9C9
S2140119F0C8B99DF81830032B15D13B689DF81920FE
S214011A001B685B799A420ED19DF81D2005F168038B
S214011A106B4403F8402C9DF81E200235013403F870
S214011A203F2CEDB2E4B20136202EDDD19DF8103008
S214011A300BB1002C77D00AABCDE90143FF2302227C
S214011A400421009309203D4B039505F0DFFF28F0A4
S214011A5064FE034660B19DF81020002A5FD0384A24
S214011A603849002C08BF0A460020374906F048F9D5
S214011A706FF0FF001AB0BDE8F08705986B0003F41D
S214011A80FF7302220021184428F066FD3146024603
S214011A90002006F04FF9013595E70598730003F429
S214011AA0FF7302220021184428F056FD00278046C5
S214011AB05FFA80FA06A9F8B229F0BDF800BB9DF8D6
S214011AC01830032B1CD1D9F800309DF819201B685B
S214011AD05B799A4214D19DF81D30534510D19DF87B
S214011AE01E30C8F307229A420AD105F168036B44F7
S214011AF00235013403F840AC03F83F2CEDB2E4B2F2
S214011B000137202FD6D101369DF81020F3B29A4224
S214011B10C3D88BE70025DFF820902E46F4E7084A65
S214011B20A2E78120A6E78B20A4E700BF4139040085
S214011B30F0370400B36A0400E4480020603904006A
S214011B401239040030390400643904002DE9F043E9
S214011B5089B002A909F072FC0446002867D1BDF8D5
S214011B600820344906F0CCF84FF6F672BDF8085056
S214011B70DFF8D4906B1E9BB2934254D8D9F800304C
S214011B8029461B685F79384627F0CAFA00284CD0E8
S214011B9026465FFA86F8404603A929F04CF828B98C
S214011BA02946384603AA27F0A8FA20B90136202E7E
S214011BB0EFD14FF0FF08404629F03BF8014658BBED
S214011BC0112203A80AF062FC2946384603AA27F028
S214011BD091FAD9F800301A79012A18D81B68BDF88D
S214011BE00810587928F079FCBDF808300322042142
S214011BF0CDE900430920104B05F008FF28F08DFDC4
S214011C00034620B100200D4A0D4906F079F86FF021
S214011C10FF0009B0BDE8F08302460A49002006F03D
S214011C206FF80124D5E78724D3E78B24D1E78120F9
S214011C30EFE700BF86390400C0380400C439040049
S214011C40E73804009D390400E44800202DE9F043FC
S214011C50DFF894800020D8F8003021491B688BB04B
S214011C605E79002506F04CF801275FFA85F94846AB
S214011C7001A928F0E0FF044690B99DF80430032B33
S214011C800ED19DF80530B3420AD1484628F0D1FF5F
S214011C900146A0B102461349204606F031F8274610
S214011CA00135202DE1D1D8F8003000211B68587984
S214011CB028F013FC87F001000BB0BDE8F083112279
S214011CC005A80AF0E3FBBDF809403046214605AAFF
S214011CD027F010FA2146304628F0FFFBE0E700BF68
S214011CE0D13904009D390400E448002037B569461F
S214011CF009F0B0FB044638BBBDF80020134906F0D6
S214011D0019F8134D2046019905F06CFF204611493C
S214011D1005F0F6FF2B681B68587928F0EDFC70B1CA
S214011D204FF6F672BDF800104B1E9BB2934209D8CF
S214011D302B68019A1B685879FFF732FD0446204646
S214011D4003B030BD8724FAE78120F9E7E5390400BE
S214011D50E4480020BF3704007FB505460024E6B2FC
S214011D606946304628F067FFA8B99DF80030032B76
S214011D7011D19DF80130AB4204D0FF2D0BD19DF857
S214011D800D3043B9304628F054FF024618B1002002
S214011D90034905F0B5FF0134202CE0D104B070BD35
S214011DA09D390400034B1B681878012808BF0220E0
S214011DB0704700BF20480020D0E9023253F8223095
S214011DC01A78024B1A7000F0E7BA00BF1C660020B2
S214011DD070B5D0E902456B1EDBB254F8230003222E
S214011DE01B490AF09FFE54F8253004EB8504197848
S214011DF063681A78A2F10B030F2B05D91549002049
S214011E00BDE8704005F07CBF01290FD1124C91400E
S214011E10236840B90B43114A23600020BDE8704097
S214011E200F4905F06DBF23EA0103F4E702290CD13F
S214011E3001230C4903FA02F20B6818B913430A4A44
S214011E400B60EAE723EA0203F9E70A460749D6E701
S214011E50093A04000D3A0400406F0020233A0400BA
S214011E602B3A04003C6F00203E3A0400483A040036
S214011E7007B5D0E9023103EB810253F821300B4953
S214011E801B785268012B0A4B08BF0B4612684FF0AD
S214011E9000001A600092074A074B084918BF13460C
S214011EA0074A05F02DFF03B05DF804FB406F0020E4
S214011EB03C6F0020633A04005B3A04006D3A04006C
S214011EC0A4BC040038B5254A254B264C00202649DB
S214011ED005F016FF0020254905F012FF2268244967
S214011EE0002005F027FF2068224C234D05F0E2FE76
S214011EF02146002005F004FF2A682049002005F04D
S214011F0019FF286805F0D6FE2146002005F0F8FEE8
S214011F101B4B1C491A781C4B002053F8223005F045
S214011F20EFFE00F00DF919490246002005F0E8FE23
S214011F30174B00201A78174905F0E2FE164B174991
S214011F401A78002005F0DCFE04F020FABDE83840DF
S214011F5002461349002005F0D3BE00BFA4BC04000E
S214011F60873A0400406F00208E3A0400963A040037
S214011F70A43A0400D82204003C6F0020B53A0400BD
S214011F804A660020C63A0400446F0020D93A04008D
S214011F902F660020ED3A04002E660020FF3A04006A
S214011FA0113B040007B500F071F8054B0090054A97
S214011FB00020054905F0A4FE03B05DF804FB00BF50
S214011FC0273B0400A4BC04008C360400F8B5044684
S214011FD00B4F0C4E0C4D00200C4A0D4905F090FE9F
S214011FE020463B7829783278F4F74AFE00233B7086
S214011FF033702B70FF21BDE8F840064826F0DABCA6
S2140120004A6600202E6600202F660020A4BC04002D
S2140120102C3B04005C45002037B51248FF2126F012
S214012020C9FC114B187810F0100505D0002003B03C
S214012030BDE8304003F01CBF0121B42004F020FBB2
S21401204004460A4B0A4A0B490090284605F058FEFA
S2140120502046FFF7BBFF4FF4806003B0BDE8304079
S21401206028F02DBA5C4500204A660020433B040058
S214012070A4BC04008C3604000021024A0248FEF784
S214012080C9BA00BF192001005C45002008B5054B00
S2140120901B7823B11720FFF799FF002008BD022007
S2140120A0FCE700BF4A66002010B550B1054B00F1B1
S2140120B0100250F8044B904243F8044BF9D1024BFE
S2140120C0197010BD306600204066002037B5174DE8
S2140120D004462B78DB0626D50090154B0020154AC2
S2140120E0154905F00DFE1E2C0BD0652C09D0032CCE
S2140120F019D0002028F01FFE40F61C40FFF766FFAF
S2140121000DE028F040FE4FF4FA63B0FBF3F202FB59
S2140121101300C218FF21094892B226F03AFC2B7828
S21401212023F010032B7003B030BD00BF4A660020B9
S2140121305C3B0400A4BC04008C3604005C45002013
S214012140014B1879704700BFC25D002070B54C4E38
S2140121508EB0337803F0FB02A3F10905022AEDB233
S21401216058D0042B41F6041257D0A3F108014B4274
S2140121704B415B0013434348ADF80C3027F000F8A1
S21401218048B9414B3F4A03F1100153F8040B8B4207
S21401219042F8040BF9D13D4B1B78002B3FD03C4B4A
S2140121A00DF10E0203F1100153F8040B8B4242F8B5
S2140121B0040BF9D103A828F0DEFD2328044610D12C
S2140121C0012D49D80020334A334905F099FDBDF861
S2140121D00C3003A823F40053ADF80C3028F0CBFDE7
S2140121E00446002C41D14FF40C7028F0C2FD044681
S2140121F000283AD103F0FAFE012D36D8274A01AB62
S2140122001068516803C3264901A828F018FE78B360
S21401221019242AE043F60412A7E70223AAE7337833
S214012220042B0DD0082B0BD01E4B0DF10E0203F123
S214012230100153F8040B8B4242F8040BF9D1B9E7AD
S214012240104A0DF10E0302F1100152F8040B8A42F6
S21401225043F8040BF9D1ADE7337803F0FB03022B07
S21401226003D10020104905F04BFD20460EB070BD8D
S214012270044901A828F0E3FD04460028C8D1F4E784
S2140122804A6600201E660020293C040040660020A5
S21401229030660020A4BC0400803B04003A3C0400E5
S2140122A094BC0400433C0400DB3B040070B50026EC
S2140122B086B00446252028F044FD16220021164843
S2140122C00AF0E4F8154B1E60154B1878FFF76AFD07
S2140122D0022814BF0123042303208DF8083028F0B8
S2140122E07EFD04238DF810300E4B02A8059303944F
S2140122F003F030FD05460C4B0C4A19680C4B304672
S214012300A14208BF134600940A4A0B4905F0F8FC9F
S214012310284606B070BD00BFC25D00207C45002087
S2140123204A6600200D260100406F00205B3A04003B
S214012330633A0400A4BC0400543C040008B5134AE4
S2140123401378042B09BF124B01331B78C3F1060324
S214012350DBB2137003F0FD02092A04D11720FFF740
S21401236035FE172008BD0A4A1278002A14BF052236
S21401237006229A4207D1074B18680028EED0FFF7CD
S21401238095FF4D20EEE70020ECE700BF4A660020EF
S214012390406600203C6F002073B51E4C1E4E23681D
S2140123A03268134334D01D4B1B6853B31C4D2B7836
S2140123B03BBB03F0EBFFF8B94FF4806028F042F81E
S2140123C0184B24681B7894B1C3F102032B7003F0F9
S2140123D047FD2046FFF76AFF04460020124B134ACA
S2140123E01349009405F08CFC204602B070BDC3F181
S2140123F0060334682B70EAE70121B42004F040F9A3
S214012400EAE70020094A0B4905F07AFC0224E4E7D2
S2140124100224E9E7406F00203C6F0020204800209E
S2140124204A660020406600209C3C0400A4BC0400D0
S2140124308C360400823C04002DE9F347384D394EB2
S21401244000202A792B88384905F05AFC3268287909
S21401245022FA00F010F0010002D1344905F050FCD8
S214012460334F3C783CB10822324933480AF05AFBD4
S214012470041E18BF0124DFF8DC80DFF8A490DFF823
S214012480B4A014E098F8000049460130C0B288F8BC
S214012490000028F048FC002835D13C783CB10822E1
S2140124A0514625480AF03EFB041E18BF01242A792E
S2140124B03368D340DB07E5D5002CE3D100922B88A7
S2140124C01E4A1F49204605F01BFC1E4B1878FFF7D5
S2140124D069FC01230322124928F02BFC1A4A0546FF
S2140124E013780133137010B902B0BDE8F0872046A7
S2140124F02B46124A154905F003FC284602B0BDE8F2
S214012500F047FFF763BD0020114905F0F9FBFFF71F
S21401251015FF0028E8D102B0BDE8F04700F01CB86E
S214012520C25D00207C450020A23C0400D33C040090
S2140125304966002041660020D05D0020A4BC04004E
S214012540A23D04004A6600202E660020433D04009A
S2140125506C3D04001D6600202DE9F041214C224D02
S2140125602378002055F82330204A214905F0C8FB7E
S214012570FFF7ECFD03461D4E1E4FDFF874802BB9A6
S2140125802378042B15D8B3B91B4B15E032463946D0
S214012590002005F0B5FBFFF7D1FE00BB23783246DD
S2140125A055F82330414605F0ABFBFFF7CFFD034658
S2140125B0E5E7092BE8D1114B00201B68104A1149A9
S2140125C01360114B187028F0AEFB20B1BDE8F04146
S2140125D00120FFF7FBBCBDE8F041FFF72DBFBDE8CA
S2140125E0F08100BF4A660020446F0020A4BC0400AE
S2140125F0C23D0400CF3D04003C6F0020406F002028
S2140126007C450020C25D00201D66002070B51C4C74
S21401261023789BB3838913F4407F2FD0056835B1A7
S2140126202A46BDE870400020164905F069BB28F02F
S21401263078FB154E03463070144A2846144905F0B7
S2140126405FFB33781BB1BDE87040FFF785BF237889
S214012650082B0CD8042B0CD80E4B1B78C3F10603A1
S21401266023700D4BBDE870401868FFF71FBE0A2B9C
S214012670F2D1BDE870401820FFF7A8BC70BD00BFBE
S2140126804A660020FA3D04002F660020A4BC040020
S214012690273E0400406600203C6F002030B5464DC2
S2140126A003460446454A0020454987B005F028FB05
S2140126B02B782BBB01A828F0C4FB022301A88DF8B8
S2140126C0043028F0ACFBB0B93E4901A828F0A9FBBC
S2140126D088B1152C0FD128F056FB47F23153B0FBC9
S2140126E0F3F202FB130000F51C50103080B203F029
S2140126F0BFFB07B030BD162CFBD103F0F3FBF8E7A8
S214012700152C2AD100202D4A2F4905F0F9FA2B78ED
S214012710042B11D0082B0FD02C4B1B78DA070BD4C7
S21401272001A828F022FB18B9BDF804309B0703D492
S2140127302B7843F010032B7028F025FB4FF4FA6337
S214012740B0FBF3F2FF2102FB1300C218204892B23D
S21401275007B0BDE8304026F01CB928F046FB044619
S2140127600028C6D12B78013B092B1ED8134A1949DC
S21401277005F0C6FA184A194913780133D8B2107011
S21401278028F0D1FA60B12046154905F0B9FAFFF7ED
S214012790D5FD0028ADD107B0BDE83040FFF7DCBE5F
S2140127A007B0BDE83040FFF747BE40F61C4007B013
S2140127B0BDE83040FFF70ABC4A660020A4BC04000E
S2140127C04B3E040094BC0400623E04001C660020DC
S2140127D05C450020753E04001D660020C25D002099
S2140127E06C3D04002DE9F0410B4686B004460E46CA
S2140127F017463A490246002005F082FA4FF00008D3
S2140128000123CDE901380DF116030093424640231A
S2140128100621204627F054FD054640B102463049C0
S214012820404605F06DFA284606B0BDE8F0819DF8F1
S21401283016202AB936B900202A4905F061FAF2E7CE
S214012840012EF8D082F00103002027498DF81730B9
S21401285005F056FA9DF817300DF1170633B310231D
S2140128600022CDE9006306214023204627F0F3FC31
S214012870064630B1324600201C4905F041FA35467D
S214012880D1E74FB90821204627F047FB20B1204663
S2140128909DF8171027F022FE0521204627F03DFB64
S2140128A00028C0D0204627F016FEBCE74FB9082105
S2140128B0204627F032FB20B120469DF8171027F05E
S2140128C00DFE10230022CDE9006306214023204699
S2140128D027F0C1FC06460028DED0CBE7A440040062
S2140128E0C0400400D9400400F94004001941040026
S2140128F0002208B5034B11461B681B685879FFF781
S21401290071FF08BDE448002008B5044B00221B688F
S21401291001211B685879FFF765FF08BDE4480020D0
S21401292008B5044B00221B6802211B685879FFF783
S21401293059FF08BDE448002010B50123002488B0E3
S21401294001A88DF80430CDE90244F5F791FE204642
S2140129509DF80420124905F0D3F92046039A11493F
S21401296005F0CEF92046029A0F4905F0C9F9102262
S2140129700E4B0DEB0201188840F0604040F48010C9
S214012980FBF718FC20460A4905F0D4F904A827F0FD
S21401299025FE2046074905F0B3F908B010BD00BF73
S2140129A032410400514104007041040074BC04002B
S2140129B08F410400B36A040008B526F012FC00201B
S2140129C0024905F09DF9012008BD00BFAC41040095
S2140129D00023054A8360C360044BC0E9002311B19C
S2140129E04FF6FF730B80704749100BB80030061185
S2140129F010B5044660B10020064905F081F9052CA2
S214012A0006D002F0CBF904490246002005F078F919
S214012A10012010BDC0410400D141040037B500219A
S214012A206A4601AB054626F09DFC044668B10022C5
S214012A300F49104605F064F902F0B0F90D49024657
S214012A40002005F05DF903B030BD0B4905F058F9DB
S214012A50012025F0A0FB01F099FF431C02D008F0ED
S214012A6025F8F0E721462846FFF7A6FFEBE700BF6B
S214012A70FA410400D14104004242040038B505463B
S214012A8001F084FF044627F0F1FC4DB100200E4909
S214012A9005F036F9631C14BF2046002007F0C8FF76
S214012AA026F0ADFB0228044605D0012805D10020FA
S214012AB0064905F025F9204638BD0020044905F0F1
S214012AC01FF90024F7E700BF5F42040079420400C3
S214012AD09242040008B50020034A044905F010F9A3
S214012AE0BDE8084000F050BD3C520400AB42040073
S214012AF008B50020034A044905F002F9BDE808407C
S214012B0001F0CAB9CA420400AB4204001FB5D0E9BD
S214012B10023253F8223068461C78214601F0D0FB79
S214012B20684601F073FC28B92246044905F0E8F826
S214012B3004B010BD6846FFF771FFF9E7D042040004
S214012B400020014905F0DCB8EC4204007FB50DF128
S214012B50060102A8FFF73CFF0020264905F0D0F841
S214012B600020BDF80820244905F0CAF80020BDF869
S214012B700A20224905F0C4F8039A0020204905F0EE
S214012B80BFF800201F4905F0D5F84FF6FF73BDF8D2
S214012B9006209A4229D000201B4905F0B1F80020F2
S214012BA01A4A1B4905F0ACF800201A4A1A4905F0E2
S214012BB0A7F800221949104605F0A2F80020154A88
S214012BC0174905F09DF80A220020164905F098F8E5
S214012BD00A220020144905F093F80A22002013491E
S214012BE005F08EF807B05DF804FB0020104905F0EB
S214012BF087F8D4E7FB420400134304002C43040087
S214012C00454304005E43040069410400E093040068
S214012C1074430400C027090093430400B243040030
S214012C20D1430400F04304000F4404002D44040083
S214012C307143040008B50020034905F061F8BDE8BA
S214012C400840012001F0FAB94B44040008B5002001
S214012C50034905F055F8BDE80840002001F0EEB93B
S214012C606444040030B5104B104D1B5C85B08DF8E4
S214012C700F302B780446834206D00D4B0D4953F88E
S214012C802020002005F03CF830232C700A480193E0
S214012C900DF10F030093062280231921007827F0F7
S214012CA0DAFA05B030BD00BFBBBC04005266002096
S214012CB0C8BC04007C440400007400201FB5232314
S214012CC003900193064803AB009301228023192148
S214012CD0007827F0C0FA039805B05DF804FB00BF42
S214012CE00074002073B5164D04462B78154ECBB1F3
S214012CF026F0A6FA012815D0346040F6B244124BED
S214012D001B78072B17D02D78C5B926F099FA031E24
S214012D1018BF01230D48009522461921007826F098
S214012D201EFE03E000233360002CE8D1201E18BFEE
S214012D30012002B070BD02250123EBE70025FBE769
S214012D404F66002080450020526600200074002057
S214012D5008B50448FFF7C6FFBDE808400220FFF7A4
S214012D6081BF00BFC027090010B5064C208827F098
S214012D70B6FB608827F0B3FB6068BDE8104027F01B
S214012D80BDBB00BF844500207FB523238DF81330DB
S214012D900DF11303029304230648019305AB009338
S214012DA0012280231921007827F08AFA059807B0B6
S214012DB05DF804FB007400202DE9F047DFF84C9124
S214012DC0044699F8000090460F4627F088F80B282D
S214012DD099F8002005D9BDE8F04700203F4904F0E6
S214012DE08FBF00263E4B3F4D1E803F4BDFF820A194
S214012DF003EB00135B8801202B802A7104F0A8FEE8
S214012E0005F050FF04F0A4FE204604F0A1FE0123C5
S214012E10042C8AF800300BD8022C45D89C4216D0D8
S214012E202346BDE8F0470020304A314904F068BF28
S214012E30062CF5D130462F4904F062FF384604F0DF
S214012E4087FEFFF791FF97B18AF800600FE04FF613
S214012E50FF76294F3888801B18BF012004F078FEC2
S214012E60FFF782FF3888B04201D027F038FB1923DC
S214012E706B8099F8003000202B71204B1B786B710A
S214012E80EB8843F04003EB801D4B198827F0D4FAFA
S214012E90034620B1224600201A4904F031FF40467D
S214012EA0BDE8F047FFF71EBF304604F051FEFFF7BE
S214012EB05BFFFFF769FF27F021FB134B1B78002B05
S214012EC00CBF3F20202004F043FE042CCFD14FF44A
S214012ED0806027F004FB3220C7E700BF8F44040060
S214012EE0E65D0020EA5D00205447002067340400B8
S214012EF0DB440400BE440400DA5D0020FF730020BA
S214012F0088730020F44404004E66002000740020FC
S214012F104F66002038B5044605200D46FFF7A2FE91
S214012F20184B1A884FF6FD739A4207D100201649AE
S214012F3004F0E6FEBDE83840FFF70ABF65B1134A64
S214012F4013780133DBB2092B137014D90A2200203F
S214012F500F4904F0D5FEEDE7012C0ED10B4B1D7089
S214012F600C490D48FFF734FDBDE83840002101202B
S214012F700A4AFFF721BF012CF2D0BDE838400748C6
S214012F80FFF7B0BE887300202E450400516600206E
S214012F9059450400DA5D002084450020E0930400D2
S214012FA008B50649002004F0ABFE0548FFF736FDDC
S214012FB0BDE8084000210846FFF7ACBF9D45040068
S214012FC084450020814237B50346154608D20020C5
S214012FD000910F4A0F4904F093FE002003B030BD64
S214012FE00C1A224600200C4904F08AFE40F6BB5318
S214012FF022460020094904F083FE4FF47A735C43AD
S214013000074B01209C4294BF2C602B60E6E700BF73
S21401301067340400AE450400EB4504000646040090
S21401302080EE360010B504460820FFF71BFE0D4B58
S2140130303CB91C700021BDE8104006200A4AFFF783
S214013040BBBE1B78092BF5D90A220020074904F0DC
S21401305057FE0020064904F053FEBDE81040FFF776
S2140130609FBF00BF51660020C027090032460400FA
S2140130707346040073B51F4D2C7834B100201E49E9
S21401308002B0BDE8704004F03BBE0220FFF7EAFD47
S214013090FF221A4E1A4B30781A7026F020FF0B28A2
S2140130A007D920463278174902B0BDE8704004F0CF
S2140130B027BE154B1549009301EB00110123192278
S2140130C04FF6FD70498805F091FA70B12046104917
S2140130D004F016FE00220F4B0F481C700F4B1A709F
S2140130E002B0BDE87040FFF7FDBD01240C492C700D
S2140130F0EEE700BF506600208446040000740020FE
S214013100FF7300208F44040005340100544700205B
S214013110C54604004F660020C027090051660020FE
S214013120EB46040038B5144D04462B78052B21D9FF
S2140131301249FFF75DFC24B918B9114904F0E0FD06
S2140131400424104B195D21B9BDE838400846FFF745
S21401315069BF032C06D02B78052B03D006200A4A1C
S214013160FFF72AFE0021094B08461970BDE83840D2
S214013170FFF7D0BE38BD00BF526600208445002050
S2140131800D470400B1BC0400C02709004F660020AB
S21401319030B5044689B00720FFF764FD052C0AD137
S2140131A000222A4B03A91A7002A804AA01F0FEFD08
S2140131B030B1022045E09CB90122244B1A7002244A
S2140131C0224D287878B1421E504221495041FFF7DE
S2140131D055FC022304462B70022C0ED10A200FE068
S2140131E0022CE6D1EBE7631F5A424FF0050018495F
S2140131F05A4126F02CF80446EEE7032C04D10020B1
S214013200FFF770FD09B030BD062C06D1002011492C
S21401321004F076FD01232B70E0E70F4A0F4B287868
S214013220002C18BF13460E490E4A0094002808BF0A
S2140132300A4600200C4904F063FD201E18BF012039
S214013240400009B0BDE83040FFF76CBF4D66002076
S2140132508445002048470400414704003A470400DB
S21401326029470400334704008347040013B51F4C65
S2140132700620FFF7F7FC2278092A09D900201C4905
S21401328004F03EFD042002B0BDE81040FFF74ABF3F
S214013290184B1B782BB3002024F0A1FF25F0D0FF9C
S2140132A068B9FFF771FD144B196825F0C0FF024697
S2140132B00420002102B0BDE81040FFF77DBD01A843
S2140132C025F0BCFFFF2809D14FF4FA6023780133BB
S2140132D0237002B0BDE81040FFF704BD0198FFF768
S2140132E0EDFC4FF4FA620320E3E700BF51660020CD
S2140132F09E4704004E66002094450020F023F0B55A
S21401330089B0CDE9000334488023002219210078D2
S214013310324E334F26F09FFF0020324904F0F0FC76
S2140133203246394603A801F041FD032804462E4DD6
S2140133301CD10626039A2D49002004F0E1FC0398CF
S214013340FFF7BCFC0020396800F0ACFE2E7001F0DF
S2140133509FF900220446264B30461A70FFF782FC7E
S21401336084BB09B0BDE8F040FFF780BF28BB726898
S214013370204904F0C5FC214604A8FFF729FB059B5C
S214013380726893420BD020461B4904F0B9FC072310
S21401339005202B7009B0BDE8F040FFF7F9BE1A46CC
S2140133A02046164904F0ACFC0523002101202B70B1
S2140133B009B0BDE8F040FFF7ADBD0020104904F0AC
S2140133C09FFCF1E7042C05D0042009B0BDE8F040CD
S2140133D0FFF7A8BE09B0F0BD0074002084450020A8
S2140133E094450020D6470400526600200748040092
S2140133F051660020424804007B480400CF48040080
S2140134000B490400F7B50446876800202378364D3B
S214013410012B287004D0354B3549187004F070FC28
S21401342026785EBB334B1B78FF2B04D103B0BDE877
S214013430F040FFF78DBC304B1B78032B11D82F4C77
S2140134400320FFF70FFC6946208827F0B6FC00280A
S21401345043D02B49208805F047F920B12E70FFF79D
S21401346077FC03B0F0BD0124204B26491C7004F004
S21401347047FC0320FFF7F6FB2C70F2E7012E25D15F
S2140134803B78002BEDD01B4D2B78FF2BE9D1A6887E
S21401349002F0A4FF864206D100201B4903B0BDE816
S2140134A0F04004F02DBC194BA2881B783BB132B119
S2140134B01749002003B0BDE8F04004F021BC7B684A
S2140134C014491B782B700D4B1A80F2E7032E08D196
S2140134D008226846A16809F02BF86846FFF70EFF38
S2140134E0BFE700232B70A1E74F660020506600203F
S2140134F026490400FF7300205266002088730020CE
S21401350005340100EB460400464904004C660020E1
S2140135106C490400974904007FB5094B1A78FF2AC5
S2140135200AD1187001F088FB0022064B0DF1060146
S21401353002A81A80FFF74CFA07B05DF804FB00BF3B
S21401354000740020D85D0020152838B517D10C4B23
S2140135501D78A5B927F017FCC4B2012C38BF012489
S2140135600120FFF77FFB28462246064904F0C8FBE8
S2140135704FF47A706043BDE83840FFF7B3BB38BDFF
S21401358052660020B4490400034B1B78022B01D875
S214013590FFF770BD704700BF5266002070B5284C1B
S2140135A025F049FE2578274EBDB10020264904F0B6
S2140135B0A7FB264A13780133137000232370337850
S2140135C0062B0AD1BDE87040214B1868B0F5FA6F9A
S2140135D038BF4FF4FA60FFF785BB3378013B082B01
S2140135E02CD8DFE803F005090D2B13191D2227003F
S2140135F0BDE87040FFF7C8BFBDE87040FFF73ABDB1
S21401360000232370BDE87040FFF7A2BB2946BDE842
S21401361070400120FFF77EBCBDE87040FFF726BE74
S2140136200220BDE87040FFF7B3BD0120BDE8704041
S214013630FFF7F8BCBDE87040FFF7B2BC70BD00BF35
S2140136404F66002052660020E349040051660020C0
S2140136508045002010B90520FFF764BD034B1B7899
S214013660062B01D1FFF79ABF704700BF52660020B4
S2140136702DE9F0478E68054633189A780C46092AD4
S2140136808EB008D90020A34904F03AFB85242046D1
S2140136900EB0BDE8F08750B98B899F49895C8B4293
S2140136A005D200919D4904F02BFB8024EFE79C4B4B
S2140136B0E7881B889F4236D09A490978012932D972
S2140136C032B13A460020984904F01AFB7E24DEE720
S2140136D0964B1A70934B26791B78052B03D0012B3A
S2140136E03AD8FFF751FF5EB93146204627F01BF85E
S2140136F00346002851D030468D4A8E4904F000FB1F
S214013700D4F80880A48998F8037098F80450002E1D
S2140137104CD13046884A894904F0F2FA002101204A
S214013720FFF7F8FB4FE00021804B1970072A00F2E3
S2140137308A8301A353F822F0D536010083380100AD
S21401374083380100953A0100953A0100953A010047
S2140137502B3D01002B3D0100022B17D102F03EFE4E
S2140137608742B3D00020764A764904F0C9FAFFF7BB
S21401377081FC46BB3146204626F0D5FF034610B3F2
S2140137806B4A6C49002004F0BBFA1CE06E4A00202C
S2140137906E4904F0B5FA012479E7A3681B78DA06C6
S2140137A0AED432466A4904F0ABFAA9E700210AA86A
S2140137B0FFF70EF9032F08D95F4B664A6649009753
S2140137C0002004F09DFA002461E76B1E632B04D9E8
S2140137D0594B604A61490095F2E7614BE4B2DB5D03
S2140137E09C4209D0CDE901430020534B594A5D491B
S2140137F0009704F085FAE6E757B3A4B222460521FE
S214013800404626F0A9FEBDF82830834203D04A4B35
S214013810554A5649B6E7012F1AD022460721404697
S21401382026F09AFEBDF82A30834203D0424B4E4A18
S2140138304F49A7E7032F0BD122460921404626F020
S21401384088FE0B9B984203D13B4B474A494999E76F
S214013850642D3FF463AF27F096FA6423C0B2B0FB41
S214013860F3F203FB12030133DBB29D42BFF456AF02
S214013870CDE900530020304B3B4A3F4904F040FA63
S214013880A1E7284B1B78052B01D03C4A7FE7EB1CB0
S214013890DBB2277BF45C44B123460020374A384923
S2140138A004F02EFA00210C460BE00F2F0DD8102342
S2140138B0204634490093314A3B4604F021FA8024DD
S2140138C001210020FFF726FBE1E60435EDB2204694
S2140138D02A4A2D4904F014FA7A1B7119D2B206A8A5
S2140138E025F0BCFC05443A46E9B2304626F031FEE6
S2140138F0264D069A2B68264F9A42386001D1002839
S2140139004AD1244900201D4A04F0FAF985240121F0
S214013910D7E700BF004A0400F4BC0400184A0400BC
S2140139208873002052660020474A04004F66002034
S214013930BD4A0400C54A04004D4B0400624B040016
S2140139408B4A0400984A0400ED4A0400FA4A04002F
S214013950174B0400774B04007F4B0400994B04007F
S214013960B7BC0400B74B04000C500400F14B040034
S2140139701B4C0400434C04006A4C04009E4C04009B
S214013980B84C0400E74C0400FE4C040084450020BB
S21401399094450020274D040000F08EFF3E68B0429B
S2140139A00AD200F089FF9D4903463246204604F0BC
S2140139B0A7F98924012184E7079A6B689A4205D101
S2140139C02046974A974904F09BF96BE79649097890
S2140139D059B19A4209D22046944904F091F99621A8
S2140139E00620934AFFF7E8F95CE7924A924905A850
S2140139F001F0DCF9079E48B96A68964206D88F49F5
S214013A0004F07EF90520FFF7C3FB40E632460020AE
S214013A108B4904F075F939680027002000F042FB55
S214013A2000206E60FFF74AF9864B06201F80FFF7DD
S214013A3019F9854B1F7001F0B1F90646F8B94FF632
S214013A40FF73824A0AA81188994214BF13463B465F
S214013A506A88298801F012F90AA800F0D7FC58B143
S214013A600AA801F0DDF938B13046794904F048F981
S214013A700420FFF757FB0AE6FFF7F8FB07E60428E2
S214013A8005D1744B1921187825F080FFFFE53846DB
S214013A907149EBE7714B1B78062B01D0704A76E62D
S214013AA0DFF8A0A1EB1C94F80C90BAF80080DBB20A
S214013AB02EB930466B4904F023F98724E7E5F75C15
S214013AC02C1D972FE4B22FD025D8812F71D0952F9A
S214013AD067D017BBB9F1100F7FF6E7AD31194A462B
S214013AE00AA825F0BBFB0444E4B221464A46304608
S214013AF026F02FFD231DDBB2053416F803A0E4B231
S214013B00A9EB04035345054666DA00933846534647
S214013B10534A5549C7E5982F43D03B460020504AA3
S214013B20524904F0EDF8C8E7B9F10A0F7FF6BDADCA
S214013B301FFA89F721463A46304626F00AFD05F176
S214013B40080104463A46C9B2304626F002FD0AAAE2
S214013B5001462046FFF736FA08B9454B0A93B9F1F4
S214013B600C0F12D905F10C013A46C9B23046DDF800
S214013B70288026F0F1FC044602463E49002004F067
S214013B80BFF8AAF8004044440A940A9C3A492246DF
S214013B90002004F0B5F82046FFF7A4F825F056FB00
S214013BA011E63649002004F0ABF80320FFF7BAFA15
S214013BB009E6334C23786BB125F03BFB50B100206E
S214013BC0304904F09DF80023237025F03FFBFFF7F2
S214013BD04DFBF8E52C49E5E7DFF8A49099F80030AD
S214013BE043B9FFF7D1F88542034607D01C4A274957
S214013BF00095E5E525F024FB0128F2D110220D48B9
S214013C000AA908F08FFF10B9BAF13F0F42D9144A3A
S214013C101F49002004F074F84FE700BF464D04002A
S214013C209E4C04007E4D04004B660020B34D0400FC
S214013C30C02709008445002094450020424804001E
S214013C40F44D0400D85D002051660020DA5D0020A6
S214013C50164E040000740020354E04005266002003
S214013C605B4E0400704E04009D4F04007F4F04001D
S214013C70E0930400AB4E0400D64E0400F54E04005B
S214013C804E660020114F0400504F0400D94F040027
S214013C90155004006D4B187099F800304BB125F0A3
S214013CA0C8FA30B1284625F0C7FA042807463FF47B
S214013CB08AAD51462846321925F001FC28B100206C
S214013CC0634904F01DF8042070E799F80030554464
S214013CD063B125F0AEFA48B1FF2FF4D0012F3FF4BF
S214013CE072AD032F16D125F0AFFA05462846FEF72A
S214013CF0E5FF044602460521564825F0D6FA564BFE
S214013D001B689C420AD3204625F0D4FB0520FFF70A
S214013D103FFA58E525F096FA8046E7E74046FEF773
S214013D20E1FF00287FF44FAD51E74C4B1B7803F0C1
S214013D30FD03082B01D04A4A29E5A48935B1F2785A
S214013D4022B10020474903F0DBFF2EE7E4B222460A
S214013D50F11C0AA825F082FA434BBDF828201988E1
S214013D60054691420DD04FF6FF718A4209D03C4A72
S214013D7000203E4B3E4903F0DDFFBDF828203D49BB
S214013D8047E7BDF82A20598891420CD04FF6FF71BB
S214013D908A4208D0324A0020374B354903F0CAFF21
S214013DA0BDF82A20EBE70B9A5B689A420AD00132EB
S214013DB008D02B4A2E490020304B03F0BBFF0B9A4C
S214013DC02F4926E7A4B2E91C2246C9B2304626F09E
S214013DD0C0FBE91DC9B207462246304626F0B9FBAC
S214013DE0431C014606D10820FEF73CFF2548FEF796
S214013DF079FFE8E4384606AAFFF7E4F8A8B9214BAC
S214013E000693214B00221978204B187825F002FAE8
S214013E10069C2046FEF766FF224600201C4903F05A
S214013E206FFF0920FEF71EFFCDE440F6B733069A72
S214013E309A42E6D840F6B8320020164903F060FFF1
S214013E4040F6B833DCE7812421E400BF5166002048
S214013E50485004006B500400944500205266002030
S214013E607450040089500400844500200B4C040063
S214013E70B050040069410400354C0400CB500400E6
S214013E800059040080EE3600FF7300200074002005
S214013E9003510400D850040008B50420FFF742F986
S214013EA00020FEF7DFFE0023054A19211370054A9C
S214013EB01370054B1878BDE8084025F067BD00BFB4
S214013EC04F660020506600200074002010B5164B87
S214013ED0164C1A78164B002053F82220154903F089
S214013EE00FFF2178144B154A0020002918BF1A46E7
S214013EF0134903F005FF23782BB1124B00201A68F3
S214013F00114903F0FDFEFEF73FFF0446FEF73CFFB6
S214013F100E4B196825F0BCF92246BDE81040034651
S214013F200B49002003F0ECBE526600204F660020CD
S214013F30C8BC04001F5104002D5804000E5804008C
S214013F402C51040080450020465104009445002071
S214013F505F51040038B5014604460020FFF788FB90
S214013F60054698B1E37C00200A4A0B4903F0C8FED7
S214013F702379042B0AD02946204626F0D4FB034693
S214013F8020B10020054A064903F0BAFE6FF0FF0093
S214013F9038BD00BF6734040087510400BD4A0400E1
S214013FA0C54A040010B51346094A127882420DD15B
S214013FB063B1084A002014680A46074903F0A0FEC8
S214013FC02146BDE810400120FFF752BB10BD00BFDF
S214013FD000740020E4480020A951040010B50D4BE0
S214013FE01C782CB1BDE8104000200B4903F088BEB8
S214013FF06420FEF763FE4FF6F0716FF00F02074B79
S2140140000320C3E9001222462146BDE81040FEF710
S214014010D3BE00BF52660020E25104008445002052
S214014020014B1870704700BF4E6600200021062025
S214014030014AFEF7C1BE00BFC0270900014B187038
S214014040704700BF4B660020114B2DE9F041074633
S2140140500D4618680F49101A096825F019F9DFF896
S21401406040800D4E98F800400346FF2C307004D077
S214014070A8420AD32C44A04207DB3A46002007494F
S21401408003F03EFE337888F800303078BDE8F081E2
S2140140909C450020984500205366002010530400DC
S2140140A00174002050EA010208D0FF22054B091ACC
S2140140B01A70054B1860054B19607047114610467B
S2140140C0FFF7C2BF017400209C45002098450020E0
S2140140D02DE9F04FAFB006AD284600F0FDFD0026F5
S2140140E0624FDFF8D091284600F090F9044648B9AF
S2140140F000F0BEFD5E490246204603F001FE2FB0E9
S214014100BDE8F08F39460020F2B203F0F9FD2846EB
S21401411016A900F0FFFD044620B15649002003F021
S214014120EFFD8FE0BDF85820534903F0E9FD4946FD
S2140141302046BDF85A2003F0E3FD2046BDF85C207A
S2140141404E4903F0DDFD2046BDF85E204C4903F0E4
S214014150D7FD2046BDF860204A4903F0D1FD204630
S214014160199A494903F0CCFD2046BDF86820474915
S21401417003F0C6FD204646490DF16A0203F0C0FD74
S21401418044492046239A03F0BBFDBDF85C30D907AD
S21401419005D520469DF890203F4903F0B1FDBDF8B6
S2140141A05C309A0714D500203C4903F0C3FDBDF8E6
S2140141B05830B3F5807F4FD1002026F014FA18B19D
S2140141C00DF1910003F01EFD0020354903F098FD26
S2140141D0BDF85C305B070BD50020BDF8B220314935
S2140141E003F08EFD0020BDF8B4202F4903F088FDB2
S2140141F0062228460DF116030AA925F078F804468A
S21401420090BBBDF81620294903F07AFDDFF8A8A077
S214014210DFF8A8B00DF12808BDF81610A2B2914239
S21401422010D9B8F800205146002003F069FD01348A
S214014230D8F804205946002003F062FD062C08F148
S2140142400808E9D16C46204600F05AFD94E80F00B4
S214014250013685E80F0046E70123202200200DF1F4
S214014260910103F0B1FCAFE7114957E7225304006F
S214014270EF5404002B5304004F53040083530400EF
S2140142809C530400B5530400CE530400E7530400C6
S2140142900054040015540400315404004A54040028
S2140142A0B36A04005D540400765404008F5404007D
S2140142B0C254040068530400A0540400B05404001F
S2140142C02DE9F04188B004AD04462846884600270B
S2140142D000F002FD6E46474507D195E80F0084E8D9
S2140142E00F00204608B0BDE8F081304600F008FD1A
S2140142F096E80F0085E80F00284600F087F801379A
S2140143000028E8D1014B0FCBE9E700BF6CBF0400E2
S2140143101FB5D0E9023253F8223068461978FFF704
S214014320CFFF684600F07CFD48B1042809D1074A52
S2140143300020074903F0E4FC05B05DF804FB054ADC
S214014340F6E70020044903F0DBFCF5E7DF5E040036
S2140143500A55040079580400164E040010B5D0E939
S214014360023203EB8201496853F8223098B00C6898
S21401437004A81978FFF7A4FF03AB40220093214657
S21401438008AB04A800F0E2FC024628B100200E4962
S21401439003F0B6FC18B010BD039808A900F0070496
S2140143A00122C0F3C70003F055FC039908A8091BB6
S2140143B00144064801232246008803F005FC044810
S2140143C003F03EFCE6E700BF1A550400F65D002048
S2140143D0B36A0400F0B504460D460B4BEF880FCBCD
S2140143E084E80F00AB882E899B0741BFD5F83900BA
S2140143F0D5F83D1004F1080303C3EA682046278078
S21401440066806260F0BD00BF00BD0400102208B5E2
S214014410034908F087FB003818BF012008BD00BF1C
S2140144206CBF040008B527F035F9C288FF21920851
S214014430012A38BF0122024824F0ABFA012008BD48
S214014440AC45002038B5134690B10120274A1070BC
S214014450274A00201160274A13600A46264903F0BE
S2140144604FFC02F09DFB254B1870022002F09EFBCC
S21401447027F02BF9E8B91D4D1D4C2B782BB927F0E9
S21401448009F92268C368134423601A4B24681B6821
S2140144909C4229D227F0FEF8C168204606F0AAF809
S2140144A0002402462C7050B927F00FF9FFF7BAFF27
S2140144B003E0FFF7B7FF0028DDD0012038BD204616
S2140144C00F4903F01DFC0D4B187802F06FFB00201E
S2140144D00C4903F015FC00F091F908B900F0AEF9AB
S2140144E02046FFF7B7F8E8E70124ECE75566002019
S2140144F0A4450020A0450020415504005466002034
S2140145006D5504008D55040038B500F04BFA04468D
S21401451000F042FA241A27F0BDF8054618B9B12171
S2140145201B482CF0ECFDAB8803F00303032B03D0F0
S214014530B22117482CF0E3FD00F02EFA054624F0D0
S21401454049FF01238340013B2B4203D0B42110488D
S2140145502CF0D5FD24F03EFF01238340013B23428E
S21401456003D0B5210A482CF0CAFD05F019FE054610
S21401457024F030FF4FF48063B3FBF5F3C440A3424D
S21401458005D2BDE83840BA2101482CF0B8BD38BD87
S214014590A3550400FF2108B5044824F00BFABDE832
S2140145A00840002211461046FFF74CBFAC450020DC
S2140145B0F7B504460E4600F089F8054627F06AF876
S2140145C0C3682B449C4220D324F004FF2C44C440EF
S2140145D0013C114F3B68DEB1A34219D101340023DF
S2140145E0ADF8043000F0E4F9054605F0D9FD1035C4
S2140145F004FB005405F0D4FD01A90246204605F04F
S21401460021FE24F0F7FE386004E04FF0FF34E0E7C7
S214014610A342E4DB03B0F0BD706F00204FF0FF3221
S2140146200A4B10B51A600022094B1A7000F0B4F953
S214014630044600F0B7F9214602460120FFF702FFC3
S21401464000280CBF0120042010BD00BF706F0020A1
S2140146505666002038B500F0D1F808B9002038BDFC
S214014660094D0A4C2B7823B924F0C4FE012320609F
S2140146702B70246824F0AEFE01348440EED000F0A6
S21401468025F82044EBE700BF56660020706F002037
S21401469070B50D4C2368002B01DA012070BD00F0C7
S2140146A07BF9054626F0F6FF2468C66824F092FEDC
S2140146B0013404FA00F1294401208A19FFF7C2FEE9
S2140146C00028EAD00420E9E7706F0020024B186842
S2140146D00C3024F0BFBE00BF746F0020FF2307B567
S2140146E00021044A04480093FBF75EFF03B05DF81F
S2140146F004FB00BF95450100AC4500200E4B70B58C
S2140147001C680546036804F582641C440E46FFF7E0
S214014710DDFF2B68834208D232681A44824208D9E8
S214014720C31A012033602C6070BD044A126813441A
S2140147301C1A0020F7E700BF746F0020A845002070
S2140147402DE9F04FB3F5803F87B00F4698460190AC
S21401475003D3002007B0BDE8F08F03A904A8CDE974
S2140147600332FFF7CBFF0024824600F10109DFF890
S21401477088B05FFA89F9019BDDE90356AAB27BB1DD
S2140147803046109926F08DFF0028E2D1B9F1020FCC
S2140147902BD1DBF800300493019B03BB2F4421E0AF
S2140147A03946304605F04EFD0028D2D1BAF1000F49
S2140147B0ECD0002CEDD105F0F3FC2E44B6FBF0F363
S2140147C003FB10600028E4D005F0EAFC05A90246C8
S2140147D03046059405F036FD0028DAD0B9E7109B7F
S2140147E02B441093A8EB05050395631C4B454FF02E
S2140147F00104C0D32046ADE7A84500207FB56B462F
S2140148000C4A1068516803C390680C2218600A4B62
S2140148100DEB0201186826F044FF0C2268460DEBEA
S214014820020108F07FF9B0FA80F0400907B05DF8A0
S21401483004FB00BF10BD0400746F00201FB5084ABA
S21401484001AB1068516803C3906801A91860054B55
S2140148500C22186805F0F6FC05B05DF804FB00BFF5
S21401486010BD0400746F0020F7B5044615460E46C9
S21401487081B9072A03D80024204603B0F0BD0D4BAA
S21401488080791968E379063000EB03200C3180B299
S21401489024F0EAFD002721462B463246384600978B
S2140148A0FFF74EFF04460028E5D039467019FFF79A
S2140148B07FFEE1E7746F0020024B1868A0F50060E8
S2140148C0704700BF806F002010B58AB0684606F0BA
S2140148D09DF810F0FF0027D1009BFBB1174C01A9F2
S2140148E0206006F00BF810F0FF001DD12268009B37
S2140148F09A4204D34FF4DD7111482CF000FC019B61
S214014900104A11491360029A13440B600F49A3F52C
S21401491000630A600E4A1360009B63B940F2CF1130
S21401492007482CF0ECFB06E0044A03461268002018
S214014930084903F0E5F90AB010BD00BF786F002002
S21401494072560400A84500207C6F0020806F00206E
S214014950746F00203657040008B5FFF7B5FF26F040
S21401496099FE50B126F096FE064B02691B689A42E4
S21401497003D2B32104482CF0C2FBFFF7C5FD01208A
S21401498008BD00BF806F002072560400014B1868F6
S214014990704700BF786F0020014B1868704700BF52
S2140149A0A8450020014B1868704700BF7C6F0020A7
S2140149B0014B1868704700BF746F002010B5FFF7F1
S2140149C049FE04462849002003F09AF900202749A9
S2140149D003F096F90020264903F092F900202549B4
S2140149E003F08EF9244B00201A68244903F088F955
S2140149F022462349002003F083F9FFF767FE214989
S214014A000246002003F07CF91F4B00201A681F495C
S214014A1003F076F91E4B1F4C1A6800201E4903F05E
S214014A206FF9226800201D4903F06AF94FF480628D
S214014A3000201B4903F064F922680020194910324E
S214014A4003F05EF92268002017490C3203F058F98A
S214014A5022680020154902F5826203F051F9BDE88B
S214014A60104005F0D1BA00BFB5570400F257040054
S214014A701158040031580400786F00205C58040077
S214014A807B5804009E580400A8450020C158040025
S214014A907C6F0020746F0020E4580400075904005E
S214014AA02A5904004D590400705904009359040012
S214014AB02DE9F04194B004460D460020482102AA93
S214014AC024F0E3FC18B9534903F01AF919E06022FF
S214014AD00021204607F0DAFC04224F4902A808F01C
S214014AE021F890B16DB19DF80B30002001939DF82F
S214014AF00A309DF80820009348499DF8093003F0D4
S214014B00FFF8012014B0BDE8F081BDF80C20B2F525
S214014B10807F228003D0424903F0F2F8F1E7BDF826
S214014B201420BDF80E102281DDF816206180E260A7
S214014B300499BDF81A206160228284F8320007AD1C
S214014B4004F112020FAE2B4603CBB3421060516044
S214014B501D4602F10802F6D10F9B324A63631360C9
S214014B60314B10221846002107F090FCE288A388FA
S214014B70028022894280E26842600BB90020C1E7C8
S214014B8000263546A388D90709D536B105F1500266
S214014B906A4412F8482C84F838200135EDB29A0799
S214014BA014D5208824F087FB07466EB102AB03EBD1
S214014BB005080246414604F1390007F0F7FD3A467A
S214014BC041461A4807F0F2FD2F44FDB2A3885B0761
S214014BD00DD556B105F150036B4433F8482C33F824
S214014BE0463CA4F85A20A4F85C300435EDB2002EF9
S214014BF0C4D1482D02D930460D4965E729463820EB
S214014C0002AA24F042FC08B90A495DE738250126C4
S214014C10B8E700BFB65904001CBD0400E8590400FB
S214014C201E5A0400CC450020D0450020D84500205F
S214014C30395A0400895A040030B50B4C99B02578CE
S214014C406DB9FFF789FE68B129466846FFF730FF60
S214014C50B0FA80F0054B400918700123237000203C
S214014C6019B030BD0120FBE75766002058660020CA
S214014C70014B1878704700BF5866002070B51E4675
S214014C80134B044618881D46884298B002D15B88AB
S214014C90934206D00F4B0FCB84E80F00204618B086
S214014CA070BD96B100216846FFF702FF0028F1D1DA
S214014CB0BDF804305B0708D53388BDF85A209A4200
S214014CC0E8D8BDF85C209A42E4D395E80F00E3E704
S214014CD0D04500206CBF0400064B10B51B78044677
S214014CE02BB9054B0FCB84E80F00204610BD034BB4
S214014CF0F8E700BF586600206CBF0400D0450020CE
S214014D0010B50446024B0FCB84E80F00204610BDB9
S214014D106CBF04000B4B10B51B78044608467BB1EC
S214014D200021FFF7C5FE48B910222146064807F0C4
S214014D30F9FE003818BF0120C0B210BD0120FBE704
S214014D400120FAE758660020D04500202DE9F04101
S214014D500E4690460E4910221F4607F0E3FE044613
S214014D6070B90C4B3A461D683046AD1B454528BF09
S214014D704546294624F089FB28B9074902F0C0FFB9
S214014D800120BDE8F081069B20461D60F9E700BFC3
S214014D90D0450020CC450020895A04000022024B51
S214014DA01A70FFF73BBC00BF586600202DE9F041A2
S214014DB09CB00F4616468046FFF74CFC0546024659
S214014DC01549002002F09CFF382D20D9012104A8A6
S214014DD0FFF76EFE0446D0B9119B04A93B606F46EF
S214014DE03846FFF7F7FA97E80F0086E80F00119BA1
S214014DF0AB4297BF01210324084AC8F8003094BF8C
S214014E001170C8F8005020461CB0BDE8F0810022A1
S214014E10024B01241A70F6E7BB5A040058660020BC
S214014E2070B5084D00262B7853B1FFF7F7FB044603
S214014E301022002104482E7007F028FB204670BD82
S214014E403446F5E758660020D045002008B5002016
S214014E50064902F055FF064B00201A78054902F074
S214014E604FFFBDE80840FFF7A9BD00BFDA5A0400AE
S214014E7058660020045B040003460120024AC3E989
S214014E80032000221A7070470100FEFF2DE9F04151
S214014E900024264E264FDFF8A88088B000F0D4F90B
S214014EA0A5B2854202D308B0BDE8F081284603A921
S214014EB024F021FBA2B23146002002F03BFF9DF810
S214014EC00D2012B39DF81210BDF81030402914BF02
S214014ED06E2179210020CDE900313946BDF80E302A
S214014EE002F028FFBDF814201AB10020114902F083
S214014EF021FF9DF80C00BDF8182070B9079B0E49DC
S214014F000093BDF81A3002F015FF00200B4902F09D
S214014F10F7FE01342CF000F9C0E7BDF81C3041461D
S214014F20009300209DF81A30EDE700BF1D5B0400DA
S214014F30235B0400465B0400505B0400B36A040074
S214014F40775B040010B500F0ABFABDE810400346ED
S214014F50024A0020024902F0D3BE00BF0E670400D9
S214014F6068250400D0E9023253F8223010B51888BB
S214014F7000F086FABDE810400346024A00200249C6
S214014F8002F0BEBE9F5B04006825040010B5D0E9A0
S214014F900232002486B08DF8044053F8221003EB49
S214014FA08203097801A88DF805105A681288ADF8B1
S214014FB006209A681288ADF80820DA681278ADF8EB
S214014FC00C40A24214BF402280228DF80A201A69A2
S214014FD01288ADF810205A699B691288ADF8122024
S214014FE01B68059300F0D0FB034A0346034920469D
S214014FF002F086FE06B010BD093A040068250400DA
S21401500038B50024064D2CF073F845F82400063414
S214015010C02CF8D10020BDE83840024902F070BE2D
S21401502018110020A65B040030B5002087B0204987
S21401503002F066FE00201F4902F062FE00201E49B3
S21401504002F05EFE2CF054F800240546A0B201A939
S214015050013424F050FA202CF8D12CF049F81749E5
S214015060421B002002F04CFE1549002002F048FECB
S2140150702CF03EF80446012000F09EF82CF038F89B
S2140150800E49021B002002F03BFE0E49002002F0F2
S21401509037FE2CF02DF8044624F01EFA2CF028F8E2
S2140150A0021B0020054907B0BDE8304002F028BECB
S2140150B0D25B0400015C0400315C04004E5C040019
S2140150C05D5C0400775C040010B50C4603F07CFDC3
S2140150D008B9032C12D101F059F904280ED001F0B9
S2140150E055F905280AD0064802F0BAFC1C2801D159
S2140150F025F09FF9BDE8104002F0C2BC10BD00BF0C
S214015100E39403002DE9F04F00274FF0FF36DFF858
S214015110A4B0264C87B0BBF80030B8B2834209D899
S214015120731C3BD03246FF21214807B0BDE8F04F43
S21401513023F02FBC01A924F0DEF99DF8050001F04B
S2140151405BFFF8B19DF80480B8F1000F1AD1BDF8E5
S21401515010A0BDF812902BF0CBFF18210246BBB26F
S2140151604B43E018E158007C4FF47A73A2EB010C34
S21401517050B103FB0AF363450ED30B44981A8642DB
S21401518028BF06460137C6E74D466B43FAD063454E
S214015190F5D31944881AF2E74046F0E7FF210448A0
S2140151A007B0BDE8F04F23F005BC00BF1811002082
S2140151B0E0450020DC5D00202DE9F041014688B085
S2140151C058B1022810D024F0B0F978B3D22119488A
S2140151D008B0BDE8F0412BF092BFFF23164A1748EE
S2140151E00093FBF7E1F9EEE700244FF001082746AC
S2140151F0134EA5B2284603A98DF80D7024F07BF94D
S2140152009DF80D0068B101F0F7FE20B19DF80C3055
S2140152100BB986F810800134202C06F11806E8D167
S2140152202546084B1D80FFF76DFFCCE708B0BDE8AB
S214015230F08100BF975C04006D550100E045002039
S21401524018110020DC5D0020014B1888704700BF54
S214015250DC5D00202DE9F04F634A077D89B00446E6
S2140152606249002002F066FD002025F0BCF920B15D
S2140152702368218A588803F0F5FC00205C4902F077
S2140152803FFD637DDFF87491002B236808BF08207B
S2140152905988574B18BF00200093228A4FF0090304
S2140152A014BF4FF080084FF0400802F089FBA28936
S2140152B0BB1C93420CDB25F030FA034620B10020DC
S2140152C04C4A4D4902F01CFD012009B0BDE8F08FA3
S2140152D0A068791C89B2C55D25F03EF90337012D1A
S2140152E00646BFB213D82368324659885879238AAE
S2140152F00093434624F078FD824600283ED186205E
S21401530002F026FC284602F023FC304668E08520A1
S214015310F6E703A924F0EFF89DF80C30AB4223D151
S21401532023689DF80D105A7991421DD1BDF80E10D3
S2140153305A88914218D1BDF81020B24214D19DF876
S2140153401220424510D1BDF81410228A91420BD189
S214015350002D38D0BDF81810E288914204D19DF88E
S2140153601A201B799A422ED00BF1010BB9F80030A6
S2140153705FFA8BF08342CCD88B20C1E74FF0000B4D
S214015380F4E79AF8020002F0E3FBBDF8180025F0F6
S214015390A6F8BDF81A0025F0A2F89AF8020003F064
S2140153A081FE002883D19AF8020001F0F7FC054639
S2140153B0079E002D3FF47BAFF0B2013D02F0C8FB23
S2140153C0360AEDB2F5E7002002F0C2FB284602F0ED
S2140153D0BFFB304625F083F8012DD2D1BDF81C0065
S2140153E025F07DF863E700BF425D0400C650040067
S2140153F0B36A04004F5D04006C5D0400DC5D0020B0
S2140154002DE9F04391B06946804624F074F80023F4
S214015410194F8DF801303888431E98B28045388080
S21401542009D16946404624F06EF8684624F052F8E1
S21401543011B0BDE8F0834FF0180905A924F05BF818
S2140154400E4C3E880AAD09FB06460FCE0FC596E800
S214015450030009FB084485E803000AAE404605A997
S21401546024F051F80FCE0FC495E8030084E803003A
S21401547069463888D7E700BFDC5D00201811002098
S21401548008B5064B1B88834205D9FFF7B9FFFFF71E
S21401549039FE002008BD2720FCE700BFDC5D0020A8
S2140154A038B5074D2C882CB9FF21064823F082FA1F
S2140154B0204638BD601E80B2FFF7A2FFF2E700BFAC
S2140154C0DC5D0020E04500202DE9F3479A461823CD
S2140154D09DF82890244FCDE9001203FB097314466A
S2140154E0D3E9022325F0F8F9064620460D4603F0D7
S2140154F0D9FD04F0FD03382B80460FD100943246C7
S2140155002B460021DAF8100024F020F8B8F1010F3C
S2140155101BD135431ED102B0BDE8F087392CDAF82D
S21401552010300BD107EE906A07EE103AF4EEC77A08
S214015530F1EE10FAACBF01200020E7E79E4275F1BC
S21401554000032CBF01200020E0E7B8F1000FE2D1F4
S2140155500028E0D0182303FB097701233B7402B02F
S214015560BDE8F047FFF7CEBD181100202DE9F04F3A
S21401557000252E46A846AA462C46DFF8BC91D1B097
S214015580694BA8B21B88834209D81CB1618820796F
S214015590FFF79AFDFFF7B6FD51B0BDE8F08F0BA9F6
S2140155A023F0A9FF2BF0A4FD1823AFB27B4309EB30
S2140155B0030B59F8033005909DF82D00049301F074
S2140155C01BFD002800F0AE809DF82C10002940F04D
S2140155D0A980DDE90432D01A4FF47A72BDF838306A
S2140155E05343834200F29E809BF8103043B9BDF8C6
S2140155F03A30002B00F096805343834200F29280AB
S214015600FD230022CDE9013210AB00930DF1190202
S2140156100DF11A03E9B20BA8EEF75AFE002877D16E
S214015620BDF81A30DA1C0493D2B214B33F4B9DF87E
S2140156302D101B8813442279914214D1BDF82E10E7
S214015640628891420FD19DF83220B8EBD21F0AD161
S214015650BDF83420524506D1B3424DDD0020344911
S21401566002F04EFB01E0B342F8DC61882079FFF7D7
S2140156702BFD02F041FA04469DF932002D4BC04342
S214015680C00F0093BDF834200A23BDF82E10C000C9
S2140156909DF8328002F094F99DF82D304FF0000B02
S2140156A023714FF48A53FF26BDF834A04FEAD81869
S2140156B0E38007A95FFA8BF025F0BDFAC0B2B0B956
S2140156C09DF81D109DF82D20914210D1BDF81E1099
S2140156D0BDF82E2091420AD122469DF829109DF848
S2140156E01C0025F023F8B04228BF3046C6B20BF1A5
S2140156F0010BBBF1200FDCD1BDF8300024F0EFFE2A
S2140157009DF8190002F024FA049910A802F034FA60
S214015710182300225F4309EB07031A742BF0E8FCF9
S21401572049F8070001352BE7DC5D0020E65D002027
S2140157302B5E0400B36A04001811002070B5002423
S2140157400126104D8AB02B88A0B2834204D80AB035
S214015750BDE87040FFF7D6BC05A923F0CCFE9DF846
S214015760150001F049FC50B19DF814303BB91A46BA
S214015770CDE901360093E1B205A8EEF7A9FD0134A3
S214015780E1E700BFDC5D00202DE9F0430389DFF887
S21401579058818BB0B8F800900093044683798288CC
S2140157A04188407824F020FB002800F09580E789A6
S2140157B027B1A389BB4200F291800027B8F80030D8
S2140157C0BDB2AB4214D84D4601264FF6FF73E289AF
S2140157D09A4226D146B9B8F80030AB4202D92846DB
S2140157E0FFF70EFEFFF78EFC00200BB0BDE8F0833E
S2140157F0284605A923F07FFE9DF814307BB9226860
S214015800059B5340FF2B0AD86368069E5E4036F020
S2140158107F4604D1BDF81C2023899A42D5D0013792
S214015820CCE7E2689A422BD0002E53D1D4E9032369
S214015830CDE9082305A823F04DFE0028D5D1B8F8F8
S2140158400030AB4204BF6B1CA8F800302BF050FCB4
S21401585018236B43234AE9B2D050D418002305A875
S2140158601A46CDE901330093EEF732FD18B1002256
S2140158700023C4E90223284605A923F044FEB1E724
S214015880234605AA04F1100C174618685968083310
S21401589003C763453A46F7D11868386005A823F070
S2140158A01CFE0028C0D01F2D1AD800238DF81430F6
S2140158B063788DF815306388ADF81630A388ADF897
S2140158C01830A3798DF81A302389ADF81C300028DA
S2140158D0B0D1ABE70020E6E7862086E7872084E79D
S2140158E0892082E718110020DC5D00202DE9F04FA9
S2140158F0B04A90F814908DB00446AF49002002F0EB
S21401590019FA002024F06FFE20B12368218A5888F6
S21401591003F0A8F90020A94902F0F2F9637DDFF847
S214015920B8A2002B14BF802340230293236808BF2C
S21401593008205988A14B18BF00200093228A07230C
S21401594002F03EF800230393A28909F1030595426C
S21401595011DB039B13B9184602F0FAF824F0DDFEBA
S214015960034620B10020964A964902F0C9F9012063
S2140159700DB0BDE8F08FA06809F1010189B210F8F9
S214015980096024F0E9FD3246804603468E49002030
S214015990ADB202F0B5F98EB1012E00F08A808527EE
S2140159A0384602F0D5F8304602F0D2F8404624F0E8
S2140159B096FD852FD2D00123039376E0A06809F1E6
S2140159C00401A28989B2475D24F0C6FD09F10601EA
S2140159D0A289049089B2A06824F0BEFD3A460590DB
S2140159E00090049B3046794902F08AF909F10809CA
S2140159F038461FFA89F503F055FB002857D138467B
S214015A0001F0CCF9294603468146A289A06824F014
S214015A1094FD6F498346304602F08CF9A1684A46E8
S214015A2029443346304602F0CFF83046634902F047
S214015A3067F9A9441FFA89F52368424659885879B7
S214015A40238A0093029B24F0CFF918B18378BB42D6
S214015A5040F0AC80483FFFB2092F05D840F2113321
S214015A60FB40DB0700F1A48000238DF81C3023687F
S214015A7007A85A798DF81D205B88ADF82080ADF80F
S214015A801E30029BCDF82CB08DF82230238AADF85B
S214015A902430049BADF82830059BADF82A30FFF77B
S214015AA073FE074600287FF47BAFA9464CE7B34652
S214015AB0C2E72946A289A06824F04EFD4FF0000BEC
S214015AC0024607464349002002F01AF909F1050982
S214015AD0BAF800301FFA89F5BAF800201FFA8BF9D8
S214015AE04A4503D81F2B31D9892759E7484607A9C4
S214015AF0049323F000FD9DF81C20049B012A22D16B
S214015B0022689DF81D00517988421CD1BDF81E00FF
S214015B105188884217D1BDF82010414513D19DF810
S214015B202210029881420ED1BDF82400218A8842B3
S214015B3009D1BDF82800E188884204D19DF82A10D1
S214015B40127991421BD00BF1010BC5E70122994650
S214015B508DF81C20226851798DF81D105188ADF8FA
S214015B602080ADF81E1002998DF82210218AADF81A
S214015B702410E188ADF8281012798DF82A2007A89C
S214015B80ADF82C7023F0A6FC074600287FF408AF7A
S214015B90BAF800304846994508BF09F1010307A93C
S214015BA008BFAAF8003023F0AEFC7EE78D27F7E6A3
S214015BB08C27F5E6565E0400C6500400B36A04005E
S214015BC0B75E04006C5D04005E5E04007B5E04004C
S214015BD09C5E0400A75E0400DC5D00202DE9F04F0A
S214015BE0074688469146002589B09A46BDF848B0D2
S214015BF09DF84C60149C224B1A88A8B2824235D973
S214015C0003A923F078FC9DF80C201D4BB2BB9DF830
S214015C100D10B94232D1BDF80E1041452ED1BDF856
S214015C20101049452AD19DF81210514526D1BDF8CC
S214015C301410594522D13046029201F0AFF8A6F170
S214015C404103012B01460AD8204624F08BFC0D4B5C
S214015C500D4A204484420CD10421029302ACEDB2D9
S214015C6032462046009503ABFFF72EFC09B0BDE88F
S214015C70F08F14F8011F4B405343EBE70135BBE7A8
S214015C80DC5D0020C59D1C81930100011FB50F4CF2
S214015C902478C4B142EA03229DF818308DF8051025
S214015CA042EA43220A4BADF80C201A78094B8DF8CC
S214015CB00610079903EB021300908DF80400DB68C9
S214015CC068460291984704B010BD00BF596600208F
S214015CD05B6600200046002073B51A4DFF211A4866
S214015CE022F068FE2B7853B3184C194E237818010E
S214015CF006EB03131A7A5968305C25F028F84D280C
S214015D001DD0E0B1012300212278CDE90031120136
S214015D10B25CC0B2FFF7BAFF0A2223780A48013301
S214015D20DBB2B3FBF2F102FB1133FF2123702B78B8
S214015D30013B2B7002B0BDE8704022F033BE02B0CA
S214015D4070BD00BF59660020A04600205B6600209B
S214015D5000460020F8B5104F3E780A2E1AD00FC81C
S214015D60DFF840C00D4D9CF80040013605EB0415E8
S214015D7085E80F000A230134E4B2B4FBF3F203FB17
S214015D8012440748FF218CF800403E7022F00AFEBC
S214015D900020F8BD0120FCE75966002000460020DF
S214015DA0A04600205A6600200021024A0248FAF75F
S214015DB031BC00BFD95C0100A0460020002337B5E6
S214015DC00C46124D12492A78CDE9003312018A5C3D
S214015DD001230146E0B2FFF759FFA4B90D490A783D
S214015DE08AB10A202B78013A0133DBB2B3FBF0F417
S214015DF00A70FF2100FB143307482B7003B0BDE87F
S214015E00304022F0CFBD03B030BD00BF5B6600203E
S214015E100046002059660020A046002008B500F084
S214015E20BDF850B1054B064A0649052808BF1A4673
S214015E30BDE80840002001F063BF08BDCB5E04004A
S214015E40B36A0400EC5E040008B5032024F099FF51
S214015E5010B90122014B1A7008BD00BF5C66002014
S214015E600022024B18781A70704700BF5C6600204B
S214015E700246FF21014822F08CBD00BFC04600202B
S214015E80114B37B51D78C5B9FF21104822F092FD98
S214015E90FFF7DAFF044600900D4B28460D4A0E49DF
S214015EA001F02EFF4CB10D4B1B78DB0605D52846BD
S214015EB024F041FF204623F07EF9094B186803B011
S214015EC0BDE83040FFF7D4BF5C660020C046002026
S214015ED0095F0400375F04008C3604004A66002020
S214015EE0846F0020FF21014822F064BDC0460020D7
S214015EF070B51A4E054633780C466BB30020184A27
S214015F00184901F017FF032C01D0652C20D1164942
S214015F10002001F00FFF22460020144901F0F0FE98
S214015F200020134901F006FF01232946082200201C
S214015F3001F04AFE00200F4901F0E2FE032C88BF63
S214015F400023204688BF3370BDE87040FCF7BEB81A
S214015F50012CE0D00849DBE770BD00BF5C6600207D
S214015F60375F0400923A04004A5F04004941040086
S214015F70685F0400B36A0400605F0400014B1860A8
S214015F80704700BF846F00200021024A0248FAF7DA
S214015F9041BB00BF815E0100C0460020054B10B525
S214015FA01C782CB90448FF2122F0FCFC204610BDC9
S214015FB00520FCE75C660020C0460020F8B50024FA
S214015FC0074B084E1D68084FE3B29D4204F10104D9
S214015FD000D8F8BD394656F8230021F0A2FEF3E7B3
S214015FE0C8DA0400CCDA04005070002010B5044C66
S214015FF023780BB124F0B5FE0123237010BD00BF3A
S214016000027400202DE9F743254B0D46164604463B
S214016010019350B14AB1042301AA12F8011BA94207
S21401602035D0013B13F0FF03F7D1212003B0BDE8C3
S214016030F08317F8010F90FAA0F0000E22F0ADF8E9
S214016040014608EB07039945F3DCCAB2C1F30F23F7
S21401605092FAA2F293FAA3F3120E1B0E03EB02239B
S214016060DB43621912F8020C99B2DBB298420CD1EA
S21401607012F8013CB3EB112F07D1324621462846D0
S21401608003B0BDE8F04324F0CCBD2320CEE74FF6A5
S214016090FF71671EA5F10209C4F10108D1E700BF2F
S2140160A0080A0E12F0B515468FB00E4607462BF0BD
S2140160B0CBF8254B02A81C7824F057FE15F0FD0FEF
S2140160C03BD028B9BDF808309B0701D5032D36D043
S2140160D01DF0A4FE58B309A824F0B3FE03233068CC
S2140160E071688DF824300AAB03C39DF83130012D59
S2140160F043F002038DF8313019D105A909A824F01F
S21401610098FE002818BF022424F041FA032D18D85F
S2140161100E4B0F4A0020CDE9004753F8243052F8C1
S21401612025200C4901F0ECFD20460FB0F0BD032DF3
S214016130EAD1042C08BF0024E6E70324E4E72C4652
S214016140E2E70324F0E700BF5D66002010BF04000D
S21401615000BF04006F660400014B1870704700BF53
S2140161605E660020024B1A6818608260704700BFA6
S214016170886F0020024B186800B14068704700BF66
S214016180886F002070B5044600250A4B1B687BB15A
S21401619000211E8807E05A6802EB0110013145B95B
S2140161A0021B554255418AB29642F4D89B68EEE7E7
S2140161B0184670BD886F00202DE9F04F1E4600235B
S2140161C093B0022E074688461446DDF870909DF877
S2140161D074A0ADF81A3040F2C08099F800305A0722
S2140161E029D5042E40F2B98099F804B000255F4BFA
S2140161F033F83520002A00F0B68001350A2DF7D194
S214016200209B002B40F0AD80FF250023207908AAB3
S2140162100DF119018DF8193024F031F970B1BDF87E
S2140162202C309DF81900238024F0ACF90790C0B1FA
S21401623013B0BDE8F08F99F802B0D7E7207923F0C4
S2140162404EFE0B28059000F28A80207924F0ABF9E7
S21401625007900028ECD1464A059B02EB03135B88A6
S21401626023804FF6FF73002F08BF43466288002144
S214016270CDE9002358465246238802F0FDFD18B1A9
S214016280E38843F02003E380209B07A90DA8CDE90E
S2140162900D34CDF83C90ADF84080ADF842608DF8F5
S2140162A044708DF845A024F0FBF808B10798BFE7C5
S2140162B0484602F025FDA01D02F010FD224641468B
S2140162C0384624F033FAB04227D3E3882246C3F394
S2140162D00E03E3809DF87C3041460393BDF8783089
S2140162E0384602930DF11A03CDE90093F3B223F079
S2140162F069FB209B079003B3F8B9BDF81A2042B199
S214016300092D06D81B4B03EBC5018A80209A43F85A
S2140163103520112024F096F81CE0BAF1000F0AD1BE
S2140163200DF11A03CDE9006322464B464146384635
S214016330FAF778FFDDE73820DBE7052807D1E388A1
S214016340DB0607D5002301200793FFF705FF079B10
S214016350002BDED024F01BF9A8E7012068E72120F6
S21401636066E71C2064E7EDB24FE700BFE846002071
S21401637054470020E44600204FF6FF72024B1A8075
S2140163805A809A80704700BFDE5D002010B5044C2D
S2140163902379FF2B02D124F012FD2071207910BD44
S2140163A0DE5D002010B50C4C2379FF2B08D10020B0
S2140163B024F0E8F820B924F002FD207124F0E7F873
S2140163C02079022805D00438012894BF0020012036
S2140163D010BD0020FCE700BFDE5D00204FF6FF7316
S2140163E010B5044C22889A4202D124F0DEFC2080AB
S2140163F0208810BDDE5D002010B5FFF7BDFF40F61A
S2140164001D439842044607D8B0F5416F05D21828B7
S21401641026D8152848D829D010BDA0F541630D2BE4
S214016420FAD801A252F823F06D6401006D640100F0
S214016430196401001964010019640100196401005E
S2140164401964010019640100BD640100CF640100F4
S21401645069640100696401006964010069640100FE
S21401646040F606439842D7D11C4920E0FFF7B6FF15
S2140164701B490246002001F043FC152C05D124F0EF
S2140164807EFCBDE8104024F014B8164B164A174996
S214016490B4F5416F08BF1A46002001F031FC24F024
S2140164A007F824F006F8ECE71628DDD1104900209D
S2140164B001F026FCBDE8104024F020B923F069FB6A
S2140164C0BDE8104002460B49002001F019BC00202F
S2140164D0BDE81040084901F013BC00BF93670400F3
S2140164E040670400B36A04003B6704005C6704006D
S2140164F07C670400A8670400D067040007B5094A52
S2140165000346108831B9084A084903B05DF804EB20
S21401651001F010BC0091064A064901F00BFC03B0DD
S2140165205DF804FBF65D0020C3330400F067040049
S214016530673404008C3604000D4B37B51B680446DF
S21401654093B11D780389012D08BF02250093C37AF4
S214016550084A0020084901F0D3FB2146284603B02B
S214016560BDE8304024F0E3BB022003B030BD00BFDD
S214016570204800206568040014680400002010B557
S21401658024F000F80D4B1B6863B15A78052A03D82E
S21401659062B1052402220AE0FF2AFAD00020084947
S2140165A001F0AEFBBDE8104023F0F1BF14461046E3
S2140165B024F019FC204624F014FCF3E720480020C0
S2140165C06A68040013B5134C002023F0DBFFFFF7C5
S2140165D0D3FE23689BB101A823F0CEFA78B92368CD
S2140165E01A789DF804309A4209D0D91E032906D993
S2140165F0D11E012903D9012A07D1022B05D1032374
S21401660001A8ADF8043024F098FB02B0BDE81040B4
S21401661023F0BDBF2048002000231946034A01335A
S2140166200A2B918042F8081BF9D17047E4460020F6
S2140166307FB50E46054624F082FB2A4604460346ED
S2140166400D49002001F05CFB96B10C4B36211A88EF
S2140166509B78ADF80C208DF80E30032300220093B2
S2140166604FF6FC7003AB8DF80D5024F0A9FA0446E2
S214016670204604B070BD00BF8B6804007CBF0400D8
S214016680FF2810B50C4604D10020044901F038FB60
S214016690FE202146BDE81040FFF7CABFA4680400EB
S2140166A0F8B51E460B8807460C461546002B64D1E6
S2140166B04A88B1F9021000200029B8BF6B7830492A
S2140166C001F01EFB6288132A1DD002F5FF437F33BB
S2140166D09BB2052B23D8A2F50042013A052A1ED803
S2140166E0DFE802F0193F1D033C09264A264900202F
S2140166F001F006FB13E0254A2349002001F01AFBAE
S2140167002A792349F3E7022E94BF4FF6FF72B5F8B4
S21401671001202049EBE700201F4901F0F1FA33463A
S2140167202A462146384625F073FA70B933462A467A
S2140167302146384625F06EFA48F2210362889A42CD
S21401674003D13846697823F0A3FE6388B3F5004F7A
S21401675002D9082023F0B3FE0120F8BD2A790F499B
S214016760C5E70F4A0849002001F0E4FA032E94BF5A
S2140167704FF6FF726A880B49B9E70020EDE700BFC4
S214016780DF680400076904000E6904001F6904003D
S21401679025690400336904004B6904006569040037
S2140167A0876904008C6904002DE9F04116888AB0D7
S2140167B0DFF88C80ADF80E300DF10E03C8F800201E
S2140167C015460093324610AB07460C46FAF7BCFD59
S2140167D090BB109B8DF824000693BDF80E3004A8DC
S2140167E0ADF81C30AB898DF81070ADF820306B8990
S2140167F00594ADF81E60ADF8223023F04FFED8B9EF
S21401680021463046BDF80E30109A01F0C9FF98B9FE
S21401681021463046BDF80E30109AFFF741FF58B9B1
S214016820CDE9006039462046BDF80E30109A02F0D8
S21401683049FB08B9C8F800000AB0BDE8F08100BFFE
S214016840E0460020F0B585B004AB03E90300002361
S2140168501C469DF80D609DF80E70154AD9B202EBE4
S214016860C1004568EDB99DF80C30284600939DF8A7
S2140168700A209DF80B300F4901F05CFA26B132462A
S21401688028460D4901F056FA0C4A0020002C18BF84
S2140168902246BDF808300A4905B0BDE8F04001F0CF
S2140168A02FBA12F831100133B94208BF2C46D5E78A
S2140168B024BF04009E690400AF690400323304005B
S2140168C0B36904004FF6FF7310B5084C88B06288B0
S2140168D09A4207D102A90DF1070023F04BF9BDF842
S2140168E010306380608808B010BD00BFDE5D0020F8
S2140168F02DE9F04F85B0894692461C460746BDF8FD
S2140169003850BDF83C80109E002833D00346464AD6
S2140169100020464901F00EFA2388002B76D040F27B
S2140169200912934274D0424A4249B3F5827F08BFA6
S2140169300A46CDF804806188002000913E4901F0A6
S214016940F9F9238893B1B8F1020F0FD933783B498F
S21401695013F0010F3A4A18BF0A4659074FF00000D4
S2140169604CBF3379B378374901F0E4F90020364952
S21401697001F0C6F90023354931F83320AA4249D13E
S214016980334A52F833B0002331F83300DA00A84214
S21401699046D100202E490A44908041F8330047B979
S2140169A0238833B9B4F90230002B02DB082023F028
S2140169B049FD012023F083FD9EB13578EB0710D504
S2140169C015F0040004D042460121304623F0C4FDF0
S2140169D0CDE901704346224651464846009623F0CB
S2140169E0DBFABBF1000F06D0434622465146484625
S2140169F0CDE90067D8474346224651464846CDE989
S214016A00006722F08FFF05B0BDE8F08F114A90E7CE
S214016A10114A8EE701330A2BAED14FF0000BB2E7D5
S214016A2001330A2BB0D1BAE71B2A0400DA69040045
S214016A3033330400C8690400E8690400CB69040024
S214016A40D3690400196A0400B36A0400E84600200A
S214016A50E4460020C1690400C56904000D4BF0B589
S214016A604FF00C0C1F88054600230B4EDCB2BC42CF
S214016A7001D30020F0BD0CFB04F43019345DAC42A8
S214016A8005D144888C4202D104799442F2D0013374
S214016A90ECE700BF8A730020986F002073B50126CB
S214016AA02B4D2C4C2A462046FF2300210096F9F751
S214016AB07BFD2A462046FF2300210096F9F774FD48
S214016AC02A462046FF2300210096F9F76DFD2A4647
S214016AD02046FF2300210096F9F766FD2A46204648
S214016AE0FF2300210096F9F75FFD2A462046FF2383
S214016AF000210096F9F758FD2A462046FF2300217B
S214016B000096F9F751FD2A462046FF2300210096FC
S214016B10F9F74AFD2A462046FF2300210096F9F799
S214016B2043FD2A462046FF2300210096F9F73CFD47
S214016B302A462046FF2300210096F9F735FDFF235C
S214016B402A46002120460096F9F72EFD02B070BDB8
S214016B5053920300344700202DE9F84300244FF0F8
S214016B600C090C4B0C4F1E78DFF830803A88E5B2E2
S214016B70954202D33046BDE8F88309FB0585FF211F
S214016B80A86821F01EFF18B9AB799E4238BF1E4691
S214016B900134EBE75F6600208A730020986F0020BF
S214016BA0014B1878704700BF5F660020014B1870D4
S214016BB0704700BF5F660020F8B506460C4623F016
S214016BC05CFC0546C8B9304623F089F90B2815D870
S214016BD00B4B03EB00131F7B87B95A8801212280D8
S214016BE09A88304662809B79237100F037FA3946DD
S214016BF06071304600F032FAA07101252846F8BDD2
S214016C005447002070B504460E46154623F067F932
S214016C100B2802D94FF6FF7070BD094B03EB00132A
S214016C201A7B002AF6D146B901222946204600F0F1
S214016C303DFA0028EED00088EEE7012EEAD1F4E70F
S214016C4054470020FF2313B50DF1070104468DF8C4
S214016C50073023F010FC18B19DF8070002B010BDF4
S214016C60074B03EB04131B7B0BB1FF20F6E7204613
S214016C7000F03AF90028F8D0204600F0E9F9EDE7EF
S214016C805447002013B5F6F785FC0446F6F788FC52
S214016C90224603461249002001F032F800F084FF34
S214016CA0FFF7BAFC00F0A6F80221084602F074FDD0
S214016CB0FFF764FC41F2490024F0AFF84FF0FF13F0
S214016CC00093FF2368468DF8043024F084F84FF4CF
S214016CD0004024F062F8002024F07FF802B010BDD6
S214016CE0686A040038B5054623F0E5FB90B92846E6
S214016CF023F09FFF044628B140F60443984214BF90
S214016D0088248D2423462A460020034900F0F8FFF4
S214016D10204638BD8D24FBE7806A04002DE9FF4735
S214016D2005460E4617469846BDF83090DDF834A065
S214016D30BDF83840CDF80090CDE9014AE4B2FFF73E
S214016D40D7FD43463A4631462846CDE90094CDF86C
S214016D5008A024F026FFFF21034B044A044804B090
S214016D60BDE8F04700F01ABEEA5D0020E65D0020AF
S214016D7037680020044B01461888102240F0404036
S214016D8040F48010F7F716BA76BC0400024B186878
S214016D905968FFF757BD00BFAEFF04000123064A3E
S214016DA0D15C814202D1054AD05C704702335F2B29
S214016DB0F6D10020704700BF7EBF04007FBF0400ED
S214016DC070B500220446094B1D78094BD0B28542A6
S214016DD001D8FF2070BD1E78A64204D10029F9D043
S214016DE05E7BF607F6D401321033EFE760660020CB
S214016DF0544700202DE9F04198B06B46304A1068A0
S214016E00516803C390680CAA18602E4B14469C4622
S214016E1003F11806154618685968083303C5B342C6
S214016E202A46F7D112AA1746274B03F1180615462C
S214016E3018685968083303C5B3422A46F7D1234A6E
S214016E4003AB106851684FF0010E03C39068716878
S214016E501860DCF83000002206AB03C30C21EC46B8
S214016E60B068CDE909221860194BDFF86C801970FB
S214016E70184B0DEB01060B9206AD09A91CF8010B88
S214016E800132187034F8020B0C2A588037F8020BBE
S214016E9083F80DE0988016F8010B03F1100303F850
S214016EA00A0C15F8010B08EBC00043F8080C11F8A2
S214016EB0010B03F8040CE1D118B0BDE8F08100BF66
S214016EC09A6A0400EEC2040006C30400A76A04001E
S214016ED06066002054470020E8BF0400014B187884
S214016EE0704700BF60660020034B03EB0013587B1E
S214016EF000F00100704700BF54470020F0B504467B
S214016F000846D9B100220E4B11461F780D4B1D467F
S214016F10D6B2B74201D8002010E01E78A64206D0AD
S214016F209E68F688314489B201321033F0E75E7B01
S214016F30F607F9D505EB02150180A868F0BD00BF7C
S214016F4060660020544700202DE9F34789469046A5
S214016F501D46074618B9002002B0BDE8F087002993
S214016F60F9D0002AF7D0002BF5D0002400780DF1D7
S214016F700601ADF80640FFF7C1FF0028EBD0394601
S214016F800DF10602BDF8066022F09EFE07460028B7
S214016F90E1D00DF10602BDF806A022F0BCFE0028E5
S214016FA0D9D0C9F80070C8F80000037913F02002A0
S214016FB019D1DB0614D4BDF806300C4A564413FA30
S214016FC086F612FA86F20BE01A790C33920642BF65
S214016FD013F8092C891889B29842F5D8044A0A444C
S214016FE001202A60B8E72146024BF5E783670020B7
S214016FF06166002028C2040008B50021FFF7E0FE04
S214017000FF2817BF044B084603EB0013587B18BF35
S21401701000F0010008BD00BF544700202DE9F041F3
S2140170200D4616461F4622F05AFF0B280AD8074C73
S2140170303B4604EB001032462946BDE8F041806825
S21401704022F01ABF0020BDE8F08100BF544700209F
S214017050014B0001185C70475447002070B50C4680
S21401706022F03DFF0B281BD80F4B03EB00139A6849
S214017070C2B10023142618461579D9B28D4200D81C
S21401708070BD116806FB0311097B34B911F0800F3E
S2140170901CBF0130C0B20133EFE711F0400FF7E734
S2140170A00020EDE71046EBE754470020F8B50D4603
S2140170B0164622F014FF0B280BD80F4B4FF0140C7A
S2140170C003EB00139A6800231C461779D9B28F4246
S2140170D001D80020F8BD10680CFB0300017B46B9FF
S2140170E011F0800F03D0AC42F4D00134E4B2013386
S2140170F0ECE711F0400FF5E7544700202DE9F04F7B
S214017100064600243A4B87B01B783A4F0093009B03
S2140171109C4207D2FF2E08D0304622F0E0FE0B2814
S214017120044606D907B0BDE8F08F07EB04131B7BB6
S2140171302BBB23014FF00008019307EB041A14E060
S21401714014221B6802FB05352B89B3F5967F01D9FE
S21401715029F0E2FF4FF000094FF00C0B29891FFAC6
S21401716089F291420ED808F10108019B5FFA88F571
S214017170FB189B681A79AA42E2D8FF2ED2D10134B5
S214017180E4B2C4E71FFA89F00BFB00F06B6819182C
S2140171900A7912F0100F23D19AF800E012F0400F8E
S2140171A08DF80CE0B5F800E0185AADF80EE00CBF0B
S2140171B04FF0400E4FF0800EADF8120028468DF8C5
S2140171C010E022F04DFD5307ADF81400C8780AD53B
S2140171D00228896800D90968002203A822F01CFE4B
S2140171E009F10109BAE702288CBF89680831F3E77B
S2140171F06066002054470020052370B5094A0688BA
S2140172001488B44208D19578047B2C403F2C03D9CE
S2140172100D4201D0506870BD013B02F10802EFD16A
S2140172201846F8E798C2040070B50024074D084ECA
S2140172302B78E0B2834200D870BD06EB0010437B8A
S214017240DB0701D522F02AFF0134F1E76066002052
S21401725054470020F8B50C4600210546FFF7B0FD5F
S214017260FF2829D0154A060102EB00135B7B03F0C9
S21401727001016CB143F001031644A142737305D0BA
S214017280C4B100B202EB001022F008FF0120F8BDE5
S2140172902346F1E77B4311682846CA18127BC95A70
S2140172A0D20922F067FB0134B268E3B21179994240
S2140172B0F0D8EBE71427F7E70846E8E7544700203D
S2140172C0F0B59446497D20B339B3012918BF04218E
S2140172D000254FF6FF702F462A46144E3488644523
S2140172E011D196F803E01EEA010F0CD0B4789C4247
S2140172F009D30AB1BC4206D81EF0100F03D08AB1DA
S214017300BC420CD370B90135072D06F10406E5D150
S214017310F0BD002908BF0821D8E70221D8E7274693
S2140173200020F0E727460122FAE700BF7CC20400EE
S2140173302DE9F04F0A9FBDF824E09DF82C809DF8BA
S21401734030904C7D78B394B3012C18BF04240025EB
S214017350194800F11C0C068896421ED190F803B01D
S2140173601BEA040F19D08678464516D31BF0100F7A
S21401737091F80FA004D0BAF1000F0ED0B1F810A00A
S214017380BAF1000F09D1A94513D0AE4511D95E5502
S2140173903E88013501363E80ADB204306045DAD113
S2140173A00120BDE8F08F002C08BF0824CDE7022499
S2140173B0CDE70020F5E700BF7CC204002DE9F04FC1
S2140173C00024B1F57C4F0E4638BF4FF0010BA246A4
S2140173D0A1464FF6FF781F4628BF274B85B028BF2A
S2140173E0B3F800B0009001925C4503D3404605B067
S2140173F0BDE8F08FB6F57C4F0CD3204B3A4603EB35
S214017400840331465B880098FFF708FE054680B383
S21401741000232AE03A463146009822F090FDF5E72F
S2140174200C229CB254436A680199105B02EB040C6F
S214017430884219D3B9F1000F01D0504514D86146DE
S2140174402846CDE9023222F00BFC029B60B1039A7A
S214017450125BB9F1000F03D0524501D3804503D921
S214017460924680464FF0010901332A899CB2A24216
S214017470D6D80134A4B2B7E7DEBF0400E0BF0400EB
S2140174802DE9F04F91461A4600238BB08DF8202047
S214017490BDF850208DF81C00ADF81E10ADF8242064
S2140174A005460F461A4604A907A8159C9DF858607C
S2140174B09DF85CA09DF860B09DF864800493ADF8DB
S2140174C0229022F055FC049850B92B46CDE900795C
S2140174D0644A654900F014FC86200BB0BDE8F08FC5
S2140174E0BAF1000F14D18378B34206D050465D4AF4
S2140174F05E4900F005FC8D20EFE7037913F00103E8
S21401750006D11846574A5A4900F0FAFB8820E4E7A4
S21401751003795B072CD583685A689B6805920693A6
S214017520807823F0BBF9049B0546DF782146022FBD
S21401753003463A4610D805A823F06CF981462B4637
S2140175403A46214606A823F065F9B9F1010F01D0A4
S21401755001300DD18720C0E7059823F05BF901289B
S214017560F8D02B463A462146069823F053F9EFE722
S214017570BBF1000F6FD1049F4FF6FF722146B8781A
S21401758022F00CFB00286BD0BDF82430C5B2009366
S214017590CDE902549DF82030BDF82220BDF81E101A
S2140175A09DF81C00019622F075FF002895D1BDF8C4
S2140175B02430CDE902540093BDF822209DF82030F6
S2140175C0BDF81E109DF81C00019622F041FD002812
S2140175D083D121469DF8682007A822F01DFC0028CB
S2140175E07FF47BAFB8F1000F07D03B462046BDF8CD
S2140175F01E209DF81C1022F0B2FCBDF82430BDF808
S2140176002220BDF81E109DF81C000093CDE90164F0
S2140176109DF82030FEF7E2FABDF82430BDF82220AE
S214017620BDF81E109DF81C000093CDE902549DF88C
S2140176302030019622F02DFFBDF82430BDF822201F
S2140176400093BDF81E109DF820309DF81C0022F016
S214017650D7FC002041E70020064900F051FBF8E77F
S21401766001203AE7B46A0400C06A0400EC6A040028
S214017670006B0400146B04007FB500258DF80830FC
S214017680BDF820308DF80400ADF80610ADF80A20DC
S214017690ADF80C306946BDF82830099A01A80B9E52
S2140176A0009522F065FB044630B916B1009B9B7825
S2140176B03370204604B070BD8928FAD128460249A5
S2140176C000F01EFBF5E700BF316B04002DE9F04F1B
S2140176D04FF0000AC7B0FFF701FC5FFA8AF6B04226
S2140176E002D847B0BDE8F08F5B4B36019A5D0020AB
S2140176F05A4900F005FB0020594900F001FB002320
S2140177000593554B9DF8144033449B681A79A24261
S21401771002D80AF1010ADEE714224FF000091B68BD
S21401772002FB043422891FFA89F39A4202D8059B88
S2140177300133E5E70C231FFA89F803FB08F8D4F8B0
S21401774004B029F0E9FC0BEB08052B79454913F049
S214017750400F3BF8083022884FF000000093424B60
S21401776018BF0B46414900F0E5FA2946204622F0AB
S21401777077FA074600283CD13D4900F0DBFA297923
S214017780DFF814C111F0010F3A4818BF604611F036
S214017790020FAA78EB7832D1DFF800C111F0100F92
S2140177A0354918BF6146CDE900010020334900F094
S2140177B0C1FA2B793BF8082013F0400F4FF0000B6D
S2140177C04FF0FD030DF118082188CDE9023BCDE904
S2140177D0007821480CBF40238023805DFFF74CFFD3
S2140177E086280ED12649002000F08AFA09F10109FF
S2140177F098E702462349002000F09CFABFE7224999
S214017800D1E7A87822F01CFAD8B1404622F0AAFEA9
S214017810421C92B201234146002000F0D5F93946B8
S214017820208801F001FA4FF6FF73984207D0174BF4
S214017830174903EBC0035A68002000F061FA1549A6
S214017840D1E7A87822F002FA20B1404622F08FFE56
S214017850821CDEE7EA78DDE754470020836B0400EC
S214017860916B04005B6B0400606B0400D16B040039
S2140178702C5C0400686B04006B6B0400E56B040071
S214017880016C0400A2700400736B040068C304005A
S214017890D43A0400B36A0400656B04007B6B0400F1
S2140178A02DE9F04FC7B0BDF844A10646BAF1040F62
S2140178B00D4614461F46BDF840B163D9CDE9013BDC
S2140178C000920B4602463049002000F019FAFD23CB
S2140178D00DF117090DF118083046029322463B4672
S2140178E02946CDE900B8CDF80C90FFF7C5FE06464F
S2140178F0B8B9FD22414699F8000022F04FF9074633
S214017900C0B1AAF10403834238BF8926204622F07B
S214017910E6FD8EB1304600F01BF9304647B0BDE8B3
S214017920F08F009023462A460020184900F0E8F917
S2140179300027EBE78926E9E7DFF85CA0BA1CBAF86E
S2140179400030C3F1FF039A4219DA304600F000F91D
S21401795099F8000000F0FCF8BAF800900C483A4696
S21401796041464844B94404F021FFAAF80090234652
S2140179702A4630460749009700F0C2F9CDE789202C
S21401798000F0E6F88926C8E70D6C0400486C040090
S214017990376800206F6C0400E65D002010B5044CCB
S2140179A020600448018004490A60044A136010BD3F
S2140179B01C480020E45D00201848002014480020E0
S2140179C030B587B00AAC0D4654F8041B0093CDE9D8
S2140179D001141346094902460948098800680594B6
S2140179E022F07DFC4FF48A52064B1B681880064B2A
S2140179F01B685D80DA8007B030BD00BFE45D002003
S214017A001C480020184800201448002008B410B56F
S214017A1087B009AB0C4653F8041B0092CDE901135D
S214017A2002460B490B48059309880023006822F09B
S214017A3056FC4FF48A52084B1B681880074B1B688C
S214017A405C80DA8007B0BDE8104001B0704700BF27
S214017A50E45D00201C48002018480020144800203F
S214017A60044A034611680448044A098812680068F3
S214017A7021F00EBF18480020144800201C480020A2
S214017A80044B054A1B6812681988044B186821F0D4
S214017A9072BE00BF184800201C4800201448002071
S214017AA007B5074B1B681B880192064A12680092AD
S214017AB0054A126821F0C0FE03B05DF804FB00BF62
S214017AC0184800201C480020144800201FB5144602
S214017AD0064A12681288CDE901430091044B054914
S214017AE01B68096821F084FE04B010BD1848002008
S214017AF01C48002014480020014B1868704700BF3E
S214017B0014480020024B1B6818715971704700BF5A
S214017B101448002010B50024084B1C70FEF75EFCCC
S214017B20074BFF2218802146064804F0AFFC064B9F
S214017B301C80064B1C605C609C6010BD4169002087
S214017B40E85D002037680020E65D0020EA5D002041
S214017B5007490B88FE2B9FBF064AD054581C80B29B
S214017B609DBF088000F1FF3080180020704700BFDD
S214017B70E65D002037680020F8B5094F0D463B88C2
S214017B805C18FE2C0ADC074E0A46A4B20146F01821
S214017B9004F0CEFC3C80641BA019F8BD0020FCE775
S214017BA0E65D002037680020024B034A00201A6079
S214017BB0704700BF20480020E4BF0400014B18783E
S214017BC0704700BF5447002030B4044D044C002BCE
S214017BD00CBF2B46234630BC22F0EDBC0B2B040019
S214017BE0426D040070B5054608460C4622F0BAFC04
S214017BF0611C0246024B2846BDE8704022F0DBBC01
S214017C00B574040000B5037889B0069343783E2224
S214017C100593837808490493C37803930379029301
S214017C204379019383790093C3790448008800F06F
S214017C3081F809B05DF804FB9D6C0400F65D002038
S214017C40024B02460249188800F05AB8F65D002039
S214017C50AF3104002DE9F04705460E4617460024CD
S214017C60DFF84480DFF844A0DFF84490AC4201D14D
S214017C70BDE8F087B8F8000006EBC40153460822B9
S214017C8022F099FC0134B8F800003FB9044AA54235
S214017C9008BF4A46034900F04DF8E7E74A46F9E7C8
S214017CA0B36A0400AE310400F65D0020426D0400A4
S214017CB08D1A04002DE9F0410E4E0446308822F05C
S214017CC092FCA8B100250C4FDFF83080E3070AD5F7
S214017CD018B94146308800F02DF830882A463946D2
S214017CE000F028F8002001351B2D4FEA5404EDD191
S214017CF0BDE8F081F65D002078580400E5690400CF
S214017D000EB417B505A9044651F8040B019103F00A
S214017D10BFFA01210220054AF8F766FF044B1C80D2
S214017D2003B0BDE8104003B0704700BFB36A04005B
S214017D30F65D00200EB417B505A9044651F8040BEC
S214017D40019103F0A5FA034B1C8003B0BDE8104077
S214017D5003B07047F65D002013B5036804465879F2
S214017D6000F032FF90B923685A88032A0ED0E17CCE
S214017D705B79CDE900211649164AFFF7C1FF0121BB
S214017D80204622F0D0FC012002B010BD637D012BFD
S214017D900AD0637D33B92368228A5988587922F03C
S214017DA0AAF848B9C3200AE02368228A5988587974
S214017DB022F0AAF80028ECD0204622F016FC064B4A
S214017DC01B78002BDFD110F5807FDCD0C1B2D7E75E
S214017DD0CA6C0400C26C040038690020002970B522
S214017DE00F491D460F4B14460CBF6E227922002800
S214017DF008BF0B4600200C49FFF79CFF0B4E25449D
S214017E00AC4205D1BDE8704000200949FFF778BFB4
S214017E103146002014F8012BFFF78CFFF0E700BF76
S214017E20036D0400F96C04000C6D0400406D040041
S214017E307D4F04002DE9F04FC27C8BB00592427D48
S214017E400368002A14BF80224022077D0446856805
S214017E5086895879B846B3F80290069200F0B4FEC7
S214017E60A0B9059B052B05D86FF02D03059A134184
S214017E70DB070BD5B9F1030F08D0AB490020FFF79C
S214017E803FFF0121204622F04EFC76E0E37B1BB14A
S214017E90228A002A00F0B781607D0022B0FA80F0C5
S214017EA05B4203F00403DFF88CB2400943EAC000EA
S214017EB0ABF80020FFF74CFEE37B1BB3208A22F0D1
S214017EC00EFB8246A07CFFF743FE059A162A00F2B7
S214017ED09A81DFE812F019009E016C005600D2016B
S214017EE06C009201D9019A01E001E701EE01390126
S214017EF002029801980198011402580214027002B5
S214017F00390102029A46DDE700204B46874A884936
S214017F10FFF7F6FE0120FFF71BFE08F10207B74246
S214017F2029D841463246284622F016FB8046236869
S214017F3042465879BBF800304946C3F1FF039BB26D
S214017F400193238A0093069B23F065FE10B11FFA66
S214017F5087F8E2E7236842465879BBF8003049467D
S214017F60C3F1FF039BB20193238A0093069BFFF79D
S214017F7097FC8928EBD122F0D0FB01200BB0BDE89D
S214017F80F08F4FF0000B0420FFF7E2FDF31E08937D
S214017F90089B984552D3BBF1000FECD1E37B94F8D4
S214017FA01480002B0CBF02220422624B1A804FF071
S214017FB0000B0420FFF7CCFD5F4608F1030A564587
S214017FC040F29D8032464146284622F0C5FA05EB2E
S214017FD008039B78F21EAA44A2EB080207905146BA
S214017FE0184692B2099321F0D9FD0890002879D05D
S214017FF02268099B5079CDE901A3238A494600935B
S214018000DDE9063222F0F9F882464A460020079B4F
S2140180104949FFF78FFEBAF1000F55D10BF1010365
S214018020504646495FFA83FBFFF76AFE089B08F154
S214018030030813FA88F81FFA88F8BEE73246414665
S214018040284622F089FA05EB08039F78089B08F179
S2140180500301A3EB08022944824692B238460991ED
S21401806021F09CFD079068B3236809995879029717
S2140180700191238A524600934946069B22F00DF948
S2140180800746B8B10BF1010338465FFA83FBFFF7E9
S2140180905FFD504622F023FA53464A460020264901
S2140180A0FFF72EFE3A4600202549FFF729FE802FCE
S2140180B03FF471AF079B08F1030813FA88F81FFA1B
S2140180C088F865E78027DDE75046FFF741FD07980A
S2140180D022F005FA0137524600201949FFB2FFF790
S2140180E00FFEA3E78720FFF733FD079822F0F7F985
S2140180F00137872212490898FFB2FFF701FE059B58
S214018100052B3FF43AAF002F7FF435AFBBF1000FDC
S21401811005D10C495846FFF7F3FD8021B2E63846F3
S214018120FFF716FD27E700BFC92104004D6D0400C7
S2140181309A6D0400E65D0020576D04009A6C0400F9
S214018140736D04007D6D04000599A84AA84B0020B4
S214018150152918BF1346CDF80090A64AA649FFF781
S214018160CFFD059B0C2B14BF16200D20FFF7F0FC4E
S21401817032462846394622F0EFF9059B3D440C2B42
S2140181800646AD7835D1192D28BF1925E37BB3B145
S2140181904FF6FF73278A9F4211D12068324649461F
S2140181A0069B4079FFF70AF9B84208D0BAF1000FEA
S2140181B005D020828AF80000000A8AF80100002013
S2140181C0BBF80070FFF7C4FC236832465879059B5C
S2140181D04946A3F1150CDCF1000343EB0C03CDE992
S2140181E00153238A0093069B21F07BFF834BD855CE
S2140181F0C1E6132D28BF1325C8E72046FDF776FBF9
S21401820000287FF4BAAE81213CE62046FDF722F82D
S214018210F6E7B9F10A0F05EB0708A6EB070A21D125
S214018220DFF8DCB19BF80030E3B1E37BD3B9BAF1F8
S214018230080F17D132463946284622F08DF988B9FB
S21401824098F8023073B998F80320E22A0AD1324628
S214018250391D2846059322F07CF922F049FA059B40
S2140182608BF80030414648461FFA8AF223F0D5FCC7
S21401827000287FF482AE002104E6F21B484692B243
S214018280E91922F026F9F3E7F21B484692B2E919FA
S21401829022F0E2F8ECE7F21B484692B2E91922F026
S2140182A005F9E5E7F21B484692B2E91923F0B7FC57
S2140182B0DEE72368EE5D5879238A0137ED5D019389
S2140182C0069B3246494600932B4621F049FE2A4634
S2140182D03146484622F0C2F84FE605987A1CE95D19
S2140182E0B31AA0F11606704270410039009018BF0B
S2140182F0012148469BB22A4422F0B2F8B8E7059B12
S214018300EE5D112B3D446F7838D11220FFF720FC2B
S2140183100025E37BB3B14FF6FF73B4F810809845A0
S21401832010D133464A4621462846FEF7C9FF404546
S21401833008D0BAF1000F05D020828AF80000000AA2
S2140183408AF80100BBF80080DFF8B0A0C8F1FE0291
S21401835092B208F10103009253444A462146284648
S214018360CDE90267CDF804B0FEF7E2FFBBF80030B6
S2140183700AF808000133ABF80030FCE51420FFF7DB
S214018380E7FB0125C5E77B1C9E422CD3EF5D1D4410
S214018390003F18BF0127F31A9EB233462A463946D4
S2140183A00020FFF71BFD00962B463A464846218AD9
S2140183B022F05AF85CE77B1C9E4214D3EF5DF61A56
S2140183C0003F18BF01271D44B6B233462A46394638
S2140183D00120FFF703FD00962B463A464846218AC0
S2140183E022F040F844E70020C8E500BFB36A040065
S2140183F0486D04008E6D0400986D040037680020F7
S2140184003669002038B54FF6FB750446A9424FF091
S21401841001019DF8100098BF43F4004321702381A9
S2140184206260A07202230020084A0949FFF768FC2F
S214018430E07A084B40F6CA0203EB4010FF2120F019
S214018440A8FABDE83840042021F0FCBFA86D04005E
S214018450B36D04006448002030B5054685B028B9E0
S2140184601D4905B0BDE83040FFF74ABC0024007B3B
S21401847022F088F82046194A19492C70FFF740FC6B
S214018480184BE87AFF2103EB401020F093FA2046C0
S214018490154B02019A5C22B901300428F9D122F069
S2140184A00EF8696899B1B5F908302A899B1303F06B
S2140184B002038DF80430C2F30E03ADF806304FF612
S2140184C0FF73ADF80830002301A80393884705B071
S2140184D0BDE8304022F05BB8DE6D0400A86D0400F4
S2140184E0106E0400644800202448002009480378E0
S2140184F073B91946084AD3720133042B11731170EC
S21401850051601181917202F11002F4D101230370BE
S214018510704700BF376900202448002008B5FFF7E0
S214018520E5FF002305491A018A5C01EB03101AB125
S2140185300133042BF7D1002008BD00BF24480020DA
S21401854070B50D460646FFF7D1FF0023094800EB3C
S2140185500514A17AB14205D1217819B12B4400EB5B
S214018560031070BD0133042B04F11004F1D1002077
S214018570F7E700BF2448002010B50446FFF7B6FF12
S2140185800E4B9C4212D003F12002944210D003F10C
S214018590400294420ED060339C420DD1032308481A
S2140185A000EB0310BDE81040FFF756BF0023F6E7C7
S2140185B00123F4E70223F2E70020F3E764480020F2
S2140185C02448002070B50024064D074E2846324642
S2140185D000210134F8F71EF8042C05F12005F5D129
S2140185E070BD00BF64480020798501002DE9F34184
S2140185F005460C4617469846FFF790FF064640B9D3
S2140186001C4A1D49FFF77CFB0224204602B0BDE848
S214018610F0814FF6FB739D420AD94FF6FD739D42DA
S21401862004D00020134A1549FFF76AFB4FF6FD7583
S214018630434621463A46284622F042F8044600F0D0
S2140186402FFE804634B1234600200A4A0C49FFF724
S21401865057FBDAE73B462046064A0A49FFF750FB36
S214018660062329463046089ACDF80080FFF7CAFE51
S214018670CBE700BFA86D04001D6E0400476E040022
S2140186807C6E0400A56E0400F7B506460C46174638
S214018690FFF744FF054638B9104A1149FFF730FB8A
S2140186A00224204603B0F0BD21464FF48A523046DC
S2140186B022F0CEF9044600F0F3FD34B12346002043
S2140186C0064A0849FFF71CFBEBE7009004233A46ED
S2140186D031462846FFF796FEE3E700BFA86D040083
S2140186E01D6E0400CD6E0400F7B506460F46FFF773
S2140186F015FF054638B9104A1049FFF701FB022459
S214018700204603B0F0BD002240231146304622F039
S2140187107EFB044622F079FB34B123460020064A4C
S2140187200749FFF7EDFAEBE7009001233A46314699
S2140187302846FFF767FEE3E7A86D04001D6E0400F8
S214018740006F040073B504460E46FFF7E7FE0546C4
S21401875038B9104A1049FFF7D3FA0224204602B06E
S21401876070BD00222046114622F053FB044622F03B
S2140187704CFB34B123460020064A0849FFF7C0FAED
S214018780ECE70090234632464FF6FC712846FFF789
S21401879039FEE3E7A86D04001D6E04002E6F040089
S2140187A02DE9F0418846107800219EB014461D46FA
S2140187B0FFF7C6FE0646002800F0FD800778002F6A
S2140187C07BD0B8F80010002940F0F5800389B8F88E
S2140187D0022043F40040824240F0ED806178002997
S2140187E06BD1A2F50042062A00F2E580DFE812F01E
S2140187F0A100A100E300E3000700B8006900E388D8
S2140188000D3DADF82430238915F00105ADF826306D
S21401881063798DF82830E37A03F1060214F8122002
S2140188208DF814308DF81C2042D10BA98E46069186
S21401883004F10C005FFA85FC9C4500F1020009D2A8
S21401884010F8018C10F802CC01350CEB082C2EF830
S21401885002CBEFE701EB43011A440891D2B259006B
S21401886001F10D009A42C0B20BD025186D78205C3C
S2140188707831694400EB0520013321F84C0CDBB25A
S214018880EDE7B6F908203389002AACBF012203229E
S214018890C3F30E038DF808206288ADF80A3005ABE5
S2140188A0ADF80C20049302A9304621F0F4FE04E052
S2140188B0424A43490020FFF723FA38461EB0BDE876
S2140188C0F081042D02D83D4A3E49F3E72379053D60
S2140188D0ADB29D42B4F8028002D0384A3A49E9E77F
S2140188E03A4A3B4B0020002D08BF13463949334A0C
S2140188F0CDF80080FFF704FA05348DF81450B6F968
S2140189000830069485B1002BACBF012303238DF8F4
S2140189102C303389ADF83080C3F30E03ADF82E301A
S21401892005AB0D930BA9BFE7002BACBF06230523B0
S214018930EDE70B2DC7D9D4F80200D4F8061013F4CE
S214018940004F05AA03C20CBF042203228DF82C2077
S2140189506289C3F30E03ADF83020ADF82E30DFE7A1
S214018960042DB0D96388ADF8303023790533DBB2F6
S2140189709D4206D00020114A17490095FFF7C0F91D
S2140189809BE70E4A00201549FFF7BAF9B6F9082009
S2140189903389002AACBF01220322C3F30E03ADF8CC
S2140189A02E3005AB0D93631D069323798DF82C208D
S2140189B08DF81430B6E700277FE700BFA86D0400E6
S2140189C05B6F0400836F0400976F0400872904001F
S2140189D0B36A0400BE6F0400DB6F04001C70040061
S2140189E0304BF0B5B0FBF3F24FF4616503FB1200B8
S2140189F0B0FBF5F3DCB205FB13033C25B3FBF5F343
S214018A00DBB2A0EB04104B71C3EB0313A0EB8300A6
S214018A104FF4FA630B8040F201134B8001230C7173
S214018A201F4600246425204E8871944200D1F0BD73
S214018A3091F802C013B1BCF1020F2BD006EB0C006B
S214018A4010F801ECC87870450BBF012001300CF11D
S214018A50010CC0B208BF81F802C0C87088780D2822
S214018A6016D10B888F7001339BB298070B8014D1F7
S214018A70B3FBF5F005FB103080B280B94FF4C87037
S214018A80B3FBF0FC00FB1C339BB2B3FA83F35B0928
S214018A900134CAE74FF01D0ED4E70023F8E701239F
S214018AA0F6E700BF805101002AC3040010B5044652
S214018AB088B006A9FFF794FF9DF81E300A48039375
S214018AC09DF81D30049402939DF81C309DF81A20E1
S214018AD00193BDF818300549009300889DF81B30B6
S214018AE0FFF70EF908B010BDF65D002035700400E2
S214018AF0026808B51188154B19805188598051793B
S214018B001971117959714FF48A51D980D28812F0AE
S214018B10200F0CBF0A464FF48B528169DA800C4A4B
S214018B20137831B9C0880B4923F00203088013700B
S214018B3008BD43F002031370074B15221846013196
S214018B4003F0F6FC002200F8012CF1E7EA5D0020B4
S214018B5041690020E85D0020F95D002010B5184C41
S214018B602368587921F0BBF90B2822D8154B03EB63
S214018B700010027B237F9A421BD123684288198802
S214018B808A4205D04FF6FF70814212D1120410D4EA
S214018B902279023A012A06D9A37B63B9BDE81040BF
S214018BA00748FFF747B91989587920F0CEFA002807
S214018BB0F2D1002010BD0248BDE81040FFF7CCB846
S214018BC0E84800205447002008B521F088F90B2812
S214018BD096BF024B0020185C08BD00BF4669002006
S214018BE008B5002021F0CEFCFF2021F0ABF921F0E2
S214018BF0CEFC21F073FBFEF771F90121024606480F
S214018C0003F044FC054BFF21054A0648FEF7C6FE65
S214018C10BDE80840FEF708BB46690020EA5D002073
S214018C20E65D002037680020F0B5002204464FF6C6
S214018C30FF750B4F90B237F830600346AE4201D154
S214018C402846F0BDA64209D1B4F57C4FF9D307EB0F
S214018C50C3035B888B42F4D00029F2D00132E9E7E6
S214018C6068C3040010B50446FFF7DEFF094A034651
S214018C7010884FF6FF72934214BF074A2246BDE89A
S214018C80104017BF02EBC30304495A680449FFF7B3
S214018C9051B800BFF65D002068C304005870040098
S214018CA0D43A0400034B18780130C0B2187000F0B3
S214018CB07F00704704740020044A137818B143F00B
S214018CC001031370704703F0FE03FAE741690020C1
S214018CD0014B1870704700BF4469002038B1074B3C
S214018CE01B78012B04D1038843F0400303807047AF
S214018CF0022BFCD1038823F04003F7E744690020E8
S214018D0068B1074A1378012B07D1064B1B781370FD
S214018D10037843F01003037001E0022BF8D070478C
S214018D2043690020426900207FB50121264B274E6A
S214018D30197033780246D90744D42549096881B1A8
S214018D400868C1888D0641BF224CE18841F02001A8
S214018D50E180C1884C0641BF1E48C18841F04001F0
S214018D60C1801D4D1D492878097840074CBFE97020
S214018D7069701B4913F00204098809D0164A19487C
S214018D8021F082FB337823F00203337004B070BD08
S214018D90154B18884FF6FB73984208D80B46CDE959
S214018DA0005201460B4A204620F046FDEEE74FF6FC
S214018DB0FF73CDE9014200930A46074B054920F0AF
S214018DC017FDE3E70020E1E738690020416900204C
S214018DD0E4480020EA5D0020376800200574002082
S214018DE0E65D0020F85D0020E85D002070B503799F
S214018DF00446012B0D46164631D883681B78DB06E0
S214018E0000D561B3A37B13B9E37C0B2B27D00022DB
S214018E10144B1A80637DB3FA83F35B09D800E37BB6
S214018E20ABB9FEF795FEA07CFEF792FE0B20FEF78F
S214018E308FFEE07CFEF78CFE2846FEF789FE204674
S214018E40FFF756FE3046BDE87040FFF76DBF40F0B5
S214018E500400FEF77DFE208A21F041FBE3E70020B7
S214018E6070BD00BFE65D0020024B0A460146186849
S214018E70FFF7BCBFE4480020F0B4054618460F4B88
S214018E800C461B78BDF81010012B0D4E01D037781B
S214018E9027B1002333700020F0BC70470CB9002ABC
S214018EA0F9D143B14FF65743994204D02B46224697
S214018EB0F0BC21F0CFBA0120EEE700BF0674002017
S214018EC0456900202DE9F04F684C4FF0000A254611
S214018ED08446964698460F46654B664E83F800A034
S214018EE00FCE0FC596E80F0085B085E80F00DDF8B8
S214018EF03C90BDF83830724600933946434660468A
S214018F00CDE9019400F0DCF8DFF89081064670B9EF
S214018F100025FEF7FFFD16220021574803F0B6FA9A
S214018F2000232846C8F8003005B0BDE8F08F534B43
S214018F30A27CC8F800401A70514B1B78002B36D023
S214018F4021F0D8FB4F4902465046FEF7F3FE226851
S214018F505046537952884C490092A289FEF7EAFEA0
S214018F60504621F040FB20B12368218A5888FFF73C
S214018F7079FEE37B23B10020228A4449FEF7DAFE1C
S214018F80A36800201A78E37C41490093A37CFEF78E
S214018F90D1FE207DA289A168121A01440123002076
S214018FA092B2FEF711FE00203A49FEF7A9FE2F48BD
S214018FB0FFF79EFD2D4822F029FE054630BBB9F18C
S214018FC0000F25D12168E0880B8801904988BA1ED8
S214018FD0032A00918CBF002201220121E07CFFF7C9
S214018FE04BFF38B923685B79FF2B3AD0FFF7B6FD04
S214018FF005468EE72368DB889A06F3D40121264CC2
S2140190001A48217021F08FFB84F80090354680E7DE
S214019010B9F814309B07E5D47AE75846FEF718F8F6
S21401902082465846FDF760FF88B123685046228A7B
S214019030598820F057FF50B13846FFF759FD23688D
S21401904089F804A083F805A0FFF788FD00B9284633
S21401905005460136FDF742FF5FFA86FB5845DCD828
S21401906057E70026014FDFF83890F3E7E84800207D
S2140190703869002048C30400F85D0020057400200C
S21401908003740020717004007A7004009B70040061
S214019090A7700400D822040045690020E448002097
S2140190A0EA5D00200023054AD15C814202D31A44BE
S2140190B0507870470233DBB2F6E700BF36C30400D0
S2140190C073B515462E781A4616F0040F0CBF032604
S2140190D005269E42089C08D9224A2349009600206C
S2140190E0FEF70EFE002002B070BDBDF818302171EB
S2140190F02060E380A560A2812B7803F00103A373AF
S2140191002B7803F00403002B14BF01210021E17327
S2140191102978C1F3C00161754FF00101217518D09E
S214019120284621F019FA237D208202332375227DF9
S214019130531CDBB22375A95C0232D2B2A17422752C
S214019140EB5CE374A3899A4205D900920749054A64
S214019150C5E72382EBE7079B0120A3610023237762
S214019160C1E700BF1B2A0400EA7004000671040070
S2140191702DE9F7430024204FDFF89C80DFF89C9010
S214019180E0B221F078FDFF2805460FD123460121E4
S21401919002201A4AF7F728FD194B013418781EF0F9
S2140191A0FAFF152CECD103B0BDE8F08346B238EADD
S2140191B0260328BF4B4601210093022057F824308E
S2140191C0104AF7F711FD002EE6DA0923E340DB0724
S2140191D00AD50D4A0D4B15F0010F18BF1A4601218D
S2140191E00220F7F701FDD7E70A2CD5D1084A094B2B
S2140191F015F0010FF1E700BF80C304005F710400A2
S214019200077400208771040038710400227104007D
S214019210547104004A71040087290400B36A0400EB
S21401922008B554220021024803F030F9002008BD99
S214019230E65E002008B55422FF21024803F026F915
S214019240002008BD925E0020024B23F8101000207B
S214019250704700BF925E0020002310B4074ADCB2BC
S214019260A14203D85DF8044BFFF7DABF2A2BF9D0E9
S21401927032F8024B20F813400133F0E7E65E002097
S214019280002310B5054A994201DD2A2B00D110BDF5
S21401929032F8024B20F813400133F4E7E65E002073
S2140192A0024B187800F07F00704700BF526900201B
S2140192B0034B18780130C0B2187000F07F00704779
S2140192C05269002030B51C4600238BB0ADF8222031
S2140192D0021D92B2012A0E9DADF82030ADF81E1087
S2140192E0ADF81C3003D94FF6FF7290420FD1002221
S2140192F0CDE90352CDE90124094B01461B784FF60F
S214019300FF70009307AB21F0D4FC0BB030BD0146D3
S214019310CDE901531846009407AA21F0E6FCF4E7CC
S2140193200874002038B505464FF480500C4603F00B
S214019330B3FA4FF480532860236030B940F2A51188
S214019340BDE83840014827F0DABE38BD7672040021
S21401935000487047C4610020014B1878704700BF71
S21401936024740020014B1888704700BF92730020B8
S214019370014B1878704700BF1D740020014B187808
S214019380704700BF14740020014B1878704700BF67
S21401939017740020014B1878704700BF57690020EA
S2140193A0014B1870704700BF57690020014B1878B1
S2140193B0704700BF56690020014B1870704700BF08
S2140193C056690020014B1878704700BF18740020BA
S2140193D0014B1888704700BF907300202DE9F74FA6
S2140193E0414B424A0193424BDFF844911B78DFF828
S2140193F04481DFF844E1DFF844C13E4F3E4E3F4D25
S2140194003F49404802EB431A019B524503F12003B2
S21401941009F1200908F120080EF1200E0CF1200CAC
S21401942007F1200706F1200605F1200501930FD16B
S21401943000221146344B324D1C78344E344B314F9A
S214019440D0B2844203F1200346D803B0BDE8F08FC2
S214019450304B314C5360002349E907432F4CDFF86A
S214019460E0B048E907432E4CC2E902304EE9074313
S2140194702C4C11604CE907432B4C136147E9074319
S2140194802A4C49E9050348E905034EE905034CE979
S214019490050347E9050349F8201C48F8201C4EF847
S2140194A0201C4CF8201C47F8201C46F8201C46E9D6
S2140194B00743019C45E907B3DFF888B046E9050391
S2140194C045E9050344E907B344E9050345F8201CCB
S2140194D044F8201C203297E743E9085643E906176B
S2140194E043F8101C0132ABE7304C0020504D0020F1
S2140194F02B740020904C0020704C0020504C002013
S214019500CC5B0020B36A04002274002049DB020011
S214019510D04C0020A184020069D303000199020007
S21401952029240300C3E30300E9BB020021AC0300C6
S214019530304D0020104D0020F04C0020B04C002093
S21401954059510300A5810200002208B5074B1A6095
S2140195505A6021F04CFB064B187021F048FB054B76
S2140195601870054B1A78054B1A7008BD6E5B002003
S214019570B2690020B169002015740020B06900208E
S214019580002100B593B008466A460AF0FBF9014689
S214019590C8B90E4B0E4A09930E4B0D920A930E4A0A
S2140195A00E4B0E920B930E4A0E4BCDE90F230C93E6
S2140195B00D4B6A4611930AF09BFC003818BF012038
S2140195C013B05DF804FB0120FAE700BF7DCE03006F
S2140195D09D92020081D00300CD5B020063AC0300C4
S2140195E09DA90200E1D00300ED8C0200084B18781B
S2140195F0112806D8012809D9064BC34003F00100FB
S2140196007047A0F143035842584170470020704705
S214019610B46900203400020008B5064B1B78013BF4
S214019620022B05D80020FFF7E1FF0138C0B208BDC4
S214019630FF20FCE7B5690020044B00F1100250F84A
S214019640041B904243F8041BF9D17047B669002009
S214019650044B03F1100253F8041B934240F8041B19
S214019660F9D17047B669002030B5002491B0114B8E
S2140196700546214614220BA8CDE9094302F006FF50
S214019680102209ABCDE900440693CDE90452CDE999
S2140196900252094B09490AA81EF07CF904460AA899
S2140196A022F05BF81CB1A021054827F028FD11B077
S2140196B030BD00BF0024800000444004B66900208D
S2140196C01D73040070B5002490B0154B05460E4678
S2140196D0142221460BA8CDE9094302F0D7FE102239
S2140196E009ABCDE9004406933146CDE90452CDE9F4
S2140196F002520C4B0AA81EF04DF904460AA822F0A5
S2140197002CF81CB1BA21084827F0F9FC099B102B4C
S21401971003D0BB21044827F0F2FC10B070BD00BF97
S21401972000248000004440041D73040030B50D463B
S21401973000218FB0124B0446142209A8CDE9071365
S21401974002F0A4FE102207ABCDE90242CDE90042A9
S214019750049329460B4B08A81EF01EF9044608A8D8
S21401976021F0FBFF1CB1D121074827F0C8FC079B5D
S214019770102B03D0D221044827F0C1FC0FB030BD16
S21401978000248000004440041D730400014B93F93B
S2140197905A007047045B00200022034B1870034BED
S2140197A01970034B1A707047C7690020C8690020FA
S2140197B0C66900202DE9F04FDFF89080064698F83C
S2140197C000300D4685B0002B3AD04FF6FB73984219
S2140197D036D84FF0000B1C4FDFF874A03C7898F891
S2140197E000305FFA8BF94B459AF8000011D94844CE
S2140197F002AA0DF10601C0B216F028FA082229467F
S2140198000DEB020003F08EF90BF1010B0028E6D1F7
S2140198104C463B78A34208D198F80020631CDBB283
S2140198209A423B7004BF00233B70324629469AF8A1
S21401983000301C44E0B205B0BDE8F04F16F0F4BAB3
S21401984005B0BDE8F08F00BFC6690020C8690020DA
S214019850C76900202DE9F74F06460D4614461F46F8
S2140198604FF0010BDFF8789003F10C0A15B903B03D
S214019870BDE8F08F102DA84628BF4FF010083A46D5
S214019880164B5FFA88F152F8040B524543F8040B65
S214019890F9D101919AF8002011481A70002389F82D
S2140198A00F4089F800B089F80E30FFF7DDFE32462A
S2140198B001340B480199E4B212F801CB10F8013BD0
S2140198C083EA0C0302F8013C931BDBB28B42F3D311
S2140198D0A5EB080816461FFA88F5C7E7CA690020EF
S2140198E0C96900202DE9F04F9046914685B0009059
S2140198F0981A029383B20193009B0F46354903F1F0
S2140199000C0453F8045BA34241F8045BF9D11B78BD
S214019910314E0B7049233370019BF0731B0A30469E
S214019920B373FFF7A1FE0221BB460D46737888EAA2
S214019930030373704FF0000A1DE0C5F11004A9EB94
S2140199400A039BB2A4B29C4228BF1C4600231FFAFE
S21401995083FCE8186445C0B21FD82544EDB2A34481
S214019960102D54441FFA84FA05D100253046039180
S214019970FFF77AFE0399D145DFD807EB080B25B12F
S21401998015480391FFF770FE039901294FF0000572
S2140199900DD00121DDF80490CCE71BF803C016F8C2
S2140199A000E001338CEA0E0C06F800C0CFE7029BFC
S2140199B009491F44094B38461C78224602F0F6FE38
S2140199C02A4621463846009B05B0BDE8F04FFFF712
S2140199D041BF00BFCA690020C96900202C7400205D
S2140199E030B540780C4601284FF0110387B001F1DD
S2140199F0100516D1144A01A90BF002F8234601AC52
S214019A00224618685968083303C2AB421446F7D198
S214019A1011230D4A002001A90AF0F2FF002007B029
S214019A2030BD0120094A01A90AF0EAFF234601AC2C
S214019A30224618685968083303C2AB421446F7D168
S214019A401123024AE6E700BF75E4010079EB010045
S214019A5030B50C46407887B001284FF011030DBF92
S214019A600B4A0C4A012001A918BF01A90AF0C8FF38
S214019A70234601AA05AD144603CCAC4218605960D2
S214019A80224603F10803F6D1002007B030BD00BF1F
S214019A9075E4010079EB010010B50C4688B01A2375
S214019AA00C4A01A901200AF0ABFF21460DF10E0375
S214019AB004F1100251F8040B914243F8040BF9D15A
S214019AC01A230020034A01A90AF09AFF002008B0D1
S214019AD010BD00BF24E10100F0B58BB004460D4671
S214019AE023F041F9A8B101A813F082FE88B1667B84
S214019AF0271D16F0020F05D00822384601A903F0EB
S214019B0011F8D0B901AB46F0020603CB606079606C
S214019B1066731A230A4A03A901200AF071FF29462F
S214019B200DF116030DF1260253F8040B934241F88A
S214019B30040BF9D100200BB0F0BD2D20FBE700BFD0
S214019B4024E10100F0B50546071D00220C46384603
S214019B50082193B023F099F86A7B0646D0070BD507
S214019B60687808A921F02AFDDDF83D306B60DDF844
S214019B7041307B6080B10BE0910709D5D20001210D
S214019B80384602F0800221F026FDFF28687002D1D7
S214019B902D2013B0F0BDD6B1687801A921F0A3FC41
S214019BA09DF81C305B0604D54FF4C6710A4827F0B1
S214019BB0A6FA234603AD07AC2A4603CAA24218609A
S214019BC05960154603F10803F6D10020E1E708A91C
S214019BD021F0F4FCCEE700BFB77304002DE9F04195
S214019BE006468AB01F480F4615460024FFF730FD8B
S214019BF0002C01A914BF4FF05C0C4FF0360C10235B
S214019C008846184A12F8010B013B8CEA000013F053
S214019C10FF0301F8010BF5D105A823F09CFE42468F
S214019C20102105A823F09BFEC4B93946324605A883
S214019C3023F0FDFE2A460DF1140C0DF1240E6346A9
S214019C4003CB7345106051609C4602F10802F6D1C1
S214019C5014B10AB0BDE8F0810124C9E72A461021F3
S214019C60E5E700BFF96900202DE9F04791460D466A
S214019C70C0B09DF82041DDF828811E46DFF87CA0A3
S214019C809DF8243107462246494640468AF8003068
S214019C9002F08CFD9DB12346324641463846FFF719
S214019CA021FEB44207D9A11B3B46012289B208EB2B
S214019CB00600FFF7CFFD002040B0BDE8F087A11BEE
S214019CC03B46012289B208EB0600FFF7C3FD224698
S214019CD04146684602F06AFD3246694638462346E2
S214019CE0FFF700FE9AF800200DEB040109EB0400D3
S214019CF002F018FF0028DED02C20DDE72C740020AF
S214019D0038B50346104601F1100451F8045BA14230
S214019D1042F8045BF9D104491BB1FFF7D3FC0020DC
S214019D2038BDFFF703FDFAE7F969002030B50546AF
S214019D3089B0694621F04CFA6B8804ACABB1224677
S214019D402946684621F0E4F90E4A08AD234603CBBE
S214019D50AB42106051601C4602F10802F6D1094878
S214019D60FFF76AFC002009B030BD6B46054D1A4668
S214019D7003CAA24228606960134605F10805F6D1B8
S214019D80EDE700BFF969002050B10B4B0B4A03F118
S214019D90100153F8040B8B4242F8040BF9D17047BB
S214019DA0064B054A03F1100153F8040B8B4242F8A7
S214019DB0040BF9D1704700BFF9690020D96900206A
S214019DC008B51022024802F0B3FB002008BD00BF10
S214019DD0E969002008B508461022024902F0A8FBEE
S214019DE0002008BDE969002010B5044686B001A927
S214019DF0114A112301200AF003FE9DF8143001A830
S214019E00E37024F09EF980F001000C4A01A960700D
S214019E10112301200AF0F4FD9DF8143001A8A37067
S214019E2024F08FF980F00100207012F06DF8606068
S214019E30002006B010BD00BF75E4010079EB0100FB
S214019E4010B5044686B01123134A012001A90AF071
S214019E50D7FDA3789DF814209A4207D08DF81430C8
S214019E60002011230C4A01A90AF0CAFD11230B4A4E
S214019E70012001A90AF0C4FDE3789DF814209A4256
S214019E8007D08DF8143000201123044A01A90AF0E6
S214019E90B7FD06B010BD00BF79EB010075E4010007
S214019EA02DE9F04186B0064603A80C4614F0EEFCF8
S214019EB0054600284AD1BDF80C30980646D5102232
S214019EC02946204602F0E2FA01A813F091FCC0B13F
S214019ED0777B06F1040817F0020F06D008224046E9
S214019EE001A902F01FFE00282ED101AB47F00207A0
S214019EF003CB7060C8F804107773238843F0080317
S214019F002380238843F00203238013F041F8606026
S214019F1022F029FF30B10E4B1B68A360238843F063
S214019F20040323800B4B1A68D1035EBF238843F0DA
S214019F3010032380130203D5238843F40063238090
S214019F40284606B0BDE8F0812D25F9E72425F7E778
S214019F50804D0020844D002010B5D0E9023253F820
S214019F60223090B01C6840226946204621F099FBB9
S214019F70034630B1224600200549FDF7C1FE10B068
S214019F8010BD012269460820FDF764FEF7E700BF11
S214019F906974040070B500F0B1F800280CBF6E2299
S214019FA0792200201349FDF7ABFE00F0A7F8F0B1C7
S214019FB021F08BFB00280CBF6E22792200200E496F
S214019FC0FDF79EFE082200200C49FDF799FE0025AC
S214019FD00B4C0C4E234654F8042C31460020033516
S214019FE0FDF78EFE182D04F10C04F3D170BD3F224F
S214019FF0E4E700BFA1740400B8740400C874040048
S21401A000A84E0020E774040070B521F043FB044617
S21401A01021490020FDF774FE2CB92046BDE87040AA
S21401A0201E49FDF76DBE00F0BBF805461C4B626984
S21401A0300020002A08BF1A461A492668FDF760FE66
S21401A040A28800201849FDF75BFE1849E288002027
S21401A050FDF756FEA388228913F010001ABF0020D0
S21401A06013491449FDF74CFEE26800201249FDF73A
S21401A07047FE226900201149FDF742FE104A114BA6
S21401A0800020B6F5817F38BF13460F492A46BDE842
S21401A0907040FDF735BE00BF1C750400297504002D
S21401A0A0714304004A75040068750400897504004C
S21401A0B0A6750400C3750400E1750400FF7504006D
S21401A0C0147504000A7504001D76040038B50146AF
S21401A0D000230C25084A05FB03F4A0181459013483
S21401A0E004D10C2202F024FA002038BD0133082BDB
S21401A0F0F1D10120F9E700BFA44E0020034B1878E8
S21401A100012894BF00200120704700BF0B6A002081
S21401A11038B50446044D2878A04203D0214621F0E4
S21401A12099FA2C7038BD00BF0B6A002000B58FB0BD
S21401A1303422002101A802F0A9F901A8EEF736FCA5
S21401A1400598D0B182680E4BB2F5803F34BF92B20B
S21401A150C2F38F2241881A81028828BF41F010017C
S21401A1601A6042689980DA80C268DA6002691A6108
S21401A17042695A61027E18461A760FB05DF804FBF2
S21401A180284E0020054B1B7820B1012B04D8022055
S21401A190FFF7BEBF012BFBD8704700BF0B6A00203C
S21401A1A010B5084C237853B921F074FA01232370B3
S21401A1B028B10368B3F5817F24BF037E237020781E
S21401A1C010BD00BF0A6A002070B5184B1B78012B22
S21401A1D02BD821F042FA164D024616490020FDF70B
S21401A1E08FFD0120FFF7CEFF2E78FF2E1DD1FFF742
S21401A1F09DFFC8B1848860223146C4F340040E48EE
S21401A2002C7002F043F9602231460C4802F03EF908
S21401A2105CB1FFF7C5FF042807D9BDE8704040F2DE
S21401A2202B11074826F06BBF287070BD0B6A002003
S21401A2302D74002040760400A44E0020444E0020D9
S21401A240527604002DE9F04FDFF884928DB003AB0F
S21401A25007468846144699E8070083E80700FFF793
S21401A260B3FFFFF79DFF944B06461D784B46012D25
S21401A27040F07081012840F27281B7FBF0F200FBDA
S21401A2801272002A00F06B818C4900228B46D1F8AD
S21401A29000C0BCF1FF3F04D0087A6044874200F05A
S21401A2A019810132082A01F10C01F0D193E8070067
S21401A2B006AE0DF1240A86E807008AE80700FFF7D4
S21401A2C06FFFB7FBF0FB00FB1B7BA0EB0B094A46BD
S21401A2D0414606460AA809978DF82C9002F066FAC0
S21401A2E000224FF00C0E764902E00132082A0ED009
S21401A2F00EFB02F000EB010C08580130F5D19AE88C
S21401A30007008CE807006F490A7801320A70A145F8
S21401A31004DD4FF4E2716C4826F0F1FEA41B5C44A8
S21401A3204F44A1B217FA84F4B4FBF6F206FB1242CC
S21401A330C8448E1A91B1A41A08EB060107A88DF835
S21401A3402020069402F032FA06A8FFF7BFFEFF2887
S21401A35004D140F2D9115C4826F0D1FEB6B2B6B1AE
S21401A3600320FFF7D5FE802E0AD8324641465748CD
S21401A37002F01CFA32463846544921F076F9054671
S21401A3800220FFF7C5FE28460DB0BDE8F08F002578
S21401A390F9E74FF40E714C4826F0B1FE464B1B7898
S21401A3A0012B00F0E380002C36D00320FFF7B0FE2F
S21401A3B0802C2FD822464146444802F0F7F922461F
S21401A3C03846424921F051F905460220FFF7A0FE22
S21401A3D0DFF8F09099F8003093B1039CFFF7E0FEA8
S21401A3E0374B002798461A68511C04D0197A411A2F
S21401A3F0521A944224D00137082F03F10C03F2D1EC
S21401A400002DC0D1039B0133C1D003A8FFF75EFE28
S21401A4100546B8E70125D8E72546D9E740F26D217C
S21401A420294826F06CFE012524E0012D30D0802E2F
S21401A4302FD832462549039821F017F9054628E01A
S21401A440002DA0D10C247C4308EB04039DF814A036
S21401A45093F808B00AEB0B03802BDFDC1B4B52464C
S21401A46004A9184602F0A2F9211D5A464144504457
S21401A47002F09CF90C2303FB07839DF814201B7A3A
S21401A48013449E42D1D040F273210F4826F037FE86
S21401A49001250220FFF73CFE99F8003013B1013B7D
S21401A4A089F800304FF0FF3308EB040248F8043017
S21401A4B0C2E9013367E700BF2D740020A44E0020D7
S21401A4C0444E0020096A002052760400A84D002060
S21401A4D0E4C304004FF00C0A0AFB02B3187AA6EB99
S21401A4E000095FFA89F9A14501D35FFA84F90AFBED
S21401A4F002FA0AF1040528444A464146584402F045
S21401A50055F90BEB0A031A7AA4EB09044A44D2B2B2
S21401A510B242A4B21A7219D103200193FFF7F8FDD3
S21401A52032460BEB05015BF80A0021F09EF8054662
S21401A5300220FFF7EDFD4FF0FF32019B4BF80A209A
S21401A540C3E90122002D7FF41EAFC844002C3FF45E
S21401A5501EAF4F44104B1B78012B7FF424AFB7FB83
S21401A560F6F306FB1373002B7FF413AFE319B3FB6B
S21401A570F6F506FB1535002D3FF415AF641B5B1B86
S21401A58008EB04012A4604A80393A4B202F00EF9CC
S21401A5908DF8145007E700BF2D74002070B5134BDB
S21401A5A01B78012B0CD1FFF70FFE0026104D55F836
S21401A5B0043C013306D10336182E05F10C05F6D1FD
S21401A5C0002411E00320FFF7A3FD55F8044CFFF724
S21401A5D0E7FD29460246204621F047F804460220B8
S21401A5E0FFF796FD002CE6D0204670BD2D740020A6
S21401A5F0A84E002070B505460C46FFF7E5FD052080
S21401A600FFF786FD2146284621F03DF80646022042
S21401A610FFF77EFD00220A4B2C441968481C08D01F
S21401A620A94206D3A1423EBF4FF0FF31C3E9001154
S21401A63099600332182A03F10C03EED1304670BD3F
S21401A640A44E0020D0E9023253F8223010B51C681F
S21401A650204600F095FA28B12146BDE81040024890
S21401A66000F002BE10BD00BFEC76040008B5D0E9CC
S21401A670023253F82230186800F06CF920B1BDE8B8
S21401A6800840024800F0F0BD08BD00BF0E77040088
S21401A6902DE9F041D0E9023253F8221003EB820390
S21401A6A05B680F681D789AB0642D04D9642111483F
S21401A6B000F0DAFD64252A46384601A900F002F9C1
S21401A6C0044698B90C4800F0CFFDDFF8348001AE9F
S21401A6D0013DA54202DC1AB0BDE8F08139194046B9
S21401A6E016F8012B00F0C0FD0134F2E7034800F034
S21401A6F0BBFDF0E731770400517704007B77040057
S21401A700687704002DE9F04700252D4FDFF8E0803B
S21401A710DFF8E0908CB0284603A900F0EFF810B1FE
S21401A7200CB0BDE8F087049B2946039A009338468F
S21401A73000F09AFD404600F097FD059910290CD8C7
S21401A74010290CD8DFE801F00F14320B340B0B0B79
S21401A750360B0B0B0B0B0B0B3A0020292CD0194890
S21401A76000F082FD07E0184800F07EFD0135D2E7D3
S21401A770164800F079FD0699484600F075FD0799E0
S21401A780134800F071FD134800F06EFD1024DFF849
S21401A79068A00DF11F06504616F8011F013C00F097
S21401A7A063FD14F0FF04F6D10B48DDE70B48E0E744
S21401A7B00B48DEE70B48DCE70B48DAE70B48D8E73F
S21401A7C0967704003B780400EB770400FB770400DF
S21401A7D061780400797804008E1A04000378040076
S21401A7E00B780400147804001F78040036780400FF
S21401A7F0DA7704004A7804008A78040010B50B4C16
S21401A8008EB023785BB9EEF74BF8014650B90123B9
S21401A81001A82370EEF7CAF8054B049A1A6020784F
S21401A8200EB010BD034800F01FFDF8E70C6A0020CB
S21401A830E85100209078040000B58FB0FFF7DEFFE6
S21401A840002829D001A8EEF7B1F8059B144819880D
S21401A85000F00AFD059B13485969134B002908BFF0
S21401A860194600F001FD059B1048598800F0FCFCD4
S21401A870059B0F48196900F0F7FC059B0D48D96840
S21401A88000F0F2FC059B0C48197E00F0EDFC0B4B2A
S21401A8900B48196800F0E8FC0FB05DF804FB00BF38
S21401A8A0CD780400DF78040071430400F1780400D9
S21401A8B005790400197904002D790400E851002077
S21401A8C04179040070B5064615460C4679B172B159
S21401A8D0FFF794FF68B121462A463046EEF770F935
S21401A8E0014618B1044800F0BFFC012070BD2120CC
S21401A8F0FCE71120FAE700BF5379040037B5054697
S21401A9000C46FFF77BFFE0B1114B1B68AB421AD92F
S21401A910CCB100212422204601F0B8FD214628466C
S21401A9201BF05FFF88B9284601AA04F10801EEF77B
S21401A930F9F820B140F20643C01A18BF012003B04F
S21401A94030BD1120FBE72120F9E70120F7E700BF22
S21401A950E8510020F0B593B00546FFF74FFF0028F9
S21401A96045D0254B1A68AA4207D829462348013AFA
S21401A97000F07AFC212013B0F0BD05A8EEF716F81A
S21401A980284603A91BF02DFF98BB049A22F4FF5713
S21401A990C2F30C0327F01F072BB14FF400532946CF
S21401A9A0174800F061FC039E7FB126F0B5FB3046E8
S21401A9B04FF40051EEF790F93346044606F500567B
S21401A9C050B9039BF31ABB42EFD32A4639460D48CA
S21401A9D000F04AFC002406E000902A464FF400519D
S21401A9E0094800F041FC201E18BF0120C3E71120D2
S21401A9F0C1E70120BFE700BFE851002081790400CC
S21401AA002F7A0400EE7A04009D7A040010B50446FD
S21401AA1038B1FFF7F3FE30B10020044B1B6823600A
S21401AA2010BD2120FCE71120FAE700BFE851002005
S21401AA3010B50446FFF7E2FEB0B10C4B1A68A2420D
S21401AA4006D821460A48013A00F00EFC212010BD26
S21401AA5026F062FB40F2C12220460649EEF722F8B4
S21401AA60003818BF0120F2E71120F0E7E851002076
S21401AA7081790400244F002010B50446FFF7BEFE7E
S21401AA8070B121460848EEF72DF840F203239842AC
S21401AA9008D040F2012398420CBF0520012010BDCA
S21401AAA01120FCE70020FAE7244F00202DE9F041B1
S21401AAB02D4D04462F68FFF7A1FE002851D02968C6
S21401AAC0A14207D84A1E2948214600F0CDFB212085
S21401AAD0BDE8F0812648EDF7C5FFDFF89480024611
S21401AAE0B0B943462E68964222D1BE4214BF3A46BA
S21401AAF006F1FF3212BB31461D48C8F80040EDF79B
S21401AB0091FF014600B31B4800F0AEFB0120DFE7D2
S21401AB102046EDF767FF044638B10146164800F0B7
S21401AB20A3FB201E18BF0120D2E7EDF7B7FDF8E71B
S21401AB3053F8041B8C42DDD00132D4E70C49920055
S21401AB40081D01F0F5FCD6E729680948EDF78AFFEC
S21401AB50044610B101460948D6E7EDF79FFD2046A9
S21401AB60B6E71120B4E700BFE85100208179040060
S21401AB70044F0020347B04000A7B0400677B04003A
S21401AB80F8B50446FFF73AFE002845D0234B1A686D
S21401AB90A24207D821462248013A00F065FB21244B
S21401ABA02046F8BD1F4800F05FFB26F0B5FA40F2DC
S21401ABB0C1221D492046EDF775FF40F203270546E1
S21401ABC026F0AAFA184E65B140F203239D421AD028
S21401ABD02946164800F048FB0124154800F044FBBE
S21401ABE0DEE726F099FA29463046EDF77BFFB842B4
S21401ABF009D040F20123984203D10E4800F034FBFD
S21401AC00E1E70546DFE721460B4800F02DFB20462D
S21401AC10FFF74CFF0446E0E71124C1E7E8510020A6
S21401AC20817904009E7B0400244F0020BE7B040033
S21401AC308E1A04007D4F0400D67B040010B50A4628
S21401AC40044619B1024B00211B68984710BD00BF8E
S21401AC50F0C3040010B5114C2378580744BF23F005
S21401AC60040323702378990705D500F05DF823784F
S21401AC7023F00203237063781BB10023084A636044
S21401AC8053600023082106486370FFF7D7FF237837
S21401AC90DA0744BF23F00103237010BDEC510020F6
S21401ACA0F051002038B51A4C62782378022A01D177
S21401ACB0072B11D0DD0712D52378980707D400F0AB
S21401ACC02BF82378054643F00203237080B9627897
S21401ACD0237882B15A0716D50025284638BD1CF0C0
S21401ACE0D7FD2378054643F0010323700028E3D0FF
S21401ACF0FFF7B0FFF1E7D907ECD5064962604A6075
S21401AD0002226270E6E743F004032370E4E700BF23
S21401AD10EC510020F05100200122024B002083F864
S21401AD20F0207047F85100202DE9F0410A4C00252B
S21401AD3026464FF0010803272046C4F81C802776D4
S21401AD40013520F0EDFC062D04F12804F4D1002392
S21401AD5086F8F030BDE8F081F85100202DE9F04F7B
S21401AD60984691B00B1E0A93B44B914614BF834686
S21401AD709B4600251A9E98F8000070B94D4538BFCD
S21401AD802A464B464FF000000A9928BF09F1FF32C8
S21401AD90D847284611B0BDE8F08F252808F10108EC
S21401ADA006D02A464B460A996C1CD8472546E2E748
S21401ADB00023414611F8012B2B2A16D00AD8202A47
S21401ADC016D0232A17D0A2F13000092834D800273C
S21401ADD00A2418E02D2A05D0302AF4D143F00103C5
S21401ADE08846E6E743F00203FAE743F00403F7E791
S21401ADF043F00803F4E743F01003F1E7884604FB49
S21401AE000722A2F13007414611F8012BA2F13000CA
S21401AE100928F3D998F800202E2A52D198F8011063
S21401AE2008F10102A1F13000092843F480633ED8FD
S21401AE3000244FF00A0E11E02A2A08D156F8047BA6
S21401AE408846002FBCBF43F002037F42E2E700279B
S21401AE50E0E702460EFB0411A1F13004104610F89B
S21401AE60011BA1F1300CBCF1090FF2D99046424604
S21401AE7012F8011B6C292DD025D8682933D06A29F0
S21401AE803BD04246904618F8010B672860D85728F1
S21401AE9036D8452808D084D9462800F01881472896
S21401AEA07FF47FAF43F4006343F0200327E12A29B0
S21401AEB006D156F8044B08F1020824EAE474D6E7F2
S21401AEC090460024D3E7742901D07A29D9D143F4D6
S21401AED08073D7E798F801106C29F8D143F44073D2
S21401AEE008F10202CEE798F80110682902D043F073
S21401AEF08003C7E743F0C003F2E743F40073C1E7FA
S21401AF00A0F158020F2A3FF64CAF01A151F822F0EA
S21401AF10B1AF0100A3AD0100A3AD0100A3AD0100D7
S21401AF20A3AD0100A3AD0100A3AD0100A3AD0100D7
S21401AF30A3AD0100A3AD0100B1AF01001DB1010039
S21401AF40B1AF0100F3B00100D3B00100F3B00100CE
S21401AF50A0F16901C9B20F293FF623AF012249F2D8
S21401AF60410C8A4012EA0C0218D10A2900F0158118
S21401AF7007297FF416AF43F0210305930823CDE993
S21401AF8003431023CDE9012356F8043B2A460093D8
S21401AF9058464B460A9920F0B3FCA8E06F2800F00B
S21401AFA05E8110D9782808D1102223F00C0310E016
S21401AFB0582839D0622800F054810A2223F0100361
S21401AFC0642806D0F1E769284FF00A0223F010033F
S21401AFD0F6D1590548BF23F00103692803F400712F
S21401AFE001D0642840D111B3073626F00706B246D1
S21401AFF070685AF8081BCDE9077300230593C30F41
S21401B0000028029306940B46049202DA4B4260EB48
S21401B0104000CDE900304B462A4658460A9920F0B2
S21401B020B1FC05465646A6E643F02003BCE7D90523
S21401B03006F1040A04D5316805E000BF63B70300D2
S21401B04058060CD53178CDE90224CDE904730029E0
S21401B0504FEAD1730193B8BF4942009120E0190627
S21401B060E9D5B6F90010EEE779B1CDE9077300230B
S21401B070CDE9042306F1070A2AF0070A069402938B
S21401B080FAE80223CDE90023C5E7D80506F1040A4C
S21401B0900DD5CDE90473CDE90224019133680093FF
S21401B0A04B462A4658460A9920F02AFCB9E7590623
S21401B0B007D53178CDE904730023CDE90224019345
S21401B0C0CBE7316813F0800F18BF89B2F2E743F07F
S21401B0D02003CDE90173073626F007060094B6EC87
S21401B0E0020B4B462A4658460A99E9F751FB054694
S21401B0F041E600F0DF00472801D143F40063CDE9C3
S21401B1000173073626F007060094B6EC020B4B4691
S21401B1102A4658460A99E9F77FF9E8E713F0020448
S21401B12026D04FF0010A6B1C0B932A464B460A9910
S21401B13016F8040BD84774B354460B9A21E04B46D5
S21401B14020200A99D8470AEB05020AF1010A574559
S21401B150F5D83A1E18BF0122002A07F1FF3308BFAF
S21401B160002307F1010A1D4408BF4FF0020ADAE77F
S21401B170A246E8E7551C4B4620200A99D8472A469E
S21401B1800134BC42F6D3A7EB0A03574538BF002368
S21401B1900B9A1A440B920B9DEDE53246002C52F8A1
S21401B1A0046B14BF21464FF0FF310B9232463144F7
S21401B1B0107808B1914211D1A2EB060A13F480620D
S21401B1C00C9202D0A24528BFA24613F002030D93AB
S21401B1D01BD1AAEB05032A460F9308E00132E7E7E5
S21401B1E0531C0E9320204B460A99D8470E9A0F9B64
S21401B1F0D318BB42F4D3A7EB0A03574538BF002345
S21401B2000AF101021D4403EB020AAB1B0E9304E094
S21401B2101C464B462A460A99D8470E9BF51816F83F
S21401B220010B28B10C9B002BF3D0631E002CEFD131
S21401B2300D9B93B12A46AAEB050405E0561C4B4626
S21401B24020200A99D84732461319BB42F6D3A7EBFA
S21401B2500A03574538BF00231D440B9E8BE5082281
S21401B260A3E60222A1E600BF0FB41FB506AA52F854
S21401B270043B02A90392009204484FF0FF32FFF705
S21401B2806DFD05B05DF804EB04B0704725BA030008
S21401B2901FB5034600914FF0FF3203A90248FFF79E
S21401B2A05DFD05B05DF804FB25BA03001FB5CDE9C9
S21401B2B00201009302A9134603484FF0FF32FFF73D
S21401B2C04DFD05B05DF804FB2DBA03001FB5094B13
S21401B2D0094A1868094B01A91860094B1360094A05
S21401B2E00192094A1268CDE902231CF078FB05B0E9
S21401B2F05DF804FB38700020C0420020C4420020E4
S21401B3002C7000203FB20400A8550020014B18689D
S21401B3101CF079BB3870002038B5F2F767F80446A0
S21401B320064D2B68D3F8B002F2F754F828681CF0E3
S21401B3307DFB2046BDE83840F2F74CB83870002057
S21401B34010B51F4CF0F702F8236F012023F0070316
S21401B35043F002032367F0F707F8D4F82031002002
S21401B36023F0070343F00103C4F82031D4F8403139
S21401B37023F0030343F00103C4F84031D4F86031ED
S21401B38023F0030343F00103C4F86031D4F84032DC
S21401B39023F0030343F00103C4F84032D4F800322B
S21401B3A023F0070343F00103C4F80032D4F808324F
S21401B3B023F0070343F00103C4F8083210BD00BFB1
S21401B3C000800050064B1B681A7A022A01D81AB967
S21401B3D07047032A00D070471B68024A1360704703
S21401B3E03C700020A85500200022024B5A60DA600B
S21401B3F01A607047AC55002008B501F037FF0022EF
S21401B400014B1A7008BD00BF0D6A00200A460149AB
S21401B41020F076BB11DC04000A46014920F070BB1F
S21401B4200CDC04000A46014920F06ABB05DC040076
S21401B4300A46014920F064BB02DC04000A460149C1
S21401B44020F05EBBFFDB04000A46014920F058BB32
S21401B450FADB04000A46014920F052BBF5DB040082
S21401B4600A46014920F04CBBF0DB04000A460149BC
S21401B47020F046BBE9DB040081F0004102E000BF9A
S21401B48083F0004330B54FEA41044FEA430594EA9E
S21401B490050F08BF90EA020F1FBF54EA000C55EAD9
S21401B4A0020C7FEA645C7FEA655C00F0E2804FEAAA
S21401B4B05454D4EB5555B8BF6D420CDD2C4480EA8C
S21401B4C0020281EA030382EA000083EA010180EABC
S21401B4D0020281EA0303362D88BF30BD11F0004F0A
S21401B4E04FEA01314FF4801C4CEA113102D0404240
S21401B4F061EB410113F0004F4FEA03334CEA13337B
S21401B50002D0524263EB430394EA050F00F0A78092
S21401B510A4F10104D5F1200E0DDB02FA0EFC22FA8D
S21401B52005F2801841F1000103FA0EF2801843FA81
S21401B53005F359410EE0A5F120050EF1200E012A72
S21401B54003FA0EFC28BF4CF0020C43FA05F3C018B0
S21401B55051EBE37101F0004507D54FF0000EDCF129
S21401B560000C7EEB00006EEB0101B1F5801F1BD3D2
S21401B570B1F5001F0CD349085FEA30004FEA3C0CD6
S21401B58004F101044FEA445212F5800F80F09A80CC
S21401B590BCF1004F08BF5FEA500C50F1000041EBD0
S21401B5A0045141EA050130BD5FEA4C0C404141EBD4
S21401B5B00101013C28BFB1F5801FE9D291F0000FCF
S21401B5C004BF01460020B1FA81F308BF2033A3F17E
S21401B5D00B03B3F120020CDA0C3208DD02F1140C75
S21401B5E0C2F10C0201FA0CF021FA02F10CE002F1B0
S21401B5F01402D8BFC2F1200C01FA02F120FA0CFCA9
S21401B600DCBF41EA0C019040E41AA2BF01EB0451F1
S21401B610294330BD6FEA04041F3C1CDA0C340EDCEF
S21401B62004F11404C4F1200220FA04F001FA02F332
S21401B63040EA030021FA04F345EA030130BDC4F1F0
S21401B6400C04C4F1200220FA02F001FA04F340EAE5
S21401B6500300294630BD21FA04F0294630BD94F096
S21401B660000F83F4801306BF81F480110134013D7D
S21401B6704EE77FEA645C18BF7FEA655C29D094EAEE
S21401B680050F08BF90EA020F05D054EA000C04BF6C
S21401B6901946104630BD91EA030F1EBF0021002057
S21401B6A030BD5FEA545C05D14000494128BF41F0F6
S21401B6B0004130BD14F580043CBF01F5801130BD5A
S21401B6C001F0004545F0FE4141F470014FF00000E5
S21401B6D030BD7FEA645C1ABF194610467FEA655C96
S21401B6E01CBF0B46024650EA013406BF52EA033538
S21401B6F091EA030F41F4002130BD00BF90F0000F26
S21401B70004BF0021704730B54FF4806404F1320461
S21401B7104FF000054FF0000150E700BF90F0000F1A
S21401B72004BF0021704730B54FF4806404F1320441
S21401B73010F0004548BF40424FF000013EE700BF11
S21401B74042004FEAE2014FEA31014FEA02701FBFA1
S21401B75012F07F4393F07F4F81F06051704732F0D3
S21401B7607F4208BF704793F07F4F04BF41F400212A
S21401B770704730B54FF4607401F0004521F0004188
S21401B7801CE700BF50EA010208BF704730B54FF012
S21401B79000050AE050EA010208BF704730B511F013
S21401B7A0004502D5404261EB41014FF4806404F14B
S21401B7B032045FEA915C3FF4D8AE4FF003025FEAD1
S21401B7C0DC0C18BF03325FEADC0C18BF033202EB55
S21401B7D0DC02C2F1200300FA03FC20FA02F001FAAF
S21401B7E003FE40EA0E0021FA02F11444BDE600BF52
S21401B7F070B54FF0FF0C4CF4E06C1CEA11541DBF01
S21401B8001CEA135594EA0C0F95EA0C0F00F0DEF8CB
S21401B8102C4481EA030621EA4C5123EA4C5350EAB0
S21401B820013518BF52EA033541F4801143F4801301
S21401B83038D0A0FB02CE4FF00005E1FB02E506F092
S21401B8400042E0FB03E54FF00006E1FB03569CF0E7
S21401B850000F18BF4EF0010EA4F1FF04B6F5007FED
S21401B86064F5407404D25FEA4E0E6D4146EB06065F
S21401B87042EAC62141EA55514FEAC52040EA5E50E8
S21401B8804FEACE2EB4F1FD0C88BFBCF5E06F1ED892
S21401B890BEF1004F08BF5FEA500E50F1000041EBC9
S21401B8A0045170BD06F0004646EA010140EA020076
S21401B8B081EA0301B4EB5C04C2BFD4EB0C0541EA98
S21401B8C0045170BD41F480114FF0000E013C00F3AD
S21401B8D0AB8014F1360FDEBF002001F0004170BDD1
S21401B8E0C4F10004203C35DA0C341BDC04F11404EA
S21401B8F0C4F1200500FA05F320FA04F001FA05F276
S21401B90040EA020001F0004221F0004110EBD37042
S21401B91021FA04F642EB06015EEA430E08BF20EA6E
S21401B920D37070BDC4F10C04C4F1200500FA04F311
S21401B93020FA05F001FA04F240EA020001F00041A3
S21401B94010EBD37041F100015EEA430E08BF20EA16
S21401B950D37070BDC4F1200500FA05F24EEA020E5E
S21401B96020FA04F301FA05F243EA020321FA04F08D
S21401B97001F0004121FA04F220EA020000EBD37044
S21401B9805EEA430E08BF20EAD37070BD94F0000F44
S21401B9900FD101F00046400041EB010111F4801F78
S21401B9A008BF013CF7D041EA060195F0000F18BF29
S21401B9B0704703F00046520043EB030313F4801F65
S21401B9C008BF013DF7D043EA0603704794EA0C0F1F
S21401B9D00CEA135518BF95EA0C0F0CD050EA410635
S21401B9E018BF52EA4306D1D181EA030101F00041B2
S21401B9F04FF0000070BD50EA410606BF10461946DA
S21401BA0052EA430619D094EA0C0F02D150EA0136E5
S21401BA1013D195EA0C0F05D152EA03361CBF104626
S21401BA2019460AD181EA030101F0004141F0FE41C5
S21401BA3041F470014FF0000070BD41F0FE4141F449
S21401BA40780170BD70B54FF0FF0C4CF4E06C1CEA49
S21401BA5011541DBF1CEA135594EA0C0F95EA0C0FFE
S21401BA6000F0A7F8A4EB050481EA030E52EA0335B9
S21401BA704FEA013100F088804FEA03334FF08055DA
S21401BA8045EA131343EA12634FEA022245EA111507
S21401BA9045EA10654FEA00260EF000419D4208BFB8
S21401BAA0964244F1FD0404F5407402D25B084FEA65
S21401BAB03202B61A65EB03055B084FEA32024FF411
S21401BAC080104FF4002CB6EB020E75EB030E22BF6E
S21401BAD0B61A754640EA0C005B084FEA3202B6EB2E
S21401BAE0020E75EB030E22BFB61A754640EA5C00DD
S21401BAF05B084FEA3202B6EB020E75EB030E22BF6D
S21401BB00B61A754640EA9C005B084FEA3202B6EB6D
S21401BB10020E75EB030E22BFB61A754640EADC002C
S21401BB2055EA060E18D04FEA051545EA16754FEA8E
S21401BB3006164FEAC30343EA52734FEAC2025FEAAC
S21401BB401C1CC0D111F4801F0BD141EA00014FF03B
S21401BB5000004FF0004CB6E711F4801F04BF01430C
S21401BB600020B4F1FD0C88BFBCF5E06F3FF6AFAE28
S21401BB70B5EB030C04BFB6EB020C5FEA500C50F1B8
S21401BB80000041EB045170BD0EF0004E4EEA11313B
S21401BB9014EB5C04C2BFD4EB0C0541EA045170BD42
S21401BBA041F480114FF0000E013C90E645EA060E86
S21401BBB08DE60CEA135594EA0C0F08BF95EA0C0FB4
S21401BBC03FF43BAF94EA0C0F0AD150EA01347FF4FC
S21401BBD034AF95EA0C0F7FF425AF104619462CE7D3
S21401BBE095EA0C0F06D152EA03353FF4FDAE104636
S21401BBF0194622E750EA410618BF52EA43067FF487
S21401BC00C5AE50EA41047FF40DAF52EA43057FF416
S21401BC10EBAE12E74FF0FF3C06E000BF4FF0010C21
S21401BC2002E000BF4FF0010C4DF804CD4FEA410C85
S21401BC307FEA6C5C4FEA430C18BF7FEA6C5C1BD052
S21401BC4001B050EA410C0CBF52EA430C91EA030FD3
S21401BC5002BF90EA020F0020704710F1000F91EA30
S21401BC60030F58BF994208BF90422CBFD8176FEAFE
S21401BC70E37040F0010070474FEA410C7FEA6C5CCC
S21401BC8002D150EA013C07D14FEA430C7FEA6C5CD3
S21401BC90D6D152EA033CD3D05DF8040B704700BFFF
S21401BCA08446104662468C461946634600E000BF4D
S21401BCB001B5FFF7B7FF002848BF10F1000F01BD1F
S21401BCC04DF808EDFFF7F4FF0CBF012000205DF8EA
S21401BCD008FB00BF4DF808EDFFF7EAFF34BF01206F
S21401BCE000205DF808FB00BF4DF808EDFFF7E0FF08
S21401BCF094BF012000205DF808FB00BF4DF808ED59
S21401BD00FFF7CEFF94BF012000205DF808FB00BFBF
S21401BD104DF808EDFFF7C4FF34BF012000205DF8A1
S21401BD2008FB00BF4FEA410212F5001215D211D5E9
S21401BD306FF47873B3EB625212D94FEAC12343F022
S21401BD40004343EA505311F0004F23FA02F018BFA4
S21401BD50404270474FF00000704750EA013005D16D
S21401BD6011F0004008BF6FF0004070474FF0000030
S21401BD70704700BF4A0011D212F5001211D20DD53C
S21401BD806FF47873B3EB62520ED44FEAC12343F0DB
S21401BD90004343EA505323FA02F070474FF0000085
S21401BDA0704750EA013002D14FF0FF3070474FF034
S21401BDB00000704753B94AB9002908BF00281CBFC4
S21401BDC04FF0FF314FF0FF3000F08CB9ADF1080CA9
S21401BDD06DE904CE00F006F8DDF804E0DDE90223A3
S21401BDE004B070472DE9F04F099D0E4604460F46F4
S21401BDF0002B47D18A429446B2FA82F35AD943B10C
S21401BE0002FA03FCC3F120029F409C4020FA02F292
S21401BE1017434FEA1C461FFA8CFE220CB7FBF6F1BD
S21401BE2006FB117701FB0EF042EA0742904208D961
S21401BE301CEB020201F1FF3702D2904200F23C8174
S21401BE403946121AA4B2B2FBF6F006FB102200FB2A
S21401BE500EFE44EA0244A64508D91CEB040400F190
S21401BE60FF3202D2A64500F22A81104640EA01407E
S21401BE70A4EB0E0400211DB1DC400023C5E90043FC
S21401BE80BDE8F08F8B4205D90DB1C5E9000100214F
S21401BE900846F5E7B3FA83F100294FD1B342C0F063
S21401BEA00281824240F2FF800846002DE8D0C5E9B3
S21401BEB00047E5E7002B40F0AF808A1A4FEA1C4E98
S21401BEC01FFA8CF70121B2FBFEF60EFB1620220CA0
S21401BED042EA004207FB06F090420FD91CEB020231
S21401BEE006F1FF382CBF4FF001094FF000099042D0
S21401BEF003D9B9F1000F00F0DC804646121AA4B24D
S21401BF00B2FBFEF00EFB102200FB07F744EA0244E8
S21401BF10A7420FD91CEB040400F1FF322CBF4FF0EF
S21401BF20010E4FF0000EA74203D9BEF1000F00F03C
S21401BF30C9801046E41B40EA06409CE7C1F1200494
S21401BF408B4006FA01FC00FA01FE22FA04F7E640ED
S21401BF508A401F4320FA04F34FEA174843EA0C03CA
S21401BF601FFA87FC4FEA1349B6FBF8F008FB106688
S21401BF7049EA064600FB0CF9B1450ED9BE1900F197
S21401BF80FF3A2CBF4FF0010B4FF0000BB14503D920
S21401BF90BBF1000F00F0A2805046A6EB09061FFA7F
S21401BFA083F9B6FBF8F308FB136603FB0CFC49EABE
S21401BFB00646B4450ED9BE1903F1FF382CBF4FF023
S21401BFC001094FF00009B44503D9B9F1000F00F09B
S21401BFD08280434643EA0040A6EB0C06A0FB028C97
S21401BFE066454346E14602D307D1C64505D2B8EBBE
S21401BFF002036CEB070C0138E1465DB1BEEB0302B0
S21401C00066EB090606FA04F422FA01F3CE401C4355
S21401C010C5E90046002133E702FA03FCC3F120021A
S21401C02099409C40D6404FEA1C4E20FA02F21FFA75
S21401C0308CF7B6FBFEF00A430EFB1066110C41EAC4
S21401C040064100FB07F68E420ED91CEB010100F1FA
S21401C050FF382CBF4FF001094FF000098E4202D97C
S21401C060B9F1000F34D04046891B92B2B1FBFEF6FF
S21401C0700EFB161142EA014206FB07F191420ED968
S21401C0801CEB020206F1FF382CBF4FF001094FF0FE
S21401C0900009914202D9B9F1000F16D04646521A4C
S21401C0A046EA00410FE7841A66EB030201201746B1
S21401C0B0FBE6023E624421E702396244C1E664447B
S21401C0C00238D3E66444023834E7023E6244E6E7C7
S21401C0D002386144C8E7023B3E447BE702383E44EF
S21401C0E05BE700BF704700BF2DE9F04F924685B071
S21401C0F089461E460D46554A0390294615F8014BBA
S21401C100135D13F00803F8D12D2C7CD02B2C4ED0C8
S21401C1104FF0FF3102936FF00043CDE9001336F084
S21401C120100851D037464FEAE6783A464346DDE9ED
S21401C1300001FFF73FFE002383468E461846194648
S21401C140A44613E0ACF13704A6421FDD002B09DB41
S21401C15083457EEB010305D38E4508BF83453BD15E
S21401C160A24239DA4FF0FF3315F801CBACF13004B7
S21401C170092CE9D9ACF14104192CE3D9ACF16104DD
S21401C180192C03D8ACF15704A642DFDC5A1C2FD079
S21401C190029A12B1404261EB4101BAF1000F03D09D
S21401C1A0002B48D1CAF8009005B0BDE8F08F4FF0DB
S21401C1B0FF30029336F010086FF000432C7801F13F
S21401C1C00205CDE90003ADD1302C25D0002E3AD1A1
S21401C1D00A27B0463E46A8E700FB08F307FB0133F3
S21401C1E0A0FB07010B44201843EBE4710123BBE7D6
S21401C1F02223039A1360BAF1000F17D005F1FF3915
S21401C200DDE90001CEE74FF00047009301232C78CB
S21401C2108D1CCDE9017382E72B7803F0DF03582BE1
S21401C2200CD086B90827B0463E467EE7DDE9000118
S21401C23005B0BDE8F08FCDE90001DFE710276C7887
S21401C24002353E4671E710273E466EE719DC0400CC
S21401C2504AE700BF10B4044C13460A46014620685C
S21401C2605DF8044B40E700BF6C70002010B4044C2E
S21401C27013460A46014620685DF8044B34E700BFC2
S21401C2806C70002020F0030110F00300C0F10000E4
S21401C29051F8043B00F1040C4FEACC0C6FF000029D
S21401C2A01CBF22FA0CF213434FF0010C4CEA0C2C83
S21401C2B04CEA0C4CA3EB0C0222EA030212EACC1263
S21401C2C004BF51F8043B0430F4D0C2F1000102EA85
S21401C2D00102B2FA82F2C2F11F0200EBD2007047ED
S21401C2E02DE9F04780460C464548264614F801EBF2
S21401C2F010F80EC01CF0080CF7D1BEF12D0F5BD064
S21401C300BEF12B0F3AD0654633F010003ED04FF009
S21401C310FF379A46B7FBF3F703FB07F96FEA0909FC
S21401C320002630460EE0AEF1370C63451DDD002ECB
S21401C33004DBB84202D833D1CC4531DD4FF0FF36AD
S21401C34014F801EBAEF1300CBCF1090FEDD9AEF1EA
S21401C350410CBCF1190FE6D9AEF1610CBCF1190F15
S21401C36003D8AEF1570C6345E1DC731C1CD005B154
S21401C37040420AB1F6B91160BDE8F08733F010000B
S21401C38094F800E0654606F10204C0D1BEF1300F14
S21401C39017D06BBB0A234FF005091A4F9A46BFE721
S21401C3A000FB0AC00126CBE722233046C8F800303E
S21401C3B0002AE1D0611EDEE794F800E00125B41CF6
S21401C3C0A2E7207800F0DF00582807D083B90823B9
S21401C3D04FF007096FF060479A46A1E7102394F8DB
S21401C3E001E04FF00F0902346FF070479A4697E765
S21401C3F010234FF00F096FF070479A4690E700BF81
S21401C40019DC0400999999196AE700BF10B4044C25
S21401C41013460A46014620685DF8044B60E700BFF4
S21401C4206C70002010B4044C13460A46014620687E
S21401C4305DF8044B54E700BF6C7000200F4B70B5DD
S21401C4400F4DAB42A3EB050607D0B610002401340E
S21401C45055F8043B9847A642F9D80A4D25F060F8EE
S21401C460094B5E1BAB424FEAA60606D000240134F8
S21401C47055F8043B9847A642F9D870BD647400206D
S21401C48064740020647400206874002070B5860708
S21401C49047D0541E002A3ED0CAB2034601E0013CF2
S21401C4A039D303F8012B9D07F9D1032C2CD9CDB232
S21401C4B00F2C05EB052505EB054535D9A4F1100C28
S21401C4C003F1100E1A462CF00F064FEA1C1CB64458
S21401C4D0C2E90055C2E9025510327245F8D10CF195
S21401C4E0010214F00C0F04F00F0C03EB021213D030
S21401C4F0ACF1040323F003030433134442F8045B52
S21401C5009342FBD10CF003042CB1C9B21C4403F8CE
S21401C510011BA342FBD170BD64461346002CF4D127
S21401C520F9E703461446C0E71A46A446E0E700BF0B
S21401C53088420ED98B1883420BD900EB020C002AD5
S21401C5406ED0624613F801CD994202F801CDF9D1B9
S21401C55070470F2A0FD8034602F1FF3C002A5FD02E
S21401C5600CF1010C013B8C4411F8012B614503F8D9
S21401C570012FF9D1704740EA01039B0751D1A2F17F
S21401C580100301F1200C70B523F00F0501F1100E18
S21401C59000F110041B09AC445EF8105C0EF1100E9D
S21401C5A0103444F8205C5EF81C5C44F81C5C5EF8B1
S21401C5B0185C44F8185C5EF8145CE64544F8145CB4
S21401C5C0EAD1013312F00C0F02F00F0C01EB03114C
S21401C5D000EB031329D0ACF1040C1C1F8E462CF083
S21401C5E003064FEA9C0C1E445EF8045B44F8045FA5
S21401C5F0B442F9D10CF1010402F0030203EB840307
S21401C60001EB840102F1FF3C4AB10CF1010C013B44
S21401C6108C4411F8012B614503F8012FF9D170BD47
S21401C620704702F1FF3C03469AE76246EAE700BF1D
S21401C6302DE9F04F82468E463F4875461EF801BBEF
S21401C64010F80B4014F00804F7D1BBF12D0F5BD0A6
S21401C650BBF12B0F6FF0004904BF9EF800B005F147
S21401C660020E33F0100010D1BBF1300F04D0002BB6
S21401C6705ED10A231F4609E09EF8000000F0DF00A5
S21401C68058284ED0002B53D108231F460025B9FB4E
S21401C690F7F6284607FB16980EE0ABF1370C634514
S21401C6A01DDD002D04DB864202D321D1E0451FDAD1
S21401C6B04FF0FF351EF801BBABF1300CBCF1090F92
S21401C6C0EDD9ABF1410CBCF1190FE6D9ABF1610C18
S21401C6D0BCF1190F03D8ABF1570C6345E1DC6B1CB9
S21401C6E00AD004B140420AB1CDB91160BDE8F08F5D
S21401C6F007FB00C00125DDE72223CAF800305AB146
S21401C7000EF1FF314846F0E79EF800B04FF00049C1
S21401C71005F1020E0124A4E74846BDE8F08F8146E4
S21401C720EEE710239EF801B00EF1020E1F46ADE7AC
S21401C73010231F46AAE700BF19DC0400242B02D8E9
S21401C740012B00D074E710B500F02EFA1623036013
S21401C750002010BD10B5242A084C1346246807D8BB
S21401C760012A05D00A4601462046BDE810405FE78B
S21401C77000F01AFA16230360002010BD6C7000202A
S21401C78010B5242A084C1346246807D8012A05D078
S21401C7900A4601462046BDE8104049E700F004FA83
S21401C7A016230360002010BD6C700020844641EA09
S21401C7B0000313F0030349D1403A23D30B68036007
S21401C7C04B6843608B688360CB68C3600B69036109
S21401C7D04B6943618B698361CB69C3610B6A0362F1
S21401C7E04B6A43628B6A8362CB6AC3620B6B0363D9
S21401C7F04B6B43638B6B8363CB6BC36340304031BE
S21401C800403ADBD230320BD30B6803604B6843608F
S21401C8108B688360CB68C36010301031103AF3D256
S21401C8200C3205D351F8043B40F8043B043AF9D2E4
S21401C830043208D0D2071CBF11F8013B00F8013BB7
S21401C84001D30B8803806046704700BF082A13D3C4
S21401C8508B07B1D010F00303AED0C3F10403D21A94
S21401C860DB071CBF11F8013B00F8013BA4D331F8EC
S21401C870023B20F8023B9FE7043AD9D3013A11F86C
S21401C880013B00F8013BF9D20B7803704B784370FB
S21401C8908B78837060467047024B014618681BF020
S21401C8A084BE00BF6C700020024B014618681BF066
S21401C8B07FBE00BF6C700020CAB384460B4630B5FD
S21401C8C004460843800719D09CF800000C78A04263
S21401C8D012D150B3012A28D0E64603E01CEB030F21
S21401C8E023D010B31EF8010F11F8014FA2EB0E036F
S21401C8F0A04203F1FF33F1D0001B30BD032A07D855
S21401C900E2E7043A11D01EF0803F0ED1032A10D977
S21401C9102068194653F8045BA446A0F1013E04348E
S21401C920A8422EEA000EECD0CEE7002030BD10461D
S21401C9307047A4461946C7E780EA010C1CF0030FAE
S21401C94037D110F0030C20F0030021F0030150F85A
S21401C950042B08BF51F8043B0ED08CF0030C6FF08B
S21401C9607F434FEACC0C23FA0CFC51F8043B42EA15
S21401C9700C0243EA0C0300BFA2F1013C9A4201BF3C
S21401C9802CEA020C1CF0803F50F8042B51F8043BB3
S21401C990F2D04FEA02604FEA1222012828BFB0EB1C
S21401C9A0036F08BF1B0AF4D003F0FF03000EC01A82
S21401C9B0704710F0030F0AD010F8012B11F8013B55
S21401C9C0012A28BF9A42F4D0A2EB030070474DF823
S21401C9D0045D50F8042B01F0030521F0030151F822
S21401C9E0043B022D26D04DD822F07F45B5EB132F00
S21401C9F0A2F1013C2CEA020C0DD11CF0803C08BFD0
S21401CA0051F8043B0AD185EA0205B5EB036F0CD158
S21401CA1050F8042BE8E74FEA13235BE03CF07F4C29
S21401CA2054D10B784FEA126554E04FEA126503F0D1
S21401CA30FF034FE04FEA0245A2F1013C4FEA1545DC
S21401CA402CEA020CB5EB134F18D11CF0803C08BF42
S21401CA5051F8043B07D185EA0205B5EB034F09D12E
S21401CA6050F8042BE6E75FEA0C4C2FD10B884FEA0F
S21401CA7012452FE04FEA03434FEA12454FEA1343AC
S21401CA8028E000BF02F0FF05B5EB136FA2F1013CF1
S21401CA902CEA020C0DD11CF0803C08BF51F8043B77
S21401CAA00AD185EA0205B5EB032F0AD150F8042B0B
S21401CAB0E8E74FEA13630DE012F0FF0F06D051F8D6
S21401CAC0043B4FEA122523F07F4303E04FF00000BA
S21401CAD020BC704705F0FF0203F0FF00012828BFC5
S21401CAE0904204BF2D0A1B0AF4D0A2EB000020BC22
S21401CAF0704700BF08B5064B044613B1002100F08D
S21401CB00AFF8044B1B6803B19847204619F0F1FEB5
S21401CB1061CC0100F4560020002301461A4618464F
S21401CB2000F048B8032A30B415D941EA0004844617
S21401CB300B46A40704D0541E0FE0043A032A08D972
S21401CB401946604653F8044B5CF8045BA542F4D0E2
S21401CB50F1E760461946541E7AB1431E013902199F
S21401CB6001E09A4209D013F8010F11F801CF604590
S21401CB70F7D0A0EB0C0030BC7047002030BC7047EB
S21401CB8038B5074D074C2C1BA41005D0013C55F8B1
S21401CB90043D9847002CF9D1BDE8384024F0C6BCC6
S21401CBA06C74002068740020014B1868704700BF41
S21401CBB06C700020F0B5264C83B006460F462568FB
S21401CBC005B36C681F2C3FDCA6B1D5F8880048B3C6
S21401CBD0D0F800114FF0010C40F82420022E00EB93
S21401CBE084020CFA04FC4CEA0101C0F80011C2F8F8
S21401CBF0803010D0631C002002346B6045F824702E
S21401CC0003B0F0BD13491448216010B10068C1F8A3
S21401CC108800104DD5E7D0F8043143EA0C03C0F87C
S21401CC200431E7E70D49CDE9002369B14FF484707B
S21401CC30FFF732FE40B100216C68C0E94011DDE922
S21401CC400023C5F88800C5E74FF0FF30D8E700BFDE
S21401CC5084570020F85600200000000099C8010003
S21401CC602DE9F04FDFF8B49083B0D9F8006096B3A1
S21401CC70884601907568D6F888706C1E2BD40135ED
S21401CC8007F1800B06EB8505B8F1000F26D1736816
S21401CC902A68013BA3423BD000232B60BAB1D6F8E9
S21401CCA004A05FB30123D7F80011A3400B4225D09F
S21401CCB0D7F8040157F8241003422BD10198904766
S21401CCC07368D9F8002053451ED1B2421CD1013CED
S21401CCD0043D631CD8D103B0BDE8F08F4FB15BF8BB
S21401CCE024304345D3D0013C043D621CF3D0002FD1
S21401CCF0F5D1013CEFD3013CFBD2ECE790477368DA
S21401CD00D9F800205345E0D0002AE4D01646B1E712
S21401CD107460C3E708469047D2E700BF84570020F7
S21401CD20431E033306D8044B984228BF184664288E
S21401CD3038BF6420704700BF40420F0038B5194B1A
S21401CD4005461B680C4603B1984744B1236833B1C6
S21401CD501B68013303D0E3680BB1A3684BB91FF01E
S21401CD608BFB00204FF4C172412100F0FFF9212016
S21401CD7038BD204602F04AFC00230B4A85F83C31B8
S21401CD80C5E93743C2E9003363694BB1074A42211B
S21401CD9010684FF4D272C31A5842584100F0E6F9AF
S21401CDA00020E5E7F4590020D06C0020585A0020F6
S21401CDB0F8B5044624F0A1F8002607460E4B1B687A
S21401CDC093B19E68AEB196F82420D20711D43546A9
S21401CDD00FCC0FC50FCC0FC523682B6096F82430F7
S21401CDE043F0010386F82430384624F081F83046B3
S21401CDF0F8BD1B68E4E700BFC070002010B504460C
S21401CE0018B9054B054A136010BD00F0D9FCD4F8DB
S21401CE10E830002BF6D1F4E723BC0300BC700020F9
S21401CE20014B1868704700BFD06C002008B5024659
S21401CE300868FFF775FF08604868FFF771FF4860EC
S21401CE408868FFF76DFF8860C868FFF769FF0B69A0
S21401CE50C860581C03D00B48834228BF03460B61A9
S21401CE604B69581C03D00748834228BF034688698C
S21401CE704B61FFF755FFBDE808408861104601F099
S21401CE807BBC00BF40420F00D0F8E0302DE9F041F6
S21401CE9005460C4613B1C38D8B424CD0D5F8DC3019
S21401CEA0002B4BD09E68002E48D0D868002845D06D
S21401CEB0013800B200281ADB002106E0128A591C4C
S21401CEC0A24217D209B2884211DB0B1803EBD373C7
S21401CED05B1003EBC30206EB8202B2F80EC003F14D
S21401CEE0FF3EA445EAD90FFA8EF08842EDDA2120FA
S21401CEF0BDE8F0814FF6FF7299B29142F7D09BB22E
S21401CF0003EBC30306EB83062846B6F9122095F811
S21401CF103011D5F8F080EFF755F80746B8F1000F55
S21401CF2004D00023324628461946C047EC85C5F88A
S21401CF30E06085F839710020BDE8F0810E20BDE87B
S21401CF40F08100BF2DE9F04782B004460F46164631
S21401CF5001F086FE002863D14F4D2B68D4F8DCA083
S21401CF60D4F8E0800BB1534576D04FF00009AF609E
S21401CF7001F09EFE0128074665D120461FF0BBF949
S21401CF80002851D12B68DAF80010D8F8002013B128
S21401CF90186888426BD020461FF05FF9C5E900A8E3
S21401CFA0D4F8F0508DF80760002D67D00022204697
S21401CFB011460DF10703A847204600F0EDFF054690
S21401CFC0B9F1000F0FD076B9D4F88C300BBB012F16
S21401CFD005D025B1314B002103205B6898472846D0
S21401CFE002B0BDE8F087B5FA85F040F2075233216A
S21401CFF0400900F0BBF83146204601F00BFA284BF9
S21401D00005461B68414620469847D4F88C30002BCD
S21401D010DDD000224FF40073204600F0E1FBD6E796
S21401D02000231D4D6B6098E794F82530DA07A9D5E3
S21401D030D4F894305B05A5D51A4B01220021204671
S21401D0401B6898479EE70021012000F001FC01F0D3
S21401D0502FFE0128FBD190E76B68002B85D0434556
S21401D06083D1AB689F4215D04FF001097FE769680D
S21401D07011B10968914291D059688CE794F82A1049
S21401D08094F839313246994228BF1946204600F0B5
S21401D090D1FE91E70025A2E7D06C0020C8700020E1
S21401D0A0BC700020F8590020F8B50F46054623F05D
S21401D0B024FF394606462846FFF7E6FE044620B119
S21401D0C0304623F015FF2046F8BD01F0A7FD2246A5
S21401D0D039462846FFF736FF04460028F0D1284691
S21401D0E01FF009F90028EBD095F8253013F001035D
S21401D0F00DD0D5F8942052050DD5B5F82A21BA429F
S21401D10005D0B5F82C31DB1BB3FA83F35B09034A70
S21401D11082F8C430D4E72346F9E700BF001E00B00A
S21401D12013B5044669461EF0AAFE20461EF0EEFF21
S21401D130FF28024606D020469DF80010EEF7C0FFF5
S21401D14002B010BD0048FBE70080FFFF38B5044D74
S21401D150044C054B286021601A6023F023FB38BD80
S21401D16088590020C47000208C59002010B550B991
S21401D1700548064B0160064802601868054B1860B2
S21401D1801868FFF7E3FF10BDC4700020E45A0020C2
S21401D1908C590020885900202DE9F0418AB001AC55
S21401D1A005460B462746194A02F1200C264610680A
S21401D1B05168083203C662453446F7D1002B08BFD2
S21401D1C03B46002710681C463060384603F10C06C3
S21401D1D090B95FFA87F84246284621881FF08EF8F4
S21401D1E050B942462846E1881FF099F820B94246D0
S21401D1F0314628461FF0A5F80137032F06F1080629
S21401D20004F10204E4D10AB0BDE8F0813CDD04007B
S21401D210F0B589B005460E461FF0A2F8044600BBDD
S21401D22001AC06F10C070FCF0FC497E8070084E89E
S21401D230070001A92846FFF7F9FD2846311D1FF012
S21401D24069FA044648B92846074901F057FA0446E0
S21401D25018B9284601F0C6FD044628463168FFF78E
S21401D2609BFF204609B0F0BD34DD040001491EF0E5
S21401D27059BE00BFB5ED010070B5164E0328044631
S21401D2800D4633781ED023FA04F202F00102AA42B8
S21401D2901DD053B10122A240A54023EA02032B432D
S21401D2A0DBB233704BB1012070BD2DB10A4B0120AA
S21401D2B01B6898473378EDE73570074B00201B68ED
S21401D2C09847F0E79A07DED003F0FC03E9E7002071
S21401D2D070BD00BF0E6A0020CC59002038B5044648
S21401D2E00D4605F077FD60B101F0C6FC48B9012D89
S21401D2F007D801201EF0DFFF0D4B1B6823B15B68CA
S21401D30098470C4B1C7038BD23F051FF0A4B1A6826
S21401D310801A186022F0C0FB4FF47A72074B1B6824
S21401D32002FB00301EF0FCFD012001F0ADFCE8E739
S21401D330F05900202F740020C4590020C85900203D
S21401D340F8B505460C4623F0D8FD104F06463B7847
S21401D35033B1012D04D01CB90D4822F0EFFA3C7010
S21401D36021462846FFF788FF0A4B04461B783BB93F
S21401D3703B782BB91EF093FF10B1074B1B689847FB
S21401D380304623F0B5FD2046F8BD00BF0F6A0020E9
S21401D390A05900200E6A0020C8700020054A0B46DE
S21401D3A0117831B100211170034A012152681878B1
S21401D3B0104770470F6A0020C8700020124B0239D0
S21401D3C0012910B518701ED805F004FDD8B101F07A
S21401D3D053FCC0B101F034FAA8B90C4B1C6834B147
S21401D3E023689847BDE8104000201EF064BF1EF079
S21401D3F095FD074B186023F0DAFE064B18602046B1
S21401D40001F042FCEEE710BD2F740020F059002019
S21401D410C8590020C459002038B5044680B123F00D
S21401D4206CFD01210446084621F02CFF01210B4A20
S21401D43008461BF08EF92046BDE8384023F058BD5B
S21401D44023F05BFD05462146012021F01BFF01204C
S21401D4502146024A1BF07DF92846EDE723B3040076
S21401D460F0B585B023F049FD344D04462B7823B141
S21401D470334822F063FA002852D122F0E9FA02AAD0
S21401D48003A91EF0F6FE0346002838D01EF005FF5D
S21401D490029B98421CD100202A4B03991B682A4EF6
S21401D4A09942307020D90027C91A012324482B70CD
S21401D4B0264A3346CDE9007723F055FE002837D1BA
S21401D4C0234A1378D90701D53178F9B1204611E0FE
S21401D4D01EF0E1FE029B984228D000231846194907
S21401D4E0194A0968137003910121FFF7C5FE00234D
S21401D4F020462B7023F0FCFC002005B0F0BD204632
S21401D5002B7023F0F5FC212005B0F0BD03F0FE03DF
S21401D5101370002BDAD10F4B1B6898472046E9E7BA
S21401D520204623F0E5FC0E2005B0F0BD0220B3E74F
S21401D530032320462F703370F3E700BF0F6A0020E5
S21401D540A0590020C05900202E7400209DD3010050
S21401D5500E6A0020CC59002038B523F0CEFC0F4DC2
S21401D56004462B789BB90E4A0E4913700E4B0F4A90
S21401D5700F481A600F4A5A60F0F7CEF90E490F4865
S21401D580F0F7CAF90E4B0F4A1A6001232B70F0F719
S21401D590CDFA204623F0ACFC002038BD106A0020EE
S21401D5A00F6A002060DD0400C870002061D401000D
S21401D5B09059002041D3010068DD040098590020ED
S21401D5C0CC59002019D401002DE9F0438F7880460C
S21401D5D00F2F0C4685B003D9212005B0BDE8F08396
S21401D5E027B90123374A00201370F6E70D784E78E5
S21401D5F0EDB9002EF0D194F90310E08803F00AF893
S21401D6002128E9D055EA0603A088DFF8C89013D090
S21401D61003F064F84FF60403B9F8002001469A4275
S21401D6204BD1AE42334638BF2B4600262DE0082D9F
S21401D630D2D8082ED0D8DEE703F050F84FF604050E
S21401D64001464FF60500204A136E9BB2AB4208BF57
S21401D6500346B1F5803FA9F800300FD9022308250B
S21401D660136680230126C2F880302B4649084FF600
S21401D670FF720139914228BF114608E08023012636
S21401D68008251666C2F880302B460029EFD1002205
S21401D69002920122013FFFB2009201972A4608F149
S21401D6A0F80002F0B7FE1EB14FF48012074B5A6520
S21401D6B0074BA2681A60022394E703480266A9F89A
S21401D6C00030AEE7116A002000C001B800D001B8F2
S21401D6D0D85900209A73002010B50446D0F81821B6
S21401D6E00B4B4FF40061C3F8A82090F82420D20118
S21401D6F002F4006205F0D2FA94F8243013F0100F09
S21401D7004FF4007314BF034A034A136710BD00BFEA
S21401D710001E00B0001002B8002002B8431C07D05B
S21401D7206FF0FF02034B10401A62A3F58053186294
S21401D730704700BF00E000B8F8B504460F4616462D
S21401D74023F0DBFB0546A047044620B1284623F01C
S21401D750CFFB2046F8BD04F07FFC04220549D1F832
S21401D760D83E23EA07033343C1F8D83E024B1A6773
S21401D770ECE700BF001000B0002002B800F018036C
S21401D780182B0AD003070AD440F2011310F0100038
S21401D79018BF1846034B186570470020FAE70120AA
S21401D7A0F8E700BF001F00B0044B1868830654BF9B
S21401D7B0C0F30F204FF6FF70704700BFC05A00201D
S21401D7C038B10368044A002B08BF1346034A1360A6
S21401D7D07047014BFAE700BF6BBF0300D47000200F
S21401D7E010B4D0E9544122400B4052EA030104D060
S21401D7F003495DF8044B096808475DF8044B704718
S21401D800D47000200F2938B505460C460ED801F015
S21401D8104FFA01280CD1074A2846D36B23F00F0391
S21401D8202343D3631EF0ABFD002038BD2120FCE767
S21401D8300220FAE7001F00B0014B186C704700BFCA
S21401D840001F00B0014B002019647047001F00B094
S21401D85003282DE9F347884655D82C4B13F800903A
S21401D8602B4B1E5C2B4B13F800A023F046FB074600
S21401D87004F03EFB054640B100230022CDE900330B
S21401D88001200023002104F079F904F039FB48B1A6
S21401D89000230022CDE90033002000234FF400418D
S21401D8A004F06CF96EB31C4BDC6C04F008041B4BE3
S21401D8B03146DC64484604F02DFC52463146484663
S21401D8C004F092FC164BDC646DB1164B1868D0F868
S21401D8D09410F83003F06EFA13490868FFF71EFF3C
S21401D8E04FF0FF330B60B8F1000F04D00F4B00214F
S21401D8F003205B689847384602B0BDE8F04723F03E
S21401D900F7BA3446D3E702B0BDE8F08778DD040005
S21401D91074DD040070DD0400004000B8006000B84B
S21401D920005000B8E45A0020D0700020C8700020D3
S21401D9300F4A136F13F0A00F15D1506F10F00400AB
S21401D94013D10C4BD3F8D83E23F07F4323F0FF03CB
S21401D9505BB1D368C3F30362092A07D0B2F10C00A6
S21401D96018BF01207047002070470120704700BF94
S21401D970000002B8001000B070B50D46064620B98A
S21401D9801A4B1B68A3B10E2011E001F091F9012892
S21401D99029D1174B93F90040C4F11C04641BC4F150
S21401D9A01C03002BB8BF5B42232B0CDD212070BD6E
S21401D9B081EAE173A3EBE173DBB2232BF6D80C4BC0
S21401D9C019700020F3E786F8285023F096FA094AE2
S21401D9D0E402D36904F4FF2423F4FF231C43D46137
S21401D9E023F086FAEDE70220E1E700BFE45A0020C3
S21401D9F0126A002000C000B818B9034B93F9000062
S21401DA00704790F928007047126A002010B5044646
S21401DA101EF071FC10B1012001F0D4F92046FFF789
S21401DA205BFE23F06AFA0A4A0121D2F8A0300446C6
S21401DA3023F02003C2F8A0300222064B08469A6063
S21401DA40054B5B689847204623F052FA002010BD2C
S21401DA50001E00B0001002B8C8700020064B5A6ABB
S21401DA60920207D4D3F8803013F4706F14BF0120EC
S21401DA700020704701207047004001B8F8B50E46F7
S21401DA80D0F8943002EA010423EA01032343C0F8E4
S21401DA909430464A01F00B0323EA0401D164234083
S21401DAA0A2F58052D3647207054610D50121FFF70F
S21401DAB0D5FF60B104F0D0FA4FF4007314F0040FF0
S21401DAC014BF3B4A3B4A536204223B4B1A67F30698
S21401DAD006D514F0100F14BF00221B22374B5A65CF
S21401DAE037061DD5200616D54FF40012304B1A62A4
S21401DAF0012203F58053C3F8002123F0FEF90E211D
S21401DB000746032003F09EF840F201222B4B3846CD
S21401DB10DA6223F0EDF9214605F1F80003F04AF93F
S21401DB20F10503D5E2052AD503F05CF8B30503D564
S21401DB30A70527D503F062F816F48C6F1DD014F4F0
S21401DB40806224D095F82530DC070CD5EA8DB5F82F
S21401DB502A31934219D0B5F82C31981A43424341E1
S21401DB60174A82F8C430D5F8E41028461EF0FEF9AC
S21401DB708022144BD864144B1A610020F8BD03F0C0
S21401DB802BF8D3E703F034F8D6E70123E8E771056D
S21401DB90E9D595F82530DB07E5D5094B114683F81D
S21401DBA0C4200A4B28461B689847DCE7006000B88B
S21401DBB0005001B8006001B8002002B8004000B86B
S21401DBC0001E00B0001F00B0000002B8F859002087
S21401DBD0014B1868704700BFE459002037B523F0A1
S21401DBE08CF9002401230022CDE9003400230546E8
S21401DBF01946104603F0C2FF022002F0E7FA064B70
S21401DC0021461C60054B02205B689847284623F096
S21401DC106FF9204603B030BDEC590020C8700020D3
S21401DC202DE9FF4102290D4616469846039004D178
S21401DC30FFF7D4FF04B0BDE8F08123F05EF91E4F74
S21401DC4004463B683BB1B34205D023F051F90023AB
S21401DC5021203B60EEE7194B0022C3F800803E60AE
S21401DC60002301264FF0000810461946CDE900664C
S21401DC7003F084FF124B022083F8008002F0A6FA1C
S21401DC8043462A46022003A902F0BEFA0D4B039A28
S21401DC901A6008B92046D8E70B4D2B68984721280B
S21401DCA004D0204623F024F90020C3E731466B68F0
S21401DCB002209847F5E700BFEC590020E8590020FC
S21401DCC0146A0020E4590020C8700020044B5B6EE3
S21401DCD05B054EBF0120034B187800F0010070472A
S21401DCE000C001B8146A00200A78022A11D0101F59
S21401DCF04242424152004B781201022B0BD0191FAF
S21401DD004B424B415B000549054842EA8312FFF747
S21401DD1013BD0122EFE70123F5E700BFF0FFFF0087
S21401DD20F9EC01000B78022B10D0181F4342434137
S21401DD305B004A78022A0BD0111F4A424A41520020
S21401DD400F21044843EA8202FFF7F6BC0123F0E7FD
S21401DD500122F5E725ED01002DE9F8430E7804468A
S21401DD60042E0D4690F830810BD100275FFA87F913
S21401DD70484601F07DFD08B14E4602E00137042F0A
S21401DD80F4D1304601F074FD002849D094F83031C2
S21401DD90B34209D1AA88D4F8A8309A4204D16A8835
S21401DDA0B4F832319A4238D084F83061AB883046C4
S21401DDB0A4F834316B88A4F83231AB8804F5987531
S21401DDC0C4F8A830FF2384F82B301EF089FB84F8B2
S21401DDD02A00284601F078FC18BB284601F03EFDD3
S21401DDE0F8B9D4F8E03053B194F83011414506D073
S21401DDF02046B3F91220EEF7E5F884F839012046FB
S21401DE0001F09AFE0949A4F834010123084AD1F821
S21401DE10FC1004F1F80003F0AFFC0020BDE8F88325
S21401DE2021200C2384F83031F8E700BF001F00B032
S21401DE30581F00B0F8B5054690F830010C460C287E
S21401DE40164623D0FF2923D01AB14FF0FF32114BCB
S21401DE501A601EF045FB074695F8300101F068FD93
S21401DE60844228BF0446E4B2BC4238BF3C46E0B216
S21401DE7085F82B0001F002FEFF280CBF21240024A8
S21401DE8016B9284601F068FD2046F8BD0224FBE7D6
S21401DE902124F9E7D870002010B590F830310446F7
S21401DEA00C2B43D0D0F8E03080F82A10D3B3D0F84A
S21401DEB0F020CAB990F839318B421BD30022204694
S21401DEC0FFF7B8FF40BB1A4B1B78022B23D820461E
S21401DED001F032FE17490123174AD1F8FC1004F16C
S21401DEE0F80003F049FC16E0B0F94220B3F912300D
S21401DEF09A42E3DD0022204694F83911FFF79AFF93
S21401DF0050B9C4F8E00020461DF033FF4FF6FF730A
S21401DF109842014601D1002010BD2046BDE81040C0
S21401DF20FFF7C2B8FF2380F82B30F4E70220F3E7AF
S21401DF309E730020001F00B0581F00B0F0B51D46AC
S21401DF40144B04461B780F46164685B05BB1D0F8D5
S21401DF50E030E3B102AAB3F912300092002219F0C0
S21401DF605AFB05B0F0BD02A91DF089FF9DF8081007
S21401DF703A462046EEF726F8014626B92A462046B6
S21401DF80FFF758FFEDE72046FFF786FFE9E718465B
S21401DF90E7E700BF3AB50400D0F89C30012B01D169
S21401DFA00020704770B5044665498CB01EF0CDFA66
S21401DFB0D4F8E0600146E58DC4F8E40026B1336884
S21401DFC013B15B68002B71D122F097FF22F090FF0E
S21401DFD00123D4F8E4108DF80630B389D6E9012080
S21401DFE0EB1A9BB200FB03225648ADF804300368D7
S21401DFF000928B4207D020461DF0B8FF802252497E
S21401E000524BC8641A61514D00F052FE0128FBD1F3
S21401E010AB689E06F8D420469DF80620009906AB0C
S21401E02003F0E6F800283ED100F042FE0128FBD1BD
S21401E030464A136FD801FCD493689906F9D468460A
S21401E04006A903F08DFA054668BBE28D404B5A647B
S21401E05094F8243060F3410384F8243000F0EEFF96
S21401E060D4F8E0305969431E0E68DBB2FD2B0296E8
S21401E07022D9F31C34D84B68FF2803935ED10126BE
S21401E080DA1C25D8024602A920461EF087F9E6B911
S21401E090D4F8543199053FD494F8243043F0020360
S21401E0A084F8243011E002200CB070BD1A68032AEF
S21401E0B08AD99B6A5B0E8EE74B6801280393DED0F4
S21401E0C00246204602A91EF069F900200CB070BD78
S21401E0D00133204B5B6816D0DA1C23D80393D1E7B3
S21401E0E01C4B01361B6818BF0126DD1C06D802939F
S21401E0F04B68FF280393C3D00020C3E7FF284B6873
S21401E10019D00393C3E7DD1C0FD80246204602A9A7
S21401E11003931EF043F9BBE720464FF480311EF00F
S21401E120C5FAD2E7FF28B2D1E6E7FF28B0D1002230
S21401E130204602A9EDE701200393A1E72A46C0E79E
S21401E140FC1F00B0D4590020001F00B0000002B828
S21401E150008001B8E070002010B50C4619B11EF021
S21401E160CAF800B10434204602F0B8FA024B404225
S21401E170C3F8C80E002010BD001000B0838E70B525
S21401E18093420C4615461CD3836C8B4208BF002471
S21401E19022F0B3FE4FF49C530B490646CA68C2F3FD
S21401E1A00362D340DA0702D50B6F9B0304D4012226
S21401E1B02946204601F016F8304622F099FE002046
S21401E1C070BD2120FCE700BF000002B82DE9F84F22
S21401E1D0064615460B4611B92120BDE8F88F002AE0
S21401E1E0FAD0032905D8002201F05EF9034600287B
S21401E1F0F2D01C889978B4F5804F01F0070080F0C2
S21401E200C580A0F1070C1A7993F805A0DF88DCF128
S21401E210000343EB0C0305282B7394BF0023C1F3C3
S21401E2200013C1F3801C6B738B0985F810C003F0D3
S21401E2300203C1F3C00C43EA0C03C1F340116B7433
S21401E240A974AF82002A40F0828096F81E31013B05
S21401E250DBB2EB74D6F89430DF0600F18380063823
S21401E26001287FD8B6F81280F76908F1FF38484BC5
S21401E270083C04EA08045B6D3B5D0134802B0EBF4D
S21401E2806FF07F03323B5BB2AB730023AB6096F853
S21401E290279004EA0804B9F1000F61D1631D03EA6F
S21401E2A008035A1C02EA0802BA5CFB5C43EA022332
S21401E2B0D9040FFA83FB4CD5D6F8E43013B11B68AA
S21401E2C0022B05D841F24D724C210020FEF74EFF7D
S21401E2D0D6F8E420CBF30B0392F82420DB000AB136
S21401E2E0B3FBF2F39A4508D83BB1CAEB0A2ABAFB4C
S21401E2F0F3FA6FEA0A0A5FFA8AF9D6F8EC3023B124
S21401E300484695F90E1098478146631C85F80F908C
S21401E31003EA0803F95C013303EA0803FA5C0133F4
S21401E32003EA080341EA0221FA5C013303EA08031F
S21401E330F85C41EA0241002341EA00616A7C30460A
S21401E34003F0D8FA06232860AB71002045E7531E78
S21401E3507EE717F804904FEA49095FFA89F9CCE796
S21401E3609946D2E700230020EB730A4B5A69C2F3A1
S21401E3700723120448BF63F0FF035AB212F1800F5D
S21401E3801CBF323B5AB2AA730346DCE7022024E7DD
S21401E390004000B800C000B838B5148811F0030575
S21401E3A04FEAC40422D13F2C20D9B4FA84F4C4F134
S21401E3B01903DBB2052B01D8192C15D0052B28BF64
S21401E3C0052301240633DBB29C40C4F3CF0313803C
S21401E3D003828161448700F02DFF054A631E2343B3
S21401E3E0C2F8A430284638BD2B46EAE72125F9E7CE
S21401E3F0001E00B011F5004F1FBF01F30E01044BC4
S21401E400C1F30E01002014BF99642120704700BF9C
S21401E410008001B8F8B504460E4619B990F82430C4
S21401E4205A063FD44FF6FF73618ED4F8E4709942D2
S21401E43004D0314B1B680BB1204698472F4D2B68F3
S21401E440BB424DD02E4B1B683BB11FB13A68002A28
S21401E45048D0BF683946204698470727204601F02E
S21401E4606BFB002E32D006270126264B94F9282076
S21401E47093F900302449C3F11C039B1ACA69DB02D5
S21401E48022F4FF2203F4FF231343CB61D4F8E430D4
S21401E4901E4A2B601E4B976720461E701DF06FFFAD
S21401E4A00020F8BD4FF6FF71144DD0F8E4702A68CD
S21401E4B066F386139742418680F8243017D0104BB6
S21401E4C01B68002BC1D101F037FB072711493B46DA
S21401E4D0114AD1F8FC1004F1F80003F04DF9C2E737
S21401E4E00127BBE71746204639469847B5E701F0AE
S21401E4F023FB0127EAE700BFE0590020D45900209A
S21401E500DC590020126A002000C000B8006000B884
S21401E510136A0020001F00B0581F00B0054A126899
S21401E5201AB190F81E1119B91047084602F0AABB95
S21401E53001487047D059002000FEFFFF344B2DE9FB
S21401E540F7431C6801F4007900F00103174653EA0B
S21401E550090206460D4635D04FF000083BB30023AE
S21401E560002200210120CDE9008803F007FB0420EA
S21401E57001F02CFE41462046FFF7D0FF012241461E
S21401E580208610461DF0A7FBD4F8941004F1F8007D
S21401E59002F010FC1F490868FFF7C0F84FF0FF3380
S21401E5A00B6094F8243043F0040384F82430B9F166
S21401E5B0000F07D0012120461EF078F825F40075DB
S21401E5C006430D432B4632462046FFF709F9FB0763
S21401E5D00FD51149114A08680021136811600121FD
S21401E5E00F4A117003B198470E4B002102205B6859
S21401E5F0984717F00E0F08D04FF409723B21002000
S21401E60003B0BDE8F043FEF7B1BD03B0BDE8F0834B
S21401E610E45A0020D0700020E8590020EC59002070
S21401E620146A0020C870002008B54822002102485C
S21401E630FDF72CFF002008BDDC1E00B073B5782165
S21401E6406422A0F8141182210C23C0E94112C0E90A
S21401E6504322C0F8002107224FF0FF35002680F83C
S21401E66030314FF6FF730446C28700F14C028264D4
S21401E6701E4AC385A0F8403080F82C30438642639A
S21401E680038780F82860C0F8A850458580F8265092
S21401E69003F03EFC2046FFF7C7FF94F928102046FA
S21401E6A0FFF76AF9602340F6FF71114A2046D364EA
S21401E6B002F11C42D162D1650E4A2946D36440223A
S21401E6C00D4B1A67D4F89420FFF7D8F90E230022D1
S21401E6D0CDE9003340F202231046194603F04EFA04
S21401E6E001F0E2F8304602B070BD00BF4000FFFF07
S21401E6F0004000B8005000B8002002B810B50C4623
S21401E700FFF792FFBCB1A378082B16D8E278082A47
S21401E71013D843EA021313F0FF030CBF19466168CE
S21401E720074AC2F8DC10217882F82011617882F855
S21401E730233182F82111002010BD2120FCE700BF03
S21401E740001E00B0012A10B512D8032B10D803EB17
S21401E75082020123074C934094F82201DBB221B1D7
S21401E7600343002084F8223110BD20EA0303F8E7B2
S21401E7702120F9E7001E00B0034670B50C68B0F81A
S21401E7803421013408BFD3F800418D6808BF0C60FE
S21401E7904C68F830013404BFD3F80C414C606E1C51
S21401E7A03CD1D3F80841CE688C60751C3CD1D3F8B7
S21401E7B004510E69CD60013604BFD3F8F8600E61CE
S21401E7C04E69013604BFD3F8FC604E618E6901368E
S21401E7D004BFD3F810618E618E695EB35A32B242BD
S21401E7E038BF32460E688A6116B15A2E38BF5A268D
S21401E7F0C3F808414C68C3E94065C3E943420A6966
S21401E800C3F8F8204A690C49C3F8FC20D1F8FC107B
S21401E81007230A4A02F0B0FF002070BD02F15A0435
S21401E820AC4238BF2C46BEE702F17805B54238BF88
S21401E8303546BEE76422D5E7001F00B0581F00B07A
S21401E84070B522F05AFB04460B4E00F031FA01284F
S21401E85005D0204622F04CFB0225284670BDF36801
S21401E86013F0706FC3F30365EFD1B36ADB06ECD523
S21401E870204622F03DFBF0E7000002B838B522F052
S21401E8803CFB4FF6FF710A4A13888B4203D122F0F4
S21401E8902FFB0E2038BD074C074D1B046566A4F5FB
S21401E8A080546366118022F023FB0020F2E700BF4C
S21401E8B09C730020006001B80000FFFF2DE9F743BC
S21401E8C004460F4615461E46FFF732F830B3A38AB4
S21401E8D023B320461DF015FB78B9002E40F0F280D8
S21401E8E0794BD3F8D83E03F03002102A00F0EA80C4
S21401E8F003F0C003402B00F0E580DFF80082D8F873
S21401E9001430D90740F1DE8022F0F7FA06460320DC
S21401E91001F058FD30B1304622F0EAFA022003B089
S21401E920BDE8F083D8F8142012F00608F3D130467B
S21401E93022F0DEFA644B4FF400612046D3F8D89EED
S21401E940D3F8AC6E04F0BEF940B14FF40072012169
S21401E9505E4B08461A6742461DF0BDF994F825300D
S21401E960DA0707D5D4F894305B0542BF4FF400228E
S21401E970574B1A6739462046FEF796FB524BC3F8AB
S21401E980D89EC3F8AC6E0028C9D194F824309806F6
S21401E99001D4002D57D0C5F3400003F023FB02231A
S21401E9A015F4807F1BBF0021494A484A136717BFE9
S21401E9B0484A13675161136303F04EFB4FF48063BB
S21401E9C015F0040F14BF444A444A15F0400F536231
S21401E9D04FF004023D4B28461A674FF0400314BF20
S21401E9E03F4A404AC2F88830FEF7C8FE20461DF06E
S21401E9F0B2FB38B14FF4807315F0010F14BF344ADF
S21401EA00324A1367A90647D54FF6FF72B4F840306D
S21401EA1093420FD0344A3549526E100CC2F301129C
S21401EA200132B3FBF2F308802B4A2C4930481B0411
S21401EA3048665366003D18BF012594F8243065F3F7
S21401EA40451384F8243020461DF055FCF0B12046CD
S21401EA501DF081FBD0B14FF40031204604F032F9AD
S21401EA60431C03229BB2234801A91DF0FCFC9DF820
S21401EA70042002F00703052B9DF8053015D1120777
S21401EA800DD443F480731C4AC2F8B830002003B09A
S21401EA90BDE8F0431DF0F4BCFFF7F0FECAE713F043
S21401EAA0040F09D19DF80630EBE703F03002202A67
S21401EAB005D113F0010FF4E74FF48073E3E79DF8F7
S21401EAC00630E0E70E202AE7001000B0002002B86A
S21401EAD0001002B800400054005001B8006001B8B0
S21401EAE000D000B800E000B8004001B89C730020D8
S21401EAF00000FFFF08400054001E00B000C001B82F
S21401EB002DE9F3410646884615461F4622F0F5F9DB
S21401EB100446032001F056FC38B1204622F0E8F9FD
S21401EB200E24204602B0BDE8F081042001F04AFC24
S21401EB300028F2D1204622F0DBF901232A4641467D
S21401EB403046FFF7BBFE04460028EAD1DFF8C8804E
S21401EB505FB388F8000039463046FEF735FD0028D9
S21401EB604CD198F80030012B1CD02022244B1A6778
S21401EB70244BDB6CB3F5817F1FD201201DF0C1FC55
S21401EB8022F0BBF9204B06461B680193CBB901F076
S21401EB9093FC15F0800526D101F0E0FC284603F031
S21401EBA0F5F925E003F008FABBE798F80030012BE9
S21401EBB0F8D0002BD9D12124B3E78022134B1A6158
S21401EBC0DBE7042001F002FB00230122042001A957
S21401EBD001F01AFB0028DAD103F056FA2124304658
S21401EBE022F086F99DE70022094B9A6701F0B6FCF0
S21401EBF0084B01215B6800209847F0E7044690E740
S21401EC00001002B8001F00B0D8590020000002B85A
S21401EC1000C001B8C8700020116A002008B50C4B6E
S21401EC20D3F84C114B1C12D011F080410FD1094B77
S21401EC301B6813B10320FEF70BFE4FF080624FF402
S21401EC400071054BDA67054AD16201225A6108BD97
S21401EC500080E00FE45A0020001002B8004000B81F
S21401EC604FF40022034B186F03F500531A67C0F3E5
S21401EC70C0407047000002B8024B586900F001001E
S21401EC80704700BF00C001B8084B5A69D10707D5C5
S21401EC9008B901F077BA5B69DA0706D401F064BAFD
S21401ECA05B69DB0701D40028F8D1704700C001B8C2
S21401ECB00F4BDB68C3F30363013B0B2B0FD8DFE875
S21401ECC003F006060C06060606080A0808080220CF
S21401ECD07047042070470520704703207047054B96
S21401ECE05B6913F0060F0CBF01200420704700BFBC
S21401ECF0000002B800C001B8094AD368C3F3036331
S21401ED000B2B08D06FF49050184100F0010080F0F2
S21401ED10010040007047106F10F48030EDD170474D
S21401ED20000002B80C4AD368C3F30363062B07D866
S21401ED30042BD8B20BD8C31E584258414000704726
S21401ED40072B06D1D2F830010028ECD170470220FB
S21401ED5070470020704700BF000002B8094BDB680F
S21401ED60C3F303639A1E012A8CBF00220122012BE2
S21401ED7002701EBF4FF4026222FA03F303F001038E
S21401ED800B707047000002B8094AD368C3F30363E7
S21401ED90032B01D0072B08D1536FDB0605D4906FE8
S21401EDA080F00800C0F3C00070470020704700BF25
S21401EDB0000002B8024B002219681DF07DBA00BFA0
S21401EDC0DCDD0400024B1B6803B11847704700BF27
S21401EDD0045A0020024B1B6803B11847704700BF56
S21401EDE0005A002010B5FF224FF6FF7104461DF0B1
S21401EDF085FA68B9FF224FF6FF7120461DF08FFA9B
S21401EE0030B92046BDE81040FF2202491DF099BAEC
S21401EE1010BD00BF80DD04002DE9F0411C46184BF3
S21401EE2005461E680F46904646B1306801F01CFE46
S21401EE30F3681BB1B368186801F016FE114B1B6826
S21401EE402BB1DA681AB19B68186801F00DFE9DF8BF
S21401EE501830640744EA08425B0503F0BC6342EAE3
S21401EE60C7621A432846084942F4C87203F016FFDF
S21401EE70002228461146FFF781F90020BDE8F081FF
S21401EE80D8DD0400DCDD04009007E12D08B5FFF7AE
S21401EE907BFF88B1094BDA6912030DD5186F10F4A0
S21401EEA0003009D19B6F13F0100F4FF010030CBF09
S21401EEB0034A044A936708BD0220FCE7000002B833
S21401EEC0001002B8002002B838B50446F8B1124A5C
S21401EED0D3691B031DD5556F104BC5F38115032D43
S21401EEE0B3F8B4300DD10822083B9BB221460C483A
S21401EEF01DF0B9FA0020084B25729B6F1B0A63723E
S21401EF0038BD022D05D1023B2A469BB2EEE72120F1
S21401EF10F6E70220F4E700BF000002B8001E00B0CA
S21401EF2038400054431EDBB2FD2B14D9FF280B6872
S21401EF3001D14A68134313F0802F1EBF42F201022B
S21401EF40074BC3F8282251F82020054BC3F850225E
S21401EF50C3F8542270470128F5D10023E9E700BF22
S21401EF60004001B8F0B585B06D460E460F4B07461A
S21401EF7014460FCB85E80F000D4BD3F848020090DE
S21401EF80D3F84C2201923EB1631EDBB2FD2B0AD9A7
S21401EF903060FF2C00D172602246294638461DF0AB
S21401EFA0FDF905B0F0BD012CF4E700BF88DD0400D3
S21401EFB00080E00FF0B585B06E460D4B07460D4656
S21401EFC00FCB86E80F0000F039F8314604460246BA
S21401EFD038461DF05CFB4DB140B9FF2C1BBF04AB9E
S21401EFE003EB8404009B54F8103C2B6005B0F0BD85
S21401EFF088DD040030B50C4B0546187085B0082333
S21401F00080B90A4AC2F8FC3351B96C46084B0FCB9B
S21401F01084E80F00074B2A4621461868FFF7A2FF2F
S21401F02005B030BD044AEDE730740020001002B888
S21401F03098DD0400E45A0020002002B8014B18783D
S21401F040704700BF30740020124BD3F8E020D20383
S21401F0501ED54FF480321049C1F8E020A1F5805149
S21401F060C1F8EC201A6CD1B2C2F30722C3F88010A3
S21401F070C3F880200422C3F880200022C3F8802031
S21401F080C3F88020C3F88020C3F88020C3F880200E
S21401F090704700BF0040005400600054F0220A4B45
S21401F0A001219A64A022A3F580539A64074B826CCF
S21401F0B0C3F8C010FC21C3F89810C3F89C204FF485
S21401F0C00052C3F8BC207047006000B800400054EE
S21401F0D0F8B50D461746064621F00FFF0123042119
S21401F0E0084C094A2363A760E6602561C2F8E01070
S21401F0F0064AC2F8843121F0FBFE0DB102232363D8
S21401F100F8BD00BF004000540060005400E100E07C
S21401F1100222024B58611A63704700BF0040005438
S21401F1200122044B1A6640F6FF729963D863DA65CA
S21401F130704700BF004000542DE9F04F042A0546F1
S21401F1400B4683B039D901260978141F81615A7894
S21401F15003F1040982619A788261DB78836103682E
S21401F160D0F808B003F0070306339E4006F1FF3AD5
S21401F1700AEA0B084768A6EB0802944247F00057D4
S21401F1800ED84946224607EB0800FDF70FFB46EA74
S21401F1900A0604EB0B023240AA6003B0BDE8F08F0A
S21401F1A0494607EB08000192FDF700FB019A384635
S21401F1B009EB0201A21B4244E7E7013A032AECD815
S21401F1C0DFE802F00B08050213F8012B826113F841
S21401F1D0012BAA6113F8012BAA611B78AB6103B05E
S21401F1E0BDE8F08F38B50C46154601460F4B60B1A9
S21401F1F001220F48C3F8C0202246FFF79DFF1DB12C
S21401F20004220A4BC3F8C02038BD64B1D3F8A42049
S21401F210A24284BF0122C3F8C0200222C3F8A04044
S21401F220C3F8C020EBE70122FAE700BF0040005414
S21401F2309840005438B5044621F05FFE01211A4A71
S21401F240638F054611663BB3B3FA83F3C3F1190323
S21401F250DBB2A069C2F8901093660723D066C2F8A5
S21401F2608C304FF4A02302F50052C2F8E030A2F52C
S21401F2708052C2F8EC3000220C4B1A600C4B1B6F0C
S21401F2805B0209D54FF480020A4B04F1F8001A67B5
S21401F290D4F8941001F08EFD4FF4E0232846E36382
S21401F2A0BDE8384021F024BE00400054085A002032
S21401F2B0000002B8002002B82DE9F84305460C46C6
S21401F2C0B1B1D0F81880478F21F017FEB5F83CC0D1
S21401F2D0791E01EA0C0323F00702032C0646DFF829
S21401F2E0F8E042445CD1DEF8004024B921F000FE8B
S21401F2F00E20BDE8F88324F00104DEF8000020F0BB
S21401F3000100A04251D10023CEF800302388944258
S21401F3106FEA43436FEA534323803CD1EB8F08EBFC
S21401F32007091846083880B202F108044C4528BF80
S21401F3304446082804D9B4F800E0BEF5804F3ED212
S21401F34063440F431B1A3B409BB2AB87E887118887
S21401F35094781C4AC1F30C0151645367C2F88C00BF
S21401F3604FF48022184B04F00704C3F8E020012272
S21401F370164BC3F88421FFF767FE042C0BD14FF41C
S21401F3808002134B05F1F8001B6F124B1A67D5F874
S21401F390941001F00FFD304621F0AAFD0020A8E7E9
S21401F3A0601E012898BF1446A7E7E88F4344E31A76
S21401F3B048BFDB1908389842A8DC304696E7224653
S21401F3C0B0E700BF004000540060005400E100E0D8
S21401F3D0000002B8002002B8085A0020144B10B5ED
S21401F3E01968CA8F8B8F488F13440138073B8C6985
S21401F3F0034023F007031C4402F108030D4A9BB2A5
S21401F400CB87C2F88C304FF480220B4BC3F8E02038
S21401F41001220A4BC3F88421A07800F007000428D3
S21401F42003D1074AD3681B03FCD4064B1C6010BDEE
S21401F430E45A0020004000540060005400E100E05F
S21401F440000002B8085A002010B5064C216839B1F0
S21401F450CB0703D4044B1868FFF72EFF0023236065
S21401F46010BD00BF085A0020E45A00204FF4803235
S21401F4700B4B0C49C3F8EC20A3F50053C1F8E02070
S21401F480D3F888109A6E012302F0070206329340E1
S21401F490C1F30C01083B994201D8FFF7D5BD70476F
S21401F4A000600054005000542DE9F04780460C4699
S21401F4B016468769458F21F020FDB8F83C2005F1F6
S21401F4C0FF3C02EA0C0323F00701032C8246394471
S21401F4D0B8F83E0019D1494C24689CB90244073A51
S21401F4E002EA0C0222F00702BC183B44E31A48BFAA
S21401F4F05B19834210DB504621F0FAFC00242046BB
S21401F500BDE8F08724F00104EFE7012C02D0022CBD
S21401F510EBD108380C46E8E7002E3DD08C423FD1AF
S21401F520374AD2F844903649B8F81270D1F8882094
S21401F530C2F30C02934247DA2588B5F5804FDAD23A
S21401F540A378C5F30C0503F007037A1EA5EB09059E
S21401F5503A43052B337005EA02052DD82DB2E84350
S21401F56040F241420421C00FFDF700FE7580E378AA
S21401F5703374D8F81C207B1E03EA0903D118B16046
S21401F580A9B213FA85F5AF422FBF0023FF1AB78041
S21401F590F26024BFB180F360504621F0A9FCAEE7CB
S21401F5A0A4F10802974284BFED0802EBC502B2F847
S21401F5B00090C9F30C09B6E7124B5B6D003B18BF10
S21401F5C00123A5EBC305C9E70B6C7A1EA3EB090360
S21401F5D03A431A400C4915B2002DCB680BDCC3F335
S21401F5E00363D81E43424341DB0033708B6F728046
S21401F5F01B0A3374BDE70823F7E700BF085A00204B
S21401F60000400054004000B8000002B8054BA82294
S21401F610D3F84C013121431C0CBF0120C0F380708C
S21401F620FDF7A4BD0080E00F38B5094D04462868F3
S21401F63040F69702003818BF01202B21FDF796FDF2
S21401F640FA235C432B680A20B4FBF3F4604338BD0D
S21401F6503C5A0020174B30B51A68431C164B22D073
S21401F660B2F1407F1FD3154D00F03F04D5F80021BD
S21401F67022F03F021443C3F8C84001F03F0422437E
S21401F680C3F8D020D5F804310D4A1A400D4B03EAD1
S21401F690500003EA510110431143074BC3F8CC0055
S21401F6A0C3F8D41030BD00200146C3F8C800C3F823
S21401F6B0D000F2E70080E00F001F00B0000002B8A3
S21401F6C01FF087E1E0FFFF7F73B5574E04463178A0
S21401F6D019B91C225548FCF7D9FE2378544A61888B
S21401F6E0137051804FF0FC62524CFF21C4F8FC208D
S21401F6F04FF47F02C4F808214F4A022B4F4D117078
S21401F70033D1042307224E49C4F8FC23C5F8FC3341
S21401F710C4F800114FF4C071C5F80011C4F8FC23F9
S21401F7204FF48052C5F8FC33C5F870214FF40052EF
S21401F730C4F87021C4F808314FF4FF13C4F8FC3044
S21401F7404FF4BB13C5F8FC308023C4F8703148F27F
S21401F750C8023C4BC3F8D8203B4B3C4A0020C3F8B8
S21401F760C02F0123337002B070BD394A012BC4F893
S21401F7700021384B27D14FF4C072C5F80021D3F8C9
S21401F7803802D3F83C12FFF765FF0723C4F8FC33B1
S21401F7900223C5F8FC334FF48053C5F870314FF49B
S21401F7A00053C4F870310423C4F808310DEB03008C
S21401F7B0ECF71AFA9DF80530023B012B9CBF80231B
S21401F7C0C5F87031C3E7244AC5F80021D3F83002E2
S21401F7D0D3F83412FFF73EFF0723C4F8FC330123A6
S21401F7E0C5F8FC338023C4F870314FF4805301A868
S21401F7F0C4F87031ECF7F8F99DF80530012B05D106
S21401F8009DF8043053B948F25D1309E0FBD9023B79
S21401F810012B9CBF4FF40053C5F8703148F25813C2
S21401F820084AC2F8D83097E7156A0020C41F00B00E
S21401F8309E730020002002B834740020001002B825
S21401F840C0F10F00001F00B0001000B0105A0020D9
S21401F850C0F70F000080E00FC0F60F00034B1A68D8
S21401F86002609B8883800020704700BF9E73002043
S21401F87010B5044601F026F80A4BD3F8F83724B938
S21401F88083F40023C3F3C04010BD012C05D113F44B
S21401F890C02F0CBF01200020F6E7A31E5842584196
S21401F8A0F2E700BF000002B86FF07F42154BD3F8B5
S21401F8B0FC37934208D0144A03F03F031370F12338
S21401F8C0124A1370124A13701249134B09781A68B8
S21401F8D0A9B1B2F1A06F12D3D3F850120F4A104B50
S21401F8E0B1F1FF3F18BF13460E4A136041F66A0294
S21401F8F00D4B1B68B3FBF2F30C4A13607047084BC1
S21401F900F2E700BF000002B835740020367400200C
S21401F91037740020337400200080E00F5082E00F1F
S21401F920BCDD04000C5A0020585A00203C5A002026
S21401F930012807D0022802D030B100207047034BBF
S21401F94018787047024BFBE7024BF9E73574002045
S21401F95036740020377400200023F0B590F830414B
S21401F96085B002462046CDE90133CDF80B30FFF7CE
S21401F970DFFF92F82B30411EC9B28B4228BF0B46DF
S21401F980002C3CD0012C38D1042418464FF00F0C23
S21401F990384E0DEB0405B0FBFCF7F75D013CC01BD0
S21401F9A0C0B2814238BF00206055002CF3D1052437
S21401F9B00F278DF80830B3FBF7F0305C0344DBB259
S21401F9C08B4228BF0B462B5501340B2CF3D10F2647
S21401F9D002F1A800D43215F8013BB3FBF6F14C1C3A
S21401F9E0C1EB01115B1A0133DBB2E4B21B0443EA3B
S21401F9F0045340F8043F8242EDD105B0F0BD042423
S21401FA0018464FF00F0C1C4F0DEB0406B0FBFCF52F
S21401FA10EDB27D5D013C401BC0B2814238BF002083
S21401FA20A055002CF2D105240F258DF80830B3FB24
S21401FA30F5F0385C0344DBB28B4228BF0B463355E6
S21401FA4001340B2CF3D10F2502F1A804D43216F899
S21401FA50013BB3FBF5F1481CC1EB01115B1A013305
S21401FA60DBB2C0B21B0443EA005344F8043FA2428F
S21401FA70EDD1C2E7B5DD0400A8DD040038B5284B9A
S21401FA8005461A7827490C2A02D1FF20087038BD8E
S21401FA9010461CF025FD04461046FFF749FFA84214
S21401FAA028BF2846C0B2A04238BF20460B78C0B255
S21401FAB08342ECD0087088B1431EDBB2022A1A4991
S21401FAC00ED14FF0FC62C1F8FC20A1F50051D1F82F
S21401FAD0FC2042EA4353C1F8FC30D8E70346EDE781
S21401FAE0124A134C1268AC32C4F8C02F4FF47F028E
S21401FAF0C1F808210F49CA6FD202C8D40F22B3FB3E
S21401FB00F2F2551CC2EB02129B1A0133D1F80841DE
S21401FB101B0443EA05532343C1F80831B7E700BF86
S21401FB209E73002034740020002002B8E45A00209E
S21401FB30001000B0000002B82DE9F04F90F83051E7
S21401FB400646D0F8A82087B035BB1F2A38BF1F222B
S21401FB50093A4C24844B85481B6A96F82B10C3F34C
S21401FB608213DC400368DFF82CA29342DFF8288278
S21401FB707F4B04F0010414D11F78A74211D19AF8E3
S21401FB800070AF420DD17B4F3F788F4209D1B8F854
S21401FB90040007B0BDE8F08F032A38BF0322023AFB
S21401FBA0D7E7026098F800001C70FFF7C1FEFF2936
S21401FBB024D128461CF094FC07466F493CB3D6F87E
S21401FBC0E4702FB13B68082B40F2CB8097F8387071
S21401FBD01DBB0B6840F27121B3FBF1F353431922AD
S21401FBE0B3FBF2F339462A4605A805931CF04EFCF2
S21401FBF002023C04059842F0110988E0471E8F4234
S21401FC0028BF0F46012F38BF0127FFB2D5E7012DC8
S21401FC1029D0022D01D0B5B327460B6840F27121D9
S21401FC20B3FBF1F353431922B3FBF2F33946012236
S21401FC3007EB072405A8059307EB04241CF026FC14
S21401FC407F00032F38BF0327020242EA001242EA6E
S21401FC500009033F00F01F0007FA00F0FFF7E4FC7D
S21401FC6000F5FA6758E00F23B7FBF3F3581CC3EB14
S21401FC700313FB1A0133DBB2C0B21B0443EA005381
S21401FC80C3F30747C9E70C6840F27121B4FBF1F4EE
S21401FC900F2354431922B7FBF3F3B4FBF2F43748AE
S21401FCA0374A0068A2FB0412013350FA83F313F8B3
S21401FCB0013C0392A3F140012A4603A801931CF0DC
S21401FCC0E5FB039F2F4AE41BA2FB041200903021A0
S21401FCD0049204A82A461CF0D9FBDDF810B0814630
S21401FCE0A4EB0B0401220594102144F2100405A88C
S21401FCF01CF0CCFB009B1A02019B42EA091244EA63
S21401FD000344059B42EA000907EB0B001844FFF782
S21401FD108BFC00F50C57283740F6FF711A4B384616
S21401FD20C3F8C010A3F58053C3F8C090A3F5805361
S21401FD30C3F8C440154C276001F0B0FC4FF47A724A
S21401FD40134B4042986523680A49B3FBF2F3A8F8BF
S21401FD50043096F82B30B7FBF2F08AF800500B709F
S21401FD6017E7002734E700BF004001B8D87000202D
S21401FD70166A002031740020585A00200C5A0020C0
S21401FD8069C2F568911E856B006001B8405A002073
S21401FD90001F00B0327400209E730020014B1870C3
S21401FDA0704700BF3374002010B5044603F012F804
S21401FDB078B1174B1B786BB964B1164B1B784BB1F6
S21401FDC0154B1B78013B012B04D84FF40042134B13
S21401FDD0DA6710BD124BDB6F1B04FAD421F08DF8E5
S21401FDE04FF400420F4B0446DA67A3F5A0435B6865
S21401FDF02BB1FEF741FF10B102201CF082FB02225C
S21401FE00094B2046BDE81040C3F8842421F070B8A1
S21401FE10176A0020186A0020445A0020002002B801
S21401FE20000002B8001002B800D003500122024BB5
S21401FE3000201A70FFF7B8BF176A00200022024B95
S21401FE4001201A70FFF7B0BF176A0020F7B5064603
S21401FE50504C00F037FD504B2578504F1E7085BB37
S21401FE602846FFF7A1FF2378013B012B19D8E37B36
S21401FE7001A88DF80430237C8DF80530E9F7D4F815
S21401FE80C7F884544FF6FF72454BC3F88420F82216
S21401FE90A3F58053C3F884200022404BC3F8842482
S21401FEA00DE04FF6FF723E4BC7F88454C3F884202A
S21401FEB0F822A3F58053C3F88420C7F88454394B3D
S21401FEC05BE00020FFF770FF2378013B012B08D889
S21401FED0E37B01A88DF80430237C8DF80530E9F723
S21401FEE0A3F80023C7F88434002ECBD062685AB337
S21401FEF02D4B1B6803EB5203B3FBF2F3013B1B02D2
S21401FF0043F0F80326782649022E284A1ED0032EEF
S21401FF104FF6FF75214826D0012E34D143F0020357
S21401FF20C1F88450C2F884300723C0F88434E37BD8
S21401FF3001A88DF80430237C8DF80530E9F748F8E0
S21401FF400120FFF731FF17E0F823DBE74FF6FF70DC
S21401FF5043F00103C1F88400C2F8843006220F4B37
S21401FF60C3F88424E3E743F00503C1F88450C2F8DC
S21401FF7084300423C0F884340D4B4FF080420020B7
S21401FF80DA6703B0F0BDC1F88450C2F884300023AC
S21401FF90F0E700BF445A0020186A002000C0035052
S21401FFA0006000B8002002B8585A0020005000B87F
S21401FFB0001002B8F0B5294F06463D4604460FCE5E
S21401FFC00FC5336885B02B6000F07CFC0022244B03
S21401FFD0C3F88424A17A627A42EA0142C3F89024E3
S21401FFE0217CE27B42EA0142C3F88C24217B627BBE
S21401FFF041EA0240C3F888043B78032B2AD8DFE89D
S21402000003F022020C178DF8041004218DF8052047
S2140200100DEB01000022E8F7A7FFE37B00228DF834
S2140200200830237C042102A88DF80930E8F79CFFEB
S214020030637A01228DF80C30A37A042103A88DF886
S2140200400D30E8F791FF074B187805B0BDE8F04091
S214020050FFF7FCBE212005B0F0BD00BF445A0020C9
S21402006000C00350186A0020034BDB6F002BBCBF96
S214020070024BC3F888007047000002B8004000B880
S2140200802DE9F0471CF0A1FA4FF47A762D4BB0FB1F
S214020090F6F618604FF4FA73734307462A48190EA9
S2140200A01B021818294A4FF0000341F10001FBF722
S2140200B081FE274BA0F5807205461A6320B94822B6
S2140200C02B21FDF753F801254FF47A724FF0000A00
S2140200D06A43534650083102FBF76CFE1C4B1D4A1E
S2140200E0B7F57A7F9A601C4B4FEA056819601B4B7E
S2140200F08946044618604FEA152505D29B222B2115
S2140201005046FDF733F801264FF47A73A8FB030135
S21402011003FB05117308C01841F1000100233246A3
S214020120FBF748FE0E4B023419600E4B49F10009EC
S214020130A408186044EA8974054B013C9C63BDE838
S214020140F08700BF585A002020A1070040420F0047
S21402015000C001B802110100685A0020645A00204B
S214020160605A00205C5A00201022044BC3F88421F7
S2140201705A600122024BDA60704700BF00E100E0DD
S21402018000C001B81022064BC3F88421C3F88420AD
S214020190BFF34F8FBFF36F8F0422024BDA607047B4
S2140201A000E100E000C001B810B50446A242A2EB8E
S2140201B00000A3EB010104D2034B01399B6B013310
S2140201C0184401F0030110BD00C001B838B501257E
S2140201D00A4B02019D504FF480730446084A83403E
S2140201E0536620F08AFE074AA540137823EA0503E1
S2140201F01370BDE8384020F07BBE00BF00E101B8B6
S21402020000E001B8216A00202DE9F84F164605469F
S2140202108A461F4620F071FE022E00F0908080462D
S21402022020F078FE594B5A4AD3F82090147D5A6E25
S214020230E4B2520744BFD3F82090013404F003041A
S21402024020F063FE4846214600F036FA8446DAF885
S2140202500000012E04BF01306044ACEB000C08BF66
S214020260CAF80000BCF1804F7DD300F037FA814512
S214020270A1EB040188BF454BDFF834C188BF01F10A
S214020280FF3101F0030188BF9B6BA0EB090E0CF84F
S2140202900510A1B1F90742BF41F61F723D4B5A67DE
S2140202A0BA0742BF3B4B3C4A5A677B0742BF002213
S2140202B0364B9A673C0742BF0022344B9A6511249C
S2140202C04FF0010A314B05F11002120103EB051B38
S2140202D0CBF80C0131499C501A6A0AFA05F4586E9A
S2140202E00B78A2EB0902E4B2234372450B7025D3C6
S2140202F04FF48073AB40034220D11CF80520002A3D
S21402030040D10EB3264AF807536607D541F61F7149
S21402031040F201101F4B596750675967B90706D557
S2140203201C4B1D4A1E491F485A6748675A677A0778
S21402033042BF01221C4B1A613B071AD4404620F0EA
S214020340D7FD0120BDE8F88F184A2D0142F805A016
S21402035042F89C3C20F0D1FD10490B7823EA0403B6
S2140203600B7020F0C5FD404620F0C2FD0020BDE81F
S214020370F88F2120FFF778FE4FF48032034B404679
S214020380DA60DCE7064A40465366D8E700C001B8A2
S214020390C85A002000E001B800001F1F216A002092
S2140203A000D001B800000101000002B800E101B867
S2140203B0196A0020024B1878003818BF01207047CF
S2140203C0216A0020034B10300001185800F001008B
S2140203D0704700BF00C001B870B50646FEF74CFC79
S2140203E0044608B1FFF7CEFE0023084D3046AB6147
S2140203F0EB612B6200F072F9054BC9B219752862DF
S2140204000CB1FFF7B1FE002070BD00BF00C001B8FE
S214020410C85A00202DE9F0419DF818800D46B8F123
S214020420000F08BF0022214EB5F5803FB16807468F
S21402043021F4700141F4A001B1609DF820409DF8BE
S2140204401C104FEA042444EA016444EA031444EA12
S214020450084444EA02044FF0180140F2E9222CBF95
S214020460002001207465FCF781FE3564B8F1000FA8
S2140204701AD00F4BBC68D3F888305A2C38BF5A248F
S2140204805B0606D500F0F0FB18B10A4BB3FBF0F39F
S2140204901C44204600F022F90130854238BF002273
S2140204A0024B34BF5A645864BDE8F08100C001B8FC
S2140204B000C000B800093D00214B10B51A6E1A663E
S2140204C0596C59B11F49C96800292EDB596D4FF086
S2140204D0FF3301F00F018B409A4326D110242020CF
S2140204E0FFF7C2FD184B9C6002F088FB2022174BD8
S2140204F0C3F8842101F0F4FC48B100220020082150
S214020500FEF71CF8124B5C66A3F580531C670D4A77
S214020510D36803F07063B3F1807FF9D9084B0D4AB4
S2140205205A6741F201429A6710BD01F0D9FC0028D1
S214020530F4D0094B064A5366A2F580521367EDE7DC
S21402054000C001B8000002B8001002B800E100E0E6
S21402055000E001B8011B01181000002008B5212098
S214020560FFF782FD4FF48032014BDA6008BD00BF10
S21402057000C001B8F8B5184D04462B6A1B0426D5F0
S21402058000F0E6FB2B6AA0FB044613F0787F4FEAE6
S2140205909367C3F34450C3F3044505D140F25A426D
S2140205A02B21FCF7E3FD0120AD01B5FBF0F010EBCB
S2140205B0871005D140F25F422B21FCF7D7FD0120C0
S2140205C00246002320463146FBF7F4FBF8BD00F056
S2140205D04BFBA0FB0401F9E700C000B8024601206D
S2140205E030B50B4CA0F12003C0F1200524FA05F526
S2140205F004FA03F32B4304FA00F595428B4100D329
S21402060030BD0F2801D00130ECE7FF20F8E700BF2D
S21402061040420F0010B50C46FFF7ACFFC30943EA91
S2140206204163C01A61EBD111FFF7D8FFFF2814D03F
S2140206300F220C4B40F01000C3F88820A3F580531D
S214020640C3F88800A3F580531B6ADBB2802B06D062
S2140206502046BDE8104000F067BB212010BD0220F6
S214020660FCE700BF00E000B838B520F053FC084BAA
S214020670084A1D6A147D5A6EE4B2520744BF1D6AC8
S214020680013420F042FC284604F0030138BD00BFC6
S21402069000C001B8C85A00200346064A103302EBCF
S2140206A000111B01D1F80C01D158C1F340011BF017
S2140206B033BF00BF00C001B8064B1B68434303EBC1
S2140206C08171054B1B68A3FB003013F1004341EB1D
S2140206D000007047605A00205C5A00200C4A20F046
S2140206E04043014610B5002014684FF00042E4FB78
S2140206F00320084A890F126802FB0300064B9B6B15
S214020700984204D901330131C01A01F0030110BD29
S214020710645A0020685A002000C001B8044B01F059
S214020720F071103041F0030100011950704700BF0C
S21402073000C001B808B52220FFF796FC4FF48022CD
S214020740014BDA6008BD00BF00C001B808B5064B11
S2140207504FF030401A6805499200FCF727F8BDE8CA
S214020760084001F0E3B800BFF8DD0400FCDD040039
S21402077070B50C68651C15D0C4F302669E42C4F3BD
S214020780074530D1A4B294422DD804EB8506B24276
S21402079029D2141BA50824F003040E59340F04D0E2
S2140207A0012C08D00022212402E06B1C51F82320E1
S2140207B0C0E9002470BD0E4C34F8133042EA0343FD
S2140207C01A686B1C51F8234001EB83014B682240E8
S2140207D05E4036F0704404D11B0F032B04BF8B68B7
S2140207E01A430024E4E7013501EB8501C1E700BFA7
S2140207F0D0DD040007B501A8EBF7F6F94822164B40
S2140208005A65164AD2F8D43023F4FC33C2F8D430F0
S214020810134B1B689DF80530023B012B19D840226A
S214020820104BC3F8FC23104BD3F85C32DBB2FF2B21
S21402083000D10623094A1B03D2F8FC139BB20B43D2
S214020840C2F8FC33D2F83021084B1A6003B05DF8C8
S21402085004FB00F0E7FEECE7008001B8000002B8F7
S214020860002000B0001002B80080E00FFC59002003
S21402087000224FF400710F4B10B51A675A679A6739
S2140208800D4AD162012102F5E8325161DA6812F0AE
S214020890706FFBD14FF0304201245A6602F5FC52CB
S2140208A008329C66DA64054B1B689847044B5C6109
S2140208B010BD00BF000002B8004000B8DC70002087
S2140208C0002002B801230F4A0F49C2F880328A6A12
S2140208D022F002028A620D4A53600D4A53600D4AA4
S2140208E05360A2F580425360A2F54042536002F57F
S2140208F0C032536002F580425360A2F50042536054
S214020900704700BF0080005000C0005000D000B802
S21402091000500054005001B808B5FFF7D3FF0E4B45
S2140209200E4ADA6700F076FEFFF764FF03220C4BEE
S214020930C3F8E020012203F54043DA674FF4607201
S2140209405A614FF40072DA67FEF778FBBDE808409A
S2140209500021FEF74FBB00BF000002B80048F000BF
S214020960005001B82DE9F04F054687B002900F46B9
S21402097057F8044B631C06D1029B2C60E81A8010C1
S21402098007B0BDE8F08F5FEA147B18BF0123344A34
S214020990C4F3016108BFC4F3074332F81120A4B2BE
S2140209A04FEAC30A2F4844EA02440AF104022A44E0
S2140209B082421BD20722CA4002F0010201929A002A
S2140209C004EB830303930123B94603FA0BF808F0FA
S2140209D0940305F1080604920593039B09F10409A2
S2140209E0A34208D1049955443944C0E71D4A9542AA
S2140209F0E0D80020C4E7059B53B918F0420F19D17E
S214020A0018F0280F0BD146F8084C59F8042C21E0B0
S214020A104FF4206232210020FCF7A8FBF3E740F6F1
S214020A20042232210198FCF7A1FB04F5805246F815
S214020A30082CEAE740F60D2232210198FCF796FBD5
S214020A4004F50052BBF1010F46F8082CDDD159F827
S214020A50042CD24346F8042C04340836BDE700BF03
S214020A60D0DD0400003000B0F8B50546F0B100262F
S214020A70154B34461F46154953F8042BBAB9A00045
S214020A8000F13040294600F50150FFF76BFF30B900
S214020A9040F6AE323621BDE8F840FCF767BB0C4B99
S214020AA00134044447F8265023F81640F8BDAA42FB
S214020AB0FCD001360C2E02D031F81640DCE740F6A8
S214020AC0C83236210020E6E76C5A0020B8620020C1
S214020AD0BA62002070B50446A8B1C1B1384A52F8CD
S214020AE0043B984215D1002336498A689206FCD404
S214020AF09B00354A03F1304303F50153C2F8B03088
S214020B002022324B9A6070BD01330C2B02D1304D3D
S214020B1012E0012352F8041BA142F5D12D4A32F805
S214020B201330E1E704D16268C3E90012083403E037
S214020B30012A01D1043419602268531CE3D0C2F39F
S214020B40016335F81300110C93B211F0FE0F43EA5D
S214020B50004360680DD00434CAB2022A2168E1D983
S214020B60D4E90160033AC3E9001698600C340C33EA
S214020B70F3E7120F072AD9D8DFE802F00704090DB7
S214020B801013181DC04303F500531860CEE71A6809
S214020B9042401A60CAE703F58053F6E71BF0B1FC41
S214020BA0C4E7012203F580538240F2E7012203F5EF
S214020BB000538240EDE71A6830EA0202FBD1B5E73D
S214020BC06C5A0020000002B8001E00B0001002B8E6
S214020BD0D0DD0400B86200200122014BDA677047BC
S214020BE0001002B80122014BDA677047002002B8F3
S214020BF04022014BDA677047002002B84022014BC0
S214020C00DA677047001002B80B4B1B68D3F8E43063
S214020C1023B11A68022A01D9186A7047074B9A6DDF
S214020C2090B238B1064BC2F307421B68DB08534347
S214020C30B3FBF0F0704700BFE45A0020004001B852
S214020C40585A0020064BDB68C3F30363984206D16A
S214020C50044AD36B23F0F00343EA0111D1637047D1
S214020C60000002B8001F00B0054B1B68D3F8E43042
S214020C7013B11A680A2A01D8FFF7C6BF186C704764
S214020C80E45A00202DE9F74306461BF033FC002405
S214020C908046DFF8909020F030F90DF10701054606
S214020CA00DF10600FEF75AF89DF806308BB9721C55
S214020CB029D01BF01FFCA0EB0804284620F018F9E8
S214020CC09DF8063013B99DF807303BB3A642E2D82A
S214020CD024E0D9F80C3013F4603FE8D0D9F81000BD
S214020CE01BF075FC731C074603D01BF003FCA0EB3D
S214020CF00804284620F0FCF817F5007FE0D03846B6
S214020D0003B0BDE8F083284620F0F2F89DF80630DE
S214020D10002BC0D19DF80730002BBCD1004FEEE768
S214020D2000FEFFFF00C000B810F1800F04D04D286F
S214020D30CEBF7F20323040B2FF22044BC0B21A62CE
S214020D40A3F5805318620020704700BF00E000B889
S214020D500B4A10B5136E0B4C116E03F00703E35CDF
S214020D60C1F3CD0101FB0333126E0748C2F34542BD
S214020D7002FB033300688001B0FBF3F010BD00BF36
S214020D80004001B8C8DD0400585A0020084910B5D2
S214020D90D1F89C3040B11C46CA68D1F89C309C42BF
S214020DA0F9D1C2F30362027003F00F0010BD00BF58
S214020DB0000002B8094B01F080011B6F03F48003A8
S214020DC00B4309D14FF40012054B1A62837F1BB105
S214020DD00122044BC3F80021704700BF000002B88E
S214020DE0006001B8005001B82DE9F04F404F804630
S214020DF085B038680C461BF084F820B900242046DB
S214020E0005B0BDE8F08F224600214046FBF73EFBC8
S214020E10384B5D6915F00105F0D1FCF701F806467E
S214020E200028EBD03F6838461AF0A3FF4FF6FF7350
S214020E30984234D04FF060512F4E304B304AD3F8A0
S214020E402090D6F88C3011624FF00061A2F58052E5
S214020E50116224220421C6F88C202A4A4FF4804BC1
S214020E6091604FF480520027DFF8A4A0CAF868B059
S214020E70F262A7421ED30421234A9160A2F5F03201
S214020E80C2F88C304FF060521D4B1A6209EA020318
S214020E901E4A13624FF480421D4B9A66AFE73146F4
S214020EA038461AF00AFF01463846FCF7FDF80028D5
S214020EB0C0D0A3E7B26E5104FCD5B268D205F9D50C
S214020EC0CAF868B0D6F890200135012D0392D0D921
S214020ED0E21B042AA8BF042208EB070003A9019319
S214020EE00092FBF763FC009A019B3A4497B2C0E774
S214020EF0E45A0020000002B8004000B8004001B8E2
S214020F00006001B8001002B8002002B8005001B814
S214020F10006000B84FF604014FF60502044B0120AC
S214020F201B6C9BB28B4208BF1346024A136670477D
S214020F300080E00F00C001B82DE9F74F81460F464A
S214020F404FF0FF35FFF790FB002601908A462C46AD
S214020F503046DFF8D8B006F110031B015BF8033009
S214020F6003F00308B8F1010F15D13046FFF794FBE2
S214020F7002460B4601985146FFF716F9DBF8643035
S214020F8006F10802D340DB0739D5002F40D00025F2
S214020F902C463E6040460136082EDCD160B3234A1A
S214020FA00027D2F808C0916B0CF440330131A4FB41
S214020FB00141641941F10001B3F5003F30D1536B92
S214020FC00CF4405C013347F10006BCF5805F22D189
S214020FD0156B15F5807505FB06F647F1000203FB57
S214020FE00266A5FB03323244594304FB0212A3FBFA
S214020FF004341444C9E9003403B0BDE8F08FA842B3
S21402100071EB0403C6D207B13E6005460C46C1E743
S2140210103D463C46BEE7320242EA13621B02E3E763
S214021020136B13F5807347F10002DDE700C001B8C9
S21402103008B51BF0E0FA044B5A7C012302329340B7
S214021040024A536108BD00BFC85A0020002000585B
S2140210502DE9F34105460F4668461146FFF76CFF39
S2140210600646B0B1AFB1DDE900321B0A43EA0263BD
S214021070A5FB0384094B120A05FB02441A6812B93F
S2140210801BF0A3FA0246002340462146FAF792FED8
S2140210903860304602B0BDE8F08100BF585A0020E2
S2140210A037B50446FFF70EFCE17822791B4841EA81
S2140210B00243C0F8CC34E579A37943EA0543C0F885
S2140210C0D03423784BB18DF8041004218DF8052016
S2140210D00DEB01000022E7F747FF63785BB10421BE
S2140210E0A37900228DF80430E3790DEB01008DF828
S2140210F00530E7F739FF227801235AB1084AC2F8C9
S214021100C834627802233AB1054A0020C2F8C834CD
S21402111003B030BD034AF2E7024AF6E700C00350C6
S21402112000D0035000E0035070B52C4B0C461A78E2
S21402113012B92B4A926D1A702A4AD26F52054AD5B4
S2140211401D78294B05F00F06B0FBF3F040434FEA3B
S214021150151505D140F27C622B21FCF707F8012019
S214021160224A0A217243B2FBF0F34843B3FBF1F67C
S21402117002EB5002B2FBF0F201FB1633042BD2B2A2
S21402118007D8C3EB8310C3EB80035BB283B96DB29F
S21402119017E0C3F10B0303EB8303DBB2B3FBF1F3FC
S2140211A02B44DDB20F2DF2D9013AD2B2053DEEE75D
S2140211B0053B5BB293FBF1F31D44EBB26DB2002D1F
S2140211C004DB002042EA0512226070BD01320533BC
S2140211D0D2B25DB2F5E70220F7E700BF226A00202E
S2140211E0008001B8000002B8403B250080969800B7
S2140211F04FF0000C2DE9F84FA2FB017BC84EDFF83A
S2140212005CE3BE1999466BF10003B6457CEB03031B
S21402121008D240F23E220E216046FBF7A7FF0220CC
S214021220BDE8F88FD0F8E4A00C461546BAF1000FD8
S21402123004D0DAF80030032B00F21B81B94BBA4A0D
S2140212409B6BD2F8FCA0C3F31408B84BD3F8EC306F
S2140212505E00B64B48BF48F400181B6E48EA456865
S21402126058074EBF4FF440039B0503F0E07348EA6D
S21402127003081DF01BFF012D0646D0D10028CED054
S214021280AB4B984200F0048103F5122303F5F86392
S214021290984200F00381A74B984200F02F81002568
S2140212A002462B4600204FF00071FAF783FD2B46CC
S2140212B0013007FB03F3C8F3130100FB0B33A1FB5A
S2140212C00662A7FB007001FB0522034420339B093C
S2140212D0C9F80030F60C984B46EA423618F4801FDE
S2140212E01C6008BF7642954B954DC9F814403444AD
S2140212F01E602C60BAF1000F00F0B98000239149FD
S214021300C8F381528A5C194618F0807F18BF6408B9
S214021310002EB8BF764292066008C2FB060122463D
S214021320FAF748FDDAF800300E2B08D97F4B7D4AD3
S214021330926BD969D3F80C31C90600F1D68018F43D
S214021340001814BFC42240F207127F49C0F31300EC
S214021350A1FB04614FEA511102FB01F1C9F8040036
S214021360DAF818004FF4FA73B1FBF0F118BF4FF039
S214021370000801FB03F3A4FB0262FA33A3FB00306E
S21402138004FB0822B342904138BF0131C9B241F48E
S214021390006CC9F808C000297ED0DAF81C00A1FB50
S2140213A0003624B1B4FA84F20E2A40F38880E203AF
S2140213B0002E77D1B2FBF3F2530003FB0113A3FB1B
S2140213C000764FEA044EBE454FEA144474EB060616
S2140213D009D34E003344A0FB0371BE4574EB0101F2
S2140213E002F10102F6D2C2F30E024CEA023C4CF0C3
S2140213F00063C9F808301DF059FE2B68002B00F078
S2140214008880B3FA83F4D4F102044CBF1C4623FA54
S21402141004F44E4B9C4288BF6408002846D0B4FBB6
S214021420F0F3642100FB134201FB02F2904244D81F
S2140214305A1E52085B08013B120242EA0313C9F81D
S2140214400C301DF0FFFD00285CD0B4FBF0F26421E6
S21402145000FB124401FB04F4A0425ED8531E5B0854
S2140214605208013A1B0243EA0213C9F81030002060
S214021470D6E6042BDAF828807FF4FBAE18F0807FDD
S2140214800CBF08F0E0734FF4400328F0E078EEE675
S21402149000232F481D460CE72120C1E600232D48D5
S2140214A01D4606E70B46002289E7044640F2C24282
S2140214B02B210020FBF75AFE2346013BB8E7C2F178
S2140214C00F0702F1110E06FA0EFEFB4043EA0E0368
S2140214D0A7F1200E26FA0EFE43EA0E03FE40013363
S2140214E004FA02F246F1000662E702F4801203F4FE
S2140214F000131A4308BFC0F5801020E700231648E1
S2140215001D46D6E640F2E5422B21FBF72FFE621E71
S214021510A4E70028C9D01C46CFE71446F7E700BF69
S214021520006CCA88008001B8001F00B0004001B8F5
S21402153000F04902005A6202A45A0020A05A002073
S2140215409C5A0020E0DD0400D34D62103FBE4025C9
S2140215500A3BB2DF313641DCD694BFD6807C814A64
S21402156010B50B46044686B039B98279016821481F
S2140215706B460068FFF73CFE6B461F4A19685163CC
S2140215801E4AD2F8FC2062B35A6842B11C4A1D4970
S214021590C2F80C115968A2F58052C2F80C119A686A
S2140215A042B1174A1849C2F8EC109968A2F580525F
S2140215B0C2F8EC101549D868D1F8642122F4EE621C
S2140215C00243C1F86421D1F85C21186922F4EE6264
S2140215D00243C1F85C21A1F5FF4158692839FFF79B
S2140215E0A3FD0020A2880A4B9A6203F5A033186472
S2140215F006B010BDE45A0020008001B8001F00B0FB
S214021600006001B8FFFF0F00FFF8FF0F000002B8EE
S214021610004000B84FF48062014BDA67704700BFA3
S214021620001002B84FF48062034BDA67034B1B7854
S2140216300BB1034A93657047002002B8226A002065
S214021640008001B840B10368012B05D90069034B3D
S214021650002808BF1846704700487047E8DD0400B7
S21402166010B590B10468012C0FD902696AB11168ED
S214021670094B102C196051685960916888BFD2686E
S214021680996094BFD960DA6010BD1022002102482A
S214021690FAF7FCFEF8E700BFAC5A0020084BC11769
S2140216A01A68A2FB000302FB013310F1807043F1BB
S2140216B00003400E40EAC310803820EAE07070470C
S2140216C0BC5A00200722164B70B5DA66154B164A2E
S2140216D01D68164BEC08E005C0184FEA153141F1BB
S2140216E000010023FAF766FB114B124E18604EF605
S2140216F06020FFF7D3FF4042C6F884000E48FEF78C
S214021700EDFF024658B1E301500818184FEA15716A
S2140217104FF0000341F10001FAF74CFBF06570BD93
S214021720000002B8585A002065CD1D00B2E60E0031
S214021730BC5A0020001F00B040420F0010B50446FD
S21402174098B10B4BD3F8FC00FFF78AFF4FF47A737D
S21402175003FB04F0074BA0F6AC50DA689B68104413
S214021760C01ABDE81040FFF799BF4EF66020F8E7B2
S214021770001F00B0AC5A00202DE9F8430546084683
S21402178014461E46FFF76CFF0DB306F0020716F06E
S21402179004061ED1DFB14FF47A706B685843002BF3
S2140217A040F08C80FFF77AFF60626B69002B00F0D6
S2140217B08C804B4AD0684FF47A7202FB0300A0F585
S2140217C003501038FFF76AFF2062002E57D1BDE89B
S2140217D0F8832869002868D04FF47A735843404B40
S2140217E0A0F6AC509B68C01AFFF758FFE061A88BC2
S2140217F000285DD04FF47A735843394BA0F6AC50AC
S2140218009B68C01AFFF74AFF2061364BE968D3F897
S214021810008000294FD04FF47A735943304BA1F61B
S214021820AC519A685B68891AC91A2F4BC8171A688E
S214021830DFF8BC90A2FB011302FB003311F18071AA
S21402184043F10003490E41EAC3118039274B616117
S214021850DB6EA361D9F8003053B140461AF04BFD57
S21402186030B12246D9F800301D49D8F8D80098473A
S2140218700021A869FFF762FFA062002F8BD1A8683B
S21402188030BB47F23050FFF709FFA0604FF47A7082
S2140218902B6858432BB1124B1B6803F51C531033AD
S2140218A01844FFF7FBFEE06091E74EF660209BE7E8
S2140218B04EF66020A6E74EF66021B6E7084B1B6898
S2140218C003F51C53103318446CE747F2305079E79F
S2140218D04FF47A735843A0F503501038D3E700BF8D
S2140218E0AC5A0020E45A0020BC5A0020001F00B068
S2140218F0A85A002038B5054608461C461AF01DFEB2
S2140219000246D5F8E400FFF79DFE4368A018002BB8
S214021910044AA8BF4FF4FA721A44034B92FBF3F23E
S214021920104438BD0CFEFFFF18FCFFFF70B5124CCA
S21402193088B001AD0FCC0FC594E8070085E8070014
S2140219408C2200210D48FAF7A1FDD42200210C4872
S214021950FAF79CFD0B4B0C4A5A6301F04DFA0B4BFF
S2140219601B783BB1044E01AD0FCD0FC695E80700BC
S21402197084E8070008B070BDC41F00B0A01E00B007
S2140219802C1F00B0001F00B010111111156A0020A4
S21402199008B51FF0B2FA0E4B1A78A2B90D4A1268B1
S2140219A012F4843F0FD10C4A1021D1671B7863B919
S2140219B0084B1B68DB0508D4074B2022DA67BDE814
S2140219C008401FF095BA054AEEE7044BF5E700BF5C
S2140219D0286A0020E0160020002002B8001002B894
S2140219E00A4B197801F0FF0229B100211970084943
S2140219F09202C1F8B420597801F0FF0229B1002101
S214021A0059709302024AC2F8B8307047236A00201F
S214021A10005000B8064BD3F8D80E064B5B6F1A017F
S214021A2003D4054B9B6E1B0401D500F580707047EE
S214021A30001000B0000002B8004000B810B51FF059
S214021A405CFA0E2104460320FFF7FCF840F201225E
S214021A50034B2046BDE81040DA621FF049BA00BFC9
S214021A60004000B808B51FF048FA4FF00042224B7B
S214021A70C3F88020BFF34F8FBFF36F8F0122C3F8E6
S214021A808420BFF34F8FBFF36F8F0222C3F88420E8
S214021A90BFF34F8FBFF36F8F0422C3F88420BFF3C8
S214021AA04F8FBFF36F8F0822C3F88420BFF34F8F88
S214021AB0BFF36F8F1022C3F88420BFF34F8FBFF39C
S214021AC06F8F2022C3F88420BFF34F8FBFF36F8F30
S214021AD04022C3F88420BFF34F8FBFF36F8F4FF4BB
S214021AE08072C3F88420BFF34F8FBFF36F8FBDE8B9
S214021AF008401FF0FDB900BF00E100E008B51FF086
S214021B00FCF94FF00042094B1A6001225A60042287
S214021B105A6008225A6010225A6020225A604022D6
S214021B205A60BDE808401FF0E3B900BF00E100E0DC
S214021B30012370B5074C2370074B1E68074B3240D3
S214021B40D3E9005319402840FCF7F8FC0023237021
S214021B5070BD00BF266A0020C45A0020E01600208E
S214021B600022044B1A70044B197811B11A70FFF751
S214021B700FBF7047276A0020286A00202DE9F04729
S214021B80DDF820A003EA0108099B06460C4602EA95
S214021B90000703EA0A09BAF1000F40F04E81031F5C
S214021BA00B4300F00E81052871F1000380F0E480FB
S214021BB050EA010300F06081431E0B4300F02481CB
S214021BC0FFF750FFAD4AD2E9005323EA040325EAA1
S214021BD006053D4343EA0807A94BC2E900571E68BB
S214021BE0DFF8F48226EA0A0646EA09061E60FFF7CE
S214021BF0CFFE15F02A4F14BF48F202034FF40043FB
S214021C00A04AB007D26EA04848BF43F4005383EA06
S214021C10020122EA0302C2669C4A0B408166D36630
S214021C20C5F380421203290348BF42F48072EB06D2
S214021C3048BF42F40052964BAC0648BF42F40072CC
S214021C406806D3F80C3248BF42F48062290648BFC1
S214021C5042F400628F4882EA030123EA0203C0F8D4
S214021C600C328D4B0A40C7F34024A404C0F8081275
S214021C70C3F80C22EA0448BF44F48034AB0348BFDE
S214021C8044F48014A80748BF44F4800415F4001FE7
S214021C9006D0D8F800001AF084FD08B944F40024EF
S214021CA0E90248BF44F40034FA0648BF44F400048C
S214021CB073077A4B48BF44F004041A6A44F40014CB
S214021CC084EA020323F0010375491A400A621C40A3
S214021CD0CB61744B16F0010F1C62734B734A18BF2C
S214021CE01A46734B7C071B6F48BF42F0006271486E
S214021CF082EA030123EA020303676F4B0A40416646
S214021D001A676E4A05F00103516CA0F5803081EA2D
S214021D10030221EA0301416482631A40684B2802E7
S214021D205A64D8F8002048BF664B92F8F62058BF8F
S214021D30654B690748BF43F4806322B115F4C06F50
S214021D4018BF43F480733207604A48BF43F000432B
S214021D50D2F8EC105E4883EA010222F4A022114077
S214021D60C0F8EC101340C0F8E0205A4ABDE8F0472D
S214021D70C2F8EC30FFF7C2BEA0F580630B4306D074
S214021D8020F48063A3F500730B437FF419AF1FF0B2
S214021D90B4F83A49D1E9003223EA060322EA0402F9
S214021DA042EA08023B43C1E900324B4A126892F803
S214021DB0F610474A09B313F4C06F1ED04FF480736F
S214021DC011E01FF09AF82D4AD2E9003123F00403FD
S214021DD03B4341EA080157EA0807C2E900314FF4DB
S214021DE080633B4A0BD0C2F8E030A2F58052C2F8BC
S214021DF0EC30BDE8F0471FF07BB84FF48073C2F8B2
S214021E00EC30C2F8E030F4E71FF077F81B4AD2E96C
S214021E10003123F001033B4341EA0801C2E90031E5
S214021E2001232E4A57EA08071BBF9363A2F5805286
S214021E305364536408BF9363DBE750EA01037FF4FD
S214021E40BFAEBAF1010F7FF4BBAE1FF056F80C4AD4
S214021E50136823F0010343EA090313604FF4806317
S214021E60144AB9F1000F04D05366A2F580521367E4
S214021E70BFE713675366BCE7BDE8F087E0160020AD
S214021E80C45A0020004000B8006000B8005000B8F5
S214021E90004001B8006001B8005001B8000002B866
S214021EA0002002B8001002B8041C00030418000345
S214021EB000C001B800E001B800D001B800C000B808
S214021EC000D000B80D0A0A09090A0A09004000549F
S214021ED00060005400500054E45A002000E000B8AD
S214021EE0024B5868C0F3C000704700BFE0160020DF
S214021EF0024B186800F00100704700BFE016002091
S214021F00024B5868C0F3C030704700BFE01600208E
S214021F1010B50446FEF700FDFFF7A4FD2046FDF7C8
S214021F20BDF8FEF7A5FCFEF7ABF8FEF71DF9FFF7C6
S214021F30C9FB13490723134AD1F8FC1004F1F80031
S214021F40FFF71AFC4FF080710020FEF7E7FB4FF018
S214021F5000720D4B4FF400110120C3F80021FEF76A
S214021F60DDFBFEF7D7FF20B940F292321421FBF7D1
S214021F70FDF81AF049FBBDE810400120FDF766BFE8
S214021F80001F00B0581F00B000D001B88023074AD7
S214021F901367082340B11367054AD2F8A03023F02E
S214021FA02003C2F8A0307047024AF4E7001002B8D5
S214021FB0001E00B0002002B810B51EF09EFF0121E0
S214021FC004460020FFF7E2FF044B1961044B5B68EE
S214021FD098472046BDE810401EF08ABF000002B8AF
S214021FE0C8700020F8B5194C0546207840F2E44245
S214021FF0B0FA80F03E214009FBF7B8F855B9607890
S21402200040F2E442BDE8F840B0FA80F03E214009D2
S214022010FBF7ACB84FF440660D4F0E4DD7F8B43010
S21402202040F2E442C3F381232370C5F8B4606078BB
S2140220303E21B0FA80F04009FBF798F8D7F8B8309E
S214022040C3F381236370C5F8B860F8BD236A002025
S214022050004000B8006000B8F8B5084C084D236F81
S2140220600423084F2B67236F5B0300D4F8BD0426B6
S21402207002203E671AF045FA2E67F4E7000002B81F
S214022080001002B8002002B8A82238B51A4B1D6FFD
S21402209003F500531A6710229A60A3F5804302F1F3
S2140220A000521A675A66FFF79BFC144B1B7813B94B
S2140220B00320FEF78BF80024114B9C67FFF7CCFF3A
S2140220C0104A114BD2F8D81E0B40C2F8D83E042252
S2140220D00E4B1A670E4BAA06C3F8AC4008D503F59A
S2140220E08073DB6CB3F5817F22BF8022024B1A61BC
S2140220F0BDE83840FCF7C2BB000002B8256A0020E3
S21402210000C001B8001000B0DF0000FF002002B8D7
S214022110001E00B010B549B930B3164AD3681B0E7C
S21402212013F00E0F20D193689A061DD4FFF786FC93
S214022130104C0020FEF72AFE032801D0092805D1FC
S214022140636FDB03F5D4E36D0C2BF2D9FFF784FF44
S2140221504FF40072084BDA62012203F5E8335A6143
S214022160042203F580531A674FF4C062034BDA6207
S21402217010BD00BF000002B8004000B8006001B801
S21402218008B503210920FEF75DFD2022014B1A61E6
S21402219008BD00BF000002B838B505461EF0ADFE09
S2140221A00E4B04461868FDF745F835B1FFF7D8FC24
S2140221B02046BDE838401EF09BBE094B1B78002B1C
S2140221C0F6D0084B1D78002DF2D1FFF7C9FC2A463F
S2140221D04FF480400021FFF7ABFCE9E7E45A002009
S2140221E0276A0020266A00202DE9F84F5C4B064637
S2140221F00D4614461B6F002A40F0AE8013F0A00F67
S21402220014BF4FF001094FF00009FCF737FBA0237B
S2140222104FF0000ADFF868810320C8F87030FDF737
S214022220D5FF0420FDF7D2FF4E4FFFF799FC4E4B29
S2140222304FF0040B7B67C7F878A0FFF70DFF4B4BF8
S2140222404FF48071D3F8A020494842F02002C3F828
S214022250A020FF22C8F80820414A1161D0F8D82EE3
S21402226044491140C0F8D81EC8F870B0C3F8ACA0F4
S2140222707B6913F0060F04D0FEF75CFA5846FDF7AA
S214022280A5FFB9F1000F08D04FF400623A4B1A6767
S2140222904FF40042A3F5E0339A6666B1374BDB6C27
S2140222A0180701D4FFF7CAFBFFF76AFF0420FDF701
S2140222B08DFFFFF795FB2A4B5A69D10747D5DA6897
S2140222C012F0706FFBD12E4B2E4A1A672E4AD36B32
S2140222D023F0F003D36315B12046FFF75DFF2B4BC7
S2140222E0D3F84C315A1C01D05B0002D50122244B94
S2140222F05A6164B3214BDA6E03F500539A6603F50E
S214022300D0331B6A1E4A23F00103D361204BD3F855
S2140223100C1203F50053C3F8081203F50053D3F862
S214022320841003F5005399671A4BD3F8EC1003F5A3
S2140223300053C3F8E010184B596C03F50053996329
S214022340164903F5803359664FF608431367002093
S214022350BDE8F84FFCF736BD4FF0000955E700BF61
S214022360000002B800C001B800000101001E00B063
S214022370001000B0DF0000FF001002B8004000B8F6
S214022380002002B810003000001F00B00080E00FEE
S214022390004001B80040005400C000B85000002FB2
S2140223A09B4B2DE9F04F9F6EDB6E85B01F40994B1D
S2140223B09F66994BD3F8E050D3F8EC301D40974B0C
S2140223C0C3F8E050964BD3F80822D3F80C3202EA50
S2140223D00309944BC3F8089203F52043DA691B6A93
S2140223E002EA0308904B08F47702DA618F4BD3F8BF
S2140223F00422D20605D4D3F80431C3F30016DB0652
S21402240051D51EF07AFD8A4B5A695E6E1B6F12F02A
S214022410060F06EA0306874A26F0007314BF4FF03B
S214022420010A4FF0000A23F400637407536604D5CA
S214022430814A137D0133DBB213751EF059FD002F5E
S21402244000F0E28017F4004300F0D3801EF055FD42
S2140224500146FFF7DFFA0446784BD3F800B0DBF804
S2140224600020DBF800309A42FBD0DBF800209A42CC
S214022470FBD0FFF7CFFAA04217D108461EF038FD70
S2140224806F4B1C606F4BD3F870B01BF4E0520ED14A
S21402249024F07F4424F0DF040CB9FFF7F5FD4FF07B
S2140224A0807B002414E0B246C9E70446D7E70192CF
S2140224B0FFF7EAFD5C4B019A1BF480541A6740F062
S2140224C09A801BF4806F0CBF4FF0805B4FF0806BDE
S2140224D0B80715D55B4A5448126F02F4604101678B
S2140224E0002900F08B80110400F18B8012F4005F4B
S2140224F00CBF4FF000524FF0006200244BEA020B72
S214022500C7F340377F00504A2A40002A4AD015F4C3
S214022510206F0AD040F6A31206210020FAF726FE04
S2140225200020FFF739FE25F48025EB0506D5FF21AE
S2140225303D4A4BF4C06B9160FFF780FA15F0090F25
S2140225400AD040F6B81208210020FAF70FFEFFF76D
S21402255017FE0121304A116315F0106F0CD040F6B9
S214022560C11209210020FAF701FEFFF709FE002238
S21402257011461046FCF736FE15F4202F0AD040F618
S214022580C91207210020FAF7F1FD0020FFF704FE2A
S21402259025F48025E80301D5FCF768FF002DB8BFB7
S2140225A047F0080769070DD51B4AD26A12F4005F86
S2140225B04FF4005217BF19492449CA624BF4000B64
S2140225C008BFCA626A0548BF4BF0040B15F48023A5
S2140225D0019300F0A480FCF701FF0138062837D8E3
S2140225E0DFE810F028012B0128012E013101340109
S2140225F034019B4655E74FF0804B52E74FF000728E
S2140226007BE74FF0004278E7BB463C467BE700BFDD
S214022610004000B8006000B800400054006000545B
S214022620004001B8006001B8002002B800E100E0F6
S21402263000C001B800E001B8C85A00207CDD0400E2
S214022640C05A0020000002B8090B0B890050005443
S21402265040F6FA1203210020FAF788FD0121854888
S214022660826ED0F8883002F00702063201FA02F2D1
S214022670C3F30C0CA2EB0C0292B2072A12D97E4AC2
S214022680126F53020ED47D4B826B806D5B6D5BB115
S21402269002F0070206329140C0F30C00091A89B212
S2140226A0072901D84BF4007B754A1278002A36D0E7
S2140226B0704AD2F8E02012F4A02F30D1714A724943
S2140226C012789AB9F20411D40A787AB14FEADB0288
S2140226D06E4842EA447282F00102D0F8D80E02F046
S2140226E00102520020FA02F2930718D10420FDF7E5
S2140226F06DFD674A67485067FFF732FA62490A7803
S2140227004AB9654A127832B1644A654912680BEAD8
S21402271002020A4201D14BF4804B26F48056B9F1EC
S214022720000F1DD019F4805F18BF4BF4802B19F4EC
S214022730807F18BF4BF4002B19F4005F18BF4BF0D4
S214022740100B19F4007F18BF4BF0200B19F4806FA2
S21402275018BF4BF0400B19F4006F18BF4BF0800BFC
S214022760B8F1000F48D018F4001F0AD04D4A13687B
S2140227703BB1414A4C48116F00680022C1F3C06168
S214022780984718F4802F18BF44F4007418F4803F5A
S21402279018BF4BF4805B18F4801F18BF4BF4003B45
S2140227A018F4800F18BF4BF0020B18F4003F18BF46
S2140227B04BF4801B18F4000F18BF44F0100418F4F2
S2140227C0002F19D0394AD2F8A02012F0C00F13D029
S2140227D02949CA68C2F30362032A01D0072A05D12F
S2140227E04A6FD00602D48A6F120732D54FF4002100
S2140227F02F4A28F40028D161002E00F01B813305F1
S21402280040F18F802B48DFF88890C2782A49002A48
S21402281058D04FF40063013AD2B24B66C27032B956
S214022820264A1278C2B140F60141254A5167002273
S214022830002173E04BF4803B10E74BF4006B0DE78E
S2140228404BF4806B0AE74BF4807B07E74BF0080BF0
S21402285004E74BF4001BCFE7D9F8782012F4A05F08
S21402286015BF4FF4807240F60142C9F85820C9F8E5
S2140228707820DCE700400054000002B8004000B8B0
S214022880286A0020276A00202A6A0020001000B06A
S21402289000C001B800000101296A0020E0160020ED
S2140228A0088D0100F8590020E45A0020001E00B0EE
S2140228B0002002B8196A002000E001B8256A00204C
S2140228C000D001B80320FDF781FCD9F81420A84BEC
S2140228D012F0060F04BF41F61F72A649A64808BFAB
S2140228E04A674FF40061A34A5166D9F8142012F0E1
S2140228F0060208BFC9F878205A8A12F4006162D02C
S21402290022F400625A82027802F0FF09002A5ED19F
S214022910FDF710FFFFF7B8FB4A4620214BEA020BF1
S2140229200C43B00009D52E20FDF79EFB4FF0005158
S214022930904A44F0080411675166F10606D52B202A
S214022940FDF792FB10218B4A1167516616F0306F25
S21402295005D1F20463D5BAF1000F00F0C08033014E
S21402296017D52920FDF780FB844A526C12B110213C
S214022970834A9160FFF7B4FA48B1824A82487D4999
S2140229804A66026700F54050C068400422D444F00C
S214022990040416F0007A28D00420FDF717FC27203E
S2140229A0FDF762FBFFF770FB4FF00071714A51664C
S2140229B0764AD2F8D82E520679D40221704A91600D
S2140229C044F0020428E002784FF40052A6E74FF4DF
S2140229D000422DE70A6720204A66FDF745FB2D20B8
S2140229E044F00C04FDF740FBD3E716F0807FDFF8D7
S2140229F08C9147D00420FDF7E9FB2820FDF734FB35
S214022A00D9F87820002A3AD1FFF73EFB594A5D49A9
S214022A1044F00104116751660021584A9165720517
S214022A2008D55B498A78002A00F0D880013A8A7075
S214022A3000221743574AD2F8A020130603D5584659
S214022A402146FCF7C7F93A4658462146FFF770F882
S214022A50019B0BB1FCF7F8FC01224F4B05F0043545
S214022A60C3F8E0504D4B18F4002FC3F884211EBF64
S214022A704FF40022424BDA6105B0BDE8F08FC9F888
S214022A8078A0C3E7F104C7D50420FDF79FFB444AAC
S214022A90C9F87420FDF74EFED9F8642012F0407F84
S214022AA0BAD12A20FDF7E0FAFFF7EEFA80E7394AB4
S214022AB0D2F8A0108B0683D402203A4988603A499D
S214022AC0096891F82510C8077FF57AAF92F8C420F6
S214022AD0002A3FF475AF8021344A116170E7344A08
S214022AE01268013202D04BF0010B98E728490A79A6
S214022AF052B1013AD2B20A7112B9234A2D4951672C
S214022B0000224BEA020B8AE70420FDF75FFB032054
S214022B10FDF75CFB194A224951671EF0EEF9814621
S214022B200DF10F00FEF732F9234A824612780AB1F7
S214022B30FEF784FFBAF1030F0ED1DFF870A0002073
S214022B40FEF724F9032807D1DAF87420D103F6D465
S214022B50DAF85C200C2AF2D99DF80F20032A2FD12E
S214022B600121164A484611701EF0C2F9C8E700BF96
S214022B70C85A002000E001B8256A002000C001B84B
S214022B80002002B81000002000D001B8001000B0EB
S214022B90196A0020001E00B00060005400E100E048
S214022BA000000101001002B8E45A0020000002B83A
S214022BB0D07000200000010D2B6A0020276A00203A
S214022BC0094AD2F8E02012F4A02FC9D1FEF7C8FFB6
S214022BD048461EF08DF94FF4804292E70220FDF738
S214022BE0F5FA012225E700BF004000540122024BFD
S214022BF01A62DA61704700BF002002B80D4B10B5AA
S214022C00DC691A6A14400C4A24F47F01D161E20797
S214022C1006D5D9684FF0FF30C1F3036119F0FEFC08
S214022C20630706D5BDE81040042200200021FEF707
S214022C307FBF10BD000002B8002002B80C4A08B5DB
S214022C40936B526C13400B4A9363DB070FD50A4B08
S214022C5040F663421878122100F00100FAF786FA6D
S214022C60BDE80840002201200021FEF761BF08BD32
S214022C7000C000B800E000B8E0160020054AD2F80E
S214022C808430DB07FBD4936FD2F884201340024AC9
S214022C9093677047008001B800A001B870B514466B
S214022CA00D461EF02AF9064BD3F8A06074402C405D
S214022CB07440C3F8A0401EF01BF906EA050070BD7A
S214022CC0001E00B0034BD3F8A03099430CBF01207E
S214022CD000207047001E00B02DE9F04117460A4357
S214022CE0012A1D469DF818409DF81C60DDF82080DC
S214022CF029D8B44227D2082E25D8032B23D8B8F1D8
S214022D00000F20D00A460021FBF71CFDFF21EB0036
S214022D109940C943DFF834C008F1FF38FF00E2B239
S214022D20964202D80020BDE8F0813D190CEB8505DD
S214022D30D5F8E02018F8010F0A4098401043C5F86D
S214022D40E0000134EBE72120EDE700BF001E00B0F3
S214022D50034B1868034B002808BF1846704700BF8D
S214022D60E05A0020CCFE04002DE9F843DFF860901C
S214022D700646D9F8008008461746B8F1000F03D079
S214022D800E242046BDE8F88306B3336801331DD10E
S214022D90E1B1FAF70DF805460028F1D0C9F80000AF
S214022DA0FAF72CF8284618F04DFF044640B1404684
S214022DB0C9F80080FAF722F8284618F03EFFE0E746
S214022DC03560002FDDD02846B847DAE72124D8E759
S214022DD0E45A0020024B1868003818BF01207047DA
S214022DE0E45A0020002108B5024B08465B68984763
S214022DF0002008BDC87000200523064AA2F84A3003
S214022E0092F8493003F0010363F0730382F8493005
S214022E10704700BF001F00B00023F0B585B0CDE9B3
S214022E2001330393124B134D1B78134E8DF8043067
S214022E301EF070F82A78337804469A420F4F0CD068
S214022E403178386801AA297019F01DFC50B140F695
S214022E5008210B481EF053F904E0386819F0F3FB1A
S214022E600128EDD020461EF050F805B0F0BD00BF98
S214022E70097400204074002041740020005B00208A
S214022E8028B30400F8B52B4B1B7823B140F6FC316F
S214022E9029481EF034F91EF03DF8284B07461C88D8
S214022EA014F0060409D001214FF480701CF0E6FFEE
S214022EB03846BDE8F8401EF028B821464FF4807028
S214022EC01CF0DCFF204600F0ABFF022808D180226F
S214022ED01B4B8021186818F07FFFFFF79DFFE7E77E
S214022EE0204600F09DFF054638B1012807D040F67F
S214022EF0314111481EF003F9DAE70246E8E7FF22FD
S214022F000F4E104B30681A70FFF76CFF306819F0DE
S214022F109AFB0128CCD02A462946306819F095FB40
S214022F2021462C201CF0D6FF21460A201CF0D2FF98
S214022F30BEE700BF316A002028B30400D462002036
S214022F40005B002040740020002101481DF0DCBD1B
S214022F50487100207F2837B5044610D14FF6FF731C
S214022F60022217480DF10601ADF80630EBF722F9FA
S214022F70BDF80640E2054CBF6FF04A0464B21DF08D
S214022F80C9FF104B05461C700F4B1B88DB0710D57C
S214022F900E4B1B78002B0E4B0CBF21466FF07F01A9
S214022FA0186818F03EFF20B140F6786109481EF016
S214022FB0A6F8284603B0BDE830401DF0A6BF00BF05
S214022FC0641002C038740020D4620020326A0020E6
S214022FD0005B002028B3040010B514F018FB60B1A3
S214022FE014F017FB0B4A80B141F20D03BDE8104006
S214022FF041F20D0107481DF093B8074B1A781B796A
S2140230009A4204D100220023F0E70D23EEE7034A9A
S214023010F9E700BF400D030009740020488D010047
S214023020F8B5164E0D46337802F0010423B140F28D
S214023030C53113481EF063F8124B134F1D60134D33
S214023040A4B1134B997801B1012120201CF016FF80
S2140230502B783B700F4B1C780F4B00211C700423FF
S21402306033700E48BDE8F8401DF04EBD21462020C4
S2140230701CF004FF2B783B70EEE700BF316A00209D
S21402308028B30400F05A00202E6A00204274002062
S214023090F45A00202F6A0020306A0020487100206F
S2140230A02DE9F8431DF036FFDFF8A0810546B8F893
S2140230B00030614C13F4807F03D0237873BBFFF794
S2140230C0E1FE002108461CF005FF5C4B1A78FF2A39
S2140230D013D01A7802F0FF0632BBFF221A7023784A
S2140230E0052B0AD10023284623701DF00EFF30461A
S2140230F019F059FB1DF00EFF05462378504E062B9D
S21402310009D13378FF2B06D03378022B15D1002154
S2140231104C481DF0F9FCFF2333702BE000214FF4DE
S21402312080701CF0ABFECCE71A78012A4FF0FF0243
S21402313014BF33264C261A70D4E7337813B133788B
S214023140012B22D11CF03AFF07463E4896F8009023
S21402315001F0DCFBFF235FFA89F9337077B1B9F12E
S214023160010F44D16421374884F800901DF0CCFC4E
S214023170FFF752FE28461DF0C8FE06E028462770D6
S2140231801DF0C3FE384619F00EFBB8F800301B06D9
S21402319005D5002180201CF071FE17F0F8FD01F025
S2140231A0F1FA294E308000B32778012F42D11DF064
S2140231B0BFFB054610B301301EF07FF800F44060F6
S2140231C0B0F5006F1AD10422394628461DF0F0FAEF
S2140231D028441EF072F84FF6FF7398420ED1002074
S2140231E0318800F0FFFC00233380BDE8F88300231B
S2140231F0284623701DF089FE3F20C4E7114801F0DF
S21402320085FB002108462170012500F09DFC2378ED
S2140232100BB9FFF737FE0020318800F0E3FC0023ED
S2140232203380002DE1D020780028DED1BDE8F843B7
S21402323019F004BC0025EAE7316A00203F7400203A
S2140232403E74002048710020D2620020D462002022
S21402325008B513460A461946064B186818F06EFE5D
S21402326030B1BDE8084040F2F44103481DF047BFC4
S21402327008BD00BF005B002028B3040008B5134653
S2140232800A461946064B186818F052FE30B1BDE8D9
S214023290084040F2FB4103481DF031BF08BD00BFA5
S2140232A0005B002028B30400024B1878431E5842E5
S2140232B058417047316A002008B5064B1B7823B187
S2140232C040F2255104481DF01AFFFFF7DBFD0020EF
S2140232D008BD00BF316A002028B3040008B5054BBC
S2140232E001EB81011868490018F09DFD002818BFFF
S2140232F0212008BD005B002008B5044B1868F9F7CA
S2140233000FFF0A2390FBF3F040B208BD005B0020DB
S214023310014B1878704700BF4174002008B5044B73
S214023320186818F0EBFCB0FA80F0400908BD00BF40
S214023330005B002038B5124D0C462B78012B04D9C1
S21402334040F246510F481DF0DAFE21460020FFF7F4
S214023350E5FF90B10C4B1C702B785BB9FFF792FD22
S2140233600A4B93F900100A4BC901186818F02FFD92
S214023370002038BDFFF750FDF2E72120F9E700BF35
S214023380316A002028B3040041740020336A00200A
S214023390005B002008B5074B186818F0ADFC30B18A
S2140233A0054BB3FBF0F083B20BB1184608BD012003
S2140233B0FCE700BF005B002040420F002DE9F34708
S2140233C05C4E01201DF098FE3388990704D440F61F
S2140233D03F4159481DF093FEDFF8808198F800308F
S2140233E0053B012B04D940F6414153481DF087FEA8
S2140233F0524F3B6823B940F644414F481DF07FFECA
S214023400348814F0200478D0012122201CF062FDBA
S2140234104FF47A74FFF7BEFF3B681B7809334343C9
S21402342004EBC30498F80030A5B2062B0BD11DF0AE
S2140234308DF90446FFF7AEFF602358430C2303FBC7
S2140234400400284485B2D7F800903D4B99F80080D6
S2140234501C7808F1FF381FFA88F8002C52D13388FE
S2140234605A0505D409F101001DF027FFC0F34014E8
S2140234703449354A887812784B7812FB00F2334F7B
S21402348093423B70A4BF9B1A3B703B78CA78BD60E0
S214023490934238BF13463B7014F0C1F8002833D06D
S2140234A014F0BBF8012814BF102508252543002375
S2140234B0DFF8ACA00093802243464946DAF80000C3
S2140234C018F0E3FC20B14FF43B611B481DF017FED9
S2140234D01F4BDAF8000019781E4B197033889B06CA
S2140234E014D52A461C4B009719F0CBF8C0B9002019
S2140234F002B0BDE8F0471DF0FFBD214622201CF0B9
S214023500E9FC87E70024B3E72546D0E72A460F4BB7
S21402351019F0B5F8014618B925201CF0DBFCE6E7E1
S214023520214626201CF0D6FC40F6F43102481DF057
S214023530E6FDDCE7D462002028B30400F05A00203F
S214023540346A0020097400202E6A0020F8700020D9
S2140235504174002040740020F45A0020316A002092
S214023560005B0020184B10B51B889B0704D440F65E
S214023570A66116481DF0C3FD154B1B78053B012BB3
S21402358004D940F6A76111481DF0B9FD114B1B681E
S21402359023B940F6A9610D481DF0B1FD00240E4B7B
S2140235A00E4921201C701CF095FC014618B9BDE896
S2140235B01040FFF703BF022804D12046BDE81040A2
S2140235C01CF01EBD10BD00BFD462002028B304004C
S2140235D0316A0020F05A00202C6A00207D37020053
S2140235E0F8B55A4C23889A0704D54FF43E715848CA
S2140235F01DF085FD574801F089F91DF08BFC2388E4
S21402360005465B070DD54FF0FF3018F085FC524B90
S2140236101B68C01AB0F5717F03D9002104201CF084
S2140236202DFC28464D4D1DF070FC2B78042B32D114
S2140236301DF070FC238806465F0708D54548002122
S2140236401DF062FA3046BDE8F8401DF05EBC1DF083
S2140236505CFC1DF05FFC424B06461B78414F13B9DB
S214023660238859050FD50523012102202B701CF053
S21402367005FCFFF777FF30461DF047FC3B68DA781B
S214023680394B1A70F8BD386801301DF016FE8206F6
S214023690E9D50623E8E7062B4DD1344B1B78FF2BE2
S2140236A0F0D1334E13F0BDFF3378002B3DD01DF022
S2140236B031FC238805465B0705D5264800211DF008
S2140236C023FA2846BFE71DF020FC3378013B33700F
S2140236D01DF020FC0446012102201CF0CFFBFFF760
S2140236E041FF20461F4C1DF010FC206801301DF0E3
S2140236F0E4FD00F44060B0F5006F13D124680121A8
S214023700042220461DF054F820441DF0D6FD014642
S214023710184B04201A783378D21AD2B2BDE8F84091
S2140237201DF094BD4FF6FF71F2E740202B70BDE806
S214023730F84019F038B8012BA4D100232B700E4B99
S2140237401868FFF74FFB3F20F1E700BFD462002066
S21402375028B3040048710020EC5A0020316A002089
S214023760346A0020F05A00202D6A00203E740020A1
S2140237702E6A002042740020005B002008B50A4B27
S2140237801A7882B9012210281A7004D040F69D6178
S21402379006481DF0B4FC002120201CF06FFBBDE89B
S2140237A00840FFF70BBE08BD2C6A002028B30400B1
S2140237B008B5094B1B88DB0604D440F2C351074800
S2140237C01DF09DFC102000211CF058FB044B1868CD
S2140237D0BDE8084018F04CBFD462002028B30400AD
S2140237E0005B0020012208B5074B1146186818F046
S2140237F02CFF00212C201CF06DFBBDE808400021A8
S2140238000A201CF067BB00BF005B0020014B40088B
S214023810185C70473A74002008B513460A461946E3
S214023820064B186818F090FB30B1BDE8084040F629
S214023830E94103481DF063BC08BD00BF005B0020E1
S21402384028B3040008B5044B186818F0FCFE0138CB
S21402385018BF012008BD00BF005B0020054B10B555
S2140238604C0022460146186818F0CBFA031B584251
S214023870584110BD005B002070B505461DF04AFB9E
S2140238800E4B0F4E1B880446DA07357008D50D4BD3
S2140238900D4D1B78012B08D90121286818F07DFFF1
S2140238A02046BDE870401DF030BB1BB113F0ADFEE4
S2140238B0C305F1D4317881F00101EEE7D46200202D
S2140238C039740020326A0020005B00200C4B10B5D1
S2140238D01B880446DB0711D5FFF77EFB094B84F0F5
S2140238E0010208211868D20018F076FA30B1BDE855
S2140238F0104040F6367104481DF001BC10BD00BFF2
S214023900D4620020005B002028B3040008B5044BF4
S2140239100146186818F023FB003818BF012008BDBE
S214023920005B002010B50A4C23787BB1FFF75AFFE4
S214023930002104201CF0A2FA002102201CF09EFAAC
S21402394000232370BDE81040FFF79CBA10BD00BFED
S214023950316A002038B5094800F0E8FC0024084D1A
S21402396095F84430E0B2834200D838BD05EBC0007B
S214023970043000F0DBFC0134F2E700BFA45B002059
S214023980045B002008B5104602494822F8F70EFFED
S214023990002008BD5C5B002008B505481DF01FFD31
S2140239A0014620B9BDE8084001481DF0ADB808BD83
S2140239B068710020002238B51C4B15461C461A704A
S2140239C00132082A5D609D8043F8085FF8D14822DC
S2140239D000211748F8F75AFD4FF6FE73A4F8683030
S2140239E06FF48033E365134B00211A88124B186874
S2140239F0F8F74CFD114BC4E91255C4E9283584F892
S214023A00445084F85050656584F8A850E9F73CFFA6
S214023A10FF220B4B012118700A4B00201A70E1F7A7
S214023A2033F80020FFF7B8FF002038BD045B002003
S214023A305C5B002094730020287000200000FFFFCB
S214023A40356A00208A6A002010B5AC24084B04FBB5
S214023A500030836C53B990F850403CB931B1C0E99C
S214023A6012122046FFF798FF204610BD2120FCE7E1
S214023A70045B0020AC2370B503FB00F5094E7319F6
S214023A8093F850405CB9204610F0AAFC735D2046BD
S214023A9043F002037355FFF77FFF204670BD0120F7
S214023AA0FCE700BF045B0020AC235843024A135CC9
S214023AB023F0030313547047045B002070B51646C8
S214023AC01F4A04461278C2BBAC211E4D01FB0051B0
S214023AD08A6C92BB91F850203AB1022B2DD191F804
S214023AE04410072907D91C2026E091F8441007291C
S214023AF0F9D8012B08D0AC2000FB0450CA00011DE7
S214023B000C30F8F715FD0021AC2303FB04F000246B
S214023B109DF8143000EBC1012944CB71049B8E80C2
S214023B208B602B1893F84420204601328C7183F860
S214023B304420FFF731FF204670BD0120FCE700BF9E
S214023B40346A0020045B0020F8B5234B04461B7839
S214023B500F46002B3ED1AC23204D03FB0053B3F897
S214023B60A03023B940F245311D481DF0C8FAAC22F8
S214023B7002FB0452D2F8A46036B192F8A33039465A
S214023B800020B2F8A020B047AC2300216343EA1815
S214023B90A2F8A010C2F8A410482192F8A82001FBAF
S214023BA002322A44D2F89820964213D0EB5C9B0746
S214023BB00CD5AC226243AB5C204623F0020343F0F2
S214023BC00103AB54BDE8F840FFF7E6BE10F02AFC4E
S214023BD00028EED1F8BD00BF346A0020045B002046
S214023BE07FB304002DE9F04F89B0059008460D46D4
S214023BF01CF09EFE044618B9212009B0BDE8F08FDD
S214023C0028461CF0B1FEC0B20838215C221892F891
S214023C1002A00491D1785268277803920022B4F861
S214023C200130ADF81E20434A029192F800B0BBF173
S214023C30000F08D0404B1B681BB120464FFA8AF291
S214023C4098470020D9E703F00703022B70D001340F
S214023C500922594620461CF0ABFD023F3F1A3B069E
S214023C6006465FFA87F8C7D4344FD7F89090B9F172
S214023C70000F27D100210DF11E0B434622460846AF
S214023C80CDF800B010F0E4FAC3B20546002B4BD1D3
S214023C90BDF81E0018F0CBFDE0B9BDF81E0018F006
S214023CA0C2FE8146BDF81E0018F0C1FDF0B906EB53
S214023CB0080201232146584692B200F07BFDD0B19D
S214023CC019209AE75B465A4601212846C84700282B
S214023CD0D0D191E7D7F89430BDF81E00002BDCD087
S214023CE0A11998470028D8D1022086E742464846BE
S214023CF0A119F8F75BFDBDF81E001CF019FE029B29
S214023D00059A0372049B80F809A08372039B1BBA70
S214023D10C360AC2303FB027393F85020BDF81E0069
S214023D2022B1DB6C03B19847E8B266E7BB6FF9E7EE
S214023D30012062E7346A0020E85A0020045B002073
S214023D402DE9F84308460F46164602F1010918F017
S214023D506FFE8046384618F063FD042856D1384672
S214023D6018F082FD48F661054FF6FF7248F64103E9
S214023D70294C904208BF1D46B4F85C10301D1DF059
S214023D809EFA384618F070FD0146B01D1DF097FAEF
S214023D90B4F85E1006F108001DF091FA06F10A0466
S214023DA038460DF067FF10B145F01005ADB2294652
S214023DB048461DF084FA384618F035FE424601465B
S214023DC02046F8F7F3FC384601211CF0E9FD44448E
S214023DD0074660B11CF0C8FD054638461CF0A8FD33
S214023DE0EDB201462A462046F8F7E0FC2C440B4A80
S214023DF0A41B13780134591C1170F37034703046CA
S214023E00BDE8F843092201211CF0D2BC48461DF049
S214023E1054FA4C460546C3E7045B0020356A002088
S214023E20AC2210B548245043094B1A1892F8A81031
S214023E3004FB0100034493F87700022806D092F8A8
S214023E4050301BB9032818BF012010BD0020FCE724
S214023E50045B002070B508B1012070BD234C94F8B5
S214023E60A850002DF8D12946B4F85C20FFF706FAD0
S214023E7029462846B4F85E20FFF7EAF9294628467E
S214023E8004F16002FFF7C8FC94F87730002BE3D009
S214023E90284694F85860FFF73BFA864215D1002070
S214023EA094F95A50FFF728FA854216D10020FFF7F8
S214023EB0B7FF044600201CF031FC0028CDD0214676
S214023EC0BDE870400020FFF7F7B9284694F858106E
S214023ED0FFF730FA0028E2D0BFE7002094F95A1024
S214023EE0FFF7FCF90028E1D0B7E700BF045B00202B
S214023EF00346AC2010B51446164A00FB032292F87D
S214023F00770002280CD1E07F022809D141B112497C
S214023F100978012913D992F85810227891420ED1C5
S214023F2018462178FFF7FAF990B1482221460B4845
S214023F30F8F73CFC00201CF0F1FB08B9002010BD8D
S214023F40044B93F8A8000028F8D1FFF783FFF5E7A3
S214023F502120F4E7045B00200F7400205C5B002045
S214023F6038B5AC230D4C054603FB004300205A6DC2
S214023F70D86483F8500012B15865FFF719FCF5F7BC
S214023F804BFBFF281EBFAC2303FB054484F8A800A6
S214023F900020FFF75FFF002038BD00BF045B002053
S214023FA07FB51D4C94F8A83023B1002084F8A800F1
S214023FB0FFF750FF94F85A30B4F8A0608DF80F302F
S214023FC026B940F2FD2115481DF099F8144B3146EA
S214023FD01D6800202A46FFF7B3FEE46F02469CB136
S214023FE00DF10F0301930023294630460093A047A4
S214023FF002462C7854B920462146FFF7A5FD2046F6
S214024000FFF7CAFC04B070BD0122F2E72946002081
S214024010FFF706F8F6E700BF045B00207FB3040054
S2140240202870002038B5494B1C78002C58D14848D7
S21402403000F06CFC20461CF071FB002850D0454C6A
S2140240402378D90733D594F850201AB123F0030306
S214024050237045E023F00103237010F0CBF9237898
S21402406005469A0701D510F0BBF9294600200FF045
S21402407053FF40B92378284643F001032370BDE876
S214024080384010F0ADB90023482284F8A33094F8E3
S214024090A83084F8A25002FB0343D3F89830A4F861
S2140240A0A000C4F8A430BDE83840FFF779BF94F802
S2140240B04400B0B104F1A003251D95E8030083E88F
S2140240C00300FFF76DFF94F844202846D20004F15F
S2140240D00C01F8F72DFA94F84430013B84F844308A
S2140240E038BDA26C62B99B0711D52378002023F055
S2140240F0020343F001032370BDE83840FFF74CBCCF
S2140241000123A06484F85030904723789EE710F08D
S21402411089F90028E9D194F8A83073B1F5F77CFA4A
S21402412094F85030002BDBD1FF2818BF84F8A80083
S214024130BDE838400020FFF78DBED4F88C30002B47
S214024140ECD098470028CBD1E8E700BF346A0020BD
S21402415068710020045B002070B5044600201CF045
S214024160DDFAAC235C430B4E351995F850300BB193
S214024170002070BD0028FBD007481DF030F900284B
S214024180F6D1335D002BF3D195F84400B0FA80F0F7
S2140241904009EEE7045B00206871002010B5084A6B
S2140241A0034618F053FC14684FF6FF7203EB400305
S2140241B09C42184603D9018802339142F8D010BDBA
S2140241C0C05B00202DE9F047204F05463B88A3B38D
S2140241D0B0F90230002B30DBDFF87C801C49D8F8BF
S2140241E00000F8F7A9FB20B94FF4EA7119481CF051
S2140241F086FF0026DFF85CA0DFF860903A88B3B24C
S2140242009A4204D84FF4EB7150461CF078FFD9F866
S2140242100030B2B253F83200D8F8001003EBC204F2
S21402422068B943F83210A38828460133A38018F0F1
S2140242300DFCE38803EB4003E380BDE8F087F8F764
S2140242407BFB01360028D9D1EDE700BFD6620020FD
S2140242504CB3040056B3040088710020B45B0020FF
S21402426038B5094C094D22682B689A4204D94FF496
S214024270877107481CF043FF28682368C01A20F09D
S214024280010080B238BD00BFC05B0020C85B0020C2
S21402429056B3040038B5124C124D21462846F5F79F
S2140242A041F823680BB12B681BB9DE210E481CF0BF
S2140242B026FF2A680D4B0E491A60236823F0010375
S2140242C013440B600B4B1A602AB9BDE83840F8213C
S2140242D005481CF014BFFFF7C3FF6428F5D938BDA4
S2140242E0B85B0020BC5B002056B30400C45B002011
S2140242F0C85B0020C05B002038B5094C094D226817
S2140243002B689A4204D34FF48A7107481CF0F7FED2
S21402431028682368C01A20F0010080B238BD00BFAA
S214024320C45B0020C85B002056B304002DE9F041B0
S2140243301D4B04461B78012B24D100881CF0DAFAA8
S2140243400546D8B10426DFF864802C461CF0E2FD50
S21402435007462046FFF736FF638843EA0803638072
S214024360A05B1CF0C7FA044638461CF0CEFD1CB112
S214024370B4F90230002BE9DA062E01D1BDE8F0814D
S2140243800626E2E7022BF9D11CF0C4FD024620887D
S2140243901CF0B0FA18B10388C3F30E03238010464C
S2140243A0BDE8F0411CF0B1BD366A00200080FFFF78
S2140243B02DE9F04F0024BA4B97B006461C801CF03D
S2140243C0A9FD0123DFF8EC82B64F3B70B8F8003047
S2140243D0A8F80040ADF81630B34B1B6801931CF0EA
S2140243E094FDB24B21461A88B14BD2001868F8F7F2
S2140243F04DF80DF11600FFF799FF002E3CD1DFF8BD
S214024400B8924FF0000B0125D9F80040019B9C4260
S21402441039D3BBF1000F39D1002DF2D0D9F80040C4
S214024420DFF898A225462246019B9A4273D30223BE
S2140244300DF116003B70FFF779FF002E40F08F80DB
S214024440D9F800603246AA4280F0A28090881CF01A
S21402445051FA18B10388C3F30E039380D0881CF078
S21402446049FA18B10388C3F30E03D3801046FFF748
S21402447095FE0246E7E79847E3B256F82330013442
S214024480002BF8D1BBE7BBF1000F3ED00BF1FF3398
S2140244905FFA83FB16AB03EB8B0252F8402CB2F9A1
S2140244A0020051880028B1DA4B04AFD4924641F498
S2140244B08040931D2AF8020F02933AF8020F1CF06E
S2140244C019FAF0B1B0F902E0B0F802C0BEF1000F7E
S2140244D017DB6FEA4C4C6FEA5C4CA0F802C0039004
S2140244E0FFF770FEBBF10F0F8FBF002516AB039AC6
S2140244F003EB8B009EBF0BF1010340F8402C5FFAE2
S21402450083FB029B9A45D8D180E72046FFF746FEFA
S21402451022460446C3E7104618F098FA8346B2F9D4
S2140245200200118800280AEA010108DA20461CF077
S214024530D7F9084381B204EB4B0402EB4B05104655
S2140245401180FFF72BFE02466EE798475FFA8AF362
S21402455056F823300AF1010A002BF6D170E74FF025
S214024560000AF3E73046FFF719FE82467EB1B6F937
S21402457002307188002B0ADA3088C0F30E001CF075
S214024580B9F9864203462DD1C1F30D017180564614
S214024590AE42E7D3DFF81CA11CF0BCFC00210646A5
S2140245A0504618F0B6FA1CF0A5F90546002800F0A9
S2140245B0878030461CF0A9FC284618F047FA0646C3
S2140245C020461CF08DF98146760032462946204662
S2140245D0F7F7AEFF002249460DF116001CF0D7FE93
S2140245E03444D9E71BD9304618F030FAC1F30D012E
S2140245F0420071801846314692B2F7F799FFC6E735
S2140246005046FFF7CBFDD146854203D9B0F90230BA
S214024610002B01DA824603E0FFF7C0FDF4E7B1465D
S214024620554507D9BAF80000C0F30E001CF062F92F
S2140246308245E5D3B9F1000F30D0B9F80000C0F3D7
S2140246400E001CF057F9034638B93346CB46994557
S21402465013D8B1459BD0D946ECE7484618F0F6F990
S214024660B9F802204946C2F30D02A9F80220420018
S21402467092B21846F7F75CFFE7E718460193FFF792
S2140246808DFD019B9B46854203D9B0F90230002B73
S21402469001DA0346DBE7FFF781FDF4E7CB46DAE70C
S2140246A0D8620020366A0020C05B0020D662002056
S2140246B0B45B0020DA620020C45B00200080FFFFAB
S2140246C0BDF816303870A8F80030044B30461C602F
S2140246D01CF01BFC17B0BDE8F08F00BFC05B0020CB
S2140246E02DE9F04105461CF005F90F460446D8B1FF
S2140246F01CF037FE20B940F2FB4120481CF0FFFCBC
S21402470028461CF031F905462046FFF747FDBD4214
S214024710064609D004D840F2035118481CF0EFFCB4
S2140247202588ED0B02D02781BDE8F0816780204600
S21402473018F08CF9074604EB40081CF0EBFB104B14
S2140247401A68B2420AD1C3F800801CF0DEFB2A4681
S2140247504046BDE8F041FF21F7F798BEA6EB0806F3
S214024760B5B21CF0D2FB072DF1D90023083D44F860
S2140247701730C8F80430A8F80250D5E756B304003C
S214024780C05B002038B51CF0C5FB00210546044876
S21402479018F0BFF9044628461CF0B7FB204638BD81
S2140247A0DA620020024B1888B0FA80F0400970479F
S2140247B0DA6200202DE9F74F044600881F461CF0F7
S2140247C099F88846154606461CF0CBFD20B940F2FD
S2140247D0FE613F481CF093FC3388DB0B009306D047
S2140247E033892B443381002003B0BDE8F08F208844
S2140247F01CF0BAF882463046FFF7D0FC01901CF057
S21402480089FBDFF8D0B0019BDBF8002081469A4294
S2140248101DD1FFF725FDA84204D248461CF075FBC1
S2140248201A20E1E70AEB050373803FB120881CF0EB
S2140248307FF82A4641465044F7F7B8FF3046FFF75E
S214024840ADFCCBF8000048461CF05FFBCBE71CF043
S2140248505CFB20881CF088F82844009980B21CF083
S214024860DBF806460028DBD01CF062F8814620887A
S2140248701CF05EF8824620881CF076F85146024606
S2140248804846F7F793FF3046AFB11CF051F807469B
S21402489020881CF069F82A4641463844F7F786FF16
S2140248A0012120881CF07CF80121024630461CF0CB
S2140248B08BF8268097E71CF03BF8804620881CF091
S2140248C053F82A4639464044F7F7E0FDE8E700BFCA
S2140248D056B30400C05B0020342101481CF00FBC14
S2140248E06AB30400036910B55BB18268064B9A424C
S2140248F001D1002010BD44691CF0FAFB201AF9D53C
S214024900F7E74FF0FF30F5E7D948020082681C4B04
S21402491070B59A420446056819D11CF0FBFA236961
S21402492023B1A34206D100222A601A61BDE8704074
S2140249301CF0EBBA1A4611461269A242FBD12A684B
S214024940A24208BF29600B6100232361EEE70369D8
S21402495093B198426E6803D19D210A481CF0CFFBA2
S2140249602B46B44209D122699D4218BF1A614FF004
S214024970000308BF6A60236170BD33463669F0E7FC
S214024980D94802006AB304002DE9F047074600251D
S2140249904FF0010A154EDFF858808AB0347914B900
S2140249A00AB0BDE8F087D6F8009087B900972A4685
S2140249B0B8F80010234603A81CF080FD224648469D
S2140249C003A9E9F723FC2544EDB20836E6E72246BA
S2140249D003A94846E9F7EEFBCDF800A023462A468F
S2140249E0B8F8001003A81CF069FDECE7F8FE040016
S2140249F0DC6200200148FFF799BC00BFDC620020A1
S214024A009C46174BF7B5054608461988164611B157
S214024A10144B1C78CCB1014662463046BDB103B099
S214024A20BDE8F040E9F7C6BB1C44E4B208373B7960
S214024A30002BF0D03A689642F6D185F00105224660
S214024A4000951CF03BFD03B0F0BD074FEFE7E9F71A
S214024A50DDFBB0B203B0BDE8F04016F09CB900BF73
S214024A60DC62002043740020F8FE040010B5074CF8
S214024A70238843B10020FFF787FF0020FF22044B64
S214024A8020801A7010BD0220FCE700BFDC62002006
S214024A9043740020142810B518D8082805D116F03B
S214024AA0F3F9C401E4B2204610BD0E2802D116F076
S214024AB0EEF9F6E7064B53F82040002CF3D00A280E
S214024AC02478F0D107F0C2FB0443EBE7FF24EAE7C1
S214024AD048FF0400014BB3F868007047045B0020EF
S214024AE0004870476E5B0020014B1878704700BF85
S214024AF0AD690020014B1878704700BFB0690020EE
S214024B00014B1870704700BFB0690020204B022886
S214024B1010B5204C187002D00438012822D8237809
S214024B20042B0BD000211C481BF0EEFF2378033B1E
S214024B30012B03D9002119481BF0E6FF184B1B680E
S214024B409A0022D513F0805F40F6114418BF4FF446
S214024B504164204616F04DFDC8B92046BDE8104017
S214024B6016F017B90C48FFF7D1FE0C48FFF7CEFE39
S214024B7018F048FA2378033B012B03D816F033FDCE
S214024B801624E6E70DF0BAFFFAE71524E1E710BDB2
S214024B90B4690020B5690020AC710020F04C0020FA
S214024BA0844D0020024B187800F00F00704700BFBB
S214024BB0B4690020034B187800F00F00831E584299
S214024BC058417047B469002008B518F006FAC0B11B
S214024BD018F01CFAA8B10FF01BFD90B90A4817F09E
S214024BE04FFF70B1094817F04BFF50B116F054F959
S214024BF038B116F000FD20B9BDE80840044818F0A8
S214024C0002B8002008BD00BFDE620020126300204A
S214024C10CC5B002030B505460C4693B081B910B97E
S214024C20002013B030BD1023214A69460120FFF749
S214024C30E7FE9DF805305A1E052A28D91720F0E708
S214024C40182200212046F7F721FC002DEBD1FFF7B2
S214024C50B1FF30B315F0C8FF6A4601460020FEF7E2
S214024C6091FEBDF80430204623819DF80230A372DF
S214024C709DF80030E37218F08EFB002304F1140155
S214024C80237304F1100004F0F7FDE081C8E7094A37
S214024C909DF8041012789142D0D12B70002CD6D1F8
S214024CA0BEE7054B1B78033B022BD3D9C6E700BFF2
S214024CB064EE010016740020B469002030B593B08B
S214024CC005460C46FFF776FF20B90C4B1B78033BD4
S214024CD0022B10D815F088FF6A4601462846FEF7D2
S214024CE051FE00209DF80230607023709DF800305F
S214024CF0A37013B030BD1720FBE700BFB4690020D5
S214024D00054B1878012805D000F0FD00A0F131030C
S214024D1058425841704700BFB46900202DE9F3415C
S214024D200E46002105461CF02CFB0023124FADF860
S214024D3006002B800DF1060017F0A2FE044610B105
S214024D4002B0BDE8F08121460DF1060017F0E1FE43
S214024D5080461BF0EDFD438AB34207D99B1B438274
S214024D602246414628461CF012FBE3E743895B07CE
S214024D70E0D53B88F3E700BF9673002008B50A48E3
S214024D80FFF7C4FD09484FF47A71FFF7C7FF0748DB
S214024D9017F076FE30B9BDE808404FF47A71024843
S214024DA01BF0B2BE08BD00BF8C710020A4730020A9
S214024DB01FB50146002201A81BF076FF064801A98E
S214024DC01CF042FB20B11BF0B3FD4089C0F340004B
S214024DD005B05DF804FB00BFA473002030B585B0B3
S214024DE00D460022014601A81BF05EFF084801A9F5
S214024DF01CF02AFB50B11BF09BFD0446014608221C
S214024E002846F7F795FB6089C0F3400005B030BD31
S214024E10A473002010B5044C204617F068FE638881
S214024E20181A80B210BD00BFA4730020F8B505465C
S214024E30F8B100210F481CF0A4FA0446A8B10D4FA1
S214024E4020461BF075FD06461BF01AFF830705D4A5
S214024E50082229463046F7F765FE38B1214638461D
S214024E601CF0B3FA04460028EAD10024201E18BF1C
S214024E700120F8BDA473002010B50C460146064872
S214024E801CF0E2FA30B11BF053FD43891C4214BFFA
S214024E900120002010BD00BFA47300201FB51446D9
S214024EA0024601A81BF000FF074801A91CF0CCFA35
S214024EB040B134B11BF03CFD142201462046F7F700
S214024EC037FB012004B010BDA47300201FB50146B5
S214024ED0002201A81BF0E8FE094801A91CF0B4FA5A
S214024EE058B11BF025FD4389024613F0020004D098
S214024EF0507B80F00800C0F3C00005B05DF804FBEC
S214024F00A47300200146014817F017BFA4730020BF
S214024F10F8B504460E46142000211BF07DFD05461A
S214024F20204617F0E4FD6388834225D925B331462F
S214024F30204617F002FF08BB28461BF0F9FC07467E
S214024F400A223146F7F7F4FA082206F10A0107F1B7
S214024F500A00F7F7EDFA0A4B1B887B82238823B9EF
S214024F604FF47A7107481BF0CFFD204600222946EF
S214024F701CF00DFA0020F8BD1C20FCE72E20FAE7F4
S214024F80967300208C71002010B5044686B0B0B12E
S214024F901BF076FE10F0020011D1CDF80E0061680B
S214024FA0CDF81200ADF81600206801AB03C32289C3
S214024FB0044801A91A80FFF7ABFF06B010BD2120F6
S214024FC0FBE700BFA4730020F8B50D4616461F4641
S214024FD0044648B31BF054FE30BB2046FFF792FF50
S214024FE0E0B1214611481CF02FFA1BF0A1FC4389C0
S214024FF005734673877343F0020321894381204673
S21402500001F0F2F9FF28044606D001F0F3F818B1D1
S2140250100022074B43F82420002004E02046FFF736
S214025020B3FF0028DDD0F8BD2120FCE7A4730020E2
S214025030C04A0020F7B59DF824400D4601949DF81D
S2140250402040064600941F460DF076FC4FF6FF7190
S2140250508842044610D0BB0711D4284600F0CCFF85
S21402506020461BF085FEFF281FBF084A32F8103084
S21402507023F4804322F81030204603B0F0BD0246E7
S2140250802946304617F060FEEAE700BFA26200201B
S21402509073B50E46014614481CF0D6F90546D8B13B
S2140250A01BF046FC43890446334012D09B0736B2B7
S2140250B00BD5002E09DAA17B437B0289007B019186
S2140250C0012100912146FFF7B5FF638923EA060313
S2140250D06381628912B1012002B070BD294602487E
S2140250E017F036FDF7E700BFA47300200148FFF76C
S2140250F01DB900BFA47300201FB50C460B4A01461B
S21402510001A81BF0D1FD01A8FFF7FCFE60B101A9C2
S21402511007481CF099F91BF00BFC036823604368F0
S2140251200020636004B010BD2D20FBE7B6FF04002C
S214025130A473002013B53E4C13F02BF8D4F8FC31C0
S2140251401020C3F307430193FFF7A4FC000650D5D3
S2140251500020FFF79FFC01064BD5019B802B3ED11A
S214025160236A9A0704D440F61544204602B010BDBE
S214025170E3699B07F7D52F4816F05DFD012017F06F
S2140251802DFB13F019F804460028EED100F086F93C
S214025190294817F012FD00F0F1F9E8F775F912F058
S2140251A0F7FF0AF0F1FC0AF043FDF4F717F9F4F7FB
S2140251B0CBF9F4F7E5F904F003FD15F067FE15F0F8
S2140251C068FE16F01BFA1D480CF00CFC07F092FE67
S2140251D016F0D3F90028C8D016F0D1F9C5E7019B1E
S2140251E0812BC0D1D4F80C315B00BCD5D4F80C317D
S2140251F0BFE71020FFF74EFC0006BCD40020FFF7E6
S21402520049FC0106B7D5019B802B05D1084B1A6ACB
S214025210D207A8D5DB69ACE7019B812BA3D1044B4F
S214025220D3F80C21002A9EDAD3F80C31A1E700BF8E
S2140252300080E00F690345ECCC5B0020B14D020014
S21402524010B517F0DCFE70B301F0B8FB80F0010475
S214025250E4B20020FEF7F6FA44EA800424B217F01D
S214025260BCFE10BB0220044316481CF0B8F844EA01
S214025270401415481CF0B3F824B244EA001413484C
S2140252801CF0ADF824B244EA801411481CF0A7F8CA
S21402529024B244EA40240F481CF0A1F824B244EA9F
S2140252A0C02080B210BD0124D3E70B4817F0E8FBFC
S2140252B00028D7D0094817F0E3FB80F00100C0B2FF
S2140252C04000D0E7EC710020D0720020884D00200C
S2140252D050720020B0720020DE62002012630020AE
S2140252E008B501F047F90EF0DFF8FDF7D9FE1548CC
S2140252F017F0C6FB08B906F065F9134817F0C0FBAD
S21402530008B907F0E1FD03F059FC0CF01DFD0F484B
S21402531017F085FC0E4B1B78043B022B09D80D4870
S2140253201CF05DF828B1FFF78BFF102801D109F0B9
S2140253307DF915F0B3FD17F015FDBDE808400648E7
S214025340FFF736B8DE62002012630020CC5B002036
S214025350B5690020D0720020C0FF0400014B186817
S214025360704700BF005B0020F8B54FF6FF77104B82
S21402537006461B780C46033B012B0F8009D83046A5
S2140253800AF0BAFC4FF6FF73984220800ED0002037
S2140253900DE00CF023FEB84205462080F7D13046D9
S2140253A000F002FDA8422080F1D1E8E72D20F8BDEA
S2140253B0B56900204FF6F77370B5984204460D465D
S2140253C086B05AD817F0CFFCA04207D108222C4943
S2140253D02846F7F7ADF8002006B070BD294EB6F89D
S2140253E06830A3420AD10022082106F16A0017F0AB
S2140253F04CFC18B9082206F16A01E9E7ACB1224B67
S2140254001B78033B012B1AD800230122194620469B
S21402541000930AF01BFBFF2823D1294620460AF0F8
S214025420BFFC80F00100C0B2D6E7184B1B689B0792
S214025430E5D4284608F0DCF90028E0D0CBE7204681
S21402544000F06AFFFF2806D129462046FFF754FEE1
S2140254500028D9D1BFE7294600F080FF0028F3D004
S214025460B9E702A918F0ADFE0028D6D1DDF80D3056
S2140254702B60DDF811306B60ADE70120ACE700BFB2
S214025480376A0020045B0020B5690020844D0020A6
S214025490014B1870704700BF1674002010B5054CFB
S2140254A0082221460448E8F785FE204617F095FCB8
S2140254B010BD00BF376A002034B608C000487047E7
S2140254C0376A0020082208B50349F7F72BFBB0FA23
S2140254D080F0400908BD00BF376A0020014B1870F3
S2140254E0704700BFA8690020074B44F6FF701A7881
S2140254F040F6FF73012A18BF1846044B1B780BB1FF
S21402550040F40040704700BFB5690020A86900203B
S214025510F7B50D46044616461F460021284601F0FA
S214025520F1FF0B4B002183F859402A4633462046AA
S21402553000970EF0AFFC014630B10222204603B0BF
S214025540BDE8F04000F006B8012003B0F0BD00BF91
S214025550045B002013B513460C461AB1022A0CBF90
S214025560134601230021044A019100922246FEF7C7
S214025570A5FA02B010BD00BFE1D0030000B50020BE
S21402558093B0FEF717FA1E4B18880CF031FA1D4B33
S2140255901D491A7800200EF0A1FD3422002168462B
S2140255A0F6F774FF0B238DF800306FF48033019307
S2140255B04FF6FE73ADF8103003238DF81D30134BF3
S2140255C0134A0893134B10680993134B51680D93B3
S2140255D0124B6A460E93124B0F93124B1093124BBA
S2140255E0119302AB03C300210846FEF781FC6A460C
S2140255F001210020FEF77CFC13B05DF804FB00BF1F
S2140256008E73002029740020D4C30400255A020099
S214025610376A00207DCE03009D920200CD5B020019
S2140256209DA90200E1D00300ED8C0200014B187820
S214025630704700BF3F6A0020014B1888704700BFC2
S214025640A87300202DE9F74F814610460E46904675
S2140256501BF033FEDFF840B105469BF8003033B945
S2140256604A4B1B681BB94A4B1B68002B7FD015F4AC
S214025670406A05F040071BD19FBBB5F5804F61D24B
S2140256804FF48074B9F1400F73D0B9F1800F63D034
S214025690B9F1100F6BD100239BF800003D4AD9B236
S2140256A0884264D932F8021B0133A142F7D166E080
S2140256B008F103001BF001FE4FF6FF73984214BF79
S2140256C00124022487B1052705F44043B3F5004FB1
S2140256D044F0080425D0B5F5804F24D244F48074F3
S2140256E021E054460327EFE7B5F5804F4FF0050754
S2140256F0F4D3BAF5406F14BF022008203844404461
S2140257001BF0DBFD019017F04BFB019B05F44045B7
S21402571098420CBF44F0080444F00404B5F5004F68
S21402572001D144F08004BAF5006F0FD108EB0700F0
S2140257301BF0C3FD054617F016FBA842A2D144F0A3
S21402574010049FE7544603270220D7E7BAF5406FB6
S21402575008BF44F0200495E70C4B1B683BB10022BF
S214025760D1B233F8110033F91110002903DA002000
S21402577008E0074BF1E7A04202F10102F0D106B1C0
S2140257803480012003B0BDE8F08F00BFDC5B002050
S214025790E05B00203C630020876A0020034B1A78F7
S2140257A0022A04BF09221A70704700BF406A00200E
S2140257B00C22034B1A211A700320002202F024B88E
S2140257C0406A00200C2208B5054B1A211A700022E6
S2140257D0104602F019F80022024B1A6008BD00BFFC
S2140257E0406A0020E85B00200C2270B50D4B05468F
S2140257F01E781A7030B93046BDE8704000221A2171
S21402580002F002B8084B1C78E1B21A29F3D825FA3E
S21402581004F3DB0703D54422304601F0F5FF0134DA
S214025820F2E700BF406A0020457400200C22024BBB
S2140258301A7015F0D9BE00BF406A0020F0B50C8879
S21402584005460E468BB0E4B94FF6FF77ADF82470E6
S21402585015F0DDFE10B902200BB0F0BDCDE9034015
S214025860CDE90544134A0294B2F85C3060320193E3
S21402587000923B464CF60101FF2009AA18F0EAFF07
S2140258803080284617F005FC0B4C70B1237863B1C4
S214025890013BDBB22846237017F0FBFB38B12078B9
S2140258A0B0FA80F04009C0B2D6E70523F2E701203D
S2140258B0F9E700BF045B002044740020034B114646
S2140258C01B6803B1184715F022BA00BFE85B002038
S2140258D00C22024B1A700AF0F1BC00BF406A00208C
S2140258E00148FEF723BD00BFE06200207FB50546F3
S2140258F00C4616461BF0ECFA00286BD1062D03D890
S2140259005223EB40DB071AD4B4F1006F05D3E30E43
S2140259101C3B032B18D94F202EE000222F4B1A6077
S2140259202F4B1D7017F0DAF903460A2D54D8DFE81C
S21402593005F02D183E49182518535341360002F03B
S2140259403BFCB4F1006FE2D20022244B042D1A6015
S214025950234B1D70E6D1022001F02EFC17F0BEF993
S2140259600346012202921F4A01921F4A00921F4AD0
S214025970314620460EF088FE04B070BD3146204601
S2140259801B4A04B0BDE870400EF066BE31462046A3
S214025990184B194A04B0BDE870400EF041BE002212
S2140259A00292164A0192104A0092154AE0E7022233
S2140259B00B4B1A7000221046124904B0BDE8704024
S2140259C0FEF742B8002202920F4A0192064A00925D
S2140259D00E4ACDE74D20CFE70120CDE7E85B002059
S2140259E0406A0020E9570200255A0200CDD0030083
S2140259F0D1580200C5570200BD5802002D580200B9
S214025A003D5802009D570200B15702008FD0030096
S214025A1008B50EF069FE0C22014B00201A7008BD74
S214025A20406A0020F0B585B0ADF8060018B97621B8
S214025A3064481BF064FBBDF8060016F0F1FE04464F
S214025A40BDF8060016F0ECFE082846D00C2CBDF871
S214025A50060042D116F0E7FF07461BF02EFC0DF1BA
S214025A600F010646BDF8060015F0F9F9002879D0B0
S214025A700922002138461AF09BFE9DF80F3010339B
S214025A80C518BDF806001AF06FFFEDB2854269D25E
S214025A902946BDF806000EF035FF06F44C4416F40F
S214025AA04066054614D0F81C1BF007FC4FF6FF7341
S214025AB0984208BF44F04004B6F5006F08D1781D3E
S214025AC01BF0FBFB4FF6FF73984208BF44F010042E
S214025AD09DF80F305BB3072D44D1BDF8060016F0D3
S214025AE095FE0446BDF8060016F09AFE082817D062
S214025AF0A30615D524F0200189B2BDF8060016F0DB
S214025B0070FEBDF8060016F08EFF002109221AF07C
S214025B104FFE00F1100189B20DF1060018F0C3FF26
S214025B200022BDF8061028481BF031FC1AE0082DAA
S214025B3016D8BDB1013D072D14D801A353F825F0A0
S214025B409D5B0200A95B0200655B0200695B0200C6
S214025B50655B0200B55B0200DB5A0200BB5B02001B
S214025B607C2D24D005B0F0BD24F48844A4B2B4F54C
S214025B70084FF7D1BDF8060016F04DFEBDF8061028
S214025B800BF0D0FF0028A8D0BDF8060016F0AEFE37
S214025B900022014602201BF059FBE3E724F480644E
S214025BA0A4B2B4F5484F97E7B4F54C4F94E7B4F572
S214025BB04C4F92D04CF6500301E04CF640439C42C8
S214025BC08AE700BF78B30400DE6200202DE9F743BF
S214025BD00F469046994606461AF0AAFE04463046F6
S214025BE01AF0C2FEC5B2083D2C44E178094BA278F1
S214025BF01970094B31461A70002043463A46CDF8D2
S214025C00009012F07BFF003818BF012003B0BDE8F9
S214025C10F08300BF646A0020636A00202DE9F04F1B
S214025C20DFF84081DFF8409198F8002099F80030BC
S214025C3006469A4285B004D340F2191142481BF038
S214025C405EFA30460DF10F011BF046F820B14FF414
S214025C508E713D481BF053FA98F800709DF80F407D
S214025C603D1B15F0FF0530D04FF0FF3C374B0121AE
S214025C701B78A140184699F800304FF6FF790CFAC7
S214025C8003FC0023324A01F1FF3E0193C1F1000AF0
S214025C909DF80430984243D8122004FB00002D4B96
S214025CA0A0F1120105EBC5025200194404F10109E4
S214025CB01844F6F73DFC4FEA89092748A9F1040182
S214025CC00144AA004844F6F733FC224904EBC40216
S214025CD001EB420321F81260204A013712784FF690
S214025CE0FF71DA731A745A7412025A801C4A0D2013
S214025CF012781A7110225A7100229A73C3F806207B
S214025D00C3F80A20144B43F8242088F800701BF0CE
S214025D109DFA0EB908F05CFF204605B0BDE8F08F8C
S214025D2013884B450AD053680AEA030B03EA0E03AC
S214025D300B4403EB4B0343EA0C035360019B08320C
S214025D4001330193A4E700BF8BB304002374002041
S214025D501C4B002092600020C04A0020646A00208B
S214025D60416A0020AE690020217400202DE9F0412E
S214025D70074600250A4B0B4E93F80080ECB2A0456E
S214025D8003D8FF242046BDE8F08108223846B11D1C
S214025D90F6F7C8FE01350028F4D01236EEE700BF4B
S214025DA0AE6900209260002008B5FFF7DFFFFF28EB
S214025DB01DBF00B2044B00EBC0004FF6FF7018BFC9
S214025DC033F8100008BD00BF9260002007B50DF141
S214025DD007011AF081FF30B19DF80730034803EB44
S214025DE0C30300EB430003B05DF804FB926000209F
S214025DF02DE9F843294E044633785D1E2D1A834258
S214025E00EDB204D84FF4A17125481BF078F90123AE
S214025E10A3404FF0FF305F1E3B4400214FF6FF7E4B
S214025E206FEA03081F4A92F800C01F4A1278904091
S214025E301E4ACBB29C4523D8BDB127B204EBC4049C
S214025E401B48640005EBC50204F11201014452002E
S214025E502044F6F76DFBBF001648AA00391D014420
S214025E6002F0FC023844F6F763FB33780022013B6B
S214025E7033704FF6FF71BDE8F8430E201BF0E6B90B
S214025E801388734507D0536808EA03093B4003EBBF
S214025E9059030343536008320131CAE7AE69002052
S214025EA08BB3040023740020217400201C4B0020B6
S214025EB092600020C04A002010B50A4C207858B9DB
S214025EC0094B1B781A2B03D9992108481BF017F99E
S214025ED00322074B1A7010BD0138C0B2FFF788FFC5
S214025EE0ECE700BFAE690020217400208BB30400EB
S214025EF0AA6900202DE9F04705461BF0BBFAFF28E9
S214025F00044624D1DFF884901E4B99F800201B78B3
S214025F109A422BD22846BDE8F047FFF77FBE388864
S214025F203B79504518D86F2B4FEA131214D85B07EB
S214025F3010D0123708F1010899F800105FFA88F6B7
S214025F40B142ECD80023104ADEB28E4214D3204669
S214025F50BDE8F087022AECD90DF0E2F90028E8D174
S214025F6029463046BDE8F04717F0D4B84FF000088F
S214025F704FF6F77A044FDFE7107901338F28EFD810
S214025F801232E1E72174002092600020AE69002000
S214025F904FF6F773984210B514D8FFF7ABFFFF28F9
S214025FA010D0134C00B200EBC00004EB400412F019
S214025FB0FEFF104938B962880B7802EB0313A3EB95
S214025FC01213638010BD227C637C09789A42E273C6
S214025FD02374617407D98B4203D213468B4228BFBF
S214025FE00B461B02EDE78A42F8D31346F9E700BFD9
S214025FF092600020646A00202DE9F04106460F46B2
S21402600000240E4DDFF8388098F80030A34201D8FD
S214026010BDE8F081082229463046F6F783FD40B9EE
S21402602035F8063CBB4204D02046FFF7E1FE013CB1
S214026030E4B20134E4B21235E6E700BF986000200D
S214026040AE690020F8B5054608460E46FFF78EFEF6
S214026050FF2830D01D4B294653F820703046FFF7F4
S214026060CBFF2846FFF746FFFF28044625D10CF053
S21402607083F8FF280AD1164C207838B114F0B7FD01
S2140260802378B0FBF3F202FB1300C0B2294617F0E6
S21402609041F8044623B20F4D03EBC30305EB430559
S2140260A008223146A81DF6F743FA2B79204603F05C
S2140260B00F032B71F8BD0027D3E7074B1B78002B85
S2140260C018BF0027014B43F82070E3E7C04A0020C0
S2140260D021740020926000204674002038B50B4BD5
S2140260E004461B780D46834204D840F25A210848DB
S2140260F01BF005F8074804EBC40400EB44002946ED
S214026100BDE8384008220630F6F712BA217400209D
S2140261108BB304009260002070B5044608460E4613
S2140261201BF0A8F9FF28054610D02046FFF71EFEF2
S214026130FF2807D0084B1B7823B9084B53F82020BA
S21402614043F8252021462846FFF7C8FF3146204659
S214026150BDE87040FFF750BF46740020C04A0020DA
S2140261602DE9F8430024804601272646114DDFF824
S2140261704C9099F80030A34210D83E430134E4B262
S2140261801A2C4FEA470705F11205F2D14FF0FF30FD
S214026190094B1B7898403043BDE8F8832B8843456B
S2140261A0EBD0284617F00EF80328E6D82B796F2B8B
S2140261B0E3D8E3E79260002021740020AE69002055
S2140261C010B5084C00EBC00004EB400423795B07D3
S2140261D007D1204616F0F6FF237923F0070318436B
S2140261E0207110BD92600020014B1878704700BFE6
S2140261F047740020014B1878704700BF4674002091
S21402620070B51A48FEF782FB194B1B78033B012B2D
S21402621028D805F0A3FB03F057FBBDE870404FF407
S2140262207A5112481AF070BC23798F2B4FEA131159
S21402623011D80131204616F0F5FF062901D80329A8
S21402624009D12379002223F007034FF6FF710F20AE
S21402625023711AF0FBFF123401353278EBB29A4200
S214026260E2D8D6E70025034C034EF6E7AC710020D1
S214026270B569002092600020AE6900200022084B1B
S2140262801878084BD1B2884203F1120300D870473F
S21402629013F80D1C013221F0100103F80D1CF1E772
S2140262A0AE690020926000202DE9F04702261227F0
S2140262B0DFF85C90DFF85C8099F8004000250CE07F
S2140262C007FB05F338F803A00021504616F08FFFAF
S2140262D010B15CB1013CE4B2013599F80030EAB283
S2140262E09342EDD8A34204D14FF6FF7A5046BDE85A
S2140262F0F08714F07CFC99F80030012EA3EB04031F
S21402630090FBF3F202FB1300C4B2EDD00126D5E7F0
S214026310AE6900209260002010B504461BF0AAF871
S214026320FF2808D120461AF023FDFF281FBF024B84
S2140263301B78C018C0B210BD21740020044B002187
S2140263401A78044B04481B781A449200F6F79EB853
S2140263502174002028740020C04A002010B5134B78
S2140263600C461B7886B0834212D9114900EBC00056
S21402637001EB4001082220460631F6F7D9F8002242
S2140263800821204616F081FC80F00100C0B206E02B
S214026390C01A01A9C0B20CF02BFA10B1002006B048
S2140263A010BD01AB03CB20606160E8E721740020DA
S2140263B09260002008B5074B024653F820308B4205
S2140263C006D915204FF6FF711AF040FF002008BDCF
S2140263D00120FCE7C04A0020024B013143F820109E
S2140263E0704700BFC04A00202DE9F34781460C469D
S2140263F000272A4EDFF8ACA09AF80030FDB2AB4276
S21402640010D86946204618F011F8C0B3082269462B
S2140264104846F6F787FB90B34946204617F0A8F998
S214026420FE2537E006F10608082241464846F6F7FA
S21402643079FB90B94FF6FF739C422BD03388A34268
S21402644028D020461AF094FCFF2814D1494620464C
S21402645002B0BDE8F047FFF7F5BD14B912360137B2
S214026460CAE73388A342F9D100220821404616F033
S2140264700CFC0028F2D12846FFF7BAFCCCE74946C6
S21402648000201AF045FCFF28054603D0044B1B7873
S2140264900344DDB2284602B0BDE8F08792600020D1
S2140264A021740020AE69002008B5FFF7E7FE054B11
S2140264B01B78013B012B03D8BDE808400CF084B9D9
S2140264C008BD00BFB56900200F4B1B7883420CD86D
S2140264D0C01A0E4AC0B232F81030D90411D443F4AE
S2140264E0805322F8103001207047094B00EBC000A1
S2140264F003EB40035A79D10603D442F010025A71D4
S214026500F1E70020704700BF21740020A26200203D
S21402651092600020F0B5134B06461B78FBB10025AF
S2140265201148DFF84CC090F800E0104807781F4486
S214026530E8B2864501D80020F0BD7C1B94FBF3F040
S21402654003FB10440CEBC4003CF83440B44204D1C4
S214026550002AF1D184788C42EED00135E8E718465D
S214026560EAE700BF23740020704D0020AC690020CB
S2140265701C4B002070B511F0FDFD14250F49104E7E
S2140265800B78328830809B1A03449BB2B3FBF5F437
S21402659005FB14330B700B49E2B20B78934292BFA1
S2140265A000239B1ADBB2032A0B7088BF002306491E
S2140265B09EBFD2000B68D3400B6070BD446A0020B9
S2140265C0E2620020AB690020704D0020084B18687C
S2140265D0084BC2B21B789A4208D2074BC0F3072078
S2140265E01B78984234BF0020012070470120704774
S2140265F0704D002023740020436A0020F8B505463B
S2140266001746FFF7E3FF064610B9184B1A783AB951
S214026610212001224FF6FF711AF018FE0020F8BD65
S2140266201348DFF854C003780133B3FBF2F402FBDD
S214026630143303700F48DCF8002000EBC30420F884
S214026640335002F10132A1703846CCF80020FFF731
S21402665087FDE670606016F086FBA84201D1012035
S214026660DDE7E3780133E370F9E700BF2374002027
S214026670AC6900201C4B0020704D002010B50B4C5E
S2140266800B4A2378063B137011F074FD0022094B67
S214026690FF211880084B09481A602278D200F5F7C5
S2140266A0F5FE0422064B1A7010BD00BF23740020AC
S2140266B0436A0020E2620020704D00201C4B00203E
S2140266C0AB69002048B139B1044B1B780B70044B00
S2140266D01B7803700120704708467047426A002004
S2140266E0487400202DE9F84307461AF001FD0546D6
S2140266F01A481AF074FE1A4B48B31C683C1B2C440A
S214026700A4B20022174BDFF864901B78164D99F856
S214026710006005EB03155FFA82F8464509D9AB8897
S21402672005F11000A34215D9B21A29461201F5F74F
S214026730FFFE013689F80060AC80B8F1000F03D185
S214026740394606481AF0E0F92846BDE8F8833C4682
S2140267501D60D6E705460132DDE700BFCC7100209A
S214026760EC5B0020466A0020C0490020476A0020F1
S2140267702DE9F74F1AF0BCFC4FF0000E284D294FBA
S2140267802978294C97F800A004EB011303EB0A12B0
S2140267900092F3465246DFF898801FFA80FC0646BF
S2140267A0B8F80000ACEB0009A0EB0C001FFA89F960
S2140267B001900098984217D1BEF1000F00D02970C0
S2140267C0524503D200203A70FDF7E6F83B7823B331
S2140267D02B78164804EB0314A188C8F8006003B0AF
S2140267E0BDE8F04F1AF090B9B3F804C0CC450FD804
S2140267F04FF0010E93F802C001310CF1FF3C013A52
S214026800A3F804B083F802C0C9B2D2B21033D0E7FC
S21402681001988444A3F804C0F8E703B0BDE8F08FFB
S214026820466A0020476A0020C0490020CC7100203A
S214026830EC5B00207FB56C461E4B1F4D1E78013E5A
S214026840F6B21E7095E80F0084E80F001B4B284630
S2140268501A7805F1100132441201F5F769FE9DF827
S214026860026016F00F0511D1BDF808000EF0C4F94B
S214026870360918BF29464FF00002BDF8000008BFCF
S214026880039904B0BDE8704003F0F4BCBDF8040000
S214026890FFF728FF0346828804ADADF8042022469F
S2140268A003CAAA4218605960144603F10803F6D1D7
S2140268B004B070BD466A0020C0490020476A002026
S2140268C0F8B50024084D094F094E3B783178E2B2FC
S2140268D00B449A4204F1010400DBF8BD2846FDF79A
S2140268E025FD1035F1E700BFC0490020476A0020A9
S2140268F0466A002070B5134B06460D4610461249EE
S2140269001A78124B09781B780B44934206DB1F2039
S2140269104FF6FF711AF09AFC002070BDFFF7E2FEF8
S21402692001350680857004461AF0DDFBE0800EF025
S21402693069F940F602432081E3600020FDF72CF857
S2140269400120EAE720740020476A0020466A0020F9
S2140269502DE9F84386460023144FDFF85C803E7824
S21402696098F8005012497219DCB294421CDA4FEAC7
S214026970041C31F80C900133F14501EB0410F3D1FD
S214026980631CD21A0CF1100C12016144F5F7D0FD0B
S214026990A5428BBF05F1FF3506F1FF3688F8005099
S2140269A03E700CB9034B1C70BDE8F883476A0020A2
S2140269B0C0490020456A0020466A0020044B054A6A
S2140269C01B781278D3420CBF01200020704700BF0C
S2140269D0466A0020476A0020024B1878003818BF23
S2140269E001207047466A0020002108B5084B094876
S2140269F01970094B1970094B1970094B1A78120154
S214026A00F5F744FDBDE808400648FDF77FBF00BF26
S214026A10476A0020C0490020466A0020456A0020D6
S214026A2020740020CC71002010B50B4C23784BB19B
S214026A300A4803F0ABFD58B1084B0121188816F03E
S214026A40D4FA08B9002010BD0122054B1A70FAE7E5
S214026A50FFF7F0FEEAE700BF466A0020C0490020C2
S214026A60456A002010B50E4B1B78BBB10D4C23882F
S214026A7083424FF0000311D10B4AE160137049B90B
S214026A80A3781033A37016F0A6FD18B9A37823F0E6
S214026A900F03A370FFF7CEFE012010BD1846FCE7D9
S214026AA0466A0020C0490020456A002070B592B0B0
S214026AB00C46064614F098F8E17A05460020FCF7E4
S214026AC02DFC28B394F90A0016F0EDF810BB134B10
S214026AD0E27A294683F85820A27A83F85A206A4630
S214026AE0FCF750FF4FF6FE739E420CBF4FF6FF7345
S214026AF023896A4629460020ADF80660ADF80430C0
S214026B00FDF7F6F940B92289054B5A8012B070BDDE
S214026B105520FBE75620F9E72120F7E7045B002023
S214026B20F05B002010B50446014608220948F5F736
S214026B30FFFC237B022B0AD8002B14BF3122012232
S214026B4005490B7017234B61044B1A7010BD0023C6
S214026B500122F5E7F45B0020F05B0020B469002018
S214026B60014610230120014AFDF74ABF64EE0100E8
S214026B70014B5861704700BFF05B0020014B18784C
S214026B80704700BFF05B002010B5054C2378112B30
S214026B9003D0E22103481AF0B2FA4123237010BD53
S214026BA0B469002096B30400064B01461B78042BFA
S214026BB004D1054A137E053313767047034819F04D
S214026BC0A3BF00BFB5690020F05B0020EC71002077
S214026BD008B50648FDF7AAFB0548FDF7A7FB14F023
S214026BE04AF9BDE8084001F003BB00BFDE620020A0
S214026BF012630020064B1878332806D000F0EF0008
S214026C00A0F143035842584170470120704700BF25
S214026C10B4690020002208B5074B4FF6FE701A70C2
S214026C2016F0ADF84FF6FF7016F0C6F8034B58692B
S214026C30BDE8084014F0ADB8B4690020F05B00204F
S214026C4008B5064B187838B10548FDF74BFE4FF4E9
S214026C507A73B0FBF3F0C0B208BD00BFA96900208A
S214026C60304D00202DE9F0438BB007461546984676
S214026C700E469DF8489049B9104605AC1AF078F8C9
S214026C8021460BF0B5FD172818BF2646B9F1000FAE
S214026C900AD1124B1B781BB9284617F0ECFBD0B969
S214026CA02846FEF713F902E0284617F0E4FB80F0C8
S214026CB00104E4B29DF850302A4602939DF84C3007
S214026CC03146CDE9009338464346039416F0EBFA74
S214026CD00BB0BDE8F0834C46ECE700BFB06900207D
S214026CE02DE9F04F97B099469DF88830BDF880B0F0
S214026CF0219D08939DF88C300E4658460FA90492A3
S214026D00079318F032F805B3002800F0208195F8B2
S214026D1001A00FACCAF3400A8E4B19F0800F1B7805
S214026D2014BF4F4649F08007022B17D04FF6FF7864
S214026D30002D40F087810225584615F06CFD2B4643
S214026D404246214616F088F8BCE0584615F0E4FDA7
S214026D500446002800F0FB80AA46DDE71EB97E4BFB
S214026D601B78002BE2D00DF13A012046FEF7FCFA22
S214026D70584615F0E4FD012838BF0120C3B205933A
S214026D8095B3281D1AF099FA804609F002032046A8
S214026D90069315F0C3FF214609908146002019F09C
S214026DA0B7FF069A099B12BBFF2820D1F2F7E6FA34
S214026DB06A4A1278824200F032814FF6FF72099BCD
S214026DC0934214D1FEF726F8002800F028814FF6E9
S214026DD0F773984523D916F09BFC11A98146FEF756
S214026DE0E9FA0028F7D02EE0BDF83A80CDE74FF654
S214026DF0F772904520D8934211D898450FD019467D
S214026E0022460AA819F050FF0A980B9913AB03C33F
S214026E10BDF83020022113A81A80FEF739F9404641
S214026E2011A9FEF7C7FA024628B9082111A815F0DB
S214026E302CFF002866D0C1464FF6F67209F1FF33E2
S214026E409BB29342C7D8BAF1000F03D1444B1B78CA
S214026E50002B60D1584615F0DEFC059B4A4601938E
S214026E600123214600933B46FEF7E4F84FF6FF73F4
S214026E709842804600F0D380014600220AA819F004
S214026E8013FF0A980B9913AB03C3BDF830200221F7
S214026E9013A81A80FEF7FCF8002D3FF44DAF002E23
S214026EA040F0D28045460123C7F3C0074246CDE9EB
S214026EB0016321462B4604980397CDF800A016F0EE
S214026EC0F2F9A846BAF1000F0FD04FF6FF739845B5
S214026ED00BD0404619F04CFFFF281FBF214A32F85C
S214026EE0103023F4804322F81030089B7BB315F051
S214026EF03AFF249B014600934246234607980CF02D
S214026F00EDFC24E00822204611A9F5F70BFE002826
S214026F107FF461AF8FE7002D64D0134B1B68980790
S214026F2027D5049B0F2B21D0281D1AF0C6F9022361
S214026F300121CDE901310023C7F3C00702460093C1
S214026F4021464FF6FF730498039716F0ACF917B074
S214026F50BDE8F08FB4690020A9690020AD69002061
S214026F60B0690020A2620020844D0020079B012BFE
S214026F70DAD1281D1AF0A1F9804619F0F9FE099017
S214026F8040461AF077FA4FF6FF71BDF83A208A4269
S214026F9056D04245099B53D1FF2B4AD0184617F0CC
S214026FA080FA784010F0EF0F14BF01230023BDF8DB
S214026FB03A00099319F0DCFE0690BDF83A001AF082
S214026FC059FA099B66B14FF6FF7CBDF83A10614547
S214026FD006D0414504D0069A0240D2B2FF2AA3D177
S214026FE0002BA1D1224649460AA819F05DFE0A984E
S214026FF00B9913AB03C3BDF8302058461A8015F020
S2140270000AFC3A460146059B13A8FDF7DDFF30B998
S2140270104FF6FF73BDF8548098457FF43DAF4FF6A8
S214027020FF789DB10126281D1AF047F9454680468D
S21402703039E7FF2804D0069BB3FA83F35B09B6E769
S2140270400023B4E70226EEE70026ECE7012573E606
S2140270500022014B1A767047F05B002008B50B4BF6
S2140270601B78022B10D10A4B1B78033B012B0BD942
S214027070084B187800F00100FEF730FA0023064AA3
S214027080C2E90133538008BD0020F3E7B46900204B
S214027090B5690020A9690020F05B002038B5174DBD
S2140270A02B78033B012B1CD8154BB3F868204FF600
S2140270B0FF739A4215D10320FDF728FD02F0CEFB9E
S2140270C0FFF7CCFF2B78033B012B01D909F0FCF824
S2140270D0002019F023FB78B1BDE83840002015F0F7
S2140270E0B0BCFDF7FDFC0446FDF7F4FC0146204665
S2140270F008F05EFB0220DFE738BD00BFB56900205E
S214027100045B002008B5114A114B58611378032B13
S2140271101BD0D3B1332B01D0432B10D10D4B1B7890
S214027120033B012B05D803231370BDE8084013F078
S21402713030BE13F02EFEBDE80840FFF7AFBF212396
S2140271401370BDE8084002F09DB908BDB46900207E
S214027150F05B0020B569002038B504461348FDF7F9
S214027160D5FB134B1B78013B012B1DD8114D5CB987
S2140271702B7823B140F619402C7013F00AFE002437
S214027180FFF76CFF204638BDFF2C05D04FF47A710E
S2140271900648614319F0B8FC2B78002BEFD1012387
S2140271A040F618402B70E8E70224E9E7304D00204D
S2140271B0B5690020A969002038B5114D04462B7820
S2140271C0834218BF287014F01AFA80B124B92046F8
S2140271D014F017FA02220DE0012014F012FA2B78AE
S2140271E01A1F012A05D9062BF4D1032202E0002C2D
S2140271F0F5D10122BDE838400021084615F079BFD6
S214027200B569002030B5044685B068460D46FFF7DE
S214027210A7FC94B100212846144A02F043FB144B03
S21402722020681B7861688DF80430124B1B788DF845
S214027230053002AB03C306F0B1FA0F4B93F85820A1
S21402724093F85A308DF803208DF8023015F0A8FD19
S214027250ADF8000015F087FD1023ADF8060069466C
S2140272600020064AFDF7CCFB05B030BD00F8FF074C
S21402727016740020B5690020045B002064EE01004D
S21402728010B5144B04461A78134B002083F8582086
S21402729019F044FA10B1002015F0D3FB002108467D
S2140272A0FFF7B0FF0D4B1B78033B012B0ED814F0F3
S2140272B09AF92046FCF754FE40F6174013F069FD93
S2140272C00023074A1380074A138010BD0BF016FCF2
S2140272D0EFE700BF486A0020045B0020B569002083
S2140272E0B8620020B66200201FB504466846FFF763
S2140272F037FC54B100238DF8053010236946002070
S214027300064AFDF77DFB04B010BD15F02CFDADF866
S214027310060015F045FDADF80000EEE764EE01004C
S21402732010B5014604460020FBF7F8FF90B10C4B5F
S2140273301B78023B032B0FD80A4B1C7019F0C8FDB2
S21402734060B9094A0949FCF77FFB003818BF0120DB
S214027350800010BD5520FCE70220FAE74D20F8E732
S214027360B4690020486A002045AA02008172020021
S214027370F8B5064619F0ACFD044668B919F0CEF920
S21402738050B1064D204695F8587085F8586015F0AD
S21402739058FB10B185F858704D20F8BD045B0020EC
S2140273A02DE9F04180461846033B012B0E46174650
S2140273B002D918B121243CE0FFF7FEFE294B1B78C8
S2140273C0012B4CD0284B1D78022D08D0032D46D118
S2140273D0B8F1000F03D1254B1B689B073FD433201F
S2140273E0FDF794FB01F0E8FCB6F1006F34BF204BCA
S2140273F0052231464FF0060038BF1A78FEF776FAB5
S214027400044628BB1B4D2873012000F029FF15F007
S214027410C7FC68802846B8F1000F0DD0022300F89A
S214027420043B15F0B8FF6C732F613946304613F0F3
S214027430EAFB2046BDE8F081012300F8043B15F084
S214027440AAFF6C732F613946304613F0DBFBF0E778
S2140274502846FDF75BFBB8F1000FF4D0E5E70224FF
S214027460E7E700BFB5690020B4690020844D00201C
S21402747049740020F05B0020034B187818B9034BC0
S214027480034A1B78D05C7047B3690020B5690020B8
S214027490B300050038B5174B04461B78033B012B97
S2140274A006D8437BDB0703D590F9090014F09AF857
S2140274B00025114B83F859502079FFF759FFFFF743
S2140274C0DBFF61882488034622462846FEF720F81A
S2140274D0044620B11720FFF715FE204638BD1723B5
S2140274E0064DC82106486B6119F00EFB03232B7666
S2140274F0F3E700BFB5690020045B0020F05B0020C4
S214027500EC710020F0B51A4D06460C4693B0A5F86D
S214027510680005F16A0729BBC5F86A10796013F09E
S21402752063FB6A4601460020FCF72CFAD5F86A305F
S214027530ADF81060CDF812307B68CDF8163013F037
S21402754053FB6A4601460020FCF7D2FC4FF6FF7357
S214027550B5F86800984203D014B1064913F056FBFA
S21402756013B0F0BD08223846F4F7E2FFD7E700BFB3
S214027570045B00206E5B00202DE9F041DFF8B88046
S2140275801F4698F8003005460C4616461BB10225E3
S2140275902846BDE8F081531E052BF8D819F098FC52
S2140275A00028F4D13B7B032B14D14FF6FE739C428A
S2140275B012D1012E09D0022EE9D115F0D4FB4FF6D6
S2140275C0FB73984203D815F0CEFB044604E016F08F
S2140275D09FF8FAE7012EDAD0EDB939462046FFF7D2
S2140275E065FA05460028D3D198F80030332B03D02D
S2140275F0532B1CBF0E4B18613046FFF7DDFD0021F2
S2140276004FF6FF70FFF77EFF0A4B1B78002BBFD0AA
S2140276100BF048FABCE7397B721ECB1E5942594121
S2140276205042504107F054F905460028D5D0AFE73E
S214027630F05B00204A740020B46900202DE9F8436C
S21402764005468846914615F08EFB3F4E0446337833
S214027650033B012B06D86B7BDB0703D595F90900A4
S21402766013F0C0FF15F07FFB384B394F188015F02A
S21402767097FB384B1880FDF72DFA374B1880FDF72D
S2140276802FFA082201463548F4F752FF15F034FB6C
S214027690334B18702879FFF76BFE00216888FFF7D6
S2140276A031FFFDF72DFB60B14FF6F672631E9BB2FB
S2140276B0934206D916F02CF8B7F86830044683428F
S2140276C0F8D0204615F05BFB288815F075FB494676
S2140276D0B7F86800C047044628B91920FFF712FD1C
S2140276E01920BDE8F883B7F8681015F0D3F8002320
S2140276F01C4D87F859302B7803F0FB03022B02D07F
S214027700204615F0C0FD002220461146FFF7F2F88B
S2140277100446A8B117236B613378042B09D1C8211C
S214027720114819F0F1F903232B7684F00100C0B258
S214027730D7E74FF416710C4819F0E6F90023F3E781
S2140277401720FFF7DFFCF0E7B5690020E8620020AB
S214027750045B0020E6620020E4620020496A002002
S214027760516A0020F05B0020EC710020F0B50C4658
S2140277701E460B462049074689B004F1140053F80A
S214027780045B834241F8045BF9D11B8802AD0B808F
S214027790D4F80E00D4F81210238803C5ADF81030C2
S2140277A023798DF812208DF8133000233A468DF88F
S2140277B014304FF6FE71012002ABFFF7DDFEC8B9AA
S2140277C002A8FFF7AFF9237B4BB10C4D0C4B01AA75
S2140277D029460120019313F0E1FE2A781AB92046C1
S2140277E0FFF758FE03E020460199FFF727FF08B986
S2140277F0044B1E7009B0F0BDEA620020F05B002068
S214027800ADD30300526A002001232DE9F341304E26
S21402781005460F4600202F491446737300F0EEFC0F
S21402782013F0E2FEDFF8AC8038B9012D01D9042D41
S2140278300FD12146384613F070FA102000210AF0C4
S2140278407FFC00283CD0002002B0BDE8F041FCF7E7
S214027850A3B8002CF1D1204B1B78212B03D0062B8A
S21402786001D0532B02D101F00DFEE6E7FDF748FAF0
S2140278700028E2D000F0EEFC28B9307BC0F11800F8
S214027880FFF740FCD9E7154B41462046019300F02E
S214027890B5FC20B140F61901114819F030FC01AAD6
S2140278A00B4998F80C0013F079FE32781AB9094899
S2140278B0FFF7F0FDC1E701990648FFF7BFFEBCE7F8
S2140278C0FFF78AF80028BED102B0BDE8F08100BFFB
S2140278D0F05B0020EA620020B4690020ADD303000A
S2140278E096B304001FB5144B04461B88DB0707D467
S2140278F04FF6FF700021FFF705FE002004B010BD12
S2140279000A230E4A012001A9FDF77AF84FF6FF7303
S214027910BDF80C209A42EBD00822FF2101A815F0F0
S214027920B4F90028E4D10CB90120E7E7BDF80C0051
S21402793001A9FFF7E7FDF7E70263002026E1010051
S21402794038B50C46154615F01AFA03F0AFFE29466E
S2140279502046FFF7D7FD00F07DFC48B1074BDB79E8
S2140279600E2B28BF0E230133DBB2054A137038BD37
S214027970044B1B78013B18BF0123F6E7EA6200209E
S214027980686A0020B569002038B50022082104463E
S21402799015F07BF90546C8B915F0E5F92A464FF603
S2140279A0FF71FFF7CDFF2046217CFFF72BFC6269B3
S2140279B0E189207C01F076FF054B1B78012B01D173
S2140279C007F0F6F8FFF76AFB002038BD0120FCE757
S2140279D0B569002038B51D46FFF7CEFD0446C8B986
S2140279E02B7B2846032B03D1BDE83840FFF7CCBFDC
S2140279F0FFF798F8084B25469C8115F07DF9012182
S214027A00064B81401A780620FDF770FF044608B13F
S214027A10034B1D70204638BDF05B002049740020E1
S214027A20B469002030B5012087B0FFF75BFF6B46D4
S214027A300446144A1068516803C384B905F0BCFEB4
S214027A4002A8FFF78DF84FF6FF752246BDF80E0026
S214027A502946FFF775FF13F0DFF807B030BD6B4617
S214027A60094AD2F86A00D2F86E10B2F8685003C318
S214027A7005F0A2FE02A8FFF773F86A46BDF80E00EC
S214027A80E6E700BF3A3C0400045B002073B53A4BBD
S214027A9004461B781BB10224204602B070BD19F0C2
S214027AA017FA0028F7D100F0E5FB14B12288334B11
S214027AB01A8000210DF10700FDF7ACF8002856D118
S214027AC015F05AFC04460028E6D12D4D9DF8070015
S214027AD0FFF772FB2B785A1E012A1FD8FFF7A2FF68
S214027AE02B78033B012B01D801F014F9FFF7D6FAE5
S214027AF0012015F0C8F8034600283AD12A78033A3E
S214027B00012AC9D81D4A108810F0020521D0052284
S214027B1001201C49FFF744FC0446BDE7033B012B4A
S214027B2004D82046FFF7DEFE0028D7D12B78053B87
S214027B30012BB1D8FFF776FFFFF7B0FA2B78052BAB
S214027B400CBF04200520FCF7E1FF012015F09BF88E
S214027B50E2E70D4E0223314601200C4AFCF750FFA5
S214027B6033885B0798D5284601F0E8F894E717248F
S214027B7092E7044690E700BFB46900200263002043
S214027B80B569002000F8FF07B462002027E1010073
S214027B907FB50024184E194D3278E3B29A4201D8C6
S214027BA004B070BD4FF6FF73B5F868209A421AD03B
S214027BB0134B1B88DB0714D5124AB5F868301068D9
S214027BC05168ADF80C3001AB03C30F4A0A230020FC
S214027BD001A9FCF715FF022300200C4A0C49FCF70A
S214027BE00FFF0134D8E700220821064815F04DF8A9
S214027BF00028F6D1DCE700BF22740020045B0020D8
S214027C00026300206E5B002026E1010027E10100EE
S214027C10B462002010B501F0CFF802F013F8D8B124
S214027C200E48FCF773FE0E480E4C017A0E30FFF734
S214027C30E9FA23781BB100F0BFFA00232370002272
S214027C40094B1A73FFF72AFA08F056FD01F044F9B9
S214027C50BDE81040FFF79CBF10BD00BFEC710020CE
S214027C60EA620020526A0020F05B002010B5254828
S214027C70FCF74CFE01F0E6FF30B1234B1B781BB934
S214027C80BDE81040FFF7C6BF01F0DCFF78B11F4C1D
S214027C90237E83B1C8211B4818F036FF0021237EBD
S214027CA00846013B2376BDE81040FBF7E3BEFDF72E
S214027CB027F80028EBD1FDF723F8154B1B7858B9A7
S214027CC0112B03D003F0FD03412B19D1BDE8104060
S214027CD00E4B5869FFF716BA332BF7D10D4B18889F
S214027CE015F04DF80C4B188815F066F80B4B0C493E
S214027CF01888FFF707FC0B4B1878FFF739FBE5E708
S214027D0010BD00BFEC710020B0690020F05B0020BF
S214027D10B4690020E8620020E6620020E4620020E7
S214027D20496A0020516A00202DE9F04F0F4685B0BF
S214027D3002AD044629463846914617F016F84FF02B
S214027D40000B82463846CDF804B014F06CFE467836
S214027D50022C804606F0020609D85CB1FCF7D0FF7A
S214027D600446002848D1754B01241B7865E0043C84
S214027D70022C3AD9FCF7C4FF384614F0CDFD002495
S214027D800546A046DFF8D8A1384614F04CFE50F857
S214027D9009300DF10500019319F08FFA9DF807B02E
S214027DA00746B8F1000F4DD1BBF1000F5BD0DFF8EC
S214027DB08C9199F800300BB1002E63D0002C61D064
S214027DC05F4B1B78022B5DD1BBF1000F53D13846B7
S214027DD014F0D5FF58465946FFF714FA08F08CFC03
S214027DE040F6074012F0D5FF34E015F094FAFCF79F
S214027DF087FF0446F8B15C464EB1524B1B78012B06
S214027E0002D0043B012B0BD805B0BDE8F08F4B4BDC
S214027E101B782BB14B4B1B7803F0FB03022BF3D0E2
S214027E20BAF1000F404608BF002516F091FF4FF04A
S214027E3001088246A8E7414B1B78002BF0D0002EA3
S214027E40EED1E1E7BAF1000FAED05046FDF73AFBAD
S214027E500028A9D1002018F061FC0028D4D0002008
S214027E6014F0EFFDD0E74FF6F7739F429FD9172025
S214027E70FFF748F9EEE7FCF743FF48B13248FCF754
S214027E8045FDF4E7FCF73CFF10B1BBF1000FF5D15E
S214027E90FCF736FF0028DDD02846FDF767FFFF28EF
S214027EA0DFF89CA0294C03D09AF80030012B04D1AD
S214027EB02946B4F86800FEF7C5F8FEF781F92A46A7
S214027EC03846B4F86810FFF73BFD214B214A93F978
S214027ED006301B0213809AF80030012B19D0312B82
S214027EE014BF432311238AF800301B4B1648196827
S214027EF018F00AFE00F00EFF0023124C99F800104C
S214027F00237641B9104818F0FFFD40F61B43636123
S214027F10A0E71123E7E7B8F1000F03D016B1FFF789
S214027F2079FEF2E70D4B1B78042BEED105210648AD
S214027F3018F0EAFD09232376E7E700BFB0690020C0
S214027F40B4690020F05B0020EC710020045B002086
S214027F50EA620020006300200C720020B56900204F
S214027F60376A00202DE9F043084693B00E4614F017
S214027F705AFD09220021804618F01AFC04463046B3
S214027F8014F0CAFC052207460DF1090330460AA979
S214027F9012F059FF022881461DD09DF8093031465D
S214027FA01C440023E4B204F1100218F80450012025
S214027FB00093D2B210F0A2FD68B1072D09D855B1D0
S214027FC0013D062D07D8DFE805F00918068A0625C2
S214027FD041007C2D45D013B0BDE8F0835B4B1B7887
S214027FE0013B012BF7D8304614F015FC002332462D
S214027FF01946009415F093F9EDE7554B1B78012BC3
S214028000E9D1544B18780028E5D122463146FFF7CD
S2140280108BFEE0E74D4B1B78013B012BDBD8384645
S21402802009F0DCFF4FF6FF739842044606D030464E
S21402803014F0F1FB2246394614F0FDFE444B1B7841
S214028040022BC8D1384612F066FEC4E73F4B1B78B7
S214028050013B012BBFD8494630460AAA00F01EF95A
S214028060B9E73A4B1B78013B012BB4D8A04498F8E9
S214028070012098F80230652AADD16D2BABD130467F
S21402808018F072FC1334E4B28442A4D208223946B1
S21402809003A8F4F74DFA214630460DF10A0216F00F
S2140280A0A7FD002897D1BDF80A30002B93D005A86B
S2140280B009F0B0FA0123284DBDF80A002B7018F01B
S2140280C053FC0446BDF80A0018F032FCE2B203463E
S2140280D005A903A812F0B9FD00232B707BE71B4B02
S2140280E01B78013B012B3FF676AF06220021404665
S2140280F018F05EFB404419F0E0F80746FCF758FE1D
S214028100044600287FF467AF304614F07FFBC304B2
S2140281107FF561AF46F204030121ADF8143038460C
S2140281200223CDE9004405AA16F0B1FD0546002853
S2140281303FF451AF394614F0ADFB304614F06BFBFA
S21402814022462946FDF706FA45E700BFB569002034
S214028150B4690020F05B0020836A002008B5084B53
S214028160187050B1074B1B883BB14FF47A71064822
S214028170594318F0C9FC002008BD0120FCE700BFE7
S214028180A7690020AA730020304C0020014B187803
S214028190704700BFA7690020014B18800020704777
S2140281A0AA73002008B5FCF7B1FB0022014B1A7037
S2140281B008BD00BFA769002010B50024044B05487F
S2140281C01C80054B1C70FCF7A1FB204610BD00BFAF
S2140281D004630020107200205C6A002008B5034881
S2140281E0FCF794FBBDE80840FFF7E6BF10720020DC
S2140281F00148FCF79BB800BF04630020F7B5134B99
S21402820004461B780E46EBB183421DD90021104866
S21402821019F0B7F8002501460D4F09B9012009E00B
S214028220AC4209D10024162322463046009419F0A7
S21402823045F9204603B0F0BD384619F0C6F80135B8
S2140282400146EAE71820F5E72720F3E75C6A0020F4
S21402825004630020014B1878704700BF5C6A002058
S21402826025289DBF024B187000202120704700BFB2
S2140282704C740020012307B51846064A0DF1070183
S214028280FCF7BEFB9DF80720034B1A7003B05DF89F
S21402829004FB00BF29E10100AC730020F8B50746D5
S2140282A00E46144614F038FB1A4B05461B78022B72
S2140282B02FD1194819F093F858BB284612F0E0FD62
S2140282C038B322463146384612F0D6FD08B312F0CD
S2140282D08EFC0446384614F09EFA104B012E1A788D
S2140282E04FF00F0303FA02F39BB2B4FBF3F203FB65
S2140282F0124404F10104A1B206D1094B094A1E70C8
S2140283002B6813606B6853600348BDE8F84018F0AA
S214028310FBBBF8BDB4690020504D00204B74002012
S2140283205B6A0020536A002084B010B502AC84E871
S2140283300F00082227480DF11601089CF4F7F2FBFD
S21402834008BB9DF815309A0705D4234B1B7803F01B
S214028350FD03312B1DD121496378097803F00F0202
S2140283608A4203D0012922D1022A12D1227882B966
S2140283701B09022B0DD11A4BA0781B78022B1AD19F
S214028380C0F3800006E000220821124814F07DFCAB
S21402839020B90020BDE8104004B07047114BBDF86C
S2140283A008205B889A42CCD0002BCAD0F1E702297B
S2140283B0EFD1012AD9E7030609D40B4BB3F868209C
S2140283C0BDF80A309A42E4D1FEF714FCE2E7012037
S2140283D0E0E700BFF45B0020B469002016740020BA
S2140283E0B5690020F05B0020045B0020284BF0B546
S2140283F05D88002387B08DF80830264B0DF10B0000
S2140284001B7805F0010743F020038DF8093014F0BD
S214028410C2FF6FF07F43ADF813308DF8153015F0BC
S21402842038F81D4B8DF816001B7805F01006DB0099
S214028430DCB2F0F7A3FF194B1B7883422CBF44F043
S214028440040344F084032FB1A9061ED426B143F0D8
S214028450020301E0AA07F9D4002108468DF80A3083
S21402846018F0DAFAADF8060058B101230F2202A975
S2140284700DF10600FCF79EF918B90DF1060013F08F
S2140284808AF8BDF8060007B0F0BD43F00103DDE749
S214028490AC73002016740020686A0020AD690020C4
S2140284A010B5FCF733FA0A4B1B78022B0CD1094B9A
S2140284B01B78033B012B07D9074C207828B10020F4
S2140284C012F0E1FC0023237010BD14F087FCF9E7DC
S2140284D0B4690020B56900205B6A002084B02DE9EB
S2140284E0F0478EB016AC84E80F00DFF878C1594B1F
S2140284F0BCF802009DF85DA010F001049DF9622010
S214028500BDF870E09DF875909DF976709DF87850EC
S2140285109DF97A109DF95E809DF860601B7835D0D3
S2140285209DF87D00C0F34004C0F38000002B4AD0C3
S214028530494B1B78022B09D18A4244DB24D1A81B63
S214028540C0B280288CBF0020012016E0434B1B7867
S214028550012B01D1002C7AD078B19CF800301E3362
S2140285605BB29F42D4BF002701279845D4BF0023A1
S2140285700123BB4206D18A42E0DA0EB0BDE8F047DC
S21402858004B070473846F8E70020F6E710F0020F0E
S21402859018D0C3B1490814BF01200020520814BFE6
S2140285A0012300238342E8D1AB1BDBB2802B0AD91E
S2140285B0AE42E9D1B84506DB49D1CA452CBF0020F8
S2140285C00120DAE70BB90120D7E7AE4216D002AC9B
S2140285D01CAF0FCF0FC497E8030044F8040B2180AA
S2140285E0DDE91A0116AB0090ADF804100FCB12F0BD
S2140285F0CCFF0028E7D1AE42A1D1BEE7BDF8583085
S21402860073451ED008AC0DF1700CBCE80F000FC409
S2140286109CE8030044F8040B2180114C63887345E0
S2140286200FD10822211D0DF12E00F4F77BFA024627
S21402863038B90821201D14F028FB10B96388002BD6
S214028640C1D1B845BFDBC2D1CA45BCD3BFE72046BD
S21402865093E700BF5C6A0020B5690020B469002079
S214028660F05B0020AC73002084B02DE9F04F8FB091
S2140286706A4E18AC08AD84E80F0016220021284680
S214028680F3F704FF33783BB90024654B32781B7846
S2140286909A4239D2002726E00021624818F071FE7D
S2140286A000270446B846DFF87C91002C45D13FB13E
S2140286B0224639465B4814F04BFA3378013B337056
S2140286C03378002BE0D0002156484FF0000918F00E
S2140286D058FE4F468046CA46DFF848B1B8F1000F4A
S2140286E06CD1002FD1D01621002218A814F0B6F9AA
S2140286F0014648B1002F00F08B802246494814F00C
S214028700CDF9337801333370454B32781B789A4271
S21402871007D944480022018814F01AFA3378013B3C
S21402872033703378012B03D13F49404818F0ECF9F7
S2140287300FB0BDE8F04F04B0704700222146162362
S2140287402846CDF8008018F0B9FE1622294618A849
S214028750F4F7E8F90028EBD09DF864209DF8243061
S2140287609A4225D1BDF86020BDF820309A421FD12A
S21402877008220DF12E010DF16E00F4F7D3F9B8B907
S21402878002AF0DF1600CBCE80F000FC79CE80300B7
S21402879047F8040B39800EAB13E903000090ADF8DE
S2140287A0041095E80F00FFF799FE0028C0D0274670
S2140287B02146484618F009FE044676E716230022AC
S2140287C041462846CDF800A018F078FE02AF0DF11B
S2140287D0600CBCE80F000FC79CE8030047F8040BC8
S2140287E039800EAB13E903000090ADF8041095E84B
S2140287F00F00FFF773FE074620B1B9F1000F04BF62
S214028800444681464146584618F0DFFD804665E7F5
S2140288103A46044818F0BBFD73E700BF5C6A0020C6
S2140288204C7400200463002020BF02001072002057
S2140288302DE9F04F002104469FB00DF140081622A4
S21402884040460E91CDE90C11CDF83B10F3F71EFE13
S214028850052220460DF11F0316A912F0F4FA02288B
S214028860074600F0F880204614F0DDF8064618F0B9
S21402887024FD8146F01C18F020FDADF84000701D66
S21402888018F01BFD012FADF84200204640F0E680AE
S21402889014F0C9F80546204618F04AF80D350223AA
S2140288A02D1A0093214643460820EAB210F026F914
S2140288B0002800F0D080204614F0BAF8012F834634
S2140288C09DF84D3040F0E38000252F4643F001032B
S2140288D08DF84D3016AE3388022B4DD1F1782046F6
S2140288E002310CF00FF81B2846D1F17820460331EE
S2140288F00CF008F819283FD1F178204604310CF024
S21402890001F84A2838D14FF0050AF178204601319D
S21402891051440BF0F7FFF1780590514420460BF0D6
S214028920F1FF059B00EB032083B200F03F02932B7E
S214028930059240F09B800023F77821460237574481
S214028940FFB23A4600930CA80F2318F0B7FD07F1C2
S2140289500F01204616F0E2F807F1110105462046FF
S21402896016F0DCF8ADF84200059B023353445FFA7A
S21402897083FA33795345C8D806360DF17603B342E7
S214028980A9D19DF84D20C5F3C03363F341022046BA
S2140289908DF84D2013F0DEFF8DF84400204613F0CC
S2140289A0CEFF8DF84500204613F0CEFF9DF83230FC
S2140289B0BBF1190FC3F3C3028DF84720DDF833204D
S2140289C08DF84600CDF84E20DDF83720CDF852203F
S2140289D094BF00229DF83E208DF8482003F0030243
S2140289E08DF84A206E4A1278022A9DF84D200CBF56
S2140289F0C3F38003DB0963F382026A4B8DF84D20D2
S214028A001B78022B57D1BDF8406014F0C9F9864294
S214028A1051D108A814F0BFFCBBF1190F48D908229F
S214028A200DF14E0108A8F4F77DF800283DD1B9F5FE
S214028A30004F02D0B9F5624F0DD140F6FF7325F410
S214028A4040459D4207D1002208210DF14E0014F048
S214028A501CF900283FD01FB0BDE8F08F13F0E3FFEB
S214028A600546204617F064FF073518E7412B7FF4CA
S214028A707BAFF1782046023151440BF043FF4A4B5C
S214028A801B78C3F1B30318448DF849006CE76FF303
S214028A900003F01D8DF84D3018F00FFC0CA90546AA
S214028AA0204614F0ACFC0B276BE700F0B3FFBEE7E2
S214028AB000F0B0FFCFE7B9F5004F02D0B9F5624F2C
S214028AC0C9D140F6FF7325F440459D42C3D1BBF1A0
S214028AD0190FC0D9B7E7BBF11A0F06D007F11F016D
S214028AE042462046C9B212F058FD304C304D637BE8
S214028AF0DBB12B78012B1DD1012323730CAB029320
S214028B0014AC94E803000090ADF8041098E80F0047
S214028B10FFF70AFC90B194E803000090ADF8041049
S214028B2098E80F00FFF7A0FD08E0FCF7E9F8002838
S214028B30DFD0E1E703F0FD03042BDDD02B78012B19
S214028B4001D0042B87D11B4BDDF84E001B78DDF8D5
S214028B5052108DF82230BDF84030ADF820309DF826
S214028B604D30C3F340038DF823309DF8313003F0C7
S214028B700F038DF82C309DF848308DF82D3009AB58
S214028B8003C30D4B1B681BB1414608A8984762E712
S214028B909DF946209DF8451008A812F0BAF85AE743
S214028BA0B5690020B4690020636A0020F05B0020EB
S214028BB0406A0020626A0020E45B00202DE9F04350
S214028BC0424B434C1B7885B0033B012B22D818F04E
S214028BD08FFA2378022B31D13E4A1468A0422DD058
S214028BE03D4910600A68121B10443C4A086012781D
S214028BF072B1013A93403C2253434FF47A72534384
S214028C0098421BD9032005B0BDE8F043FBF77EBFB0
S214028C100A23F2E718F06CFA2378022B0ED12D4ABB
S214028C201568A8420AD00027DFF8BC802C4E1060D8
S214028C30451B98F80030FCB2A34202D805B0BDE846
S214028C40F08356F8243020462B4446F8243018F099
S214028C50E7F8C3074FF0000910D5204609F0FEF9E1
S214028C6070B156F82430242B08D91022002320464F
S214028C70CDF8009009F00CFA46F824900137D8E7B0
S214028C80184B1B5D13F00F031FBF03F1FF320223C5
S214028C9093403C220CBF0A2353434FF47A72534349
S214028CA056F824209A42E9D9204609F067F902A923
S214028CB015F0BCFB28B1204609F060F902A911F0B4
S214028CC0A6FF204615F048FCD8E700BFB56900208D
S214028CD0B46900207C4D0020784D002011740020DD
S214028CE0944B00205969002028740020064B1B88EC
S214028CF0DB0708D50022054B43F82020044A135C04
S214028D0063F00F031354704706630020944B002051
S214028D105969002008B518F0EBF90022024B1860DA
S214028D20024B1A6008BD00BF7C4D0020784D002023
S214028D30014B1868704700BF784D002008B50C48F4
S214028D40FBF7E4FDFBF736FF80B10A4B0322B3F8CC
S214028D506810012012F043FC4FF47A71064B044867
S214028D601B885943BDE8084017F0CEBE08BD00BFB9
S214028D7030720020045B00208C730020014B1880A8
S214028D8000207047B0730020044A054B1870138801
S214028D9023F0030318431080002070470663002068
S214028DA012740020034B1888C0F30E00003818BF58
S214028DB001207047B462002008B5FFF7F3FF30B118
S214028DC0002004490223044A0880FBF719FE00200B
S214028DD008BD00BFB462002027E10100024B1888DC
S214028DE0C0F30E00704700BFB46200200023084A9A
S214028DF001201370074A08491370084B084A1B786B
S214028E0043F0040313800223064AFBF7F9BD00BFB2
S214028E105F6A00205E6A0020B4620020127400209E
S214028E200663002027E1010013B514468DF80710EB
S214028E30DAB9CAB20E2A18D80E4B1B881341DB07C2
S214028E4013D517F095FFFF2811D09DF807200A4B7F
S214028E500DF107011A5400F58330012200F58070E7
S214028E60E5F7D4F9204602B010BD0124FAE7022441
S214028E70F8E700BFB07300205969002030B5012121
S214028E8000240B2385B0104D019400918DF80C3010
S214028E908DF80D000323B5F8680003AA8DF80E407E
S214028EA015F0F5FE68B1B5F8681014F091FB40B104
S214028EB00522064B64211A70054B06481C7017F0F3
S214028EC023FE05B030BD00BF045B00205E6A0020B2
S214028ED05F6A002050720020064B1B78033B012B72
S214028EE006D8054B1B781BB9044B1878FFF7C6BF8C
S214028EF0704700BFB56900205D6A0020117400202B
S214028F0010B51548FBF702FD144B1978F9B9144A47
S214028F1013787BB1013B1370124B1B78042B02D1E2
S214028F200846FAF7A7FDBDE810404FF496710A48C6
S214028F3017F0EABD0C4A128802F00302022A0AD18E
S214028F40BDE81040032201200849FEF729BABDE811
S214028F501040FFF7C1BF10BD507200205F6A0020AC
S214028F605E6A0020B5690020B462002000F8FF07A0
S214028F701FB50C238DF80C300B4B0C461B880121B9
S214028F8023F004038DF80E3000238DF80D00CDE992
S214028F9000132046032303AA15F079FE10B12146DA
S214028FA014F016FB04B010BD06630020F8B50646A2
S214028FB013F09CFC0546304615F08DFE411C044617
S214028FC089B230460BF09EFC02340746A1B2304608
S214028FD00BF098FC394602462846FFF725FF022882
S214028FE016D02946FFF7C4FF0A4B1B8803F003037B
S214028FF0022B0DD1284617F0BBFEFF2808D0002210
S214029000054B43F82020054A135C63F00F03135404
S214029010F8BD00BF06630020944B0020596900206B
S214029020084B1A785AB10223013A93404EF6602250
S214029030534303210448B3FBF1F117F065BD42F236
S2140290401073F6E7117400205072002070B50546C2
S2140290501748FBF75BFC0122164B28461A7015F0E0
S2140290603AFE411C044689B228460BF04BFCA11C72
S214029070064689B228460BF045FC0F4C0223208098
S214029080214600200D4AFBF7BBFC86B9238803F075
S2140290900303022B03D1FFF73DFEFFF7C1FF238830
S2140290A05B0704D5BDE870400548FFF747BE70BDB4
S2140290B0507200205F6A0020B462002027E101009F
S2140290C0307200202DE9F0431F4C0546238889B0F4
S2140290D0002B33D01D4E00214FF4807009F09CFA0D
S2140290E03378DB0728D50121208817F059FC07467C
S2140290F0208813F098FC023018F0DFF805A98046A5
S214029100208815F0EEFE3378384613F0020F104B27
S21402911018BF0025B3F8009017F026FC064638461E
S21402912017F006FCF6B20290424606212846CDE922
S214029130009605AB11F0ABFD00232380054809B06D
S214029140BDE8F043FBF7E2BB0E630020606A002036
S2140291500A630020707200202DE9F047304F8046E7
S2140291603D880E4614469946ADB3104613F069FB89
S214029170B0F5006F2FD1204613F076FB824617F02B
S214029180F7FDFF2827D02EB1264A32F810302B439F
S21402919022F81030B5F5007F36D0B5F5806F33D0A3
S2140291A0B5F5807F17D1204B1B88A3421CD14FF602
S2140291B0FF718A450FD0204613F06CFB284609F053
S2140291C059FA50B93046FFF77DFF0023174A13803D
S2140291D0174A3B801370BDE8F0870220002108F092
S2140291E0AFFF0028EED1F0E7104D2B88A342F2D154
S2140291F04FF6FF718A45EED024B1204613F04AFBA3
S21402920000232B800023E3E70023094A3B801370E8
S21402921031464B4622464046BDE8F04713F060BF53
S21402922008630020A26200200E6300200C63002068
S214029230456A002010B5044640F62140FFF742FF7B
S21402924001214FF4807009F0E7F978B10022084B4B
S2140292501C80084B1A700BF0D5FCBDE81040064B7C
S2140292601880064B0648198817F04EBC10BD00BF82
S2140292700E630020606A00200A6300208E730020BE
S21402928070720020044A137818B943F00103137071
S214029290704743F00303FAE7606A00202DE9F04FB7
S2140292A0DFF84C9187B099F80060002E40F08C8071
S2140292B0DFF840B1DFF840A19BF80030F4B2A342D9
S2140292C007D80022424B1A8007B0BDE8F04FFDF7E0
S2140292D0ABBB20463AF8145008F0C0FE8046002881
S2140292E060D0204608F04AFE15F40071074645D0C5
S2140292F001464FF6FF720E2014F08DFA054600283E
S21402930050D0394613F0C6FA4FF400730027304E99
S214029310204633803AF8142022EA03032AF814304F
S21402932010220023009708F0B3FE2A4B1B88DB07A7
S21402933007D5294B294A43F82470135D63F00F03BF
S2140293401355182000216043254B264C00930191AB
S21402935001232A46205CFAF7B1FB002814BF01233A
S214029360002389F8003005D13388B3F5807F01D118
S2140293701D4B1880404607B0BDE8F08F680513D530
S214029380059114F0C5F901220599034600920720BB
S2140293903A46CDE90111FDF765FC4FF480630546B8
S2140293A0002DB3D1013687E7104B18880028F9D074
S2140293B0EA05F7D5394613F06DFA0C4B1D880A4BB1
S2140293C01D804FF48073EBE74FF00008D2E700BF32
S2140293D00863002006630020944B00205969002091
S2140293E059910200181400200C6300200E6300201E
S2140293F0456A002028740020A2620020042230B5AC
S21402940001F0400387B0002B054614BF0124002458
S2140294108DF80C208DF80D1004D004A915F006F86E
S21402942038B304ABCDE9004301210223284603AA40
S21402943015F02DFC0446F0B1104B1B78033B012BB4
S21402944004D80F4BB3F8681013F024FA4FF6F773EC
S2140294509D4209D9322202212046FDF74BFA80F0BE
S2140294600100C0B207B030BD2946204614F0B0F85D
S214029470F5E70120F6E71920F4E700BFB5690020FA
S214029480045B002010B5FFF797FC04F0DBFF13F037
S214029490F8FE002014F0C5FF17F01AFD08B1FCF71D
S2140294A0B7FA204C2378532B12D1032323700023C0
S2140294B0FF2219460120FDF773FF002017F02EF950
S2140294C010B1002013F0BDFABDE8104012F08BB8C0
S2140294D0062B01D0212BF0D10120FDF705FF4FF618
S2140294E0FE7013F04CFC4FF6FF7013F065FC002084
S2140294F0FDF732FE0020FDF75FFEFDF7AFFD00F040
S21402950087FB12F073F82378212B02D1FDF782FB3A
S214029510D3E70020FBF7FAFA00214FF4004014F0DC
S21402952082FDCAE7B469002010B50A4C0A48FBF768
S214029530EDF92378062B02D10120FDF7D5FE23781C
S214029540062B01D0532B03D1BDE81040FFF79ABF7C
S21402955010BD00BFB4690020907200202DE9F84FBC
S214029560DFF8CC8004460E461746FFF725FC98F82F
S214029570005015B90220BDE8F88F212DFAD0DFF889
S214029580B49099F80030012B01D1A306F2D42748F3
S21402959017F025FF0028EDD114F020043946304696
S2140295A0DFF894B0DFF894A005F00F051BD011F099
S2140295B02CFB012D8BF80070AAF8006033D1212312
S2140295C088F80030FFF75EFF0020D4E7212388F8F2
S2140295D00030FFF757FF00214FF6FE70FDF792FFAF
S2140295E0FEF7D6FAF0E711F00FFB012D8BF80070AC
S2140295F0AAF80060EAD0062321464FF6FD7088F8E6
S2140296000030FFF7FBFE40F6020240F2262199F8F0
S21402961000300648033B012B88BF114617F074FA48
S214029620002CD1D1D7E75323E6E700BF9072002083
S214029630B4690020B5690020616A0020B273002078
S2140296402DE9FF410F460546511C38460BF05AF9E4
S2140296500446384613F0E7F90646023017F02DFEA8
S214029660424B80461B7804F04002022B02D0043B99
S214029670012B06D83E4B1B68580205D5A10603D41B
S21402968052B304B0BDE8F08132B33A4A1278D11E22
S214029690012917D8384BB3F86830AB42F1D173784A
S2140296A0180714D5304615F053FBFBF70BFF0028BE
S2140296B0E7D00122294604F0200004B0BDE8F041BC
S2140296C0FFF74CBF022ADCD1DF01DAD4E7E713F05A
S2140296D04AFB4045D5D1ECE7264B1B78013B012BD4
S2140296E0CFD87378D906CCD502A9384615F03DFBFB
S2140296F0002002A917F00CFBFF2806460BD0A20694
S21402970001D413F0ABFE304608F038FC04F0BAFE83
S214029710304614F021FF284617F0ACFEFF280DD085
S214029720FCF766FB14F0200608D113F01CFB28B1E8
S21402973033460222284602A905F0E0FF13F013FB87
S21402974000289ED1A3069CD402A94FF6FF730222DC
S21402975028460FF094F94FF6FF7203460092284609
S214029760022202A911F043FB8BE700BFB469002076
S214029770844D0020B5690020045B002038B50446FD
S2140297800D4617F0F5FAFF28034615D00B4A127855
S21402979042B10B4A32F81020520403D514F0DCFE14
S2140297A0002038BD184613F059FE204645F0400109
S2140297B0BDE83840FFF722BE0120F2E7B06900207C
S2140297C0A262002038B5054613F02DF90446284655
S2140297D015F081FA411C89B228460BF093F842062E
S2140297E00DD563781B070FD5204615F0B1FA014652
S2140297F0002017F08DFABDE8384014F0ADBE0348DD
S214029800BDE83840FFF790BE38BD00BF907200201A
S21402981038B54FF6FF75A842044617D013F0C0FAC3
S214029820A04213D04FF6FD72094B198891420DD90A
S214029830084A1288AA4201D0A24207D11C804FF4DD
S2140298407A71BDE83840044817F05EB938BD00BFEB
S21402985098730020B4730020104D002008B5044809
S214029860FBF754F84FF6FF72024B1A8008BD00BF92
S214029870104D00209873002037B505460C46082385
S21402988069460120064AFBF7BBF815B19DF806307B
S2140298902B700CB1009B2360BDF8040003B030BDF2
S2140298A025E1010007B508238DF80600ADF804107F
S2140298B0009269460020034AFBF7A2F803B05DF85F
S2140298C004FB00BF25E10100024A13780BB1013BFD
S2140298D013707047A369002008B513F06DFA0021D3
S2140298E04FF6FF72054B08461A80FDF78BFCBDE863
S2140298F0084040F6164011F04CBA00BF987300209C
S21402990008B5FBF703F80A4B1B78023B032B08D873
S2140299104FF6FE73074A108898424FF6FF7301D13E
S214029920138008BD9842FCD0BDE80840FFF7D4BFBC
S214029930B46900209873002010B5084B1B78042BDE
S2140299400AD013F010FA002104460846FFF794FFE7
S214029950231A5842584110BD0020FCE7B569002082
S214029960F0B5002689B00546CDE90566ADF81C605F
S21402997015F0B1F90A23024604462946009605A8C0
S21402998017F09CFD9DF815309DF814701F2B27D8F4
S21402999003A813F000FD08220DF1160103A8F3F741
S2140299A0C1F80646E0B9092F1CD1FFF7C5FFB8B1CA
S2140299B0144B1B78A3B1144B1A884FF6FD739A42C8
S2140299C00ED9124C124A23780433DBB22370127873
S2140299D0013AB3EB820F03DD58B20FF0A5FA2670F8
S2140299E009B0F0BD0A34E4B2214628460AF08AFFDE
S2140299F013F05AFD611C284615F090F8FFF708FF91
S214029A00EEE700BF2A74002098730020A3690020A6
S214029A101074002038B5134B1B78033B012B20D95A
S214029A20114B4FF6FF711B78ABB1104D2B888B4252
S214029A3017D113F0B5F94EF6602104460C4817F01C
S214029A4063F84FF6FE7322462B800021BDE83840AD
S214029A50092013F037BD074A13888B421CBF013317
S214029A60138038BDB56900202A7400209873002040
S214029A70104D0020B062002010B5044661B1FF21EF
S214029A8012F072FF0021204612F074FF12F0A2FEBE
S214029A900146204612F074FF2146BDE8104000221F
S214029AA0014817F074BC00BF126300202DE9F04194
S214029AB00D461746044612F0B6FF06782846FBF710
S214029AC077F929468046204612F0E4FE13F04BF959
S214029AD0A84206D120460121FFF7CEFF0120BDE8AD
S214029AE0F0812846B8F1000F0AD0FBF7EFF950B91B
S214029AF0144B3A462046BDE8F0411978FCF7FABE08
S214029B0014F0B9FCF3E706F00306012E08D013F0B2
S214029B102AF900232246294602F030FF0028D9D12E
S214029B20204612F073FE430505D52046BDE8F041F7
S214029B30002113F05ABA204614F070FCB0FA80F0F6
S214029B404009CCE70E74002010B586B0044615F026
S214029B50C2F8104B0246186819790290D3F805002D
S214029B605B7A01328DF8143000238DF80C100490C5
S214029B702146009392B2052304A817F09FFC052203
S214029B8004A902A8F2F7CEFFB0FA80F0400906B0A8
S214029B9010BD00BF1C00050008B50748FAF7B6FE60
S214029BA0064B1B78033B012B05D8BDE80840002175
S214029BB00846F9F75FBF08BDB0720020B5690020FD
S214029BC008B5114812F0FEFF104B1B78012B06D881
S214029BD0FF2009F0FDFBFCF751FD08F09DFCFCF7A9
S214029BE06BF902F06BF9FFF701F915F00BFA0BF0BF
S214029BF05BFBFCF7F9FE0BF085F811F00AF8BDE8FE
S214029C00084003F0B1B900BFCC5B00200F740020FF
S214029C1008B5EFF701FDFF2803D0094B1B78012B8F
S214029C2006D9002009F0D4FBFCF728FD08F074FCE6
S214029C30FCF742F902F042F9BDE8084003F094B995
S214029C400F740020064B1878112806D000F0FD008D
S214029C50A0F141035842584170470120704700BFA7
S214029C60B46900202DE9F0410446FCF7AFFC18B1B8
S214029C7000263046BDE8F0811D4B1B78033B012BC6
S214029C8009D81C4BB3F868104FF6FF739942EFD011
S214029C90204612F0FFFD184B022120461A88FCF7D8
S214029CA029FE06460028E3D0204612F0BCFE90F8B5
S214029CB007800546043017F000FB074613F053F8FA
S214029CC0414602463846FCF799FCA81C17F0F5FAFE
S214029CD04FF6FF73984202D12046FFF7ABFA2B7875
S214029CE09B07C6D101212046FFF7C6FEC1E700BF8B
S214029CF0B5690020045B0020106300202DE9F04FB8
S214029D00002585B00746039512F08DFE0646043000
S214029D1017F0D3FA8046B01C17F0CFFA3378044611
S214029D204046009317F024F882464046FBF740F878
S214029D303378BAF1FF0F0CBF83464FF0010B9A0738
S214029D400AD113F010F8404514BFD9464FF0010966
S214029D50B3791BB90320B9E0A946F9E713F003F873
S214029D60A04205D112F0FFFF0446994B1B7836E05D
S214029D70984B1B78052BF8D0033B012B03D8964B48
S214029D80B3F86840F1E7204617F091FB737840B3CA
S214029D9013F00402DFF838820BD198F800301A4428
S214029DA021463846D2B2FFF781FE0028D2D00020E4
S214029DB08CE0384614F051FF0146054638460AF054
S214029DC0A1FD421C52002946384602F0FE0213F05C
S214029DD0BFFB737823F00403737098F800300022F8
S214029DE0DDE75B0726D5384614F037FF0146064600
S214029DF038460AF087FD824606F101091FFA89F9FC
S214029E00494638460AF07EFDDFF8C481BAF1000FF3
S214029E1001D0FF2805D10022494638460AF086FDC1
S214029E20DBE7B11C01EB4001C9B2384614F076FEFE
S214029E300446D2E7204603AA02A914F06CFC0546A3
S214029E40B9F1000F4AD0009B03F0C003802B0ED15D
S214029E50FF2320468DF809300BF03EFAFF281BD070
S214029E600DF109020DF10A010BF02AFC14E0402B59
S214029E7034D19DF808308BB3FF2320468DF8093085
S214029E800BF02AFAFF2807D00DF109020DF10A019C
S214029E900BF016FC2D281CD13378404603F03F0306
S214029EA0337017F004FB10B912F05DFF80460023F2
S214029EB042461946204608F04FFE00283FF44AAFB5
S214029EC0C822072138460AF055FF012005B0BDE832
S214029ED0F08F9DF80930FF2BDED12546039838B95E
S214029EE09DF80820002A62D1394B2C461B7856E78B
S214029EF009F032FA039AFF280346127908D1CDE90F
S214029F0000204FF4E171354817F0F9F8DDE9002337
S214029F10B9F1000FE4D002F03002102A0AD0202A4B
S214029F20DED1BBF1000F24D05146184609F016FCCC
S214029F300028D5D1DFF8A89099F80030012B45D03B
S214029F40204611F02CFB28B92A4621464046F379D2
S214029F5014F064FBA54212D1039A137923F00C0382
S214029F6013719DF80830ABB92C46194B1B7830227A
S214029F7015E7039B1B7913F00C0FDBD1B0E799F8BA
S214029F800030022BE8D0039A137923F00C0343F037
S214029F900403E5E70121204613F029F920B92046FB
S214029FA00BF09AF9FF280FD0094B1B78DFE7012147
S214029FB0204613F01CF900287FF4D7AE20460BF09B
S214029FC08BF9FF287FF4D1AE02207FE7A542D9E7BE
S214029FD010630020B5690020045B00200CB4040066
S214029FE0656A002038B50E4B04461B780D46033BC7
S214029FF0012B10D900F108039BB2012B0DD812F0E9
S21402A000B2FE002302462946204608F0A5FD80F04F
S21402A0100100C0B238BD0120FCE70220FAE700BF0B
S21402A020B56900202DE9F041064610460D4614F0AB
S21402A03052FEA0F11004E7B256FA84F42146EA1B57
S21402A04004F10E00F2F774FA2823DFF84480F35581
S21402A05098F80030637301F045FF611C0246012048
S21402A06011F0D7FA08220949601DF2F761FA98F84A
S21402A070000014F046F805F10E0130463B46002279
S21402A080C9B201F0E1FF1220BDE8F081376A002074
S21402A090AF6900202DE9F04F89B0044612F0C3FCE8
S21402A0A00546204612F022FC0746281D17F005F941
S21402A0B08146A81C17F001F90390384695F807A0C8
S21402A0C017F0F5F92B780490990761D12146042000
S21402A0D002F0C2F800285BD0204614F0FCFD0146D0
S21402A0E020460AF00FFC820752D1204614F0F3FDF8
S21402A0F0014620460AF006FC10F00303059347D1FA
S21402A1002046FFF721FD002842D0204614F0D8FE54
S21402A110461C204616F028FCF6B206F10A0B8345CA
S21402A12080F29F80504A06AB1068516803C3711CC8
S21402A13020460AF0E7FB3146804620460AF0E2FB5C
S21402A140594600EB082820460AF0DCFB8346059BAE
S21402A1502146B21C009306A8082317F0AFF91FFA8F
S21402A16088F8204612F0C2FB5A46414611F045FADC
S21402A1700122404606A901F09BFB002871D102206D
S21402A1800BF036F8013003D1404606A9EFF712FB72
S21402A19012F0E9FD48453A46514608D113F055F803
S21402A1A000285ED109B0BDE8F04F01F077BB484603
S21402A1B013F04BF8002854D12C4B1B781BB93946A8
S21402A1C0484613F0DFF93A4651464846FCF716FA77
S21402A1D0002846D0297811F0030102D12046FFF765
S21402A1E04BFCAB79002B3CD0214B1B78DA1E012AA4
S21402A1F037D9062B35D06B78DB070DD503982E7A28
S21402A20014F01EF810B3F30803F01C0326F01F0622
S21402A210334343F001032B724FF6FF71204612F0D0
S21402A22039FB049BDBB910F0E2FC00F03F0202218E
S21402A2302046FCF75FFB4FF6FF73039A9A4210D153
S21402A240204609B0BDE8F04FFEF7F4BF06F01C0347
S21402A2501C2BE1D0042B04D9043E2E72DCE700222C
S21402A260E5E709B0BDE8F08F3A3C0400AB69002090
S21402A270B56900202DE9F04385B004460E46174620
S21402A28012F0CEFA0C2820467BD112F0CCFB092223
S21402A290002116F08DFA00F11005EDB2294620468F
S21402A2A00AF030FB042853D006D8012815D002281D
S21402A2B022D005B0BDE8F0837C28FAD1204616F0FD
S21402A2C053FB0546204616F033FB02463046E9B2FB
S21402A2D005B0BDE8F04310F0B6BC46B913212046DF
S21402A2E014F01CFC05B0BDE8F04312F065BD05B0E5
S21402A2F0BDE8F043FCF7ACBE9D4B1B78013B012B3F
S21402A300D7D82046E91C0AF0FDFA074686B978B97E
S21402A310691C204614F002FC0546214613F0DFFEB7
S21402A3203A462946102005B0BDE8F04316F08EBF27
S21402A330002508232146152200950DEB030017F091
S21402A340BDF8284602A916F0E3FC14F005F9B0E7BA
S21402A350884B1B78022BACD146B9FEF73FFDC207ED
S21402A3600AD5FEF7D7FC002F08BF3F26304605B0B9
S21402A370BDE8F04310F073BCFEF714FD0028F0D0E1
S21402A380F1E712F050FB8046043016F096FF0746BF
S21402A39008F1020016F091FF4FF6F7739842054651
S21402A3A00CD8754A138801339BB213800BB9734AD3
S21402A3B013801EB1714A13880133138098F80090F7
S21402A3C009F00309B9F1010F40F08380204614F02A
S21402A3D082FC014620460AF095FA043809283FF620
S21402A3E068AF01A353F820F011A40200B3A2020042
S21402A3F0B3A2020035A40200B3A20200B3A2020076
S21402A400B3A202001DA40200B3A202001DA4020011
S21402A410204605B0BDE8F043FFF7D4B9544B1B788D
S21402A420042B7FF446AF0021084605B0BDE8F04392
S21402A430F9F720BB4E4B1B78013B012B3FF639AF99
S21402A440404614F085FC00274D4B01465B898DF88B
S21402A4500A70ADF8083000283FF42BAF384616F0E5
S21402A46057FC0546204614F036FC421C03232146C0
S21402A470009792B202A817F021F89DF80A30E6B9C2
S21402A4803C4A1278022A18D1BBB9FF2DBDF8084003
S21402A4900AD03C4A214632F81530284623F4806317
S21402A4A022F8153014F037F8204614F015F9002279
S21402A4B02146102016F0CAFEFBE6022B3FF4F9AE48
S21402A4C02BB9304B33F815305B053FF5F2AE284614
S21402A4D03BE7B9F1000F7FF4ECAE3146204604F0BC
S21402A4E0BBF8002E3FF4E5AE4FF6F7739D423FF6FB
S21402A4F0E0AE98F80160284616F0040620D114F063
S21402A50038F9044628467CB113F0B5FF0346F0B985
S21402A5100C2200902946384613F092F90C220023AA
S21402A52039462846009308E013F0A5FF0346B8B95B
S21402A530154A009012782946384613F081F9B8E693
S21402A54013F099FF034678B90B220090F3E7062230
S21402A550334629463846009613F072F90622DEE79D
S21402A560234600940622E6E74B46CDF80090F9E72C
S21402A570B5690020B4690020B8620020B6620020E7
S21402A5801C000500A26200204E7400202DE9F04F48
S21402A59005888BB00446284612F045FA80460430F9
S21402A5A016F08BFE074608F1020016F086FE05A995
S21402A5B00190284614F0D9FB284614F08CFB01467D
S21402A5C0064628460AF09EF998F80030029003F0F4
S21402A5D00303012B0CBF82464FF0FF0A16F083FDE1
S21402A5E0B4F806B0814612F0BEFB98F80730009029
S21402A5F03846039301F08AF8002838D1019801F012
S21402A60085F8002849D1FCF7B9FAA9EB0B0B1FFA1B
S21402A6108BFB8146FAF774FB002844D1FFF712FB46
S21402A620002840D1A14B1B78033B012B42D8BAF13C
S21402A630060F00F0BE80BAF1040F00F0BA80FFF7F2
S21402A64001FB20B1029B03F00303012B32D0FAF781
S21402A650B1FA28B9964B1B7803F00F03062B6FD17D
S21402A660944B2846B3F8681012F014F922E02846F4
S21402A67012F0D9F9023016F020FE4FF6F773984220
S21402A68006D9039B23B92846FFF75EFA0028B5D100
S21402A690A37823F00F03A37054E0019816F007FF87
S21402A6A00028B0D1F4E7A9F104095FFA89F9B9F1F3
S21402A6B0020FB7D8BAF1010F40F0A280284612F076
S21402A6C0D3F84FF6FF7398426AD1002331462846E4
S21402A6D007AA13F064FF80460028D9D042799DF875
S21402A6E02530934209D9711D284689B20AF01EF90F
S21402A6F0A37823F00F030233A37010F078FA7E23B8
S21402A700B0FBF3F202FB130303F58073A3809DF8FC
S21402A710263013F0180F0BD0A378190708D1009B28
S21402A720BB4205D0384698F8052005A910F0A7FACE
S21402A7309DF82700003818BF01200BB0BDE8F08F47
S21402A7402823A3800020F8E7584B1B78033B012BF5
S21402A7505FD940F6B8339B459AD810F048FAFF23E3
S21402A7608DF81330002300F03F00C0F5FA70A08089
S21402A77007A90DF113008DF81C30FBF7A3FF054661
S21402A78098F80710384612F054FD002D80D09DF838
S21402A7901C20013A032A7BD8DFE802F0807A697D22
S21402A7A04FF6F773019A9A4224D898F80130DA07DE
S21402A7B020D4284612F058F816F016FE012808BFD4
S21402A7C03D4BA27809BF1B78FA2303EB830303EB06
S21402A7D0830302BF9B00FA339BB212097FF458AF81
S21402A7E05B45FFF455AF10F002FA00F01F00103080
S21402A7F0A08053E02D4B1B78033B012BA9D8D8E74A
S21402A8004FF6F773019A9A429ED898F80130DB0702
S21402A8109AD4BAF1020F53D10123314607AA284629
S21402A82013F0BDFE074612F09EFABDF8223098429B
S21402A83036D1002F3FF42CAF01227B8831462846C2
S21402A84008F00EFB1D4A13780133DBB288F8073096
S21402A85013707B88BDF81E209A421FBFA37823F090
S21402A8600F030233A3704FF4C873A38016E0009B55
S21402A870BB4213D000283FF40BAF426801323FF4CC
S21402A88007AFC2789DF813309A42BFF401AF05E0D5
S21402A890009BBB4202D0A2781209EBD101204CE702
S21402A8A0184616F004FE0028C3D182E7B5690020D8
S21402A8B0B4690020045B002020740020B2690020E6
S21402A8C0BAF1030F7FF475AF009BBB427FF471AF02
S21402A8D0711C284689B20AF015F80C287FF469AF75
S21402A8E0FBF7E2FC4FF6FF73984201463FF461AF76
S21402A8F0284611F0CFFF5CE72DE9F34104460088B5
S21402A90012F091F80546043016F0D7FC0646A81C4D
S21402A91016F0D3FC074616F0E6FB05463046B4F8BA
S21402A920068000F0F3FE064648B9384600F0EEFE12
S21402A93058B9194AA3781278033A012A0BD8A37891
S21402A940002623F00F03A37021E0384616F0AFFD71
S21402A9500028EED1F3E71B09F1D1A5EB0805ADB24D
S21402A960B5F5C86FEBD80DF10301384601AA01937D
S21402A97013F0D1FE9DF80350014645B94FF6FF731A
S21402A980984204D00126208811F084FFA580304624
S21402A99002B0BDE8F08100BFB56900202DE9F041A4
S21402A9A005460C4611F03CFF082802D10120BDE8FE
S21402A9B0F081201D16F081FC0646284694F8078092
S21402A9C011F094FF0746284611F020FF010612D523
S21402A9D0184B1B78042B0ED1174B1B78022B0AD16F
S21402A9E0164BB3F868204FF6FF739A4203D0002145
S21402A9F00846F9F73FF8124B1B78002BD6D1A01C5D
S21402AA0016F05BFC4FF6F773984202D86378DA07C3
S21402AA100DD523789B070AD13A464146304612F0B6
S21402AA2014FC80F00100C0B200F00100BFE7012074
S21402AA30FAE700BFB5690020B4690020045B002075
S21402AA40676A00202DE9F04F9DB0044611F0E8FE3B
S21402AA500546204611F0E4FE08285AD14FF400437A
S21402AA60102200212046ADF8503012F071FD20462B
S21402AA7015F05EFF0EF07DFA002321461A460C20E2
S21402AA8000930EF03BF898B3204615F051FF14A938
S21402AA9002461020FAF7D6FD0501204615F048FFBB
S21402AAA014A902464020EDB2FAF7CCFD10B12046BA
S21402AAB010F0B1F8204615F03BFF14A9024680209C
S21402AAC0FAF7C0FDB8B99DB1102517A806F0A2FD89
S21402AAD02046BDF8507015F047FF0646204615F092
S21402AAE027FF29460090F3B2384617AA10F031F92C
S21402AAF01DB0BDE8F08FBDF8503017A8ADF85E4027
S21402AB00ADF85C3010F073FD0028DCD145F080050E
S21402AB10DBE7204611F0D7FEB0F5006F40F0058166
S21402AB20204611F0E3FE0646042D40F00181204641
S21402AB3011F06CFE80F40060C0F3C02000223146A3
S21402AB40400016F083FB954B1A78022A0DD0FFF7C9
S21402AB5079F850B902F0FD03312B06D0043A012AE7
S21402AB6003D98F4B1B78002BC2D02146022001F05E
S21402AB7073FB05900028BBD02046ADF8464011F086
S21402AB8052FF0446BDF8460011F0B0FE0546201DF1
S21402AB9016F093FBA31C83461846039316F08DFB10
S21402ABA012A90746BDF8460014F0DFF8637806904F
S21402ABB0BDF8460094F80080099314F08CF8637888
S21402ABC0064608F0030828460C93FAF7F1F8B8F19F
S21402ABD0010F0CBF032302230E93724B08BF4FF0E4
S21402ABE00B091D80237818BF4FF00A0903F03C03B7
S21402ABF0082B0D907FF47CAFBDF8460015F0B4FE2E
S21402AC00B0427FF675AFB8F1010F03D023789807EC
S21402AC107FF46EAF644BB3F86830AB420DD1634A33
S21402AC20634BB2F9001093F90030002900F0A580BA
S21402AC3001EB0313A3EB211313804FF0010AA6F1D5
S21402AC401003DBB207938DF8453010224846BDF854
S21402AC504610CDF800A00DF145030DF04FFF002879
S21402AC603FF446AF099B13F002030A9300F00A81F1
S21402AC70504B1B78002B3FF43BAFBDF8469048463E
S21402AC8014F029F8002308904846CDE917331993A3
S21402AC90ADF8683011F02AFE089B039003F10E010E
S21402ACA0484689B213F0EAFF002870D000234946CE
S21402ACB0089A009317A80E2316F000FC50460DF1D2
S21402ACC05D0110F0B4FC9DF869300B9004939DF87A
S21402ACD05C30282B5BD10DF16100FAF7F3FB0F9085
S21402ACE0002854D1049813F00CFA0F9B002867D161
S21402ACF0314B049A1B78D31A190648D404F04CFD3B
S21402AD0050453CD116F0F4F92C4E0546346824B171
S21402AD1004F048FD2C1B844239D30023FF22194637
S21402AD201846FCF73DFB356031E04FF6FD76FBE654
S21402AD304FF6FF70301A18BF01200022314640003D
S21402AD4016F084FA0C2D0DD12146012001F084FA6A
S21402AD5000283FF4CDAE214600201DB0BDE8F04FDE
S21402AD60FDF700B92DB920461DB0BDE8F04FFDF73E
S21402AD705FBD042D7FF4BCAEE5E61B025CE704F083
S21402AD800BFD022803D104F0E9FC0028BAD0002209
S21402AD901920039916F05AFAAAE600BFB4690020F1
S21402ADA0676A00202E630020045B002000630020F8
S21402ADB0636A0020B0690020AF690020145C00209E
S21402ADC010214846089ACDF800A012F0D8FF0028B5
S21402ADD0DDD0A64B049A1B78934240F0AA800399D2
S21402ADE00DF1610214A815F05FFF012114A8FAF70D
S21402ADF043F8824648F2030114A8FAF749F9BAF171
S21402AE00000F03D0082114A810F0ACFB484613F03C
S21402AE1080FF03990DF16100FBF7E6FAFE288246F1
S21402AE20B5D0FF280AD1039816F024FBFF288246E5
S21402AE3000F087800DF16101FBF750F98B4B049A05
S21402AE401B78934200F0A38050460B99FBF7B2FAA8
S21402AE5000283FF44DAE50460B99FBF7BDFA237817
S21402AE609A070FD1484613F036FF0146484609F0C6
S21402AE7049FD00F00300012804D103980DF1610199
S21402AE80EEF798FCBDF8460011F0C0FC030440F152
S21402AE908580204616F011FA40F4007189B22046E9
S21402AEA016F00DFA00224FF40041BDF8460011F0EC
S21402AEB09EFCDDF81490012310220093BDF8461084
S21402AEC00E980DF145030DF019FE00283FF410AE62
S21402AED0032866D1204616F0F0F940F4007189B2D4
S21402AEE0204616F0ECF9284616F0E1FA002840F063
S21402AEF0B780DDF81490B8F1010F40F0C18003204E
S21402AF00BDF8461001F0A8F9002840F0B980314695
S21402AF10BDF8460009F0F6FC0F2801467FF6E8ADBC
S21402AF204FF6F7739F423FF6E3AD284612F074FBE6
S21402AF30DEE55046049903F049FD00287FF44FAF42
S21402AF4025E7237803F00303012B08D1484613F0C4
S21402AF50C2FE0146484609F0D5FC082892D0444B6A
S21402AF601A78444B1B789A4209D20DF16101039874
S21402AF70FBF768F8039816F07DFA82465EE7A01C97
S21402AF8016F09BF94FF6F7739842EED9FFE6504655
S21402AF90FBF79AFA00283FF457AF5CE74FF0000938
S21402AFA089E7284616F083FA0028A4D00A9B002BCD
S21402AFB058D1B9F1000F53D1B8F1010FBDF84600D0
S21402AFC09DD0314609F09EFC8246DFF8B09099F893
S21402AFD00030002B5FD011F0C6FE87427FF488ADAA
S21402AFE0B8F1010F40F08280BAF1070F78D8BAF1B3
S21402AFF0050F7FF67DAD204B1B78022B02D0043B5B
S21402B000012B03D899F80030002B4BD00C9B9806E6
S21402B01040F1BB800D9B002B40F0B380284615F014
S21402B020A7FEFF2840F0AD805D457FF461AD069B2C
S21402B030002B00F0A48012AB46F204020124ADF805
S21402B0405C200193214602232846009417AA13F097
S21402B0501EFE00283FF44CAD214611F0C6FF47E520
S21402B060DDF81490284607F053FD44E7AF69002048
S21402B070AE69002021740020B4690020B069002067
S21402B0803146BDF8460009F03DFC0A9B824613B9DC
S21402B090B9F1000F99D0A84B1B78022B02D0043BC3
S21402B0A0012BB3D8284600F031FB814600287FF4F6
S21402B0B01FAD11F058FE854222D1A04B1B78033BF0
S21402B0C0012B19D89E4BB3F8684011F04CFE4B4644
S21402B0D001460D222046CDF8009012F0B1FB07E59E
S21402B0E0AAF10E03DBB2012B85D901E50AF00303B0
S21402B0F0012B7FF4FDAC7EE7012000F0A5FBF7E410
S21402B100284616F0D4F958B911F04AFE4FF6FF73E6
S21402B110984205D015F0DCFE10B92846FAF738FF3B
S21402B120284616F0C4F988B111F03AFE4FF6FF73BE
S21402B13098420BD015F0CCFE40B9B8F1010F02D1FF
S21402B140BAF1060F02D0284607F04CFA069BA3B9BE
S21402B15019460122584600F0ABFB814600287FF4D0
S21402B160C7AC204613F0F4FD4A460146384600F0C6
S21402B1709FFB00283FF44AAFBAE412A9E9E7069B10
S21402B1805AE7637823F0200363704FF6FC739F42FE
S21402B19075D16A4B1B78033B012B7FF6A9ACA379CA
S21402B1A00BB1013BA3716378590727D50023584694
S21402B1B017AA14A9179313F0AEFA1798F0B108F06D
S21402B1C0CBF88146384615F0D3FD179A0146137917
S21402B1D003F03000102806D003F00C0008281CBF2D
S21402B1E023F00C031371137903F03303202B05D1DC
S21402B1F0FF2903D00122484608F078FA284615F0BF
S21402B200B7FDFF281EBF00224E4B43F82020099BA5
S21402B21003F001094FF6F7739F4200F21381B9F16A
S21402B220000F40F01C812946584612F0ABF911F087
S21402B2309AFD874200F0DF80384616F038F900287B
S21402B2404AD0B8F1010F30D1BAF1010F20D14A46E7
S21402B2503146BDF8460007F05FFE384616F027F97D
S21402B260394B1B78002B78D1584616F020F9002867
S21402B27070D1384616F01BF900286BD138E44FF629
S21402B280FD739F428BD12D4B1B78042B87D12FE465
S21402B290384616F00CF950B3BAF1030F27D13146EF
S21402B2A0BDF8460012F004FB22E4384616F0FFF81A
S21402B2B0384613F0E0F8002848D0002339465846AE
S21402B2C0BDF8462001F05AFB00283FD00021BDF809
S21402B2D04600FEF7D1FB0BE4384616F0E8F818B144
S21402B2E0B8F1010FD8D0E3E7B8F1010FE0D1164B61
S21402B2F01B78002BB8D0BAF1050F2ED111F033FD12
S21402B3008DF85C0011F02FFD000A8DF85D00012318
S21402B310022217A90DF14600F9F74CFA00287FF42D
S21402B320E7AB711CBDF8460089B209F0D9FA03787A
S21402B3300133037011E000BFB4690020B569002034
S21402B340045B0020944B0020277400209A4B1B7845
S21402B350002B89D0B8F1010FCDD063785A070CD5EF
S21402B360BDF84640204613F078FC411C89B22046C0
S21402B37009F0B6FA0378013B0370904B1B78033B47
S21402B380012B30D8B8F1010F06D1BAF1050F1FD143
S21402B39011F0E9FC834522D1BDF84600FEF7AEFC6B
S21402B3A002281CD10021584617AA08F021F930B10C
S21402B3B00379458003F03C0343F040030371002306
S21402B3C07F4A009339465846127812F039FA06E058
S21402B3D0BDF84600FEF792FCBAF1030FE0D1002258
S21402B3E039461C20D6E4BDF84600FEF787FCB8F1C5
S21402B3F0010FD5D1F0E7B8F1010F7FF467AF0AF17C
S21402B400FF330C2B00F2AA8001A252F823F000BFF1
S21402B41073B4020073B402009FB2020089B4020041
S21402B42099B40200BDB40200DFB402000BB50200FC
S21402B43021B5020021B502002DB5020045B5020075
S21402B44051B50200B8F1010F00F09480B9F1000F77
S21402B45008D1BDF84600FEF71DFEFFF749BBB8F15E
S21402B460010FCCD0237A03F00303012B7FF440AB09
S21402B470EFE7AAF102035A423146BDF846005A41A6
S21402B48007F04AFDFFF734BB32465846BDF8461071
S21402B490FEF7D6F8FFF72CBB711CBDF8460089B242
S21402B4A009F030FA0236F6B20246BDF84630584681
S21402B4B0009612A90AF054F8FFF71ABB3F4B1B7806
S21402B4C0013B012B3FF614AB079B012100930020A2
S21402B4D02346BDF8462011F022FFFFF709BB374B83
S21402B4E01B785A1E012A07D90120079ABDF8461072
S21402B4F0FCF71AFCFFF7FCBA022B7FF4F9AAF9F75D
S21402B500FFFB0028F0D1FFF7F3BABDF8460006F0BD
S21402B51069FEFFF7EDBABDF84600FEF721FA98E796
S21402B520BDF84600FEF71CFAFFF7E2BA234B1B787B
S21402B530013B012B3FF6DCAABDF84600FDF736FDBF
S21402B540FFF7D6BABDF84600FDF780FDFFF7D0BA82
S21402B550BDF8460010F045F8FFF7CABA3346224651
S21402B5605046BDF8461010F00EF800287FF4C0AA28
S21402B5705146DAE40AF1FF330C2B3FF6B9AA01A2D0
S21402B58052F823F073B4020073B402009FB20200B2
S21402B59089B4020099B40200BDB40200DFB402000E
S21402B5A00BB5020017B5020017B502002DB5020052
S21402B5B045B5020051B5020027740020B569002087
S21402B5C04E74002010B50021114811F0A2FA04466C
S21402B5D0E8B111F0B4F90F4B1870204611F0B4F927
S21402B5E00D4B1870204611F0B5F90C4B187020461A
S21402B5F011F0B5F90A4B1860012015F07DFD2046C2
S21402B600FFF720FABDE81040002015F075BD10BD0A
S21402B610DE620020646A0020636A0020626A0020FC
S21402B6200C5C002070B5164E044633680D46E3B136
S21402B63011F0F6F80C2818D1204611F0F4F9092278
S21402B6400021044615F0B4F8235C042B0DD10D4BF3
S21402B6501B78033B012B08D80B4C25B10B4B2278E9
S21402B6601B789A4203D300232370002070BD08483B
S21402B670316815F049FA2378012001332370F5E783
S21402B680105C0020B5690020666A00204D74002018
S21402B690B0720020014B93F901007047006300204E
S21402B6A0014BB3F868007047045B002070B50024B5
S21402B6B0124D2C70EDF762FEE6B2B04212D8104B75
S21402B6C01B78013B012B04D800214FF6FF70FBF7D5
S21402B6D019FF00220B4B1A700B4B198801B11A8006
S21402B6E0012070BD304615F09BFBC30748BF2B7880
S21402B6F004F1010444BF01332B70DBE7AD6900207F
S21402B700B5690020A4690020B262002038B50B4B50
S21402B71005461B7873B101335C08094B188815F08F
S21402B72007F9002330F81320AA4205D00133DAB213
S21402B730A242F7D3002038BD0120FCE7A46900200E
S21402B740B262002030B5054685B008460C4615F0B4
S21402B750AAFEFF280CD011F0DBFF012200210346CF
S21402B760CDE90112009221462A460720FBF77AFA13
S21402B770284615F0FDFAFF2804460FD015F050FBB8
S21402B780C2070DD5204615F04BFB830708D40B4A9B
S21402B79032F8143043F4806322F8143005B030BD1A
S21402B7A011F0B6FF012200210346CDE901120092F4
S21402B7B007202A46FBF756FAF0E700BFA2620020EF
S21402B7C04FF6FA72431E9BB2934270B504462AD8CD
S21402B7D0FFF79CFF38BB194B1B78042B23D020465F
S21402B7E015F048FEFF2801D0FAF702FB204612F0B9
S21402B7F06BFF08B107F0C6FD2046114E04F046FA6C
S21402B80020460FF03AFA31780E4D69B1288815F0C5
S21402B8108FF8054601461E220230F0F789FE2C807C
S21402B82033781E2B07D970BD202015F0F5F8288036
S21402B8300028EBD1F7E702333370F4E7B56900204E
S21402B840A4690020B262002037B5134B05461B7868
S21402B850022B1FD111F087FA044611F084FAFFF783
S21402B860AFFF11F055FF11F08AFA0020FBF73CFDFE
S21402B87040F607400FF08DFA3DB100230D22214617
S21402B8804FF6FD70009311F0DBFF03B0BDE83040C9
S21402B89004F032BF03B030BDB5690020034B1B78FD
S21402B8A013B90120FFF7D0BF704700BFAB69002075
S21402B8B0F7B504460D46174611F055FA0646002D12
S21402B8C047D04FF6FB739C4243D82046FFF71EFF35
S21402B8D030B1A64204D1204B1B78033B012B38D94A
S21402B8E02046FFF713FF10B1012003B0F0BD20463B
S21402B8F00FF093F9C0B1A642F6D00CB369462046C3
S21402B900F9F758FD0246D8B90821684611F0BDF984
S21402B910B0B9082269462846F1F704F980B12946EB
S21402B920204611F025FFDFE7A642E6D12846F9F7C2
S21402B930C9FD28B90120FFF787FF06F0DFFDD3E730
S21402B9403FB121462846FAF7E7FB2146284604F08F
S21402B950B9F90020C9E700BFB5690020044A137888
S21402B9602BB1013BDBB213700BB9024A138070474E
S21402B970A4690020B26200200148F8F7D7BC00BFD5
S21402B980B26200202DE9F047804617460D468CB07D
S21402B99061B903AE00211B4815F0F3FC4FF0000915
S21402B9A00446DFF860A01CB920461DE00E46F1E70B
S21402B9B00022214624233046CDF8009015F07EFD65
S21402B9C0082241463046F1F7ADF8A8B9337C9BB958
S21402B9D06FB945B92A4621460A4811F0B9F80A4A0B
S21402B9E01388013B138001200CB0BDE8F0873B882A
S21402B9F0B28953405B06ECD52146504615F0E5FC6D
S21402BA000446D0E71663002014630020024B188811
S21402BA10003818BF012070471463002040232DE928
S21402BA20F04397B0074611A88946ADF80E300FF0DE
S21402BA303AFA02238DF84430002304AE31463846E3
S21402BA4004937360F9F7B6FC0546002840F095802B
S21402BA5038460FF0A4FD804611F085F9044600280A
S21402BA6040F0BB8099F80130042B40F0B980EDF726
S21402BA7091FC022840F08480EDF78CFC022840F00E
S21402BA808B8096E8030003238DF8443012AB83E8DC
S21402BA9003009DF85130002143F00603102209A846
S21402BAA08DF85130F0F7F2FC09A911A80FF090FBBF
S21402BAB040B111A80FF0F7F930460DAB09AA11A94B
S21402BAC00FF08BFCBDF846300DA943F0040311A815
S21402BAD0ADF846300FF0D5FB102209F10A010DA889
S21402BAE0F1F720F80546002872D1EDF753FC02283C
S21402BAF006D13146FF2009AA0FF091FB00286AD131
S21402BB0034240025EDF746FC022808D19DF8513072
S21402BB101B0704D430460DF10E0112F049F82146F7
S21402BB20304612F06EF810238DF8183004238DF884
S21402BB301A303346002203CBCDF81B00CDF81F1077
S21402BB4006A80B218DF8195010F088FF024638B16E
S21402BB50002D14BF012303233146384603F078F83C
S21402BB60B8F1000F09D0342C07D106A83246394660
S21402BB7015F09AF806A80FF0F8FC17B0BDE8F083A7
S21402BB80234621463046009411AA01F05FFE0028A3
S21402BB903FF472AFAD25C6E7EDF7FCFB012891D165
S21402BBA0104B1B6803F08403842B8BD196E80300AA
S21402BBB002238DF844301023ADF8463012AB83E8EA
S21402BBC003009DF8513043F002038DF8513079E7B7
S21402BBD03324AD2596E7052494E72C46A325A2E751
S21402BBE0AA25A0E7844D00202DE9F04336488DB003
S21402BBF0F8F78CFE15F07CFA344D2B68C41A4FF415
S21402BC007A73B4FBF3F4A4B214B115F071FA286097
S21402BC102F4F4FF6FF763B88DFF8B880ADF80A3034
S21402BC2000233B8000210DF10A0010F072FF05464A
S21402BC3058B9284B1B882BB14FF47A7122487143AE
S21402BC4014F062FF0DB0BDE8F0834FF00009242324
S21402BC504A462946CDF8009003A815F02FFCBDF8F9
S21402BC601A30A34294BFDB1A1B1B9BB2ADF81A30E4
S21402BC70CBB911F078F8BDF8183003F0400318433A
S21402BC8080B218B9322103A80FF069F8BDF818304F
S21402BC901B0602D508980FF06FFAB8F80030013B81
S21402BCA0A8F80030BEE79E4228BF1E4601234A4639
S21402BCB02946009303A8242315F000FC4A46294689
S21402BCC0384615F064FBADE7904C0020185C002067
S21402BCD01663002014630020F0B50446304A8DB087
S21402BCE01068516801AB03C3A378012B54D1162206
S21402BCF000210DF11A00F0F7C9FBD4F82110D4F890
S21402BD001D0003AB03C32388190644BF626808926A
S21402BD10DA050BD5221D08AE04F114073546106865
S21402BD205168083203C5BA422E46F7D1ADF818302C
S21402BD3013F0040318BFA3690593EDF749FB00232C
S21402BD40ADF81A008DF81C3011F00DF8E0B906A90E
S21402BD5003A811F02DFF0022242103A810F07EFE76
S21402BD600446D8B10020FFF73FFF002221460D48C7
S21402BD7015F00DFB0C4A0020138801331380FFF7E1
S21402BD8033FF00200DB0F0BD082201A903A8F0F78A
S21402BD90C9FE0028DFD0DAE70220F3E71920F1E730
S21402BDA03A3C04001663002014630020F7B50446EC
S21402BDB000200E46FFF718FF104B1B88A34202D83E
S21402BDC0212003B0F0BD00210D4815F0DAFA002557
S21402BDD001460B4F0029F3D0A54208D100242423A4
S21402BDE022463046009415F069FB2046E9E73846BD
S21402BDF015F0EBFA01350146ECE700BF14630020AC
S21402BE00166300200148F8F791BA00BF16630020B7
S21402BE10014B1888704700BF1463002030B5154ADE
S21402BE208DB051680546106801AB03C307A80FF032
S21402BE303AF8DDE90101032308AC84E803008DF833
S21402BE401C309DF8293003A943F0020307A88DF899
S21402BE5029300FF0BDF910B12D200DB030BD2346AC
S21402BE602868696803C303A907A80FF096F9002893
S21402BE70F3D0F1E73A3C040070B50C4611460E4A80
S21402BE8023781278064613F0200542EA030222704F
S21402BE9018BF611D0822F0F74BFB002D0CBF0520D2
S21402BEA00D20D4F80130B3602378337303F01803FF
S21402BEB0082B08BF013070BDB0690020042307B507
S21402BEC001200DEB0301054AF8F79AFD019B044A8F
S21402BED01B03136003B05DF804FB00BF63E51100AB
S21402BEE0744D002010B5064C2368C3F30B0313B938
S21402BEF00448E2F74FF92068431C236010BD00BFD8
S21402BF00744D002063E51100014B1868704700BFAE
S21402BF10744D002007B50020054B064A186004231E
S21402BF200DEB03010190F8F76BFD03B05DF804FB1F
S21402BF30744D002063E511007FB511230A4A0120E3
S21402BF4001A9F8F75DFD094B9DF814201A70084BFD
S21402BF501B780BB1052B05D10EF048FE012007B069
S21402BF605DF804FB0020FAE779EB0100AF690020D8
S21402BF70B06900202DE9F04F0646CBB0884600880F
S21402BF800121174614F00CFD2E4B3A463188ADF8C7
S21402BF90160006A811F0C8FE0DF1280B5A464146B7
S21402BFA0C419308811F04AFEE4B208EB0003A3423B
S21402BFB008BF044605464FF004091CBFA4EB08045C
S21402BFC0E4B223465A460121CDE900090BEB050AE5
S21402BFD0CDF808B02D1B06A8EDF746FEEDB20BEB2A
S21402BFE004030093019523465A464146308811F0D1
S21402BFF053FE34883946204608F084FC394600F061
S21402C000F802204608F092FC0121308814F0C8FCA1
S21402C01001234A46514680B10DF11600F8F7CAFBD5
S21402C02001210446BDF81620308814F0CDFCB4FA7F
S21402C03084F040094BB0BDE8F08F3046F8F7BAFB03
S21402C0400446F4E7376A00202DE9F04FC9B00446EB
S21402C05088469246C118224A04A81F46FFF70CFFDC
S21402C0604FF00409C519EDB208AB0293A5EB0A0B13
S21402C070A8EB0A035FFA8BFBA8EB0506DBB2F6B267
S21402C08004EB0A02009301215B46CDF8049004A853
S21402C090EDF7EAFD06F590730DEB03025A44A2F59E
S21402C0A08072136808A844F80830E35D324623F02D
S21402C0B00703E3552C442146F0F778FB08ABCDE99D
S21402C0C0019308AA00230121009604A8EDF7CCFDEF
S21402C0D03246204608A9F0F769FB49B0BDE8F08F62
S21402C0E0376A0020F8B5064612F0EAFE811C0546BD
S21402C0F089B2304612F0C2FDF0B1EDB129463046A3
S21402C10008F000FC1228074616D80C4B691C1C5C6B
S21402C11089B2304608F0F6FB2C44052FE4B205D16E
S21402C120052809D8064B1B5C1C44E4B2214630465F
S21402C130BDE8F84012F0A2BD0020F8BD620005007E
S21402C1405C000500F8B5054612F0C5FD0446284613
S21402C15010F069FCA11C074689B2284612F08EFD33
S21402C16000283ED0002C3CD02146284608F0CAFBC8
S21402C1700646611C284689B208F0C4FB0F2E30D84A
S21402C180194B9B5DE118731E89B2092B0ED8DFE8A6
S21402C19003F009050D0D120D0D181E1EC40644BF30
S21402C1A0083189B2820601D5083189B22846BDE82F
S21402C1B0F84012F063BD7B78DB0612D501EB400136
S21402C1C0F3E700F01F0000EB40000144EDE71F28F4
S21402C1D005D8092E0ABF4000022080B2F5E7C8281B
S21402C1E0E4D00020F8BD00BF75000500F8B506468D
S21402C1F010F019FC09220021054614F0D9FA00F1C4
S21402C2001004284615F059F8E4B20746214630468F
S21402C21008F078FB0546304614F0A6FBBA05A0EBFC
S21402C2200403DBB20AD47C2D0AD0082D0AD8064AAB
S21402C230505D98428CBF00200120F8BD1220F8E71E
S21402C2400320F6E7FF20F4E786000500014B187886
S21402C250704700BF4F74002038B5114B04461B7858
S21402C26008469BB9012038BDA24205F101050FD14F
S21402C27003EBC1035B6898470028F3D11E202246D1
S21402C2804FF6FF7114F0E2FF0020ECE70025054BA5
S21402C290E9B213F83120002AE6D11446EEE700BFD1
S21402C2A04F7400202C0005004FF6FF7307B50222DC
S21402C2B00DF106010348ADF80630E1F7A7FF03B01B
S21402C2C05DF804FB603202E0002307B5ADF80430E7
S21402C2D0134B984221D10B88DA0703D5232003B0EB
S21402C2E05DF804FB9B0748BF4FF47F434FF0020202
S21402C2F00C480DF1060148BFADF80430E1F75AFFCD
S21402C3004FF6FF73BDF806209A42E7D1022205488F
S21402C31001A9E1F77BFF0020E1E72120DFE700BF6C
S21402C3201FD1BACA603202E0002313B5022203808C
S21402C33004460DF106010F48E1F73CFF2D2801D017
S21402C340112805D14FF6FF73ADF80630FFF7ACFFA4
S21402C3509DF80630BDF806201BB1238843F0010382
S21402C36023800020FF2A82BF238843F00203238013
S21402C37002B010BD603202E0034B1B78002B14BFE4
S21402C380442056200E307047B06900202DE9F04F49
S21402C3908DB0179C06468946CDE90223BDF8587033
S21402C3A0D588ADF816103CB9EC0605D500970EF008
S21402C3B071FD0DB0BDE8F08FC5F380242B054FEA62
S21402C3C0043448BF44F40064A80511D544F0800440
S21402C3D00A2E00F26981DFE816F09A002F00170095
S21402C3E0370067016701370010009A0037009E0089
S21402C3F0E90548BF44F04004EAE74FF001084FF071
S21402C400020B4FF0000A14E008A95FFA89F011F057
S21402C410D8FEDDF82500DDF8291006AB03C3A44BD1
S21402C42033F81930ADF816304FF00008C3460DF158
S21402C430180A002F5DD125E006AA0DF116015FFA53
S21402C44089F003F003FCEFE74FF6F773994540F2E5
S21402C4502B8115F4026F40F02781964B1B78022B36
S21402C46003D0043B012B00F2218147BB032E4FF081
S21402C47001080CBF4FF00C0B4FF0080BBA4624F421
S21402C480C074A4B28C4B18884FF6FF73984206D03D
S21402C4908A49F8F78FFF10B124F48054A4B2039BA4
S21402C4A038460093BDF81620534644F4027108F04D
S21402C4B051FAADF82000002838D1192079E738461D
S21402C4C014F052FA0246FFF757FF032E08BF013850
S21402C4D0824201DD38206CE7032E4FF001080CBFC4
S21402C4E04FF00C0B4FF0080B4FF0000A24F4C07408
S21402C4F0A4B2029B1B889BB91A46394606200093B3
S21402C5000CF01FFB0028BDD140F6014051E74FF06A
S21402C5100008C34675E74FF001084FF0030B70E7BB
S21402C520002339461A4607200093E9E74FF6FF73C1
S21402C530614A118899421CD010F075FA03465E4A89
S21402C54004301188039314F0BAFE5D49039B097800
S21402C55014F4805FD9715949574A1FBF086898601A
S21402C5604868D8604FF6FF7313804FF0FF330B60B6
S21402C5704B605946029A08A808F0A8FA00289CD0F0
S21402C580504C2378002B3CD1A7B1384614F0ECF976
S21402C5900746BDF8200014F0E7F923780744002B7D
S21402C5A014BF12220022EB1003F0040317443B448C
S21402C5B0842B8FDC15F400570AD0BDF820402046A5
S21402C5C010F024F940F4806189B2204610F009F98F
S21402C5D0A6F10803012B05D801221021BDF8200080
S21402C5E010F005F9179BBDF8204043B32046BDF86E
S21402C5F0161010F04FF9BDF82030179A002013805D
S21402C600D7E6AA06C0D56B0103F020030A2E14BF94
S21402C61043F0010363F07E03DBB2B8F1000F08D0EB
S21402C62000215246009108A800F086FE0028ABD0F2
S21402C630BFE61A46514608A811F0A1FCF6E72046C6
S21402C64012F049FB179B02462146042000930CF089
S21402C65078FA00283FF458AF0A2E18D84FF4D96358
S21402C660F340DB0713D5072E0AD00A2E08D0BDF8F2
S21402C670200010F097FF80F00100C0B2800098E61C
S21402C68008A80EF08FFF0028F1D0042091E617B11B
S21402C69025F04005ADB22B463146BDF820005FFAC4
S21402C6A089F201F01BFF84E6012082E6162080E66E
S21402C6B0FA5F0020B4690020B67300205074002090
S21402C6C0726A0020B0690020F7B50F469DF8281060
S21402C6D00446DDE90B061D46F1B94FF6FF739C4290
S21402C6E01CBF174B1C804FF000041CBF154B1A7062
S21402C6F0BDF8240008F080FA00232A46CDE900435C
S21402C700394606209DF82030FFF740FE10B90EB1DC
S21402C710AB7A337003B0F0BD78B14FF6FF739C422C
S21402C7201FBF074B1C80074B1A70002210F096F9A9
S21402C73004460028DCD11920ECE72120EAE700BFF6
S21402C740B6730020726A00202DE9F04788469DF8ED
S21402C7502810074616461D469DF820A0BDF82490D0
S21402C7600B9839B158B3002210F078F9044610B984
S21402C770192025E00C464FF6FF739D421FBF114B52
S21402C7801D80114B83F800A04FF6F7739E4208D81F
S21402C7900E4B4FF6FD761A784FF6FF73002A18BF37
S21402C7A01E46484608F028FA00233A46CDE90843D2
S21402C7B031464346BDE8F0470320FFF7E7BD212098
S21402C7C0BDE8F087B6730020726A00205369002025
S21402C7D02DE9F04786B09DF838600546DDE90FA8DA
S21402C7E00C4617469946B6BB374B1B78022B1DD113
S21402C7F025BB4FF6F7739C4214D80026484608F02D
S21402C800FBF900233A46CDE900632146FF2328467A
S21402C810FFF7BCFD38B9B8F1000F04D0BB7A88F830
S21402C820003000E0012006B0BDE8F087043B012B93
S21402C830DED908460EF0B3FE10B31DB3022D31D179
S21402C840ECF796FDA042EDD9204B33F814204FF6B4
S21402C850FD739A4219E0BAF1000F32D01A4B1B78D8
S21402C860022B05D1FFF788FDB042E6D23820DAE780
S21402C870043B012BF6D908460EF091FE0028F1D1B2
S21402C8801620D0E74FF6F7739C42CBD8002EB4D0D2
S21402C89031460022504610F0E1F806460028ADD197
S21402C8A01920C0E7012DBDD104AA0DF10E01E0B298
S21402C8B003F0CCF9064B1B78A342B3D9BDF80E2081
S21402C8C0C5E72120AFE700BFB4690020FA5F002069
S21402C8D01B74002030B5104B87B005460C4618680E
S21402C8E0596803AA03C298680C4910609A88DB88C4
S21402C8F052BA23F04003ADF812300023CDE90043CC
S21402C900ADF81020FF23098803AA0720ADF80E50C1
S21402C910FFF73CFD07B030BD226300202E630020E7
S21402C92038B50C461146124A124D108022682A600B
S21402C93062686A60A268AA60E288500616D5EA882B
S21402C940520613D561B10022184610F087F8014648
S21402C95050B16088FFF7BEFF0522074B1A7038BD3C
S21402C960084612F0F9F8F2E71920F5E70220F6E792
S21402C9702E63002022630020836A00202DE9F04FF8
S21402C980074689B0104615461C468A4612F0A3F999
S21402C9900146284607F0B6FF0646284610F043F83A
S21402C9A0043014F08AFC804610F0DDF9804550D041
S21402C9B0B2074ED1DFF8AC80284605A9B8F800B019
S21402C9C012F08FFA9DF81930A8F8007003BBBDF874
S21402C9D01430EBB9284610F026F8023014F06DFC3D
S21402C9E04FF6F773984294BF4FF000094FF00109D3
S21402C9F001230134E4B22A463846CDF8009005A950
S21402CA00039303F0C5FE039B40B901339C421ED23A
S21402CA100020A8F800B009B0BDE8F08F022CF8D1CB
S21402CA20012BF6D10C4A0D4BA3F800A01378591C23
S21402CA3011700B4A7F3B16F00C01137007D1BDF83C
S21402CA401A305B0603D5BDF81600FFF743FF022334
S21402CA50D1E70020DFE700BFB2690020B6730020EE
S21402CA60726A00202E6300202DE9F04FABB00F460D
S21402CA70ADF81E000FF0D7FF00F1020A0646504638
S21402CA8014F01BFCBDF81E400546204612F023F9A2
S21402CA900146204607F036FF814600F00308301DA7
S21402CAA014F00BFC434C208010F05DF9A8422DD008
S21402CAB04FF6F7739D4229D87378DA0726D42846AC
S21402CAC011F0D9FC30B101232946BDF81E2020887A
S21402CAD0FFF754FF10F047F9364B1B8883420FD1FD
S21402CAE0BDF81E40204612F0F6F80146204607F032
S21402CAF009FF10F00C0103D1BDF81E0001F0ACFDD9
S21402CB0000222D4B1A602BB0BDE8F08F2B49BDF8E2
S21402CB101E0012F0E6F92A49BDF81E0012F025F9A9
S21402CB200028274B08BF0023234ABDF81E001360C7
S21402CB300FF005FF234B1870BDF81E000FF004FF20
S21402CB40214B1870BDF81E000FF009FF1F4B18602E
S21402CB5000238DF82230002F3ED0184BDB889B0630
S21402CB603AD510F000F910B3194B1B689D071ED476
S21402CB70B8F1010F14BF082318230DF12202009208
S21402CB8000220DF11E00114600F0D6FB20B3B8F1CC
S21402CB90010F9FD10F4B1B78112B9BD111F08EFAF0
S21402CBA0002897D140F61D40F9F7E2FF92E70823E6
S21402CBB0E3E700BF2E630020205C002022630020F3
S21402CBC06A6A0020646A0020636A00200C5C002007
S21402CBD0844D0020B4690020504614F06EFB824655
S21402CBE0BDF81E0013F0C0FEA0F11005EDB22A46F5
S21402CBF031460AA8EFF7DAFDFF238DF82F304FF6FD
S21402CC00F7739A4540F2DF80B8F1010F00F0E78033
S21402CC10B8F1020F00F04681B8F1000F7FF45AAF68
S21402CC20A44DBDF81E00EB88ADF8240004930FF067
S21402CC30FAFEBDF824600746304612F04CF801466C
S21402CC40304607F05FFE8DF82300B81C7E7814F09D
S21402CC5034FB074610F087F806F00106B4F8009099
S21402CC6003906C88002E7FF435AF4FF6F77A424673
S21402CC70494657458CBF0620082014F0E7FABDF84F
S21402CC8024B0584612F027F8594602464346042076
S21402CC90CDF800800BF032FF574583460AD8B5F927
S21402CCA00620EB88002A05DB580603D541462046B7
S21402CCB0FFF710FEBBF1000F3FF40CAF2B88002BE2
S21402CCC05AD16B79002B57D14FF6F7730DF1260127
S21402CCD09F42BDF8240094BF4FF0000B4FF0010BAB
S21402CCE011F0CEFADFF8D8A100F1FF38BAF800301A
S21402CCF01FFA88F10593EB88BDF82600069307F025
S21402CD0001FE069B04990190009322465B46059815
S21402CD10C1F340110EF050FC00283FF4DBAE0423B2
S21402CD2006200093BDF82610624B5FFA88F20BF0DD
S21402CD30E5FE00283FF4CEAE48F202036A889A4225
S21402CD4005D1BDF82410BAF8000000F08DFF594D49
S21402CD5009AA29460DF123000EF02CFC03460028F2
S21402CD607FF4B8AE2104BAF80000BDF8242060D5DE
S21402CD702346294611F099FA9DF823304D4D03F0CB
S21402CD800C030C2B75D1288911F05AFA00283FF4AF
S21402CD90A1AE039B002029894B4514BF0226032619
S21402CDA002F02CFE444B18704FF6F7739F42BDF804
S21402CDB0240075D8A4F138025342534132463D4905
S21402CDC004F066FC86E6B8F1020F6BD0394BB3F975
S21402CDD00630002B26DAB8F1010F7FF41DAF0FF0F4
S21402CDE0C2FF238883423FF475AE0520BDF81E10AD
S21402CDF0FFF732FA00283FF46DAE2E4AD3885B0660
S21402CE0007D50023CDE900330A20FF232188FFF748
S21402CE10BDFA3A469DF822302188BDF81E0002F07F
S21402CE2023F957E629460AA800F070F80028D2D05F
S21402CE3050E60221DFF88C8088F800102946CDF8EB
S21402CE4000B003F0A5FC132C96D0EB885D0493D4B7
S21402CE501A4B1B78D80703D598F80020022A8BD0E5
S21402CE6099077FF537AE98F80030012B7FF432AE83
S21402CE7082E700222B79124800936B7911460088CC
S21402CE8002F0E4FD0C4B18709DF8233003F00C03FF
S21402CE90082B89D1039B4B4514BF0426052683E73E
S21402CEA001238BE74846BDF81E20024901F048FBE5
S21402CEB010E600BF22630020826A00205569002027
S21402CEC02E630020736A002010B5002108480FF078
S21402CED020FE044650B101460420FFF7BDF928B1F2
S21402CEE02046BDE810400121FFF7BEBD10BD00BFC1
S21402CEF012630020034BFF211A7803489200EFF7D3
S21402CF00C5BA00BF1C740020AC49002070B5451895
S21402CF1004464FF0FF31AC4212D1104B10481A783B
S21402CF2005460023934211DB0E4C2078431CB3FBCC
S21402CF30F2F602FB163345F82010237000200CE0B0
S21402CF4014F8010BE0F7B6FA0146E4E750F8044B92
S21402CF50A14201D00133E5E7012070BD1C74002018
S21402CF60AC490020746A0020042307B501200DEBAB
S21402CF700301054AF7F744FD019B044A1B031360AD
S21402CF8003B05DF804FB00BF23E111001C5C002027
S21402CF90014B1868704700BF1C5C0020014B1868E4
S21402CFA0704700BF1C5C002010B5064C2368C3F314
S21402CFB00B0313B90448E1F7EDF82068431C23601D
S21402CFC010BD00BF1C5C002023E111002DE9F04FCC
S21402CFD093B003930023DDE91C79069399F8003099
S21402CFE083460DA804930E4615460DF05CFF99F88D
S21402CFF0003013F003043ED0039B0DF1250A8DF892
S21402D00024300022082138460FF03FFE002870D058
S21402D01028880FF008FD99F800301C074CBF043032
S21402D020023014F04AF907A98046F7F7D7FE9DF8B2
S21402D03024300446980633D5288806F10D0111F0EF
S21402D0401DFEA8B100230093384608232988721DC6
S21402D05014F034FA99F8003003F01803182B4AD16A
S21402D060B8F1000F47D0A94BB3F86830434542D019
S21402D07040F60A4327E02888711D11F0FFFD0028BC
S21402D080F6D0009405233246298809A814F016FA29
S21402D0909DF824300DF1240A03F018030393B0E739
S21402D0A014BB39464046F8F785F90028D2D099F8DD
S21402D0B000309907DCD0402322462146404611F034
S21402D0C0A2F940F6094399F8002012F0030440F052
S21402D0D0F780288803930FF009FC224601461A209F
S21402D0E014F0B4F8039BEBE007AB03CB386079602F
S21402D0F0B0E74FF6FF780EF040FA044620B104215E
S21402D1003846F7F793FE04461E9B002B5AD0092397
S21402D1101E990DA88DF834300EF03FF8209B0BB107
S21402D120209B0693039B002B40F08E800DA8ECF705
S21402D130FDFD99F800309A0700F09880FFF734FF5B
S21402D1405146024601200EF064FA99F800309B0719
S21402D15010D55946288811F08AFE0BF1090350FAB9
S21402D16083F35FFA83FB5946288811F057FE00EBDB
S21402D1700B06F6B299F8003013F0C20F0AF1040358
S21402D1800DD09DF82420624942F020028DF824201A
S21402D1900A68CAF804204A685A600AF10C03012297
S21402D1A009A800921B1A324629889BB214F086F907
S21402D1B0324659462846FEF7DDFE002800F0A480D7
S21402D1C000237DE01F9B5BB19E460DF1340CBEE84A
S21402D1D00F00ACE80F00DEF80030CCF800309DE718
S21402D1E0049B594603F020032888049307F08AFB21
S21402D1F010F0030F0CBF012300230593049B059A2E
S21402D200003B18BF012342EA430300930DAA06AB74
S21402D21038461F9900F01AFB049A034682B100288A
S21402D22080D0059B0DAA0093384606AB1F9900F0E6
S21402D2300DFB034699F8002022F0200289F8002010
S21402D240002B3FF46FAF3EE7039B102B06D1BDF8D1
S21402D250363043F00103ADF8363067E7039B182BF0
S21402D2604FD1BDF8363043F00203F4E701200DF14A
S21402D27025010EF0DCF999F80030824613F0040F0F
S21402D280288821D1069B1BB3002C35D00FF02EFB2D
S21402D29000220146162013F0D9FF84B17FB14FF663
S21402D2A0FF7398450BD000230DA91A4638460EF098
S21402D2B094F8394640469DF835200EF076F901235B
S21402D2C0184613B0BDE8F08F002CDFD1104F01E0F6
S21402D2D0002CDBD100233246009359463B4610F021
S21402D2E04EFD00283FF4C4AE002C3FF469AF069A08
S21402D2F00AF10103136063E71B685345C6D801248D
S21402D300E8E740F60A43DBE71923D9E7045B002087
S21402D310376A0020002307B5054A06481360042230
S21402D3200DEB02010193E0F771FF03B05DF804FB19
S21402D3301C5C002023E111002DE9F04F0446B1B039
S21402D34000888DF82F3016468A4611F0C4FC014636
S21402D3508146208811F062FD00EB0908208811F052
S21402D360AFFD00239DF82F505FFA88F815F00107ED
S21402D3700790ADF8363008D101460DF13602208806
S21402D38011F036FC08B1ADF8367016B9CDE90E6666
S21402D3900EAEFEF73BFB18B145F020058DF82F5078
S21402D3A00023CDE9033302930DF12F03CDE9006389
S21402D3B02246534641464846FFF708FE05460028E1
S21402D3C000F0CA809DF82F3013F0010747D123F0F2
S21402D3D020038DF82F300FF0C6FC68B17C4A10ABE4
S21402D3E01068516803C3184600F002FA0546FEF7B5
S21402D3F00FFDBBB298423BD83A9B13B100233A9A30
S21402D4001370BDF83630CBB10121208813F0C8FA6C
S21402D41027880546002800F0CA800121384613F006
S21402D420BFFABDF836700546384613F09DFA00235B
S21402D43000903A461946284611F05DFB0023CDE9D6
S21402D440033302930DF12F03CDE9006322465346C0
S21402D45041464846FFF7BAFD054600287CD00FF045
S21402D46082FC002840F0BA80284631B0BDE8F08F32
S21402D47018AB14AA26A9F8B20EF004F8002840F059
S21402D4809480082210A927A8EFF74CFB8346ADB17B
S21402D4909DF8A53013F0020F08930FD0082212A9A8
S21402D4A027A8EFF73FFB48B9089B590706D53A9BD2
S21402D4B013B101233A9A1370089507E03A9B002BA2
S21402D4C061D1BBF1000F70D1002308930DF1740CEB
S21402D4D014AB0FCB8CE80F00BDF83630CBB1012170
S21402D4E0208813F05DFAB4F800B000284FD001216E
S21402D4F0584613F055FABDF8362083461046099270
S21402D50013F032FA00231946099A0090584611F091
S21402D510F2FA304B0DF1740B0493002303930DF1D2
S21402D5202F03CDE900632246534641464846CDF8CE
S21402D53008B0FFF74BFD002837D1002D33D012AAD2
S21402D5405B464FF482714FF4005000F0D9F8089B06
S21402D55013B126A80DF0A2FD0FF005FC88B11E4BF4
S21402D5601B689A070DD4FEF751FA50B1184A18AB49
S21402D5701068516803C3002226A918A810F0DCFA26
S21402D58000BB002570E700233A9A137099E7BDF8AE
S21402D59036200A901046099213F0E6F9DDE90923CF
S21402D5A007990090B2E72A46CAE701371FE7BDF897
S21402D5B036B0584613F0D8F92B4600905A463846ED
S21402D5C0079939E726A918A810F0F2FAD3E700BFA0
S21402D5D03A3C0400804D0020844D00209DF82F30F8
S21402D5E003F01103102B7FF43FAF3E4B1B78432B07
S21402D5F07FF43AAF3C4B1B685B067FF535AF20885D
S21402D60008F1050111F03AFB834600283FF42CAFDF
S21402D6104146208807F076F9344B10F0200F08BFF9
S21402D6201E4612A800F0E4F80822314612A8EFF7C8
S21402D63079FA002852D0314612A80DF077FF01235E
S21402D64026AE00933246002314A912A800F0FEF874
S21402D65000287FF409AF12AB0DF12F07CDE9036066
S21402D6600290009322465346414648460197FFF7EA
S21402D670ADFCA8B3BDF89A30102043F0080318AAF0
S21402D68014A9ADF89A3010F034FA00287FF4ECAE04
S21402D69012ABCDE90360CDE90170009322465346F2
S21402D6A041464846FFF792FC054600287FF4DCAE6A
S21402D6B018AB4FF49071002012AA00F021F84FF038
S21402D6C00051002010F0AFFCBBF1000F3FF459AF41
S21402D6D04FF08051002010F0A6FC52E78346AEE7DA
S21402D6E014ABE6E7B4690020844D00206E5B002090
S21402D6F001461A230120014AF7F782B924E1010004
S21402D700F0B5164691B0074609A80D461C46FFF727
S21402D710EFFF3EB1336845F04005CDF8263073681A
S21402D720CDF82A301B4B1A6822EA070242EA0501A4
S21402D73019604B040DD5BDF824200B0A03F4E2430E
S21402D740C9B222F4E3420B4322F07F021343ADF840
S21402D75024301A230020104A09A9F7F751F9B4B168
S21402D76004A80DF0A0FB02236A468DF81030154679
S21402D770234604F11006144618685968083303C491
S21402D780B3422246F7D1294604A80DF006FD11B091
S21402D790F0BD00BF844D002024E1010047F2FF10D7
S21402D7A0044B196841F48042014041F480411A60FA
S21402D7B010F039BC844D002000B589B0FEF7BCFBE2
S21402D7C001A8FFF795FF0948BDF804200168130277
S21402D7D021F0FF0103F4E2030B43D2B2134343F4F6
S21402D7E08043036009B05DF804FB00BF844D00204F
S21402D7F010B50C4B0446186888B0830706D54FF060
S21402D800FF3323600120636008B010BD10F04000B3
S21402D810FAD001A8FFF76CFFDDF806302360DDF8CA
S21402D8200A30EFE7844D002008B5074B02461B6816
S21402D83013F0400305D118461946FFF761FF012091
S21402D84008BD0020FCE700BF844D00202DE9F0470C
S21402D8509EB080460C461D4691469DF898A0A2B101
S21402D860164630460DF01FFB1AF0020F0FD004B911
S21402D87017AC22463146404601AB0DF0E1FD0DB134
S21402D88000232B601EB0BDE8F0870DAEE9E701ABC2
S21402D8903146404605AA0DF0A0FD73780AF0010A4B
S21402D8A0FF2B26D0002840F0B68054B105AA09AF57
S21402D8B0134603CBBB42206061601A4604F108049B
S21402D8C0F6D125B17278554B03EB82032B60BAF181
S21402D8D0000F01D10020D5E7BDF80430D906F9D4EF
S21402D8E018204FF6FF71727813F0B0FC40F60E4027
S21402D8F0C8E74B4F3DB10FF036FA10B13B689A07B6
S21402D9002BD500232B603B6803F03003102B01D08D
S21402D910202B24D117A8FFF7EBFE082240460DF174
S21402D9205E01EFF7FFF820B13B6803F04403402B9B
S21402D93015D0BAF1000F15D109A810F078FB022312
S21402D9403370002C4CD1B9F1000FC3D00FF00BFA94
S21402D95060B3301DFFF74CFFBCE7324BD2E740F610
S21402D9600A408FE73B68DB03E6D509A810F05FFBA9
S21402D9700223337074BBB9F1000FB1D00FF0F3F984
S21402D980F0B1301DFFF734FFAAE73B6803F08403CB
S21402D990842B2CD009AB0DAF1A4603CABA422060BC
S21402D9A06160134604F10804F6D105E025463B689B
S21402D9B003F08403842B28D0301DFFF719FF26E0DE
S21402D9C03B68012503F08403F4E73B68012503F076
S21402D9D08403DDE70FF0C7F90028F6D00125D9E762
S21402D9E00FF0C1F905460028CFD00025D2E712A8CD
S21402D9F00DF059FA022312A88DF84830ECF796F982
S21402DA00224608214046ECF7E9F810237380002DE1
S21402DA103FF460AF64E72D2034E700BF08490020DA
S21402DA20844D0020804D002049B9084B197849B131
S21402DA304EF66023594328B1054813F065B841F203
S21402DA408831F8E70248F6F761BF00BF5469002044
S21402DA50D04C002070B586B005460FF084F910B998
S21402DA60022006B070BDF7F745F80028F8D001A8E6
S21402DA70FFF7BEFE06460028F2D08DB92E4B1C6874
S21402DA8014F0020406D02D4B1B78112BE8D12C4B38
S21402DA90B3F868404FF481630221ADF80C3023E0FE
S21402DAA02846F7F70FFD0028DAD1234B1C6814F03E
S21402DAB0020406D0214B1B78112BD1D1204BB3F890
S21402DAC068400822294601A8EFF72CF80028E1D082
S21402DAD04FF4027300260A21ADF80C302B68CDF8FD
S21402DAE00E306B68CDF81230002203A80EF0B6FF97
S21402DAF0024608B91920B4E70F4B196801F0300343
S21402DB00102B17D0202B14BF01230323490001F04A
S21402DB1004010B432046002101F09AF80028E9D0C0
S21402DB2000210120FFF780FF16B10122054B1A7073
S21402DB30002096E70323E9E7844D0020B46900201D
S21402DB40045B0020696A002030B5002585B0CDE967
S21402DB500055F6F7DBFE0FF006F91E4C60B905F02D
S21402DB60AFFF0D25002108462170FFF75DFF29460D
S21402DB7068460DF0F4F818E023784BB316491748B8
S21402DB800A780078904223D90132012B0A700ED10E
S21402DB902A464FF4A071284602F012FDC0B2B8B968
S21402DBA041F288310E4812F0AFFF05B030BD022BAD
S21402DBB009D1284602A9F7F7FDFB0028EED102A8F4
S21402DBC0FFF748FFEAE7032B02D101F0FBF9E5E78E
S21402DBD00425C7E7756A0020766A0020587400207C
S21402DBE0D04C002070B51B4A1B4D04465168106885
S21402DBF086B02E7801AB03C31EB10224204606B0BF
S21402DC0070BDF6F7CFFF0228F7D10FF0ACF8002868
S21402DC10F3D003A800F03AFE082201A90DF10E0087
S21402DC20EEF780FFA0B10D4B32464FF4A07130469E
S21402DC301C7002F0C5FC04460028DFD10123084A06
S21402DC4041F2883107482B70137012F05DFFD5E75A
S21402DC502324D3E78F000500756A0020587400203D
S21402DC60766A0020D04C0020F0B50C4600219BB00E
S21402DC702B4F0646492207A80691EEF707FC3B788B
S21402DC80012B34D19EBB0DF10E01204610F0F8FA9E
S21402DC900546BDF80E0012F067FE441BE4B2BDF85E
S21402DCA00E1023462A46009606A813F007FC3046B6
S21402DCB004A9F7F77FFBD0B9CCB19DF81920B2B909
S21402DCC0BDF8233003F47E43B3F5285F1ED3B3F5C5
S21402DCD0385F0ED31349BDF80E000B6843F40003F9
S21402DCE00B6029460DF03CFC18B104233B701BB0B8
S21402DCF0F0BD01220C4B04A81A70FFF7ABFE41F2EE
S21402DD0088310A4812F000FF0223EFE711463A7004
S21402DD10FFF78AFE1E2104A80DF021F8E7E700BFF0
S21402DD20756A0020844D0020766A0020D04C0020C0
S21402DD30014B1870704700BF766A0020014B1878B6
S21402DD40704700BF756A0020014B1870704700BF0D
S21402DD50756A00202DE9F04F0446408891B00E29DE
S21402DD608846ADF81A0079D094F80890A7790EF094
S21402DD705AFE09A90546BDF81A00E67911F0B1F86F
S21402DD80BDF81A000EF042FD420542BFBDF82A3029
S21402DD9043F40053ADF82A30E379DB0642BFBDF800
S21402DDA02A3043F48053ADF82A30BDF82A3098065C
S21402DDB013D5022F57D10CA9207A10F002FADDF8FB
S21402DDC03500DDF8391007AB03C307AA0021042388
S21402DDD000910DF11A00FFF7AFFA0121BDF81A0003
S21402DDE012F0DEFD022F824649D1474B33F8195016
S21402DDF0B8F1000F7ED0BDF82A2051067AD54FF62C
S21402DE00FB739D4276D8414B1B78033B012B04D80B
S21402DE103F4BB3F86830AB426CD0D30502D52846E8
S21402DE2010F0B1FBBDF82A30D80463D5002F33D1E9
S21402DE30BDF81A000EF0EAFCC10663D548F23403B8
S21402DE40BDF826209A4209D1324E3078FF2805D0F6
S21402DE5003222946FBF782FBFF233370002323604D
S21402DE6011B0BDE8F08F012F01BF237A2A4A03EBD7
S21402DE70430302EB830314BF00229A1CA6E7012F7A
S21402DE8005D10C2303FB09F3234AD55AB0E7A81C95
S21402DE9013F013FA0546ABE7284601F0F7FEBDF885
S21402DEA01A000EF0B3FCC206C8D463895046059326
S21402DEB012F05AFD8346504612F03AFD059B029038
S21402DEC05FFA8BF04A46394601900093404609AB0A
S21402DED00CF0DDFEB8F1000F14BF0B20092016F07F
S21402DEE0030218BF02F1FF32294618BFD2B213F05E
S21402DEF0ADF9A3E7BDF81A000EF088FCC3069DD460
S21402DF00002FD2D1A946D0E7FA5F0020B5690020DB
S21402DF10045B00205C7400203A5F002038B50024C1
S21402DF200F4B104D2A78A24205D8C2B9BDE8384038
S21402DF300D48F6F7EBBC598869B9013AD2B2A2424B
S21402DF402A70EFD0121B184603F110011201EEF7E9
S21402DF50EFFA0346E6E701341033E4B2E2E738BDEF
S21402DF600C490020796A0020D072002070B51A4B46
S21402DF701A4A1D780023DCB2A54200D870BD1446AA
S21402DF8066880133864202F11002F4D1E379A5884D
S21402DF90E16003F040028DB9CAB123F00403E371D5
S21402DFA00EF041FD037803F07F03037021880029F9
S21402DFB0E4D1BDE870400A4812F0A6BD0021658093
S21402DFC0A180002AE9D1BDE87040FFF7A7BF20462E
S21402DFD0FFF7C0FEF7E700BF796A00200C49002071
S21402DFE0D07200202DE9F047044686B040880F46DE
S21402DFF015460EF018FDA3798046082B52D8DFE8A6
S21402E00003F0052E1851515151510500023013F0FC
S21402E01054F9002D4ED06946F7F7CCF9002841D1C5
S21402E020684601F0DDFEB0FA80F0400906B0BDE8B1
S21402E030F08702A9207A10F0C4F86B466E46DDF827
S21402E0400D00DDF81110334A03C3237A32F8139019
S21402E050314AD05C75B1314610F0D7F8E6E7237A3C
S21402E0602E4903EB430301EB830231F82390907AA7
S21402E070961CEFE74FF6FB7AD14515D9304603F0EA
S21402E080ADFF4FF6FF739842054615D0014630465F
S21402E09001F018FE554508D9E379DA060ED440F6A3
S21402E0A02243E3600020C1E74D46294608F10200FC
S21402E0B013F005F90120B9E74D46EDE74FF6FC7877
S21402E0C0454512D103F00C030C2B1CD1DFB13046B0
S21402E0D04FF6FD7101F0F6FD40F61F412046E16065
S21402E0E0FFF738FEFFF71AFFDCE74FF6FD739D4297
S21402E0F009D10023304619461A4602F02DFB414646
S21402E100304601F0DFFDE37943F00C03E37140F69D
S21402E1102343C6E7FA5F0020606900203A5F0020CA
S21402E12073B5044640880E460EF07DFC023013F0AE
S21402E130C4F80DF034FA18B1A11C201D0DF034FA03
S21402E140E6B1E5790135EDB2E57115F0400514D07A
S21402E150EBF708F90122054600212046FFF742FFA9
S21402E16018B1394B1B882B449DB2384B1B78042BB5
S21402E17001BF354B1B885B199DB2258000223146B4
S21402E1802046FFF72FFF20B360880EF04CFCE279A2
S21402E1902F4922F00C03E3710B7805460133DBB2FC
S21402E1A00B70C3712B4BA61C1B780BB3E379980636
S21402E1B01ED52949097871B159060CD592070AD598
S21402E1C000220423114630460092FFF7B5F810B13C
S21402E1D0E06002B070BD0022012311463046009274
S21402E1E0FFF7AAF820B1E37943F00303E371EFE700
S21402E1F030460DF0D7F90028EAD16088FBF77EFD9D
S21402E2000328E6D8DFE800F0020D1D19E37943F093
S21402E2100403E3711B06DCD5104B1A78104B1A70F8
S21402E220D7E740F62443E360E37943F00803E3715B
S21402E2302B7803F07F032B70CBE740F62543E36091
S21402E240C7E740F62643FAE78E730020B56900203A
S21402E250B2690020B0690020597400205869002075
S21402E260786A00202DE9F74F064612F03CFF5F4B16
S21402E2700546B3F8009018805D4BA0EB09041B78A6
S21402E280A4B2A34298BF00234FF000084FF6FF77D0
S21402E29088BF1B1B564A88BFDBB21370DFF864B117
S21402E2A0A9EB00030093534B5FFA88F21978914268
S21402E2B00ED80EB1FFF732FE4FF6FF739F4200F004
S21402E2C08E8039464C4803B0BDE8F04F12F01CBCB5
S21402E2D0BBF80220002A3CD0484B9BF8072018784F
S21402E2E0BBF800A0042818D00020BAF1000F08BF1F
S21402E2F0A2462044504523D2BBF80010009B194486
S21402E300ABF80010002E4ED002F04802482A4AD13E
S21402E31000215846FFF704FF45E00192F6F790FF0A
S21402E32030F01003019ADFD1FAF702FD344B019A5E
S21402E330B3F800C08445D7D9ACEB000080B2D4E76E
S21402E34002F00C00042807D10022ABF800200BF1E3
S21402E350100B08F10108A6E7510602F0030C02F0C2
S21402E36008000ED528B3BCF1030F25D1DEB1DBF8C9
S21402E3700C105846002908BF4FF44261FFF7EAFC2A
S21402E38011E040B3BCF1010F25D11206EED44FF4D2
S21402E390C862ABF800209BF8072022F0030242F086
S21402E3A002028BF80720BBF80020974228BF1746C8
S21402E3B0CDE703208445D9D213060ED50C4B1A7826
S21402E3C00AEB0200844208DA4A44521B0AEB0201B4
S21402E3D0ABF80010E7E70120ECE7012199E70648D1
S21402E3E003B0BDE8F04FF6F791BA00BF18630020FD
S21402E3F0786A0020796A0020D0720020B569002071
S21402E4008E7300200C490020F8B500250A4E0B4FEB
S21402E4103378ECB2A34204D8BDE8F8400848F5F7D2
S21402E42085BF07EB0414A01CF5F780FF201DF5F747
S21402E4307DFF0135ECE700BF796A00200C49002019
S21402E4400E63002070B500240B4D0C4E2B78A342B1
S21402E45008D81B1BDBB22B706BB9BDE870400848AE
S21402E460F6F754BA06EB041040F621410134FFF7E2
S21402E47071FCE4B2EAE770BD796A00200C4900201C
S21402E480D07200202DE9F041002506462F46114C99
S21402E490DFF8448098F80020EBB29A4203D8BDE831
S21402E4A0F041FFF73BBD60880EF0BDFA023012F075
S21402E4B004FFB0420AD16088F8F74AFA00230E2118
S21402E4C01846628803F086F9278067801034013583
S21402E4D0E0E700BF0C490020796A0020F8B5154E27
S21402E4E0DFF858E035789EF800E0134FAE454FEA65
S21402E4F0051C07EB051419D0002503F4835343EAE1
S21402E5001323A1712272E371608027F80C50A58054
S21402E51006F078FB40F60243E3603378608101330D
S21402E52028463370FFF79EFE2846F8BD40F60340A5
S21402E530FBE700BF796A00200C4900201A7400200D
S21402E5402DE9F04F344B0D461C78174685B05CB962
S21402E550B1F90680DFF8C890DFF8C8A0DFF8C8B0C7
S21402E56099F80030A34202D805B0BDE8F08F0AEB56
S21402E5700416B08800B9708801A910F0B2FCAA7A15
S21402E5809DF80E309A4244D1B8F1000F0FDA297A7C
S21402E5909DF80C202B89914209D82048007808441F
S21402E5A0824236DA521A1B0A1341D90731D5384647
S21402E5B010F086FCBDF80A3004469A0602D5EB88AF
S21402E5C09B06D1D5F37903F00C03042B08D170888F
S21402E5D0F8F7BEF9002372881946184603F0FAF8CF
S21402E5E000213046FFF7B6FBFFF798FC384612F0DC
S21402E5F0BBF9844208D2337A01228BF800302946CE
S21402E6000023384603F044F8B8F1000FACDA0024D1
S21402E610A6E70134E4B2A3E7776A00201974002063
S21402E620796A00200C490020826A002008B512F0A0
S21402E6305AFD074B1B88C01A80B2B0F5807F05D9F9
S21402E640BDE808400021034812F05EBA08BD00BFCC
S21402E65018630020D07200202DE9F04788B00446E7
S21402E6600D4610F038FB0146204606F04BF910F036
S21402E670030340F0848010F00C0F06D12946204692
S21402E68008B0BDE8F047FFF771BC20460EF0BEF8B2
S21402E690C10659D4204610F01EFB0146204606F05D
S21402E6A031F9074620460EF0BEF90646023012F051
S21402E6B004FE05A98046204607F00C0796F806A039
S21402E6C010F00FFC73780C2F0CBF032706270121CE
S21402E6D013F0010F204618BF032712F061F92B4BE7
S21402E6E081461B78033B012B1DD9BAF1010F1AD9BB
S21402E6F04FF6F773984502D8337A1F2B13D9301D7D
S21402E70012F0DBFDF17982460EF093FD0646504686
S21402E710F7F726FDDEB173685A1C04D0834340F631
S21402E720284308BF1D461A4B1B88A34212D1B5FACE
S21402E73085F04009FAF7A6FD20460EF095F800226D
S21402E7400146072012F082FD08B0BDE8F08740F6C9
S21402E7502845E8E706F056FA8246484612F004F9DB
S21402E7600646484612F0E4F8F6B2029042463946A9
S21402E7702846CDE900A605AB0CF089FADCE7012BAA
S21402E780E2D110F00C0FDFD178E700BFB5690020A8
S21402E7900E630020002210B5094B1C78094BD1B23B
S21402E7A08C4201D8002010BD197A814202D1997993
S21402E7B0022902D010330132F1E70120F3E700BF4D
S21402E7C0796A00200C4900200146002210B5084B49
S21402E7D01C78084BD0B2844201D8002010BD187AAB
S21402E7E0884202D198790128F8D010330132F1E735
S21402E7F0796A00200C490020002210B40A4B1C78CB
S21402E8000A4BD1B28C4203D85DF8044BFFF786BBA5
S21402E810197A814205D19979012902BF002119800E
S21402E820598010330132ECE7796A00200C49002047
S21402E830044B1B6813F0300F03D0202130200FF05A
S21402E840F2BB7047844D0020002310B504460849E9
S21402E8501A4601EA00414FF07F60FEF751FFE307D8
S21402E86003D5002130200FF0DEFB002010BD00BFD4
S21402E87000007207044B5B8823F4784323F08D0371
S21402E88003800020704700BF844D002008B5002298
S21402E8900346C3F80220C3F806200B4A0230126869
S21402E8A0D1B212F0200F18BF41F010011980930761
S21402E8B001D4FEF79DFF054B1B78023B032B8CBF52
S21402E8C01720002008BD00BF844D0020B469002038
S21402E8D038B505460C46FDF72FFB98B10E4B187857
S21402E8E078B10E4B1B681A040FD58CB113F0420F89
S21402E8F000D17DB103F44073B3F5407F0CBF002016
S21402E900232038BD40F60840FBE740F60B40F8E708
S21402E9102046F6E72320F4E7B0690020844D002065
S21402E920F0B504468DB007A80D4616460CF0BBFAA5
S21402E9301022002103A8EDF7A9FD5CB1234603AC23
S21402E94003F11007224618685968083303C2BB420F
S21402E9501446F7D1012703A986EA070307A88DF80C
S21402E9601C708DF81D300CF009FC80EA070401A823
S21402E970E4B2EBF739FAB6B101A88DF80650EBF718
S21402E9805FFA64B1002303A907A88DF81D300CF0C6
S21402E99004FC0C4B1B78432B01D1F7F7CFFC0A4B38
S21402E9A01D700DB0F0BD01A88DF80750EBF748FAC0
S21402E9B0002CF6D003A907A88DF81D700CF0EDFB0D
S21402E9C0EFE700BFB4690020AF690020F0B501256B
S21402E9D093B007460DA80C460CF065FA05A90DA8DB
S21402E9E0ADF834500CF0F4FB01A8EBF7FDF909A9D9
S21402E9F00DA88DF835509DF806600CF0E9FB0DA8C1
S21402EA009DF807500CF07AFB70BB731BDBB2802BB1
S21402EA1028D91FB1A64225D0A54223D105A90DA803
S21402EA200CF0BBFB03A8EBF7DFF903A88DF80F6029
S21402EA30EBF706FA0122294609A8FFF771FFF7F756
S21402EA4033FD01214FF4007003F0E6FDFDF75CFA9A
S21402EA50B0F1004F01D9FDF75DFA044B18780CF0BF
S21402EA607CF9012013B0F0BD0020FBE7AF6900205F
S21402EA7070B50E46144605460320FFF765F946F0C4
S21402EA800402294620460CF0E2FB0022014B1A60E3
S21402EA9070BD00BF804D0020F0B587B007880546E0
S21402EAA01022002102A8EDF7F1FC3E4B1B78002B4A
S21402EAB076D1BC055ED407F08403842B63D0002293
S21402EAC0394C11461046FFF72BFF17F4045F2760F8
S21402EAD005F102061CD0B9040AD5304605F0A4F9A1
S21402EAE000284ED1236823F4005343F48073236036
S21402EAF030460FF026FB002842D10CF0D0F918B9A8
S21402EB00236843F480332360236843F020032360A2
S21402EB1022680DF1060042F400432360FFF7AAFEC6
S21402EB2012F4805FBDF8063031D043F02003ADF812
S21402EB3006302168334611F0400218BF05F1230261
S21402EB404FF07F60FEF7DCFDBDF80630DA0703D52E
S21402EB50002130200FF067FA23689B0506D50122B4
S21402EB6095F8221005F11200FFF7DAFE00200F4B8F
S21402EB70186006E005F112000FF0E3FA00289AD0BA
S21402EB80292007B0F0BDB80799D52320F9E723F06E
S21402EB902003ADF80630FDF7BDF9FEF7BBFBC8E76C
S21402EBA00220EEE7B4690020844D0020804D00204C
S21402EBB008B5054B1B7833B1FFF73AFEBDE80840AF
S21402EBC00248FEF731BE08BDB0690020376A002051
S21402EBD010B5154B1B78D3B1144B1B78033B012B96
S21402EBE015D900200FF070FD044698B1EAF7EAFB4B
S21402EBF0237913F0300F0AD148B1012803F0CF026F
S21402EC0006D0811E4B424B415B011343237110BD5C
S21402EC101023FAE7F7F7DAF80028F8D0214620465C
S21402EC20BDE8104004F096B8B0690020B56900202F
S21402EC3008B50EF098F8054B18B91868C0F38000AE
S21402EC4008BD1868C0F30050FAE700BF844D0020E4
S21402EC502DE9F04F064689461046002189B0154632
S21402EC60984605F04FFE102807460AD86A4B03411D
S21402EC70DB0706D4C8F340049DB9002009B0BDE8FE
S21402EC80F08F664B1C78002CF6D0FFF7D1FF0028D9
S21402EC900CBF4FF4F0744FF4D074FC4004F001043F
S21402ECA0EAE74FF0000A18F0010F5346524629468B
S21402ECB04FF00500CDF800A00CBF4FF0080B4FF444
S21402ECC0027B09F03EFF0028D7D0C82332460093C5
S21402ECD059465346284605F03DFEADF80E0000287C
S21402ECE0CBD018F0080A4AD14FF6F773A7F10F02F5
S21402ECF0D2B29E428CBF09230123012A01D843F0D7
S21402ED004003474A8DF810301378591C11708DF85D
S21402ED101130002C4FD09DF81030052F43F0200301
S21402ED208DF8103033D03F4B1D78002D5AD04FF659
S21402ED30F77300259E424FF00F0248D9012304A91B
S21402ED400DF10E00F5F736FD002896D1002C4DD1B8
S21402ED50BAF1000133463A4618BF0121BDF80E004B
S21402ED60CDF800900CF025FCADF80E00002884D0FB
S21402ED7018F0040F4DD031460EF02AFC7EE74946C5
S21402ED800DF10E0005F02AF80028ADD175E7012135
S21402ED90BDF80E0011F004FE012105F0B3FD0123BB
S21402EDA0834013F0620F1CD11E4B1B78E3B14FF663
S21402EDB0F7731825BEE71B4B25461B780222002B4D
S21402EDC0BCD04FF6F7739E42B8D8052FB6D0BAF12C
S21402EDD0000FB3D19DF8103043F040038DF8103089
S21402EDE0ACE710250F22A9E71825FBE7BAF1000FBA
S21402EDF00AD002234A46009029460DF10E00FEF77D
S21402EE009BFA0028A4D038E741235246CDF800A04A
S21402EE10F2E70EF0C7FB31E79FFEFEFFB069002067
S21402EE20B1690020A26900202DE9DF431E46144B7B
S21402EE3080461B680F469B0791460A9C1BD42046B9
S21402EE4014B10CF09EFBC0B20622CDE902403B464E
S21402EE500020CDE900890B490FF0BDFE024650B1F5
S21402EE600021002E0CBF01230323084604B0BDE890
S21402EE70D043FFF7EDBE002004B0BDE8D08300BF4C
S21402EE80844D0020A4B304002DE9F04F8DB08146D6
S21402EE908A461F4693469DF85C803AB903A8FEF759
S21402EEA0A7FCB0BB00200DB0BDE8F08F15460022CF
S21402EEB0232110460DF0D2FDADF80A000028F1D04D
S21402EEC011F036FD0523044618F0100F00F8023B39
S21402EED0677020D011220021EDF7D8FA04F113064C
S21402EEE0032F4FF0080237D159463046EDF720FB84
S21402EEF0C8F3801306F1090533720CF03EFB0028B6
S21402EF003ED000232B706B700123033505F8013CBD
S21402EF1036E003ADCBE7012610221699EDF708FB83
S21402EF2006FA07F313F0620F02D104F11206D7E7CE
S21402EF3007A80BF0B8FF05A88DF81C60EAF754FF87
S21402EF409DF8162018F0200F9DF8173008BF1346BC
S21402EF5004F11306A374C3E751463046EDF7E8FA08
S21402EF60012306F10802121B28460093BDF80A1078
S21402EF70082392B212F0A2FA042F06F11005BCD0B2
S21402EF802D1BA9B20DF10A000FF08DFD002889D1C4
S21402EF9018F0040F0BD0484611F0EAFEFF281FBFF8
S21402EFA0074A32F8103023F4804322F810304346E2
S21402EFB051464846BDF80A20FFF74AFE73E700BFEF
S21402EFC0A262002070B5032690B08DF807600DF09F
S21402EFD0CAFE18B90224204610B070BDF5F78AFDA5
S21402EFE00028F7D002AD2846FEF702FC0028F1D032
S21402EFF01B4B1C6814F00204ECD140F20F43194A72
S21402F000ADF82430136804A8CDF826305368CDF83E
S21402F0102A300BF048FF95E8030005AB83E80300AF
S21402F020062304A88DF81D308DF81060EAF77EFEE0
S21402F03001210DF12E020DF10700EAF7CFFD22465F
S21402F0401A2109A80DF00AFD024608B91924C2E7DA
S21402F050012329462046FFF7FBFD0028BBD1F5E732
S21402F060844D0020376A00202DE9F04F06460F46F1
S21402F070002199B01F2210A803930F91EDF706FA0C
S21402F08030460FF028FE0146304605F03BFC8DF870
S21402F0901B0030460DF0C7FC9DF81B3045788146B4
S21402F0A0C5F340059806304648BF45F002050FF006
S21402F0B007FF0446304611F057FC0023001B5FFA98
S21402F0C080FA00935346232B28BF23232246314639
S21402F0D00FA812F0F3F9002840D19E4B9DF83C8011
S21402F0E01B789DF83DB0002B3BD0FFF7A1FD002812
S21402F0F00CBF4FF4F0734FF4D07323FA08F3D9071A
S21402F1002FD5AA072DD4B8F1080F24D1BBF1040FCE
S21402F11024D1FAF797FD08BB012322460093314615
S21402F12005200DF11B0309F0E9FCB8B1A8F10508AA
S21402F130B8F10D0F12D8DFE818F02800A001C701B9
S21402F140EC01F5011100110011001100FB019D02F6
S21402F150A902D702D702B8F1050F08D019B0BDE848
S21402F160F08FB8F1100F05D1039B002BF6D0FAF7FB
S21402F17069FDD1E7FAF766FD0028CDD0B8F1050F94
S21402F180CAD0B8F1110FC7D0E8E7BBF1050FE5D832
S21402F19030460DF0ABFB059009F1020012F08DF837
S21402F1A081460DF11E00FFF765FB01239DF83D70B9
S21402F1B0BB4013F06203039305D0BDF81E309B07D5
S21402F1C001D5AE07CAD50DF0CEFD0028C6D0FAF797
S21402F1D039FD08B9002DC1D00DF13E0A50460EF099
S21402F1E0B0FF039B0490BBB1032F9DF84EB01AD11B
S21402F1F00DF14F040DF0B7FD814540F01781032D48
S21402F200ACD19DF856105246003918BF01210DF1B7
S21402F2104E000CF0DBF9A1E7032FDDF80CB07BD132
S21402F2200DF14E04E6E74C4B1B689C0729D5FF22DE
S21402F23008210DF157000DF028FD804608BB034655
S21402F24001460DF157020220FEF75AFA0DF08BFD29
S21402F25081450DF157060DF14F0422D04FF6F77394
S21402F260994540F2E8800022082120460DF00DFD67
S21402F270002800F0E080002259465046FFF750FB77
S21402F2806CE70DF157060DF14F0430460EF0F3FE13
S21402F290002846D00DF067FD814540F0C8804FF04B
S21402F2A000082046F6F70EF9002800F0C080012F6D
S21402F2B058D0042F7FF452AF0EF000FF10B1032D8A
S21402F2C07FF44CAF049B002B7FF448AF32460221FA
S21402F2D05046FFF7CDFB214B1B7863B1FFF772FE5A
S21402F2E0FEF72CFD022806D10120FEF721FD0121A2
S21402F2F00846FEF799FB1A4B1B78022B1FD10321F7
S21402F30030460BF02CFDFEF719FD014600287FF46F
S21402F31025AFFEF789FB21E70DF156060DF14E04E7
S21402F320B3E70F4B1B78432B7FF418AF012F7FF404
S21402F33015AF0DF018FD814579D1B846B1E7412BDE
S21402F3407FF40CAF044B1B6858057FF507AFF8F740
S21402F35061FC03E7B0690020844D0020696A002042
S21402F360B4690020B64C2378022B22D02378412B96
S21402F3703FF4F4AE049B33B9FAF764FC59460246EE
S21402F3805046FFF7CDFAFAF75DFC00283FF4E6AEEA
S21402F3900EF094FEAB4F98B13B681A0502D4237860
S21402F3A0432B0DD1AB070BD440F61A40F7F7E0FB20
S21402F3B0D4E60EF083FE0028D8D0A907D6D4CDE630
S21402F3C0386810F0020002D1059903F0C3FC2378D6
S21402F3D0112B16D13B685F0513D50020FEF73AFBCA
S21402F3E0044600287FF4BAAE0DF095FF40F61C40A6
S21402F3F0F7F7BEFB21462046FEF716FBF7F7C4FBDF
S21402F400ACE6AC0701D5FFF713FAB8F1000F9ED0B1
S21402F4100BF045FD18B94FF480310EF004FE0022C1
S21402F420894B30461A600EF01DFE90E70026039BBD
S21402F430002B7FF413AF4FF6FF73204608A9ADF8F2
S21402F4402030F5F791FF20B120460DF067FCADF8AD
S21402F45020004FF6FF73BDF8200098423FF47EAEC0
S21402F460049B3246002B0CBF042315232146CDE90C
S21402F47000A33B46FFF708FD70E60DF074FC00287B
S21402F4807FF46CAE714B1B78002B3FF467AEA80777
S21402F49004D46C4B1B6899013FF560AEBAF10C0FB1
S21402F4A00DF1450094BF002412AC11F006FF02468F
S21402F4B09DF8470003283FF651AE394600940DF1F9
S21402F4C03D0304F00BFA49E60DF13D00F5F7FAFFAD
S21402F4D028B1022239460020FAF740F83EE65C4B95
S21402F4E01B78013B012B3FF639AE0DF13D0002F0D1
S21402F4F075FD4FF6FF739842044606D10DF13D00A6
S21402F5000DF00CFCA0423FF429AE0021FAF736F9C2
S21402F51024E6EA077FF522AE2A4638460FA904F00B
S21402F520DBFA1BE69DF83D100120FFF74FFA15E6C1
S21402F530474B1B78013B012B3FF610AEEB077FF5DE
S21402F5400DAE0DF13D0002F049FD4FF6FF739842F5
S21402F5500546804640F080800DF13D000DF0DEFB52
S21402F56040450546074677D10DF13D00F6F71CFCEF
S21402F570B84205463FF4F2AD304611F0F5F90022E6
S21402F5800934E4B2071BFFB2394610460DF066FA9C
S21402F590ADF81C0000283FF4E1AD4FF0010900234E
S21402F5A02A460821CDF8009005F0D4F9ADF81E00E1
S21402F5B000283FF4D3AD214630460FF058FC4FF0FA
S21402F5C0000A80461622514609A8CDF820A0ECF77C
S21402F5D05DFF434622463146CDF800A008A811F04A
S21402F5E06DFF4B46424608A90DF11E00F5F7E2F8FC
S21402F5F000287FF4B3ADA7EB0807FFB2394607A889
S21402F6000FF051FA284611F0B3FBFF2818BF114A33
S21402F610444418BF32F81030E4B21CBF23F48043CF
S21402F62022F81030BDF81C0023463246002100970F
S21402F6300FF061FA2946BDF81E000DF0C9FF8DE5F0
S21402F640B4690020844D0020804D0020B06900205F
S21402F650B5690020A2620020284611F089FBFF2827
S21402F660074689D0F6F7C6FD002885D0384603F04F
S21402F67099F881E71E4B1B78013B012B3FF66EADD6
S21402F6802A4638460FA9FCF7C9F967E5194B1B78D5
S21402F690022B20D1002F7FF461AD08A8FEF7A8F850
S21402F6A000283FF45BAD144B1F709DF83D30002BD5
S21402F6B014BF64246524FEF741FB032806D13846AE
S21402F6C03946FEF7B1F93846FEF73EFB214608A852
S21402F6D00BF045FB42E5043B012BDBD938460BF029
S21402F6E05EFF0028D6D139E530460BF05AFF35E5E5
S21402F6F0B5690020B4690020696A00202DE9F3414B
S21402F70005460E46174698460EF0D8FC044640B10B
S21402F71001233A4631462846CDF80080FFF784FB9F
S21402F72004460EF0CBFC30B1FFF782FA78B10A4BF2
S21402F7301B689B010BD400233A4631462846CDF877
S21402F7400080FFF771FB002C0CBF0446012404F076
S21402F750010002B0BDE8F081844D002070B58AB089
S21402F76005A80BF0A0FB022301AA15468DF814305B
S21402F770084B03F11006144618685968083303C488
S21402F780B3422246F7D1294605A80BF0F7FC0AB089
S21402F79070BD00BF97000500014B1878704700BF88
S21402F7A05A740020014B1888704700BFB8730020B7
S21402F7B04FF6FF732DE9F043994280460D4685B019
S21402F7C00BD000274FF6FD791C4EE9F7D1FDFCB2AF
S21402F7D0A0420BD84FF6FF701DE0F5F773FE002827
S21402F7E0EFD005B0BDE8F0430DF0BDBA36F81430E0
S21402F7F04B4517D8694620460EF0A7FC082241461C
S21402F8000DF10500EDF78EF94FF6FF7360B99D42D4
S21402F81004D136F8140005B0BDE8F08326F814507B
S21402F8200EF05CFC0137D0E79D42FBD036F8143070
S21402F830AB4208BF26F81490F4E700BFFA5F002038
S21402F8402DE9FF4706460F4600254FF6FD79DFF8FD
S21402F8503C80DFF83CA0E9F78BFDECB2A04202D870
S21402F86004B0BDE8F08738F814304B450CD869462A
S21402F87020460EF06AFC082231460DF10500EDF72F
S21402F88051F908B90AF804700135E4E7FA5F002076
S21402F89060690020014B33F810007047FA5F0020C1
S21402F8A0F0B5064600250D4F85B0E9F761FDECB2CE
S21402F8B0A04201D805B0F0BD37F81430B3420BD1E0
S21402F8C0694620460EF07DFC9DF80030022B1CBFD8
S21402F8D04FF6FD7327F814300135E6E7FA5F00208D
S21402F8E030B585B004460D46E9F742FDA0420FD971
S21402F8F0084B33F814204FF6FD739A4208D869462F
S21402F90020460EF05EFC29460DF10500FFF750FF7B
S21402F91005B030BDFA5F002030B585B00446E9F781
S21402F92027FDA04219D92046FEF734FF0546B0B996
S21402F930694620460EF009FC9DF800302BB1694658
S21402F94020468DF800500EF01EFC4FF6FF72002087
S21402F950044B23F8142005B030BD2820FBE740F600
S21402F9600440F8E7FA5F00202DE9F0410B780546DF
S21402F9700E461BB9BDE8F041FFF7CEBFE9F7F8FC2B
S21402F980A84231D92846FEF705FF78BB374617F856
S21402F990058B4FF6FF713846FFF70AFF04463846D6
S21402F9A000F01EFAB0FA80F04009B8F1000F15D048
S21402F9B0B8F1030F15D04FF6FF724FF6FD7394425F
S21402F9C008BF1C460B4B314623F815400A4B5855C8
S21402F9D028460EF0D8FB0020BDE8F0814FF6FF74F3
S21402F9E0F0E74FF6FE74EDE72820F5E740F6044010
S21402F9F0F2E700BFFA5F0020606900202DE9FF41B0
S21402FA000D4604464FF6FE780F4F0E0AE9F7B0FC95
S21402FA10A04204D8FF24204604B0BDE8F08137F89F
S21402FA20143043450CD1694620460EF08EFB9DF8F5
S21402FA300520EBB29A4203D19DF80630B342EAD0D3
S21402FA400134E4B2E2E700BFFA5F00202DE9F04F8E
S21402FA500C461746984600254FF6FD7B87B09DF864
S21402FA6040A0DFF85C900190E9F782FCEEB2B0426B
S21402FA7001D8FF2616E039F816205A451ED8304619
S21402FA8002A90EF062FB3FB99DF80920424515D146
S21402FA909DF80C20524511D144B939F81620019B25
S21402FAA09A420BD1304607B0BDE8F08F08222046B6
S21402FAB00DF10D01EDF736F80028F3D00135D3E746
S21402FAC0FA5F002010B514460EF03FFB2046BDE854
S21402FAD0104008220149ECF72BBD00BF376A002010
S21402FAE02DE9FF47074615460846082224491E46C2
S21402FAF0EDF718F8044600283FD14FF6FF7ADFF8F4
S21402FB008490E9F735FC5FFA84F880450BD385B319
S21402FB10384609F0D4F801250C9B18700120357080
S21402FB2004B0BDE8F08739F8183053451FD069464F
S21402FB3040460EF00AFB7A789DF801309A4216D1BA
S21402FB407A88BDF802309A4211D13A799DF804308B
S21402FB509A420CD108220DF10501781DECF7E2FF5E
S21402FB6028B9002DD7D1404609F0C4F8D3E70134AE
S21402FB70C7E7FF2009F0BEF8CEE70020D0E700BFB7
S21402FB80376A0020FA5F0020F0B50025154E164FA2
S21402FB9085B0E9F7EDFBECB2A04201D805B0F0BDA6
S21402FBA0694620460EF0D1FA9DF80030032B06D99E
S21402FBB00023694620468DF800300EF0E4FA9DF8E0
S21402FBC0002062B14FF6FD734FF6FE71032A08BF9E
S21402FBD00B4626F81430002301353B55D9E74FF67D
S21402FBE0FF73F6E7FA5F002060690020F8B50E465C
S21402FBF004464FF6FF770C4B0C4D1B7803EB430382
S21402FC0005EB8305A54202D800242046F8BD2388CA
S21402FC10BB4206D008223146A01CECF783FF002820
S21402FC20F3D00C34EEE700BF1B7400203A5F0020CE
S21402FC30044BFF211A78044802EB42029200ECF7CA
S21402FC4025BC00BF1B7400203A5F0020F8B50446AE
S21402FC500C4B0D461B781046A3420DD90C270221E9
S21402FC6017FB04117C43084E08223144ECF760FC73
S21402FC70335B00202B80F8BD0023136053604FF6E1
S21402FC80FF73F6E71B7400203A5F002038B504467F
S21402FC904FF6FD75FFF704FE0022084B1878084B56
S21402FCA0D1B2884200D838BD33F80C1C0132A142CA
S21402FCB008BF23F80C5C0C33F2E700BF1B7400206D
S21402FCC0465F002070B505460E460846FFF7DEFF83
S21402FCD031462846FFF76CFD29460648FFF786FFA1
S21402FCE000B970BD044624F80C6B0EF0F7F92946ED
S21402FCF02046F3E73A5F002010B5082286B0234973
S21402FD000446ECF70FFF20B906B0BDE810400DF030
S21402FD102AB8082220461E49ECF704FF20B91D4BDC
S21402FD20B3F8680006B010BD0023012221464FF644
S21402FD30FF700093FFF78AFEFF2806D0164B33F8B3
S21402FD4010004FF6FB739842ECD903A8FEF79EFD0F
S21402FD5058B9BDF80C305B0607D5082221460DF1CE
S21402FD600E00ECF7DFFE0028DCD021460B48FFF73A
S21402FD703DFF40B14FF6FB724FF6FF73008890428C
S21402FD8088BF1846CEE74FF6FF70CBE7376A0020EB
S21402FD906E5B0020045B0020FA5F00203A5F0020C2
S21402FDA070B5002204464FF6FB7608460A4B1D78CD
S21402FDB00A4BD1B28D4201D8002009E01988B1421F
S21402FDC007D8A14205D10822991CECF7B1FB012005
S21402FDD070BD0C330132ECE71B7400203A5F002042
S21402FDE037B5014605460E48FFF700FF044640B108
S21402FDF0807A29460EF009FA80F00100C0B203B0FC
S21402FE0030BD03460090012229464FF6FF70FFF7E9
S21402FE101DFEFF2816BF034B2046185CE9E700BF0D
S21402FE203A5F0020606900202DE9F341224B044628
S21402FE301B780F468342154638D9FEF7C5FCB8BB79
S21402FE404FF6FD739D421D4E0ED004EB440326F87A
S21402FE5023504FF6FF739D421FD12046FEF7CCFC7F
S21402FE60002002B0BDE8F0810DF106013846F5F734
S21402FE707BFA4FF6FF72BDF806303846934218BF3B
S21402FE801D460C236343F55206EB0308FFF7A8FF53
S21402FE90B0FA80F0400988F80A000C2303FB0460DD
S21402FEA0082239460230ECF743FBD9E72820D8E788
S21402FEB040F60540D5E700BF1B7400203A5F0020DD
S21402FEC038B504460D46FFF7BBFC21460448FFF74B
S21402FED08DFE00B938BD857221460C30F7E700BFAB
S21402FEE03A5F00200023074A1370074A1370074A36
S21402FEF0118801B11380064B1A880AB100221A80B3
S21402FF00704700BF7B6A00207A6A00201E630020CA
S21402FF101C6300202DE9F04F4C4C9846238889B08C
S21402FF2005900F4610469DF848A05BB952B10EF0F8
S21402FF30D3FD20804FF4FA61454809B0BDE8F04F82
S21402FF4010F0E2BDDFF81C91B9F80050002D69D020
S21402FF50284610F009FDC0F34704284610F0E8FCD6
S21402FF60DFF804A10294BAF80030DFF800B101937A
S21402FF70BBF800300546009300224346012035496F
S21402FF800EF029FEADF81E0010B305EB440801245E
S21402FF90454512D1E4B9BDF81E50CDB12E4B1B78A3
S21402FFA02BBB2B4600223946059800F043FA002365
S21402FFB0ABF80030AAF800300AE0012329461A46B8
S21402FFC00DF11E00F4F7F6FB023504460028DFD0DA
S21402FFD00023224AA9F800301378013BDBB21370E3
S21402FFE0002BA7D109B0BDE8F04FFFF77BBF0CF09E
S21402FFF083FE0146284604F085FC0A2180462846F0
S21403000004F080FC0646A64202D8FF2CCFD1C8E7F0
S214030010284604F10B0104F075FC8045C1D8013471
S214030020E4B2F0E70E4C237823B910F051FF08B979
S21403003001232370524641460520F5F757FC002856
S214030040D0D1207009B0BDE8F08F00BF1E6300203A
S214030050F0720020AAB304007C6A00207B6A0020AA
S2140300607A6A00201C630020B6620020B862002073
S21403007030B5154D87B02C889CB923464FF4A07233
S21403008048F2380103A80EF0A3F921462046F9F7F3
S214030090F3FB22460D4B009403A9FFF73BFF07B083
S2140300A030BD20460CF0BFFC043011F006F903A95E
S2140300B0044628880EF015FF0023009320462A885E
S2140300C003A900F065FBEAE71E63002000F8FF07BC
S2140300D037B5002001A9F9F7CFFB0D4C014623786D
S2140300E00C4D7BB10C4B019A1878F9F7DBFB2078A3
S2140300F0F7F716F9002323702B700848F4F706FC6D
S21403010003B030BD2B78002BF7D0FFF7B1FFF4E731
S2140301107E6A00207B6A00207D6A0020F072002041
S21403012008B50548F4F702F90448F4F7FFF8BDE804
S21403013008400348F4F7FAB81E6300201C63002047
S2140301401A6300202DE9F04F89B089460446CDE9AD
S21403015005239DF84870139E30B316F801ABBAF129
S214030160000F23D00AF1FF34A400E4B23146012085
S2140301700BF05DFAC00E1BD1DFF838B13146012013
S2140301800BF055FA9BF8005034442279BDB1002F8A
S21403019047D180234846CDE90277CDE900773E4A2A
S2140301A0059900F047F93CE08246DFE75446DDE771
S2140301B01B28ECD9314601200BF039FAE7E7DFF8C4
S2140301C0F880FF2A00EA08080BD14246E379A179B2
S2140301D0607901EB032189B209B0BDE8F04FF9F766
S2140301E061BB2E4909688B070AD5FE2A35D1012340
S2140301F00135EDB2202D4FEA43030AD1FF250AE06D
S214030200294628460792F9F737FB4845BFD1079A90
S214030210EBE79845ECD1224B1B78FF2B04D0AB427F
S21403022004D009B0BDE8F08FFF2DFAD02946002090
S214030230F3F774F80028F4D09BF800306479002BA9
S214030240EFD1FFF74FFE17484FF4105110F05CFC48
S214030250154B8BF800501C70E3E7052A97D8BAF1C4
S214030260010F94D8B8F1000F91D0002FD9D173792C
S214030270002BD6D00D49098821B9082B28BF08239F
S2140302800B490B70434648461292DDE9051209B046
S214030290BDE8F04FFFF73EBEAAB30400844D00202E
S2140302A05B740020F07200207D6A00201E6300202D
S2140302B07B6A00207E6A002000F8FF07014B188047
S2140302C0FFF7D6BE1C63002037B5184B1B78022BEE
S2140302D003D01725284603B030BD00210DF10700D3
S2140302E0F4F798FC05460028F3D1114B1B78013B25
S2140302F0012B01D90225EDE7F4F7F6FB0028F9D028
S2140303000AF075FC0446F4F7EFFB0A4B4FF47A71D8
S21403031018700B23B4FBF3F203FB12440A34A4B2A3
S2140303206143054810F0F0FBD4E700BFB469002032
S214030330B5690020A5690020B04C00202DE9F043E4
S214030340384B00241E784FF4F813374FA5B00393A9
S2140303503D78ADF81040F7F78FF8BDF90E30ADF8DD
S2140303601200A342ADF8144006DB304B1C78013470
S214030370E4B21C7044F080048DF82C40A946022495
S2140303804FF000088DF82D60B14529D30022214691
S2140303900BA83D708DF82D800CF060FBE8B1B8F12A
S2140303A0000F09D000234FF6FC71CDE9000303AA22
S2140303B0FF230620FBF7EAFFB5422FD20AF017FC0D
S2140303C00B23B0FBF3F24FF47A7102FB13000A30EF
S2140303D080B24143164810F097FB25B0BDE8F08382
S2140303E0484606A902F004FA98B9512C11D804F12C
S2140303F090030DEB0302083406AB013508F1010840
S21403040003CBE4B242F8640C42F8601CEDB25FFA28
S21403041088F809F101095FFA89F9B5E70448F4F7A2
S21403042075FADAE7A5690020A6690020806A00202D
S214030430B04C00200CB42DE9F04F8BB014AA0E4636
S21403044052F8041B07460992002940F08F80BDF836
S2140304505400ADF82200002800F0A18033794FF64F
S214030460F778002B40F0868047458CBF4FF009088D
S2140304704FF008084C4B1C78FF2C40F08380B6F9ED
S2140304800230002BA9BF494B347A1C780134A2BF33
S214030490E4B21C7044F08004DFF81CB1224600214D
S2140304A004F044FA9BF80030BDF82200002B6CD011
S2140304B0DFF808A14FF00009BAF80030079310F0F0
S2140304C053FA0546BDF8220010F032FAEBB2CDE936
S2140304D00193FF23CDE903090093224633463946A9
S2140304E00798FCF7F1F84FF6FF7305468BF8009074
S2140304F0AAF80030382D33D13246394640460DF13E
S21403050022030BF054F800284BD04FF6F7739F42A4
S21403051026D8B6F902307088002B21DA48F2040296
S2140305202349244B4FF00008904214BF894699464E
S2140305300CF019FC494603468A220120CDF80080B8
S2140305400EF049FB814658B12246414604F0EEF9C7
S214030550FF23324639464046CDE90098FBF716FF9F
S21403056028460BB0BDE8F04F02B0704701200EF0EE
S2140305700FFB6EE7002347458CBF4FF006089846EF
S214030580337177E7FF221A7086E7CDE90003324618
S214030590FF2339464046FBF7F9FE0546AAE7192529
S2140305A0DEE70546DCE700BF5D740020806A0020B6
S2140305B0BBB30400B0B304007F6A002020630020AE
S2140305C070B54FF4003300240546164688B0ADF8E0
S2140305D01A100DF10F0204A90593ADF81840ADF8F3
S2140305E01C4004948DF80F400AF0B8FF9DF80F30B6
S2140305F028460193049B044A009305A93346FFF754
S21403060019FF08B070BD00BFB4B3040030B54FF493
S2140306108035002487B00395BDF82850CDE9001235
S2140306208DF81030074A034603A9BDF82C008DF851
S2140306301140ADF81250ADF81440FFF7FBFE07B0BB
S21403064030BD00BFC0B30400B1F1006F2DE9F04325
S21403065014462CBF392238228BB01D464FF00003B8
S214030660ADF81E204FF480022CBF4FF001099946C7
S214030670FF2C0646ADF81C300892ADF824304FEA3E
S21403068011471FFA81F80FD10CF003FFB9F1000FE1
S21403069019D1154ACDE9020543463046CDE9007423
S2140306A007A9FFF7C7FE1AE0FE2C0AD10CF0F1FEED
S2140306B00130C0B20CF0F8FEB9F1000F12D00B4AAD
S2140306C002E0E8B2F8E70A4ACDE90305012330461B
S2140306D0CDE90174CDF8008007A9FFF7ABFE0BB098
S2140306E0BDE8F083034AD5E7B8B30400BEB30400FD
S2140306F0B7B30400BFB304004FF498124FF08063FF
S21403070010B586B0CDE903230023ADF814300CF002
S2140307102AFB0446F6F7B0FE054B01900093054A04
S214030720234603A94FF6FD70FFF784FE06B010BDFF
S214030730376A0020C4B3040008B5064B1B78022BA7
S21403074002D0043B012B03D8FFF7D6FF002008BDD9
S2140307500220FCE7B469002030B500244FF480651E
S21403076087B0CDE900128DF81030084A034603A976
S2140307704FF6FD708DF811400394ADF81250ADF8A6
S2140307801440FFF757FE07B030BD00BFC8B30400E0
S2140307902DE9F04F9BB00E4605460EA91046CDE94F
S2140307A00A329DF890700DF06BFDBDF838A08046B8
S2140307B0504610F0D9F8B6F902300446002BB6F8C6
S2140307C00690B6F802B004DA0022B24B1A70002084
S2140307D049E0504610F0C8F84045F5D3A4EB0804AA
S2140307E0E3B2002F18BF4FF4A079152B099328BF47
S2140307F015230024013308F1FF325146DBB292B2CF
S214030800009414A810F05AFE6FEA4B436FEA534362
S214030810A1499DF8502008684968ADF846300FABEB
S21403082003C3ADF84840ADF84440ADF84A90ADF880
S2140308304C20BBF1000F24D10DF15100F4F742FE1A
S214030840A0B10CF090FA5C4606460DF1590A0DF17C
S21403085051030A9A9AF80080012A2DD157B384F0DF
S214030860010404F001001BB0BDE8F08F0DF1510048
S21403087001F0B4FB4FF6FF74011B4C4206464C4195
S214030880E3E7BBF1010F40F09480BDF851600CF034
S2140308906AFA86420AD030460FA90DF0C7FD80F0EB
S2140308A00104E4B20DF1530A0FABD2E77B4B0DF113
S2140308B0530ACEE70A9CD4E797B3002C75D1B8F158
S2140308C0010F72D837D10CF04EFA0CF04CFA2246D0
S2140308D006469AF80170714B00210120CDE90061AC
S2140308E002976F490EF077F9ADF83A0000285CD00E
S2140308F0002C53D1B8F1010F50D12646DFF8B8A12A
S2140309009AF800305FFA84F8434538D9404610F029
S21403091087FAC20702D5BFB1013FFFB20134EFE742
S214030920B8F1010F05D1002CCDD081229AF80170C1
S214030930D2E7002CF9D1B8F1010F94BF00220122AF
S2140309409AF80170D201C7E7404601F017FB01236E
S214030950ADF8340002220DA90DF13A00F3F72AFF91
S21403096018BBBDF83A000FF0FFFF804648460DF06F
S214030970F9FA08F1010801368045F6B2CEDBB6B1C6
S21403098032460C21BDF83A0003F0D0FF0022284679
S214030990BDF83A3011A9FFF74DFD06E00C210DF125
S2140309A03A000EF080F80028F0D001205BE70D2116
S2140309B0F5E70A9B002B7FF40AAF7388342B57D1D5
S2140309C0099B092B7FF403AF002F7FF400AF9DF93B
S2140309D059603A46B41008210DF1510004F0200482
S2140309E00CF053F9D0B12F4B1B78012B3FF4EFAE2D
S2140309F0022B27D12C4B1B6813F0807F25D12A4B63
S214030A001B685B0201D5002E30DA00232846274AEE
S214030A1011A9FFF70FFD264B1C70D8E60DF1510008
S214030A20F4F750FD0028DED10DF1510001F0D6FA9F
S214030A304FF6FF73984208D02146F8F79FFE034609
S214030A4018B903E0033B012B06D9C8232846174AE7
S214030A5011A9FFF7EFFCBAE6164BB3F86830AB42C2
S214030A60CDD0114B1B6813F0805FC7E78D23EDE7EE
S214030A70099BCDE9059204930DF15103CDE9028359
S214030A8031462846CDE9007A0B9B11AA00F058F8A8
S214030A909DE600BF736A00203A3C0400376A0020D4
S214030AA0CCB30400B5690020844D00203E6A0400E0
S214030AB05C740020045B002028740020024B187826
S214030AC040F08000704700BF806A002038B50A4BAC
S214030AD005461C7824B10CF046F9B0FA80F4640994
S214030AE0F8F72AFF08B144F04004E8F74DFC44EA5F
S214030AF04020284038BD00BFB0690020014B188055
S214030B0000207047C07300204FF6FF71034602882B
S214030B101B798A4217BF074901200A8041881EBFF6
S214030B20054A00201180FF2B1EBF044A00201370C5
S214030B30704700BFBC730020BA730020816A002090
S214030B402DE9F04FB7B09946BDF80431439C0D9399
S214030B509DF8083183460E93BDF8143120460F9353
S214030B609DF81831B1F802A00F4690469DF8005143
S214030B70109310F0A2FBBAF1110F064600F28A801A
S214030B800CF0F1F8B04200F08F80BAF1060F19D1DD
S214030B904FF6FD739E423ED0DDB9BC4B1B78033B3C
S214030BA0012B36D9304610F0E3F8FF2814BF89230B
S214030BB0812300224146CDE900625846B44AFFF736
S214030BC039FC06E02DB9BAF1030F08D8BAF1010FC4
S214030BD00AD80022AF4B1A7037B0BDE8F08FAAF1DF
S214030BE00403022BF5D8D8E7A84B1B78033B012B4D
S214030BF00DD9304610F0BCF8FF2814BF8923812393
S214030C0041465846A44A0096FFF714FCE1E78023C2
S214030C10F6E78023CDE7A14B1B7859074CD40CF09D
S214030C20A2F80026034632460120994900960DF0A5
S214030C30D2FF2379ADF86C000F930028CCD0DDE902
S214030C400E320D9803EB42090FF08EFE5FFA89F918
S214030C5009F10507FFB28742BED239460D9803F065
S214030C6051FE109007EB40070D980FF07DFE87426C
S214030C70B2DADDE90F321343DBB2002B40F03282E7
S214030C80002DA9D12F463A460421BDF86C0003F087
S214030C904DFE76E1814BBAF13A0F1B7811D948F233
S214030CA03B039A4508D014E07C4B1B785A070BD5B8
S214030CB0AAF10403022B07D8FB8843F48043FB8086
S214030CC08AE7BAF11B0F1ED8AAF102039AB2132AB7
S214030CD05ED9109B494602930F9B5046CDE90053BD
S214030CE00E9A5B460AF047FC0F287FF475AF012285
S214030CF0684B1A70694B1B789B0740F1D982002D0D
S214030D007FF46AAFD8E7AAF11C021E2AE1D801A134
S214030D1051F822F039150300D30C0300D30C03005B
S214030D2059110300D30C03003912030039120300D0
S214030D30D30C0300D30C0300D30C0300D30C030023
S214030D40D30C0300D30C0300D30C0300D30C030013
S214030D50D30C0300D30C0300D30C0300D30C030003
S214030D60D30C0300D30C03006912030069120300BB
S214030D70D5140300D30C0300D30C0300EF140300B5
S214030D80D30C0300891503009F150300AD1503005C
S214030D90132B9ED801A252F823F000BFED0D0300DB
S214030DA0B50E0300D30E0300B10F03001F0C0300A0
S214030DB0D30C0300D30C0300D30C0300D30C0300A3
S214030DC0D30C0300D30C0300D30C0300D30C030093
S214030DD0D30C0300D30C0300D30C0300D30C030083
S214030DE0F3100300D30C03006515030000241BABAC
S214030DF05A4648460E9900931DAB1D948DF86C40D9
S214030E000AF0ADFB0BF0AFFF204B05461B78012B1A
S214030E1003D0022B14BF02240124E8F7B5FA1628E0
S214030E2094BF0020012044EA4014F6F725FB1C4B30
S214030E300646B3F800A0FBF79FFA1A4B07464FF691
S214030E40FF70B3F80090FFF741FE174B9DF86C2038
S214030E501988124B1B7813F002031CBF134B1B7825
S214030E600B921D9ACDE90701CDE90932402341468D
S214030E70CDE9014358460023CDE90579CDE9036A58
S214030E800B4A0095FFF7D6FAA6E600BFB569002021
S214030E90B0B30400736A0020BBB304005569002096
S214030EA0C0730020BC730020BA730020816A002040
S214030EB0D2B304000BF057FFA34BA44A1B88CDE91B
S214030EC0400300234146584637B0BDE8F04FFFF7CE
S214030ED0B1BAA4781DA9631EDBB2EF2B204610D946
S214030EE0F22C0ED008F037FE82240BF03CFF0023D2
S214030EF04146CDE90003964A23465846FFF79AFA39
S214030F006AE608F028FE002850D00BF02CFF9DF868
S214030F1078209DF87A100492BDF876204900039253
S214030F20BDF87420C9B2CDE901429DF87920034685
S214030F305200D2B208320A440092012000228549A8
S214030F400DF049FE9DF87930ADF86C008DF86730EA
S214030F5000283FF441AE002601230DF167011A462F
S214030F601BA8F3F727FC054600287FF435AE9DF84B
S214030F706730EAB2934209D89DF87A308DF8673025
S214030F8016B1BDF86C3033E00126E5E7314620465E
S214030F9008F0E3FD0123ADF8680002221AA91BA896
S214030FA0F3F708FC01350028E1D015E683249CE717
S214030FB00BF0D9FE044608F0EFFD2346009000220E
S214030FC0012063490DF007FE00283FF405AE002517
S214030FD02C46ADF8740008F0DFFDEEB2B0420DD833
S214030FE022460421BDF8740003F0A0FCBDF874305B
S214030FF0002241465846FFF71DFAEDE5304608F055
S214031000A8FDFF288DF86C000AD0012301341A4688
S2140310101BA91DA8E4B2F3F7CDFB00287FF4DCADD3
S2140310200135D8E75046B4F8029008F092FDFF2841
S2140310308DF8680000F0CF821DA908F08CFDBDF87E
S21403104074304B4507D04FF6FF72914540F0C3828C
S2140310501B0400F1C0829DF8793012930E9B053372
S214031060DBB213930F9B1493002311934FF00009E5
S2140310704B4613E017934900139BC9B219440D98C6
S21403108089B20DF04BFD4FF0000A179B159012998D
S2140310905FFA8AF28A4217D309F10109149A5FFAB2
S2140310A089F19142E6D39DF87A201292169A13920A
S2140310B0002B40F08582119B002B40F08C8201238D
S2140310C01193109B1493D1E711999DF86800179319
S2140310D008F043FD159A179B0AF1010A824208BFDE
S2140310E00123D4E709F106095FFA89F33746169315
S2140310F072E2A71C39463046A57A09F090FD012214
S21403110039463046FAF7D4FB30460DF0E5FA384652
S21403111000F064FF2288824207D04FF6FF729042A7
S21403112003D00FF025FE0DF017FA85F00804C4F37C
S214031130C00421463846FEF7C3FE2146384637B07C
S214031140BDE8F04F0AF044BABE730020DFB30400D4
S214031150B0B30400E3B30400AD4B1B78033B012B91
S2140311607FF63AAD0BF0FFFD58453FF435AD09F079
S2140311703EFD0B23B0FBF3F24FF47A7102FB130030
S2140311800A3080B24143A3480FF0BEFCF3F7ACFC31
S21403119000283FF421AD0123002218469E4994F807
S2140311A000A00DF018FDADF8680000283FF414AD5C
S2140311B00026354634460E9B1BAF01330E93F2B220
S2140311C0524514D3002C3FF407AD01232A461DA92C
S2140311D01AA8F3F7EFFA00287FF4FEAC22460221A2
S2140311E0BDF8680003F0A2FBBDF8683000E74FF0D7
S2140311F000090E99D200D2B20A4408230D99384644
S214031200CDF8009010F05AF9394648460FF080FDA5
S214031210FF280FD0814B1B5C0F2B0BD997E80300DD
S21403122005F1D8036B44643B83E8030008350134B7
S214031230EDB2E4B20136C2E7002D7FF4CDAC180759
S2140312403FF53AAD534622464146584603F066FEFE
S21403125000287FF4C1AC842341465846704A37B011
S214031260BDE8F04FFFF7E6B823780F9810930CF01D
S21403127079FE00210646584604F0BAF9644BBAF1E3
S214031280310F1B780746A3F103030BD1012B13D9A8
S214031290644B654A1B7812781344DBB20D9316230E
S2140312A00E930DE0012B03D9604B1B780D9353BBB4
S2140312B0002D7FF491ACCEE701231621CDE90D3145
S2140312C00024109B2246009301202346584901948C
S2140312D00DF081FC00283FF47FACF61BF3B22646E4
S2140312E0544FDFF85C911193ADF86C000F940D9B8F
S2140312F0E5B2AB4209D832460221BDF86C0003F0D2
S21403130015FB0F9AC0E40523CAE7162200211DA881
S214031310EBF7BCF8BAF1320F3DD13B7903F0030289
S214031320032A21D18DF87620109B0136F6B2B342FC
S21403133015D2BDF86C000FF017FB0E9B1844119BDB
S21403134098420CDC01230E9A1DA91BA8F3F732FA68
S21403135000287FF441AC0F9B0133DBB20F930134BB
S214031360083709F11209C2E7B9790029DCD13249F5
S214031370C3F3C203CB5C1DA8012A08BF43F00103D5
S21403138039888DF876300FF09AFF79880DF177005B
S2140313900FF095FFC8E71DA80BF0FDFF4FF0FF33D6
S2140313A0CDE91F331F4B1B78AB4261D999F8043044
S2140313B06F2BD4D828461FA9F4F7D0FF0028CED029
S2140313C01E4BB9F80020B3F8683092B9003B18BF3B
S2140313D001235B0143F004038DF8863002238DF866
S2140313E08730B9F802301B0A11468DF8893021A8D8
S2140313F0CEE79B1A18BF01235B0143F005038DF864
S214031400863002238DF887300F238DF88830E8E77F
S214031410B5690020B04C0020EDB3040059690020E4
S2140314203E6A0400AE690020AD69002026740020E1
S214031430EBB304000C620020A8000500045B002048
S214031440926000200132D2B2551EEDB228461393A5
S21403145012920FF0E5FCDDE9122310F0010FF1D034
S21403146063490978611A994205D00133DBB2E9E78B
S21403147001220023E8E75F4B1FA918782844C0B26F
S214031480F4F76CFF00283FF46AAF284600F076FDB9
S214031490129028460FF0C4FC10F0010F129A0FD1D9
S2140314A016238DF88630544B1B780133DBB20F2B93
S2140314B028BF0F238DF88830504B33F8153092E74A
S2140314C0284612920FF0ACFC10F0020F129AE7D1E6
S2140314D01223E6E71A073FF5EFAB23465A46414683
S2140314E00F9803F073FD00287FF476ABE0E695B122
S2140314F0434B1B78033B012B7FF66EAB0BF033FCA1
S21403150018B9BBF1000F7FF467AB207837B0BDE89E
S214031510F04FF5F721BE0BF026FC20B1384B1B78B5
S214031520033B012B01D8802396E62B4641465846BB
S214031530344AFEF77FFFE8E70BF015FCB0427FF472
S2140315404BABA01CF3F7BEFF00283FF445AB0BF0F4
S2140315500AFC04460BF007FC2B4B2C4ACDE9400350
S2140315602346AFE420460FF0A8FEFFF7AFFA0028A5
S2140315703FF432AB4090002341465846244A37B0E6
S214031580BDE8F04FFEF756BF4B464246594600208D
S214031590CDE9405437B0BDE8F04FFEF7D3BD4B4618
S2140315A0424659460120CDE94054F3E72B464A46C6
S2140315B041465846409437B0BDE8F04F0AF00DB8A0
S2140315C001231AA91A461BA8F3F7F4F800287FF498
S2140315D003AB0137FFB2013608F0DEFA5FFA86FA8C
S2140315E050453FF61FAD002F3FF44AABFFF74BBB0A
S2140315F0AE69002021740020686A002094620020EF
S214031600B56900203E6A0400376A0020F0B3040080
S214031610BBB30400F8B5164B04461D88154B20F8DB
S214031620025B196879B10822EAF782FF124B0C2095
S2140316301B78124EA372124B19780023DAB291422A
S21403164005D8FF2209E0C4F802104160EEE7013333
S21403165000FB03F7F75BAF42F0D10A4BE2721B784D
S2140316602373094B1B786373084B1B682361F8BD10
S2140316702E630020205C0020826A00202E5F00205C
S2140316801B740020646A0020636A00200C5C002040
S214031690F0B589B006460C4615460DF011FC0DF163
S2140316A00A02014630460DF0A3FA144F0346F0B97A
S2140316B001223A702288BDF80A102AB10246009029
S2140316C0072007F01BFA90B103A8FFF7A3FFBDF8A6
S2140316D00A000FF049F90646BDF80A000FF028F98C
S2140316E021460090F3B2284603AA09F0CAFA00235B
S2140316F0034A3B70136009B0F0BD00BF836A002045
S214031700205C002073B5ADF806000DF106000BF063
S214031710B7F9014608B102B070BD0DF106000BF033
S214031720F8F904460FF004F9C67A002EEDD12046E8
S2140317300CF08DFEFF28E8D00FF05AFB054BD3F8CC
S2140317408850002DE1D03346224641213046A84733
S214031750DBE700BF045B002073B5002200210C20EA
S21403176000F0C2FC002119480FF00BFE01250446C9
S214031770164E84B120460CF06AFEFF2805D121469A
S21403178030460FF022FE0446F3E7042200230095BA
S21403179000F07EFCF3E721460D480FF0F2FD01252D
S2140317A004460B4E0CB902B070BD20460CF04FFE3B
S2140317B0FF2804D008220023009500F069FC214688
S2140317C030460FF002FE0446ECE700BF326300200B
S2140317D0346300202DE9F84F10460E461746994607
S2140317E00BF02FF8254A264B0021B0F5006F14BFE7
S2140317F09046984640460FF0C4FD4FF0000A044654
S214031800DFF880B00CB9BDE8F88FBC4228D120467B
S2140318100FF08EF8857A80F80BA0013DEDB2857245
S21403182016B13F2E00D02DBB0FF074FB05462046A5
S2140318300BF007F8B0F5006F4FF00002214615D104
S2140318400F480BF085F9FFF787FF28460FF05DFB7F
S214031850DBF8885025B14B463A4631460020A84768
S214031860214640460FF0B1FD0446CBE703480BF094
S2140318706FF9EAE7FFF770FFF2E700BF3463002073
S21403188032630020045B002000232DE9F34706465D
S2140318900F464FF6FF78284CDFF8A090ADF80630D9
S2140318A020460BF0EDF8054648B9294620460FF0CA
S2140318B068FD82460FF03CF80389B34217D94C45BE
S2140318C001D1FFF749FF002120460FF05AFD0546D8
S2140318D007F1FF3A5FFA8AFAD5B94C4516D1BDF837
S2140318E00600FFF70FFF404602B0BDE8F0877B1EF9
S2140318F0DBB2FD2BD4D9294620460BF00AF92A463B
S21403190051460DF106000FF042FDC9E74C46C7E706
S214031910BAF1FD0F09D928460FF00AF803899B1B75
S2140319209BB2984528BF98460381294620460FF068
S2140319304CFD0546D0E700BF346300203263002029
S21403194008B50FF0D0FB0B4AFF2113881080C31A8B
S21403195098B2FFF799FF4FF6FF7301469942064880
S21403196003D1BDE80840F2F7D1BFBDE808400FF049
S214031970CBB800BF3663002010730020174B002837
S2140319802DE9F041164D18BF1D460F4628464FF069
S21403199000010CBF4FF008084FF002080FF0F1FCEF
S2140319A0044610B92046BDE8F08120460EF0C0FF7D
S2140319B0C37A064623B1214628460FF006FDEFE715
S2140319C020460AF06DFF424601463846EBF7AAF872
S2140319D00028F0D1B378002BEDD1E3E73263002083
S2140319E034630020014B1860704700BF245C00205E
S2140319F010B504460548F2F789FF0023044A13800E
S214031A00044A1380044B1C8010BD00BF10730020D3
S214031A1034630020326300203063002008B5044896
S214031A20F2F784FCBDE808400248F2F77FBC00BF2B
S214031A3034630020326300202DE9F34104468846D0
S214031A400FF051FB324B074620461E880CF0FFFC76
S214031A50054620460AF0F5FEB0F5006F32D1FF2D9D
S214031A6006D00123042200932846002300F010FB2F
S214031A70B8F1000F1DD10FF04DFA21460546254853
S214031A800BF003F828460FF040FA23480FF0A7FCA4
S214031A90224BA8B31988711A17FA81F086B220462A
S214031AA00EF046FF032306818372002002B0BDE8D2
S214031AB0F0810FF02FFA00222146054615480FF055
S214031AC066FCDFE716480BF012F804281ED8FF2D35
S214031AD006D00123082200932846002300F0D8FAF4
S214031AE0B8F1000F05D10FF015FA214605460C484C
S214031AF0C6E70FF00FFA0022054621460848DEE740
S214031B00314605481F800EF0FFFFC8E71C20CDE7CF
S214031B1030630020326300201073002036630020F9
S214031B20346300202DE9FF4708460C460AF06EFE94
S214031B3000F4805820460AF0EFFE054620460AF0D9
S214031B40C2FEB0F5404F1BD1B8F1000F14D02946A2
S214031B500020FFF713FF054670B10EF0E9FE0023E1
S214031B60404A81780446009218462A460193F1F7C4
S214031B70A5FF08B90123E372012004B0BDE8F0878E
S214031B8028460FF09AFB81460FF0F2F8FF28074627
S214031B9037D00125A0F12006C0F12003324925FAEB
S214031BA003F305FA06F61E438540D1E900232A43CC
S214031BB03343C1E900230FF0F5F8044638B138463D
S214031BC00FF02EF910F00C0F14BF01240024B8F107
S214031BD0000FD1D04FF0000A03A90120ADF80C90F6
S214031BE0FFF7CCFE81460EF0A3FE8046B9F1000F48
S214031BF01ED1BAF1000F14D1FF2FBDD0002CBBD1DC
S214031C0028E01A4B1B684BB148469847044628B150
S214031C10B8F1000FB0D000252E46DBE7B8F1000F71
S214031C2001D10020A9E7002501242E46A246D3E7CA
S214031C3074B100230B4A8178009218464A460193F2
S214031C40F1F73CFF002897D1012388F80B3093E780
S214031C50FF2F91D0064BD3E9001229433243C3E941
S214031C60001289E7D5170300F8160020245C00202D
S214031C70F016002038B504460AF0E3FD0546204674
S214031C800AF00EFEA5F50063044601465842584185
S214031C90FFF774FEB0B9B5F5006F01D0002038BD6C
S214031CA020460FF00AFB0FF063F8FF28F6D0064B2A
S214031CB000B21B6833F8100000F4E260003818BF67
S214031CC00120ECE70120EAE7285C00202DE9F74332
S214031CD04FF000090746ADF804900FF0A1F810F096
S214031CE00C0F29D04FF00208154D2B88A5F800904D
S214031CF0ADF806300DF106000AF0C2FE044630B118
S214031D00B8F1010F14D04FF001080E4DEDE7214650
S214031D100DF106000AF0FDFE06460CF098FBB842ED
S214031D202246314614BF284601A80FF030FBE1E7F0
S214031D30BDF80400FFF7E6FC03B0BDE8F08300BF80
S214031D4034630020326300202DE9F04FDFF8208152
S214031D5085B0D8E9003213437CD105B0BDE8F08FD7
S214031D6002EA040103EA0700014327D022EA040239
S214031D7023EA0703C8E90023DAE9002304EA020595
S214031D8007EA030C55EA0C056FEA04006FEA07013D
S214031D9024D130460FF044F8C2070FD530460FF073
S214031DA027F8DBF89C30002B45D11D46304600F063
S214031DB0E5F8DBF884300BB12946984724197F41B0
S214031DC009F10109284B5FFA89F61B78B342C4D997
S214031DD0D8E9002352EA0301C2D1BEE702400B4012
S214031DE03046CAE900230FF01BF8C307E6D51F4B9E
S214031DF030461B6833F8163003F48873102B10D064
S214031E000EF0F6FFDBF89C3013BB1D4601231022B1
S214031E1000933046002300F03BF90020F1F7BCFDA9
S214031E20C4E70EF0E5FFDBF89C300125002BBDD0A0
S214031E300122039502E000252A460395039200211A
S214031E4030469847039A002AB0D0002DAED1DDE77E
S214031E500025EDE74FF0000901244F46DFF814A0F4
S214031E60DFF814B0AEE700BF5E740020285C0020E5
S214031E70F8160020F0160020045B0020F8B5034691
S214031E80084613B309B3402A1FD8114900260B602E
S214031E9010490027086010494FF0FF350A700021EB
S214031EA00C460433914205DB00215200EAF7EEFAB2
S214031EB00020F8BDC3E9036703F8044C23F8024C7B
S214031EC01D605D6001311833ECE72120F1E700BFA8
S214031ED02C5C0020285C00205E740020F0B5144CB7
S214031EE0DDE905672568EDB1F0B912480078884248
S214031EF01AD901EB41014FEAC10C05EBC10415F8F1
S214031F00311011B92169C90710D4002005F80C0057
S214031F1062801A6846F0010662605A68C4E904677C
S214031F20A260F0BD0220FCE72120FAE72E20F8E7A6
S214031F302C5C00205E7400200E4B30B51A68A2B1EC
S214031F400D4B1B78834212D900EB400002EBC00313
S214031F50C100002400200025C3E9044550544FF077
S214031F60FF3258805A609A6030BD0220FCE7212079
S214031F70FAE700BF2C5C00205E740020094B1B6848
S214031F8063B1094A1278824208D900EB400003EB9A
S214031F90C0031A69D20701D5588870474FF6FF70F9
S214031FA0704700BF2C5C00205E740020094A03467D
S214031FB0106870B1084A12789A4209D903EB4303B2
S214031FC000EBC303186910F0010002D0181D704718
S214031FD0002070472C5C00205E740020F8B50E4B82
S214031FE005461C6834B128B100260C4B1F78F3B2A3
S214031FF09F4202D84FF6FF7009E008222946201DAB
S214032000EAF790FD20B92369DB0701D56088F8BDA0
S21403201001361834EBE700BF2C5C00205E7400200A
S2140320200C4B1B689BB14FF6F77291420DD80A4AC8
S2140320301278824209D900EB400003EBC0031A6909
S214032040D20704D50020598070472120704702200C
S214032050704700BF2C5C00205E7400200A4A0346CB
S214032060106878B1094A12789A420AD903EB4303F7
S21403207000EBC300036913F0010003D0C3F30010A1
S21403208070470020704700BF2C5C00205E74002061
S21403209070B51C46124B9DF810601968D1B1114BF0
S2140320A01B78834218D900EB4000551E01EBC00194
S2140320B02543D1E9040301D0C5070FD52EB110433C
S2140320C02343C1E90403002070BD20EA020023EA8B
S2140320D00403F6E70220F7E72120F5E72D20F3E7D0
S2140320E02C5C00205E740020134BF0B51B6803B312
S2140320F000266FEA000C6FEA010E104C2778F4B244
S214032100A74201D80020F0BDD3E9044514F0010F1F
S21403211007D014F0020F04D132B104430D43C3E9D0
S214032120044501361833EAE70CEA04040EEA05050B
S214032130F5E70220E7E700BF2C5C00205E74002072
S2140321400B4B70B51B682BB100240A4A1678E2B213
S214032150964201D8002070BDD3E9042502400D4005
S2140321602A4304F1010403F11803F0D00120F2E737
S2140321702C5C00205E7400202DE9F0470026FF2724
S214032180B246164DDFF8588098F800305FFA86F9A5
S2140321904B4502D83846BDE8F0872B792F2B0FD94D
S2140321A028460BF00FF82B796C7903F0070304F03D
S2140321B0030483422CBFE4182418E4B2A24506D9CC
S2140321C05446B946A2464F4612350136DCE7288800
S2140321D001F0A6F80028F3D1F4E700BF92600020D0
S2140321E0AE6900202DE9F04F89B081460AF07EFBE8
S2140321F0029048460CF06FFD0024411C054689B248
S214032200484602F07FFBA246A346A046274600F0B8
S2140322101F00023500EB4000EAB27D4E50FA85F50A
S214032220EDB2AA4274D9DFF8FCA19AF8003033B1B4
S214032230A400E4B2B4FBF3F4042C08BF032402980E
S214032240F3F7C4FD054600283CD1FFF795FFFF28AA
S2140322505BD0704B05B2049018780AF09AFF874259
S2140322602CBFE1192118002F14BF01230223684E47
S21403227005EBC50506EB450553FA81F3284603939C
S2140322800AF0A0FF95F804C06B790CF0070103F081
S214032290030388422CBF1B185B18039ADBB29A42CF
S2140322A033DA049A2FB921B19AF80030033B5B4521
S2140322B02BDC104602990AF02DFF05B205EBC50587
S2140322C006EB45052B791E09002F00F08180394661
S2140322D028460AF0A1FF032128460AF0A3FFB8F117
S2140322E0000F09D1002E40F0868008F080FCC0F372
S2140322F00B0149480EF008FC6B79484623F00303AC
S2140323001C446C710AF087FAA87309B0BDE8F08F15
S21403231050D0424B49461B8807A8ADF81C304FF0F7
S21403232000038DF81E3000230093032303920FF05F
S214032330C5F89DF81E30BDF81C101B09039A18BF7C
S21403234008F10108CDE9041318BF5FFA88F8039271
S2140323500AF009FD0499039A8842059B03D19DF868
S2140323601E7007F00F072E4890F800C016E016F808
S2140323700E0C10F0070003D00BF1010B5FFA8BFB7A
S214032380AA4207D036F812EC8E4503D113B108B132
S2140323900134E4B20AF1010A5FFA8AFAAA4206F1A4
S2140323A012060BD1D4450FD916F80E0C10F0070001
S2140323B0E2D1EFE700234FF6FF71D4E736F8120CAD
S2140323C0884201D8D445D2D80332123ED2B228E787
S2140323D0022E14D95B0707D0394628460AF022FF97
S2140323E0B8F1000F81D087E7032128460AF01AFFC9
S2140323F0B8F1000F80D1062E3FF677AF7CE7314663
S21403240028460AF00FFF58EA06063FF46EAF73E756
S21403241092600020646A0020F04C0020B0000500A3
S214032420AE690020217400202DE9F0430823002420
S21403243085B08DF808300646022301214FF6FC705E
S214032440CDE9004402AA0CF022FCADF80A00D8B18C
S2140324502746DFF8A080DFF8A09099F80020E3B2C3
S2140324609A4224D8BDF80A4020460CF034FC411C9E
S21403247047F06002204689B202F058FA0022BDF8FF
S2140324800A001146F4F736FA08F0B1FB184AC0F30F
S2140324900B01137801F55A51013113B1013B890839
S2140324A01370304605B0BDE8F0430EF02DBB18F8A8
S2140324B00E5C6F2D17D8404630F8123D2D01ADF84F
S2140324C00C300AF07FFE05F0700528448DF80E00E8
S2140324D00123032203A90DF10A00F2F76BF9002882
S2140324E0D2D10137FFB2013408F11208B5E700BFB5
S2140324F0AA690020A4600020AE69002010B5054C30
S2140325002046F2F703FA2046BDE8104000210EF0FD
S214032510FBBA00BFF04C00202DE9F0432A4D87B0EC
S214032520F6F7F8FB2A7829492948FFF7A7FC09217B
S2140325302A782848E9F7AAFF0026244FDFF89C806C
S214032540DFF89C902B78F4B2A34202D807B0BDE81C
S214032550F08304F582300B2203A900F5C070DBF785
S21403256029FE4FF6F670BDF814209DF81630511E5E
S21403257089B2814215D80020C3F3C003DB1840EBB1
S2140325800001CDE90031214603ABFFF7A7FC002885
S214032590DCD14FF4805327F8143048F8240029F888
S2140325A0140004F5833001220DF10A0100F5807052
S2140325B0DBF700FEBDF80A20064B01361A558022CB
S2140325C0054B1A55BEE700BF28740020A262002000
S2140325D018140020596900209B690020944B0020A2
S2140325E09462002010B50A4B1C780EF0C1FBFF283E
S2140325F00DD0012C38BF0124064A230232F81010EE
S21403260019B101EB1313A3EB111322F8103010BD0D
S214032610646A0020946200202DE9F04700250646F0
S2140326200F46AA46DFF84490DFF8448099F8003056
S214032630ECB2A34202D85046BDE8F08720460EF01F
S214032640EFFBC2070CD520460EF0EAFB830707D440
S21403265038F8143037B133434FF0010A28F81430F2
S2140326600135E3E723EA0603F6E700BF28740020F4
S214032670A262002010B5084B084A1C780023D9B282
S2140326808C4201D8002010BD32F8021B013330EA19
S2140326900101F4D10120F6E728740020A26200208D
S2140326A0F0B50C464FF6F77187B08A4286461D464C
S2140326B09DF8306002D9002007B0F0BD596818684D
S2140326C00DF10C0CACE803002C49ADF81420097886
S2140326D0A142F0D900218DF81660B61006F0020666
S2140326E00191704621460096FFF7F8FB0028E2D1D9
S2140326F0234B244A43F824009DF83830224E1B020D
S21403270022F814304FF4A04304F582300B2226F847
S214032710143003A900F5C070DBF778FD9DF834305C
S2140327201A4913F0040F17BF0123194B0B5536F83C
S21403273014300CBF1B7843F0080304F583300CBF3A
S2140327400B5526F814300122214400F58070DBF780
S2140327505DFD00210F4B104A1B782846234442F8A0
S2140327602310E7F713F80D4B1855284608F08AFB95
S2140327700B4A01201378013313709DE72874002059
S214032780944B002094620020A26200205969002026
S2140327901174002021740020C04A00209B69002089
S2140327A0AD690020054B1B78834206D90021044BF4
S2140327B0044A1B78034442F8231070472874002009
S2140327C021740020C04A0020074B084A18780023CB
S2140327D0D9B2884200D870471188013321F480515A
S2140327E022F8021BF4E700BF28740020A262002030
S2140327F030B585B004460D46E6F7C0FDA04202D8C4
S214032800172005B030BD20460EF00AFBC007F7D5EB
S21403281004F582300B2201A900F5C070DBF7CAFC71
S2140328209DF80E2001AB03CB69609107286030D476
S21403283012F0080F0CBF042303232B722046FFF766
S2140328409DFB154B68811B5D20466B730EF0D0FA1B
S214032850124A2873135D4FF47A7103F00F03AB73B8
S214032860135D002013F00F031FBF03F1FF32022393
S21403287093403C2218BF5343094A08BF0A2352F821
S2140328802420B2FBF1F29A422CBF00239B1A2B6141
S214032890B7E70223D1E700BF9B69002059690020F0
S2140328A0944B0020F8B51F4E04463378834237D046
S2140328B0FFF764FB4FF6FF77B84231D020463470FB
S2140328C0FFF704FA2046FFF759FB05460AF04BFAD2
S2140328D0012301461A4628460CF096FB2046FFF7CE
S2140328E02BFB0546E0B9104A1378013B1370F4F747
S2140328F0B5FB294620460BF00EFE80220B4B2046E6
S21403290023F814500A4B1A550A4B23F814500AF0AE
S214032910B5F92A46394611200EF098FCFF2333708A
S214032920F8BD00BF5F740020AD690020A2620020DE
S2140329309B690020946200202DE9F04F0E46154651
S2140329404FF000098BB01F469DF854309DF850A0F9
S214032950DFF84CB1049005939BF800205FFA89F4E6
S214032960A24207D84FF6F7739D421CD817F0020B06
S2140329703FD01AE02046FFF701FB804604F582307D
S2140329800B2207A900F5C070DBF714FC4FF6FF72A5
S2140329907EB9904516D14FF6F7729DF826309542CC
S2140329A003F0EF0311D94FF6FF7528460BB0BDE8C9
S2140329B0F08F904506D00822304607A9EAF7B2F80A
S2140329C00028E8D009F10109C6E79F4207F002088C
S2140329D02CD0F3F70FFC002857D12D4B2D4A1B782C
S2140329E0234412F823B020460BF0B6FDB8F1000FCF
S2140329F0DBD1E6F7C3FC284B1B788342D3D00021F8
S214032A0008460EF085F9FF280446CCD0059B014600
S214032A10CDE901A32A46334604980097FFF740FE04
S214032A200028C0D0F4F71AFBD8460FE02046FFF77D
S214032A30A5FAA842CDD1B8F1000FB6D13046E6F7D5
S214032A40A5FE164B1855304608F01CFA514620468C
S214032A500BF035FD2046FFF791FA05460AF083F999
S214032A6000230146012228460CF0CEFAF3F7C2FBF8
S214032A7028B9074B074A1B78234442F8238020468D
S214032A800BB0BDE8F04FFFF779BA4FF0000BAAE79B
S214032A9021740020C04A0020AD6900209B690020F5
S214032AA028740020F8B50026104F3C78F5B2AC42E7
S214032AB00FD800250E4B6400224629460D481D708C
S214032AC0E9F7E4FC22462946BDE8F8400A48E9F758
S214032AD0DDBC2846FFF7FAF8002128460BF01BFD5D
S214032AE02846FFF729FA0136DFE700BF28740020DF
S214032AF0AD690020A262002094620020024B802170
S214032B001A780248E9F7C2BC287400209B690020A3
S214032B1038B50EF02DF9FF28044616D00B4D35F8C0
S214032B2010301B0711D50A4B0A491B7801220B5498
S214032B30014400F5833000F58070DBF767FB35F85A
S214032B40143023F0080325F8143038BDA2620020A1
S214032B5011740020596900202DE9F04F794B054682
S214032B601B788946022B17468BB004D000263046C6
S214032B700BB0BDE8F08F0EF09AFC06460028F5D1A0
S214032B804FF6F9739D4262D04FF6F8739D4276D0A6
S214032B902B0A28460DF11E018DF81C308DF81B50AC
S214032BA0F2F708FC002814BFB0464FF02008B346DF
S214032BB014BF06230E23022229463846039300F049
S214032BC0EBFC01220446039B002840F0B880DFF8A4
S214032BD080A18DF818209AF800204946CDE9000018
S214032BE08DF81A208DF81D0006AA4FF6FC708DF896
S214032BF019800CF04CF881460028B7D00AF0B3F8D9
S214032C00B8420FD0484609F00EFF394604300EF09E
S214032C1056FB384604A90BF009FC70B1484604A9D4
S214032C200CF0C3F8484B1B78033B012B2BD84FF60D
S214032C30FF7148460AF0CCFC06469AF80030FF2B94
S214032C400EBF01230133DBB28AF800308FE74FF063
S214032C5008084FF0200B3C4B1B78033B012B85D910
S214032C600AF081F8B84281D10AF07DF8FC238DF88A
S214032C701B30FF2305468DF81C3006239BE74FF0D9
S214032C801008C346E7E70BF030FD80460028D4D093
S214032C900AF069F8A8422DD12C4B1A7852BB0321AF
S214032CA04846F3F727FE0028C7D09AF80030A8F85E
S214032CB0007088F80430002388F8053088F8083058
S214032CC00AF051F8A84202D1204B1B7853B10AF000
S214032CD04AF8B84206D12CB1237923F0030343F014
S214032CE00103237100224FF6FF710C200EF0AEFA9B
S214032CF00126A2E75946284608F1070200F078FCA9
S214032D000446002899D0002203214846F3F7F2FD33
S214032D100028CAD1237903F00303012B8DD10AF0CF
S214032D2022F8A84203D1094B1B78002B85D02379C0
S214032D3043F0030323714FF6FF7323807DE71646A4
S214032D4015E700BFB4690020B56900206074002051
S214032D50846A002037B50E4B05461B780C46033BAA
S214032D60012B11D9E6F72EFB01280FD0821E534202
S214032D705341590128460DF1070200F039FC18B1FA
S214032D80002144800BF098FC03B030BD1021F1E71E
S214032D90B56900202DE9F0438BB0857AB0F806902C
S214032DA004460E46174609F0DEFF8145804605F0C9
S214032DB0400541D1002160880AF019FA0246002E28
S214032DC044D1082304A9C14501EB03060CBF2349DC
S214032DD002A90868496803C6A2B3022100268DF833
S214032DE0172001228DF81010217A45F020058DF862
S214032DF01210A18808338DF81310090A8DF81410E1
S214032E00E188CDE900268DF81510090A8DF816100D
S214032E106088314604AA8DF811500BF038FF05463A
S214032E2080B1618809F036FD79003246284601F004
S214032E30FE01F3F75FFD06E0E08802A90BF0F6FA61
S214032E400028B7D100200BB0BDE8F0833068716866
S214032E5006AB03C345F010051023B3E7376A00201B
S214032E602DE9F74389461E460746904609F0DBFDE3
S214032E700021044630460AF0BAF9054609F107016F
S214032E80384601F02DFD7DB1B8F1000F02D103786D
S214032E901D44EDB2057063781A0716D569463046A9
S214032EA0F2F788FA024618B1002003B0BDE8F083B3
S214032EB00821684609F0E9FE0028F5D120460BF004
S214032EC047FF08226946E9F733FB09F04CFF014642
S214032ED0201D0EF0F4F96378DB0603D538460C495B
S214032EE00BF063FF3146A01C0EF0E9F93146384675
S214032EF009F0D0FC074A13780133DBB21370E37191
S214032F00A3790BB10120D0E70123A371FAE700BF31
S214032F10376A0020B2690020FF232DE9F04F8FB0F7
S214032F208146164605918DF822301AB301230BAA63
S214032F300BF035FB9DF836500446EF0625D50027E3
S214032F40059BBDF8308003F108024946D2B2082338
S214032F50009709A8CDE909770EF0B0FA3A4640463D
S214032F6009A9F8F7A5FC002840F08C80A90627D508
S214032F7010220DE013460BAA0BF011FB9DF83650FA
S214032F800446A80663D5062202E0AA0618D5082238
S214032F9000230599BDF832700A44CDE90933494642
S214032FA00093D2B2082309A80EF088FA384686F0B2
S214032FB0010209A9F8F77CFC002863D1002E46D04D
S214032FC0BDF8307009F0CFFE874249D038460EF080
S214032FD06EFA8046002E45D1BDF82EB00021584625
S214032FE00AF005F9BDF82C300390184606930EF048
S214032FF05EFA064609F0B7FE069B834242D0B64BFE
S2140330001B78033B012B3DD915F04003049339D1BC
S214033010039B0BB9002E35D09DF83570039B05F046
S21403302018051F44FFB2082D8DF835706CD1202388
S2140330300493002C40F041810BF057FB054608B380
S214033040002E40F0B28033460126B24674E0BDF847
S214033050327009F088FE8742B8D14FF00108BBE70B
S2140330604FF00108002C43D09C4BE279678803EBB2
S214033070C20633F83220BDF832309A4205D04FF6F6
S214033080FF7323800FB0BDE8F08FBDF82EA0B8F114
S214033090000F08D0002130460BF00EFBA6F802A066
S2140330A00BF01CF8EEE7BDF830000BF00DFB054601
S2140330B0414630460BF000FBA6F802A0884E2DB121
S2140330C0414628460BF0F8FA63886B800BF006F847
S2140330D03378002BD6D03B46002248460599FFF7A7
S2140330E0BFFE0028CED0394648460AF071FAC9E733
S2140330F00AF0F4FF7A4B1B78002BC3D0B8F1000F0D
S214033100C0D14FF6FF77E6E7102D01D1049590E77F
S214033110B8F1000F8DD1002C3AD0C2460021BDF87D
S21403312032000DF1220200F063FA03460028A9D00C
S214033130002E40F0CA8025460499BDF830000DF1F4
S2140331402302079300F054FA044600289AD0644AF0
S214033150079B1278002A78D0BAF1000F26D10246D0
S2140331602C466179B9427ED92546A4F802B0677128
S2140331701446002B00F09E809DF82230EA799A428E
S21403318000F09880002E40F08E80EB7100253FE023
S2140331900BF0ABFA044600283FF474AF4FF0010A75
S2140331A0BCE7002201261346DBE70126B8F1000F31
S2140331B01ED107F01CFD7E23B0FBF3F202FB1300C7
S2140331C005993A4605315FFA80FA484601F0AEFBA8
S2140331D04FF6FF71484609F05DFB039B032B2CD982
S2140331E0AAF17E0A022148465FFA8AF2F3F782FBC7
S2140331F0069BA5F802B02B809DF834306F712B71B7
S21403320000232B72002E42D19DF82230EB7101254C
S214033210B8F1000F3FF436AF484609A90BF0A5FDF9
S21403322000283FF42FAF2A4609A90BA8FFF7B2FDE3
S21403323028E7002625463446BBE7039B012B94BFAD
S2140332400AF1020A0AF1420ACCE7BAF1000FCFD11B
S2140332506979B94209D9A5F802B06F71002B8BD1F1
S214033260002E93D024E025461446049A002A3FF401
S21403327009AF8F427FF406AF039307F0B8FC8307CA
S2140332807FF400AF039BA5F802B06F7171E7FF23CD
S214033290EB71002CBBD001252379A4F802B023F0F0
S2140332A003032371B4E7FF23EB71002C3FF46EAFE7
S2140332B00025F1E7002CD3D168E7002E7FF471AF29
S2140332C0B24625460126534636E7BAF1000FB0D17B
S2140332D05646524645E700BFB56900200C620020FB
S2140332E02774002070B50C4B4FF6FF751C7800232F
S2140332F002460A489C4201D1002005E00688964211
S21403330006D1AA4201D10B7070BD8679002EFAD081
S21403331001330830DBB2EDE7267400200C62002090
S214033320002210B50A4B1C780A4BD1B28C4201D846
S214033330002010BD5988814204D11979890701D12B
S214033340997911B108330132EFE70120F1E700BFA5
S214033350267400200C62002010B5084B01461C782A
S2140333600023074AD8B2844201D8FF2010BD9142F9
S21403337003F10103FAD00832F4E700BF26740020F5
S2140333800C62002038B50446FFF7E6FFFF28054623
S21403339003D13F210B480DF0B2FE4FF6FF732046D4
S2140333A02380A37103210BF087F9074B07481A788C
S2140333B000210732D21002FB0500BDE83840E9F7CA
S2140333C065B800BFF4B30400287400208A6900209F
S2140333D0F8B504460026124D124F3A78F3B29A42D5
S2140333E009D800224FF6FF710F4B1D780F4BD0B252
S2140333F085420BD8F8BDFF2C02D0AB79A34202D18D
S2140334002846FFF7BFFF08350136E6E7FF2C02D054
S214033410187AA04201D1198019720A330132E6E7FD
S2140334200C6200202674002025740020E46100202E
S214033430FF28F8B504462CD0164B1B78834203D8D6
S214033440802115480DF05BFE4FF6FF75134A32F8E0
S214033450341002EBC4000379A94203F0030318D027
S214033460012B16D100220E4B1F780E4BD6B2B74255
S21403347003D8BDE8F840FFF785BF1E88AE4205D0E7
S21403348093F807C0A44504D0B14202D00A330132F0
S214033490ECE7F8BD26740020F4B304000C620020A9
S2140334A025740020E46100202DE9F74304F062FE52
S2140334B0324B1B78033B012B21D9314B1D88451B0F
S2140334C0ADB2E5B118804FF6FF7700202D4A13788A
S2140334D02B44C3F3C81403F07F0313702A4B2B4A01
S2140334E01E78C3B29E420DD800264FF6FF77284CAF
S2140334F0DFF8A09099F80020F3B29A4216D803B0EA
S214033500BDE8F0831388BB420DD0137999070AD11F
S21403351004EB9311022928BF022103F03F0389B26B
S21403352043EA8113137108320130DAE734F80A8C60
S214033530B84506D014F8043CAB4205D95B1B04F827
S214033540043C01360A34D5E709F00DFC804534F80F
S2140335500A3C04F8027C24F80A7C09D018460DF1CC
S2140335600701FFF7BFFE18B19DF80700FFF760FFDE
S21403357014F8030CFFF75CFFE3E700BFB569002010
S21403358038630020856A0020267400200C62002021
S214033590EE61002025740020F0B500244FF6FF7777
S2140335A003461048DFF844C006780F48E5B2AE423B
S2140335B001D800200FE005889D4210D13AB1012AB8
S2140335C016BFC57905793CF83550A94207D1BB42E9
S2140335D002D114238371F0BD057A002DFBD00A3087
S2140335E00134E3E725740020E46100200C62002028
S2140335F0F8B50D46114607461646FFF773FE002834
S21403360036D102464FF6FF7C1E4B1F4C1978D3B2B9
S214033610994206D800231C4C8B4221D1F8BD0834AE
S214033620F5E7B4F800E00132E645F8D1337001233C
S214033630278023710021A17165B1144B45F008055D
S2140336401A782571D31DDA103078114B02FB00303F
S214033650E8F71CFF2379204603F03F032371DDE7D9
S21403366022799209022AE1D001330834DBB2D3E788
S214033670037904469A071EBF23F0030343F00103AE
S2140336800371D7E7267400200C62002028740020FC
S2140336908A69002073B50DF107010546FFF722FE80
S2140336A040B103799A0705D113F0300404D043F0F0
S2140336B00303037102B070BD28460BF00DF8094BE7
S2140336C04FF6FF711D7823469DF80760064AD8B269
S2140336D08542EFD9D0790133B04204BF118011720D
S2140336E00A32F4E725740020E461002030B50A4B63
S2140336F0CC081B78094D0733DB1000FB034001237E
S21403370001F007018B402C5CDBB212B11C432C5436
S21403371030BD24EA0304FAE7287400208A690020EF
S21403372070B50B4B04461B78834204D840F24B21FA
S21403373008480DF0E4FC0025074E3378E8B28342D0
S21403374000D870BD00222146FFF7D0FF0135F4E70D
S21403375028740020F4B3040026740020FF2810D039
S214033760FF290ED0084BCA081B7801F00701073360
S214033770DB1000FB0323054AD05CC84000F00100C1
S21403378070470020704700BF287400208A69002015
S2140337900148F0F7CBBD00BF3A6300202DE9F047A0
S2140337A01E464D4B8CB01B681546074688469DF84B
S2140337B0509003F0080A09F0D6FAA8423FD1B9F1AF
S2140337C0000F14D06EB9ADF806603D4604242246B9
S2140337D0414628460BF01CF800F001000CB0BDE88B
S2140337E0F0870023ADF806303D4606243AE0384617
S2140337F00DF0BEFAFF28044605D0F2F7FBFC10B125
S2140338002046FEF7CFFF96B10023ADF80630F8F753
S214033810FDF80028E8D0062440460DF1060202A96A
S2140338200AF08AF9D8B94046F8F7F8FA17E0ADF87F
S2140338300660F8F7EBF80028C7D00424ECE73EB39D
S214033840BAF1000F2ED000230B24ADF80630B9F1E1
S214033850000F0AD1F8F7DAF82F460028DCD13D46E8
S214033860002EB4D0BAF1000FB1D004F004024146E2
S21403387042F0110228460AF0CBFF2246064641468E
S21403388028460AF0C5FF002814BF30460020A3E7E9
S214033890BAF1000F14D00124ADF80660B9F1000F99
S2140338A095D1D7E70B24284602A9F1F783FD0746EF
S2140338B068B902A807F00AFE20B9ADF80600EDE7DE
S2140338C00124F0E744F00204ADF80670E6E70023AF
S2140338D0ADF80630E2E700BF844D00202DE9F0473F
S2140338E01E46744B8CB01B7807460D461446DDF80F
S2140338F05080002B3ED009F036FA30B36E4B1B686F
S214033900980722D44FF6F7739C4233D843463A4679
S21403391031462046FBF7F2FE09F025FA854200F011
S214033920C5803046FEF75AFBA04203D10DF020FABD
S2140339300AF012FEBA1E534253412946002220467D
S2140339400CB0BDE8F0470BF05FBBE7B1F91ED1F151
S214033950000949EB01094FF6F7739C4216D9032178
S214033960204607F055F903233A463146204600958C
S21403397007F03DFA09F0F7F9A84200F097804FF6F2
S214033980FF739C42CBE74FF00109E4E72B463A4628
S2140339903146204605F073F82146CDE900082B464C
S2140339A03246384607F0E2FD80460146204607F0D9
S2140339B02FF9B8F1000F61D1B9F1000F12D100232E
S2140339C03A4631462046009507F011FA88F001037F
S2140339D02A4631462046CDF8009003F00103FFF750
S2140339E0DDFE99E7002FEAD003AA9246334B03F194
S2140339F0100E9446186859680833ACE803007345FC
S214033A006246F6D107A807F04EFA032330687168BA
S214033A108DF81C3008AB03C39DF8293007A843F084
S214033A2002038DF8293007F069FB90B1306871689E
S214033A3008AB03C3042307A88DF81C3007F05EFB0E
S214033A4038B1022307A88DF81C3007F057FB00286F
S214033A50B5D1514607A807F091FB0028AFD0F4F77D
S214033A6095FB0028ABD103233A4631462046009502
S214033A7007F0BDF909F077F9A84250E743463A46FE
S214033A8031462046009507F0B2F9B8F1010F9DD0F4
S214033A90B8F1020F7FF440AF284607A9F1F78AFC76
S214033AA020B93246284607A90AF079FE0CB0BDE8CD
S214033AB0F08700BFB0690020844D0020BA000500DF
S214033AC0044B1A880AB100221A8000210846F9F727
S214033AD0ABBF00BF3A63002000232DE9F0478EB04A
S214033AE004460D46CDE903334F7809F03CF950B14F
S214033AF0B64B1B689A0706D4092103A807F02FF9CB
S214033B000EB0BDE8F087204603A9F1F753FC06463E
S214033B10002840F05781022F3DD0042FECD1E5F763
S214033B2039FC002846D0E5F735FC022840F0228110
S214033B300DF12408334632464146304607F04DFC25
S214033B40012103A89DF8255007F03AFD2840FF28D9
S214033B5000F0348105AD284609F0A2F8002840F0AD
S214033B602F8195E80F0088E80F003A46414603A8E0
S214033B7007F06DFB0246002840F02081032303A9CB
S214033B80CDE9005320463B46FBF77EF900280CBFE1
S214033B9013210621B1E78D4B1B689B07ACD4023576
S214033BA0082229468A48E8F7BDFF0028A4D0E5F78F
S214033BB0FDFB08B91121A0E7864B874E1B78FBB99E
S214033BC0FFF77EFF3088002860D103AF29463846CA
S214033BD007F067F9002800F0CA8028460DF10A01AD
S214033BE0F1F7C2FB40B90DF1240A504609F058F824
S214033BF08046002800F08780FFF762FF0F217CE7EE
S214033C003088002842D101460CF006FF3080002899
S214033C103AD001230822304603A9F0F7CBFD98BB20
S214033C200123082229463046F0F7C4FD60BB012372
S214033C300222694809A9ADF82440F0F7BBFD034604
S214033C40308823B1002848D04FF0100920E00CF04C
S214033C508BFE61490746204601F0CAFC30880CF00B
S214033C6083FEFFB2874209D1FF238DF82430012358
S214033C7059481A4609A9F0F79DFD28B900210120E5
S214033C80F9F7D2FE0C2138E73088DBE74FF0070957
S214033C900CF04EFE074630880CF04AFE348811219D
S214033CA000F10808204600F02DFE1021824620462B
S214033CB000F028FE0822044603A94046E8F732FF30
S214033CC0002840F08180082229463846E8F72AFF74
S214033CD0002879D1B9F1070F01D010210DE704EBC5
S214033CE00A244546A4B271E730884FF0010828B18C
S214033CF0122100F007FEFF2881461ED12A46B94648
S214033D002046402304E03A46A9464346BDF80A0047
S214033D1043F00303CDE900A349460323FBF7B4F8B6
S214033D2000283FF469AF0721484607F018F8B8F1B2
S214033D30000FD9D0FFF7C4FEE2E6002108460CF0D8
S214033D406BFEADF8140048B1204605A901F050FCFF
S214033D50BDF814000CF008FE0028CFD114230093FE
S214033D604A4639462046338801F0FAFBC6E7FFF792
S214033D70A7FE1FE7E5F70EFB012801D00621BCE6E8
S214033D8005AD324633462946009603A8F9F75EFD8D
S214033D90024608B10A21B0E60C4B20461B6803A96D
S214033DA05B0003F0040343F00303CDE900533B46F3
S214033DB0FBF76AF80028E1D113219EE605219CE66D
S214033DC012219AE60B2198E60E2196E6844D0020F2
S214033DD0376A0020546900203A630020012330B577
S214033DE00D4C85B022788DF80430D5188DF8052053
S214033DF00E228DF806200A682570CDF807204A683B
S214033E0001A9CDF80B200B22F0F7D4FCB0FA80F012
S214033E10400905B030BD00BFB1690020014B1878DA
S214033E20704700BF866A0020142230B58BB0054663
S214033E300DEB02011548DAF7BDF910BBBDF81430D7
S214033E40DA0720D413F0060FC3F3410208BFC3F307
S214033E5041220F4B0DF116019C5C68462246E8F79B
S214033E60A5FCBDF8263004F128026A4402F8283C73
S214033E7002341B0A02F8273C69462A46E0B209F0D8
S214033E8038FE0BB030BD2320FBE700BF703214E0D2
S214033E90CA00050010B58AB0ADF826200022CDE989
S214033EA0052204920CAA02924FF6FF720446AC2136
S214033EB001200192064A039004FB0122603200921D
S214033EC04CF620010DF126020AF0C4FC0AB010BD20
S214033ED0045B002000B58BB0ADF824309DF830307D
S214033EE003208DF82630002303900A4909A8CDE95C
S214033EF00130CDE90533049301F160030093B1F873
S214033F005C3002204CF660410AF0A4FC0BB05DF86E
S214033F1004FB00BF045B002010B54FF6FF741E4A77
S214033F208AB0B2F86800B2F85E10A042ADF8260078
S214033F30B2F85C304FF6FD70ADF8241018D081420D
S214033F404FF0000094BF48F660014CF66001CDE9DF
S214033F500500CDE90300CDE9010094BF09AA60324C
S214033F6000920DF1260204200AF074FC0AB010BD7C
S214033F7081424FF000008CBF603209AA00928CBFCA
S214033F804CF6604148F66041CDE90500CDE90300F3
S214033F90CDE90100014AE6E7045B00206E5B0020E2
S214033FA000B50E4B0022B3F85E308BB0ADF824306C
S214033FB04FF6FF73CDE90522CDE90322CDE90122B1
S214033FC009AA00924FF400610DF126020720ADF80E
S214033FD026300AF03FFC0BB05DF804FB045B0020C0
S214033FE030B58BB08DF825301B0A8DF826300023AC
S214033FF00D4991F85840CD6DB1F85C00CDE9053315
S214034000049307236031039308ABCDE901030091C2
S2140340104FF6FF734CF62041082008958DF8244090
S2140340200AF018FC0BB030BD045B002070B54FF6E9
S214034030FE76294C1D46B4F85E10B4F85C30B142E7
S21403404094F85C00A2B04FEA132321D14FF4404109
S2140340506034ADF808108DF80B008DF80C3003CCE7
S2140340600DF11504CDF80D00CDF811102270120ACB
S2140340706270002211461046A270E270ADF8062068
S21403408008F0AFFCADF8060090B9002022B070BD72
S2140340904FF400448DF80D10090AADF808408DF86A
S2140340A00B008DF80C308DF80E100DF10F04DDE7C4
S2140340B0043402A9621A012392B20DF10600F0F746
S2140340C079FB0028E1D1BDF806002A4601210CF051
S2140340D07BFCBDF80600D9E7045B0020202A10B558
S2140340E0144614D8012A04D10C88B4F5004418BF2A
S2140340F00124620030B10748E8F71AFA064B00209D
S2140341001C7010BD0548E8F713FA054BF7E72120A6
S214034110F7E700BF3C630020876A00207C6300202B
S214034120886A00202DE9F047104617460DF0C5F8BB
S214034130DFF814A1DFF814919AF8003099F80020FC
S2140341400546134302D10020BDE8F08710F440680B
S21403415000F0400619D186BBB0F5804F5CD24FF411
S214034160807400239AF80000344AD9B288425DD896
S214034170002399F80000324AD9B28842E3D932F8CC
S214034180021B0133A142F7D155E0F81C0DF095F858
S2140341904FF6FF73984214BF0124022486B1052606
S2140341A005F44043B3F5004F44F0080424D0B5F5B6
S2140341B0804F23D244F4807420E044460326EFE77E
S2140341C0B5F5804F4FF00506F4D3B8F5406F14BF2E
S2140341D002200820304438440DF06FF8194B05F4DC
S2140341E04045B3F85C3083420CBF44F0080444F007
S2140341F00404B5F5004F01D144F08004B8F5006F10
S2140342000ED1B8190DF059F80E4BB3F85E30834251
S214034210A7D144F01004A4E7444603260220D9E7B6
S214034220B8F5406F08BF44F020049AE732F8021B43
S2140342300133A14299D1012086E700BF7C630020A9
S2140342403C630020045B0020886A0020876A002005
S2140342502DE9F04F104685B0164698460DF02DF81A
S2140342605D4F00F00803B7F85C10044600F007093A
S214034270F01C02930391B7F85EB00DF01EF806F13A
S214034280050A054650460DF018F803464FF6FF702C
S214034290854218D00399A1EB050CDCF1000545EB2C
S2140342A00C056D004FF6FF718B420ED145F00405E9
S2140342B00CF00EFE029B6BB1B9F1000F11D0422039
S2140342C005B0BDE8F08F0125ECE79B4508BF45F038
S2140342D00805EDE7B9F1030FF1D8DFE809F0021B93
S2140342E0795D0CF0F5FD08B9A807E8D524F00804B5
S2140342F0A4B2B4F5004F05D0B4F5624F02D0B4F5BE
S214034300404FDCD10025294697F8A820002008F066
S21403431068FB3CE0D7F88030E3B900213246084614
S214034320FFF700FFD8B948F6410224F038039BB2E2
S2140343309342C4D10A2D49D0062DC0D197F87730C1
S214034340023B012BBBD8EEF7AFFF0028B7D140F6F0
S214034350040505E04146304698470028DDD0082589
S214034360E20648BF45F08005A30648BF45F48055DE
S21403437005F00C03042BC6D1F01D0CF09EFF97F836
S214034380A8303246009341462B4608F0FFFA08B39E
S2140343900E9B1880002093E7A90705D14FF6FF73FD
S2140343A0B7F85C209A428AD104F44063B3F5006FF1
S2140343B00AD0B3F5406F82D1082250460749E8F782
S2140343C0B1FB00287FF47BAF0C25C9E70425C7E7BC
S2140343D0432075E7192073E7045B0020645B002025
S2140343E0034B1A781AB1FF2A04BF00221A707047CB
S2140343F08A6A002070B5084C084E2378F55C1DB118
S2140344003E2107480CF07BFEFF2223782846F25411
S2140344100023237070BD00BF896A00208A6A0020CB
S21403442002B40400034B044A1B78D05CFF3818BF61
S21403443001207047896A00208A6A00200023074A01
S21403444007491360074A1360074A1360074A116057
S2140344500121074A1170074A136070473C5C00202D
S214034460DFE90300385C0020345C00203073002052
S21403447061740020445C00200E2A70B50C46064684
S2140344801546194603D9FFF7D9FF502070BD0128FA
S21403449007D10020EEF722FFB0B1FFF7CFFF2120B0
S2140344A0F4E780220021224B1A70224B1960224B1C
S2140344B01B684BB134200CF0AFFA204B188018B9A8
S2140344C0FFF7BCFF0120E1E724F0FF6323F4FF239B
S2140344D01BB1FFF7B3FF4F20D8E774B92046EEF7BA
S2140344E017FF0124032510F0800F43B21BBF00F013
S2140344F01F039C409C4044F078440020104B24F05B
S21403450078441E700F4B10491D70104B1C60104BE7
S2140345101870104B1A68EFF797FA18B1FFF78EFF6B
S2140345200420B3E79DF810200B4B1A70AEE700BFCC
S2140345308B6A0020405C0020345C0020BC630020B3
S214034540906A00208E6A00203D480300445C0020E9
S2140345508F6A00203C5C00208C6A00207FB5244BC9
S21403456000251A7801232348234903FA02F2007828
S2140345701A440A60ADF80E5020B3984236D11F4C49
S2140345801F4B20781B680DF10E0198471D4EBDF892
S2140345900E20307092B11C4B294600932846022306
S2140345A00195EFF78BFA3278237822B1012A12BFEE
S2140345B01B230133DBB2237004B070BD013818BF70
S2140345C00120F0E778235A43013A0A6008220F498C
S2140345D00CF068F90B49094A0978137821B10129C7
S2140345E012BF1B230133DBB21370E5E71846E3E77C
S2140345F08E6A0020906A0020485C00208F6A0020A4
S2140346003073002061740020794803005D0E0400B7
S214034610024B1868003818BF01207047345C00202E
S21403462037B505461C460CF053FC68B974B1084B05
S2140346301A60084B0A461C6001232946009303238D
S214034640FFF71AFF03B030BD4D20FBE72520F9E73F
S214034650305C0020385C002013B504460CF038FCB0
S21403466058B962B1074B1A6001230A4600932146E4
S2140346700323FFF701FF02B010BD4D20FBE7252003
S214034680F9E700BF345C00202DE9F0410446DDE97C
S21403469006861D469DF820700CF01AFC88B99EB15C
S2140346A0A2B10B4B01201A600A4B0A46C3F80080DE
S2140346B0094B21461E602B460697BDE8F041FFF7DF
S2140346C0DBBE4D20BDE8F0812520FBE72120F9E77E
S2140346D0307300203C5C0020385C00200148EFF774
S2140346E025BE00BFBC6300202DE9F0410020EFF794
S2140346F019F9114B114C1E68114B20881D68114B7C
S214034700114FD3F8008010B13978EFF7E9FF002096
S2140347103870FFF793FEEFF723FC0EB14046B04721
S2140347203DB12088A84700232380BDE8F0410CF064
S21403473061BDBDE8F08100BF385C0020BC6300208B
S214034740345C0020445C0020916A0020F8B52F48B2
S214034750F0F7DCF82E4B187830BBEEF7D9FD2D4F6B
S21403476006463B6803B32C4B2C4D1C6824B195F9C5
S21403477000301A461946A047294B1B6883B1294CBB
S2140347802378312B0CD8284B18880CF0D1F82378D3
S2140347905A1C22702A78C25423785A1C2270C65494
S2140347A080232B7000233B60204C23781A2B22D8BF
S2140347B01F4A1278012A09D100211E4A156825FAD4
S2140347C003F0C007DAB20ED501B122700020EEF76F
S2140347D09FFD2178884212D10022174B1A70FFF7EB
S2140347E0BDFE40B9F8BD0133D8B21A284FF0010117
S2140347F0E5D90A442270BDE8F840FFF775BF0020EC
S214034800EEF798FD0028E7D0F5E700BF34730020E5
S214034810906A0020405C0020305C00208B6A0020F9
S214034820345C0020916A0020BC6300208F6A00205D
S21403483061740020445C00208D6A002008B50B4B91
S214034840187880B90221EEF737FD094B1B782BB198
S21403485000214FF6FF720846EEF710FDBDE808404C
S2140348600448FFF773BF00210846ECE7906A002070
S2140348708C6A00203473002038B5144B0C461D7820
S214034880012D21D181B90846EEF742FD104A05FAFB
S21403489000F013680F4923EA0003136020462A46F4
S2140348A0BDE838400BF0FEBF0B4A13780133DBB28A
S2140348B0022B137004D9BDE838400848FFF746BFFB
S2140348C0FFF74CFE0028F6D138BD00BF906A0020E3
S2140348D0445C00205D0E04008D6A002034730020C3
S2140348E038B50C4605460CF03FF8A04203D82D21F8
S2140348F003480CF004FC28460CF01AF8204438BD94
S21403490016B4040070B506460D460CF011F80446BE
S21403491048B130460CF028F8A84203D8352102489F
S2140349200CF0EDFB605D70BD16B4040070B50C466C
S214034930064615460CF018F8A04203D83E21044854
S2140349400CF0DDFB30460BF0F3FF00B1055570BDF0
S21403495016B404002DE9F0431E46574B8FB01B7860
S2140349600746033B012B0C4615469DF8588007D88F
S214034970F4F718FA20B1F0F71DF908B144F400541F
S2140349804E4B1B7813B924F40074A4B2200509D542
S21403499046B9284604A9F0F70DFD002846D024F4AE
S2140349A00064A4B2ADF81840ADF81A5008F0DBF96D
S2140349B0434BADF81C00B8F1000F02D01A784245FD
S2140349C001D293F800803F4AE105137848BF0DF102
S2140349D0210103F10103DBB2137058BF08A92205B6
S2140349E08DF81E808DF81F3006D53368083141F8E0
S2140349F0083C736841F8043CE30407D5324A08319F
S214034A00136841F8083C536841F8043C0DF1180854
S214034A10A1EB08005FFA80F9002148460BF0FCFF83
S214034A20064628B900200FB0BDE8F08304AEB9E708
S214034A300BF07EFF41464A46E7F7B8FE30460BF0DA
S214034A4093FF804630460BF073FF00230246009325
S214034A504FF6FF7004235FFA88F107F097FFADF86F
S214034A600E000028DED040F201131C421AD14FF686
S214034A70F7739D4216D80BF077FF0DF10E0104462F
S214034A80284600F0B5FDBDF80E000BF06DFFE4B24E
S214034A90A04207D9BDF80E0007F0C5FF437843F0E0
S214034AA004034370BDF80E003A4601210BF08CFF59
S214034AB0BDF80E00B7E700BFB5690020B069002057
S214034AC013740020B2690020376A0020F0B5082965
S214034AD0D58889B028D00C2926D0AE0424D405F076
S214034AE040030B43424C267816B105F020042343BB
S214034AF02FB2002FB8BF43F08003032920D112231F
S214034B00AC068DF80430937A10D48DF805300DF189
S214034B10060401A9621A012392B2EFF74BFEB0FA1C
S214034B2080F0400909B0F0BD0B46DBE732228DF872
S214034B3005308DF80420002EE9D00DF11304E8E7C4
S214034B400C298DF804300ABF138953798DF8053084
S214034B50548805BF1B0A8DF806308DF805300DF115
S214034B60070318BF0DF106031C70240A5C70148833
S214034B7002399C70240ADC70147901291C7111D83F
S214034B80917A002F597131DA022112899971DA71FB
S214034B90120A03F109041A72002EBAD0AB06B8D56E
S214034BA00534B6E7A9071AD4002F0CDA117A51B1E7
S214034BB0917A59711189127A03F1080492B102228B
S214034BC09A71D971E8E70B4C217801F1010C84F84E
S214034BD000C091729C1D002F5971DDDAEAE7917AC5
S214034BE09C1DF8E70122090A9A71EAE79C1DD3E7A0
S214034BF0B0690020B1690020014B1880704700BFE0
S214034C00BE630020014B1888704700BFBE630020B8
S214034C102DE9F84307460CF06BFA05461B480CF0E3
S214034C20DEFB1B4B60B31C683C1B2C44A4B2002267
S214034C30184BDFF868901B78174D03EB830399F83E
S214034C40006005EB43055FFA82F846450AD9AB8850
S214034C5005F10A00A34216D90A23B21A29465A4373
S214034C60E7F766FC013689F80060AC80B8F1000F00
S214034C7003D1394605480BF047FF2846BDE8F883BD
S214034C803C461D60D3E705460132DCE7547300203B
S214034C904C5C0020926A002060600020936A00202B
S214034CA01FB5154A154C1378013BDBB213706168C8
S214034CB0206801AA03C221891180114A1278D218EA
S214034CC005D00A2320465A43E118E7F731FC9DF83E
S214034CD006301B070DD0BDF80C00FFF799FF0346FF
S214034CE08288ADF8082001AA03CA128818605960A2
S214034CF01A8104B010BD00BF926A002060600020D5
S214034D00936A0020002108B5084B09481970094B1F
S214034D101970094B1A7802EB82025200E7F7B6FBCA
S214034D20BDE808400548EFF7F1BD00BF936A0020D1
S214034D3060600020926A00201F74002054730020D5
S214034D40F8B50024084D094F094E3B783178E2B296
S214034D500B449A4204F1010400DBF8BD2846EFF742
S214034D60E5FA0A35F1E700BF60600020936A002089
S214034D70926A0020F8B516460C4B0D4A1B7812783B
S214034D80074613440B4A0D46127893420CD030461E
S214034D90FFF73EFF013506810780857004460CF059
S214034DA0A2F9E0800120F8BD0020FCE7926A00200B
S214034DB0936A00201F74002010B5064C207828B193
S214034DC00548F5F799FD10B1034B188810BDFFF79A
S214034DD067FFF3E7926A00206060002008B50A4A7E
S214034DE00346107860B1094A1088984209D121B960
S214034DF09378103323F00F039370FFF751FF0120CE
S214034E0008BD0020FCE700BF926A00206060002017
S214034E102DE9F74F00260CF06BF9DFF8F890B24651
S214034E2099F80070B3463A46DFF8EC801FFA80FE26
S214034E30B8F800C0344CAEEB0C039BB20193237856
S214034E40324D009303EB830305EB4303ACEB0E0CED
S214034E505FFA86FEBE4515D3BAF1000F01D0009B5C
S214034E602370BA422AD3002F37D00A222378C8F8F1
S214034E70000002FB03532648998803B0BDE8F04FB1
S214034E800BF042BEB3F804E001998E4512D84FF0FA
S214034E90010A009993F802E001310EF1FF3EC9B210
S214034EA0013AA3F804B083F802E00091D2B20A33C1
S214034EB00136CDE7E644A3F804E0F8E789F80020D6
S214034EC04AB10A222378C8F8000002FB03531048AD
S214034ED099880BF019FE237813B903B0BDE8F08F59
S214034EE0FFF76AFF06460028F5D007F0BDFC01462B
S214034EF0304608F06DFB20B100212888FFF76EFFCF
S214034F00E9E740F60241F8E7926A00206060002075
S214034F1054730020936A00204C5C00202DE9F04176
S214034F2092F808801F4608F1FF33DBB2EF2B0546E5
S214034F300E46144688B00BD982238DF80E303146C0
S214034F4028469DF80E30204AFBF774FA012037E016
S214034F500E22002104A8E7F799FAB4F809308DF871
S214034F601180ADF81230E37A03F07F02032A08D0EB
S214034F70012B24D103238DF81030A389ADF8153007
S214034F800EE0032B14BF022301238DF81030E368D1
S214034F90CDF815302369CDF81930237D8DF81430FC
S214034FA0A7F121014A420DF10E034A41009321461F
S214034FB00DF10F0304A8FAF793FD0028BFD10020D4
S214034FC008B0BDE8F08100BF3E6A04002DE9F04F4B
S214034FD000241D7895B0CDE90201049223462246AB
S214034FE00120CDE90054404909F0F5FDADF81E0057
S214034FF0F8B1A346264627460DF120090DF1380AD7
S214035000E4F7B6F95FFA84F8404516D83A46022123
S214035010BDF81E00FFF78AFC32460421BDF81E00C9
S214035020FFF784FCDDE903100022BDF81E30FBF712
S21403503001FA012015B0BDE8F08F4A4640460AA99A
S214035040FAF740FD9DF8282022B12DB1013DEDB2BF
S2140350500137FFB20134D3E7BBF1000FF8D199E86B
S21403506003009DF829308AE803008DF84030BDF828
S2140350702A30032A8DF841304FEA13238DF8423045
S21403508017BF032301238DF843309DF82C30DDF83A
S2140350903110DDF82D0014BF8DF84C308DF84330F9
S2140350A011AB03C302980CBF4FF00E084FF0150860
S2140350B008F058FF0590BDF81E000BF055FC059947
S2140350C000EB080399420BDB0123424651460DF1E0
S2140350D01E00EFF76FFB0028ABD10136F6B2B7E739
S2140350E04FF0010BB4E700BFEBB3040038B5054639
S2140350F00D4B0E481C88EFF7F5FB012D0CD10C4B1E
S2140351001C88FA21614358B1884209D28408012CCD
S214035110204638BF012038BD022D08BF0224F0E721
S21403512002480BF0F1FCF2E75C600020504C0020D4
S2140351305A600020012208B5054B06481A70002164
S2140351400BF0E2FCBDE808400020FFF7CFBF00BF2E
S21403515081690020504C00201E4B73B51A8802F15B
S21403516008039BB2012B02D81B4B1B7823B902B052
S214035170BDE87040EFF7CABB0024184B184D1C70EF
S214035180184B1C702B787BB14FF6FC73164E0093AE
S214035190224623462146308809F022F94FF6FD734E
S2140351A02C70338001200FE0104B10461978F4F76B
S2140351B019FF0028F6D10C4B1A884FF6FD739A4256
S2140351C0F0D0012302202B7002B0BDE87040FFF739
S2140351D08DBF00BF5E6000208169002084690020C7
S2140351E082690020836900205860002085690020BA
S2140351F0012808B50AD002280CD020B9084B18702D
S2140352000848EFF783FB4FF0FF3008BDBDE80840C2
S214035210FFF790BF0020BDE80840FFF767BF00BF59
S21403522081690020504C002002280CD859B1064A48
S21403523013780133DBB21370044A12789A4202D809
S2140352400220FFF7D5BF70478369002086690020D8
S21403525038B5A0F61343012B04460D4615D80E4A5F
S21403526013780133DBB213700C4A12789A420CD8C7
S2140352704FF6FD720A4B00201988914201BF0022A7
S2140352801D80084B1A70FFF731FF29462046BDE8FC
S214035290384005F0FABC00BF846900208769002007
S2140352A0586000208269002000234FF6FD71054AEE
S2140352B01370054A1370054A1180054A1370054A90
S2140352C013707047846900208369002058600020AB
S2140352D0826900208169002030B5094B02461B789D
S2140352E033B1084B084C19780023D8B2884201D34F
S2140352F0FF2004E0013334F823509542F5D130BD46
S2140353001E74002089690020386000200022FF21D7
S214035310044B05481A70054B1970054B1A78920012
S214035320E7F7B4B8896900203C600020886900204C
S2140353301E740020F7B58DF807100DF1070104461B
S21403534003F048FC234B1D78002D41D02046FFF781
S214035350C3FF214EFF283178204B05D1204A107811
S21403536085422DD9451C1570884219D01C4A1B4D01
S21403537092F800C00022D7B2BC450CD92F4697F846
S21403538003E00132864505F10405F4D102B203EBCE
S2140353908202D278FA7002B203EB8202D1703070C6
S2140353A002B203EB820123F82240FF228A709DF8A3
S2140353B00720FF2A02D003EB8203987003B0F0BDE8
S2140353C00A46104603EB8202D278FF2AF9D1CBE7CE
S2140353D0FF20F3E71E740020886900203C6000204D
S2140353E0896900202DE9F843FFF776FFFF28044676
S2140353F069D04FF6FF72354F03B2DFF8DC80344EC8
S21403540027F8232098F80050A54202D10020BDE8D3
S214035410F883337820B28100A34207EB800090F82C
S21403542003E010D00023294A5FFA83F94D459446DA
S21403543006D99CF803900133A14502F10402F3D187
S2140354408CF803E001E086F800E0013DEDB22A1B8C
S214035450D2B2043192003944E7F76AF888F800506C
S2140354603378FF2B04D0A34224BF03F1FF333370FA
S21403547000214FF6FF70154BCAB2AA420CD3002385
S2140354804FF6FF71134ADCB2AC42BBD2013332F89B
S21403549023008842F7D1B5E79A78A2420BD1188049
S2140354A0DA78FF2A04D0A24224BF02F1FF32DA7070
S2140354B001310433E0E7FF2AF2D0A24224BF02F10F
S2140354C0FF329A70ECE72D20A1E700BF3C60002076
S2140354D0886900203860002089690020F8B51C4BD5
S2140354E005461B78084673B3FFF7F6FEFF28044607
S2140354F029D02846FFF7F0FEFF2806D0154B164E98
S2140355001A780023D9B2914218D3FF212846FFF711
S21403551011FFFF28014616D00546104F23B207EBAE
S214035520830237F823009678FFF704FFA84208BFE4
S214035530FF25FF2E214608D12846F8BD013316F86D
S21403554023108142DED1FF25F6E73446E6E700BFA7
S2140355501E740020896900203A6000203C60002009
S2140355602DE9F04180460E461F46002386B001A86B
S21403557014469DF830508DF80330FCF74BF8ADF821
S21403558004802EB13368CDF806307368CDF80A3040
S21403559038460BF0CDF90DF103034219214601A855
S2140355A005F07FFB9DF8033093B931464046E4F798
S2140355B001F90E4B1B785BB10B2C09D8FF21404633
S2140355C0FFF7B8FE064605EB4404E4B2A54202D153
S2140355D006B0BDE8F0812946384609F09FFA314601
S2140355E0FFF7A8FE02350646EDB2EFE71E7400206D
S2140355F000232DE9F3470DF107028DF80730044623
S2140356000E4603F0D2FA9DF80730054663B92046E6
S214035610FFF762FE04465EB130880BF0A5F95FFA29
S21403562080F8FF2C45D10025284602B0BDE8F08758
S214035630B046F6E701320C2AF5D02DB207EB850506
S214035640AD78FF2DF6D112F0FF0AECD04FEA4A05EB
S2140356500235EDB2002EE7D0304605EB080109F01F
S21403566022FA0028DFD1524641463088FFF75EF91A
S2140356700AF1FF3208F1010108F102093088D2B2BB
S214035680C9B25FFA89F9FFF751F924B207EB84042C
S214035690A478FF2CC8D023B2494637F82320308895
S2140356A009F04CFA0028BED109F102095FFA89F91C
S2140356B0EBE725460022014FBFE700BF3C60002012
S2140356C0FF2818BF064B10B51BBF03EB800433F847
S2140356D020302D200B801EBFA3780020137010BD32
S2140356E03C60002008B5D0F7C5FDCFF78FFF00F06C
S2140356F0D2FCD2F77BFABDE80840CFF727BB10B53C
S214035700044601880120D0F773FEE3880BB9C8234B
S214035710E38010BD37B50446D0F778FE658885422A
S2140357200ED8A188E288814205D3431B5343491B05
S214035730B3FBF1F39AB280B240EA024003B030BD45
S2140357400022F8E770B50C46088800F0D6FB94F8FC
S2140357504430054683420FD004F11C06304600F061
S2140357600FFC84F8445000F00FFC618BA0643046B5
S214035770BDE8704000F0FFBB70BD38B5044690F836
S21403578044108378826CCB1A59425941CFF74EFBAB
S214035790E37893B1257985B900F0F6FB0346A26852
S2140357A0218A04F11C009C1A8C4236BF52182946E3
S2140357B0D11ABDE8384000F0DEBB38BD10B590F80E
S2140357C09E30CA1802F03F02024492F85D404A1C1B
S2140357D002311A440B4402F03F0203F03F03024433
S2140357E0034492F85D2093F85D301B0443EA0223DA
S2140357F043EA040010BD0023C0E903337047836AFD
S2140358000B60C36A4B60036B8B6070470B4610B527
S21403581004461C2200211846E6F738FEA2880280BA
S214035820E288428022898280E2688260227E027356
S21403583010BD30B50A44914200D130BD90F89D307A
S21403584090F89E40013303F03F039C42F5D090F856
S2140358509D4011F8015B044484F85D5080F89D3048
S214035860E9E7CFF75BBC00B1A030704738B5044614
S21403587000F06CFB204600F065FB0546204600F072
S21403588063FB204600F061FB284638BD30B129B1E2
S214035890436D0B60836D4B60C36D8B60704790B137
S2140358A089B1C38D0B80038E4B80438E8B80436BF5
S2140358B08B60036C0B61436C4B6190F83C300B764A
S2140358C090F83D300B73704738B5044638B190F8FE
S2140358D0893013B190F83D3013B9B4F9320038BDAE
S2140358E000F052FB236AC51AB5F57A7FF5D394F90F
S2140358F0060000F027FB41F28833584347F2305343
S214035900B0FBF5F0984228BF1846E36D584300F500
S2140359100040000CE3E77047CFF76CBCCFF77ABCC8
S21403592010B590F888300446052B0BD194F83C301C
S214035930808843B100F0D7FA002384F83C30002374
S21403594084F8883010BD00F0C4FA0123F5E770B57B
S2140359500446002855D090F88930002B51D000F02B
S21403596013FB064694F90600FFF780FF054694F9F5
S2140359700700FFF77BFF47F23052954288BF0025AA
S214035980904288BF0020C82202FB05F142436264AE
S214035990E26D21646A4302F50041090C6186A16B3E
S2140359A01144A163A26BB2F1347F1DD294F8881020
S2140359B0256539B194F83C20EAB1626DA064424390
S2140359C0120CE28501231944204684F8881084F8D3
S2140359D03D302662FFF7A4FF04F1600041F28831F0
S2140359E0BDE8704000F0C7BAA2F13472A263626BDE
S2140359F001326263D6E7A26DE0644243120C22864C
S214035A00E0E770BD10B5044660B10023C0E90D336E
S214035A1090F90600FFF72AFF94F90700BDE8104047
S214035A20FFF724BF10BDFFF7EDBF28B190F889300C
S214035A300BB18C307047184670477047034690F892
S214035A40340028B193F8350083F83A10D0F7DEBE59
S214035A5018889B7811B11BB900F045BA002BFBD10F
S214035A6000F037BA38B590F83A3090F83B10044651
S214035A708B422DD01422058F132DB5FBF2F203D8DB
S214035A80BDE83840FFF7DABFC81A90FBF2F2002AE7
S214035A901BD1002804DC013B9942B8BF194603E03A
S214035AA001339942A8BF19462046C9B2FFF7C6FF7D
S214035AB094F83A2094F83B309A4209D004F13C001B
S214035AC01421BDE8384000F056BA1344E4DDE8E795
S214035AD038BD38B58388044633B3C37800F10C0564
S214035AE08BB10021C170FFF7A9FF4FF6FF72A388A1
S214035AF0218993421CBF03F1FF33A3802846BDE8E8
S214035B00384000F038BA0123C37090F834304BB1F4
S214035B1090F83610002908BFFF212046FFF78EFFB6
S214035B20E188EBE7FF21F8E738BD0122C2700022C7
S214035B30828090F8342003461AB190F83610CFF7D7
S214035B408BBB9B7800880BB100F0C3B900F0CBB9D0
S214035B50002190F834200346C17081800AB1CFF744
S214035B607BBB9B7800880BB900F0B3B900F0BBB9D8
S214035B7010B590F834300446A3B190F8363013B914
S214035B80FF2380F83630A1782088B1FA81F14909DD
S214035B90D0F7A0FD00230028B2BF84F8343084F881
S214035BA0350063872046BDE81040FFF7D1BF90F865
S214035BB0342080F836101AB1C3780BB1CFF74CBB3C
S214035BC070470187704770B50446054600262B4686
S214035BD055F8040B10B11B1B0C2B00DD70BD237C8A
S214035BE08680002BF3D0637C13B1FFF79EFFEEE7AE
S214035BF0FFF7AEFFEBE7FFF7E6BF70B504460546D3
S214035C004FF6FF762B4655F8040B10B11B1B0C2BD7
S214035C1000DD70BD8388B342F4D04FF4FA724FF6BA
S214035C20FF731146CFF73CFBECE788B139B1E623A7
S214035C30418059434FF47A73B1FBF3F101803AB1D3
S214035C40E623C2815A434FF47A73B2FBF3F282819E
S214035C507047F0B5059E9DF818409DF81C50002827
S214035C6058D0477C002F35D0002C33D00024C0E911
S214035C700444846184890CB1B4424DDDC4890CB1FB
S214035C809C4249D90488002C61D14688002E71D0E5
S214035C900CB99E4270D8436923B901290B4638BF15
S214035CA001234361C4F1020404744FF47A74436914
S214035CB0CA1A838863439A422CD30123437400236E
S214035CC04361C37C042B2ED8002D45D0438904FBA7
S214035CD0031338E090F812C0BCF1000F05D006237A
S214035CE00374201E18BF0120F0BD7FB1002CC1D164
S214035CF085B1836973B1CB1A002B0BDBC37CC0E978
S214035D0005440133C37444740220EDE7002CB1D17B
S214035D10446104740020E7E70123437400234361CE
S214035D20C37C042B07D9012383740623037400233F
S214035D3083610120D8E7032303746DB14FF47A72AD
S214035D40438902FB0313012B38BF0123F0E7B44258
S214035D50CCBF0024012498E78561EAE703893BB1B9
S214035D6041F288318A4203D9934201D905230BE0D5
S214035D70002309E0002C8ED100234361C388002B47
S214035D80ECD09342EAD204230374C3E709B100F0CC
S214035D90A0B800F0A8B810B50446C0600830D0F725
S214035DA04FFD21792088B1FA81F14909FFF7EEFF0B
S214035DB0A37943B121796088B1FA81F1BDE8104037
S214035DC04909FFF7E3BF10BD00F0CBB803461846FA
S214035DD013F8012B8A4201D0002AF8D1704738B550
S214035DE00D46044669212846FFF7F0FF0378284648
S214035DF05B1A18BF01237021A370FFF7E7FF037830
S214035E008B4201BF012384F83430FF2384F83630F5
S214035E1038BD10B53B2104460068FFF7D7FF0022C4
S214035E20034603F8012B2068236010BD10B540B16C
S214035E30421E0A24002012F8013F303BD9B209293A
S214035E4000D910BD04FB0030F5E708B500F086F86E
S214035E5008B540F2BA4200211020D0F747FA41F2C3
S214035E60E823584340F6FF7300F2FF70B0FBF3F0ED
S214035E7080B208BD50F80C3C23B150F8041C30F82F
S214035E800E0C18477047084619B1FF21103002F070
S214035E9089BD704773B505460E466DBA1446D0F7EE
S214035EA04FFBADF804507EB1012C04D0032C09D06F
S214035EB00022012101E02246022101A8D3F754F86B
S214035EC002B070BD0022F7E7042132460DEB010055
S214035ED0F4E707B540BAADF8040001A8D3F778F89D
S214035EE003B05DF804FB07B540BAADF8040001A89B
S214035EF0D3F79AF803B05DF804FB002307B540BA5E
S214035F00ADF804000DF1030101A88DF80330D3F7B3
S214035F10B7F89DF8030003B05DF804FB007800F0C3
S214035F20DF03552B07D0642807D0663818BF4FF019
S214035F30FF30C0B2704701207047032070474FF010
S214035F40FF3070470020704770477047704718B19E
S214035F502D280CBF012002207047704708B502F0B9
S214035F6013F908B500F08CF8BDE8084004F05FBEEE
S214035F7050E9023018470A460830FF2102F009BDEF
S214035F80FF21083002F016BD08B50BF010F9BDE886
S214035F90084009F081BDD0F761BC2DE9F041044605
S214035FA000274FF00C0E8F4202DB0020BDE8F08185
S214035FB02078904204D1002594F80780454502DBFB
S214035FC001370C34EFE70EFB05F6D4F808C00CEBEC
S214035FD006003CF806609E42E8D00135EEE7F8B5C9
S214035FE00446BDF8185040B1FFF7D7FF80B1002331
S214035FF00C27C6789E4202DC00242046F8BD07FB29
S21403600003F241688C188A5AAA42F6D00133F1E7A4
S2140360100446F2E7F0B585B005460E461746D0F7B8
S2140360200FFD0446A0B131462846D0F7C1FC83785D
S2140360303A46002BA36831460293A3782846019379
S2140360404FF0000300930CBF80234023DFF7C6FD09
S21403605005B0F0BD08B51288D0F7F2FC50B102794E
S214036060BDF80C309A4207D881680298E6F760FAC2
S214036070002008BD8620FCE78920FAE7D0F7E2BDBA
S214036080002004F058BE08B504F0C5FE002814BF6F
S2140360900320002008BD704708B502F05FFBFFF73A
S2140360A021FBD0F735FE642004F00EFA642004F0DA
S2140360B00AFA02F055FBCEF775FE09F047F9F8E742
S2140360C0F8B5D0E90176437B04460D4613B1334653
S2140360D03E461F46FFF758FF012D206438460ED173
S2140360E0CFF766F93046CFF787F9257360784FF414
S2140360F07F42BDE8F8404FF48171FFF78BBF022D56
S21403610005D1CFF779F93046CFF752F9EDE7CFF758
S21403611073F93046CFF770F90025E6E738B5037B09
S21403612004468B420D4607D190F844305BB3BDE876
S21403613038404830FFF724BFFFF726FF216C431A89
S214036140C72B0CD80123C83184F8455084F8443053
S214036150091A04F14800BDE83840FFF70CBF0DB13B
S214036160237B2BB929462046BDE83840FFF7A8BF56
S21403617000212046FFF7A4FF0123C82184F84550D9
S21403618084F84430E5E738BD90F84510FFF7C6BFFE
S2140361900121FFF7C3BF0221FFF7C0BF0021FFF7AE
S2140361A0BDBF4FF60173994210B5044602D10021D4
S2140361B0FFF7B4FF2046BDE81040D0F7E3BF03293E
S2140361C010B504462BD0007B30B9012903D0022931
S2140361D00CBF0120FF2010BD032A07D8DFE802F01A
S2140361E00208101401291CD002291FD0FF20F2E751
S2140361F00029FBD1B4F85C20012A12D0022AF4E766
S21403620004290ED00529F0E7042914D0052914D053
S2140362100029EBD1B4F85C20111F0129ECD8022029
S214036220D9E75A1E534253415800D4E7022B0CBFFA
S21403623002200120CFE70020CDE70120CBE730B5D1
S21403624087B005460C46D0F7EBFC012820D11CB1DD
S214036250611E4B424B4158006B784FF480728DF8A9
S21403626004304FF48273ADF806304FF48173ADF803
S214036270083001238DF80B30002385F8900001A821
S214036280CDE903238DF80A408DF81430D0F700FDCE
S21403629007B030BD41680346C978027B99B9816867
S2140362A0C97899B9002A08BF0321D1F72FB89B7B79
S2140362B0002B0CBF01210221F7E79B7B002B0CBFB1
S2140362C002210121F1E7012AF1D17047012AF4D115
S2140362D07047042910B5044604D831B1BDE8104010
S2140362E0D1F798B805290DD010BD037B5522002B96
S2140362F008BF0321A0F85C1040781221FFF78AFE3E
S2140363002046EBE743681A8A83681A82E6E7012386
S21403631003730378013343734FF44073C38103233A
S21403632003740023A0F85C3080F89030704728B1DF
S21403633003681BB1DB680BB1406818474FF0FF30AA
S214036340704728B103681BB11B690BB14068184737
S214036350704710B440B1046834B1646924B1A446EC
S21403636040685DF8044B60475DF8044B7047F0B532
S214036370002305460A2785B01C46B2FBF7F604F150
S21403638010000DEB000407FB1620303004F80C0C4D
S2140363901046013309283246DBB2EDD81944C8B299
S2140363A0C11AC9B20BB905B0F0BD5A1E04ACD3B2BC
S2140363B054FA82F212F80C2C6A54F1E730B504460C
S2140363C085B001A94068FFF7BCFF2546562305F8AC
S2140363D0353F019A01212846FFF7C9FF4123411C97
S2140363E02044029A80F83530C9B22846FFF7BFFF2B
S2140363F05723411C204480F83530039A2846C9B2F7
S214036400FFF7B5FF84F8340005B030BD8289C38931
S214036410002A08BF4FF46662002B08BF4FF47A5376
S2140364200188914288BF028042889A4288BF43808F
S2140364304389042B9CBF05234381704700B18167C2
S214036440704770B5044692B000285DD04368002BB1
S2140364505AD01A6822B1126812B1586804A9904734
S2140364609DF81C50D5B1089BBDF810006362099BCC
S214036470BDF81210A3629DF82830BDF9142084F8E5
S2140364802C3004F11603A081E1812282019304F1EA
S2140364901403009304F11203D1F7BCF8A66F002E81
S2140364A032D08DB36368002B3DD01D6825B1AA6931
S2140364B062B3586890470546FFF766FDB378014612
S2140364C00293F36CBDF810205B7904F15C00CDE910
S2140364D00053BDF81230FFF7BCFB012825D1F36C3F
S2140364E05B7913B1304600F069F894F86C3094F891
S2140364F088209A4208D04FF6367240F60431207848
S21403650084F88830FFF786FD12B070BD2D68002D25
S214036510D2D058680BA9A8479DF83850002DCBD089
S214036520BDF93050C8E71D46C6E70228DDD1F36C37
S2140365305B79002BD9D1304600F036F8D5E77047A3
S21403654038B50D46044660B159B198220021E5F7E7
S2140365509DFF4FF47A730122C4E905232B2365605C
S214036560237738BD704710B50446006DD8B1E2787E
S214036570022A04D0E36C5B7972B984F8543094F839
S21403658054306BB1FFF7D1FA60784FF60272BDE86C
S21403659010400621FFF73EBDB3FA83F35B09ECE731
S2140365A0FFF7D6FAF0E710BD10B50446C06CCEF779
S2140365B0FFFE2046BDE81040FFF7D5BF10B50446E2
S2140365C0C06CCEF719FF2046BDE81040FFF7CBBFDF
S2140365D010B50446C06CCEF735FF2046BDE8104024
S2140365E0FFF7C1BF13B50446007804212D3001AA76
S2140365F0C0B2D0F719F838B99DF8043084F855308E
S214036600BDF80630A4F8563002B010BD07B590F8B2
S214036610553004218DF80430B0F85630007801AABE
S2140366202D30C0B2ADF80630D0F70EF803B05DF8E3
S21403663004FB10B50446002206214078FFF7EAFC67
S214036640A378022B01D0FF2B04D12046BDE81040CF
S214036650D1F75EBC10BD38B54FF6027399420446B7
S2140366600D4601D1FFF77FFFE378022B02D02046C9
S214036670FFF779FF206D68B190F8343053B14FF6C9
S21403668003739D420BD194F85510FFF790FA2046FA
S214036690FFF7BCFF2046BDE83840D1F739BC4FF6BC
S2140366A004739D42F6D1B4F85610FFF78AFAEEE764
S2140366B010B5D0F8A4407CB103791BB14079D1F76B
S2140366C015FD48B9A3883BB932222046BDE81040E1
S2140366D001231146CEF7E4BD10BD10B50446FFF7FF
S2140366E0E7FFA278237982B913B12046D1F724FDB8
S2140366F02046D1F765FD03236078A4F86C30552255
S214036700BDE810401221FFF785BC012B02D12046BD
S214036710D1F712FDA379012B02D12046D1F750FD04
S2140367200123E9E710B583780446ABB9FFF7C0FF4A
S214036730A3788BB9237913B12046D1F71FFD2046E2
S214036740D1F784FD04236078A4F86C305522BDE8A5
S21403675010401221FFF75EBCB4F86C30022B0DD04C
S2140367602379032B02D12046D1F7E6FCA379032B2A
S21403677002D12046D1F724FD0023E4E72046D1F7D3
S214036780A9FDF9E7827883685AB9DB78002B14BF32
S21403679003230423A0F86C30552212214078FFF718
S2140367A039BC1A7922B9DB78003B18BF0123F1E71D
S2140367B00223EFE77FB500239E6A0446B6F5804FB3
S2140367C00D460CD201A8D1F753FF039B5B0506D5F4
S2140367D029462046336C04B0BDE87040184704B021
S2140367E070BD00239B6AB3F5804F05D21B6BB3F5D0
S2140367F0804F01D29B6818474FF4817070471FB5CE
S21403680000239A6AB2F5804F04D340F2011005B014
S2140368105DF804FB126BB2F5804FF6D2012201A895
S214036820CDE902338DF80420D1F722FF039BDB0367
S214036830EBD5029B1A0EE8D0012A03D1C3F3074314
S2140368400A2BE2D900239B6A1B6B1B6C9847DEE777
S21403685008B50AF071FEB0FA80F0400908BD134689
S21403686010B542B103439B0707D10AF069FEB0FA9D
S21403687080F0400910BD0120FCE70020FAE7002362
S2140368800360704703680B600160704710B538B14A
S21403689032B129B100230139D45C14B90023037043
S2140368A010BD8B42FAD200F8014B0133F4E70346DE
S2140368B038B10020814204D01A5C02B97047013017
S2140368C0F8E770474FF0FF31FFF7F1BF70B50C469E
S2140368D01646054660B15AB151B1FFF7F3FF84423D
S2140368E006D9211A32462844BDE87040FFF7CEBFCA
S2140368F070BDFEE7FEE700239A4200D1704710B54D
S21403690050F8234041F8234001339A42F8D110BD92
S214036910D2F70EBB4369426CD91C143AB1FBF2F1B1
S21403692003EBC1000330B0FBF2F00230704738B51A
S21403693005460C46FFF7EEFF6A6CE31D143AB3FBFD
S214036940F2F3013304EBC30402FB004038BD38B551
S214036950054644692146FFF7EAFF6A6CE31D143ACD
S214036960B3FBF2F3013304EBC304204438BDF7B59D
S21403697007460E4600257C6CA819644280EA060387
S2140369801C4003D02C46204603B0F0BDFB6B01220F
S2140369905B6901A99847019B0133F4D10435EAE703
S2140369A070B505460C46D4F799F8EB6B2046BDE860
S2140369B07040DB68184770B50025044686B005624C
S2140369C0E369AB4202D8206A06B070BD666C2068E5
S2140369D0E36B05225B6901A906FB0500984701A83E
S2140369E000F023FC00F046FC10B1236A0133236257
S2140369F00135E5E738B50446456C006804F1400305
S214036A0005FB0101E06B00F042FC05462046FFF75C
S214036A10D2FF284638BDF0B50546002687B0EC6998
S214036A20013CB44203D80C46204607B0F0BD01B182
S214036A304C1E6F6C2868EB6B05225B6901A907FB8C
S214036A400400984701A800F0F0FB00F013FC0028B0
S214036A50EAD121460136E2E7F0B504460D46466C18
S214036A60E36B006887B005225B6901A906FB050096
S214036A70984701A800F0D9FB00F0FCFB20B101A861
S214036A8000F0AAFB07B0F0BD29462046FFF7C3FF78
S214036A900646676C2068E36B05225B6901A907FB62
S214036AA00600984701A800F097FB431CEAD0B542BE
S214036AB038BF0130E6E72DE9F0434FF6FF79D0F80B
S214036AC0248004460E46C84514BF454600250027C5
S214036AD087B0E369BB4202D807B0BDE8F083E26B38
S214036AE02368606CD2F814C000FB0530052201A9A8
S214036AF0E04701A800F099FB022806D0C8450CD150
S214036B00721C29462046FFF775FFE3690135B5FB7E
S214036B10F3F2013703FB1255DBE729462046FFF75E
S214036B209BFFB0F1FF3F14BF024632460132E8E74F
S214036B300368F0B5CC1A436C0646B4FBF3F40025A1
S214036B4087B0F36937685A1E9542706C08D3706C29
S214036B50336800FB043007B0BDE8F04000F095BB97
S214036B600134B4FBF3F203FB1244F36B05225B69B7
S214036B7001A900FB0470984701A800F056FB00F03B
S214036B8079FB0028E3D10135DBE710B423F00304D7
S214036B9022449B070A44436C18BF04325B4281EAD3
S214036BA00204234203D05DF8044BFFF7C1BF10462F
S214036BB05DF8044B70472DE9F041D0E90A369E4252
S214036BC0044686B028D11422C369456802FB1355D0
S214036BD0284606B0BDE8F0812068676C331AB3FB1D
S214036BE0F7F3E26B07FB0300D2F8148001A9052232
S214036BF0C04701A800F019FB012804D0636C1D44AC
S214036C00013B3340ED1A31462046FFF791FF064617
S214036C10A36AB342E0D1DBE70025F9E708B50830FD
S214036C201346D1E90012D3F7DFFE012008BD13B5E2
S214036C300C46002121760093616813462246D2F75C
S214036C40CDFA18B1E37D03B1A07EA075A07D02B096
S214036C5010BD73B5164600F108050C4628460968AC
S214036C600DF1070200F098F9032E06D163688342FC
S214036C7003D12846216800F076F9012002B070BDE2
S214036C80D01E009B42424241187E824211D11A68AE
S214036C908A420ED85A688A420BD35A6901325A611D
S214036CA0D3E9030282423FBF986840F822100132BC
S214036CB01A610120704710B5032A029C07D1A26A05
S214036CC05340626C5242134201D100F04CF901204A
S214036CD010BD08B5C36800209847BDE80840D3F741
S214036CE005BF012814BF0420022070B500244243C8
S214036CF01C70CC7D101D02F002024CB91AB10122A1
S214036D0020F003001A7000F108034868184470BDA9
S214036D101AB1012220F003001A7000230C7E01F141
S214036D202005DAB2A24201D30020F0E735F833207B
S214036D305E1C824206D901EBC30300F10802D86940
S214036D401044E4E73346801AEBE773B5054690F83C
S214036D5042601C4630460DF10303FFF7C2FFEB6BA0
S214036D60012E5B690DD1324601A998479DF8033081
S214036D7013B1BDF806300193BDF80430236002B0AA
S214036D8070BD0122214602B0BDE870401847F0B539
S214036D90054600244868EB6B87B00E4601225B6904
S214036DA0029402A908309847274695F84230012BEB
S214036DB040F0AC80632C00F2AB80612C08D805ABA6
S214036DC0224631462846FFF7C0FF9DF814305BB3D2
S214036DD005AB2246314628468DF81070FFF7B5FFFF
S214036DE095F84230012B059B7FD14FF6FF729342F5
S214036DF056D0082205A904A800F063FA059B9DF85F
S214036E001010C3F3072291424AD1DBB2029A1A4406
S214036E10029245E0DCD005AB224631462846FFF712
S214036E2094FFBDF81430D2E795F84230012B39D1E0
S214036E30612C2ED822463146284603ABFFF785FF42
S214036E403146284604AB621CFFF77FFF31462846CF
S214036E5005ABA21CFFF779FF102208230DEB0201F6
S214036E600DF107008DF8073000F02BFA102205A964
S214036E700DF1070000F025FA039BDAB24AB99DF834
S214036E800720B2EB132F04D1DDE9043203EB0243F0
S214036E90029395F84230012B14BF012302231C44AE
S214036EA0013482E7302CF4D822463146284603AB19
S214036EB0FFF74BFF3146284604AB621CFFF745FF3E
S214036EC0102320220DEB03010DF107008DF8073088
S214036ED000F0F7F9039B9AB2002ADAD19DF807204F
S214036EE0B2EB134FD5D1049BD2E70133D8D010228F
S214036EF005A90DEB020000F0E4F9059B9DF81010C0
S214036F00C3F307429142CBD19BB27FE7312C81D9A1
S214036F10029807B0F0BD13B500240194049C0094B6
S214036F20D2F738FE02B010BD13B501240194049CB9
S214036F300094D2F72FFE02B010BD00234FF0FF32AD
S214036F4030B544689C4202D10023037230BD016809
S214036F5001EBC30541F833206A600133F2E7C0E969
S214036F600012FFF7EABF0023F0B545689D4210D034
S214036F700468DF0054F8332004EBC306B2F1FF3F86
S214036F8008D0C2F31302914204D14FF0FF33E3510A
S214036F907360F0BD0133E9E70023F0B545689D4211
S214036FA002D14FF0FF300EE00468DE0054F83340A1
S214036FB0671C09D0C4F31307B94205D1240D147016
S214036FC0036833445868F0BD0133E8E7704770B58B
S214036FD09400224605460E460AF0B2FA431C0AD02F
S214036FE058B9224631462846E5F79CFD002814BFCB
S214036FF03D20002070BD6E20FCE77120FAE713B534
S214037000044601A8D4F7F0FD9DF8063023804FF41C
S21403701080736380D4F7F6FD6060002002B010BD75
S214037020D4F766BD08B5D4F757FD002008BD10B5E4
S214037030044644EA010313F00303084609D19342C6
S21403704001D1002010BD54F8231040F8231001335B
S214037050F5E721469200E5F7A9FBF2E710B50446EB
S2140370600AF06AFA431C10D088B9D4F7CBFD23463E
S21403707020F003002044984201D1002010BD53F8AD
S214037080042B0132F7D03E20F8E76E20F6E7712096
S214037090F4E7704713B50023044601461B220DF19F
S2140370A007008DF8073000F00CF922689DF80730CA
S2140370B0B3EBD26F0CBF0120002002B010BD13B596
S2140370C000230446014620220DF107008DF8073001
S2140370D000F0F7F80DF107001A22211D00F0F1F871
S2140370E062689DF80730B3EB926F0CBF0120002057
S2140370F002B010BD0068431C5842584170470068F0
S21403710010F07E0F0CBFC0F3C1600020704700680C
S214037110C0F3D3107047006800F07F0001288CBFCF
S214037120002001207047036813F07E0F14BF04206D
S21403713008207047036813F07E0F03D1406820F0E1
S2140371407C40704713F078001CBF03F07F03D81F02
S2140371507047006800F07F007047032809D00228B4
S21403716003D1C1F10201C8B2704700290CBF072042
S2140371700020704737B5054601F10C04436969469C
S214037180012220469847BDF800300122019320468D
S214037190AB6901A9984703B030BD37B501F10C04BC
S2140371A04369012269460546204698474FF6FF7213
S2140371B0009B99B291420DD16FF30F0343F425431D
S2140371C043F0A503019301222046AB6901A9984722
S2140371D003B030BD0020FBE737B5044600251B226D
S2140371E0011D0DF107008DF8075000F06AF860687E
S2140371F09DF80720B2EBD06F03D120F0784003B0A0
S21403720030BD0DF107001B2204F108018DF807506D
S21403721000F057F8A0689DF80730B3EBD06F01D1A4
S214037220C043EAE74FF0FF30E9E74BF29A220368E0
S21403723010B5B2EB134F044613D19BB2012B13D1F7
S214037240FFF7CAFF01300CD04FF6FF72E068B2EBCF
S214037250104F4FEA104309D180B2C01A18BF01205D
S21403726010BD2368013303D00420F9E70220F7E7B3
S2140372700320F5E701288CBF002001207047033860
S21403728001288CBF002001207047143070472DE979
S214037290F04105469846036908460E461746984742
S2140372A0044638B943463A4631462846D3F78EFC59
S2140372B0044618B131462846FFF75CFF2046BDE872
S2140372C0F0811F2A0B689EBF4FF0FF3191408B431E
S2140372D0590801F055315B1A03F033319B0803F06C
S2140372E033330B44017803EB13130A444FF0013195
S2140372F003F00F334B43A2EB13620270704708B5DB
S21403730007F0CCFEBDE808400021D3F769BD022193
S2140373100320D3F763BF704770477047704770B555
S214037320054614460E4609F0E8FD2B685C403440DB
S2140373305C402C60BDE8704009F0DABD10B500244F
S21403734022B1032A0CD00360047110BD11F40002AD
S21403735018BF4FF07F4221F07F4313430C0EF2E732
S21403736021F0FF03CCB2EEE730B5012400F58053DD
S21403737045685C60CB784A785B0443EA02230A7864
S21403738013438A78120402F480321343C0F8983009
S214037390EB075CBF00F50050446030BD70B50126B6
S2140373A00C46054600F500535E600B78497803F0FB
S2140373B0070343EAC103E17843EA0123A1780901FD
S2140373C001F030010B430367C36AA17923F48B33BF
S2140373D023F4807343EA01432179090201F4E0614F
S2140373E00B436179090301F480510B43C3621146D1
S2140373F0FFF7BAFF05F580535E60E37903B1EE60ED
S21403740070BD08B50A6FC96F02F00702FFF796FF53
S21403741008BD13B5044601A8D4F7E6FB042C04D82C
S214037420DFE804F0061603101300002002B010BDB8
S21403743040F29C4040F2BA439DF80520012A08BF5B
S2140374401846F3E740F6B830F0E74FF41660EDE77A
S21403745040F2E240EAE74FF050234FF400321A6757
S21403746070474FF0B0435A6812B19A6A002AFAD1AD
S2140374707047036BDA0702D503695B06F9D47047D6
S21403748010B5FFF7F6FF0122044600F500531A6312
S2140374900B7948881B0243EA8043887A034348787B
S2140374A043EA8013C87A43EAC013087B43EA4013CF
S2140374B0487B43EA0013887B43EAC003C87B43EA5E
S2140374C0C023887943EA0043C87943EA40436360AC
S2140374D004F580531A630A780AB90223E36000238B
S2140374E063624B79087A1B01497A43EA80030B43AC
S2140374F0A3600AB10123E36010BD70B51446FFF71D
S214037500B8FF012200F500531A63637AE2791B0180
S21403751043EA0253A27900EB41151343E27A064687
S21403752043EAC2432B66237A0BB3237B2A6E42EAD3
S21403753043422A66013B18BF0123A278D4F76CFBAB
S214037540012306F580563363637822781B0643EAE5
S2140375508263E27843EA0233227943EA822362793A
S21403756043EA0223A27A43EA82036B6670BD2B6E5C
S2140375702B66E5E7012200F580535A60CB43934020
S21403758003F00A034361416111B900F500504260FC
S214037590704783695B06FCD5C163704770B50546C3
S2140375A014460E4609F0A9FC2B685C4034405C4048
S2140375B02C60BDE8704009F09BBC0122417803783B
S2140375C08A4030214B4342F2100103F1A04303F5F6
S2140375D070335A50704721FA00F2D20730B503468B
S2140375E000F0FC040FD500220132D2B2042A02D1E5
S2140375F04FF0FF3008E0831803F00303234421FA17
S21403760003F5ED07F0D4184630BD00207047002080
S2140376107047002070470020704701207047012004
S21403762070470F207047E5F797BF002307B5CDE9EE
S2140376300033012369464FF0FF308DF8023004F023
S214037640C8FB03B05DF804FB0020704710B508B90B
S214037650212010BD0029FBD0036813F0704205D12A
S214037660C3F30E030B607BB10020F2E703F0504434
S214037670B4F1004F05D0B2F1304F02D0B2F1404F13
S214037680E6D103F07F03EDE74368002BE0D00B6001
S214037690EAE737B50C46054610B9212003B030BDDE
S2140376A00029FAD0002301A90193FFF7CFFF002892
S2140376B0F4D12968019A11F0704102F1030222F015
S2140376C0030201D12260E9E7AD68B1F1004FC5F3CB
S2140376D08033C5F3403504D103EB4503534323609E
S2140376E0DCE7B1F1204F01D12B44F7E7B1F1304F7E
S2140376F0FAD0B1F1404FF7D0CFE737B50C46054681
S214037700002800F08780002900F0848000230B60A7
S214037710036803F070430B60C26822B1032A79D171
S21403772043F080630B60AB689A0149D403F080731F
S214037730EA680AB9002B6DD1226822F0407213431F
S2140377402360EA68032A05D12A69F62A62D962F316
S21403775017432360AB681B0442BF236843F400430C
S2140377602360EB68032B1FBF23682A6862F30E03AC
S21403777023602B68AA68002B2ADB12F4C84F49D172
S2140377802B6803F0704303F10043B3F1804F05D237
S214037790530542BF236843F48063236000232846CF
S2140377A001A90193FFF752FF40B92B6813F070420B
S2140377B01FD12368019A62F30E03236003B030BD22
S2140377C003F04073B3F1407F18BF4FF00073AFE789
S2140377D0500402F4005105D4E1B1236843F4005386
S2140377E02360CDE7236843F4804323600029C7D092
S2140377F0F3E703F05043B3F1004F05D0B2F1304F37
S21403780002D0B2F1404F05D1019B5A1E236862F3A2
S2140378100603D2E72120D1E738B131B101234B600B
S2140378204FF0005300208B6070472120704737B518
S2140378300C46054608B9212016E00029FBD0012393
S2140378404B60C368A3B901A90193FFF722FF58B998
S214037850019B6A699A4209D32A69002AEBD02260FF
S21403786043F000530020A36003B030BD1D20FBE7A8
S214037870032BE0D10023F5E7436813B94160704753
S2140378805B685A68012AFBD159607047FFF7DCBE74
S21403789008B5FFF7D9FE002814BF6FF0920000204A
S2140378A008BD1346428870B50732072A0C464FEACE
S2140378B0D20101D0A14222D146680588202218466B
S2140378C00021E4F7E3FD360A0346DEB9BCB141F214
S2140378D00102954205D0B5F5885F02D0B5F5905FF5
S2140378E002D100205C6070BDB5F5105F0DD1182C79
S2140378F003D0202C01D0102C01D11C60F1E76FF0CF
S2140379008600F0E76FF08B00EDE76FF08500EAE79F
S214037910F0B51C46436806461B0A0F46154689B053
S21403792035D122462946FFF7BCFF68B9EB1C23F086
S2140379300303C4E90307636145B9202200212046F7
S214037940E4F7A4FD6FF0860009B0F0BD01462022DF
S2140379506846E4F79BFD6A4629463046FFF7A1FFD3
S2140379600028EAD12368009A9A42E6D16368019A0E
S2140379709A42E2D1A368029A9A42DED1A369069A92
S2140379809A42DAD1E369079A9A42DDD0D5E76FF0D7
S2140379908B00D9E7D4F796BDD4F7B0BE7047002066
S2140379A0704700207047C3681944836853F8210062
S2140379B030F8023B13607047012310B580F8883017
S2140379C00378044653B100F061FA21462046D4F703
S2140379D087FF2046BDE8104000F04DBA10BD38B50D
S2140379E00D460446D4F764FF6B682046C4F8B032ED
S2140379F0A96800F096F94FF0FF332046C4F8B43276
S214037A00FFF7CDFF38BDD0F8B43210B501330446C6
S214037A1001D0002010BD00F0BCFAC4F8B402013057
S214037A20F7D194F8B80280F00100F3E708B5D4F76D
S214037A307BFF08BD0A7801382D2A0ABF01220022DF
S214037A408918D4F7CDBF07281BD8DFE800F0060A4D
S214037A500D10131504170120704700220820D4F7D1
S214037A60BFBF00221020FAE700222020F7E70820F5
S214037A70FFF7E0BF1020FBE72020F9E70846D5F71D
S214037A8011B8002070472DE9F74307280C46DDE9B7
S214037A900A7690461D4608D8013806280AD8DFE835
S214037AA000F01D27303A44574A00212850D003B02F
S214037AB0BDE8F083002220461146E4F7B3FC3368A2
S214037AC0C0B205EB83013A6845F82300013348F852
S214037AD0221033603B6801333B60E8E70022204610
S214037AE01146E4F79FFC336880B205EB8301EAE7AF
S214037AF0002220461146E4F795FC336805EB830124
S214037B00E1E7002220461146E4F73AFE336840B226
S214037B1005EB8301D7E7002220461146E4F730FE43
S214037B20336800B205EB8301CDE7002220461146F9
S214037B30E4F726FEE1E7002389461E461D468DF838
S214037B40063019F8013F7D2B06D125702D0A657086
S214037B503B6848F82340BDE7202BF2D006F001022D
S214037B60013612B98DF80430EBE71022002101A884
S214037B708DF80530E4F704FE631901359870ADB24D
S214037B80DFE72DE9F04F9B46002385B08B45814602
S214037B9088469246CDE902336BDC1A461E4619F830
S214037BA00340212C09D81F2C04D8103C072C98BF5F
S214037BB0012200E001260133F1E7FF2CFBD15B44F1
S214037BC036B1013B43450ADD2B2005B0BDE8F08FF7
S214037BD062B1013B4345F7DC3546374602E00025F4
S214037BE02F462E46454504DB0020EEE79845F3D0A6
S214037BF0EAE75D453BDB19F80730202B18D109EB84
S214037C0007035B78FF2BDFD1CEB920465AF8251041
S214037C10FFF719FF78B303AB019302AB009320463B
S214037C20DDE90E235AF82510FFF72DFF0135D9E7B6
S214037C30212B0ED109EB07035B78FF2BC4D1029BE4
S214037C405AF825200E99012641F823200133029382
S214037C50ECE7A3F11004072C02D91C460137D3E73F
S214037C6009EB07035B78FF2BAED1E4B2CCE706241F
S214037C70CAE72120A9E72620A7E72DE9F04F074604
S214037C800E4615469846044685B0DDF84490DDE971
S214037C900FAB206808B3DAF80020D8F800108A4241
S214037CA01BDA0E9B53F82210D1F776F848BBDAF8A6
S214037CB000200132CAF800206268117BFE291BD11E
S214037CC00E9B1068012100932A464346CDE902B96C
S214037CD0CDF804A0FFF7D1FF04462B7843B999F8F3
S214037CE000302BB97EB101233C4689F800302B7057
S214037CF0204605B0BDE8F08F01238BF800302B70CB
S214037D00EBE70C34C5E73446F2E710B504462368C0
S214037D1003B910BD237A13B92046D4F7F9FE0C3401
S214037D20F5E710B541B10A7932B901249C300C71DC
S214037D30FEF7A8FD204610BD0020FCE72DE9F04124
S214037D40BAB005460AAA084603A900F05FF9044636
S214037D50B0B90DF10A0301930DF10B038DF80A0078
S214037D6000930AAA284604AB03A9D5F781F89DF821
S214037D700A20B2B19DF80B2048B12AB1D4F7C8FE49
S214037D8020463AB0BDE8F081FFF7BFFFF8E7D5F825
S214037D909C50002DF4D0A86808B1FFF7B6FF2D68F5
S214037DA0F7E700B346681AAB06F10C082AAF01934F
S214037DB04046049B039900970AAAFFF7E2FE04468F
S214037DC00028DDD1039B05A8CDE90637049B05955E
S214037DD0CDE90838D6F714FB05A83368984705A8F5
S214037DE000F03FFDCCE72D24CAE710B50446AC30BF
S214037DF0E4F748FA04F1AB031A180020934200D1C3
S214037E0010BD13F8011F0029FAD00A2908BF013054
S214037E10F4E70023F0B50B6013600646D0F8AC0217
S214037E2078B196F8AC0060B1012406F1AC07D6F839
S214037E30AC02844210D306F1AC00B3F5007F10D336
S214037E400120F0BD0D6801350D601568013515601C
S214037E50F85C01330A2802D0B3F5007FF2D301346D
S214037E60E5E7C15C0A29EBD00029E9D011680133A4
S214037E7001311160E1E710B50021D0F88C200446EB
S214037E80E4F704FB0023C4E9243310BD73B50446AA
S214037E9000F1AC0580212046FEF709FD4FF4007182
S214037EA006462846FEF703FD0136C0F500708642F7
S214037EB020461FD8E4F7E6F906462846E4F7E2F933
S214037EC001362946421CA819E4F732FB2046E4F79C
S214037ED0D9F9214602462846E4F768FC2046E4F72B
S214037EE0D1F90A23204480F8AC300023C4F8AC321E
S214037EF002B070BDFFF779FF01AAC4F8AC02694669
S214037F002046FFF786FF0022009B234483F8AC201D
S214037F10C0E773B50D460446FFF767FF6B1C19D120
S214037F20D4F8AC3213B1013BC4F8AC32002520467A
S214037F30E4F7A8F9A84215D82046FFF79CFFD4F823
S214037F40AC322BB16946204601AAFFF762FFA0B9FF
S214037F5002B070BD012DFBD1D4F8AC328342F7D208
S214037F600133E1E7082000F023F8202000F020F892
S214037F70082000F01DF80135D9E7009D04F1AC0692
S214037F80019BAB42E4D9715D2046D5F79FF80135D6
S214037F90F6E707B500200DF1070100F0E7F820B972
S214037FA09DF8070003B05DF804FB4FF0FF30F9E7D8
S214037FB010B5C1B20446002000F0C8F800280CBF74
S214037FC020464FF0FF3010BD0FB407B504AA52F891
S214037FD0041B00200192D5F715FA002003B05DF8C4
S214037FE004EB04B0704710B54C1C0B460119045D36
S214037FF0222C03D07B2C01D05C2C05D1D21A18443A
S214038000E4F796FA012010BD0020FCE72DE9F047BF
S214038010054691468846E4F735F92A46064613464A
S214038020197801322029FAD0C9F800305C1B0123E5
S2140380306FF0404AC8F80030A64201D8002014E08A
S2140380402F5D29197B2F12D0222F2ED1D8F800307E
S214038050621C53442A4449F82320012C09D911F8F9
S214038060013C13F0DF0F04D02120BDE8F0877D2705
S214038070F3E701342B5DBB4209D12B195B7813F070
S214038080DF03F1D1222F00D12B550134D4E75C2B2B
S21403809007D1324621462846FFF7A5FF0028E3D03E
S2140380A0013E0134A642E5D8DEE75C2F08D132460E
S2140380B021462846FFF797FF0028D5D0013EE4E780
S2140380C0202FE2D10022631CB3420A70DDD2EA18E5
S2140380D0EB5C202BD9D0D8F800300F2B05DC49F801
S2140380E023200133C8F80030CFE71E20BDE700F099
S2140380F000B800207047D0F73DBE70B50C46154655
S21403810010B9D5F773F938B143682BB12A4621461F
S214038110BDE8704000681847232070BDF7B50D46CC
S21403812016461C4638B9D5F761F904B901AC20B92F
S214038130232003B0F0BD03B901ACC768002FF7D006
S2140381402346324629460068B847F2E707B50122B8
S2140381508DF807100DF10701FFF7CFFF03B05DF8A9
S21403816004FB0B4601461846FFF7F0BF0023012227
S214038170FFF7D4BF08B508F0BBFFFA23B0FBF3F054
S21403818080B208BD0420704740F20160D5F724BAD8
S2140381907047012070470020704749BA89B280EAC9
S2140381A00103C3F303125340180380B258405B0124
S2140381B003F4FF535840704708B5D5F7D9FD58B1B7
S2140381C0A0F15903042B06D8042B04D8DFE803F0E8
S2140381D00404040304005C2008BDD5F721BF7047E0
S2140381E0F8B50C468D18073552421540A5F1080719
S2140381F00646384600F0DFF9A188381B628801EB93
S214038200E00189B2A2EBE00225F8041C25F8062C4F
S214038210A288C310AAB1A4EBC202B2F802C0D180EE
S21403822003EB0C015180E28892B1D31A9BB204EBA4
S214038230C20425F8023CA380B3680344B3603846FF
S214038240F8BD15F8082C42F0020205F8082CEAE7F8
S21403825025F8022CF0E72DE9F04F4FF0000887B021
S2140382609946531C109B0546174614BF144608240C
S214038270CDF81480002B00F0C580C3F800800029D9
S21403828000F0C28042688A4240F2BE80073121F085
S214038290070608F03FFE05AACDE9008282463A4665
S2140382A04B463146284600F08AF9059F834607B1B8
S2140382B030B9504608F029FE192007B0BDE8F08F04
S2140382C0B7F8028029694FEAC802C0EBC80801392B
S2140382D0B8F1270F29617AD9B9F1000F51D1864237
S2140382E006F1080848D0224639462846FFF778FFA5
S2140382F004460590059B9844404600F05CF90599B2
S21403830006F10F004A88C308A2EBD002A8F80220A1
S214038310CA88A8F80430002A30D0D31A9BB201EBDF
S214038320C202A8F8063093808B88F608A380B8F8B4
S21403833004303A46E380414600232846668000F030
S214038340A6F9AB680833AB60237843F001032370C8
S2140383502B6901332B616288AB68504603EBC2037B
S214038360EA68AB60934288BFEB6008F0CEFD109BD3
S214038370083400201C60A0E73C46BBE7A8F80620AC
S214038380D2E707EB08042046039200F014F90BF13A
S2140383900703DB080599638008F10703DB08A3805E
S2140383A0CB8893B1DB00039AD81D821A5A44C2F3D2
S2140383B0CF020B44E2809A80A38808F1FF384FEA85
S2140383C0D808A1F80280CB80BBE7E380F4E7B9F1D5
S2140383D0010F1BD107F10803B3FBF4F204FB1233BE
S2140383E0B3B1224639462846FFF7FAFE04462378F9
S2140383F03A4643F00103237021460123284600F042
S21403840046F9A8E7222058E7212056E78642E8D116
S2140384103C46ECE707B500224FF0FF3101AB019273
S214038420D5F75EFA019803B05DF804FB2DE9F74F24
S21403843004460D46002900F0AB80D0E9056808F035
S21403844069FD15F8087C35F8061CFB07009000D577
S21403845031B9009808F059FD012003B0BDE8F08F4C
S214038460A368D4F8109035F804ECA3EBC10B09F11C
S2140384700103A5F1080C4A1CC4F808B02361BEF139
S214038480000F7BD0ACEBCE03D888B3F802A00190E4
S214038490187807F00207C00765D4002F64D1019847
S2140384A0A0EB0A07012F69D18A1CABF108075244D7
S2140384B0C4F81090A76035F802ECBEF1000F61D047
S2140384C0D4E900700CEBCE0A07EB0009CA4559D273
S2140384D01CF83EC057461CF0010C15D1AEEB01014B
S2140384E0012911D1BAF80210AAF802C001310A44D0
S2140384F0BAF80610002943D00AEBC10721690139EF
S2140385002161A1680839A16015F8081C013A21F019
S214038510010105F8081C002125F8061C5A801A7864
S21403852061F300021A707FB3C3F107023A44C2F341
S214038530CF02DA80BA804EB3B34227D37288002ABA
S21403854008BF1E46B8F1000F06D0434504D8B8F856
S2140385500220002A18BF43460098C4E9056308F0C2
S214038560D4FC002079E74FB115F8087C724427F055
S214038570020705F8087C00279F809CE763469AE776
S2140385800F46BBE70027BFE7DF80D4E71E46D9E7E1
S214038590222062E710B50446D5F7BAF92146BDE8AE
S2140385A01040FFF743BFFFF7F5BF0846FFF732BF9C
S2140385B00846FFF7F8BF0023036043607047F0B533
S2140385C0D0E90554561C08BF0822002B4FF00000C4
S2140385D008BF2C46DDF818C0CCF80000002C37D0B6
S2140385E09DF814706588FF0007EBC505C2F1000E01
S2140385F02078C00708D51BBBE088A0B104EBC004F5
S214038600658807EBC505F3E78D42F4D363B904F138
S2140386100806B6FBF2F002FB106670180EB1A8420D
S214038620EAD8CCF80040F0BD082A0FD060880130A5
S21403863004EBC000461A06EA0E06801B8542F0D2FB
S214038640A0880028EFD0A4EBC004D9E70846E8E7E3
S2140386502046E8E703460069C0B10AB951B91A686B
S21403866010460378DB0711D531B9C3885BB100EB3D
S214038670C300F6E79A69F3E7012904D1838823B197
S214038680A0EBC300EDE700207047184670472DE9BE
S214038690F041D0E90554074688461646ABB19542E5
S2140386A000D00ABB424600213846FFF7D3FFB44248
S2140386B0054600D02EB9424601213846FFF7CAFFC9
S2140386C00446C7E90554BDE8F081954208D08D42BB
S2140386D028BF0D46B44205D0444538BF4446F0E7AC
S2140386E00D46F7E74446ECE79442EAD1E3E770B574
S2140386F000261C46C3E90001C3E90266C3E9050078
S2140387001E611A775E62FFF756FF23690139C908AF
S214038710013341802361A36830460833A360E368CE
S2140387200833E36070BD002307B5684600938DF8F1
S2140387300430D2F743FF03B05DF804FB10B508F02E
S214038740DCFB044606F03CFD2046BDE8104008F07E
S214038750CFBB70474FF4C870D5F73AB9D5F7ECB925
S21403876000F01CB87047704708B503F07BF903F0B8
S21403877083F903F08AF903F099F9BDE8084003F09A
S214038780A8B9704708B503F068F903F067F903F072
S21403879066F903F066F9FFF7F4FF08BD08B503F0C2
S2140387A099F903F098F903F098F9BDE8084003F047
S2140387B09BB97047012070472DE9F34112F001057C
S2140387C00446884622D110F0030525D12F465208C9
S2140387D0BA4209D1D3F780F90026B74204EB8600E4
S2140387E008D1D3F785F911E054F8273001330CD1BB
S2140387F00137EDE7042258F826300DEB020101930A
S21403880008F09EFE30B1D3F773F93D25284602B033
S214038810BDE8F0810136E0E70125F7E77047B0F1E0
S214038820006F0FD300F07843B3F1006F0CD000F065
S2140388306040B0F1404F09D0B0F1604F14BF042040
S21403884003207047002070470120704702207047BE
S214038850002070471AB111B180B2D5F7E1BB2120D1
S214038860704701F094BEDEF791BAFFF78DBCD0E9EE
S214038870023253F8223000211878DDF7D9BE70474C
S21403888002F0D5B901F015BEC3688268013BDBB2BE
S21403889052F823305B78652B02D10020E0F718BA34
S2140388A06E2B01D10120F9E7662B01D10220F5E7F3
S2140388B0704710B5D0E90232044653F822301878D0
S2140388C002F09FFAE368A268013352F82330BDE84A
S2140388D01040187802F093BA10B50446C0B2D6F723
S2140388E06DFD200ABDE81040D6F768BDD0E9023218
S2140388F053F822301878D6F769BE02F032BADEF79C
S214038900E5BE08B501F0F6FEBDE80840E0F7CEB8D0
S214038910D0E9023253F82230186801F0E9BE00208D
S214038920E0F7CAB90120E0F7C7B90221D6F7E4BDDC
S2140389300321D6F7E1BD0521D6F7DEBD08B501460E
S2140389400C20D6F7B5FDBDE80840D6F743BD08B5FD
S21403895001460020D6F7ACFDBDE80840D6F73ABD81
S21403896007B5C2688368043253F8223001211B8896
S2140389700DF10602ADF806300023D7F741FB03B02E
S2140389805DF804FB08B508F0C7FBBDE80840ECF744
S214038990A7BC10B51446D7F74FFE2146BDE81040D6
S2140389A008F0B2B808B5D7F747FEBDE8084000217F
S2140389B008F0AAB808B5D7F73FFEBDE80840EBF7BE
S2140389C0A5BF08B5D7F738FEBDE80840EBF78ABF62
S2140389D07047704708B508F09FFBFFF7FAFF03F0F0
S2140389E0DDF8BDE80840D7F773BE7047012070472F
S2140389F00120704708B5D7F707FF00280CBF0420EF
S214038A00012008BD70472DE9F34104460D4616467E
S214038A101F46DDF8208008F017FC3B463246294601
S214038A202046CDF8008003F0BAF83B463246294686
S214038A302046CDF80080FFF7E5FF02B0BDE8F04121
S214038A4001F0A5BD2DE9FF4704460D4616461F4611
S214038A50BDF830809DF83490DDF838A008F0F4FBBC
S214038A603B46324629462046CDE9019ACDF800809A
S214038A7001F040F804B0BDE8F04701F088BDF8B552
S214038A8004460D4616461F4608F0DEFB3B463246B6
S214038A9029462046DDF706FB044601F078FD20460E
S214038AA0F8BD70472DE9F34104460D4616461F46AA
S214038AB0BDF8208008F0C8FB3B46324629462046D0
S214038AC0CDF8008003F06EF833464246294620462A
S214038AD00097FFF7E6FF02B0BDE8F04101F057BD8F
S214038AE0704708B508F0B0FB03F05DF8FFF7F8FF32
S214038AF0BDE8084001F04BBD012070472DE9F74360
S214038B0004460D4616461F469DF8289008F09CFB23
S214038B103B46324629462046CDF80090FFF7ECFF49
S214038B2080463B46324629462046CDF8009003F061
S214038B303BF801F02CFD404603B0BDE8F08301206E
S214038B4070472DE9F74304460D4616461F469DF823
S214038B50289008F079FB3B46324629462046CDF856
S214038B600090FFF7ECFF80463B46324629462046F8
S214038B70CDF8009003F019F801F009FD404603B064
S214038B80BDE8F083F8B504460D4616461F4608F0C2
S214038B905BFB3B4632462946204603F007F8BDE812
S214038BA0F84001F0F4BC00207047F8B504460D46C3
S214038BB0164608F049FB324629462046FFF7F3FFE0
S214038BC0074632462946204602F0F1FF01F0DFFC55
S214038BD03846F8BD38B504460D4608F035FB294639
S214038BE0204602F0E5FFBDE8384001F0D0BC10B5E2
S214038BF0044608F029FB204602F0DBFF2046FDF77B
S214038C003DFABDE8104001F0C2BC704738B50446D3
S214038C100D4608F019FB2946204602F0D9FF2946DF
S214038C202046FFF7F2FFBDE8384001F0B0BC7047BE
S214038C3070B504460D46164608F006FB324629462E
S214038C40204602F0C7FF324629462046FFF7EFFFCD
S214038C50BDE8704001F09BBC704738B504460D462E
S214038C6008F0F2FA2946204602F0B6FF29462046C7
S214038C70FFF7F2FFBDE8384001F089BC70472DE9E5
S214038C80F34104460D4616461F469DF8208008F01D
S214038C90DBFA3B46324629462046CDF8008002F0F2
S214038CA09DFF3B46324629462046CDF80080FFF717
S214038CB0E5FF02B0BDE8F04101F069BC704738B586
S214038CC0054608F0C1FA284600F0E1FE04460146D0
S214038CD0284601F0AAFF01F05AFC204638BD38B5F5
S214038CE004460D4602F07BFF29462046FFF7E6FFC3
S214038CF038BD704738B5054608F0A6FA2846DDF7AE
S214038D00F1FF04460146284601F08DFF01F03FFCC3
S214038D10204638BD38B504460D4602F061FF2946A5
S214038D202046FFF7E6FF38BD704710B5044608F047
S214038D308BFA204602F055FF2046FFF7F5FFBDE805
S214038D40104001F024BC704738B504460D4608F0C1
S214038D507BFA2946204602F045FF29462046FFF7C0
S214038D60F2FFBDE8384001F012BC704770B5044608
S214038D700D46164608F068FA32462946204602F0A3
S214038D8032FF324629462046FFF7EFFFBDE8704024
S214038D9001F0FDBB704738B504460D4608F054FA9B
S214038DA02946204602F020FF29462046FFF7F2FF19
S214038DB0BDE8384001F0EBBB704738B504460D46B6
S214038DC008F042FA2946204602F00FFF29462046BD
S214038DD0FFF7F2FFBDE8384001F0D9BB704710B586
S214038DE0044608F031FA204602F000FF2046FFF75B
S214038DF0F5FFBDE8104001F0CABB704710B5044646
S214038E0008F022FA204602F0F2FE2046FFF7F5FFAE
S214038E10BDE8104001F0BBBB7047704770B5044611
S214038E200D46164608F010FA32462946204602F04A
S214038E30E1FE324629462046FFF7EFFFBDE87040C5
S214038E4001F0A5BB704710B5044608F0FDF92046AF
S214038E5002F0D1FE2046FFF7F5FFBDE8104001F013
S214038E6096BB704738B504460D4608F0EDF929461B
S214038E70204602F0C1FE29462046FFF7F2FFBDE872
S214038E80384001F084BB7047F8B504460D461646D5
S214038E901F4608F0D9F93B4632462946204602F0DB
S214038EA0ADFE3B46324629462046FFF7ECFFBDE8BB
S214038EB0F84001F06CBB704770B504460D46164685
S214038EC008F0C2F932462946204602F098FE32469A
S214038ED029462046FFF7EFFFBDE8704001F057BB79
S214038EE070472DE9F34104460D4616461F46DDF846
S214038EF0208008F0A9F93B46324629462046CDF89D
S214038F00008002F07DFE3B46324629462046CDF8D9
S214038F100080FFF7E5FF02B0BDE8F04101F037BB84
S214038F200E2070470E20704738B5044608F08CF9BB
S214038F302046FFF7F7FF0546204602F062FE20466E
S214038F40FFF7EEFF01F023FB284638BD704710B548
S214038F50044608F079F9204602F054FE2046FFF74F
S214038F60F5FFBDE8104001F012BB0020704700205B
S214038F70704738B5044608F067F92046FFF7F7FF51
S214038F800546204602F03FFE2046FFF7EEFF01F0BF
S214038F90FEFA284638BD704708B508F055F902F0C2
S214038FA033FEFFF7F8FFBDE8084001F0F0BA0020F3
S214038FB070477047704708B5D7F7F8FC00280CBF12
S214038FC00420012008BD70470B68DA7B1AB9DB7CE6
S214038FD00BB9D7F70FBD8120704708B5D7F722FD29
S214038FE0BDE80840D7F72CBD7047D7F71BBDD7F7AA
S214038FF027BD082808D84FF48B73C34013F0010F1E
S2140390000CBF212000207047212070470121D7F78D
S21403901009BE0221D7F706BE0421D7F703BE0821EF
S214039020D7F700BE1021D7F7FDBD01207047D0E962
S214039030023253F822301878D7F7A0BF0868C37BEC
S2140390401BB9C37C0BB9D7F7C9BF81207047D0E9DA
S214039050023253F822301878D8F702B8704730B582
S2140390600546044615F8100B85B0029565691D4440
S214039070CDE900250B46A21D618801F036FE05B03A
S21403908030BD704710B492F80A4192F8053103EBED
S21403909004230B8100235DF8044B1A4601F023BE1C
S2140390A01FB50446084671B12178FF290BD0238BE0
S2140390B0029363690193237C00936288A31DDDF703
S2140390C02DFEFF23237004B010BD0868C37B73B95D
S2140390D0C37C032B0BD8DFE803F002080406D8F79B
S2140390E0BFBAD8F7EFBAD8F71FBBD8F7CDBA8120E7
S2140390F070477047704700207047137810B5032BEE
S2140391000CD15479CBB29C4208D19379B3EB112F8F
S21403911004D153781B1A5842584110BD0020FCE76F
S2140391207FB505460E4600246946E0B201F083FD8E
S21403913028B96A4631462846FFF7DFFF18B90134D7
S214039140202CF1D1002004B070BDFFF7E9BF0868FA
S214039150C37B9BB9C37C052B10D8DFE803F0030D54
S214039160070B0905D8F784BBD8F7C0BDD8F71ABCD8
S214039170D8F76CBDD8F7EABCD8F7BCBB81207047DC
S2140391800020704730B5102587B001AA002101954D
S214039190FEF709FC04462A46002102A8E3F776F9FF
S2140391A02A46214602A8E3F7C3F9012102A8D8F705
S2140391B07BFF07B030BDD8F709BF7047FFF7FDBF89
S2140391C00B68DA7B5AB9DB7C012B04D0022B04D064
S2140391D02BB9D9F78DBBD9F797BBD9F7A1BB81209C
S2140391E07047002307B5012101A80193CFF71AFCA6
S2140391F008B9CFF753FA012003B05DF804FB08B5AE
S21403920002F06EFA052803D0003818BF012008BD07
S2140392100220FCE77047D0E9023253F82230187870
S214039220003818BF0120DAF7FBBEDAF7FFBE0020CE
S2140392307047002070477047FF207047FF20704735
S21403924000207047002070470020704770470620B4
S2140392507047DAF7A3B90868DAF77CBE70B50D462F
S214039260044600212846164601F076F93246208049
S2140392700221284601F070F9324660800421284610
S21403928001F067F90023A360E3606060082070BD07
S214039290034641B181424FF0640005D94343B3FB13
S2140392A0F1F0C0B2704708467047DAF7CDBEDBF779
S2140392B0C3BCDBF7CBBDB0F5807F05D0A0F500734C
S2140392C058425841400170470820704730B599B05E
S2140392D00D4669461446DBF71DFD30B915B1BDF8DA
S2140392E002302B600CB10D9B236019B030BD2DE905
S2140392F0F04788B00E46904604A905AA07461D46C1
S214039300FFF7E4FF044638BB28800DF10C09DDE9BE
S21403931004A39A4520D2062251463846CDF800903B
S21403932006ABDBF713FDD8B9039B062B18D12A88A7
S214039330DDF81A3042450ED2BDF8181026F8321062
S2140393402A8806EBC20253602A8853440132063346
S2140393502A800493DBE7F7D9204608B0BDE8F087F8
S2140393600124F9E72DE9F0438FB00F46904601A993
S214039370002204469946FFF7A9FF18B101200FB053
S214039380BDE8F083062220460DF1020302A9FFF78B
S214039390AEFF0028F2D105460246BDF80210019C36
S2140393A0EEB28E42EAD20EAB03EBC60656F82C3C60
S2140393B036F8306C0634BE4217BFE4180122134653
S2140393C00022013522B1C8F80040C9F80030D6E7BC
S2140393D01A46E5E770B50024012602F05BF9E5B20C
S2140393E0C26806FA05F59542234604F10104F4D350
S2140393F0D8B270BD70B586B0DBF7DAFA00F11006A6
S214039400E0F7CEFE00240546142201A9301902F027
S21403941048F91CB99DF80430FF2B16D0002303F13E
S21403942018026A4412F8142CFF2A06D11C44601E44
S21403943090FBF5F080B206B070BD2B44DBB2132B65
S214039440EDD91434B4F5826FDED14FF0FF30F2E776
S214039450DBF7E4B807B504220DEB020102F021F9AD
S214039460019803B05DF804FB37B5054608460C467D
S214039470FFF7F0FFA84206D0042220460DEB0201B8
S2140394800195E0F7DFFE03B030BD07B50B4600924B
S214039490002102460120DBF753F903B05DF804FB15
S2140394A008B50121DBF784F8BDE80840E1F776B894
S2140394B0DBF7C2BB08B5FFF7F3FF002008BD08B50E
S2140394C013460A4601461846DBF7CEF980F001003C
S2140394D0C0B208BD00207047704708B1DBF7CCBCAC
S2140394E0704730B4DDE902451DB1029430BC00F08C
S2140394F0C6B930BC70471F2804D8142200F5A03024
S214039500D4F758BE70471F2804D8142200F5A0309D
S214039510D4F77CBE7047152808B505D1FFF7DCFFE6
S214039520BDE80840DBF7EEBD08BD10B5142486B0D1
S2140395302246002101A8E2F7A9FF2023224601A91B
S2140395404FF4A03001F095FC06B010BD0020704724
S21403955013B500230C461A460146CDE90033E0B2A4
S214039560DCF794FB02B010BD13B50023144601903C
S21403957001220093E0B2DCF789FB02B010BDD0E90C
S214039580023253F822301868DCF7F8BC19449142CB
S2140395900ADC4218002003B9704712F8011D013B8C
S2140395A001EB0020DBB2F6E7002070472DE9F04F11
S2140395B04FF0000A85B0019381460F461546534681
S2140395C0019A11785FFA8AF2914203D8002005B017
S2140395D0BDE8F08F019909EB050801EB42025178CB
S2140395E092F802B011F04004009101F03F061BD040
S2140395F0AC19BC42D4BF0024012433466400A2073E
S21403960040F18880009B1B0640F192800E9B3246F9
S21403961003EB0B000021E2F739FF3D4600231D4410
S214039620ADB20AF1010ACBE7042E07D866B1B31E22
S214039630022B0BD8DFE803F0122130003E2E37D082
S2140396403F2E5BD03D2E4BD00320C0E7BD4234BF38
S21403965000240124012664003346D0E7AB1CBB423A
S21403966050DC02233A4629464846FFF78FFFADF8FB
S2140396700A0002230DF10A08C1E7EB1CBB4243DCD8
S21403968003233A4629464846FFF780FF03900426FD
S21403969003230DF10C08B2E72B1DBB4236DC042373
S2140396A03A4629464846FFF771FF03900423F0E73E
S2140396B07A1E95422CDA02233A4629464846FFF795
S2140396C065FF4FF6FF7380B298420EBF0223023047
S2140396D083B25C19A742B4BF0324012404268EE791
S2140396E0BD4215D298F80030FF2B0CBF012301337F
S2140396F0EC18BC42CCBF03240124EFE70124042664
S21403970000237CE73446B4E70224C0E70224CDE70F
S2140397100324E3E70E9A02EB0B0014B142F80B8026
S2140397207DE7324641460093E3F740F8009B76E731
S21403973002204CE710B5144686B018811A460A9BD9
S2140397400291CDE9034301230193099B014600934C
S2140397500320BDF82030DCF72FFD06B010BD1FB583
S21403976000240294079C0194BDF818400094FFF768
S214039770E1FF04B010BD2DE9F0410E46174605463D
S21403978086B098B391B38AB34FF0000802A95FFA84
S21403979088F001F050FA044640B99DF80830032BD0
S2140397A008D008F10108B8F1200FEFD1204606B023
S2140397B0BDE8F0819DF809202B799A42F1D1BDF8D6
S2140397C00A206B889A42ECD19DF80C30BDF80D0048
S2140397D06B7128812B4622464FF6FF71CDE9006751
S2140397E0FFF7BDFF0028DCD00446DFE72124DDE7D2
S2140397F010B586B00A9C04949DF824400394BDF8E3
S214039800204002940124CDE9003413460A4601465B
S2140398100620DCF7D1FC06B010BD1FB5044608468B
S214039820194600230094CDE90123079BBDF81820B1
S214039830FFF7DEFF04B010BDF0B5022805460E465E
S21403984014461F468BB00AD106A9F0B201F0F3F90D
S21403985098B99DF8193023719DF81C306371119BDC
S214039860224604930023CDE902330193109B31462D
S214039870009328463B46DCF79FFC0BB0F0BD13B5C0
S21403988000240194049C0094FFF7D6FF02B010BD99
S2140398902DE9F0450646884614469A4600270125D4
S2140398A08BB006A9F8B201F0C6F920BB9DF81830B4
S2140398B0012B19D19DF8192033799A4214D1BDF89A
S2140398C01A2073889A420FD19DF81C303246737162
S2140398D0B9B2CDE9030ACDE901004346022000945C
S2140398E0DCF76AFC054610B90137202FD9D1284684
S2140398F00BB0BDE8F0850546F9E70023FFF7C8BFC0
S21403990010B50446DDF736FA0021631E04F10F0294
S21403991013F8010FFF2808BF19709342F8D10023EC
S214039920237410BD0020704770B506461D46DDF74C
S21403993095F8044608B9212070BD3046DDF75CFB78
S2140399400028F8D0A0682A46FF21FFF722F89DF8E2
S2140399501030002063719DF81430A371ECE713B543
S2140399609DF81040CDE9003413460122FFF7DCFFD3
S21403997002B010BD08B5DDF771F828B18068FF2185
S214039980FFF718F8002008BD2120FCE70122FFF7A7
S214039990F1BF1FB50B466A460146184601F041F96A
S2140399A06A460823002032F8021B013B13F0FF032C
S2140399B080EA0100F7D1012838BF012080B205B044
S2140399C05DF804FB2DE9F04F87B0DDE9109B0546F3
S2140399D08846484619461F461446BDF848609DF813
S2140399E04CA0FFF7D6FF042D0346ABF800001AD8A9
S2140399F0022D1DD9042D07D04FF2F222A1889142E1
S214039A0022D1E28891071FD5E17A0022CDE90137FA
S214039A1020463346CDE90392CDF800A001F056F96F
S214039A2007B0BDE8F08F6A1F012A11D92120F7E796
S214039A3000224146CDE9119228462246109707B0E8
S214039A40BDE8F04F01F051B94FF6FF760C21DCE785
S214039A50052D0ED10023E17A0022CDE90137CDE9A9
S214039A6003920091234652464146304601F021F9BF
S214039A70D6E74FF2F222A188914204D1E2889207F8
S214039A8001D5E17AE8E74FF6FF760C21E4E7F0B577
S214039A9085B00546DCF7A2FC48B16B88B3F5006FCA
S214039AA005D1681D05B0BDE8F04000F0EFBC2846C0
S214039AB000F003FD0446C8B9E7B26946384601F02C
S214039AC0BAF878B99DF8006066B92946384601F0B9
S214039AD0B6F820B140F60443984207D08C263046A9
S214039AE005B0F0BD0134202CE6D1F7E78D26F6E766
S214039AF0DCF75ABE2DE9FF4704460D4601461846D5
S214039B0017461E46BDF830809DF83490DDF838A021
S214039B10D7F7E6FBD0B92146284601F036F9334697
S214039B203A4629462046CDE9019ACDF80080DCF76F
S214039B30DFFE33463A4629462046CDE90D9ACDF850
S214039B40308004B0BDE8F04702F02BB804B0BDE89F
S214039B50F087DDF777B8DDF72FB8DDF753B810B524
S214039B60044601F01EF9082201462046BDE81040CF
S214039B70E2F7DEBC01F017B9002101F014B901F0D9
S214039B8026B90020704720207047EAF769BBEAF73A
S214039B90B3BBEDF755B87047DDF7A0B970B5064609
S214039BA00C46154600F04CF850B13CB135B1204692
S214039BB000F0D8FC013080B2A84200D9002070BD66
S214039BC0304600F043F840B1002CF7D0012DF5D90C
S214039BD0204600F0CCFC0230EDE73046DDF7DEF839
S214039BE0EAE7F8B5BDF8185010B3967855B9D478A7
S214039BF0A6F14107012F07D8621ED2B200F0D1FDAD
S214039C000020F8BD2C46F3E7433E012E04D8A21EDF
S214039C1092B200F0DEFDF3E7D27813B90DB1AA4293
S214039C2006D811B9E2F732FCEAE7E2F781FCE7E788
S214039C308920E6E7413803288CBF002001207047BF
S214039C40413801288CBF0020012070474338012883
S214039C508CBF00200120704700207047002070470B
S214039C600388B3F57C4F01D3FFF7F8BF0846FFF729
S214039C70F3BF10B54A880488A2420DD1037B0C7942
S214039C80234009D0B2F57C4F08D3FFF7E7FF0B89D3
S214039C901B1A5842584110BD0020FCE70120FAE782
S214039CA038B50D88D488A5420AD10388B3F57C4F0E
S214039CB008D2FFF7D5FF13891B1A5842584138BDFF
S214039CC00020FCE70120FAE72DE9F0471546044695
S214039CD0B8B149B1EAB100264FF0140AB04690F87D
S214039CE00490F3B2994501D800240AE027680AFBDA
S214039CF006773846FFF7BDFF013628B13C46A5F880
S214039D0000802046BDE8F0877B8943441FFA83F82A
S214039D10E7E71446F5E72DE9F0470E4615460446F1
S214039D20B8B149B112B300274FF00C0AB846B0F8E1
S214039D300890BBB2994501D800240AE0636832460E
S214039D4020460AFB0731FFF7ABFF28B10C46A5F800
S214039D5000802046BDE8F0870B79013713F0300FFB
S214039D6002BFCB7843441FFA83F8E2E71446F0E7D2
S214039D702DE9F04186B00D461446984604AA05AB75
S214039D8003A90646DDF7E0F840B30DB1049B2B604C
S214039D9034B3049D03982946FFF762FF2B880746D2
S214039DA002467188307800F050FBD8B1297911F05B
S214039DB010030BD0EB782A46CDE900433B46718867
S214039DC03078FCF747F906B0BDE8F0812A4620460E
S214039DD00599CDF80080FFF704FFF4E78620F2E745
S214039DE02046F0E77E20EEE71FB51C460023ADF8BD
S214039DF00A20BDF818208DF80400ADF80610ADF85B
S214039E000C2069461A4601A800938DF80840FFF710
S214039E10AFFF009804B010BDF0B587B00E4605AB93
S214039E2004AA03A90446DDF78FF808B3049D039834
S214039E302946FFF715FF2B880746024661882078D8
S214039E4000F005FBB0B1297911F0100108D0009697
S214039E503B462A4661882078CCF7C6FE07B0F0BD9D
S214039E60009101232A4631460598FFF7BAFEF5E727
S214039E708620F3E77E20F1E72DE9F041064600252C
S214039E804FF014080779E8B2874201D800241AE095
S214039E9008FB05F0D6F800C00CEB00043CF8000005
S214039EA081421AD132B1802A10D194F90CC0BCF188
S214039EB0000F12DAB0F57C4F05D32046FFF7CEFE2F
S214039EC0834200D04BB92046BDE8F081402A04D136
S214039ED094F80CC01CF0400FECD10135D3E70121F8
S214039EE0DCF76EBF08B513460022DDF797F8003897
S214039EF018BF012008BD08B513464022DDF78EF8CB
S214039F00003818BF012008BD08B513468022DDF7C8
S214039F1085F8003818BF012008BD08B54022002385
S214039F20DDF77CF8003818BF012008BD08B580228D
S214039F300023DDF773F8003818BF012008BD00239F
S214039F40DDF76CB80021DDF7D9B810B5044601215A
S214039F50DDF7D4F82046BDE8104001F056BE704742
S214039F60F8B516461F469DF81820BDF81C30054662
S214039F70DDF754F878B10421DDF73EF9044650B115
S214039F80284600F010FB3A4631462846A047BDE86F
S214039F90F84000F0FCBAF8BD2DE9F74F1E46DDE9A0
S214039FA00C9B074688461446BDF838302AB3B9F1E9
S214039FB0000F22D00EB392F804A099F80020504662
S214039FC012F0080F0CBF802240226188DDF726F8C6
S214039FD098B10821DDF710F9054670B1504600F038
S214039FE0E2FA3346224641463846CDE9009BA84767
S214039FF003B0BDE8F04F00F0CABA03B0BDE8F08F77
S21403A000F8B5BDF8187016461A463B460446DDF703
S21403A01005F8E0B177B90221DDF7EEF80546B0B1F1
S21403A020204600F0C0FA31462046A847BDE8F8406F
S21403A03000F0ADBA1021DDF7DFF8054638B120464B
S21403A04000F0B1FA3A4631462046A847EEE7F8BD97
S21403A05073B5BDF8184016461A4623460546DCF780
S21403A060DDFFB8B1C4B92021DDF7C6F8044670B1E8
S21403A070284600F098FA099B3146009328469DF837
S21403A08020309DF81C20A047044600F080FA2046A6
S21403A09002B070BD8624FAE70024F8E72DE9F04104
S21403A0A086680446007800F07EFA00251427327985
S21403A0B0EBB29A4203D8BDE8F04100F068BA7B439E
S21403A0C032682078D15A02EB030800F0C2F9012166
S21403A0D04046DDF791F8034608B1207898470135E6
S21403A0E0E5E72DE9F04F1C4689B09DF84C30BDF8E6
S21403A0F0488001939DF85030924602932246434689
S21403A10007460D46DCF78AFF8DF814700646ADF851
S21403A11016508DF81840ADF81AA0ADF81C8018B983
S21403A120012009B0BDE8F08F05A9FFF7A2FD0028BE
S21403A130F6D000252F46A8462C4634E00C231FFAFB
S21403A14085F903FB09F931887368B1F57C4F33F859
S21403A150092003EB090B1AD333F8090050452CD317
S21403A160019BA3422DD900F0BAF99BF80200DDF754
S21403A170EFFC029B43B19BF8043013F0010F0CBFB6
S21403A18005200720DDF7E4FC0134A4B219E0ADF89E
S21403A1901A205946304605AA0393FFF781FD039B11
S21403A1A00028D9D101353289ABB29A42C6D804EB1E
S21403A1B00800C31B58425841B3E708F101081FFAC9
S21403A1C088F80137BFB2EDE710B5012488B00694CE
S21403A1D09DF83C4005949DF8384004949DF834401F
S21403A1E003949DF8304002940B9C0194BDF82840DC
S21403A1F00094DDF745F908B010BD2DE9F04786B0A9
S21403A200BDF83880DDF83C909DF840A0CDF800807E
S21403A210CDE9019A04460D4616461F4600F013F98B
S21403A220B8B1431EDBB2012B10D800230122811ED6
S21403A23048424841CDE90432CDE902A03B463246C6
S21403A24029462046CDE90089FFF7BEFF06B0BDE8E4
S21403A250F0870120FAE730B50024012587B0CDE961
S21403A260044503959DF82C5002950A9DCDE90045BB
S21403A270FFF7AAFF07B030BD30B50024012587B02D
S21403A280CDE9044503959DF828500094CDE90135A2
S21403A2904023FFF799FF07B030BD10B5012486B001
S21403A2A0CDE90444002403949DF828400294099CB5
S21403A2B00194BDF820400094FFF786FF06B010BD5A
S21403A2C01FB5089C03949DF81C400294069C0194B9
S21403A2D000240094DDF7D0F904B010BD70472DE9D3
S21403A2E0F84F0229074688460C9D04D84FF0000A0B
S21403A2F05046BDE8F88F1BB10429F7D942F0040293
S21403A3003A702BB303247B701B0ABB70DEF7CAFCC0
S21403A3104FF000099DF82830385504F1020A01343D
S21403A3203B550B9A5FFA89F3D45C002CE0D0732C70
S21403A33010D82E464C2C56F804BB3DD0532C15D0C3
S21403A340622C45D1AC8805F1080600231A4616E0B0
S21403A3500124DBE7A4F17503032BC7D8763C2E1D37
S21403A360022C52D8DFE804F0565A58006A6805F102
S21403A370080694B2D2B2B2F1FF0318BF01230AEB68
S21403A380040119448845B1DB50461946002947D1D4
S21403A39053441FFA83FA5CB1BBF1000FA6D02246E2
S21403A3A007EB0A005946E2F701FA54441FFA84FA07
S21403A3B0354609F10109B4E74FF6FF736A6805F1FC
S21403A3C0080694B222469C4214BF02230023D6E713
S21403A3D06C2C05D1584600F0CAF8841CA4B2B4E726
S21403A3E0732C04D1584600F0BDF8441CF6E7A4F1DC
S21403A3F03003DAB2092A01D89CB2A6E7A4F14103D6
S21403A400062B3FF673AF373CE8E7012300242A68A0
S21403A410A346B4E70223F9E70323F7E70423F5E7A4
S21403A42000F1010C01393A54C9B2120A1FFA8CF032
S21403A430ACE70020DDF714BB0022DDF731BB0023B9
S21403A440DDF744BB704701207047012070470120A9
S21403A4507047704700207047002070470020704701
S21403A46000207047002070470020704770470E207A
S21403A4707047002070470020704700207047002078
S21403A48070477047FF2070470E2070478420704740
S21403A49070477047002070470020704700207047C1
S21403A4A00020704700207047002070470020704748
S21403A4B070470E2070470020704700207047704793
S21403A4C00020704770477047704770470E207047EC
S21403A4D0704700207047812070477047704738B533
S21403A4E00546C0B2DDF734FB0446280ADDF730FB29
S21403A4F014B1002808BF0024204638BDF8B5054629
S21403A500C0B2DDF725FB0446C5F30720DDF720FBC5
S21403A5100746C5F30740DDF71BFB0646280EDDF7A7
S21403A52017FB24B12FB136B1002808BF00242046FC
S21403A530F8BD3C46FBE73446F9E710B4CC18944222
S21403A54003DC5DF8044BFFF721B800205DF8044BED
S21403A55070470423FFF7F1BF08B50223FFF7EDFFAB
S21403A56080B208BD0078FF2808BF0020704708B5F2
S21403A57002220021FFF7F0FF4FF6FF73984208BF51
S21403A580002008BD003818BF012040007047002097
S21403A590704708B5FFF7A3FCFF284FF0FF3018BF3E
S21403A5A00020C0B208BD08B5FFF7F3FFFF280CBFB5
S21403A5B02120002008BDF8B506460C4615461F4662
S21403A5C000F011F810B12544AC4200D1F8BD39466D
S21403A5D0304614F8012BDDF7ADFBF5E70146002204
S21403A5E00220DDF737BB0120704737B50546DBF79A
S21403A5F0C1FD044601950CB981201CE0237823B1E4
S21403A6002046DBF7BFFD0446F5E72B6862685B88E8
S21403A6109A42F5D1A368EA7B99B272B12A8A91422B
S21403A620EED16A7DB2EB134FEAD10020E36801A9AD
S21403A63098478128E4D003B030BD4FF6FF72EEE7AB
S21403A6402DE9F84304460F46904699460BB3012A74
S21403A6501FD80C20E2F720F9064610B91920BDE8EA
S21403A660F8831020E2F718F918B93046E2F71CF918
S21403A670F4E70123002547EA084770600570C0F831
S21403A6800C904460876033803046DBF76BFD2846CA
S21403A690E5E72120E3E738B50446436808460D4658
S21403A6A09847B4F90830002B02DB2B78042B06D12D
S21403A6B0002320466360BDE83840DDF7CDBE38BDD5
S21403A6C030B54FF48A5587B0ADF816200DF1160451
S21403A6D01A46029543B100230122CDE900332346EF
S21403A6E000F01EFA07B030BD019401240094F7E78A
S21403A6F0FFF7EBBEFFF7BDBE0020704708B500F0BE
S21403A70014FB20B900F05BFB08B9DAF7C9FEFFF7C4
S21403A710CFFEBDE80840FFF7DBBE0020DEF704BB34
S21403A7200021DEF7A1BB0022DEF760BB1FB5D2888F
S21403A7300B4612F0200F4FF6FD7114BF4924522426
S21403A740ADF80610510544BF083CE4B2110544BFFA
S21403A750083CE4B2120444BF023CE4B2032805D822
S21403A760DFE800F0020F161CADF80630BDF8060051
S21403A770FFF788FEFF281CBF241AE4B2204604B065
S21403A78010BD02AA0DF10601D8B200F08CFAEDE76F
S21403A790D8B200F052FAADF80600E7E7013CE4B29F
S21403A7A0E4E7F8B5064617460D4681B10C78FF2C4C
S21403A7B00BD00846FFF7D6FEB84228BF3846C4B2C9
S21403A7C02246691C701CE1F7B3FE3470F8BD0C46D4
S21403A7D0FBE770B5044615460E4611B94170017085
S21403A7E070BD0B78FF2B05D14B78FF2B02D103707E
S21403A7F04370F5E73046FFF7BAFEA84228BF28465F
S21403A80085B22A46B11CA01CE1F792FE25702D0ADC
S21403A8106570E5E7F0B523B9013A531C2FD1002044
S21403A82020E0042AFBD800231C46551E6E1C1AD1B2
S21403A830042A10D00121D200501E01FA00F0204253
S21403A8401EBF914049420C4318421EBF4FF0FF31D2
S21403A85001FA02F213439C421EDCB4BF4FF0FF30F2
S21403A860002040B2F0BD40B1465DEF00BE40344329
S21403A8704E5D013DBE403343D8E70646F5E78C5CA4
S21403A88038B90346A34202F1FF32C6D24FF0FF3077
S21403A890E8E7835CA342F5D90120E3E728380728D5
S21403A8A08CBF0020012070471D2810D004D840B16B
S21403A8B01C2804D0552070471E380128FAD81A29B8
S21403A8C001E00B390F298CBF55200020704708295B
S21403A8D0F9E7002000217047F7B59DF820400546AC
S21403A8E0082C104619469DF8246036D800221346D5
S21403A8F02C44AC4208D106F0FD04382C0ED1009649
S21403A900FFF7E7FF03B0F0BD14F8017D1B0243EA2F
S21403A91012631202BA1843F10003EAE7392E10D184
S21403A92007EE100A07EE902AB4EEE77AF1EE10FA75
S21403A930CCBF77EE677A77EEC77A002117EE900AD8
S21403A940E0E7824273EB010403D2801A61EB030152
S21403A950D8E7101A63EB0101D4E700200146D1E7DC
S21403A96038B5C36814461944836853F821501AB19E
S21403A9702846E1F787FC2070284638BD2DE9F341C9
S21403A9801C4616460DF107029DF82050FFF7E8FF18
S21403A9909DF807308046A34288BF8DF807409DF890
S21403A9A007700DB1E41BE5B22A4600213046E1F7F5
S21403A9B06DFD3A4641467019E1F7BAFD384602B0D6
S21403A9C0BDE8F0812DE9F3411D46164601AA9DF820
S21403A9D02040FCF7E8FF019B80469D4238BF019567
S21403A9E0019F04B1EC1B224600213046E1F74EFDE1
S21403A9F03A4641463019E1F79BFDF8B202B0BDE88E
S21403AA00F08173B50024154601AA1E460194FCF78F
S21403AA10CAFF019B072B0AD92146CCB216B1C4F153
S21403AA200704E4B2425C013108292A55F5D1D8B2AD
S21403AA3002B070BD1FB5030A8DF80E3003230093D2
S21403AA4003AB8DF80D0000F0BBF805B05DF804FB12
S21403AA501FB58DF80F100421030A8DF80E300091F0
S21403AA6003AB8DF80D0000F0ABF805B05DF804FB02
S21403AA70F0B589B016689DF83C50CDF809608DF89E
S21403AA8011305668BDF83830012D109FBDF844408C
S21403AA90CDF80D60ADF812308DF8145014D0032D98
S21403AAA019D13B68CDF815307B68CDF819309DF881
S21403AAB048308DF81D3016230093BDF84C2002ABAA
S21403AAC000F07EF809B0F0BD8DF81540240A0F2378
S21403AAD08DF81640F0E70120F4E71FB50446084654
S21403AAE011461A4602238DF80D100093214603AB38
S21403AAF000F066F804B010BD10B514461A460B688D
S21403AB0086B0CDF80D304B683421CDF811300A23CA
S21403AB10009303AB8DF8154000F052F806B010BD55
S21403AB202DE9F041B6B014461D4606460F469DF87D
S21403AB30F080DEF7BDFB03AA8DF80C001046330A3F
S21403AB408DF80F703F0A8DF80E308DF80D602B468A
S21403AB508DF810708DF8114005EB4405AB4202F1F9
S21403AB6002021FD16200D2B2931DDBB23D99D833E5
S21403AB706B44073203F8CC8C01EB4805D3B250FA8A
S21403AB8082F2A94202F1020212D103EB48030090BB
S21403AB9006213046BDF8F820DBB2DEF793FB36B06D
S21403ABA0BDE8F08133F8021B1171090A5171D5E72C
S21403ABB031F8024B02F8024C240A02F8014CE0E793
S21403ABC02DE9F0411C4605460E4617469DF81880AB
S21403ABD0DEF76EFB207043463A4631462846069417
S21403ABE0BDE8F041DEF76EBB002070477047D2F732
S21403ABF04BBE08B5E8F732FE002840F6124018BFF1
S21403AC00002008BD7047704770477047704770470D
S21403AC1070470020704770477047002070477047A2
S21403AC20704702F066BFFEF775B8FEF758B803F034
S21403AC30D7BAF4F771BE03F0C4BAF4F72BBEF4F731
S21403AC4093BEF4F74DBEFEF737B9FEF71DB910B441
S21403AC509DF8044001945DF8044BFEF710B8FEF728
S21403AC6064B8FEF771B8F0F715BDF0F719BDEEF747
S21403AC7085B8EEF789B8E9F70DBFFEF7B0B8FEF76B
S21403AC8075B8FDF7C0BEFEF798B8FEF784B830B4C3
S21403AC90BDF808409DF80C50CDE9024530BCFDF7E1
S21403ACA0D1BEFDF76FBFF4F7D1BFDEF75BBBF5F799
S21403ACB097B870B49DF80C40BDF810509DF814601A
S21403ACC00394CDE9045670BCF1F7FEBC70B49DF84E
S21403ACD00C40BDF810509DF814600394CDE904565B
S21403ACE070BCF1F731BDF1F71BBE10B49DF80440FC
S21403ACF001945DF8044BF1F76BBD10B49DF8044066
S21403AD0001945DF8044B01F0BABF01F0BABFFDF73A
S21403AD107DBFFDF78DBFFEF71AB9FDF79EBFECF7B3
S21403AD203FBBEDF797BAEDF769BAEBF763BF02F0EF
S21403AD3051BBECF71BBD02F0A7BBECF7A7BEECF7C5
S21403AD400BBAEDF78DBAEDF709BAEDF725BAEAF7C0
S21403AD50CDBDFEF7C6B8FEF761B8FEF774B8FEF7CA
S21403AD6081B800F036BC00F02FBCF3F78FBDF1F7C7
S21403AD70DBBAF3F769BDF3F78FBEF1F7A5BAE9F7C8
S21403AD8075BEF2F72FBFFFF732BFFAF74DBAFEF7DD
S21403AD9003B9FDF72CBFFEF731B801F020BDDEF78F
S21403ADA03FBAEAF78BBBE9F735BF01F0DCBF01F02A
S21403ADB0B3BFE9F783BFEAF7D1BAEAF7FBBAE9F715
S21403ADC0F1BEDEF749BADEF75BBADEF733BAE9F768
S21403ADD091BEDEF739BAF5F797BE01F09BBF01F0D7
S21403ADE062BFE9F78DBEEAF753BBE9F7E3BE10B4DB
S21403ADF0BDF8044001945DF8044BFDF753BEDEF73F
S21403AE00DBBADEF7CDBAF5F71FBCF5F757BE03F08E
S21403AE10FABA03F000BBF5F78FBCF5F76FBE00F088
S21403AE206DB900F0ABB900F0D3B900F0B9BA00F0D1
S21403AE3029BB00F092BADEF7D7BF00F0F0B900F0F6
S21403AE401DBA00F030B810B51C4601F0ECFD06F054
S21403AE5034FA0023C0F340202370400010BD0022C4
S21403AE6008B50B461146FFF7EEFF023818BF012060
S21403AE7008BD002070477047B1FA81F0400970475B
S21403AE8001207047704770470020704770470020C6
S21403AE90704770470E2070470120704770470120A7
S21403AEA070470120704714220021E1F7EFBA70477C
S21403AEB070B505460C468AB0252200210DF1030025
S21403AEC0E1F7E4FA6B68CDF81D30AB68CDF82130B6
S21403AED0234601AC03F11006224618685968083366
S21403AEE003C2B3421446F7D101236A7B8DF80230BE
S21403AEF012F0040F0CBF4FF480734FF4A0731107C6
S21403AF0048BF43F48063ADF80030930748BFBDF8ED
S21403AF100030684644BF43F00803ADF80030F0F74E
S21403AF20DBFE0AB070BD30B5427B0D46D107044642
S21403AF308BB007D5407801A9F0F738FFD8B12D209C
S21403AF400BB030BD9307FAD5C2F3800310074FEA60
S21403AF508313ADF8023044BF43F48063ADF8023088
S21403AF60BDF80220201D0AB10DF1020201A902F06C
S21403AF70DDFD0028E3D001AB03CB9DF81430A160C0
S21403AF802373BDF810306060590642BF627B42F0FF
S21403AF90040262735A0542BF627B42F00802627380
S21403AFA01B0742BF637B43F0020363732B4606AC67
S21403AFB00AAD224603CAAA4218605960144603F132
S21403AFC00803F6D10020BBE7F0B504460D4693B060
S21403AFD0252200210DF12300E1F758FA636804F1F6
S21403AFE0040CCDF83D30A36809AECDF841302B46AE
S21403AFF005F11007324618685968083303C2BB4286
S21403B0001646F7D105238DF82230637B5B0103F4E4
S21403B0100073ADF820306378FF2B1AD10023604607
S21403B0201A4601A900F0D9F99DF80530FF2B0DD17A
S21403B030002301A91A46184600F0CFF99DF80530FB
S21403B040FF2B03D11C26304613B0F0BD9DF8053008
S21403B05063700020617808AA00F0B4FA0646002858
S21403B060F1D1607801A900F03EFA2B4603AD2A46DB
S21403B07018685968083303C2BB421546F7D1637B89
S21403B0806078DB0648BF9DF81C3001A944BF63F017
S21403B0907F038DF81C3000F03DFAD4E710B5044664
S21403B0A08AB02422002101A8E1F7F0F9637B59074F
S21403B0B044BF4022ADF810201A0742BFBDF8102047
S21403B0C042F48062ADF81020DB070FD5607801A943
S21403B0D0F0F76CFE10B12D200AB010BD01AB03CB08
S21403B0E0637B606043F00203A160637304A9201DC1
S21403B0F002F01EFD0028EED00020EDE71FB56946DE
S21403B10000F066F8002818BF2D2005B05DF804FB94
S21403B11073B50D4614460646DEF78EFA6B881A0795
S21403B1201AD522463146102002F0E3FC2046DEF70D
S21403B13083FA6B88D90717D50023224601210DF120
S21403B14007008DF80730DEF749FD6B88002B0CBF30
S21403B1502120002002B070BDDE06EAD52246082173
S21403B160281DDEF73BFDE1E79A0701D50223E4E756
S21403B1705B07EAD50323E0E70F2070471FB50C46AD
S21403B180694600F025F8102221466846E1F7CAFC16
S21403B190B0FA80F0400904B010BDB8B1B1B143882D
S21403B1A0A3B90378013B082B10D8DFE803F00507A3
S21403B1B0090B0F0F0F0F0D00DEF712BCDEF76CBC8A
S21403B1C0FFF776BEFFF700BFDEF7FABD2120704714
S21403B1D038B50D4609B300B30378013B082B1AD8DC
S21403B1E0DFE803F0050D1013191919191600DEF719
S21403B1F02FFC0446284602F099FE204638BDDEF7AB
S21403B2006BFCF6E7FFF78FFEF3E7DEF79BFCF0E752
S21403B210DEF7E0FDEDE72124ECE72124EDE770B54A
S21403B22086B0064601A80C461546FFF73CFE0423E7
S21403B2308DF804301CB12068616802AB03C329464D
S21403B24001A88DF80560FFF7A8FF06B070BD70B5BE
S21403B25086B0044601A80D461646FFF724FE0323D0
S21403B260206861688DF8043002AB8DF8116003C363
S21403B270294601A8FFF791FF06B070BD0022FFF72D
S21403B280E6BF30B585B00D4669460446FFF7A0FF16
S21403B29020B92A4621466846FFF73AFF05B030BD77
S21403B2A030B5437B044613F001020D468BB007D03E
S21403B2B0407801A9F0F77AFD70B12D200BB030BDB0
S21403B2C09B07FAD5ADF8022001A90DF1020204305E
S21403B2D002F02CFC0028F0D000210E22A81CE1F777
S21403B2E0D5F8BDF810302B80039BAB60BDF8123049
S21403B2F0AB819DF81430237301AB03CB6060A16070
S21403B3000020DBE770B5437B0446DB070E468AB0B6
S21403B31003D42D2528460AB070BD6946407800F050
S21403B3204DF905460028F4D1DDF81D300E22636082
S21403B330DDF821300146A360637BB01C43F00203B3
S21403B3406373E1F7A3F8BDF80030069A43F00403ED
S21403B3503380059BB2607360DCE70B4610B504468A
S21403B360102200211846E1F791F82278032A09D023
S21403B370042A0DD0022A11D101462046BDE810400A
S21403B380DEF78EBD01462046BDE81040FFF788BFB6
S21403B39001462046BDE81040FFF7B4BF262010BD87
S21403B3A0F8B5074608460C4616461D46FFF77BFDCE
S21403B3B004232370637B314643F001032046677002
S21403B3C06373FFF705FF08B12D20F8BD2946204615
S21403B3D0FFF7C3FF0028F8D0F6E7F8B5054608469A
S21403B3E00C461F461646FFF75EFD0423237025B161
S21403B3F008222946E018E1F79BF8637B43F0020333
S21403B40063734EB932460121284600F0E4F8FF285C
S21403B410607007D12D20F8BD31462046FFF7D8FED1
S21403B4200028F7D1637B43F0010363730DB9002053
S21403B430F1E7002FFBD039462046FFF78EFFF6E7ED
S21403B440F8B50C460746084616461D46FFF72BFD7D
S21403B45003232046394600F8043B0822E1F768F840
S21403B460637B314643F0020320466373FFF7B0FE67
S21403B47008B12D20F8BD29462046FFF76EFF0028A9
S21403B480F8D0F6E7F8B5074608460C4616461D46B6
S21403B490FFF709FD03232370637B314643F0010363
S21403B4A0204667706373FFF793FE08B12D20F8BD3F
S21403B4B029462046FFF751FF0028F8D0F6E718B1D3
S21403B4C08022012100F087B8FF207047002307B5CC
S21403B4D01A4619460093F2F7B9F9B0FA80F0400914
S21403B4E003B05DF804FB0B4610B519220446FF2192
S21403B4F01846E0F7CBFF7E2C01468CBF04F5C4301C
S21403B50004F583304FF01902BDE8104088BFAD3014
S21403B510D2F750BE7E2888BF00F5C4304FF019021C
S21403B52094BF00F58330AD30D2F770BE30B589B026
S21403B5300D46FFF7C4FFFF2804460DD001A9FFF709
S21403B540D2FF2868696801AB03C3204601A9FFF749
S21403B550E1FF002009B030BD2D20FBE770477047A0
S21403B5600020704770470F20704770479DF8000013
S21403B57070470F2070470F207047002070470F203A
S21403B5807047002070470020704784B08DE80F0096
S21403B590002004B0704700207047704770470020B3
S21403B5A0704770470020704770470020704701209F
S21403B5B07047704700207047012070470E20704781
S21403B5C0FF2070470E2070470E20704700207047FC
S21403B5D070470E207047FF20704770477047002063
S21403B5E070477047704770470020704770470020C9
S21403B5F07047002070470020704770477047002050
S21403B600704770470020704700207047704700203F
S21403B610704710B50024E3B210B9C3F10303DBB2DD
S21403B6200134042CCA544FEA1222F4D110BD10B5CB
S21403B6300B784C788A78C97828B91046224604468F
S21403B64008461946034642EA012043EA042343EA2E
S21403B650004010BD7047DEF7D7BC08B5CDF720F91C
S21403B660002814BF8620002008BD08B5CDF7E8FAE9
S21403B670003818BF012008BD08B5CDF7A1FA003879
S21403B68018BF012008BD08B5CDF726FB003818BF44
S21403B690012008BD08B5DEF797FDBDE80840DEF7D4
S21403B6A045BD70B504460D461646DEF78DFD0420EF
S21403B6B0DEF72EFD324629462046FFF7DDFF044619
S21403B6C00220DEF725FD204670BD08B5DEF77CFDBB
S21403B6D0BDE80840CDF758BADFF7AEB8DFF78EB847
S21403B6E008B5DFF78BF820B1BDE808400020DFF788
S21403B6F0C3B9112008BD10B5044608B1DFF79EFA9A
S21403B7002046BDE81040FCF74EBF10B50446006A5D
S21403B71010B1616AFFF7EFFF0020C4E9080010BD0F
S21403B72038B50546FFF7F1FF2B7E0446012B0ED0F6
S21403B730023B012B0ED8EB69012B18BF6FF0960462
S21403B740282200212846E0F7A1FE204638BDEB69F3
S21403B750002BF2E76FF09604F2E718220021E0F7D9
S21403B76095BE70472DE9F84F9846DDE90B490D9BCA
S21403B77015469A0706460F4623D02A460A9B03EB2E
S21403B780040A1444A24220D10D9B9B0705D5A2EBC5
S21403B790050AD14505EB0A0420D82046BDE8F88FF4
S21403B7A0434639462020B0470AF1010ACA450AEB48
S21403B7B00B02F5D3A9EB04024C4588BF00222A44AA
S21403B7C0DCE7A246A5EB040BF0E702F1010B4346C8
S21403B7D039461AF8010DB0475A46D3E74346224680
S21403B7E039462020B0470AF1010AD2E72DE9F0478F
S21403B7F0DDE90D7616F0020F9DF82880DDE9085482
S21403B800DDE90BCE1FD106F001094FB1B9F1000FE8
S21403B81006D0B8F1000F02D116F00C0F00D0013F8E
S21403B8204FF0300A04E0202C04D005F804A00134BD
S21403B8307445F8D3B9F1000F05D04FF03009A7428D
S21403B84001D9202C2DD116F0100F1FD016F4806FBF
S21403B8502CD15CB3744501D0BC4227D1B4F1010EA0
S21403B86023D0BCF1100F46D1023C16F0200F28D18E
S21403B870202C28D04FF0780C05F804C00134202C77
S21403B88021D04FF0300C05F804C00134202C1AD018
S21403B890B8F1000F23D04FF02D0C05F804C0013487
S21403B8A012E005F804900134C9E77446BCF1100FA2
S21403B8B0DBD0BCF1020FE2D1202C04D04FF0620C97
S21403B8C0DAE7202C08D12024CDE90A76CDE90854FE
S21403B8D0BDE8F047FFF746BF4FF0580CCCE716F02D
S21403B8E0040F02D04FF02B0CD7E716F0080FEBD05F
S21403B8F04FF0200CD1E7BCF1020F7446C1D1DDE74F
S21403B9002DE9F04391B0189D1A9E1D9F0DB927F09F
S21403B91010077C0500D515B317F0200F14BF4FF0A2
S21403B920410E4FF0610EAC4600250DF12008AEF136
S21403B9300A0EBCFBF6F906FB19C95FFA89F4B9F1DE
S21403B940090F94BF30347444E4B2B44508F8014B8D
S21403B95005F10105BCFBF6F401D3202D10D11C9C88
S21403B960069705941B9CCDE903649DF86440CDE9D6
S21403B970015408AC0094FFF739FF11B0BDE8F0831B
S21403B980A446D6E72DE9F04F95B0269ECDE90A23C7
S21403B990DDE91E74DDE9229B57EA040308BF26F09F
S21403B9A010067205CDE9080102D557EA040337D01D
S21403B9B016F0200F14BF4123612300250DF1300A32
S21403B9C0A3F10A0821464A465B463846E0F7F2F9F1
S21403B9D0D2B2092A94BF303242444F45D2B274EBF6
S21403B9E00B0405F101050AF8012B01D3202D14D110
S21403B9F0259B06960593249BDDE90801CDE9039371
S21403BA009DF88030CDE901530CAB0093DDE90A23A2
S21403BA10FFF7ECFE15B0BDE8F08F07460C46D1E7FE
S21403BA200025E5E708B100F014B8704710B1D1E976
S21403BA3000311847704738B5441E14F8015F25B91E
S21403BA400A2000F006F8284638BD284600F001F81C
S21403BA50F3E701460020FCF779BB70477047E8F729
S21403BA6019BC704708B5FCF742FBCCF719FFBDE8D5
S21403BA700840CFF729B8704708B5CDF759FAFAF753
S21403BA8047FFBDE80840DEF79FBB08B5FBF7FEFEA1
S21403BA90DFF708F9FBF7D8FDDFF7A6FCDFF792FC24
S21403BAA0DFF714FCBDE80840D2F75EBB08B5D0F755
S21403BAB075FBFBF7B8FDD0F77DFBFBF7B6FDD4F7B8
S21403BAC065FDD4F70BFED4F713FFBDE80840D4F7A3
S21403BAD031BE70477047DFF71FBC08B5FCF752FF4F
S21403BAE0BDE80840FCF776BF704707B5002203465B
S21403BAF0114601200092D3F7C3FE03B05DF804FBA2
S21403BB0007B500920B46027D81898068FDF74EFDDE
S21403BB10003818BF0120C00103B05DF804FB08B568
S21403BB200020DAF7BBFF0020DCF74CFD0020D5F73A
S21403BB3087FA0020D5F774FD0020D6F79DFA00207B
S21403BB40D8F7CCFD0020D9F737FB0020DAF72CF91D
S21403BB50BDE808400020DAF717BA08B50120FDF75C
S21403BB603CFABDE808400120D5F75ABD08B50220C7
S21403BB70DBF788F80220DAF721FA0220DDF730F83F
S21403BB800220FFF7ABFD0220FDF792FC0220D9F757
S21403BB9013FBBDE808400220DAF714BD7047FDF733
S21403BBA0A7BF704770477047704770477047704726
S21403BBB0704710B50446DAF71FFC2046D6F76EFD2D
S21403BBC02046D7F7C1FC2046BDE81040FDF7A3BCCE
S21403BBD0FDF7BEBCFDF7C8BCDAF7F0B87047704790
S21403BBE07047704770477047704770477047704795
S21403BBF005F029BB70477047DAF77AB97047704784
S21403BC00704770477047704770477047CAF73EBF24
S21403BC10FEF748BC704700207047FEF745BCFEF7AA
S21403BC204FBC7047431E012B03D9031F584258418C
S21403BC3070470120704700F021BC4FF4D0720021FA
S21403BC40E0F724BC70B50446E2F7F8FC0546A8B94D
S21403BC50A169F1B1238AD3B1204604F11002E2F7B9
S21403BC609BFB38BBE16919B3638AA3B1204604F191
S21403BC70120200F0CAFA78B1054603E00023A36176
S21403BC802361E361002328466361236270BDA061DC
S21403BC90E8E72082E6E7E361216A0029F2D0A28A78
S21403BCA0002AEFD02046E38ABDE8704000F06FBA62
S21403BCB06182F1E76582E561DEE711B9D0F8DC1051
S21403BCC021B1CB6813B18B68D88970474FF6FF70E4
S21403BCD07047E1F797BD10B50C461146E1F7B8FD7E
S21403BCE0E2F7E6FF012801D1002010BD002CF7D1B2
S21403BCF00520FAE700F0CFB900F0E3B970B50023EA
S21403BD002425D0F8DC00C4689C4201D1212070BDF4
S21403BD10826805FB0322D6898E4202D8128A8A429B
S21403BD2001D20133F0E70020F1E7F8B506460D46E9
S21403BD30E1F704F8D8B94FF6FF734FF0240CEF6819
S21403BD40C1B28F4208D81C4621463046E1F7ACF90B
S21403BD5000F09AFB2046F8BDAA680CFB0122D489A2
S21403BD609C4202D2002CEFD023460130E8E70024A1
S21403BD70F0E7C08D70470A7838B505461046FFF7DA
S21403BD8051FF60B14C782046FFF74CFF38B1224391
S21403BD90530704D42846BDE83840E1F7A5BF212061
S21403BDA038BD10B504460878FFF73CFF58B14A780B
S21403BDB01046FFF737FF30B1042A04D02046BDE80B
S21403BDC01040E1F7AFBF212010BD00F0E8B8E2F75E
S21403BDD011BB084600F008BBE1F750BE38B5044671
S21403BDE00D4600F08EF850B129462046E1F75CF97F
S21403BDF030B929462046BDE83840E1F707BE0E2095
S21403BE0038BD70B516460C4605F077F8314605463C
S21403BE102046E4F7E9FF0446284605F069F820467D
S21403BE2070BD00F032B970B5044600200E4600F02F
S21403BE3027FBD4F8F0503DB1002331462046AC46EC
S21403BE40BDE870401A4660472B460122314620461D
S21403BE50E2F774F8284670BD38B5044648880D46A0
S21403BE6000F00EFBD4F8F0302BB929462046BDE887
S21403BE703840E1F771BF022038BD00F003BB00F085
S21403BE803CB9E1F791BCE3F789BF70B5BDF8106024
S21403BE90054606B16BB1334428469BB200F077F9EA
S21403BEA0044620B91EB13146284600F0ABF92046B9
S21403BEB070BD2124FBE7E3F7F7BAC0F8EC100020C7
S21403BEC07047E2F783B900F05EB910B4BDF80440DA
S21403BED001945DF8044B00F09FB80B4610B514466A
S21403BEE01846A1689288E0F761FCE168034631B121
S21403BEF0A0886288121A92B21844E0F757FC002012
S21403BF0010BD0346408A18B1188A003818BF0120AE
S21403BF1070470846E4F74EB800F0ECBA00F0EABA09
S21403BF20E4F75ABA084708B5E1F786FCC0B208BD7D
S21403BF30022A01D800F0E2B921207047022A01D86C
S21403BF4000F0EDB921207047022A01D800F0F9B9B4
S21403BF5021207047E2F79ABF0846E2F7B5BF00F024
S21403BF6018BA00207047002070477047D0F8943006
S21403BF7003F06003402B0DD0602B03D0203B5842C8
S21403BF805841704749B10B68012B06D9486940F000
S21403BF900100704740F20110704700207047F7B564
S21403BFA004461046D4E954C7DDE908268CEA0205A0
S21403BFB087EA06010540194085EA0C057940C4E97D
S21403BFC05451002523F4004106EA010320F0010042
S21403BFD043F40073024043F00203CDE90055E5F74E
S21403BFE0CDFD94F824309A0713D5D4F854319B0525
S21403BFF00FD54FF48811204600F058FB94F82430F0
S21403C000024665F3410384F8243020460B46E1F7E5
S21403C010E7FB002003B0F0BDF0B587B01C4617461B
S21403C020BDF830601AB90024204607B0F0BD002BD7
S21403C030F9D00029F7D001AAE3F736FA0028F2D0A0
S21403C040BDF80630A2199A42BDF80850C4BF9B1B20
S21403C0509CB2B54212D90399AD1BADB23144A54289
S21403C0600391ADF808500DD22A463846E0F79EFBFA
S21403C0700499621B7819E0F799FBD5E70499761BB8
S21403C0803144049122463846F5E70846E4F74CBEA9
S21403C0900220E4F797B908B5D0F8E4304BB11A6834
S21403C0A0022A06D993F825204AB1186AB0FBF2F0A3
S21403C0B008BD4FF446624C210020E1F757F80020F4
S21403C0C0F6E7D0F8E42008B57AB11368022B0CD94A
S21403C0D0536A13F47F4FC3F3072106D0126ADBB209
S21403C0E053438B42B3FBF1F006D2002040F67F4267
S21403C0F04C21E1F73BF8002008BD0346D0F8300199
S21403C1000860B3F8343100208B80704790F83031E4
S21403C1100C2B14BF90F82B00FF20704738B50C4645
S21403C1204FF400610546E6F7CDFD70B17CB195F896
S21403C1301E3173B94FF480724FF480712846E6F7C8
S21403C140ADFD003818BF012038BD2202F4E72246B1
S21403C150F2E70020F8E74FF48071E6F7B3BD08B5C1
S21403C1604A024FF40071E6F799FD002008BD08B5B2
S21403C1708A024FF48061E6F791FD002008BD4FF474
S21403C1800071E6F79FBD062300208B717047B2F55A
S21403C190805FF8B50F460646154619462ED89A42CE
S21403C1A02CD33F2A26D9B2FA82F40122C4F11F0304
S21403C1B0DBB29A4092B2AA422CBFC4F11904C4F16E
S21403C1C01A04E2B20124931DDBB29C40A4B2AC4233
S21403C1D012D096F8F5309BB9012096F8243060F318
S21403C1E0C71386F824303846E2F772FF002037621A
S21403C1F0B582F8BD0022ECE70020EEE72120F8E741
S21403C2000E20F6E70846E2F783BF70B505460E46EE
S21403C210144602B313883F2B1DD9B3FA83F3C3F135
S21403C2201901C9B2062901D8192B12D0062928BF2D
S21403C230062101238A1DD2B2934030462380E2F7BB
S21403C2406FFF23882846EE616B82E2F7F3FF002038
S21403C25070BD0021EDE72120FAE710B51446084625
S21403C2600121E4F737FC2046BDE810400121E4F73E
S21403C27031BCF8B504460E46174604F03EFE3A4671
S21403C280054631462046E4F7E3FE0446284604F016
S21403C2902FFE2046F8BD0220704703207047E4F7C0
S21403C2A089B810B50023E2F709FB044608B9E5F799
S21403C2B083FE204610BD704770B505460E461446ED
S21403C2C000F0E3F831462846FFF72FFD00F0DDF8CF
S21403C2D0230704D50B2C9CBF24F00804A4B22146E4
S21403C2E02846E1F7AFFA00224FF400312846E6F776
S21403C2F0D5FC002070BD8021E6F7E4BC7FB5531C57
S21403C30005AAADF81410029202210022DBB2CDE991
S21403C31000211146E6F7E0FC07B05DF804FB7FB5A5
S21403C320531C05AAADF81410029204210222DBB2B4
S21403C330CDE9002100220121E6F7CEFC07B05DF827
S21403C34004FB1FB5531C029100220821CDE90021EE
S21403C3500122DBB21146E6F7BFFC05B05DF804FB2D
S21403C36007B591F82830009391F82B3091F82920DF
S21403C37091F82A10E2F750FD03B05DF804FB10B500
S21403C3800446E1F759FA01462046BDE81040E1F7B6
S21403C39059BA002914BF21200020704738B5054636
S21403C3A010460C46E2F7BEFDD5B1D5F8E030BBB17A
S21403C3B05B69ABB1421ED2B2FD2A13D90A680132B9
S21403C3C004BF6FF001020A600A68FF281A6007D1EB
S21403C3D06268013202D16FF00102626062685A60DD
S21403C3E0002038BD0128F2E738B50546E4F758FEC5
S21403C3F004460021A878E2F7FDFD204638BD2DE966
S21403C400F74F01251C469DF8303006460193036816
S21403C410174603F0070306339D4005F1FF380B4626
S21403C420A1B1416804EA080BA5EB0B0A41F00059D9
S21403C430524509EB0B0114D952461846E0F7B6F9F4
S21403C44049467A1B5A445044E0F7B0F9019B2BB196
S21403C4503C4448EA050804EA0804F46003B0BDE86F
S21403C460F08F1846F0E737B5002514460095FFF71A
S21403C470C6FF204603B030BDE2F7D0BB00207047AE
S21403C48000207047002070477047704730B549005A
S21403C4900446056812B102291FD90339C90395B9A1
S21403C4A0E1B1B1FA81F3C3F12003C3F10F00012810
S21403C4B038BF012003F01F03D940A94201D9013830
S21403C4C04908216030BDB5FA85F339B1B1FA81F276
S21403C4D09B1A002BE9DC0F20EFE700210F20F0E783
S21403C4E0012805D9023818BF4FF0FF30C0B2704795
S21403C4F00120704708B5E4F7B7F8BDE80840E4F74D
S21403C500DBB838B50446FFF7F5FF0546FFF7F2FF3D
S21403C510431BA342FAD338BD38B50D460446E4F7A9
S21403C520A3F835B1844200D90139204601F003014E
S21403C53038BD844238BF0131F7E708B50121FFF75C
S21403C540EBFFBDE80840E4F7B7B80B0C23F48053C1
S21403C550B3F5284FF7B50D468FB2064699B216D0F7
S21403C5604AF60103994214D04AF60203994212D0BE
S21403C570B1F5204F14BF04240324D6F8E0300BB1E2
S21403C580196851B9D6F8DC3093B928680EE0002450
S21403C590F3E70124F1E70224EFE7234668463A4629
S21403C5A0E4F7E6F8DDE90003002BEBD103B0F0BDBA
S21403C5B019680029E9D0234668463A46E4F7D8F8CE
S21403C5C0DDE90003002BE0D1F0E702F06FBD0204C3
S21403C5D0C0F3891307D56FEA83536FEA935313F5B2
S21403C5E0007F18B206D0A3F1C8006FF4FF73984219
S21403C5F0B8BF184670474FF0384359699A6903F530
S21403C60000530A405A6170470E207047E5F7C8BECC
S21403C610E5F7C6BEE5F7C4BEE5F7C2BE08B50846ED
S21403C620E6F7E4FA08BDE5F7BBBE02207047022032
S21403C63070470020704701207047002070470E2087
S21403C640704700207047E2F733BB084611460122C5
S21403C650FFF741BB70B505460C4611461A46E6F78A
S21403C66077FB06682B462046B446BDE87040604715
S21403C67010B5E6F76DFBBDE8104083681847FFF773
S21403C68010BEE2F73DBAFFF7A9BBE1F747BF70B5A7
S21403C69004460D4616464FF4881100F01CF8324641
S21403C6A029462046BDE87040E2F75CBC38B505462F
S21403C6B00C4604F022FCD5F890301C40D5F88C309C
S21403C6C02343C5F88C3004F013FC211E18BF012148
S21403C6D00020490238BD38B504460D4604F00DFC6B
S21403C6E0D4F890301D40D4F88C3023EA0505C4F8FE
S21403C6F08C5004F0FDFB284638BD38B504460D467D
S21403C7004FF48811FFF7E7FF29462046BDE8384077
S21403C710E2F750BC73B50D7806460C4635B30423D2
S21403C7208DF804302379304601A98DF80530FFF7DC
S21403C73038FB0546B8B92278A37952BB8DF8043086
S21403C740E379304601A98DF80530FFF714FB05465B
S21403C75048B923783BB161883046E1F7FDFC0121F7
S21403C7603046FFF7DBFC284602B070BD2946FFF7CC
S21403C770D5FC29463046FFF7F2FC29463046FFF73C
S21403C780F6FC2378002BCAD123798DF8043063791D
S21403C790C9E702228DF80420D3E7FFF7E0BCFFF7D2
S21403C7A0EEBC0020704710B50446E6F76BFB214647
S21403C7B00020E7F7C9F9BDE81040002000F03EB9B5
S21403C7C070470120704708B5E7F7ECFF80F00100DB
S21403C7D0C0B208BD4FF0FF30FFF79EBB7047002086
S21403C7E0704710B50C4604F0A3F8048010BD38B5A6
S21403C7F00C46154604F09CF803881DB11C43A1B2F1
S21403C800018038BD23EA040189B2F9E708B504F0CC
S21403C8108FF8008808BD08B504F08AF8C07808BD0C
S21403C82008B504F085F8008800F00C0008BD08B5CC
S21403C83004F07EF8008800F00C00031F58425841AD
S21403C84008BD38B5054604F073F804462846FFF7D6
S21403C850EEFF30B904F1100004F02FFD00F4406041
S21403C86038BD4FF40060FBE738B5054604F060F8C2
S21403C87004462846FFF7DBFF014648B91034204636
S21403C880042203F095FF2044BDE8384004F015BDAC
S21403C890A08838BD10B50C4604F04AF8848010BD55
S21403C8A038B5054604F044F804462846FFF7BFFFAC
S21403C8B0014608B1201D38BD10340422204603F07B
S21403C8C077FF2044F7E738B5054604F031F8044609
S21403C8D02846FFF7ACFF30B904F1100004F0EDFC76
S21403C8E000F4404038BD4FF40060FBE738B505461A
S21403C8F004F01EF804462846FFF799FF014648B998
S21403C90010342046062203F053FF2044BDE8384087
S21403C91004F0D3BCA08838BD38B5054604F008F843
S21403C92004462846FFF783FF014608B1201D38BD9D
S21403C93010340622204603F03BFF2044F7E708B5F1
S21403C94003F0F6FF007A08BD08B503F0F1FF90F98F
S21403C950090008BD08B503F0EBFF807A08BD08B5EB
S21403C96003F0E6FFC06808BD10B50C4603F0E0FF11
S21403C970047210BD10B50C4603F0DAFF447210BD06
S21403C98010B50C4603F0D4FFC46010BD2DE9F84380
S21403C9900F468046002107F110001646994604F01C
S21403C9A03BF80446D0B103F0C3FF0546204603F028
S21403C9B0DBFF002102462846DFF768FD00232046FA
S21403C9C0AB7049F00401FFF70CFFA5F804802EB105
S21403C9D03A46314605F11000DFF7E8FE2046BDE88B
S21403C9E0F883F8B505460F461020002104F014F826
S21403C9F00446B0B103F09CFF0646204603F0B4FF9E
S21403CA00002102463046DFF741FD00233946204623
S21403CA10B370FFF7E6FE25B12A460121204603F050
S21403CA20D3FF2046F8BD08B503F082FF103008BDDB
S21403CA3008B503F099FF1038C0B208BD0020E6F72A
S21403CA40ABBF08B5E7F706FA002008BD4088C0F379
S21403CA500C000330800840000430704770B50E4663
S21403CA6005461146304603F0D7FF044635B128B1D4
S21403CA7003F05EFF32462946DFF75AFD204670BDB7
S21403CA800088B0FA80F04009704738B50588002260
S21403CA90044604F07CFC05B1258038BDF8B507468E
S21403CAA00D4600880021164603F07AFFB04204467E
S21403CAB005D129463846BDE8F840FFF7E6BF002112
S21403CAC0204603F06DFFB04205D02046002103F058
S21403CAD067FF0446F3E72A462046002103F074FF67
S21403CAE032462846BDE8F840002103F06DBF38B54E
S21403CAF0044638B1002104F044FC002301465D1CC3
S21403CB0009B998B238BD204604F05FFC2B460146AF
S21403CB10F5E7F8B5058807467DB1CCB22146284629
S21403CB2003F03EFF8542064609D100233B800022E0
S21403CB302146304603F048FF35462846F8BD2146D1
S21403CB4003F02EFF21460246284603F03DFFEEE79C
S21403CB502DE9F04707888246884614465FB3384671
S21403CB6003F002FF3D460646E4B22146284603F09C
S21403CB7017FF4045814616D1214603F011FF214693
S21403CB800246284603F020FF474504D1454508BF23
S21403CB900025AAF8005000222146404603F014FF61
S21403CBA03046BDE8F0878742FAD003F0DDFE304416
S21403CBB04D4686B2D9E73E46F2E700220123C0E996
S21403CBC000237047F8B504460127002604F0A2F9AF
S21403CBD023683BB904F099F900226368012B0ED150
S21403CBE06360F8BD1D691F61266004F08EF9012D90
S21403CBF0F2D02B462D691E61012DFAD1E6E719699D
S21403CC001A610B46EAE7036823B94068012803D094
S21403CC10E7F768BE002070474FF0FF307047F8B55F
S21403CC20054604F065FA012306460027A8602B7321
S21403CC3004F070F92B6802467BB11C692169A14296
S21403CC400CBF2F6019612761104604F05EF9012CB2
S21403CC5008D0204663689847EAE76C68012C04D13D
S21403CC6004F053F900232B73F8BD6169711AB1F10F
S21403CC70004FF5D8216969602361E5E77047022014
S21403CC80704702207047002070470144884201D154
S21403CC900120704710F8013B9342F7D000207047FD
S21403CCA00821FDF7A6BF70B50146064692B00020E0
S21403CCB0E6F714FB044670B9FDF796FF05460146F2
S21403CCC06A462046E6F75EFE6A46294620468DF803
S21403CCD00260E7F70DF9204612B070BD00B593B0B9
S21403CCE0FDF782FF6A4601460020E6F74BFE9DF9F4
S21403CCF0020013B05DF804FB00B593B0FDF774FFB4
S21403CD006A4601460020E6F73DFE9DF8000013B094
S21403CD105DF804FBE6F7FABD012070477FB54FF6D2
S21403CD20FF7101AAE8F7BAF820B1BDF80C0007B006
S21403CD305DF804FB4FF6FF70F9E708B504F084FBD3
S21403CD40003818BF012008BD08B51046E9F77AF980
S21403CD50BDE80840E9F734BA704770477047704734
S21403CD60704770477047002100B593B06A4608467F
S21403CD70E6F708FEBDF8060013B05DF804FB0021D5
S21403CD8010B592B004466A460846E6F7FBFD002156
S21403CD906A460846ADF80640E7F7AAF812B010BD93
S21403CDA0002100B593B06A460846E6F7EBFDBDF8EA
S21403CDB0040013B05DF804FB002110B592B00446DE
S21403CDC06A460846E6F7DEFD00216A460846ADF8E1
S21403CDD00440E7F78DF812B010BD704773B50646EA
S21403CDE0E8F782FB04463046EBF700FB2246034691
S21403CDF000213046F7F71AF90546D0B1FFF713FEC0
S21403CE000446284603F094FD0023E21D121A294621
S21403CE1008200093D2B2FBF794FE0138C0B2012873
S21403CE2007D801222946304602B0BDE87040E8F72D
S21403CE3091BB02B070BD134610B50A4600210446E6
S21403CE40F7F7CEF8014628B12046BDE81040022287
S21403CE50E8F780BB012010BD07B5009313460A46CA
S21403CE600021F7F737F828B1002103B05DF804EB8B
S21403CE70F4F7E2BD012003B05DF804FB2DE9F04FA3
S21403CE8087B00C4691460746FFF7CAFC0546661C64
S21403CE90304604F012FA042D40F090803846FFF72F
S21403CEA0C2FD0378092203F00303012B14BF0223F8
S21403CEB0032301212046039303F07AFC0922002171
S21403CEC00546204603F074FC21788DF817000139D7
S21403CED00022204689B2FFF7C1FD04EB090883460A
S21403CEE0F0B14FF0010A2A460146CDF800A0039898
S21403CEF00DF11703FBF725FE0228054626D15846F3
S21403CF0003F032FD00222070C0B2431E00929BB293
S21403CF1052465946304604F0D1FA237853442370D8
S21403CF203846FFF773FC020424D498F801302178BE
S21403CF309B071FD50139A1EB09013A464046C9B202
S21403CF40EDF770F823781844207013E020B92070AA
S21403CF50284607B0BDE8F08F032809D1404604F001
S21403CF60ACF920F4007189B2404604F0A8F9D7E77B
S21403CF700428D5D10125002220462178FFF76EFD2F
S21403CF8007460028E4D04FF0000801464346012236
S21403CF904046CDF80080FBF7D4FD022819D1384669
S21403CFA003F0E2FCC2B2013A207093B23946012282
S21403CFB03046CDF8008004F081FAC9E780F080059A
S21403CFC020F0800081B23046C5F3C01504F077F92F
S21403CFD0D1E70028BCD12070BAE708B50020FFF7D8
S21403CFE0F2FB80F00100C0B208BD0A4608B5014650
S21403CFF00020E8F7AFFAB0FA80F0400908BD002039
S21403D000E7F7AAB800210846E6F74EBD0020FFF76B
S21403D010D8BB70B5044604F050F904220021064636
S21403D020204603F0C5FB204404F047F903220546D7
S21403D0300021204603F0BCFB204404F03EF94FF6E3
S21403D040FF730540ADB29D4214D1F30712D50622F5
S21403D0500021204603F0ACFB204404F02EF90446DE
S21403D060E8F7EAFA844214BF02240624E8F7DEFA55
S21403D070204070BD2046FBF77CFFC400E4B2F5E712
S21403D08008B5FFF7C6FF003818BF012008BD01200A
S21403D090704710B50446FEF7B5FA08B9FEF7B4FABA
S21403D0A003050FD40C231B2B01D1002009E020FA23
S21403D0B003F1C90703F1010206D5DBB2E31A5842AE
S21403D0C0584110BD0B23F9E71346ECE710B50C46A1
S21403D0D0098819B90846F6F763FF2080012010BDBA
S21403D0E008B510461A4600F0B8FABDE8084004F042
S21403D0F082B870B504460D46164692B06A46E6F701
S21403D10041FC6A46294620468DF81F60E6F7F0FE86
S21403D11012B070BD10B50C46E8F76AFE2046BDE8AF
S21403D1201040E8F77BBD0129F8B505460C461DD02F
S21403D13003291ED0052920D0072922D00026002443
S21403D14000270120E6F762FB304485421DDA032000
S21403D150E6F75CFB2044854219DA0520E6F756FB22
S21403D16038448542B4BF07200520F8BD6FF0040697
S21403D170E5E76FF004040526E2E700266FF00407F0
S21403D180DFE7002405272646DBE70120EDE703203B
S21403D190EBE738B5054600242046E6F737FB0134AF
S21403D1A0A842E4B202D9062CF6D10724204638BD9D
S21403D1B038B14379490023F00C0301F00C010B430B
S21403D1C04371704710B5044678B1417940884908E1
S21403D1D001F006010131000AFFF7A5FF02460146EA
S21403D1E02046FFF7E5FF104610BD0722FBE738B5DC
S21403D1F00D46E8F7EBFD044608B9002038BDFFF7F7
S21403D200E1FF002DFAD1237913F00703F5D09842F6
S21403D21038BF1846C0B2F1E7037923F00703194372
S21403D22001717047037903F00F0343EA0113037197
S21403D23070470022E9F76EB90021012208B5E9F725
S21403D24069F9401A18BF012008BD38B51546FFF71F
S21403D250F0FF0446284604F00DF984B1FF2804D0F5
S21403D260626822FA00F3DB0701D5012038BD0123EB
S21403D270834013436360E3780133E370F5E72046A6
S21403D280F4E7E9F7B1BB10B503F052FB00F1100465
S21403D290204604F012F820F4007189B22046BDE857
S21403D2A0104004F00CB82DE9FF4115460191012109
S21403D2B08DF80D301B0A8DF80E309DF82C308DF846
S21403D2C00C008DF80F3028460423009103AA9DF81E
S21403D2D028809DF830709DF8346001F0D8FC044631
S21403D2E070B12946FFF7D6FAB8F1000F02D12046EF
S21403D2F0FFF7C9FF2FB146B931462046F4F79CFB2A
S21403D3000024204604B0BDE8F081002220461146E2
S21403D310E9F7F0FAF4E74FF47A70E9F745BCF0B5AD
S21403D320064687B010461C460F461546FFF77BFB9E
S21403D3309DF83030184443789CB16178012211F08F
S21403D340020F0CBF032100210020CDE90142CDE9E5
S21403D35003100722394630460095E9F7C1FC07B0AB
S21403D360F0BD22462146EFE708B5E7F7CFFABDE85A
S21403D37008400020E9F7F0BE00B58BB06846E9F731
S21403D380EFFB009BBDF8060004A90693E9F78EFBA6
S21403D3900BB05DF804FB1FB504466846E9F7E0FBEF
S21403D3A002AB03CB2060616004B010BD1FB506233B
S21403D3B004468DF80C30EAF75FF800238DF80D006D
S21403D3C0CDE9003301210223204603AA01F05FFCC6
S21403D3D004B010BD70B50C4605460120EAF740FFC1
S21403D3E0237B4BB1FFF7BFFC014623462A46BDE825
S21403D3F070400120EAF7EEBA4FF6FE71F5E7F8B58E
S21403D4000E460746FFF70FFB054603F056FF00F4EC
S21403D4104040B0F5404F14BF0022062202F10A0333
S21403D420EB5C0B325C0004F00E045B08144403F060
S21403D430380338461C44FFF7FBFA844208D2001B25
S21403D440C2B20F2A28BF0F2230462919DFF7AEF9DA
S21403D4502046F8BD40F62740EBF734BE13B5F4F785
S21403D4608DFD6946044600F0E1FF58B1FFF77BFCEB
S21403D47040B1E7F73FFB28B1002302226946204666
S21403D480F2F73CF902B010BDFF224FF6FF71ECF73E
S21403D49065B807B500210DF10700ECF7EDF99DF827
S21403D4A0070003B05DF804FB13B5044601A900208A
S21403D4B0ECF7E2F9019A01462046ECF7F3F9204629
S21403D4C002B010BDF0B50F46002187B004460846EB
S21403D4D01646ECF7D1F9012305460DF10A008DF83F
S21403D4E008408DF80930FFF756FF092C1DD1314649
S21403D4F00DF1120003F0E3FE05AB002102AA9B1A0E
S21403D5002846CDE90011DBB2642101F0C0FB0546D5
S21403D510E0B1092C15D1ECF70FFA044688B128467A
S21403D520ECF71EFA204607B0F0BD31460DF11300A6
S21403D5308DF812704FF6FF7503F0C1FE0DF115035B
S21403D540DBE7284600F02EF80446EBE70446E9E757
S21403D5507FB50D461646ADF80E0003F005FA841B9C
S21403D560E4B2BDF80E20631B9BB210462946009317
S21403D570731901F0C0FA21460DF10E0001F093FA7B
S21403D58004B070BD38B504460D4603F090FF40B1B5
S21403D590AC4206D0204603F0EBFBBDE8384000F073
S21403D5A0DBBF38BD10B50446FFF73DFA023003F083
S21403D5B084FE4FF6F7739842204603D9BDE8104021
S21403D5C0ECF750BBECF79AFBB0FA80F0400910BDBD
S21403D5D00022ECF76BBA70B50546FFF724FA064649
S21403D5E0284601F078FB01462846F7F78BF90446F0
S21403D5F02846FFF739F94FF6F773984208D8337879
S21403D60003F00303012B05D1A31E5842584170BDF6
S21403D6100120FCE70020FAE741F2033330B585B07A
S21403D6200D46ADF808300446FFF79DFB8DF80A005B
S21403D630FFF799FB0021000A8DF80B00052320460F
S21403D640CDE9001102AA8DF80C5001F020FB10B1B1
S21403D6502146FFF7BDFF05B030BD2DE9F041044676
S21403D66017460D46E1B13F294FF0000600D1354677
S21403D6702046FFF7D5F8082814D10121204603F0E9
S21403D6808FF9064603F070F90446304603F050F966
S21403D6903B4601462A46E0B2BDE8F041FDF75BBBD8
S21403D6A00126E5E72046FFF7BBF8024630B9BDE89A
S21403D6B0F0414FF6FF71012003F0C8BD2046FFF787
S21403D6C0C0F8B0F5006F0ED12046FFF7CDF84FF641
S21403D6D0FF739842014617D0002D0CBF0320052088
S21403D6E0002203F0B3FD29462046E9F7BBF968B9E3
S21403D6F029462046EDF796FF40B93246294620468E
S21403D700BDE8F041ECF7B6BD0120E9E7BDE8F081DE
S21403D71037B54FF6F675FDF76AFA431E9BB2AB4272
S21403D7200446F8D8E8F752FB0028F4D169462046A9
S21403D730E7F740FE0028EED0204600F0DCFF002886
S21403D740E9D12046FFF778FD0028E4D12046EDF71F
S21403D750DDFF0028DFD1204603F0A9FE0028DAD13A
S21403D7602046FDF75AFA0028D5D1204603B030BD2F
S21403D77073B504460E46EDF7C9FF054688B920463D
S21403D780EEF71EF821462B460D224FF6FD70009548
S21403D79000F056F83146204602B0BDE87040EDF77B
S21403D7A0D1BF02B070BD37B5054614460C2914D850
S21403D7B0DFE801F02C132C1313130713131313248E
S21403D7C024006946E7F7F6FD18B901216846F2F723
S21403D7D077FB41202946F7F73BFDD4B12046FFF7F8
S21403D7E022F9023003F069FD4FF6F773984210D919
S21403D7F0204603B0BDE83040ECF74CBC40F614407E
S21403D80040F613430B2908BF1846E3E7F5F742FF34
S21403D810E3E703B030BD1FB50346084603218DF882
S21403D8200D308DF80C1001230021ADF80E20CDE944
S21403D830003103AA042301F02AFA05B05DF804FBBD
S21403D8402DE9F34106460F4614461D469DF82080F3
S21403D850FFF789FAB04207D100222146384602B0C4
S21403D860BDE8F041FFF79FBF3A4631462046FFF733
S21403D870D2FFADF8060060B10D2C05D100224FF69D
S21403D880FF71282003F0E2FC35B9BDF80600FFF768
S21403D89089FE02B0BDE8F0810123424629460DF118
S21403D8A00600E6F787FFBDF80630002BEDD1F0E75C
S21403D8B0F7B50C460546FFF7B6F8611C064628463C
S21403D8C0F7F720F8A11C0746284601F027F901467A
S21403D8D004463846FDF7D7F90D2F34D12046EDF729
S21403D8E015FF78B1301D03F0E8FC04462846F679A8
S21403D8F0FEF7FCFF31460246204603B0BDE8F04083
S21403D900FFF7A3BCB01C03F0D8FC4FF6F77398429E
S21403D91002D92846ECF7BEFB2046EDF751FFFFF78A
S21403D92022FAA04205D1002003B0BDE8F040EDF78F
S21403D9308BBF6B46B068F16803C369462046EDF7B4
S21403D94001FF03B0F0BD2A463946204603B0BDE8C2
S21403D950F040FFF728BF14220021DEF797BD2DE91C
S21403D960F04F11F00F0704460E4615468FB05CD1F4
S21403D9700120DCF709FA09A8FDF795FA092309A897
S21403D9808DF82430FDF793FA09A8DCF7CFF901A93F
S21403D99009A8FDF71DFC26F00F08A84404F110099A
S21403D9A004F10F0A454511D1236901A933442361C4
S21403D9B009A8FDF7F2FB0020DCF7E6F9B6F1005FF5
S21403D9C028BF272738460FB0BDE8F08F05AA2346A1
S21403D9D096469446186859680833ACE803004B45E6
S21403D9E06246F6D12B46224605F1100B53F8041B6C
S21403D9F05B4542F8041BF9D1714609A8FDF7CDFB38
S21403DA0009A8DCF793F9224621460120DCF778F9CA
S21403DA10013D631E13F8012F15F8011F534582EAD3
S21403DA2001021A70F6D15D46BCE70227CAE7F0B5D5
S21403DA30174685B005460C46102200216846DEF7D9
S21403DA4025FDBFB3C4B30F2C04F00F0608D924F08A
S21403DA500F043A4621462846FFF781FF40BB27447A
S21403DA60324639466846DEF7A1FE80222F6906F164
S21403DA70100337446B44B7F5005F03F8102C2F618F
S21403DA80C6F110061AD3062E1FDDFB001A0E8DF8FC
S21403DA900A201A0C5BBA8DF80B20ADF80C306A46D8
S21403DAA010212846FFF75BFF00202B69103B2B61F4
S21403DAB005B0F0BD3E46D8E72646D6E7022E04DD7F
S21403DAC0FB005BBAADF80E30E9E76A46102128463C
S21403DAD0FFF745FF2B691022A3F1100400216846C7
S21403DAE02C61DEF7D3FCB7F5005F4FEAC403CDD253
S21403DAF0E7E770B50E46054686B001A81446FFF75D
S21403DB002AFF3246294601A8FFF791FF224605461B
S21403DB1001AB05AE1C4603CCB442106051602346ED
S21403DB2002F10802F6D1284606B070BDEDF72ABF0B
S21403DB300A460021EDF726BFF0B58BB00C4601A9C7
S21403DB40EDF720FF054680B325220021E01CDEF713
S21403DB509DFC0123A3700E23BDF810702380FA05E5
S21403DB6010D523464FF4877206AE23F8042B0DF127
S21403DB70280C324603CA624518605960164603F1FC
S21403DB800803F6D13B0605D5238843F0800323809C
S21403DB90069B636001AB03CB039BC4F81D00C4F86C
S21403DBA02110A361EFF7FAF9606128460BB0F0BDC8
S21403DBB030B505460C4687B001A8FDF774F928680A
S21403DBC0696802AB03C39DF8113043F002028DF877
S21403DBD0112074B12288510644BF43F006038DF822
S21403DBE01130530542BF9DF8113043F008038DF8FA
S21403DBF0113001A8FDF752FAB0FA80F0400907B0D9
S21403DC0030BD70B58AB00D46002201A90446EDF773
S21403DC10B9FE88B1204604A9FFF7CAFF60B1BDF874
S21403DC201060FFF7A0F838B9720601D5730503D55F
S21403DC3029462046FDF793F80AB070BD2DE9F34157
S21403DC400F460546164602F08FFE4FF00008C41B2B
S21403DC50E4B2294623463A463046CDF8008003F020
S21403DC602DFC0121284602F09BFE88B1012128469F
S21403DC7002F096FE074602F077FE0546C3B242461A
S21403DC8030193946CDF8008003F018FC2544ECB271
S21403DC90204602B0BDE8F0812DE9F04F85B00C4672
S21403DCA0054691461F464FF0010ADDF838809DF879
S21403DCB03CB002F059FE22463B4629460646CDF8BE
S21403DCC000A0484603F0FAFB5146284602F068FED9
S21403DCD03C4418B35146284602F062FEF6B2B442FC
S21403DCE0814610DAE7B2F31BDBB2404622462946EA
S21403DCF0CDF800A003935F4403F0E0FB039BBF1B38
S21403DD00984407F0FF0B012300220E9349465B4617
S21403DD10404605B0BDE8F04F03F0D0BB5B46224655
S21403DD202946CDF838A0F3E72DE9F041002686B062
S21403DD30074608460C4615469846CDE902660496FD
S21403DD408DF8146002F010FE411BCBB20D2B28BFDA
S21403DD500D232A462146009602A803F0AFFB42464F
S21403DD6002A93846EEF788F80646294620469DF867
S21403DD700820F6F7DBFD304606B0BDE8F0812DE956
S21403DD80F04F0E46CBB00121054617461C4602F05F
S21403DD9007FE23463A462946814606A8FFF7C4FFF0
S21403DDA00DF1280A00EB070B5246314628465FFA68
S21403DDB08BFBFFF743FFB34503D200204BB0BDE810
S21403DDC0F08FABEB06085FFA88F808F10403984275
S21403DDD0F3DB331F18440423C4B20193A31BDBB243
S21403DDE00093524643460021CDF808A006A8DBF769
S21403DDF03BFF0028E1D1A4EB0B040AEB0803E4B2D3
S21403DE00524628463146009301944346FFF744FFA3
S21403DE1039462846F6F776FD394600F0F8022846D6
S21403DE20F6F784FD0121284602F0BAFD002818BF44
S21403DE304D462846ADF8165002F096FD011FC9B2AE
S21403DE400DF1160000F02FFE0120B7E72DE9D841AB
S21403DE50064600F040FF411C044689B2304600F0F7
S21403DE600DFF98B394B321463046F6F74BFD00F00A
S21403DE700C03042B074629D000F00308B8F1020F61
S21403DE8000D11BBB384600F0AFFF3B060444A4B2E8
S21403DE9016D5611C304689B200F0F0FEB0B12146BB
S21403DEA03046F6F72FFDB8F1010F014600F00303E5
S21403DEB00CD0032B0AD0384600F0A5FF03199CB2FA
S21403DEC021463046BDE8D84100F0D8BE0020BDE864
S21403DED0D881F8B5064600F0C0FE0546044630462F
S21403DEE0FEF7A1FD43785B0718D5AC1CA4B2214608
S21403DEF0304600F0C3FEB8B129463046F6F702FDB9
S21403DF000746691C304689B2F6F7FCFC1FB1874208
S21403DF1001D8FF2808D104EB4704A4B221463046B3
S21403DF20BDE8F84000F0AABE0020F8BD13B50446CD
S21403DF3001A8EEF7F9F9BDF80430DA0710D49B0709
S21403DF4007D410220021204602B0BDE81040DEF7B9
S21403DF509DBA224621461020FFF7CBFD0028F0D1BC
S21403DF6002B010BD024608B5EEF706FA510544BFE7
S21403DF700838C0B2130544BF0838C0B208BDF0B5B0
S21403DF80D30705460C468BB04AD5008800F0A3FE9F
S21403DF9000230646029314B9CDE9034403AC0022DA
S21403DFA008212046FEF771FEA8B12888FEF73BFD40
S21403DFB0023003F082F921460746E7F7FBF950B132
S21403DFC0002240231146384600F01DFA40F6094564
S21403DFD028460BB0F0BD31462888F6F793FC10F0C0
S21403DFE0030F0CBF01260026EDF710FD46EA40009E
S21403DFF0C0B200900021204602AB05AAEFF726FC2C
S21403E0000546EDF703FD0028E2D0002DE0D0002101
S21403E0102046009602AB05AAEFF718FC0546D7E79D
S21403E02040F60A45D4E700231A46EFF769BB30B536
S21403E0308BB005AD04462846FCF735FF0223284679
S21403E04001A98DF81430FDF7C3F8234601AA144638
S21403E05003CCAC4218605960224603F10803F6D19C
S21403E0600BB030BD08B50023024619461846EFF735
S21403E07047FB012008BD37B504466846EFF7B8FBF3
S21403E080054648B1082221466846DEF74BFDB0FA3E
S21403E09080F0400903B030BDFF2208212046FEF77A
S21403E0A0F4FD034628B106212846FFF7BCFF0120EE
S21403E0B0F0E722460146EFF723FBF8E707B5684685
S21403E0C0EFF796FB10B16846FDF700FA00F0010083
S21403E0D003B05DF804FB0120F0F7C4B8704737B50A
S21403E0E004460846FEF7DCFB0546FEF73CFE002327
S21403E0F00146009322462B460120F5F7EFFB03B0BB
S21403E10030BD30B50124054689B003A8FCF7CBFE25
S21403E11001A88DF80C40DBF767FE9DF806209DF8F6
S21403E1200730AA4209D0AB4209D103A88DF80D40A7
S21403E130DBF7FCFD012009B030BD0024F5E7002025
S21403E140F9E700221021FEF7A0BD7FB50D4600F5C6
S21403E15082300D22694600F58070D0F72BF86B46A7
S21403E1602A4602AE1C4603CCB442106051602346D6
S21403E17002F10802F6D12068106023791371002398
S21403E1806B7304B070BDF0B585B06A4605460B46A2
S21403E190164601F10807144618685968083303C47D
S21403E1A0BB422246F7D118680D2220601B7905F57D
S21403E1B082303146237100F58070D0F727F805B01A
S21403E1C0F0BD38B504460D46DBF7D2F8A04205D9B4
S21403E1D020462946FFF7B9FF002038BD2820FCE774
S21403E1E030B5002485B08DF80040DBF7C1F8E5B202
S21403E1F0A84204D8F1F7C8FC002005B030BD694634
S21403E2002846FFF7C0FF0134EFE738B50446002081
S21403E21002F07EFDFF2805460FD002F001FE10F047
S21403E220010009D0284602F0FBFD400840EAC17011
S21403E23080F0010000F0010038BD04F00100FBE7A8
S21403E2400146F8B506460020F1F7D8FBFF2801D0B3
S21403E2500120F8BDDBF77CF800240546871CDBF7B6
S21403E2607BF8E3B2984201D80020F2E735F8243071
S21403E270B34203D117F82430002BE9D10134EEE77B
S21403E28038B50D460121044602F08AFB30B1012160
S21403E290204602F085FB2880012038BD20462C80CE
S21403E2A000F00EFE0130C0B2F7E72DE9F04788B064
S21403E2B00746894610460DF10A011D469046FFF7AC
S21403E2C0DFFF4FF0000ABDF80A6004463046CDE98A
S21403E2D005AACDF81BA002F047FB031BDBB20B2BF2
S21403E2E028BF0B2322463146CDF800A005A803F02D
S21403E2F0E5F848F21F039D4243D00BD885F400434C
S21403E300012B15D923464246494628460097FDF772
S21403E31030F933E048F23A039D42F3D1FEF723FD8A
S21403E320B8422BD02246414605A8FDF757F925E00B
S21403E3309DF8143013BBBDF81D40DDF81500DDF85D
S21403E340191003AB03C3204603A9DBF733FA0122F4
S21403E350204603A9EDF7ACFAA74206460ED00121E4
S21403E36003A8F1F7ADFD48F201039D4206D12EB98D
S21403E370334632463946204600F046FE08B0BDE82E
S21403E380F0879DF81450002DF8D12F469DF8158080
S21403E3900234EAB24245F1D2D200D2B22244082372
S21403E3A0314692B2009703A8CDE9037703F086F8C7
S21403E3B003A8F3F713FE02F0DBFC00F0CDF80135FB
S21403E3C0E7E708B5E6F7A2FABDE80840F1F7B6BFF7
S21403E3D010B50024418084800480C280038110BD70
S21403E3E013B5BDF81040CDE900340023F2F70EF95B
S21403E3F002B010BD13B5BDF8104001900094F2F7BB
S21403E40005F902B010BD07B500930123FFF7F2FF2D
S21403E41003B05DF804FB0123F2F79EB90121F3F77D
S21403E4200BBB01464FF6FF70F3F72EBA10B50C463A
S21403E43002F09EFCFF2808D0F3F7B8FD20B103686E
S21403E440236043680120636010BD0020FCE710B51D
S21403E4500446FEF7F6F9B0F5006F204605D1FEF741
S21403E46003FABDE8104002F083BCFEF719FABDE8D4
S21403E470104003F018B808B502F07AFCFF280CD059
S21403E48002F0CEFC10F0010309D0400840EAC17048
S21403E49080F0010000F0010008BD0020FCE71846EC
S21403E4A0FAE71FB500F582300B2201A900F5C0700C
S21403E4B0CFF780FE9DF80E0005B05DF804FB30B57F
S21403E4C089B001F0010503A90446F4F791F99DB15B
S21403E4D090B9204602F0A4FC10F0010109D02046B2
S21403E4E002F09EFC430843EAC17383F0010303F082
S21403E4F0010103A8F1F7E4FC2046F5F711F99DF8AE
S21403E5001430294600932046BDF8162003ABFCF7CB
S21403E5109EFB09B030BD7FB50C460546F3F72EFDCE
S21403E520A04217D04FF6F7739C4213D805F58236F0
S21403E53006F5C0760B2201A93046CFF73BFE01A9AC
S21403E5400B223046ADF80C40CFF760FE2146284636
S21403E550F3F766FD04B070BD10B50446DAF70EFF98
S21403E560A0420FD92046F3F709FD4FF6FF739842F2
S21403E57008D020460021FFF7A2FF2046BDE8104042
S21403E580F4F790B910BD10B50446FEF7ECFB002374
S21403E590024619462046BDE81040F4F7DDBA2DE9D9
S21403E5A0F04114460F4605469846FEF73CFA0646E3
S21403E5B0043002F082FE20802846FEF797F960803A
S21403E5C0B379791CE372C9B22846F6F79BF9B91CEE
S21403E5D0A072C9B22846F6F795F9FE1C2072F6B269
S21403E5E0B8F1000F18D03146284600F097FA0537E1
S21403E5F0FEB23146A080284600F090FAB11CE080B7
S21403E600C9B22846F6F77EF96072217AA0880122FD
S21403E610BDE8F041F4F7C0BF2088EAE72DE9F041F2
S21403E62086B090461E4604460D46FEF79CFB4FF604
S21403E630F7739845074632D80523A0428DF80C3069
S21403E6404FF0010214BF012300234FF0000118BF4F
S21403E6508DF80D30CDE9002114BFADF80E008DF80E
S21403E6600D30284614BF0423022303AA00F00FFB31
S21403E6700546A0B1A7421AD0FEF7D5F907462146AC
S21403E6800430803E02F01BFE2046FE7104A9FFF70D
S21403E690CDFE40B9204604A9E6F7A0FB18B9002032
S21403E6A006B0BDE8F081284604A900F07EFB41468B
S21403E6B02846FEF78DFFF3E7037923F00303194398
S21403E6C001F03F010171704707B50DF10701F4F73B
S21403E6D009FE03B05DF804FB08B5FFF7F5FF18B1B4
S21403E6E0BDE80840F4F74EBE08BD00224FF6FF70A3
S21403E6F01146F4F751BF10B50446FFF7E5FF02468F
S21403E70038B901462046F4F747FF003818BF012002
S21403E71010BD0120FCE7F8B5174604460E46FFF782
S21403E720D3FF0546386068B1037903F003033370FB
S21403E73023B93A68137903F03F0313713B685C8887
S21403E7402046F8BD01462046FEF751FD074628B190
S21403E750E7F74AFD874201D83570F1E73146204690
S21403E760FCF701FF0028EBD003234FF6FF7433704A
S21403E770E6E707B501AA0DF10301FFF7CCFF9DF805
S21403E780033053B9019828B1037913F0300F14BF3F
S21403E7900120002003B05DF804FB0020FAE72DE912
S21403E7A0FF410646104688461546F3F717FC07460C
S21403E7B0FEF7D9FA044648BB4FF6FF739E4225D0B0
S21403E7C09F4206D00146384604B0BDE8F041EAF75A
S21403E7D0D5BF07238DF804302B680246CDF80530E5
S21403E7E06B68092101A8CDF80930FEF737F9024610
S21403E7F018B9192004B0BDE8F0810123414630461C
S21403E800F0F726FA0028F4D02046F3E70220F1E7D3
S21403E8102DE9F04390460F4606464FF0010991B0A6
S21403E8200BA803ADFCF73FFB07AC29460BA8ADF8D6
S21403E8302C90FCF7CDFC95E80F0084E80F004B46C0
S21403E840002239463046CDE90048F0F71DFB11B0EB
S21403E850BDE8F0832DE9F04F002785B081460C46CE
S21403E8607E2039469846BDF83CB09DF844A0BDF8D6
S21403E8704C500192ADF80E7002F0CEF80646002812
S21403E88000F0AA8002F054F839467E22DDF7FEFD3A
S21403E890304602F04DF80090304602F049F8B9F1E0
S21403E8A0FF0F0CBF274644F003073B0A14F44062ED
S21403E8B0077043705FD14FF00808C31C18464246E2
S21403E8C00199DDF735FE034604F44044434484B11E
S21403E8D0790606D419464FEA1B2201F802BB5A7082
S21403E8E00B46B4F5004F56D0A4F54042544254416B
S21403E8F0E400224618460E99DDF71AFE009A0346F0
S21403E9002044A0EB02085FFA88F89DB14FF47C52CE
S21403E9101A53841C284602F00BF88346284602F056
S21403E92023F8C5B22A4659462046DDF73FFF60194D
S21403E9300235EDB2B9F1FF0F2FD05246109900F809
S21403E940019BDDF733FF08F101015AFA81F12944EF
S21403E9503046E5F7C5FE0C210022FF0007F08007CE
S21403E96010463943FEF73DF8ADF80E00E8B900202F
S21403E97005B0BDE8F08FB2F5006F80F803804FEA6C
S21403E980182880F8048000F1050314BF4FF0080828
S21403E9904FF0020892E70224ABE708EB0A0129448A
S21403E9A03046E5F79DFE0821D6E7304601F0C0FF66
S21403E9B00446304601F0D8FF0123024621460DF1F6
S21403E9C00E00E5F7F7FE0028D1D10121BDF8482057
S21403E9D0BDF80E0001F0F8FFBDF80E00C8E710B54D
S21403E9E00C46098821B90846F5F7DAFA208008B1FB
S21403E9F0012010BD0220FCE72DE9F04780460F46B4
S21403EA000646002402F1FF39BC4202D219F8015F20
S21403EA1025B9A6EB080080B2BDE8F0879A46A5F1B3
S21403EA203102012A5AF8041B10D83246322D02F856
S21403EA30011B06D10134A4B2A74232D30912B21C79
S21403EA407170013453461646A4B2DDE7342D0CD15B
S21403EA500334BC42DDDA0B0A317073700B0C090EFB
S21403EA60B370321DF170A4B2EBE7A5F13302062AA8
S21403EA700DD8303DADB22B19BB42CADA2A46304612
S21403EA80013CDDF755FD15FA84F47219EBE7A5F1A1
S21403EA904102062A01D8373DECE79D8803F1080AB0
S21403EAA0E9E71646B5E770B5054600880C4601F05B
S21403EAB05BFFA04228880AD201F056FF0023221AE1
S21403EAC019462846BDE8704092B2E5F773BE214664
S21403EAD0E5F706FE002070BD38B5054601F028FFB1
S21403EAE00446284601F040FF002201462046BDE8C2
S21403EAF03840FDF7B3BFF8B516460C461D46BDF8BD
S21403EB00187001F015FF0444304601F011FF3A4631
S21403EB1041192046BDE8F840DDF70ABD70B50C463E
S21403EB20013189B20646F5F7EDFE21460546304625
S21403EB30F5F7E8FE00EB052080B270BD1FB5012394
S21403EB40ADF80C2000930A460223014603A802F000
S21403EB50B5FC05B05DF804FB0FB437B5069D002180
S21403EB60A8B201F059FF044601F0E2FE2CB10022E0
S21403EB7007AB0193D1B28D4205D8204603B0BDE85A
S21403EB80304004B0704753F8041B81540132F1E758
S21403EB9073B504460D4640200021164601F03CFF9F
S21403EBA0ADF8060001F0C4FEBDF8063013B9002028
S21403EBB002B070BD402133462A462044FFF71CFFAF
S21403EBC0211889B20DF10600FFF76DFF0028EED17C
S21403EBD0BDF80600ECE70EB403B503AA52F8041B0F
S21403EBE00192FFF7D5FF02B05DF804EB03B0704760
S21403EBF02DE9F7430F4601218146164601F0D0FE64
S21403EC00054658B1FFF768FF308088B9284601F0FB
S21403EC10ABFE68B1192003B0BDE8F083484601F0A7
S21403EC20A3FEFF2FA0EB0704E4B214D014B934807C
S21403EC300020F0E72A4621462846FDF70FFF8046C8
S21403EC400028E7D03B464A4629460094FFF753FF81
S21403EC50A6F80080ECE70120DDE708B5FDF7E3FE44
S21403EC60437803F001001A074CBF10300830DB0668
S21403EC7044BF0830C0B21030C0B208BD10B50C4651
S21403EC8001F072FEA04234BF0020012010BD7FB504
S21403EC9014460091024641F2092141F609209DF8E7
S21403ECA020601D46002E18BF0146099B0020F5F77D
S21403ECB051FEADF80E0010B9002004B070BD01235C
S21403ECC02A4621460DF10E00E5F774FD0028F3D120
S21403ECD0BDF80E00F1E738B50546FFF7BEFF04465C
S21403ECE0284601F041FE631C9BB283420FD8284698
S21403ECF0FDF799FE43785B0707D521462846F5F7C7
S21403ED0001FE013004EB4004E4B2204638BD002483
S21403ED10FBE71FB5ADF80E0001F026FE0446BDF86E
S21403ED200E00FFF7D8FF00F10E03DBB2BDF80E208E
S21403ED300146E01A80B200901046FFF7DCFEA4F10D
S21403ED400E0189B20DF10E00FFF7ADFE04B010BD43
S21403ED504278034612F0080006D0D20702D403F125
S21403ED600800704703F10900704737B505460C469F
S21403ED70FDF759FE437813F0100212D09CB103F04E
S21403ED8001021B074FF000032946009320464FF06D
S21403ED90080354BF1832203202F090FB012003B060
S21403EDA030BD1046FBE72046F9E773B505460C462B
S21403EDB0FDF739FE437813F0100211D094B1012603
S21403EDC003F001021B0729464FF00803204654BFF1
S21403EDD018322032009602F071FB304602B070BD46
S21403EDE01046FBE72046F9E700F00303012B08D0A3
S21403EDF0C30606D400F00C000C2814BF0820092014
S21403EE00704702207047034611F0030005D003F055
S21403EE100303022B14BF022003207047F8B50C46E9
S21403EE20064601F0A1FD631C834202D9002528464D
S21403EE30F8BD21463046F5F765FD0746FFF7D4FFD4
S21403EE403B060546F3D50444304601F08DFDA4B2D7
S21403EE50631C9BB28342E9D821463046F5F752FD40
S21403EE6001463846FFF7CFFF2844C5B2DFE770B543
S21403EE7006460D46FFF7D2FF044610B90024204687
S21403EE8070BD29463046F5F73DFD8206F7D5304678
S21403EE9001F06AFD2544ADB26B1C9BB28342EDD8EC
S21403EEA029463046F5F72EFD00F01803082B14BF4D
S21403EEB005340634E4B2830644BF0834E4B2DEE71E
S21403EEC038B50546FFF707FF044608B9002038BDE6
S21403EED001462846FFF7CBFF0028F7D02044C0B2F0
S21403EEE0F5E72DE9F04387B005460C46FDF79BFD95
S21403EEF0804602F0E2F907462846FFF7ECFE064690
S21403EF0001462846FFF78AFF002203460092294659
S21403EF10324602A802F0D2FA9DF8086006F00C0307
S21403EF200C2B06F003090BD0B9F1010F59D0F106EB
S21403EF3057D49DF809300DF10A050020637107E0E8
S21403EF40FF230DF10900637102F0B7F90DF10B050C
S21403EF50208198F80130DA0704D508F1020002F0A0
S21403EF60ACF92081B9F1010F5FFA89F83DD0F306B9
S21403EF703BD4284602F0A1F96080A81C02F09DF954
S21403EF80053515F8013C208023712B78B006A37253
S21403EF9006F0400348BF43F02003390627D543F461
S21403EFA00073F80448BF43F48063390548BF43F44D
S21403EFB000633206E38011D56A7812F003020DD09F
S21403EFC06FEA43436FEA5343A978B8F1020FE3802D
S21403EFD00B4611D1EB7841EA0321218107B0BDE846
S21403EFE0F083FF230DF10905A7E7FF23CCE77A0695
S21403EFF048BF43F48073D4E7012A04BF0B029BB2D5
S21403F0002381EBE7F6F782B90BB1F6F7EBB90AB94A
S21403F010F6F764BAFF21F6F78DB9431C08BF002044
S21403F020DEF7EABC034B5868C0F30800003818BF85
S21403F0300120704700ED00E0014B1868704700BFE1
S21403F040206E0020084B1B6F03F00703022B04D02F
S21403F050032B05D0012B05D0FEE7044B1868704739
S21403F060034BFBE70348704700800050206E0020E8
S21403F070286E0020002D310108B5FFF7E3FF054B8E
S21403F0801B6FC3F301330133B0FBF3F0024B18607D
S21403F09008BD00BF008000501C6E0020004870476B
S21403F0A000B4C40400487047002D3101014B1868B2
S21403F0B0704700BF286E0020174A9368C3F30443C3
S21403F0C00C2B0AD8DFE803F00B0909090909072105
S21403F0D019091B1D1F0011487047002070479368CD
S21403F0E003F04073B3F1807F11D0B3F1007F10D0EB
S21403F0F0002B0B4818BF002070470A4870470A4881
S21403F10070470A4870470A4870470A4870470A48D3
S21403F11070470A48704700BF0040015A405DC6006A
S21403F12000093D00C0EA210180BA8C010048E801CD
S21403F130005A62020024F40080841E0040420F003E
S21403F140014B1868704700BF246E002007B500F017
S21403F15065FC6A4600F0C2FC18B14721034801F07B
S21403F160CEFFDDE9000103B05DF804FB921F040047
S21403F1700229F8B596BF104B00245C5C01280546AF
S21403F1800E4608D0022809D008B944F002040B4BF7
S21403F1901F6837B9F8BD44F00804F8E744F02004C4
S21403F1A0F5E77B681A68144203D0314628465B6845
S21403F1B098473F68EDE700BFCAB80400FC4200204A
S21403F1C038B5104D2B78ABB10F4C23781BB100F03C
S21403F1D031FA00232370002001F0A4FF0B4C50B13A
S21403F1E000F07AFA0023012120782B70FFF7C0FF86
S21403F1F00123237038BD0122054B1A702278054B74
S21403F2001A70F7E7F6630020F4630020FB63002020
S21403F210F7630020F86300200E490B78FF2B01D11B
S21403F22098B170470BB990B97047002814BF0122F4
S21403F230FF2213440B7060B1074B1B78012B08D9D0
S21403F240064B1B782BB9FFF7BBBF1A46F1E7012223
S21403F250EFE77047FA630020FB630020F7630020A4
S21403F26010B501F04AFE064B04461B781BB1BDE8F9
S21403F270104001F03DBEFFF7A3FF2046F7E700BFAF
S21403F280F363002002282DE9F04147D0294803788C
S21403F290FF2B41D1002941D11A461344DBB2037038
S21403F2A000293BD0244E3278012A37D9002B3ED092
S21403F2B001F023FE214F04463B780BB3204D2B78F9
S21403F2C01BB901222A701F4A1370DFF87C8098F856
S21403F2D0003023B100F0AEF9002388F80030204652
S21403F2E001F006FE012001F01DFF01F006FE2B785B
S21403F2F004461BB100F0F0F900232B7000233B708B
S21403F300204601F0F5FD01243078A04206D02146C0
S21403F310FFF72EFF347001E013B931B9BDE8F08171
S21403F320002914BF0122FF22B7E70122B5E7022412
S21403F330EAE700BFFA630020FB630020F6630020C1
S21403F340F3630020F7630020F46300202DE9F04305
S21403F35085B0EFF3108572B6AFF3008001F0B7FF08
S21403F360002800F09280624E624F337823B100206B
S21403F370FFF752FF00233370387878B903A900F0FB
S21403F3801DFB044650B95C4B039A1B689A4200F275
S21403F39084800120FFF740FF012333703B78002B66
S21403F3A040F09980554B1B78002B00F091804FF06E
S21403F3B00208534CDFF868912078404507D099F847
S21403F3C0003013B94146FFF7D3FE84F80080B8F146
S21403F3D0020F0FD1DFF8248198F8003053B9494B58
S21403F3E01B7823B900F020F90122474B1A7001233A
S21403F3F088F80030207800F0F7F899F8003013B159
S21403F400424B1B782370AFF30080284601F085FE3D
S21403F410EFF3108572B63E4B1A7852B100221A707B
S21403F4203A4B20781B78984203D101212170FFF7CD
S21403F4309FFE384800F082FA01F05DFF8046002800
S21403F44093D12E4F3B789BB189F80000DFF8B89034
S21403F45099F800301BB100F0EDF889F80080002021
S21403F46001F060FE002839D000F036F900233B7027
S21403F470337823B10020FFF7CFFE0023337000213B
S21403F4802078FFF775FE00232370AFF3008028462D
S21403F49005B0BDE8F04301F040BE1F4BD3F8008033
S21403F4A000F048F9039B80449845BFF472AF00F020
S21403F4B03BF98200039942F0020292B2CDE9004280
S21403F4C02346164AA1EB0801124801F02DFE65E714
S21403F4D000F09CF86BE74FF001086AE7012000F0A4
S21403F4E083F8284601F019FEEFF3108572B6B6E7E7
S21403F4F0F5630020FA63002004430020F66300202F
S21403F500FB630020F9630020F4630020F863002007
S21403F510F1630020084300200043002061F203004B
S21403F520F763002010B501F0E8FC0022054B1C78B9
S21403F5301A7001F0DDFC00F005FBE4B22043C0B214
S21403F54010BD00BFF263002038B501F0D6FC094BAE
S21403F55005461B78012B04D801F0CAFC002420467C
S21403F56038BD054B1C6800F0E5F80444284601F056
S21403F570BFFCF4E7FB630020004300201549164A4E
S21403F5800B6F10B503F007031360144A144C92690B
S21403F590032B02F00200C2F34002227017D0D1F808
S21403F5A0203103F00703022B11D0D1F8803203F089
S21403F5B001030C4A137048B143B9064BD3F8003124
S21403F5C003F00303591E4B424B41137010BD012336
S21403F5D0EFE700BF008000506443002000C00150E6
S21403F5E00064002001640020012805D002380128A9
S21403F5F008D80020CBF7C2BF034A136923F00403DD
S21403F600136130BF704700BF00ED00E0044B054AAE
S21403F610D3F8203103F007031360F7F77EBE00BF6D
S21403F620008000506C4300200122014B1A70704783
S21403F630FF630020F8B51F4B1B78002B39D01E4CF8
S21403F6402378B3B91D4B9A6DD10302D5DA6D9207B1
S21403F6502FD49B6DDB072CD401F0A9FD184B194A58
S21403F6601860136F23F0070343F003031367FFF7D2
S21403F67003FD01F09CFD124B134D1B68134EC01A7D
S21403F6802B78134F56F8232046F82300111A3A68AE
S21403F6901048521A0A213A600932B2FBF1F20133DA
S21403F6A0DBB20260B3FBF1F201FB12332B700023D3
S21403F6B02370F8BD01640020FE63002000C00050E4
S21403F6C05C43002000800050FD630020344300208C
S21403F6D0304300202C43002008B5F7F71FFE0D4AE1
S21403F6E00D49136F096823F007030B4313670B4990
S21403F6F0D2F82031096823F007030B43C2F8203100
S21403F700074B1B7813B10122064B9A62BDE80840EB
S21403F710FFF7B2BC00800050644300206C43002017
S21403F7200164002000E00050014B1878704700BFCA
S21403F73001640020054B187818B1054B186800EBD8
S21403F740D000044B1B681844704700BF01640020B8
S21403F7502C4300206043002008B50D4B1A7892B165
S21403F76000221A700B4A136F23F0070343F00103BA
S21403F7701367D2F8203123F0070343F00403C2F8DB
S21403F7802031FFF779FC0122034B5A6708BD00BFFF
S21403F790FF6300200080005000E000500D490B6816
S21403F7A0A0B10022A3B1834203D1836822B90B60C0
S21403F7B003E01A469B68F5E7936083680BB900205D
S21403F7C070475A6941690A445A61F8E7222070472C
S21403F7D0022070477843002010B501F004FD0A4C60
S21403F7E00A4B19682368C31A09B9206010BD002B99
S21403F7F0FBD04A699A423ABF9B1A0022D21A4A6140
S21403F80028BF00238968EFE774430020784300206D
S21403F81038B5154D2B682BB35B69B3B1134A022079
S21403F82014681C4400F088FA204600F047FA0022C9
S21403F8300F492B680A70012A05D823B1D888800798
S21403F8400AD501230B70002038BD022000F074FA9D
S21403F850022000F093FAEAE79B68002BF3D058697E
S21403F8600244E8E72220EFE77843002074430020B1
S21403F87003640020C38870B504460D463BB9FFF702
S21403F88063FE8542064602D2F8F758FF35460E4A0F
S21403F890656113689BB91460A3600FE02D1A98681E
S21403F8A019466561034618B15869A842F6D941B1AD
S21403F8B08C60A36013B15A69521B5A6170BD002154
S21403F8C0F2E71460F5E700BF7843002070B51646EC
S21403F8D09DF81420C0E903360271049ABDF8183067
S21403F8E00260002204460D468260C38006BB01F018
S21403F8F07AFC2844A0613DB9E368656113B12046EC
S21403F9002168984796B1354601F0F7FA0646FFF7A1
S21403F91063FF29462046FFF7ADFF074B1B68A3424C
S21403F92001D1FFF775FF304601F0E2FA002070BD03
S21403F93001F059FC3044DDE778430020F8B505466E
S21403F940D0B101F0DAFA0646FFF746FF0B4B28461E
S21403F9501F68FFF723FF044620B1304601F0C8FABC
S21403F9602046F8BDAF42F8D1FFF752FF2228F4D164
S21403F970022000F0EDF9F0E72224F1E778430020B7
S21403F98038B50C460546A8B1A1B100230B7001F0AB
S21403F990C1FA0121084B1B6833B901F0B6FA0020FF
S21403F9A038BD9D4204D121702278002AF9D0F4E7AD
S21403F9B09B68F1E72220F3E778430020F8B5064674
S21403F9C00F4601F0A7FA00250446124B1B6823B91D
S21403F9D0204601F09AFA1B2011E05A691544DA888A
S21403F9E0B2420DD101F0FFFB0B4E3368C01AA8429A
S21403F9F00AD3002320463B6001F087FA0020F8BDB7
S21403FA00FF2EEFD09B68E2E701F0EDFB33682B4453
S21403FA101B1AEFE7784300207443002070B501F00B
S21403FA2079FA064601F0DFFB084B044601201D6801
S21403FA3001F0C9FB18B101F0D6FB04460135304688
S21403FA4001F063FA2046294670BD00BF80430020BC
S21403FA50014B1868704700BF7C430020F8B50C4B79
S21403FA6005461B680E4683420FD3002440F2E73058
S21403FA702146084B4FF47A721F680023E5FB070103
S21403FA80DCF798F930602046F8BD2120FCE700BF7C
S21403FA90704300207C4300200F4B10B51A689AB1C0
S21403FAA04FF47A71531E1342A0FB01010ED1B2FA32
S21403FAB082F2C2F11F04531CD243E04001FA03F35F
S21403FAC0184321FA02F20243104610BD0023DCF766
S21403FAD071F90246F8E700BF7C43002038B5164BA1
S21403FAE014468342154B8B4123D3154B1A6802B336
S21403FAF04FF47A75A0FB050305FB0131531E134231
S21403FB0011D1B2FA82F3C3F11F055A1CDB4301FA83
S21403FB1002F2E84021FA03F310431843E940C4E92C
S21403FB200001002038BD0023DCF744F9C4E90001D6
S21403FB30F7E72120F6E700BFEFA7C64B378941005A
S21403FB407C43002010B501F0E5F9034B1C7801F067
S21403FB50DCF9E4B2204610BD0264002008B5084B69
S21403FB601B7803F0FF004BB101F021FB054B1B682C
S21403FB709B69C01A02288CBF0020012008BD00BF65
S21403FB800364002078430020C2072DE9F8430446A7
S21403FB9007D5474A136801331360FFF71DFEFFF7C7
S21403FBA037FEA30740F1818001F0B4F94FF0000857
S21403FBB005464646FFF710FE3E4F3C680CB16369A8
S21403FBC0A3B100223C4B012E1A7003D118F0020F8A
S21403FBD018BF1E70FFF71CFE222802D1022000F079
S21403FBE0B7F82846BDE8F84301F08FB923465A69AB
S21403FBF03AB91A792179914288BF1C469B68002B33
S21403FC00F5D1284601F081F9D4F81080B8F1000F39
S21403FC103FD001F0E8FAA269851AEB17454573F160
S21403FC20000337DB23691344A36101232269CAB1A6
S21403FC30C3B9A38BB8EB050833B1E28B13449BB26D
S21403FC40B3F57A7F1CD2E38301F064F90546414697
S21403FC502046FFF70FFEA369226928461344A361D3
S21403FC6001F053F9E36813B1204621689847B4F8C6
S21403FC70068001F04FF901360546FFF7ADFD9CE718
S21403FC80A3F57A73E383A36918F1FF38013BA361F5
S21403FC90DAE7454601F03EF981462046FFF77EFD4A
S21403FCA0484601F032F90023C0E7BDE8F88300BFF9
S21403FCB080430020784300200264002010B50446E9
S21403FCC001F01BF94FF0B042936A1907FCD4136A8C
S21403FCD0116C5269120704D4CA1A032A01D899422E
S21403FCE00ED1E21A022A98BFDC1CB4F1FF3F38BFDC
S21403FCF0013C4FF0B04308221C6403F580539A611D
S21403FD0001F0F6F8054A13783BB14FF0B041CB6BE0
S21403FD1043F00203CB630023137010BDDB73002094
S21403FD2007B5044B01A9187901F08DF9019803B0C2
S21403FD305DF804FB08B7040000F001038207034ADA
S21403FD4048BF43F008039361704700BF0010005894
S21403FD50820700F001030AD50121064A43F008038F
S21403FD6011704FF0B041CA6B22F00302CA63024A15
S21403FD7093617047DB73002000200058830742BF5F
S21403FD800822014B5A6170470010005873B502AB46
S21403FD90164603E90600044600F052FF05462046D1
S21403FDA000F05EFF9DF800208DB1202C33780ED82E
S21403FDB0012B2ED84FF6FF752D4803EB4313234430
S21403FDC030F81310A94202D0013120F81310294B42
S21403FDD0294E33F8141036F81400814232D34FF606
S21403FDE0FF75A9424FF0010502D0013123F8141024
S21403FDF004F0FD01092927D1998AB68A0A44B2423A
S21403FE00B4BF9A829E8233F81430834227D202B05C
S21403FE1070BD022BDBD14FF6FF704FF6FF75144B08
S21403FE2033F81410814218BF013104F1210018BFC2
S21403FE3023F8141033F81010A9421CBF013123F81D
S21403FE401010C4E70025D0E71D2CDCD1598F8E187F
S21403FE50864203DA01390A445A87D4E75887002DC5
S21403FE60D5D1204602B0BDE8704001F0D7B900BF37
S21403FE700E5E0020E65E0020925E002038B50D463A
S21403FE80044601F047F8064A13889BB22DB1234374
S21403FE901380BDE8384001F038B823EA0403F7E7D7
S21403FEA0D46200200022034B01214FF480701A70A5
S21403FEB0FFF7E4BF316A002008B5054B1868FCF766
S21403FEC0C2FB00F00300C31E5842584108BD00BFE2
S21403FED0005B002038B5044601F03EFA0C4B05469D
S21403FEE01978187981420FD0631E082B0CD8DFE8E7
S21403FEF003F0050D0B0D0B0D0D0D0D000022014635
S21403FF00044B1868FCF79DFB284638BD0022F7E72C
S21403FF1009740020005B002038B54FF0FF300C4614
S21403FF20FFF77BF80A4B05461868FFF776F8641B5D
S21403FF30241A20B210F1630F06DB10F1240F05DA42
S21403FF4064308000C0B238BD0020FCE7FF20FAE72B
S21403FF50005B002008B5134B1B78062B04D040F635
S21403FF602101114801F0CBF8104B1B881B0704D462
S21403FF7040F622010C4801F0C2F80D4B2A201978EE
S21403FF80FFF7A8FF00210820FFF778FF0222094B9E
S21403FF901A70094B1868E2F725FFBDE8084001F020
S21403FFA02AB900BF316A002028B30400D4620020B7
S21403FFB02E6A00203E740020005B002010B50E4C15
S21403FFC0236823B940F6A3410C4801F098F820684B
S21403FFD0013001F072F900F0070003280AD1246803
S21403FFE009220121204600F0E3FB205C031F584250
S21403FFF0584110BD0020FCE7F05A002028B3040047
S21404000038B50C4640B100210420FFF737FF01F055
S214040010F2F8012C1DD038BD244B1B889B07F6D55F
S2140400200129234A2FD1117869B30139C9B2117055
S21404003011B92020FFF722FF00210220FFF71EFF40
S21404004004221C4B00211C481A7000F05DFD01F0D0
S214040050D2F81A4C2068013001F02FF900F4406001
S214040060B0F5006F1FD1246801210422204600F059
S2140400709FFB204401F021F90146BDE838400022E8
S214040080202001F0E3B800210D4D02201170FFF787
S214040090F5FE2B78FF2B04D040F29961094801F055
S2140400A02EF82C70B3E74FF6FF71E6E7D462002013
S2140400B0306A0020316A002028710020F05A00209F
S2140400C03F74002028B3040038B5134C0546238833
S2140400D0580709D5FFF7F0FE01460720FFF7FAFE9A
S2140400E0FF210120FFF78CFF238899070BD50B4BC4
S2140400F0284619788A1F51425141FFF7EBFE012129
S2140401000020FFF77DFF23881B0703D5BDE8384092
S214040110FFF720BF38BD00BFD4620020316A00203C
S214040120F7B5124CD4E9006586EA020C85EA0307A3
S2140401300CEA000C0F405CEA070E15D086EA0C06A3
S2140401407D40C4E90065CDE900230B460849024614
S2140401500868FBF73AFE38B14FF4FD71054803B062
S214040160BDE8F04000F0CBBF03B0F0BDE8160020B9
S214040170005B002028B3040008B50A4B1B88DB0686
S21404018004D440F64701084800F0B9FF00211020C7
S214040190FFF774FE002000F06BFBBDE8084001F09A
S2140401A02AB800BFD462002028B304002DE9F04F1B
S2140401B05706804614461D4691B005D5FFF77CFECB
S2140401C001460120FFF786FEEE0403D500212D200C
S2140401D0FFF780FEA00224D54046FCF7E0FA01466D
S2140401E0F8B94020FFF74AFE40460AA9FBF7B4FEDA
S2140401F0B8B99DF83030022B40F0D980BDF82800FD
S21404020000F0B6FDFF2808D14046FBF7A3FE40B930
S21404021001214020FFF732FE03E000F0C3FD002872
S214040220F2D1A10305D5FFF747FE01460320FFF7E9
S21404023051FEE20104F0807640F1C080854B1B88B5
S2140402409B072DD5844E3068FBF71BFE40BB834BC3
S214040250834F18703B78FF2B04D040F257618148D7
S21404026000F04DFF4FF0000900210220FFF706FEC4
S21404027087F800907C4F3B78062B07D10121082095
S214040280FFF7FCFD49462820FFF724FE3B78052BA4
S21404029006D100212B20FFF71DFE3068E2F7A2FDF1
S2140402A000F0A9FF220717D56B4F0321386805AA6B
S2140402B0FBF701FE064620B940F2C961694800F022
S2140402C01EFF9DF81430072B00F0D080FFF7F4FDD6
S2140402D001460420FFF7FEFDE10505D5FFF7ECFD1A
S2140402E001460420FFF7F6FD14F4863F05D0FFF719
S2140402F0E3FD01460220FFF7EDFDA20113D5FFF74B
S214040300DBFD01460820FFF7E5FD00210420FFF78A
S214040310B5FD554B1B78012B03D14F4B1868E2F7FC
S21404032061FD00F068FF14F0084F09D0FFF7C4FD24
S21404033001460720FFF7CEFDFF210120FFF760FEF0
S214040340A30009D5FFF7B8FD01460620FFF7C2FD56
S214040350FF210120FFF754FEA70705D53D4B1B8858
S2140403601E0701D5FFF7F6FD6C0603D500210A200B
S214040370FFF7B0FD280602D50120FCF721FAE905AF
S21404038040F1858140460AAA05A9FCF758F99DF86C
S2140403901430222B00F06D8100F28281152B40F27E
S2140403A06A8140F60A112F4800F0A9FE6FE1032B7C
S2140403B07FF437AF0AA801F06AF830E705F00207C1
S2140403C056EA07030DD0284B26201978A1F1060E0D
S2140403D0DEF1000141EB0E01FFF77CFD0121304602
S2140403E011E004F0805656EA07030FD01E4B262071
S2140403F01978A1F1060CDCF1000141EB0C01FFF7C2
S21404040069FD02213846FFF7FBFD4BE704F08841FF
S21404041051EA060309D0144B272019788F1F794216
S2140404207941FFF757FD0221D9E705F008030B438E
S21404043002D02320FFF74EFD680703D500212420B1
S214040440FFF748FDE9077FF52DAF00212520FFF7CC
S21404045041FD27E7D4620020005B0020306A0020BC
S2140404603F74002028B30400316A002031463868FF
S2140404700AAAFBF726FD20B14FF4DA619E4800F085
S2140404803EFEBDF81630386802330AA9ADF82C30A3
S214040490FBF719FD20B140F2DF61974800F02FFE0C
S2140404A00023009331460423386804AAFBF70DFDA5
S2140404B0042804D040F2E4618F4800F020FEDFF800
S2140404C0589299F80030C3BB0DF1110000F0F5FE08
S2140404D000F00700022830D1FFF7EEFC01460920A1
S2140404E0FFF7F8FC854B1B78062B23D1844B9DF82D
S2140404F013201B789A421DD19DF8353023B940F25B
S214040500FA617D4800F0FBFD0DF1110000F0D5FE08
S214040510C0F3001631462920FFF7DCFC0021082032
S214040520FFF7ACFC774B1E70FFF748FD10B9386830
S214040530E2F758FC00F05FFECEE6BDF81600012197
S214040540083080B200F068FA039030B9FFF7B4FCC4
S21404055001460420FFF7BEFCECE700F0E9F905AA23
S214040560014606463868FBF7B8FC99F800A0BAF1CD
S214040570000F22D106F1010B584600F09EFE8306BA
S2140405805AD53868FCF70BF90746FFF795FC05378C
S2140405900146F8B2FFF79EFC584600F08EFE00F0C7
S2140405A007000328584F2DD001210420FFF766FCCE
S2140405B04FF0FF30FBF7B0FC386000225349BDF81B
S2140405C016300978F718F1549DF83630BB709DF84C
S2140405D03730FB700A9B190E3971190C7971FB714F
S2140405E0190A99F80030B97123B9737892B343F0B5
S2140405F020037370002000F069F97870039800F007
S21404060071FA97E701210922304600F0D1F8305CF0
S21404061001210428C9D1FFF731FC4FF0FF30FBF766
S2140406207BFC3B4B38601B885806C6D55146402099
S214040630FFF724FC0122C1E7FFF73EFC0146092030
S214040640FFF748FC2D4B1B78012BB6D13868E2F730
S214040650C9FBB2E723F02003CBE701227E33DBB2EB
S21404066002FA03F313F00A1F31D113F0011F3FF40B
S21404067098AE27202CE0012202FA03F3254A1A40FA
S2140406802ABB13F0041FF4D1DA077FF58AAEAB0554
S2140406902FD50121802011B0BDE8F04FFFF7EEBB47
S2140406A0652B1AD8622B12D8452B0CD8422B0ED8A1
S2140406B0352B06D8322B0AD8252B08D9322BD8D07E
S2140406C06FE6422BFBE7552B05D8522BF7D926208D
S2140406D0FFF7FAFCDBE7622BF1E7952B3FF661AEFA
S2140406E0812BBAD8722BC4D0733B022B3FF659AE7B
S2140406F0EDE711B0BDE8F08F28B30400316A00209E
S2140407002D6A00203E740020EC5A0020407400201D
S214040710D46200203A003800346A0020024B18786D
S214040720B0FA80F040097047316A002008B5064BDD
S2140407304FF0FF311868FBF7A8FF0028B8BF033056
S21404074040F3870008BD00BF005B002008B5074BD8
S2140407501868FBF7CFFA30B1054BB3FBF0F083B261
S2140407600BB1184608BD0120FCE700BF005B002063
S21404077040420F0038B510200C460121FFF77EFBDF
S214040780064B1D68FFF7E2FF012200FB04F1044B51
S2140407902846FBF75FFF002038BD00BF005B002043
S2140407A079010400014800F0AABC00BF42B304006B
S2140407B0032A70B5144602D82C4B985C70BD81F0A1
S2140407C0010519B90D2A07D1FF20F7E70D2A03D131
S2140407D000780538C0B2F1E7084400F06EFDC5F1B4
S2140407E0040110F440660246C9B209D1042C084636
S2140407F0E4D0052C16D112F0400F18BF0846DDE7EA
S214040800C5F10603042CD8B2D8D0B6F5006F03D1D0
S214040810C5F10805E8B2ECE7B6F5406FE9D1C5F1D5
S2140408200E05F7E712F4404107D1062CC6D0072C74
S214040830C4D0082C13D10130CCE755065CBF831C0A
S214040840D8B2062CBAD0B1F5004F02D1831CD8B268
S214040850EDE7B1F5404FEAD100F10803F7E71307D7
S21404086044BF0530C0B20C2CA8D9ADE7F4FE040092
S214040870AC2370B5094C054603FB00435E6D26B9F0
S21404088040F2FD31064800F03AFCAC2303FB054475
S214040890002363653346BDE870401847045B0020B8
S2140408A07FB3040010B40C461146AC22064B02FB80
S2140408B00033586D20B95C655DF8044BFFF75ABFEA
S2140408C002205DF8044B7047045B0020AC22034B07
S2140408D002FB003393F8A800704700BF045B0020B7
S2140408E028B1034B1B68C01A4010013080B2704711
S2140408F0C45B002030B1044B00F100401B68013893
S21404090003EB4000704700BFC45B0020064B1B6827
S214040910834206D8054B1B68834294BF00200120FF
S21404092070470020704700BFC45B0020C05B0020F7
S21404093010B5044608B9002010BD00F01BFD20B910
S21404094040F2CD41074800F0DAFB2046FFF7D2FF1D
S2140409500028F0D00388DB0B14BFD0F80A00083058
S214040960EAE700BF56B3040010B508B9002010BD6E
S214040970FFF7C0FF044600F0F4FC20B94FF49D6175
S214040980064800F0BCFB002CF0D02388DB0B0ABF23
S21404099060882089C0F30C00E9E700BF56B3040062
S2140409A038B5FFF7A7FF0D46044650B100F0D9FC52
S2140409B020B940F24151034800F0A1FB023534F857
S2140409C0150038BD56B3040070B5FFF793FF0C4608
S2140409D016460546B0B100F0C4FC20B940F24D51AD
S2140409E00C4800F08CFB3046FFF784FF00F0B9FC9F
S2140409F020B940F24E51074800F081FB023425F836
S214040A00146070BD40F25251BDE87040014800F0D9
S214040A1076BB00BF56B304002DE9F8430746884664
S214040A2000F00FFC20B940F28E512A4800F067FB14
S214040A30FC1CA408284B64000434B7F5005F1E6849
S214040A40A4B204D340F29551224800F058FB00F0BB
S214040A5061FA224981460B687BB9214B1D68761BD7
S214040A60C6F34F06B44227D90025484600F04DFA8F
S214040A702846BDE8F843FFF733BFB8F1000F11D09E
S214040A80174A15685A1BC2F34F029442ECD814480E
S214040A90620005EB44040460B8F1000F0FD1134460
S214040AA00B600CE0F61AC6F34F0676B940F2A65170
S214040AB0084800F024FBD7E705EB44041C60002339
S214040AC06F80AB80EB802B80CFE7B442CCD8044A4F
S214040AD01568DCE756B30400C85B0020B05B002052
S214040AE0C05B002038B5054600F014FA04462946D3
S214040AF00448002200F04BFC2046BDE8384000F0D5
S214040B0004BA00BFDA62002082684B4B2DE9F0413C
S214040B109A4204460E46056815D121B140F21311D7
S214040B20464800F0ECFA00F0F5F923691BB92B6887
S214040B302BB924612C60BDE8F04100F0E6B91A69CF
S214040B4022611C61F6E700F0D3FA8046FEF76AFAE3
S214040B5020B14FF49571394800F0D1FA6FF0004394
S214040B609E4221694BD22B7B08EB0602002B4DD00C
S214040B70AB6893424AD1531C002949D06169994213
S214040B8042D01EB9521AB2F1004F3DD963612369AF
S214040B906E689C4203D19D21284800F0B0FA2F4687
S214040BA00023B4420BD0002B41D172696169891AC3
S214040BB0B1F1004F32D83269374694422CD12269BB
S214040BC0BD420CBF6A603A617BB92669B44203D160
S214040BD0B8211A4800F093FA3B46012E05D0626904
S214040BE07169521AB2F1004F23D99D420BBF6B684C
S214040BF01A69236122610CBF6C601C6104E04344E3
S214040C0031B162699342C1D1BDE8F0811346B3E7BE
S214040C106A6822616C60B9E71646C6E7A8EB02026A
S214040C20B2F1004FC7D93B4637463669B9E71F4687
S214040C30F9E733463669D0E7D94802006AB30400B8
S214040C400823064A12F8011B814205D0013B13F023
S214040C50FF03F7D11846704701207047A5FF04002C
S214040C600823064A12F8011B814205D0013B13F003
S214040C70FF03F7D118467047012070479DFF040014
S214040C8010B5082207490446DBF74CFFB0FA80F09B
S214040C904FF6FF732289400940009A4208BF40F08D
S214040CA0010010BDB6FF040030B504460D4685B0FD
S214040CB002B9084A1068516801AB03C301AB03CB01
S214040CC020602046ADF80C501B886160238105B077
S214040CD030BD00BF3A3C0400002270B50A4B1C78B5
S214040CE00A4BD5B2AC4202D800200C7008E01E882D
S214040CF00132864205D30D701B881B1A5842584190
S214040D0070BD1233EDE700BFAE690020926000208C
S214040D10F8B5154B04461D680E46E5B1134B1F780F
S214040D20874218D900EB400305EBC30526B92B69A7
S214040D30DA0712D42046F8BD08223146281DDBF710
S214040D40F1FE50B92B69DB07F4D40134E4B2A742B0
S214040D5005F11805F0D1FF24ECE70134E4B2A7420C
S214040D6005F11805E2D1F6E72C5C00205E7400203D
S214040D700A4B01461B6830B52BB1094A1478002289
S214040D80D0B2844201D8FF2030BD5D888D4202D1A6
S214040D901D69ED07F8D401321833F1E72C5C002006
S214040DA05E7400200F4A03461068D0B10E4A1278CB
S214040DB09A4215D919B203EB430300EBC300036947
S214040DC013F001000DD0094A126832F8112002F41B
S214040DD0E2622AB913F00C0F14BF012000207047FA
S214040DE0012070472C5C00205E740020285C0020E4
S214040DF0094B1B686BB1094A1278824209D900EB89
S214040E004000C20003EBC0000169C90701D5985C25
S214040E107047FF20704700BF2C5C00205E740020E3
S214040E200C4A0346106890B10B4A12789A420DD9C0
S214040E3003EB430300EBC300D0E9043213F00100D4
S214040E404FF0000104D018461146704700200146B2
S214040E50704700BF2C5C00205E74002010B5164B53
S214040E60187860B1154C2368CBB14FF4707200202B
S214040E701349FFF717FD2368013B236010BDFFF7F6
S214040E8055FC1049104A91F90040136884420B4CF3
S214040E9003F1010313602368B8BF087053B90B4805
S214040EA000F09DFA0028E9D1BDE810400146074845
S214040EB0FFF72ABE0822DAE7906A0020485C002082
S214040EC05D0E04008B6A0020405C00203473002012
S214040ED0054B1B682BB9054B1868003818BF012052
S214040EE070470120704700BF385C0020345C002047
S214040EF010B962B6BFF36F8F7047EFF3108072B607
S214040F007047302383F31188704780F31188BFF34A
S214040F106F8F7047EFF31180302383F31188704787
S214040F20002070474FF4004070474FF47A707047C3
S214040F300122417803788A4030214B4341F2100164
S214040F4003F1A04303F570335A507047B0F5802F71
S214040F5024D010D8B0F5003F22D006D828B3B0F578
S214040F60803F14BF012048207047B0F5403F14BFAF
S214040F7001202C207047B0F5302F13D008D8B0F5D8
S214040F80E02F11D0B0F5202F14BF01201020704799
S214040F90B0F57F0F14BF0120062070474B20704722
S214040FA02A207047112070472120704708B570B179
S214040FB000F022F84FF098435A6CD202FCD5586DD4
S214040FC010F4702004D0BDE80840FFF7BFBF21200E
S214040FD008BD08B528B128220021DBF757FA0020FF
S214040FE008BD2120FCE7036A042B9FBF00EB8302A5
S214040FF00133D16003627047036A052B14D84FF09F
S2140410009842116CC902FCD504339B001365016831
S214041010103B11604168116050F8081F11604FF0D2
S21404102098420344984200D1704750F8041F116058
S214041030F8E7836813B9816070475B685A68012AC9
S214041040FBD15960704709B100F008B822207047F8
S214041050012100F046B8002100F043B870B50646FA
S2140410600D46FFF757FF04461D2E37D8DFE806F077
S2140410700F18361C1E203622243636362628362AE4
S2140410802C2E303636363634363636363632FDF78D
S214041090D9FF002628602046FFF737FF304670BD8C
S2140410A00120CAF705F8F4E70320FAE70420F8E776
S2140410B00C20F6E70220F4E70620F2E70720F0E724
S2140410C00820EEE70520ECE70920EAE70A20E8E72F
S2140410D00D20E6E71020E4E70B20E2E700202126B7
S2140410E0D8E70020704708B5FEF730F880B208BD90
S2140410F008B5FEF72BF808BD704742DE704738B5D2
S21404110004460D4600F008F8FFF7FBFE2946204685
S214041110BDE83840FFF7F1BF704710B962B6BFF3B9
S2140411206F8F7047012070472DE9FF410D46164624
S2140411301F460446A8B14FF00008C0F81C80FEF70E
S214041140FDFBBDF82C30424602939DF82830294614
S214041150CDE9007320463346FEF7B8FB04B0BDE87D
S214041160F0812220FAE7F0B51F46002387B00D462B
S214041170164604468DF81730A8B1C3610DF1170161
S214041180FEF7FEFB9DF817207AB9BDF834302946E1
S21404119002939DF830302046CDE900733346FEF7BF
S2140411A095FB07B0F0BD2220FBE70320F9E738B52E
S2140411B0FFF7B0FE054600F016F804462846FFF78B
S2140411C0A4FE204638BD4FF0B04301285B6904D026
S2140411D0022805D1C3F3C000704703F0010070472E
S2140411E00020704770474FF0B0439A6A1207FCD449
S2140411F0186A7047704708B5FFF7FCFF00F01DF843
S21404120008BD10B5FFF779FE012104460846FEF72F
S21404121039F82046BDE81040FFF76ABE10B504460C
S21404122000F012F82046FAF7E3FC2046F7F7F4FD40
S214041230BDE81040F9F7ABB9704708B5FFF7FCFFF7
S21404124008BD0120704770470020704730B589B04C
S2140412500446ADF806108DF81020FFF7F1FC05469D
S2140412602046FFF7FDFC03469DB1BDF80600ABB96A
S21404127000F0BAF8FF2808BF00200DF10F038DF820
S2140412800F001A46204604990593FEF77FFD09B021
S21404129030BD0028F5D00DF10603F2E700F0A4F8FF
S2140412A0FF2808BF0020BDF806308DF80F00ADF803
S2140412B01A308DF8180006ABE3E700887047017013
S2140412C0090A41707047012070470120704738B5FD
S2140412D0DAF71CF80446CFF797FA051E18BF25461A
S2140412E0CFF764FB041E18BF2C46FFF7ECFF00285C
S2140412F018BF204638BD38B5FEF714F90446F6F78D
S21404130041FF04281ED002284FF0000508BF012420
S214041310F7F751FE042817D0022808BF0124F7F770
S21404132069FB042812D0022808BF0124FFF7CDFF6A
S21404133004280DD0022808BF0124002D18BF00245D
S214041340204638BD0125E3E70125E8E70125EDE75A
S2140413500024F5E7FF20704708B5FFF7FBFF0020E1
S21404136008BD08B520B1FFF7D1FA00F0010008BDAA
S2140413700120FAE708B5FFF7BDFABDE80840FFF715
S214041380F0BF008810B1C9B2FFF70ABB70472DE959
S214041390F041B0F8008006460C46D5B2B8F1000F0E
S2140413A011D029464046FFF7FBFA2246074629464F
S2140413B04046FFF709FB3A4629462046FFF704FB5A
S2140413C03480BDE8F0810F46F5E703461B880846DF
S2140413D08B4202D00021FFF7E3BA00207047006971
S2140413E0003818BF0120704700207047F8B506463D
S2140413F00D46FFF745FC0328044621D02846FFF790
S2140414003FFC032807461BD010F0020318D1A007A0
S2140414100DD5F90716D401233C43E20704D43189D9
S2140414202A89914218BF002303F00100F8BD082260
S21404143029463046DBF776FBB0FA80F35B09EBE728
S2140414400020F3E71846F1E770B50D46002106467E
S214041450FFF797FF044630B1FFF76AFA01462846BD
S214041460FFF7C4FF08B1204670BD21463046FFF79B
S214041470ACFFEFE707B50DF10701FFF72DFC20B130
S2140414809DF8070003B05DF804FBFF20FAE708B5F3
S21404149000F009F8FF2804D0FFF7C2FCC0F3C00030
S2140414A008BD0120FCE701460020FFF731BC08B563
S2140414B0FFF75EFCFF3818BF012008BD2DE9F8438E
S2140414C007460846154688461C469DF82090FFF7B2
S2140414D02FFA4619A4B19EB14046FFF745FA2544B3
S2140414E085420FDC2246B9F1000F06D13146384654
S2140414F0DBF71EF80020BDE8F88339463046F7E7E8
S2140415002120F8E71D20F6E7000000000000000098
S21404151000000000000000000000000000000000C2
S214041520F8B500BFF8BC08BC9E467047F8B500BFC7
S214041530F8BC08BC9E4670475FF800F0C16B0020FC
S2140415405FF800F05D6C002044657669636520747E
S214041550797065206368616E676520646574656389
S2140415607465643A202564202D3E2025640D0A0007
S21404157050726573732064657465637465640D0ADC
S214041580004D756C7469207072657373206465749D
S21404159065637465643A2025640D0A0052656C65BB
S2140415A06173652064657465637465640D0A004C34
S2140415B06F6E6720707265737320646574656374F8
S2140415C065640D0A00424C303934323A2063616C4B
S2140415D06962726174656420636820257520746F7F
S2140415E02072656620257520287261772025752966
S2140415F0203D3E206D756C742025750D0A00424C06
S214041600303934323A205541525420696E69742078
S2140416106661696C6564202854583D25303478200A
S21404162052583D25303478290D0A00424C3039345E
S214041630323A20496E697469616C697A6564206F10
S2140416406E2054583D253034782052583D25303489
S2140416507820626175642025750D0A00424C303985
S21404166034323A2063616C6962726174696F6E2009
S214041670563D257520413D257520573D25750D0A97
S21404168000484C57383031323A20496E69746961E3
S2140416906C697A6564206F6E2043463D2530347845
S2140416A0204346313D253034782053454C3D253083
S2140416B034780D0A00484C57383031323A2063618A
S2140416C06C6962726174696F6E20563D257520419F
S2140416D03D257520573D25750D0A00484C57383072
S2140416E031323A2063616C696272617465642063A6
S2140416F06820257520746F2072656620257520285D
S21404170025752070756C73657329203D3E206D75B4
S2140417106C742025750D0A0072656C61795F7374AC
S2140417206172745F6C61746368696E675F70756C10
S21404173073653A20616E6F746865722070756C7399
S21404174065206973206163746976650D0A007265A5
S2140417506C61795F6F6E0D0A0072656C61795F6FFC
S21404176066660D0A0072656C61795F746F67676CF4
S214041770650D0A0057726974696E6720636F6E663A
S214041780696720746F206E763A2025730D0A00531D
S214041790697A653A2025640D0A004661696C6564B9
S2140417A020746F2077726974652044455649434512
S2140417B05F434F4E4649475F4441544120746F206F
S2140417C04E562C207374617475733A2025642E204B
S2140417D02862797465733A202564290D0A007375A6
S2140417E06363657373210D0A004661696C65642042
S2140417F0746F2072656164204E565F4954454D5F90
S2140418004445564943455F434F4E4649472C207549
S21404181073696E672064656661756C7420636F6EA9
S21404182066696720696E73746561642C20737461DD
S2140418307475733A2025642E202862797465733A89
S214041840202564290D0A005573696E6720636F6E40
S2140418506669673A2025642063686172732066723D
S2140418606F6D0D0A25730D0A00716575766E6F68C7
S214041870673B5453303131462D544F3B4C43337001
S2140418803B534431753B5241343B494332703B45EC
S21404189042413541363B4F4C43313630303050327E
S2140418A0303030303B4D3B004E6574776F726B20A2
S2140418B0737461747573206368616E6765642074FD
S2140418C06F2025640D0A004D616E7566616374753C
S2140418D072657220746F6F206269670D0A004D6F1F
S2140418E064656C20746F6F206269670D0A00436F2D
S2140418F06E6669673A20466F756E6420656E65721B
S2140419006779206D6F6E69746F72696E6720656E95
S2140419107472793A20272573270D0A00436F6E6682
S21404192069673A20484C5738303132206F6E20436E
S214041930463D25303478204346313D2530347820E2
S21404194053454C3D253034780D0A00436F6E666966
S214041950673A20424C30393432206F6E2054583D5A
S214041960253034782052583D253034780D0A00430B
S2140419706F6E6669673A206F7665726C6F61642075
S2140419806C696D69747320736F66743D25756D415B
S214041990207065616B3D25756D410D0A00496E69C1
S2140419A07469616C697A696E67205A6967626565ED
S2140419B02077697468202564207377697463686582
S2140419C0732C2025642072656C6179732C20256441
S2140419D020636F7665722073776974636865732C09
S2140419E020256420636F766572730D0A00436F6E5C
S2140419F066696720706172736564207375636365D6
S214041A00737366756C6C790D0A0072656164207672
S214041A10657273696F6E20666F726D206E657720CF
S214041A206C6F636174696F6E0D0A004661696C655C
S214041A306420746F207772697465206C61737453C4
S214041A4065656E56657273696F6E20746F204E56A8
S214041A502C2073743A2025640D0A004F6C6420769B
S214041A60657273696F6E3A2025640D0A00437572B9
S214041A7072656E742076657273696F6E3A2025649B
S214041A800D0A00524553455420414C4C210D0A0082
S214041A9068616C5F6770696F5F63616C6C626163D9
S214041AA06B3A2065787469206C696E6520256C64D1
S214041AB02073746174757320256C750D0A00686153
S214041AC06C5F6770696F5F63616C6C6261636B3ACD
S214041AD0206E6F20667265652045585449206C69EF
S214041AE06E65730D0A002F686F6D652F72756E6EC6
S214041AF065722F776F726B2F747579612D7A6967AB
S214041B006265652D7377697463682D776974682DCB
S214041B106D65746572696E672F747579612D7A695F
S214041B20676265652D7377697463682D7769746871
S214041B302D6D65746572696E672F73696C61627367
S214041B405F746F6F6C732F73696D706C69636974FF
S214041B50795F73646B2F2E2E2F2E2E2F7372632FA6
S214041B6073696C6162732F68616C2F7A696762654A
S214041B70652E630044726F7070696E67206F6C64C4
S214041B80204F544120696D6167652C20637572721D
S214041B90656E74206F66667365743A20256C750AE4
S214041BA000556E6B6E6F776E20636F76657220637A
S214041BB06F6D6D616E643A2025640D0A00556E6B78
S214041BC06E6F776E20636D642025640D0A0042757F
S214041BD074746F6E207072657373206465746563C5
S214041BE07465642C20627574206E6F20627574743C
S214041BF06F6E20697320707265737365640D0A00D6
S214041C00427574746F6E206C6F6E672070726573A5
S214041C10732064657465637465642C20627574202F
S214041C206E6F20627574746F6E206973206C6F6EAD
S214041C306720707265737365640D0A004E6F2063C7
S214041C406F7665722073776974636820636F6E6657
S214041C50696720696E204E562C207573696E67205E
S214041C6064656661756C74730D0A00456C65634D36
S214041C706561733A20726573746F7265642063617C
S214041C806C6962726174696F6E20563D25752041D9
S214041C903D257520573D25750D0A004174747269FB
S214041CA062757465206368616E6765642C20657070
S214041CB03A2025642C20636C75737465723A20256B
S214041CC0642C20617474723A2025640D0A004D65F4
S214041CD0746572696E673A204C6F6164656420654A
S214041CE06E6572677920256C6C752057682066725D
S214041CF06F6D204E564D0D0A004D65746572696E03
S214041D00673A204E6F20656E6572677920696E208B
S214041D104E564D2C207374617274696E6720667219
S214041D206F6D20300D0A004D65746572696E673AF2
S214041D3020416464656420746F20656E64706F6906
S214041D406E742025642C20656E657267793D256C5B
S214041D506C752057680D0A004D65746572696E6768
S214041D603A20536176656420656E6572677920252E
S214041D706C6C7520576820746F204E564D0D0A0003
S214041D804D65746572696E673A20456E657267794B
S214041D9020636F756E7465722072657365740D0AC0
S214041DA000556E6B6E6F776E204C6576656C43746B
S214041DB0726C20636F6D6D616E643A2025640D0A43
S214041DC000556E6B6E6F776E204F6E4F666620639F
S214041DD06F6D6D616E643A2025640D0A00496E6469
S214041DE065782061742077726974652061747472F2
S214041DF03A2025640D0A004E6F2073776974636871
S214041E0020636F6E66696720696E204E562C2075B7
S214041E1073696E672064656661756C74730D0A0079
S214041E20496E76616C69642072656C61795F696E6F
S214041E3064657820256420696E204E562C207265D1
S214041E4073657474696E6720746F20646566617563
S214041E506C740D0A003E2000556E6B6E6F776E2014
S214041E606572726F7200496E70757420627566666C
S214041E7065722069732046554C4C004D6178696D37
S214041E80756D206E756D626572206F66206172676F
S214041E90756D656E74732065786365656465640046
S214041EA054686520617267756D656E742069732069
S214041EB06E6F7420666F726D617474656420636FF0
S214041EC072726563746C7900496E636F72726563CF
S214041ED07420617267756D656E7420747970650020
S214041EE0496E636F7272656374206E756D62657297
S214041EF0206F6620617267756D656E7473004E6F31
S214041F0020636F6D6D616E6420666F756E64007518
S214041F10696E7438006164646974696F6E616C001C
S214041F202A00756E6B6E6F776E0077696C646361FA
S214041F307264006865786F707400737472696E6793
S214041F406F70740075696E7433326F7074007569DF
S214041F506E7431366F70740075696E74386F707491
S214041F600068657800737472696E670075696E74CC
S214041F7031360075696E743332002E2E2E200068BA
S214041F80656C70000A25730A257325730025732073
S214041F9008002F686F6D652F72756E6E65722F77E9
S214041FA06F726B2F747579612D7A69676265652D1A
S214041FB07377697463682D776974682D6D657465C5
S214041FC072696E672F747579612D7A6967626565C3
S214041FD02D7377697463682D776974682D6D6574DD
S214041FE06572696E672F73696C6162735F746F6F75
S214041FF06C732F73696D706C69636974795F73644D
S2140420006B2F706C6174666F726D2F736572766970
S21404201063652F6C65676163795F68616C2F7372A3
S214042020632F626173652D7265706C6163656D659F
S2140420306E742E63002F686F6D652F72756E6E65F5
S214042040722F776F726B2F747579612D7A69676258
S21404205065652D7377697463682D776974682D6D6B
S21404206065746572696E672F747579612D7A696710
S2140420706265652D7377697463682D776974682D56
S2140420806D65746572696E672F73696C6162735FE0
S214042090746F6F6C732F73696D706C696369747990
S2140420A05F73646B2F706C6174666F726D2F7365EB
S2140420B072766963652F746F6B656E5F6D616E61B2
S2140420C06765722F6C65676163792F7372632F730C
S2140420D06C5F746F6B656E5F6D616E616765722EA3
S2140420E063002F686F6D652F72756E6E65722F773D
S2140420F06F726B2F747579612D7A69676265652DC9
S2140421007377697463682D776974682D6D65746573
S21404211072696E672F747579612D7A696762656571
S2140421202D7377697463682D776974682D6D65748B
S2140421306572696E672F73696C6162735F746F6F23
S2140421406C732F73696D706C69636974795F7364FB
S2140421506B2F706C6174666F726D2F73657276691F
S21404216063652F746F6B656E5F6D616E6167657214
S2140421702F6C65676163792F7372632F736C5F745A
S2140421806F6B656E5F6D616E75666163747572699B
S2140421906E672E630043757272656E7420436F6EAD
S2140421A06669673A202530780053657420434341B6
S2140421B0206D6F646520746F2025643A202530787E
S2140421C000656E61626C65640064697361626C6567
S2140421D064006F757428636C69656E742900696E93
S2140421E0202873657276657229004D46472053741D
S2140421F072696E673A202573004170704275696C87
S214042200646572204D464720436F64653A203078F3
S21404221025303458006E6F6465205B004164646941
S21404222074696F6E616C20696E746572666163654D
S2140422307300202025643A200070616765205B25C2
S214042240645D206368616E205B25645D2070777230
S214042250205B25645D006E6F742061637469766527
S214042260006572726F7220307825303858007061BD
S2140422706E4944205B3078253034585D206E6F6498
S214042280654944205B3078253034585D20007870EA
S214042290616E205B307800706172656E744944200C
S2140422A05B3078253034585D20706172656E7452E8
S2140422B0737369205B25645D006E6F646554797082
S2140422C065205B005365637572697479206C657666
S2140422D0656C205B253032585D006E6574776F72CE
S2140422E06B207374617465205B253032585D200062
S2140422F04275666665722062797465733A20256451
S214042300202F20256400457020636E743A202564CF
S214042310006570202564205B656E64706F696E745A
S2140423202025732C206465766963652025735D20FB
S214042330006E776B205B25645D2070726F66696C37
S21404234065205B3078253034585D206465764964B2
S214042350205B3078253034585D20766572205B30FB
S21404236078253032585D0020202020257320636CA9
S21404237075737465723A2030782530345820004ED0
S214042380776B20636E743A202564006E776B202585
S21404239064205B25735D005072696D617279202834
S2140423A070726F290020206E6F6465547970652002
S2140423B05B3078253032585D002020736563757273
S2140423C069747950726F66696C65205B3078253065
S2140423D032585D0045502025643A20257320004578
S2140423E072726F723A2020556E6B6E6F776E206530
S2140423F06E64706F696E742E00456E61626C652043
S2140424006576656E7420646562756720696E666FAE
S21404241020696E20436F726520434C4920636F6DBC
S214042420706F6E656E74006F6E6C7920636F6F727A
S21404243064696E61746F72732063616E20666F7276
S2140424406D0A006A6F696E203078253038580A00A5
S2140424506C65617665002573203078253032580A1D
S2140424600072656A6F696E44696666446576696378
S2140424706554797065006578742E2050414E204965
S214042480443A20004E574B206F70656E3A202575EF
S21404249020736563004E574B20636C6F736564004E
S2140424A066696E64206A6F696E61626C653A203094
S2140424B078253032580066696E6420756E757365CB
S2140424C0643A20307825303258004368616E676974
S2140424D06E6720746F206368616E6E656C20256479
S2140424E03A2030782530325800696E76616C69641B
S2140424F0206E6574776F726B20696E64657800531E
S214042500686F72742049443A203078253034582C49
S2140425102045554936343A20002C2050616E204917
S214042520443A203078253034580053746172746508
S21404253064206D756C74692D70687920696E746595
S2140425407266616365004661696C656420746F2019
S2140425502573202573203078253032580054657250
S2140425606D696E6174656420257320307825303279
S21404257058004B65657020616C69766520737570CC
S214042580706F727420656E61626C65642E0066619D
S214042590696C656420746F20736574206B65657060
S2140425A020616C697665206D6F64652E00737563B3
S2140425B06365737366756C6C7920736574207468D0
S2140425C065206368696C642074696D656F75742032
S2140425D06F7074696F6E206D61736B2E006661692F
S2140425E06C656420746F207365742074686520635A
S2140425F068696C642074696D656F7574206F707497
S214042600696F6E206D61736B2E00646973636F76F9
S2140426106572004D61746368202573792066726F55
S2140426206D203078253034582C20657020256400C1
S2140426304E574B20416464726573732072657370E1
S2140426406F6E73653A203078253034580049454516
S21404265045204164647265737320726573706F6E8F
S21404266073653A200053657276696365202573792D
S21404267020646F6E652E00232020747970652020F8
S214042680206E776B20206C6F6320202072656D208F
S2140426902020636C75732020206E6F6465202020D4
S2140426A06575690020202564202020203078253098
S2140426B0345820203078253034582020307825307F
S2140426C03458203078253034582000736C5F7A698B
S2140426D0676265655F6765745F62696E64696E6785
S2140426E0204572726F723A203078253038580A00C6
S2140426F02564206F662025642062696E64696E67AF
S21404270073207573656400656E61626C6564207021
S21404271072696E740064697361626C6564207072B9
S214042720696E7400616464206C696E6B206B6579F5
S214042730004552523A2043616C63756C617465645B
S2140427402043524320646F6573206E6F74206D615E
S214042750746368004552523A20496E7374616C6C17
S21404276020436F6465206D75737420626520382C71
S2140427702031302C2031342C206F722031382062E6
S2140427807974657320696E206C656E67746800459D
S21404279052523A204145532D4D4D4F20686173687F
S2140427A0206661696C65643A2030782530325800BA
S2140427B0536574206A6F696E696E67206C696E6B08
S2140427C0206B6579007365742062696E64202564E5
S2140427D03A2030782530327800454D50545900550B
S2140427E04E494341004D324F4E45004D554C5449D9
S2140427F0003F2020202000496E6465782049454526
S21404280045204164647265737320202020202020B4
S21404281020204E574B496E6465782020496E20462A
S21404282043202020202054544C28732920466C61D1
S21404283067202020204B6579202020200025642056
S2140428402020202000202025642020202020202056
S21404285000202025303858202000203078253034B9
S21404286058202000496E6465782049454545204136
S2140428706464726573732020202020202020204961
S2140428806E20464320202020205479706520204165
S21404289075746820204B6579002D202020202000A8
S2140428A02563202020202025632020202020006966
S2140428B06573005741524E494E473A2020524541CF
S2140428C044494E47204F46204B45592056414C55C7
S2140428D045532044495341424C4544204259204DD7
S2140428E0464720544F4B454E004E574B204B657978
S2140428F0002573206F75742046433A2025303858D7
S21404290000257320736571206E756D3A2030782526
S214042910303258002573206F75742046433A2025BC
S21404292030387800544320257320002573205461E2
S214042930626C650025642F256420656E7472696573
S2140429407320757365642E005472616E7369656EC8
S21404295074204B657900256420656E747225732097
S214042960636F6E73756D696E67202564207061638E
S2140429706B65742062756666657225732E0057490A
S2140429804C4C0057494C4C204E4F540054727573AF
S214042990742043656E74657220257320616C6C6FB9
S2140429A0772074727573742063656E746572207212
S2140429B0656A6F696E73207573696E672077656CD8
S2140429C06C2D6B6E6F776E206B65792E0053657475
S2140429D02074696D656F757420666F722054727505
S2140429E073742043656E7465722072656A6F696ECF
S2140429F073207573696E672077656C6C2D6B6E6FCC
S214042A00776E206C696E6B206B657920746F202559
S214042A1064207365636F6E64732E004552524F5282
S214042A203A20002573737461636B206D757374208C
S214042A30626520646F776E2E0052656164696E6706
S214042A4020416C6C6F7765640048617368696E67D3
S214042A50206F6E6C7900736C5F7A69676265655F78
S214042A606B65795F73657474696E67735F743A2017
S214042A703078253034580020205065726D697373A1
S214042A80696F6E733A202573004572726F723A202E
S214042A904661696C656420746F2067657420636F93
S214042AA06E6669672C207374617475733A20307887
S214042AB025303858004661696C65643A20307825BC
S214042AC0303858004D73673A20636C75732030783D
S214042AD0253034582C20636D6420307825303258E5
S214042AE02C206C656E202564006275666665723AF5
S214042AF02000454D4245525F0025735345435552C9
S214042B004954595F4C4556454C3A202530325800B6
S214042B1025736572617365206B65792025643A2098
S214042B2030782530385800636D64206E6F742062E8
S214042B3075696C7400737263206570202530327872
S214042B402C20636C757320253034780073656E64AE
S214042B50696E6720746F206D756C74696361737435
S214042B602062696E640025733A2065703A202564F5
S214042B702C20636C3A203078253034582C2061742D
S214042B8074723A20307825303458002C20737672CC
S214042B903A2025630025733A20726561643A203032
S214042BA07825303278002C207376723A2025632CF0
S214042BB02064747970653A203078253032580041A4
S214042BC07267756D656E7420617420696E646578CD
S214042BD03A202564206973206F7574206F6620720E
S214042BE0616E676500436F6D6D616E6420616C7223
S214042BF065616479206275696C742E202043616E69
S214042C006E6F7420736574204D4647207370656339
S214042C106966696320636F646520666F7220636FFC
S214042C206D6D616E642E004D464720436F646520CB
S214042C3053657420666F72206E65787420636F6DBA
S214042C406D616E643A2030782530345800557365CB
S214042C50204E6578742053657175656E63652053E0
S214042C60657420666F72206E65787420636F6D6D70
S214042C70616E643A203078253032580044697361B6
S214042C80626C652044656661756C74205265737069
S214042C906F6E73652053657420666F72206E657858
S214042CA07420636F6D6D616E643A2030782530321F
S214042CB058004552523A2072656164696E67206115
S214042CC074747269627574652025303278004552D2
S214042CD0523A206174747269627574652073697AF5
S214042CE06520256420746F6F206C617267652066AA
S214042CF06F7220627566666572004572726F723A0C
S214042D002061747472696275746520494420307851
S214042D1025303458207265706F727461626C652059
S214042D206368616E67652069732073697A65202518
S214042D3064422C206275742025644220656E746596
S214042D407265640A006E6F20636D64004572726F6C
S214042D50723A20434C492053656E64206661696C60
S214042D6065642C207374617475733A20307825304A
S214042D703858004572726F723A20204555493634E9
S214042D8020617267756D656E7420697320656D7059
S214042D90747920616E64206C6F6F6B757020627935
S214042DA0206E6F6465204944206661696C65642EF4
S214042DB00047726F757000556E69636173740055D1
S214042DC06E62696E64202573202573307825303250
S214042DD05800526571756573743A20005A444F2042
S214042DE073696D706C652064657363207265712009
S214042DF025303278005A444F206E6F64652064652F
S214042E007363207265712025303278005A444F204F
S214042E106D61746368206465736320726571202530
S214042E20303258005573696E67206D79206C6F6375
S214042E30616C20455549363420666F72206465738C
S214042E407420455549363420696E2062696E64697B
S214042E506E67005A444F2062696E64207265712062
S214042E602530327800636C7573746572206C696DF6
S214042E706974207265616368656400696E76616C66
S214042E80696420706167653A202564206F72206348
S214042E9068616E6E656C3A202564004368616E67EF
S214042EA065206368616E6E656C20737461747573F7
S214042EB03A20307825303278006475726174696F10
S214042EC06E206D75737420626520696E2072616E63
S214042ED067652030202D203500636F756E74206D75
S214042EE075737420626520696E2072616E67652052
S214042EF031202D2038007363616E207374617475FD
S214042F007320307825303258006E6574776F726B94
S214042F1020757064617465207365742073746174BD
S214042F2075732030782530325800416374697665AD
S214042F3020455020726571756573742073746174CE
S214042F4075733A20307825303258004C5149205455
S214042F5061626C6520726571756573743A203078A9
S214042F60253032580042696E64696E672054616287
S214042F706C6520726571756573743A2030782530F7
S214042F803258004C656176652025733078253032DA
S214042F905800506F77657220446573637269707465
S214042FA06F72202573307825303258005573696E59
S214042FB067206D79206C6F63616C20455549363403
S214042FC020666F7220646573742045554936342034
S214042FD0696E20756E62696E64696E6700526F75FD
S214042FE07465205461626C65202573307825303210
S214042FF058002F686F6D652F72756E6E65722F7729
S2140430006F726B2F747579612D7A69676265652DA9
S2140430107377697463682D776974682D6D65746554
S21404302072696E672F747579612D7A696762656552
S2140430302D7377697463682D776974682D6D65746C
S2140430406572696E672F73696C6162735F746F6F04
S2140430506C732F73696D706C69636974795F7364DC
S2140430606B2F70726F746F636F6C2F7A696762650B
S214043070652F6170702F6672616D65776F726B2F46
S214043080636F6D6D6F6E2F736C5F7A6967626565CB
S2140430905F73797374656D5F636F6D6D6F6E2E63AA
S2140430A000457874656E64656420526573657420A3
S2140430B0696E666F3A203078253034582028257398
S2140430C029002F686F6D652F72756E6E65722F7787
S2140430D06F726B2F747579612D7A69676265652DD9
S2140430E07377697463682D776974682D6D65746584
S2140430F072696E672F747579612D7A696762656582
S2140431002D7377697463682D776974682D6D65749B
S2140431106572696E672F73696C6162735F746F6F33
S2140431206C732F73696D706C69636974795F73640B
S2140431306B2F70726F746F636F6C2F7A696762653A
S214043140652F6170702F6672616D65776F726B2F75
S214043150636F6D6D6F6E2F7A69676265655F617008
S214043160705F6672616D65776F726B5F736C6565B1
S214043170702E630053746179206177616B652077E4
S21404318068656E206E6F74206A6F696E65643A2097
S214043190257300466F7263656420737461792061D9
S2140431A077616B653A2020202020202020202025CF
S2140431B07300466F7263696E67206465766963653B
S2140431C020746F2073746179206177616B650041A8
S2140431D06C6C6F77696E67206465766963652074C6
S2140431E06F20676F20746F20736C656570002F689E
S2140431F06F6D652F72756E6E65722F776F726B2F9B
S214043200747579612D7A69676265652D737769745B
S21404321063682D776974682D6D65746572696E6769
S2140432202F747579612D7A69676265652D73776980
S2140432307463682D776974682D6D65746572696E3C
S214043240672F73696C6162735F746F6F6C732F732F
S214043250696D706C69636974795F73646B2F7072DF
S2140432606F746F636F6C2F7A69676265652F617020
S214043270702F6672616D65776F726B2F636F6D6DFD
S2140432806F6E2F7A69676265655F737461636B5FDF
S214043290736C6565702E630052583A2052657365E8
S2140432A074546F466163746F727944656661756CB5
S2140432B0747343616C6C6261636B00657A7370202F
S2140432C0636F756E74657273206661696C656420DD
S2140432D0257500657A73702052657365742054688A
S2140432E0726573686F6C64206572726F72202575E0
S2140432F000657A7370205365742054687265736829
S2140433006F6C64206572726F7220257500257529AE
S2140433102025733A2025750053657474696E6720FA
S2140433205468726573686F6C6420636F6D6D616E4C
S21404333064003F3F3F004D61632052782042636142
S2140433407374004D61632054782042636173740083
S2140433504D6163205278205563617374004D616338
S214043360205478205563617374004D61632054784B
S214043370205563617374205265747279004D6163DD
S214043380205478205563617374204661696C00414B
S2140433905053205278204263617374004150532086
S2140433A0547820426361737400415053205278204D
S2140433B055636173740041505320547820556361FB
S2140433C073742053756363657373004150532054BC
S2140433D07820556361737420526574727900415085
S2140433E053205478205563617374204661696C00D9
S2140433F0526F757465204469736320496E697469F5
S21404340061746564004E65696768626F7220416422
S214043410646564004E65696768626F722052656D04
S2140434206F766564004E65696768626F72205374D0
S214043430616C65004A6F696E20496E6469636174E5
S214043440696F6E004368696C64204D6F766564002E
S214043450415348204F766572666C6F770041534837
S214043460204672616D65204572726F720041534842
S214043470204F76657272756E204572726F72004EBA
S214043480574B204643204661696C7572650041506F
S21404349053204643204661696C7572650041534863
S2140434A020584F66660041505320556E6175746807
S2140434B06F72697A6564204B6579004E574B2044D9
S2140434C0656372797074204661696C757265730001
S2140434D04150532044656372797074204661696C68
S2140434E075726573005061636B6574204275666619
S2140434F0657220416C6C6F63617465204661696C0B
S214043500757265730052656C6179656420556361F4
S21404351073740050687920746F204D414320717590
S214043520657565206C696D6974207265616368658C
S21404353064005061636B65742056616C69646174E1
S214043540652064726F7020636F756E74004E574BFF
S214043550207265747279206F766572666C6F770078
S214043560434341204661696C757265730042726F0D
S214043570616463617374207461626C652066756C43
S2140435806C00505441204C6F205072692052657173
S21404359000505441204869205072692052657100D9
S2140435A0505441204C6F205072692044656E696502
S2140435B06400505441204869205072692044656E66
S2140435C069656400505441204C6F20507269205441
S2140435D07820416272740050544120486920507229
S2140435E06920547820416272740041646472657381
S2140435F07320436F6E666C6963742053656E740043
S21404360043534C205278207363686564756C652058
S2140436106661696C6564000D0044656275672070B8
S21404362072696E742067726F75702025730A00576E
S214043630726F6E6720706172616D657465720A00E0
S21404364046696E6420616E642042696E6420496E29
S21404365069746961746F723A20436F6D706C657437
S214043660653A2030782530325800537461727420DD
S2140436707461726765740046696E6420616E6420C6
S21404368042696E64205461726765740025733A203B
S21404369025733A2030782530325800467261676DBB
S2140436A0656E746174696F6E2052582077696E6413
S2140436B06F772073697A652073657420746F20258C
S2140436C064002F686F6D652F72756E6E65722F7746
S2140436D06F726B2F747579612D7A69676265652DD3
S2140436E07377697463682D776974682D6D6574657E
S2140436F072696E672F747579612D7A69676265657C
S2140437002D7377697463682D776974682D6D657495
S2140437106572696E672F73696C6162735F746F6F2D
S2140437206C732F73696D706C69636974795F736405
S2140437306B2F70726F746F636F6C2F7A6967626534
S214043740652F6170702F6672616D65776F726B2F6F
S214043750706C7567696E2F667261676D656E7461ED
S21404376074696F6E2F667261676D656E74617469D5
S2140437706F6E2E630052583A2041646447726F7528
S21404378070526573706F6E736520307825303258CA
S2140437902C203078253034580052583A2056696523
S2140437A07747726F7570526573706F6E73652030ED
S2140437B078253032582C203078253034582C202266
S2140437C00052583A2047657447726F75704D656DA0
S2140437D062657273686970526573706F6E73652084
S2140437E03078253032582C203078253032582C004A
S2140437F0205B3078253034585D0052583A205265A4
S2140438006D6F766547726F7570526573706F6E7301
S21404381065203078253032582C20307825303458BE
S2140438200065705B253032585D2069645B25303452
S214043830585D00436C656172696E6720616C6C202C
S21404384067726F7570732E004552523A204661694E
S2140438506C656420746F20637265617465206269A8
S2140438606E64696E67202830782530325829004502
S21404387052523A2042696E64696E67207461626CC3
S214043880652069732066756C6C004552523A207741
S214043890726974696E67206E616D652073757070E9
S2140438A06F727420253032580052583A20416464AE
S2140438B047726F7570203078253034582C202200DB
S2140438C075760052583A205669657747726F757058
S2140438D0203078253034580075767300766965771D
S2140438E05F67726F75700047726F7570733A206603
S2140438F061696C656420746F2073656E642025733B
S21404390020726573706F6E73653A20307825303296
S21404391058006765745F67726F75705F6D656D627A
S21404392065727368697020726573706F6E73650074
S21404393064656661756C745F726573706F6E7365CB
S2140439400052583A2047657447726F75704D656D1E
S21404395062657273686970203078253032582C009E
S2140439607575620047726F7570733A206661696C8C
S214043970656420746F2073656E642025733A203066
S21404398078253032580052583A2052656D6F766565
S21404399047726F757020307825303458004552527F
S2140439A03A204661696C656420746F2064656C65B2
S2140439B074652062696E64696E67202830782530E5
S2140439C03258290072656D6F76655F67726F757021
S2140439D00052583A2052656D6F7665416C6C47729A
S2140439E06F7570730052583A2041646447726F755D
S2140439F07049664964656E74696679696E672030D5
S214043A0078253034582C20220061646400436861B1
S214043A106E6E656C206E6F742076616C69643A20F5
S214043A202564005072696D617279002573206D619A
S214043A30736B206E6F7720307825303858005365C6
S214043A40636F6E64617279004D61736B206E6F7480
S214043A502076616C69643A202564007072696D6131
S214043A607279007365636F6E646172790025733AC8
S214043A7020536574202573206D61736B20746F204A
S214043A803078253038580053746174757300257384
S214043A903A2025733A004368616E6E656C206D614A
S214043AA0736B3A00202020202831292030782530D6
S214043AB03858205B00202020202832292030782502
S214043AC0303858205B0053746174653A203078258A
S214043AD030325820282573290043757272656E7437
S214043AE0206368616E6E656C3A20256400546F74BA
S214043AF0616C20626561636F6E733A202564004AC8
S214043B006F696E20617474656D7074733A202564F1
S214043B10004E6574776F726B2073746174653A2017
S214043B203078253032580053746F70002573205354
S214043B30746F702E2020436C65616E696E67207505
S214043B40702E0042726F616463617374696E6720DD
S214043B507065726D6974206A6F696E00547275734D
S214043B60742063656E746572206C696E6B206B6579
S214043B70792075706461746520737461747573005C
S214043B8025733A205741524E494E473A20736C5F8C
S214043B907A69676265655F7365745F696E6974697F
S214043BA0616C5F73656375726974795F737461744D
S214043BB065206661696C65642E20436F6E74696E59
S214043BC075696E6720776974686F757420696E739B
S214043BD074616C6C20636F64652E004572726F723C
S214043BE03A20696E7374616C6C20636F646520732D
S214043BF065747570206661696C65642E204973204F
S214043C00616E20696E7374616C6C20636F646520EA
S214043C10666C6173686564206F6E746F2074686583
S214043C20206465766963653F00D0D1D2D3D4D5D6F7
S214043C30D7D8D9DADBDCDDDEDF00FFFFFFFFFFFFCE
S214043C40FFFF005A6967426565416C6C69616E6383
S214043C506530390025733A2069737375696E672079
S214043C607363616E206F6E202573206368616E6EC9
S214043C70656C7320286D61736B2030782530385856
S214043C802900257320697320616C7265616479204C
S214043C90696E2070726F6772657373005374617215
S214043CA074004578616D696E696E6720626561634C
S214043CB06F6E206F6E206368616E6E656C2025647F
S214043CC020776974682070616E49642030782530E6
S214043CD03458005468697320626561636F6E2069A6
S214043CE073206E6F742070617274206F662074681F
S214043CF0652063757272656E74206368616E6E65A6
S214043D006C206D61736B2028307825303858292E46
S214043D102047657474696E67206E657874206265E2
S214043D2061636F6E2077686F7365206368616E6E7B
S214043D30656C206269746D61736B206973207365AA
S214043D40742E004572726F723A20257320636F7565
S214043D506C64206E6F7420617474656D7074206A70
S214043D606F696E3A20307825303258004E6F2062E4
S214043D706561636F6E73206C656674206F6E206376
S214043D80757272656E74206D61736B2E204D6F763E
S214043D90696E6720746F206E65787420737461741E
S214043DA065002573206A6F696E696E672030782512
S214043DB0303458206F6E206368616E6E656C202503
S214043DC0640025732053746174653A202573004596
S214043DD072726F723A20257320636F756C64206E5E
S214043DE06F74207365747570207365637572697477
S214043DF0793A20307825303258004572726F723A1C
S214043E00205363616E20636F6D706C657465206803
S214043E10616E646C65722072657475726E6564207A
S214043E20307825303258002573207363616E206322
S214043E306F6D706C6574652E20426561636F6E737A
S214043E402068656172643A202564002573207374C3
S214043E5061636B2073746174757320307825303217
S214043E6058002573206E6574776F726B206A6F69CD
S214043E706E65642E00257320747279696E67206EF1
S214043E80657874206E6574776F726B2E004E6F6E55
S214043E9065005363616E205072696D6172792043C8
S214043EA068616E6E656C7320616E64207573652040
S214043EB0436F6E66696775726564204B6579005357
S214043EC063616E205072696D617279204368616E19
S214043ED06E656C7320616E642075736520496E731D
S214043EE074616C6C20436F6465005363616E20508C
S214043EF072696D617279204368616E6E656C7320B9
S214043F00616E64205573652043656E7472616C69D6
S214043F107A6564204B6579005363616E205072693C
S214043F206D617279204368616E6E656C7320616E94
S214043F306420557365204469737472696275746588
S214043F4064204B6579005363616E205365636F6E1E
S214043F5064617279204368616E6E656C7320616E6D
S214043F60642075736520436F6E6669677572656451
S214043F70204B6579005363616E205365636F6E64EE
S214043F80617279204368616E6E656C7320616E643D
S214043F902075736520496E7374616C6C20436F647E
S214043FA065005363616E205365636F6E6461727956
S214043FB0204368616E6E656C7320616E6420557371
S214043FC0652043656E7472616C697A6564204B651E
S214043FD079005363616E205365636F6E6461727912
S214043FE0204368616E6E656C7320616E6420557341
S214043FF065204469737472696275746564204B65E0
S21404400079005363616E205072696D617279204342
S21404401068616E6E656C7320616E642055736520EE
S214044020416C6C204B6579732028696E7374616CDF
S2140440306C20636F64652C2063656E7472616C69B2
S2140440407A65642C20646973747269627574656435
S21404405029005363616E205365636F6E64617279E1
S214044060204368616E6E656C7320616E64205573C0
S2140440706520416C6C204B6579732028696E7374D7
S214044080616C6C20636F64652C2063656E7472616A
S2140440906C697A65642C20646973747269627574D9
S2140440A0656429004F6E2F4F66662073657420760C
S2140440B0616C75653A202530325820253032580018
S2140440C04552523A2072656164696E67206F6E2F9E
S2140440D06F66662025303258004F6E2F6F66662056
S2140440E0616C72656164792073657420746F206EE8
S2140440F065772076616C756500546F67676C65201C
S2140441006F6E2F6F66662066726F6D20253032588C
S21404411020746F2025303258004552523A20777268
S2140441206974696E67206F6E2F6F6666202530325D
S2140441305800496E7374616C6C65642054797065BC
S214044140202842617365293A202030782530325879
S214044150004361706162696C69746965733A202012
S214044160202020202020202020307825303458009D
S214044170426F6F746C6F6164657220566572736902
S2140441806F6E3A2020202020307825303458005393
S214044190656375726520426F6F746C6F61646572D7
S2140441A0204B65793A20202020202000426F6F742F
S2140441B06C6F6164696E67206661696C6564210072
S2140441C0446F776E6C6F6164206661696C65642EFB
S2140441D00044656C6574696E67206661696C656425
S2140441E020646F776E6C6F61642C207374617475D1
S2140441F0733A2030782530325800496D616765205F
S214044200646F6573206E6F7420636F6E7461696E7D
S21404421020616E205570677261646520496D616720
S21404422065205461672028307825303458292E209C
S214044230536B697070696E67207570677261646528
S2140442402E00457865637574696E6720626F6F74B7
S2140442506C6F61642063616C6C6261636B2E0053E7
S21404426074617274696E672045424C207665726983
S2140442706669636174696F6E0045424C20666169C5
S2140442806C656420766572696669636174696F6ECD
S2140442902E0045424C207061737365642076657207
S2140442A0696669636174696F6E2E002573696E674B
S2140442B0204F544120636C69656E74207374617476
S2140442C065206D616368696E650073746F70700055
S2140442D04572726F723A204E6F20696D6167652071
S2140442E0617420696E646578202564004E6F7420BE
S2140442F0737570706F727465642E00436C69656EB6
S2140443007420696D61676520717565727920696EC0
S214044310666F004D616E75662049443A2020202061
S214044320202020202030782530345800496D6167DD
S2140443306520547970652049443A2020202030783E
S214044340253034580043757272656E742056657253
S21404435073696F6E3A2020307825303858004861EB
S2140443607264776172652056657273696F6E3A205F
S214044370004E410051756572792044656C61792060
S2140443806D733A2020202020202020202020202565
S2140443906C640053657276657220446973636F7645
S2140443A06572792044656C6179206D733A20256CBA
S2140443B06400446F776E6C6F61642044656C617949
S2140443C0206D733A202020202020202020256C6495
S2140443D00052756E20557067726164652044656C82
S2140443E06179206D733A202020202020256C6400FB
S2140443F05665726966792044656C6179206D733AF6
S2140444002020202020202020202020256C6400440A
S2140444106F776E6C6F6164204572726F7220546899
S214044420726573686F6C643A202025640055706763
S2140444307261646520576169742054687265736894
S2140444406F6C643A202020202564004F5441204499
S2140444506F776E6772616465733A2044697361624C
S2140444606C6564004F544120446F776E67726164D4
S21404447065733A20456E61626C656400426F6F74C2
S2140444806C6F61642073746174653A202573004907
S2140444906E76616C696420455020256420776865D3
S2140444A06E20747279696E6720746F2073656E640B
S2140444B0204F5441206D6573736167652E00536504
S2140444C06E64696E67205570677261646520456E18
S2140444D06420726571756573742E0025733A2069BD
S2140444E06E76616C696420636D6449642030782557
S2140444F0303258004572726F723A20204661696CF9
S214044500656420746F2073656E64204F5441206385
S2140445106F6D6D616E64203078253032582C2073B0
S21404452074617475733A20307825303258005365B8
S2140445307276657220756E6B6E6F776E2C20666170
S2140445406C6C696E67206261636B20746F206469AB
S21404455073636F766572792E004D6178696D756D3B
S214044560207175657279206572726F72732068693E
S2140445707420282564292C207374617274696E670C
S2140445802073656172636820666F72206E6577209B
S2140445904F5441207365727665722E0A004170701E
S2140445A06C79696E6720757067726164650025733F
S2140445B03A20696E76616C6964206F66667365740A
S2140445C02063757272656E7454696D65283078253B
S2140445D030385829203E20757067726164655469C6
S2140445E06D652830782530385829004F54412043CB
S2140445F06C75737465723A207761697420666F729D
S214044600202564207300525865642074696D654FD4
S21404461075742030782530385820732C204D415836
S2140446202074696D654F75742030782530385820AD
S21404463073004D6178696D756D207570677261647D
S21404464065207265717565737473206D6164652089
S2140446502825642920776974686F757420726573D9
S214044660706F6E73652066726F6D20736572766503
S214044670722E00557067726164696E6720616E7988
S214044680776179004F5441205365727669636520DB
S214044690646973636F766572792070726576656E89
S2140446A0746564202D20616E6F746865722069736A
S2140446B020616C726561647920696E2070726F6720
S2140446C072657373004661696C656420746F206953
S2140446D06E697469617465207365727669636520B2
S2140446E0646973636F766572792E004F5441205364
S2140446F065727669636520446973636F766572795B
S21404470020696E2070726F677265737300436C69FC
S214044710656E7420766572696669636174696F6E26
S214044720206661696C65642E005369676E617475F2
S214044730726500437573746F6D007061737365649E
S214044740004641494C4544004E6F207369676E61CC
S2140447507475726520766572696669636174696FDB
S2140447606E20737570706F72742C20617373756D20
S214044770696E6720696D616765206973206F6B6178
S214044780792E00257320766572696669636174699B
S2140447906F6E2025733A20307825303258004D61EC
S2140447A078696D756D206E756D626572206F662012
S2140447B0646F776E6C6F6164206572726F727320BB
S2140447C0726561636820282564292C2061626F72F3
S2140447D074696E672E004F544120436C757374657C
S2140447E0723A2073657474696E672049454545209E
S2140447F061646472657373206F66204F544120634E
S2140448006C7573746572005061727469616C2066AD
S214044810696C6520646F776E6C6F616420666F7573
S2140448206E642C20636F6E74696E75696E6720669D
S214044830726F6D206F666673657420307825303825
S2140448405800466F756E642066756C6C7920646FCC
S214044850776E6C6F616465642066696C6520696E4A
S2140448602073746F72616765202876657273696F4A
S2140448706E20307825303858292E00466F756E64C1
S2140448802066696C6520696E2073746F7261676553
S214044890207769746820646966666572656E74203C
S2140448A076657273696F6E202830782530385829FB
S2140448B0207468616E2063757272656E7420766506
S2140448C07273696F6E202830782530385829004670
S2140448D0696C6520696E2073746F72616765206900
S2140448E0732073616D652061732063757272656EE3
S2140448F0742072756E6E696E672076657273696F62
S2140449006E202830782530385829004E6F20696D7F
S21404491061676520666F756E6420696E2073746FB8
S214044920726167652E004F54412053657276696341
S2140449306520446973636F7665727920756E626C60
S2140449406F636B65640049676E6F72696E67207388
S21404495065727665722066726F6D206C6F6F70621A
S21404496061636B20616464726573730049676E6F7C
S21404497072696E6720307825303458204F544120B1
S21404498073657276657220696E20736561726368FA
S214044990206F662054430053657474696E67204F15
S2140449A054412053657276657220746F20307825E2
S2140449B03034580044656C6179696E67202564203C
S2140449C07365636F6E6473206265666F72652073C9
S2140449D074617274696E67204F544120636C696514
S2140449E06E740054696D656F7574207761697469B7
S2140449F06E6720666F72206D6573736167652E003F
S214044A00426164204F544120636F6D6D616E643A59
S214044A1020307825303258004F544120636F6D6D36
S214044A20616E642030782530325820746F6F20739E
S214044A30686F727420286C656E202564203C206D97
S214044A40696E20256429004F544120636F6D6D61A3
S214044A506E642066726F6D20756E7265636F676E26
S214044A60697A6564207365727665722030782530BD
S214044A7034582E20204D79204F5441207365727689
S214044A8065723A2030782530345800496D61676580
S214044A90204E6F7469667900476F7420756E65786A
S214044AA07065637465642025732E202053746172C8
S214044AB07420646973636F766572792E0064656624
S214044AC061756C74004F54413A206661696C656484
S214044AD020746F2073656E6420257320726573706E
S214044AE06F6E73653A2030782530325800496D6110
S214044AF06765206E6F7469667900476F7420756EFB
S214044B0065787065637465642025732E2020496774
S214044B106E6F7265642E004F54413A204465666198
S214044B20756C7420726573706F6E736520666F7231
S214044B3020496D616765206E6F746966792C2073F1
S214044B4074617475732030782530325800496D616D
S214044B506765206E6F7469667920636F6D6D616E2C
S214044B606400257320756E69636173742C207175F7
S214044B70657279696E6700496E76616C69640025B2
S214044B8073202573207061796C6F6164207479706A
S214044B9065203078253032580025732025733A2056
S214044BA06F7574206F662072616E6765206A69741B
S214044BB07465722025640025732025733A2070617D
S214044BC0796C6F6164206C656E67746820646F65C9
S214044BD0736E2774206D6174636820747970652021
S214044BE030782530325820282564203C2025642936
S214044BF00025732025732064756520746F206E6FFE
S214044C006E2D6D61746368696E67206D616E75667E
S214044C106163747572657220494400257320257398
S214044C202064756520746F206E6F6E2D6D617463DD
S214044C3068696E6720696D616765207479706520A0
S214044C4049440025732025732064756520746F20FD
S214044C506D61746368696E67206669726D776172E8
S214044C60652076657273696F6E0025732025732C34
S214044C702052782764204A69747465722028307834
S214044C8025303258292C205069636B6564204A69A4
S214044C90747465722028307825303258290051758E
S214044CA0657279206E65787420696D616765207217
S214044CB06573706F6E736500257320726574757204
S214044CC06E6564203078253032582E20204E6F20B2
S214044CD06E657720696D61676520746F20646F77F1
S214044CE06E6C6F61642E00257320746F6F2073687A
S214044CF06F727420282564203C20256429002573BF
S214044D003A204E657720696D616765206973206176
S214044D107661696C61626C6520666F7220646F7779
S214044D206E6C6F61642E002573206973206E6F7439
S214044D30207573696E67206D7920696D61676520DB
S214044D40696E666F2E004552524F523A204E657871
S214044D507420496D61676520697320746F6F2062E3
S214044D60696720746F2073746F7265202830782505
S214044D70303858203E20307825303858290025739E
S214044D802072657475726E65642073616D65204665
S214044D90696C6556657273696F6E206173206375FE
S214044DA07272656E746C7920696E7374616C6C656E
S214044DB0642E004F544120446F776E6772616465B9
S214044DC0732044697361626C65643A2046696C6555
S214044DD056657273696F6E20626568696E642063D7
S214044DE0757272656E7420696E7374616C6C61742E
S214044DF0696F6E005374617274696E6720646F77AE
S214044E006E6C6F61642C2056657273696F6E203009
S214044E107825303858004572726F723A20466169B8
S214044E206C656420746F2064656C65746520696DB8
S214044E306167652E004572726F723A204661696C2E
S214044E40656420746F206572617365206F6C6420DE
S214044E5074656D7020646174612E00496D616765C8
S214044E6020626C6F636B20726573706F6E7365007F
S214044E704F54413A20496D616765426C6F636B52CB
S214044E8065706F6E736520636F6E7461696E7320F0
S214044E90696E76616C6964206F7220696E636F6DEB
S214044EA0706C657465206461746100557064617427
S214044EB0696E67204D696E20426C6F636B20526585
S214044EC0717565737420506572696F6420746F2001
S214044ED02564206D7300446F776E6C6F6164206484
S214044EE0656C617920627920736572766572202517
S214044EF064206D7300446F776E6C6F61642061622A
S214044F006F72746564206279207365727665722E9A
S214044F100053657276657220646F65736E2774201D
S214044F20737570706F727420706167652072657136
S214044F30756573742C206F6E6C79207573696E6753
S214044F4020626C6F636B20726571756573742E00D6
S214044F505365727665722072657475726E65642028
S214044F6027756E737570706F7274656420636C75E4
S214044F707374657220636F6D6D616E64272E0055C1
S214044F806E6B6E6F776E2025732073746174757301
S214044F9020636F64652030782530325800257320EE
S214044FA068617320646174612073697A65202825BA
S214044FB0642920736D616C6C6572207468616E2060
S214044FC061637475616C207061636B6574207369CA
S214044FD07A6520282564292E002573206572726F51
S214044FE0723A204578706563746564206F666673EC
S214044FF06574203078253038582C20627574206704
S2140450006F74203078253038582E202049676E6F0C
S21404501072696E6700257320696E666F2064696422
S214045020206E6F74206D61746368206D79206578D6
S21404503070656374656420696E666F2E2020447202
S2140450406F7070696E672E004661696C65642074C3
S2140450506F20777269746520746F2073746F726141
S2140450606765206465766963652100446F776E6CB6
S2140450706F6164005570677261646520656E6420B4
S214045080726573706F6E7365005365727665722011
S21404509061626F7274656420757067726164652CF2
S2140450A0207374617475733A203078253032580052
S2140450B04572726F723A2025732068616420696EA7
S2140450C076616C69642025733A200066696C6520F5
S2140450D076657273696F6E00416464696E67202535
S2140450E064206D732E2064656C617920666F72206F
S2140450F0696D6D6564696174652075706772616455
S214045100652E00436F756E74646F776E20746F201F
S214045110757067726164653A202564206D7300209B
S21404512053746174653A2020202573002057616902
S21404513074696E6720666F7220726573706F6E7323
S214045140653A20257300204E657874204576656E92
S214045150742054696D65723A202564206D730020AE
S21404516043757272656E7420446F776E6C6F6164FB
S214045170204F66667365743A203078253038582098
S2140451802825642525290025733A206661696C65FF
S214045190642070617273696E67204F544120636D9A
S2140451A06420307825303258004F544120446566D8
S2140451B061756C7420726573706F6E736520746F9E
S2140451C020636F6D6D616E6420494420307825300D
S2140451D032582C20737461747573203078253032FD
S2140451E05800496D61676520626C6F636B20726559
S2140451F071756573742074657374206F6E6C792092
S214045200776F726B73207768656E2073746174654C
S21404521020697320424F4F544C4F41445F535441CE
S21404522054455F4E4F4E450052616E646F6D204488
S214045230656C6179206265666F726520737461724D
S2140452407400446973636F766572696E67204F54A1
S214045250412053657276657200476574204F544149
S2140452602053657276657220455549004F62746115
S214045270696E206C696E6B206B657900517565727A
S21404528079696E67204E65787420496D616765009C
S214045290446F776E6C6F6164696E6720496D6167F1
S2140452A06500566572696679696E6720496D61673F
S2140452B0650057616974696E6720666F7220557061
S2140452C06772616465206D65737361676500436F1B
S2140452D0756E74646F776E20746F20557067726194
S2140452E064650057616974696E6720746F20757011
S2140452F0677261646520766961206F75742D6F66C8
S2140453002D62616E64206D656368616E69736D00FD
S21404531025733A202564252520636F6D706C6574AB
S2140453206500496D6167652025640020204552525A
S2140453304F523A20436F756C64206E6F7420676515
S214045340742066756C6C2068656164657221002043
S214045350204865616465722056657273696F6E3A9B
S2140453602030782530345800202048656164657202
S214045370204C656E6774683A202025642062797430
S21404538065730020204669656C6420436F6E7472F2
S2140453906F6C3A20203078253034580020204D6138
S2140453A06E75662049443A2020202020202030783C
S2140453B025303458002020496D6167652054797083
S2140453C0653A2020202020307825303458002020CC
S2140453D056657273696F6E3A2020202020202020A4
S2140453E03078253038580020205A69676265652071
S2140453F056657273696F6E3A2030782530345800DB
S214045400202048656164657220537472696E673A39
S21404541020202573002020496D6167652053697A32
S214045420653A2020202020256C64206279746573F8
S214045430002020536563757269747920437265642D
S2140454403A20203078253032580020205570677274
S21404545061646520446573743A2020200020204D42
S214045460696E2E204857205665723A202020203038
S21404547078253034580020204D61782E2048572057
S2140454805665723A20202020307825303458002083
S21404549020546F74616C20546167733A202564004D
S2140454A0202020205461673A203078253034580074
S2140454B02020202020204C656E6774683A20256CD6
S2140454C064004572726F723A20436F756C64206E86
S2140454D06F74206F627461696E2074616720696EF0
S2140454E0666F2066726F6D20696D6167652E000AAF
S2140454F0256420696D6167657320696E204F544189
S2140455002073746F726167652E00496D616765204C
S21404551064656C65746525732E004572726F723A05
S2140455202020436F756C64206E6F7420726561640E
S21404553020626C6F636B3A203078253032582E0A1E
S214045540005374617274696E6720657261736520B6
S21404555066726F6D206F66667365742030782530CA
S214045560385820746F2030782530385800436F75CB
S2140455706C64206E6F74207374617274204552419B
S2140455805345212028307825303258290045455087
S214045590524F4D20457261736520636F6D706C6564
S2140455A07465002F686F6D652F72756E6E65722F49
S2140455B0776F726B2F747579612D7A69676265658A
S2140455C02D7377697463682D776974682D6D6574B7
S2140455D06572696E672F747579612D7A696762657D
S2140455E0652D7377697463682D776974682D6D65A6
S2140455F0746572696E672F73696C6162735F746F2A
S2140456006F6C732F73696D706C69636974795F73FB
S214045610646B2F70726F746F636F6C2F7A69676236
S21404562065652F6170702F6672616D65776F726B3A
S2140456302F706C7567696E2F6F74612D73746F723B
S2140456406167652D73696D706C652D656570726F25
S2140456506D2F6F74612D73746F726167652D656548
S21404566070726F6D2D706167652D65726173652E3E
S21404567063002F686F6D652F72756E6E65722F7777
S2140456806F726B2F747579612D7A69676265652D03
S2140456907377697463682D776974682D6D657465AE
S2140456A072696E672F747579612D7A6967626565AC
S2140456B02D7377697463682D776974682D6D6574C6
S2140456C06572696E672F73696C6162735F746F6F5E
S2140456D06C732F73696D706C69636974795F736436
S2140456E06B2F70726F746F636F6C2F7A6967626565
S2140456F0652F6170702F6672616D65776F726B2FA0
S214045700706C7567696E2F6F74612D73746F726138
S21404571067652D73696D706C652D656570726F6D48
S2140457202F6F74612D73746F726167652D65657074
S214045730726F6D2E63004F54412053696D706C6513
S2140457402053746F7261676520454550524F4D2053
S2140457507761726E696E673A20636F756C64206E4B
S2140457606F742067657420736C6F7420696E666F3F
S21404577020666F7220736C6F74202564202865720F
S214045780726F7220307825303258292E2044656690
S21404579061756C74696E6720746F207370656369D5
S2140457A0666965642061646472657373206F6666F7
S2140457B0736574730053746F72616765204472690D
S2140457C07665723A202020202020202020202020C9
S2140457D0204F54412053696D706C652053746F726A
S2140457E061676520454550524F4D20506C7567697A
S2140457F06E0052656164204D6F6469667920577245
S21404580069746520537570706F72743A20206E6FD9
S21404581000534F4320426F6F746C6F6164696E6708
S21404582020537570706F72743A2020202079657347
S21404583000426F6F746C6F616465722053746F728C
S21404584061676520537570706F72743A205573657E
S21404585020666972737420736C6F7400536C6F7473
S21404586020746F207573653A202020202020202085
S2140458702020202020202020256400437572726595
S2140458806E7420446F776E6C6F6164204F66667327
S21404589065743A2020202030782530385800454258
S2140458A04C205374617274204F66667365743A2094
S2140458B02020202020202020202030782530385812
S2140458C000454550524F4D2053746172743A20205F
S2140458D02020202020202020202020202030782552
S2140458E030385800454550524F4D20456E643A2096
S2140458F0202020202020202020202020202020209F
S21404590030782530385800496D61676520496E66E1
S2140459106F2053746172743A2020202020202020A7
S2140459202020203078253038580053617665205280
S21404593061746520286279746573292020202020EC
S214045940202020202020307825303858004F6666E6
S214045950736574206F6620646F776E6C6F61642065
S2140459606F666673657420202030782530385800BA
S2140459704F6666736574206F662045424C206F66DA
S214045980667365743A202020202020203078253045
S2140459903858004F6666736574206F6620696D61BB
S2140459A067652073746172743A20202020202030AA
S2140459B0782530385800736C5F7A69676265655F6E
S2140459C061665F6F74615F73746F726167655F644D
S2140459D072697665725F726561645F636228292006
S2140459E06661696C65642100426164206D61676963
S2140459F063206E756D62657220696E2066696C65DB
S214045A003A203078253032582030782530325820E5
S214045A1030782530325820307825303258004261AC
S214045A20642076657273696F6E20696E2066696C91
S214045A306520307825303458004572726F723A20EB
S214045A4072656164416E6456616C69646174655321
S214045A50746F726564496D6167652829207472697C
S214045A60656420746F2072656164206D6F726520B2
S214045A7064617461207468616E20697420636F7554
S214045A806C6420686F6C642E00736C5F7A6967625E
S214045A9065655F61665F6F74615F73746F7261677B
S214045AA0655F6472697665725F726561645F63627E
S214045AB02829204641494C454421004C61737420F2
S214045AC06F666673657420646F776E6C6F61646569
S214045AD0643A203078253038580053746F72616702
S214045AE065204D6F64756C653A204F5441205369A8
S214045AF06D706C652053746F7261676520506C75A9
S214045B0067696E00496D616765732053746F7265CB
S214045B10643A20202564206F6620310A002530323E
S214045B20583A006570202530325820636C7573200F
S214045B30253034582061747472202530345820730C
S214045B40767220256300206D666720253032580063
S214045B50207265706F7274206D696E20253034581B
S214045B60206D61782025303458207270742D636857
S214045B70672025303858002072656365697665208D
S214045B8066726F6D202530345820657020253032BB
S214045B90582074696D656F7574202530345800720A
S214045BA0656D6F766500636C656172696E67206CFF
S214045BB0617374207265706F72742074696D6520E9
S214045BC06F6620616C6C20617474726962757465AA
S214045BD0730074657374696E672074696D696E67A3
S214045BE0206F6620766172696F7573207265706FB8
S214045BF07274696E67206F7065726174696F6E7314
S214045C00002D2D2D2D2D2D2D2D2D2D2D2D2D2D2DE8
S214045C102D2D2D2D2D2D2D2D2D2D2D2D2D2D2D2DAB
S214045C202D2D2D2D2D2D2D2D2D2D2D2D2D2D2D2D9B
S214045C30002D2D7461626C65207265616473202D7D
S214045C402066756C6C207461626C652D2D0072651F
S214045C5073756C74203D202564206D73002D2D69AA
S214045C606E6974202F207363686564756C65207490
S214045C7069636B2D2D2D002D2D6C6F616420636F71
S214045C806E66696775726174696F6E2064656661B5
S214045C90756C74732D2D002F686F6D652F72756E7D
S214045CA06E65722F776F726B2F747579612D7A69B2
S214045CB0676265652D7377697463682D77697468A0
S214045CC02D6D65746572696E672F747579612D7AAA
S214045CD069676265652D7377697463682D7769747F
S214045CE0682D6D65746572696E672F73696C616281
S214045CF0735F746F6F6C732F73696D706C6963690F
S214045D0074795F73646B2F70726F746F636F6C2F2C
S214045D107A69676265652F6170702F6672616D655A
S214045D20776F726B2F706C7567696E2F7265706F04
S214045D307274696E672F7265706F7274696E672EFF
S214045D406300524541445F5250545F4346470072D5
S214045D506561645F7265706F7274696E675F636FA6
S214045D606E66696775726174696F6E005265706FEE
S214045D707274696E673A206661696C656420746F34
S214045D802073656E6420257320726573706F6E735E
S214045D90653A20307825303258004552523A2072FF
S214045DA0656164696E6720636C7573746572203010
S214045DB0782530345820617474726962757465206D
S214045DC03078253034583A2030782530325800451B
S214045DD052523A207265706F7274696E67206F66ED
S214045DE0204C4F4E4720737472696E67206174743A
S214045DF07269627574652074797065206E6F74209C
S214045E00737570706F727465643A20636C7573741E
S214045E106572203078253034582061747472696253
S214045E2075746520307825303458005265706F726A
S214045E3074696E6720456E7472792046756C6C20A2
S214045E402D206372656174696E67206E65772072B3
S214045E5065706F7274004346475F52505400202D9D
S214045E6020646972656374696F6E3A253032582C03
S214045E7020617474723A25303458002020207479D6
S214045E8070653A253032582C206D696E3A253034C8
S214045E90582C206D61783A25303458002020206331
S214045EA068616E67653A0020202074696D656F75B9
S214045EB0743A2530345800636F6E66696775726588
S214045EC05F7265706F7274696E67002054434C4B42
S214045ED02075706461746520616C726561647920F4
S214045EE0696E2070726F6772657373004D616E75AC
S214045EF0616C2054434C4B20757064617465206655
S214045F0061696C65642E2573005374617274696EDE
S214045F106720757064617465207472757374206389
S214045F20656E746572206C696E6B206B6579207083
S214045F30726F6365737300557064617465205443AF
S214045F40204C696E6B204B657900204E6577206B7C
S214045F5065792065737461626C69736865643A0078
S214045F60204572726F723A00506172746E65723AAE
S214045F7020005A434C20676C6F62616C20636C751A
S214045F807374657220636F6D6D616E64730064690B
S214045F9072656374696F6E00646973632D636F6DF5
S214045FA02D67656E00646973632D636F6D2D72656E
S214045FB063006578706563742D7265706F72742DF6
S214045FC066726F6D2D6D6500757772697465006E07
S214045FD07772697465007265706F72742D7265618C
S214045FE0640073656E642D6D652D612D7265706F2A
S214045FF072740043726561746573206120676C6F08
S21404600062616C20646973636F76657220636F6D7A
S2140460106D616E6420666F722074686520617373A8
S2140460206F6369617465642076616C7565732E00B0
S214046030636C757374657249641F61747472696203
S21404604075746549641F6D61784E756D626572542A
S2140460506F5265706F72741F004372656174657366
S214046060206120676C6F62616C2073656E64206DBE
S214046070652061207265706F727420636F6D6D6148
S2140460806E6420666F7220746865206173736F6334
S21404609069617465642076616C7565732E00636C43
S2140460A0757374657249641F617474726962757479
S2140460B06549641F64617461547970651F6D696E07
S2140460C05265706F727454696D651F6D61785265A0
S2140460D0706F727454696D651F7265706F72746147
S2140460E0626C654368616E67651F00437265617420
S2140460F06573206120676C6F62616C2072656164F1
S214046100207265706F7274696E6720636F6D6D615F
S2140461106E6420666F7220746865206173736F63A3
S214046120696174656420636C75737465722C206190
S214046130747472696275746520616E642073657226
S2140461407665722F636C69656E7420646972656324
S21404615074696F6E2E00636C757374657249641F80
S21404616061747472696275746549641F64697265E2
S2140461706374696F6E1F00476C6F62616C20726592
S214046180706F7274696E6720636F6D6D616E640004
S214046190656E64706F696E741F636C757374657274
S2140461A049641F61747472696275746549641F6D0D
S2140461B061736B1F004372656174657320612067A9
S2140461C06C6F62616C207265616420636F6D6D61D3
S2140461D06E64206D65737361676520746F207265E5
S2140461E061642066726F6D2074686520636C7573D5
S2140461F074657220616E6420617474726962757469
S21404620065207370656369666965642E00636C75E2
S2140462107374657249641F61747472696275746517
S21404622049641F0043726561746573206120676C5E
S2140462306F62616C20777269746520636F6D6D613F
S2140462406E64206D65737361676520746F20777262
S21404625069746520746F2074686520636C75737444
S214046260657220616E642061747472696275746507
S2140462702073706563696669656400636C7573741E
S214046280657249641F6174747269627574654964E1
S2140462901F747970651F646174611F0043726561C1
S2140462A074652061206578706563742D7265706FFF
S2140462B072742D66726F6D2D6D65206D65737361D6
S2140462C067652077697468206173736F63696174A6
S2140462D065642076616C7565732E00636C757374E3
S2140462E0657249641F617474726962757465496481
S2140462F01F74696D656F75741F00437265617465FC
S214046300206120446973636F76657220436F6D6DF8
S214046310616E64732047656E65726174656420639C
S2140463206F6D6D616E642077697468206173736F36
S2140463306369617465642076616C7565732E0063A9
S2140463406C757374657249641F7374617274436FF9
S2140463506D6D616E6449641F6D6178436F6D6D6128
S2140463606E6449641F005365747320746865206402
S2140463706972656374696F6E20666F7220676C6FEE
S21404638062616C20636F6D6D616E64732C20656949
S2140463907468657220636C69656E7420746F20730C
S2140463A06572766572206F722073657276657220E8
S2140463B0746F20636C69656E742E00536574732065
S2140463C06120666C616720736F2074686174207442
S2140463D06865206170706C69636174696F6E2066AD
S2140463E072616D65776F726B2057494C4C204E4F27
S2140463F05420726573706F6E6420746F20746865C1
S214046400206E657874205A434C206D6573736167FB
S21404641065207468617420636F6D657320696E20EF
S2140464206F76657220746865206169722E00536504
S2140464307473206120666C616720736F20746861D2
S2140464407420746865206170706C69636174696F28
S2140464506E206672616D65776F726B2057494C4C7F
S21404646020726573706F6E6420746F207468652084
S2140464706E657874205A434C206D65737361676546
S214046480207468617420636F6D657320696E206F75
S21404649076657220746865206169722E005365748F
S2140464A073207468652044697361626C6520446572
S2140464B06661756C7420526573706F6E73652046E2
S2140464C072616D6520436F6E74726F6C20626974BE
S2140464D020746F2075736520666F7220746865205B
S2140464E06E65787420636F6D6D616E6420696620D6
S2140464F074686520636F6D6D616E64206973206EC9
S2140465006F7420616C7265616479206275696C745D
S2140465102E0064697361626C6544656661756C74AB
S214046520526573706F6E73651F00536574732074C1
S214046530686520666C616720746F207573652074C7
S214046540686520696E6372656D656E746564207334
S214046550657175656E6365206E756D62657220661D
S214046560726F6D20746865206672616D65776F72F0
S2140465706B20666F7220746865206E65787420726E
S214046580617720636F6D6D616E642E007573654E62
S21404659065787453657175656E63651F00436C6931
S2140465A020636F6D6D616E6420746F2063616C6C24
S2140465B020736C5F7A69676265655F61665F7365A1
S2140465C0745F74696D652066756E6374696F6E209A
S2140465D0646F63756D656E74656420696E206166AC
S2140465E02E680075746354696D651F005365747373
S2140465F0207468652074776F2062797465206D61F5
S2140466006E7566616374757265722073706563690E
S214046610666963206964656E746966696572207468
S2140466206F2075736520666F7220746865206E65CA
S214046630787420636F6D6D616E642069662074687B
S2140466406520636F6D6D616E64206973206E6F7470
S21404665020616C7265616479206275696C742E00C1
S2140466606D6667537065636966696349641F0054A1
S214046670727573742043656E746572204A6F696E12
S2140466802048616E646C65723A2073746174757325
S214046690203D2025732C206465636973696F6E2022
S2140466A03D202573202825303258292C2073686F06
S2140466B0727469642030782530345800554E7365FA
S2140466C06375726564206A6F696E006465766963D3
S2140466D065206C65667400554E73656375726564F3
S2140466E02072656A6F696E007573652070726563E3
S2140466F06F6E66696775726564206B65790073658D
S2140467006E64206B657920696E2074686520636CFE
S2140467106561720064656E79206A6F696E006E6FDB
S21404672020616374696F6E00616C6C6F77207265AC
S2140467306A6F696E73206F6E6C79006E6F742000DA
S214046740534C5F5354415455535F4E4554574F5220
S2140467504B5F55502030782530345800547275738A
S214046760742043656E7465722045554920686173CC
S2140467702025736368616E6765642E00534C5F530F
S21404678054415455535F4E4554574F524B5F444FF4
S214046790574E00534C5F5354415455535F4E4F5419
S2140467A05F4A4F494E454400534C5F535441545539
S2140467B0535F5A49474245455F4E4554574F524BDF
S2140467C05F4F50454E45443A202564207365630068
S2140467D0534C5F5354415455535F5A4947424545B9
S2140467E05F4E4554574F524B5F434C4F53454400FE
S2140467F025733A202573006469737472696275742C
S21404680065640063656E7472616C697A65640046DB
S2140468106F726D002573696E67206F6E2063682043
S21404682025642C2070616E496420307825303458F5
S214046830004572726F723A20446576696365206417
S2140468406F6573206E6F7420737570706F7274202A
S2140468502573206E6574776F726B20666F726D6138
S21404686074696F6E004A6F696E00496E76616C6972
S214046870642053656375726974792050726F666913
S2140468806C653A2030782530325800704A6F696E4D
S21404689020666F72202564207365633A203078255D
S2140468A0303258004C696D6974696E67206475727D
S2140468B06174696F6E206F66207065726D697420EE
S2140468C06A6F696E2066726F6D20666F7265766594
S2140468D07220283235352920746F20323534005220
S2140468E0583A205A444F2C20636F6D6D616E6420B5
S2140468F03078253034582C207374617475733A20BC
S2140469003078253032580053696D706C65005258E3
S2140469103A20257320446573632052657370004DD6
S21404692061746368002C204D6174636865733A2053
S21404693025640044657669636520416E6E6F756EE6
S21404694063653A203078253034580052583A204946
S21404695045454520416464726573732052657370BF
S2140469606F6E73650052583A2041637469766520E9
S214046970455020526573706F6E73652C20436F7597
S2140469806E743A202564004E6F6465002C204D61B9
S21404699074636865733A203078253034580073740D
S2140469A061636B207665722E205B25642E25642E2B
S2140469B0256400202573206275696C642025645D57
S2140469C0005A444F00534500484100436C757374A5
S2140469D0657200476C6F62616C00257374782030B2
S2140469E078253038582C200050726F66696C653AEA
S2140469F02025732028307825303458292C20436CE1
S214046A0075737465723A203078253034582C2025F6
S214046A10642062797465732C00205A434C202573D5
S214046A2020436D642049443A202564005072652D45
S214046A3052656C6561736500416C70686120310055
S214046A40416C706861203200416C706861203300CC
S214046A5042657461203100426574612032004265EB
S214046A607461203300474100526573657420696E73
S214046A70666F3A203078253032582028257329004E
S214046A8064656C6574652062696E64696E673A2035
S214046A9025303258202530325800010203040506FA
S214046AA00708090A0B0C000101010101010101019B
S214046AB0010101005752495445204552523A2000DC
S214046AC025736570202530325820636C7573202535
S214046AD030345820617474722025303458206E6F18
S214046AE07420737570706F72746564002573696EB4
S214046AF076616C69642064617461207479706500E1
S214046B00257361747472206E6F7420777269746171
S214046B10626C650057524954453A206E6F2077726E
S214046B206974652C206A75737420612074657374A7
S214046B3000524541443A2061747472696275746502
S214046B402073697A6520746F6F206C6172676520A4
S214046B50666F722063616C6C657200636C6E7400A1
S214046B607372767200525700524F00202052414DE5
S214046B7020200020746F6B656E2000657874657243
S214046B806E2000454E44504F494E5420253032580E
S214046B9000636C7573202F2073696465202F206151
S214046BA0747472202F206D666720202F74797065A8
S214046BB0286C656E292F207277202F2073746F72CD
S214046BC0616765202F2064617461202872617729CB
S214046BD00025303458202F202573202F20253034CC
S214046BE058202F2000202F202530325820282530EA
S214046BF0325829202F202573202F202573202F205C
S214046C0000556E737570706F72746564004F5441EE
S214046C1020524541443A2065703A25303258206364
S214046C2069643A253034582061747469643A2530AE
S214046C303458206D736B3A25303258206D66636F76
S214046C4064653A2530345800524541443A20636C12
S214046C50757320253034582C2061747472202530C6
S214046C603458206661696C656420253032580052B9
S214046C704541443A20636C757320253034582C20E3
S214046C806174747220253034582C20646174614C0D
S214046C90656E3A20253032582C204F4B0028256349
S214046CA0292530325825303258253032582530328E
S214046CB0582530325825303258253032582530324F
S214046CC0580064697361626C65002573642C2064E3
S214046CD0726F7070696E6720657020307825303268
S214046CE05820636C75732030782530345820636DD3
S214046CF064203078253032580047656E65726174BA
S214046D006564005265636569766564004469736307
S214046D106F76657220436F6D6D616E647320726565
S214046D2073706F6E73652028636F6D706C65746521
S214046D303A202563292C202573204944733A2000E1
S214046D4030782530325820005F455854005245416B
S214046D50445F415454520057524954453A20636C98
S214046D6075732025303458206174747220253034AD
S214046D705820004641494C20253032580057524985
S214046D8054453A20746F6F2073686F7274004449D8
S214046D9053435F4154545200257325733A20636C61
S214046DA07573202530345800537663204469736322
S214046DB03A2000257357616974696E67202564203C
S214046DC073656320666F7220646973636F76657299
S214046DD07920746F20636F6D706C657465005374EE
S214046DE061746520636F72726573706F6E64696E2A
S214046DF06720746F207468652074686520726571F6
S214046E0075657374206E6F7420666F756E640A0001
S214046E102573636F6D706C6574652E0A0025735355
S214046E2065727669636520446973636F7665727903
S214046E30205374617465206C696D6974732072657F
S214046E4061636865640A002573496C6C6567616CE8
S214046E502062726F61646361737420616464726536
S214046E6073732C2072656D617070696E6720746F21
S214046E702076616C6964206F6E652E00257346610A
S214046E80696C656420746F2073656E64206D61742C
S214046E90636820646973636F766572793A20307824
S214046EA0253032580025735374617274696E6720F6
S214046EB0646973636F7665727920666F7220636C9B
S214046EC075737465722030782530345800257346FF
S214046ED061696C656420746F2073656E64207369E1
S214046EE06D706C652064657363726970746F72206C
S214046EF0726571756573743A20307825303258009F
S214046F0025734661696C656420746F2073656E64CE
S214046F102049454545206164647265737320726533
S214046F2071756573743A20307825303258002573AD
S214046F304661696C656420746F2073656E64204EC8
S214046F40574B20616464726573732072657175654E
S214046F5073743A20307825303258004572726F7256
S214046F603A202573206261642073696D706C652015
S214046F7064657363726970746F72206C656E67748F
S214046F80682E0025734D65737361676520746F6F93
S214046F902073686F72740025734D6573736167653B
S214046FA020746F6F2073686F727420666F72206E21
S214046FB0756D2E20656E64706F696E74730025732C
S214046FC04D61746368257320666F756E64206672FF
S214046FD06F6D203078253034582E004572726F72EB
S214046FE03A20257320696E76616C6964206C656E40
S214046FF06774682028256420213D2025642920669E
S2140470006F722041637469766520456E64706F699B
S2140470106E7420726573706F6E7365002573676F88
S21404702074206163746976652045502072657370B8
S2140470306F6E7365005554432074696D653A202558
S214047040642F25642F25642025643A25643A256434
S214047050202825303858290028556E6B6E6F776EB9
S21404706020636C75732E205B3078253034585D2988
S214047070000D0A54253038583A005258206C656E74
S2140470802025642C20657020253032582C20636C13
S2140470907573203078253034582000206D66674993
S2140470A064202530345800204643202530325820AA
S2140470B0736571202530325820636D642025303284
S2140470C058207061796C6F61645B00426173696318
S2140470D0004F766572207468652041697220426F9D
S2140470E06F746C6F6164696E670025735258207004
S2140470F06B7420746F6F2073686F72743A20256403
S214047100203C202564002573525820706B74206D33
S214047110616C666F726D65643A202564203C202598
S214047120640020204861766520526F75746572206D
S214047130537570706F7274002020456E6420446529
S21404714076696365204F6E6C79002020456E616217
S2140471506C656400202044697361626C6564004554
S21404716072726F722072657472696576696E6720D2
S214047170696E666F20666F72206C696272617279DE
S214047180204944202564002573206C69627261726C
S2140471907925732070726573656E74005A69676228
S2140471A065652050726F0042696E64696E670053AD
S2140471B06563757269747920436F726500536563FD
S2140471C07572697479204C696E6B204B657973000F
S2140471D043424B45203136334B310043424B452026
S2140471E0445341205369676E004543430043424B72
S2140471F045204453412056657269667900506163A0
S2140472006B65742056616C6964617465005A4C4CF5
S2140472100043424B45203238334B3100454343202C
S2140472203238334B310043424B4520636F7265005E
S2140472304E4350004D756C7469206E6574776F729A
S2140472406B00456E68616E63656420426561636FBA
S2140472506E205265710043424B45203238334B3121
S2140472602044534120566572696679004D756C74E6
S214047270692D50414E002F686F6D652F72756E6EC6
S21404728065722F776F726B2F747579612D7A6967C3
S2140472906265652D7377697463682D776974682DE4
S2140472A06D65746572696E672F747579612D7A6978
S2140472B0676265652D7377697463682D776974688A
S2140472C02D6D65746572696E672F73696C61627380
S2140472D05F746F6F6C732F73696D706C6963697418
S2140472E0795F73646B2F70726F746F636F6C2F7A31
S2140472F069676265652F737461636B2F636F6E666F
S21404730069672F736C5F7A69676265655F636F6E22
S21404731066696775726174696F6E2E63002F686F95
S2140473206D652F72756E6E65722F776F726B2F7424
S2140473307579612D7A69676265652D7377697463FB
S214047340682D776974682D6D65746572696E672F2C
S214047350747579612D7A69676265652D73776974CA
S21404736063682D776974682D6D65746572696E67D8
S2140473702F73696C6162735F746F6F6C732F7369BC
S2140473806D706C69636974795F73646B2F70726F68
S214047390746F636F6C2F7A69676265652F737461A7
S2140473A0636B2F6672616D65776F726B2F616573A1
S2140473B02D6563622E63002F686F6D652F72756E80
S2140473C06E65722F776F726B2F747579612D7A697B
S2140473D0676265652D7377697463682D7769746869
S2140473E02D6D65746572696E672F747579612D7A73
S2140473F069676265652D7377697463682D77697448
S214047400682D6D65746572696E672F73696C616249
S214047410735F746F6F6C732F73696D706C696369D7
S21404742074795F73646B2F70726F746F636F6C2FF5
S2140474307A69676265652F737461636B2F7365631E
S21404744075726974792F7A69676265652D736563E9
S21404745075726974792D6D616E616765722D6E6FD4
S2140474602D7661756C742E63004572726F723A20C5
S214047470204661696C656420746F207265616420BF
S21404748066726F6D20454550524F4D206174203012
S214047490782534582C207374617475733A202564E7
S2140474A000454550524F4D20496E697469616C69B8
S2140474B07A65643A20256300454550524F4D204274
S2140474C07573793A202563005061727469616C2083
S2140474D0576F72642053746F7261676520436F75CB
S2140474E06E743A20256400416464726573733A20AE
S2140474F030782534582C205061727469616C20579A
S2140475006F72643A203078255800636F6E6669722D
S2140475106D656400617373756D6564000A45455056
S214047520524F4D20496E666F004E6F74206176612F
S214047530696C61626C6520286F6C64657220626F8A
S2140475406F746C6F616465722900506172742044B4
S21404755065736372697074696F6E3A202020202008
S21404756020202020202573004361706162696C69C5
S214047570746965733A2020202020202020202020B3
S21404758020202030782532580050616765204572E7
S2140475906173652074696D65202873293A2020205C
S2140475A02020202564005061727420457261736542
S2140475B02074696D65202873293A20202020202015
S2140475C02564005061727420457261736520746985
S2140475D06D6520286D73293A2020202020202564FC
S2140475E000506167652073697A652028627974653E
S2140475F073293A202020202020202020256C0050AB
S2140476006172742073697A652028627974657329B7
S2140476103A202020202020202020256C00576F723E
S214047620642073697A6520286279746573293A2020
S21404763020202020202020202564202825702900B2
S214047640454550524F4D20696E69743A203078256E
S21404765058002F686F6D652F72756E6E65722F7782
S2140476606F726B2F747579612D7A69676265652D03
S2140476707377697463682D776974682D6D657465AE
S21404768072696E672F747579612D7A6967626565AC
S2140476902D7377697463682D776974682D6D6574C6
S2140476A06572696E672F73696C6162735F746F6F5E
S2140476B06C732F73696D706C69636974795F736436
S2140476C06B2F7574696C2F706C7567696E2F706C90
S2140476D07567696E2D636F6D6D6F6E2F656570725D
S2140476E06F6D2F656570726F6D2E6300556E6162E7
S2140476F06C6520746F20626F6F7420696D616765B6
S21404770020617420736C6F7420256C640A00536CBB
S2140477106F74204D616E61676572206661696C6581
S2140477206420746F20657261736520736C6F740ACD
S214047730004D61782072656164206C696D697420FF
S21404774073657420746F2025642062797465730AE7
S214047750004164647265737320202020202020205A
S2140477602020446174610A00307825346C78202027
S2140477702020202020307825780A004661696C6530
S2140477806420746F20726561642066726F6D206673
S2140477906C6173680A00536C6F7420256C640A204D
S2140477A0204164647265737320202020203A2030C0
S2140477B07825346C580A20204C656E67746820203F
S2140477C0202020203A20307825346C582028256C38
S2140477D064206279746573290A00202054797065E0
S2140477E020202020202020203A20004E6F204742D0
S2140477F04C2070726573656E740A005A6967426538
S214047800650A005468726561640A00436F6E6E65AB
S21404781063740A00426C7565746F6F74680A00427C
S2140478206C7565746F6F7468206170706C696361E1
S21404783074696F6E0A004D43550A004F746865728A
S21404784020283078256C58290A0020205665727343
S214047850696F6E20202020203A203078256C580A44
S2140478600020204361706162696C69746965733ACB
S21404787020307825346C580A00202050726F6475C6
S214047880637420494420203A20003078255820008C
S214047890536C6F74204D616E616765723A20666141
S2140478A0696C656420746F20696E697469616C69BB
S2140478B07A6520626F6F746C6F61646572202865E8
S2140478C072726F72203078253478290A00566572F1
S2140478D073696F6E20202020203A2025640A005009
S2140478E061727420202020202020203A2025730A4C
S2140478F0004361706162696C69746965733A20302B
S2140479007825780A00506172742073697A6520209D
S214047910203A20256420420A005061676520736976
S2140479207A652020203A20256420420A00576F7288
S214047930642073697A652020203A20256420420A50
S21404794000536C6F7473202020202020203A2025BA
S214047950640A004661696C656420746F2072656110
S214047960642066726F6D2073746F7261676520663B
S2140479706C61736820286572726F72202564290A08
S21404798000496E76616C696420736C6F742025649C
S21404799020286D617820736C6F74202564290A0092
S2140479A04661696C656420746F2067657420696E2F
S2140479B0666F20666F7220736C6F742025640A00ED
S2140479C0536C6F74204D616E616765723A20736CF8
S2140479D06F74207772697465206661696C75726568
S2140479E02E2041646472657373206F6666736574D3
S2140479F02028256429202B207772697465206C65FD
S214047A006E6774682028256429206772656174652A
S214047A1072207468616E20746F74616C20736C6F6E
S214047A2074206C656E67746820282564290A0053E0
S214047A306C6F74204D616E61676572207761726E3B
S214047A40696E673A20736C6F74202564206C656ECB
S214047A506774682028256429206E6F7420616C6919
S214047A60676E656420746F20706167652073697A39
S214047A706520282564292E2054686520656E74695F
S214047A80726520736C6F742077696C6C206E6F74EB
S214047A90206265206572617365642E0A00536C6FFC
S214047AA074204D616E616765723A206661696C6523
S214047AB06420746F20657261736520256420627982
S214047AC074657320696E20736C6F7420256420615E
S214047AD0742061646472657373203078253478206A
S214047AE0286572726F722030782578290A004572EC
S214047AF06173656420256420627974657320696EF9
S214047B0020736C6F742025640A004661696C656492
S214047B1020746F2073657420736C6F7420746F20E8
S214047B20626F6F7420286572726F72203078253405
S214047B3078290A004661696C656420746F20736551
S214047B4074206C697374206F6620736C6F74732072
S214047B50746F20626F6F7420286572726F722030A3
S214047B6078253478290A004661696C656420746F48
S214047B7020676574206E6577206C697374206F6661
S214047B8020736C6F747320746F20626F6F74202878
S214047B906572726F72203078253478290A0042653F
S214047BA067696E6E696E6720696D616765207665C4
S214047BB072696669636174696F6E2E2E2E002E6676
S214047BC061696C65642120284572726F7220307872
S214047BD0253478290A002E70617373656421204267
S214047BE06F6F74696E6720736C6F742025640A0067
S214047BF0666E692B00666E69006E616E00666E695D
S214047C002D006C696273006273656E64007265733E
S214047C106574007261770073656E645F6D756C746D
S214047C2069636173740073656E642D7573696E673A
S214047C302D6D756C7469636173742D62696E646905
S214047C406E670074696D6573796E63006765742D7D
S214047C507074692D726164696F2D636F6E666967EF
S214047C6000636F6E6669672D6363612D6D6F64656F
S214047C70006576656E7473007365637572697479EE
S214047C80007A69676265655F7072696E7400706C0D
S214047C907567696E006E6574006B657973006F7046
S214047CA074696F6E00706C7567006368616E6765F3
S214047CB06B6579006368616E67656B007A646F0054
S214047CC07072696E742072656C6174656420636F8B
S214047CD06D6D616E64732E0061747472005A646F05
S214047CE02072656C6174656420636F6D6D616E648B
S214047CF0732E00726F75746500706F776572006D11
S214047D00676D742D6C7169006D676D742D62696E94
S214047D1064006E6F64650073696D706C65006965F8
S214047D206565006E776B00756E62696E64006E77CB
S214047D306B2D757064006F75742D636C2D6C697390
S214047D407400696E2D636C2D6C697374005A646FCD
S214047D5020696E2D636C2D6C6973742072656C617A
S214047D6074656420636F6D6D616E64732E005A646F
S214047D706F206F75742D636C2D6C69737420726537
S214047D806C6174656420636F6D6D616E64732E0040
S214047D905A646F206E776B2D7570642072656C6103
S214047DA074656420636F6D6D616E64732E00736317
S214047DB0616E2D6368616E2D6D61736B0073636114
S214047DC06E006368616E5067006368616E005A6493
S214047DD06F20756E62696E642072656C617465648A
S214047DE020636F6D6D616E64732E00756E696361DA
S214047DF07374006368616E67656B65792072656C81
S214047E006174656420636F6D6D616E64732E006CBF
S214047E10696E6B004F7074696F6E2072656C617466
S214047E20656420636F6D6D616E64732E00726567A2
S214047E306973746572006469736300696E73746150
S214047E406C6C2D636F64650062696E64696E672D81
S214047E507461626C65007072696E742D72782D6D33
S214047E60736773006170737265747279004150535E
S214047E7020726574727920666C616720666F72631F
S214047E806520636F6D6D616E647300456E61626C30
S214047E9065732F44697361626C6573207072696ED2
S214047EA074696E67206F66205278206D65737361FF
S214047EB06765732E00656E61626C650042696E6468
S214047EC0696E67207461626C652072656C617465A6
S214047ED06420636F6D6D616E64732E005365637505
S214047EE072697479206B6579732072656C61746548
S214047EF06420636F6D6D616E64732E0064656C65DB
S214047F007465004E6574776F726B2072656C61746D
S214047F10656420636F6D6D616E64732E00666F72A8
S214047F206D0072656A6F696E2D646966662D646598
S214047F30766963652D747970650065787470616E12
S214047F4069640069736F70656E0062726F61642D98
S214047F50706A6F696E006368616E67652D63686139
S214047F606E6E656C00696E6974006368616E676541
S214047F702D6B6565702D616C6976652D6D6F646516
S214047F800074696D656F75742D6F7074696F6E2DEE
S214047F906D61736B006D756C74692D7068792D73E3
S214047FA074617274006D756C74692D7068792D73C4
S214047FB0746F700066696E64006E6574776F726BBA
S214047FC02066696E6420636F6D6D616E64732E0047
S214047FD06A6F696E61626C6500756E7573656400C0
S214047FE0736C6F742D6D616E6167657200636F7577
S214047FF06E746572730066696E642D616E642D62BC
S214048000696E6400667261676D656E746174696F2B
S2140480106E0067726F7570732D7365727665720085
S2140480206E6574776F726B2D7374656572696E67AF
S214048030006F74612D626F6F746C6F6164006F748F
S214048040612D636C69656E74006F74612D73746F53
S214048050726167652D636F6D6D6F6E006F74612D51
S21404806073746F726167652D656570726F6D0069F4
S214048070646C652D736C65657000757064617465F9
S2140480802D74632D6C696E6B2D6B65790075706449
S2140480906174652D74632D6C696E6B2D6B65792028
S2140480A072656C6174656420636F6D6D616E647374
S2140480B00074696D6572006E6F7700436F6D6D6155
S2140480C06E647320746F20636F6E74726F6C2069B5
S2140480D0646C696E672F736C656570696E67206F74
S2140480E066207468652064657669636500666F72E9
S2140480F063652D6177616B65006177616B652D77CC
S21404810068656E2D6E6F742D6A6F696E6564007295
S21404811065706F7274696E672072656C61746564ED
S21404812020636F6D6D616E64732E00636C6561729F
S2140481302D6C6173742D7265706F72742D74696D15
S2140481406500746573742D74696D696E67006F7469
S214048150612D73746F726167652D656570726F6DDE
S2140481602072656C6174656420636F6D6D616E6406
S214048170732E0077697065006F74612D73746F7267
S2140481806167652D636F6D6D6F6E2072656C6174CB
S214048190656420636F6D6D616E6473007072696EE2
S2140481A074496D616765730072656C6F6164007312
S2140481B0746F726167652D696E666F0064617461C1
S2140481C02D7072696E74006F74612D636C69656ED0
S2140481D0742072656C6174656420636F6D6D616E86
S2140481E064732E0076657269667900626C6F636BE1
S2140481F02D7465737400706167652D72657175659D
S214048200737400757067726164652D726571756547
S21404821073740064697361626C652D646F776E674E
S214048220726164657300656E61626C652D646F7758
S2140482306E677261646573006F74612D626F6F742C
S2140482406C6F61642072656C6174656420636F6D25
S2140482506D616E6473006E6574776F726B2D7374E4
S214048260656572696E672072656C61746564206307
S2140482706F6D6D616E64732E007072652D636F6E24
S214048280666967757265642D6B65792D7365740010
S2140482906D61736B2072656C6174656420636F6DC9
S2140482A06D616E642E007375627472616374006728
S2140482B0726F7570732D7365727665722072656C55
S2140482C06174656420636F6D6D616E64732E006601
S2140482D07261676D656E746174696F6E2072656C29
S2140482E06174656420636F6D6D616E64732E0073D4
S2140482F065742D72782D77696E646F772D73697A3D
S21404830065006172746966696369616C2D626C6F7D
S214048310636B2D64726F700046696E6420616E64D0
S2140483202062696E642072656C6174656420636F94
S2140483306D6D616E64732E00696E69746961746F25
S2140483407200656E61626C655F7479706500737443
S21404835061636B00617070007A636C006C656761C2
S21404836063795F61665F646562756700636F756EE7
S214048370746572732072656C6174656420636F6DD6
S2140483806D616E64732E007072696E742D636F7502
S2140483906E7465722D747970650073696D706C65A2
S2140483A02D7072696E74007072696E742D746872C2
S2140483B06573686F6C6473007365742D7468726596
S2140483C073686F6C640072657365742D7468726587
S2140483D073686F6C64730073656E642D7265717573
S2140483E06573740073656375726974792072656C5D
S2140483F06174656420636F6D6D616E64730073658C
S214048400742D616C6C6F772D74727573742D63653F
S2140484106E7465722D72656A6F696E2D7573696EFA
S214048420672D77656C6C2D6B6E6F776E2D6B65792B
S214048430007365742D616C6C6F772D74727573742C
S2140484402D63656E7465722D72656A6F696E2D751F
S21404845073696E672D77656C6C2D6B6E6F776E2DFA
S2140484606B65792D74696D656F7574007365742D0D
S2140484706B65792D726571756573742D706F6C6993
S2140484806379006D66672D746F6B656E006170733B
S2140484900053656375726974792061707320726520
S2140484A06C6174656420636F6D6D616E64732E0019
S2140484B04765742F736574204D464720746F6B654B
S2140484C06E2E00656E64706F696E742072656C61E2
S2140484D074656420636F6D6D616E64732E006565EC
S2140484E070726F6D207574696C6974792072656C2E
S2140484F06174656420636F6D6D616E647300536CA4
S2140485006F74204D616E616765722072656C61746C
S214048510656420636F6D6D616E647300626F6F7463
S2140485202D736C6F740065726173652D736C6F7454
S214048530006578742D666C6173682D696E666F00CD
S214048540736C6F74732D696E666F005072696E7407
S214048550732074696D652E005072696E74732061A1
S21404856074747269627574652E00436C6561727307
S21404857020746865205A444F206C697374206F66B3
S21404858020636C69656E742028696E2920636C7597
S21404859073746572732E004164647320636C757320
S2140485A07465727320746F20746865206B6E6F77C1
S2140485B06E20636C69656E742028696E2920636C6E
S2140485C0757374657273206F6E20746869732064A3
S2140485D065766963652E00436C6561727320746802
S2140485E065205A444F206C697374206F6620636C50
S2140485F069656E7420286F75742920636C757374AE
S2140486006572732E004164647320636C75737465BD
S214048610727320746F20746865206B6E6F776E209B
S214048620636C69656E7420286F75742920636C7595
S2140486307374657273206F6E207468697320646542
S214048640766963652E0053656E647320616E2075CB
S2140486507064617465206368616E6E656C20726513
S21404866071756573742E006368616E6E656C1F00A9
S21404867053656E647320616E207570646174652042
S2140486806368616E6E656C207061676520726571E3
S2140486902E2054686520737461636B2073656E6462
S2140486A073206E776B20656E68616E6365642075F3
S2140486B070646174652072657120666F72206E6FD7
S2140486C06E2D7A65726F20706167652E006368612F
S2140486D06E6E656C1F706167651F00506572666F0D
S2140486E0726D7320616E20656E65726779207363A0
S2140486F0616E2E007461726765744E6F64654964BA
S2140487001F7363616E4475726174696F6E1F736361
S214048710616E436F756E741F0042726F61646361AD
S21404872073747320746865204944206F66207468E7
S21404873065206E6577206E6574776F726B206D6149
S2140487406E6167657220616E642061637469766524
S214048750206368616E6E656C732E006E776B4D6772
S2140487606549641F6368616E6E656C4D61736B1F4B
S21404877000506572666F726D7320616E20656E655B
S214048780726779207363616E206F6E206769766501
S2140487906E206368616E6E656C206D61736B2E006F
S2140487A07461726765744E6F646549641F736361B0
S2140487B06E4475726174696F6E1F7363616E436F86
S2140487C0756E741F6368616E6E656C4D61736B1FA6
S2140487D00053656E64732061206E6574776F726BE8
S2140487E02061646472657373207265717565737451
S2140487F020666F722074686520676976656E204906
S21404880045454520616464726573732E0069656529
S214048810651F00526571756573747320616E204917
S21404882045454520616464726573732062617365AF
S21404883064206F6E206120676976656E206E6F64B3
S214048840652049442E006E6F646549641F005365B5
S2140488506E647320612073696D706C652064657343
S21404886063726970746F72207265717565737420B3
S214048870666F72207468652073686F727420616412
S214048880647265737320616E6420656E64706F69CC
S2140488906E74207370656369666965642E0064652A
S2140488A073741F746172676574456E64706F696E65
S2140488B0741F0053656E64732061206D6174636871
S2140488C044657363726970746F727352657175650B
S2140488D0737420746F2074686520676976656E20EB
S2140488E064657374696E6174696F6E207769746801
S2140488F02074686520676976656E2070726F666995
S2140489006C652E006E6F646549641F70726F6669CD
S2140489106C651F0053656E64732061206E6F64651A
S2140489202064657363726970746F72207265717502
S21404893065737420746F206120676976656E207491
S2140489406172676574206465766963652E00746178
S214048950726765741F0053656E64732061205A4401
S2140489604F2042696E6420636F6D6D616E6420747F
S2140489706F2061206465766963652073706563693A
S2140489806669656420696E2074686520636F6D6D22
S214048990616E6420617267756D656E74732E004433
S2140489A0657374696E6174696F6E1F536F75726355
S2140489B06520656E64706F696E741F4465737469B0
S2140489C06E6174696F6E20656E64706F696E741F75
S2140489D0636C757374657249441F72656D6F746554
S2140489E045554936341F6465737445554936341FF6
S2140489F00053656E647320616E20616374697665E6
S214048A0020656E64706F696E742072657175657327
S214048A107420746F207468652064657669636520C5
S214048A20776974682074686520676976656E207354
S214048A30686F72742049442E0053656E6473206117
S214048A406E20756E62696E642072657175657374E6
S214048A5020666F72206120756E696361737420628C
S214048A60696E64696E6720746F207468652074612B
S214048A7072676574206465766963652E0074617236
S214048A806765741F736F7572636520657569363420
S214048A901F736F7572636520656E64706F696E749C
S214048AA01F636C757374657249441F6465737469D7
S214048AB06E6174696F6E45554936341F6465737408
S214048AC0696E6174696F6E20656E64706F696E742A
S214048AD01F0053656E647320616E20756E62696E46
S214048AE064207265717565737420666F72206120E8
S214048AF06D756C7469636173742062696E64696E03
S214048B006720746F207468652074617267657420CA
S214048B106465766963652E007461726765741F7395
S214048B206F757263652065756936341F736F757269
S214048B30636520656E64706F696E741F636C75730D
S214048B4074657249441F67726F7570416464726518
S214048B5073731F0053656E64732061205A444F205C
S214048B604D616E6167656D656E74204C65617665F2
S214048B7020636F6D6D616E6420746F207468652069
S214048B80746172676574206465766963652E007423
S214048B9061726765741F72656D6F76654368696C8C
S214048BA06472656E1F72656A6F696E1F0053656E28
S214048BB064732061205A444F204D474D542D42691A
S214048BC06E64202842696E64696E67205461626C24
S214048BD06529205265717565737420746F207468F6
S214048BE06520746172676574206465766963652EB2
S214048BF0007461726765741F7374617274496E647D
S214048C0065781F0053656E64732061205A444F20B4
S214048C104D474D542D4C514920284C514920546100
S214048C20626C6529205265717565737420746F20B3
S214048C307468652074617267657420646576696318
S214048C40652E0053656E64732061205A444F20508D
S214048C506F7765722044657363726970746F7220EF
S214048C605265717565737420746F2074686520741A
S214048C706172676574206465766963652E00536562
S214048C806E64732061205A444F20726F7574652099
S214048C907265717565737420636F6D6D616E6420A3
S214048CA0746F20746865207461726765742E00742E
S214048CB061726765741F696E6465781F00696E6407
S214048CC065781F65756936341F696E7374616C6CDC
S214048CD0436F64651F00696E6465781F6575693641
S214048CE0341F6B65791F005443206C696E6B206BD0
S214048CF06579207265717565737420706F6C69632D
S214048D00791F417070206C696E6B206B65792072D8
S214048D1065717565737420706F6C6963791F0042A2
S214048D206F6F6C3A20616C6C6F7720747275737415
S214048D302063656E7465722072656A6F696E20754D
S214048D4073696E672077656C6C2D6B6E6F776E201B
S214048D506B65791F0070726F66696C6549641F6382
S214048D606C757374657249641F0074617267657408
S214048D7049641F00456E61626C6573207072696E8B
S214048D8074696E67206F66205278206D6573736110
S214048D906765732E00536574732074686520626972
S214048DA06E64696E67207461626C6500696E6465E2
S214048DB0781F636C75737465721F6C6F63616C45A2
S214048DC0701F72656D6F746545701F6575693634FE
S214048DD01F00436C65617273207468652062696E57
S214048DE064696E67207461626C652E005072696EE9
S214048DF07473207468652062696E64696E67207493
S214048E0061626C6520746F2074686520636F6D6D95
S214048E10616E64206C696E652E00436C65617273C6
S214048E2020616C6C207365637572697479206B6558
S214048E3079732E0044656C657465207468652073C8
S214048E407065636966696564206C696E6B206B6522
S214048E507920696E6465782E005072696E7473208A
S214048E60616C6C207365637572697479206B6579BF
S214048E70732E005465726D696E6174657320746830
S214048E8065206D756C74692D50485920696E74653B
S214048E907266616365005573656420746F2073742D
S214048EA0617274206D756C74692D50485920696E12
S214048EB074657266616365206F7468657220746891
S214048EC0616E206E617469766520616E6420666FDB
S214048ED0726D20746865206E6574776F726B2E20D1
S214048EE054686520737461636B20757365732073AF
S214048EF0616D652050616E4964206173206E6174F3
S214048F0069766520726164696F206E6574776F7226
S214048F106B2E00706167651F6368616E6E656C1FFB
S214048F20706F7765721F6F7074696F6E734D6173BF
S214048F306B20284269742030203D20526F7574657A
S214048F40727320616C6C6F7765642C2042697420A0
S214048F5031203D2042726F61646361737420616CDA
S214048F606C6F776564291F00417474656D70747343
S214048F7020746F206368616E67652074686520637B
S214048F8068696C642074696D656F7574206F70749D
S214048F90696F6E206D61736B20746F2066696C74E4
S214048FA06572206F757420756E646573697261628C
S214048FB06C652076616C7565732028652E672E2097
S214048FC06E6F206D6F7265207468616E2033206446
S214048FD0617973292E0074696D656F7574206F70DE
S214048FE074696F6E206D61736B1F005377697463C9
S214048FF0686573206265747765656E206469666665
S2140490006572656E74206B65657020616C69766543
S214049010206D6F64657320737570706F7274656409
S214049020206279206120726F757465722E004B651C
S214049030657020616C697665206D6F64651F0050ED
S21404904072696E7473207468652063757272656ED7
S21404905074204E6F64652049442C204555493634A7
S2140490602C20616E642050616E2049442E00496EA7
S214049070697469616C697A65732061206E657477BA
S2140490806F726B3B20746869732069732061207467
S21404909065737420636F6D6D616E642075736564AB
S2140490A020666F722074632D737761702D6F7574EC
S2140490B02074657374696E672E0053657473207428
S2140490C06865206E6574776F726B20696E64657868
S2140490D0207573656420627920616C6C20667574F3
S2140490E075726520434C4920636F6D6D616E6473C1
S2140490F02E20204265666F726520657865637574F8
S214049100696E67206120434C4920636F6D6D616E04
S214049110642C20746865206672616D65776F726B67
S21404912020737769746368657320746F2074686944
S21404913073206E6574776F726B2E2020416674659B
S214049140722074686520636F6D6D616E6420666955
S2140491506E697368657320657865637574696E6790
S2140491602C20746865206672616D65776F726B205B
S2140491707377697463686573206261636B20746FC8
S214049180207468652070726576696F7573206E65E5
S21404919074776F726B2E202054686520434C4920E8
S2140491A075736573207468652073616D65206E65DC
S2140491B074776F726B20696E64657820756E746957
S2140491C06C207468652064657669636520726573CF
S2140491D0657473206F7220697420697320636861F4
S2140491E06E676564207468726F7567682074686952
S2140491F07320636F6D6D616E642E00417474656DCB
S21404920070747320746F206368616E67652064658C
S21404921076696365206F76657220746F20612064BA
S2140492206966666572656E74206368616E6E656CE9
S21404923020676976656E20696E20746865206368A9
S214049240616E6E656C20617267756D656E742E0056
S214049250546865206368616E6E656C20746F206365
S21404926068616E676520746F1F0066696E64556E6C
S2140492707573656450616E49640066696E644A6F0E
S214049280696E61626C654E6574776F726B005065CB
S214049290726D697473206A6F696E696E67206F6E8B
S2140492A020746865206E6574776F726B20666F72C3
S2140492B0206120676976656E206E756D6265722022
S2140492C06F66207365636F6E647320414E4420623C
S2140492D0726F616463617374732061205A444F2013
S2140492E04D676D74205065726D6974204A6F696E9F
S2140492F0696E67207265717565737420746F20617A
S2140493006C6C20726F75746572732E0041207369DD
S2140493106E676C65206279746520696E6469636142
S21404932074696E6720686F77206C6F6E6720746848
S21404933065206465766963652073686F756C642060
S21404934068617665207065726D6974206A6F696EEF
S214049350696E67207475726E6564206F6E20666F22
S214049360722E20412076616C7565206F66203078F9
S2140493706666207475726E73206F6E207065726DEB
S2140493806974206A6F696E20696E646566696E69C1
S21404939074656C792E1F00436865636B73206E6575
S2140493A074776F726B20706A6F696E207374617461
S2140493B075732E005772697465732074686520652A
S2140493C07874656E6465642070616E204944206616
S2140493D06F7220746865206465766963652E00651F
S2140493E0787470616E69641F0052656A6F696E7383
S2140493F020616E206578697374696E67206E657483
S214049400776F726B20696E20612073656375726571
S214049410206F7220696E736563757265206D616E68
S2140494206E65722077697468206120646966666573
S21404943072656E74206465766963652074797065F8
S2140494402E00426F6F6C65616E206E6574776F7266
S2140494506B206B657920617661696C6162696C6901
S21404946074791F4368616E6E656C206D61736B1F43
S214049470416E20656E756D65726174696F6E2069E4
S2140494806E6469636174696E6720746865206465D8
S21404949076696365207479706520746F2072656AD6
S2140494A06F696E2061732E54686520737461636BF4
S2140494B0206F6E6C79206163636570747320534CFF
S2140494C05F5A49474245455F454E445F44455649C1
S2140494D0434520616E6420534C5F5A4947424545D4
S2140494E05F534C454550595F454E445F4445564985
S2140494F043452E1F0052654A6F696E732061206EC5
S2140495006574776F726B2E00426F6F6C65616E20A8
S2140495106E6574776F726B206B657920617661690E
S2140495206C6162696C6974791F4368616E6E656C00
S214049530206D61736B1F004C656176657320612036
S2140495406E6574776F726B2E005475726E7320702E
S21404955065726D6974206A6F696E696E67206F6ED6
S21404956020666F722074686520616D6F756E742056
S2140495706F662074696D6520696E646963617465DD
S214049580642E00412073696E676C65206279746589
S21404959020696E6469636174696E6720686F7720FA
S2140495A06C6F6E67207468652064657669636520F1
S2140495B073686F756C642068617665207065726D7B
S2140495C06974206A6F696E696E67207475726E209E
S2140495D06F6E20666F722E20412076616C75652052
S2140495E06F662030786666207475726E73207065B8
S2140495F0726D6974206A6F696E20696E6465666947
S2140496006E6974656C792E1F004A6F696E732061EB
S214049610206E6574776F726B206F6E2061206769A9
S21404962076656E206368616E6E656C2C207769744F
S21404963068206120676976656E20545820506F77DD
S214049640657220616E642050414E2049442E0054B9
S2140496506865206368616E6E656C206F6E2077683F
S21404966069636820746F206A6F696E207468652069
S2140496706E6574776F726B1F4F6E652D62797465B5
S214049680207369676E65642076616C756520696E03
S2140496906469636174696E67207468652054582031
S2140496A0506F7765722074686174207468652072E0
S2140496B06164696F2073686F756C642062652073DB
S2140496C0657420746F1F5468652050414E204944C9
S2140496D0206F6E20776869636820746F206A6F69EC
S2140496E06E20746865206E6574776F726B1F004613
S2140496F06F726D732061206E6574776F726B206F66
S2140497006E206120676976656E206368616E6E659B
S2140497106C2C2077697468206120676976656E20F2
S214049720545820506F77657220616E642050414E05
S2140497302049442E00546865206368616E6E656C2B
S214049740206F6E20776869636820746F20666F7276
S2140497506D20746865206E6574776F726B1F4F6E2C
S214049760652D62797465207369676E656420766119
S2140497706C756520696E6469636174696E672074CC
S214049780686520545820506F776572207468617439
S2140497902074686520726164696F2073686F756CE5
S2140497A0642062652073657420746F1F5468652096
S2140497B050414E204944206F6E20776869636820C4
S2140497C0746F20666F726D20746865206E6574779A
S2140497D06F726B1F005468697320696E69746961DF
S2140497E074657320612054434C4B20757064617417
S2140497F0652070726F6365647572652E00537065BC
S214049800636966792074686520616D6F756E74206F
S2140498106F662074696D6520746F207761697420A3
S2140498206166746572206F6E652054434C4B2075D8
S2140498307064617465206F7065726174696F6E2000
S214049840636F6D706C65746573206265666F7265B0
S21404985020626567696E6E696E672061206E657743
S2140498602054434C4B20757064617465206F70659A
S214049870726174696F6E2E0054686520616D6F7531
S2140498806E74206F662074696D65206265747765F2
S214049890656E2073756273657175656E7420747277
S2140498A07573742063656E746572206C696E6B20C4
S2140498B06B6579207570646174657320696E206DBC
S2140498C0696C6C697365636F6E64731F00536574AB
S2140498D0206F7220636C65617220737461792061F5
S2140498E077616B65207768656E206E6F74206A6F8B
S2140498F0696E656400536574206F7220636C6561DD
S2140499007220666F726365206177616B65004469D7
S21404991073706C61792074686520736C656570205B
S21404992073746174757300464F52205445535449FA
S2140499304E4720505552504F534553202D206761B3
S214049940746865722074696D696E67206D657472DB
S21404995069637320666F72207265706F7274696EC5
S21404996067207461626C65206F7065726174696FDC
S2140499706E732E00436C6561727320746865206C88
S214049980617374207265706F72742074696D6520DB
S2140499906F6620617474726962757465732E004113
S2140499A06464732061206E657720656E7472792016
S2140499B0746F20746865207265706F7274207461A9
S2140499C0626C652E00546865206C6F63616C20655C
S2140499D06E64706F696E742066726F6D2077686946
S2140499E0636820746865206174747269627574654E
S2140499F0206973207265706F727465641F5468659D
S214049A0020636C757374657220776865726520745C
S214049A106865206174747269627574652069732060
S214049A206C6F63617465641F546865204944206FD5
S214049A306620746865206174747269627574652042
S214049A406265696E67207265706F727465641F3034
S214049A5020666F7220636C69656E742D7369646525
S214049A602061747472696275746573206F72203134
S214049A7020666F72207365727665722D73696465ED
S214049A8020617474726962757465731F5468652006
S214049A906D696E696D756D207265706F7274696E2E
S214049AA06720696E74657276616C2C206D656173CF
S214049AB07572656420696E207365636F6E64732EB9
S214049AC01F546865206D6178696D756D20726570C8
S214049AD06F7274696E6720696E74657276616C2C39
S214049AE0206D6561737572656420696E20736563A5
S214049AF06F6E64732E1F546865206D696E696D758C
S214049B006D206368616E676520746F2074686520D5
S214049B106174747269627574652074686174207700
S214049B20696C6C20726573756C7420696E20612094
S214049B307265706F7274206265696E672073656EF5
S214049B40742E1F0052656D6F76657320616E2065F6
S214049B506E7472792066726F6D2074686520726503
S214049B60706F7274207461626C652E005468652090
S214049B70696E646578206F66207468652072657007
S214049B806F727420746F2062652072656D6F7665DF
S214049B90641F00436C6561727320616C6C20656E93
S214049BA074726965732066726F6D207468652072BE
S214049BB065706F7274207461626C652E00507269F1
S214049BC06E747320746865207265706F7274207486
S214049BD061626C652E00576970657320616C6C2039
S214049BE06461746120696E207468652073746F7292
S214049BF0616765206465766963652E005072696ED8
S214049C007473206172626974726172792062797405
S214049C106573206F6620746865204F544120696D13
S214049C20616765206F6E206469736B2E00546865E7
S214049C3020696E646578206F662074686520696D97
S214049C4061676520746F207072696E74206974731E
S214049C5020646174611F546865206F66667365745A
S214049C6020696E746F20746865204F544120696DB6
S214049C7061676520746861742077696C6C2062651E
S214049C80207072696E7465641F005072696E747316
S214049C9020696E666F726D6174696F6E2061626FA3
S214049CA07574207468652073746F726167652064C8
S214049CB065766963652E0052656C6F61642074680E
S214049CC0652073746F726167652064657669636581
S214049CD02E0044656C657465732074686520696D30
S214049CE061676520617420746865207370656369B4
S214049CF06669656420696E6465782E00546865201C
S214049D00696E646578206174207768696368207476
S214049D106F20626567696E2064656C6574696E673A
S214049D202074686520696D6167651F005072696EEE
S214049D3074732074686520696D616765732E0045C9
S214049D406E61626C6573204F544120646F776E6752
S214049D5072616465732E0044697361626C65732076
S214049D604F544120646F776E6772616465732E008A
S214049D7053656E647320616E205570677261646506
S214049D80456E645265717565737420746F20616ED8
S214049D90204F5441207365727665722E0043616EBF
S214049DA0206265207573656420746F2064796E6123
S214049DB06D6963616C6C79207475726E206F66666B
S214049DC02073656E64696E672070616765207265CE
S214049DD0717565737473206F6E2074686520636C88
S214049DE069656E7420736964652C206966207468DE
S214049DF0652073657276657220646F65736E27746A
S214049E0020737570706F7274207468697320666549
S214049E1061747572652E00426F6F6C65616E207694
S214049E20616C7565207475726E696E67206F6E203E
S214049E30283129206F72206F666620283029207406
S214049E406865207061676520726571756573742036
S214049E50666C61671F0053656E647320616E2069CB
S214049E606D61676520626C6F636B207265717565E2
S214049E70737420666F7220612066696C652074684E
S214049E8065207365727665722073686F756C6420DE
S214049E906E6F7420686176652E2020546573742076
S214049EA06861726E657373206F6E6C7920287465B2
S214049EB07374206361736520392E352E36202D2069
S214049EC04D697373696E672046696C652900507224
S214049ED0696E747320696E666F726D6174696F6EF5
S214049EE0206F6E207468652063757272656E7420C8
S214049EF07374617465206F6620746865204F5441DE
S214049F0020636C69656E7420646F776E6C6F616431
S214049F102E0053746F707320746865204F5441206C
S214049F207374617465206D616368696E652E005391
S214049F30746172747320746865204F544120636C96
S214049F4069656E74207374617465206D61636869F5
S214049F506E652E20546865207374617465206D6187
S214049F606368696E6520646973636F7665727320CF
S214049F70746865204F5441207365727665722C2090
S214049F807175657269657320666F72206E657720D9
S214049F90696D616765732C20646F776E6C6F61649E
S214049FA0732074686520696D6167657320616E64EB
S214049FB020776169747320666F72207468652073F5
S214049FC0657276657220636F6D6D616E6420746F62
S214049FD020757067726164652E005072696E7473C2
S214049FE020746865206D616E75666163747572654C
S214049FF0722049442C20496D616765205479706548
S21404A0002049442C20616E642056657273696F6E15
S21404A01020696E666F726D6174696F6E2074686114
S21404A02074206172652075736564207768656E2098
S21404A03061207175657279206E65787420696D612A
S21404A04067652069732073656E7420746F20746866
S21404A050652073657276657220627920746865205F
S21404A060636C69656E742E00506572666F726D73EC
S21404A070207369676E6174757265207665726966A9
S21404A08069636174696F6E206F6E207468652069F9
S21404A0906D616765206174207468652073706563FC
S21404A0A0696669656420696E6465782E005468651F
S21404A0B020696E6465782061742077686963682017
S21404A0C0746F20626567696E207665726966696377
S21404A0D06174696F6E206F662074686520696D61AF
S21404A0E067651F00426F6F746C6F616473207468D9
S21404A0F06520696D616765206174207468652073E6
S21404A100706563696669656420696E646578206253
S21404A110792063616C6C696E6720746865204F549F
S21404A1204120626F6F746C6F61642063616C6C6253
S21404A13061636B2E0054686520696E6465782061DF
S21404A1407420776869636820746F20626567696E37
S21404A15020626F6F746C6F6164696E6720746865E3
S21404A16020696D6167651F005072696E747320699B
S21404A1706E666F2061626F75742074686520696E00
S21404A1807374616C6C656420626F6F746C6F616469
S21404A19065722E0053756274726163747320612055
S21404A1A06368616E6E656C2066726F6D2065697497
S21404A1B068657220746865207072696D61727920B2
S21404A1C06F72207365636F6E646172792063686171
S21404A1D06E6E656C206D61736B206F6620746865A7
S21404A1E0206E6574776F726B2D7374656572696E15
S21404A1F06720636F6D706F6E656E742E00546865AD
S21404A200206368616E6E656C206D61736B20746F7D
S21404A2102073756274726163742074686520636861
S21404A220616E6E656C2066726F6D1F546865206380
S21404A23068616E6E656C20746F20737562747261EB
S21404A240637420746865206D61736B2066726F6D2D
S21404A2501F00416464732061206368616E6E656CE0
S21404A26020746F2065697468657220746865207050
S21404A27072696D617279206F72207365636F6E64A4
S21404A280617279206368616E6E656C206D61736BB4
S21404A290206F6620746865206E6574776F726B2D08
S21404A2A07374656572696E6720636F6D706F6E6533
S21404A2B06E742E00546865206368616E6E656C204B
S21404A2C06D61736B20746F20616464206120636821
S21404A2D0616E6E656C20746F1F54686520636861D8
S21404A2E06E6E656C20746F2061646420746F2074D5
S21404A2F06865206D61736B1F005365747320656910
S21404A3007468657220746865207072696D6172790C
S21404A310206F72207365636F6E6461727920636860
S21404A320616E6E656C206D61736B2E0054686520DB
S21404A3306368616E6E656C206D61736B20746F204C
S21404A34073756274726163742074686520636861EF
S21404A3506E6E656C2066726F6D1F5468652076613C
S21404A3606C756520746F207365742074686520634B
S21404A37068616E6E656C206D61736B20746F2E1F42
S21404A380005365747320746865207072652D636F5E
S21404A3906E66696775726564206B657920736F20D5
S21404A3A07468617420746865206A6F696E696E6784
S21404A3B0206465766963652063616E20656E7465E6
S21404A3C07220746865206E6574776F726B2E005306
S21404A3D06574732074686520707265636F6E666951
S21404A3E06775726564206B65791F0053746F7073AC
S21404A3F020746865206E6574776F726B207374655D
S21404A4006572696E672070726F636573732E00538E
S21404A410746172747320746865206E6574776F72E5
S21404A4206B207374656572696E672070726F6365FE
S21404A43073732E0041206D61736B206F66206F70FE
S21404A44074696F6E7320666F7220696E64696361E7
S21404A45074696E67207370656369666963206265F4
S21404A460686176696F722077697468696E207468AB
S21404A47065206E6574776F726B2D7374656572698B
S21404A4806E672070726F636573732E1F0044697362
S21404A490706C617973207468652063757272656E7A
S21404A4A07420737461747573206F662074686520F5
S21404A4B06E6574776F726B207374656572696E6708
S21404A4C02070726F636573732E00436C65617273DC
S21404A4D0207468652067726F757073207461626C8F
S21404A4E065206F6E20657665727920656E64706F80
S21404A4F0696E74005072696E747320696E666F724A
S21404A5006D6174696F6E2061626F7574207468651E
S21404A51020636F6E74656E7473206F66207468654E
S21404A5202067726F757073207461626C652E0041CB
S21404A53072746966696369616C6C792064726F70A1
S21404A540732074686520626C6F636B206E756D6231
S21404A550657220646566696E656420627920746835
S21404A560652070617373656420617267756D656ECE
S21404A57074206F6E6C79206F6E63652C20616E6438
S21404A580207468656E20616C6C6F77732069742024
S21404A59075706F6E20612072657472792E0054682F
S21404A5A06520626C6F636B206E756D6265722074D5
S21404A5B06F206172746966696369616C6C79206482
S21404A5C0726F7020746F20666F72636520612072EC
S21404A5D065747279202D2073657420746F2030782A
S21404A5E0464620746F2064697361626C651F00536D
S21404A5F06574732074686520726563656976652082
S21404A60077696E646F772073697A652E20204279A5
S21404A61020646566696E6974696F6E20696E20745D
S21404A620686520536D61727420456E657267792083
S21404A63070726F66696C65206974206D757374201A
S21404A64062652073657420746F20312062757420EF
S21404A6507468697320616C6C6F77732069742074F6
S21404A6606F206265206368616E6765642E005468B7
S21404A67065206D6178206E756D626572206F662048
S21404A68074686520626C6F636B73207265636569BA
S21404A690766564206265666F726520616E2041503F
S21404A6A0532061636B2069732067656E65726174FD
S21404A6B065641F004D616B65732074686973206E52
S21404A6C06F6465207374617274206964656E74695E
S21404A6D06679696E672061732061207461726765AC
S21404A6E07420666F722062696E64696E672077698B
S21404A6F0746820616E20696E69746961746F722073
S21404A7006E6F64652E0054686520656E64706F69AC
S21404A7106E74206F6E20776869636820746F206299
S21404A7206567696E207468652046696E64696E673D
S21404A73020616E642042696E64696E67207461727B
S21404A7406765742070726F636573731F004D616B69
S21404A75065732074686973206E6F64652073746112
S21404A76072742074686520696E69746961746F72A6
S21404A7702070617274206F66207468652066696E46
S21404A78064696E6720616E642062696E64696E67D0
S21404A7902070726F636573732E0054686520656E4F
S21404A7A064706F696E74206F6E20776869636820C2
S21404A7B0746F20626567696E207468652046696EEA
S21404A7C064696E6720616E642042696E64696E67B0
S21404A7D020696E69746961746F722070726F636544
S21404A7E073731F00456E61626C652F6469736162E2
S21404A7F06C6520646562756720606C656761637963
S21404A80020617070206672616D65776F726B20646C
S21404A8106562756760207072696E742074797065FD
S21404A8202E00456E61626C652F64697361626C65A7
S21404A8301F00456E61626C652F64697361626C65A6
S21404A84020646562756720607A636C602070726944
S21404A8506E7420747970652E00456E61626C652F87
S21404A86064697361626C6520646562756720606103
S21404A870707060207072696E7420747970652E0032
S21404A880456E61626C652F64697361626C652064F1
S21404A890656275672060636F726560207072696EAA
S21404A8A07420747970652E00456E61626C652F6441
S21404A8B0697361626C652064656275672060737491
S21404A8C061636B60207072696E7420747970652E93
S21404A8D00053656E647320612072657175657374C8
S21404A8E020666F72204F544120636F756E746572D4
S21404A8F0732E0052657365747320616C6C207468E3
S21404A900726573686F6C64732076616C756573200A
S21404A910746F203078464646462E0053657473207E
S21404A92061207468726573686F6C642076616C75F8
S21404A9306520666F72206120706172746963756C3D
S21404A94061722074797065206F6620636F756E740B
S21404A95065722E0054797065206F6620636F756E7D
S21404A9607465721F5468726573686F6C64205661F0
S21404A9706C75651F005072696E7473207468652068
S21404A9807468726573686F6C6473206F6620616C9C
S21404A9906C2074686520636F756E746572732E0020
S21404A9A0436C6561727320616C6C20636F756E74A2
S21404A9B065722076616C7565732E005072696E74CC
S21404A9C07320616C6C20636F756E7465722076619B
S21404A9D06C7565732E005072696E747320746865A6
S21404A9E02076616C7565206F6620746869732070C4
S21404A9F06172746963756C617220636F756E7465D9
S21404AA00722E0054686520636F756E7465722074C8
S21404AA1079706520746F207072696E741F005072AE
S21404AA20696E747320616C6C20636F756E746572E6
S21404AA302076616C75657320616E6420636C656155
S21404AA407273207468656D2E00536574204D4647F6
S21404AA5020746F6B656E2C2043414E4E4F5420423B
S21404AA604520554E53455420425920434C492E0008
S21404AA705072696E74204D464720746F6B656E2E57
S21404AA80005072696E742061637469766520657619
S21404AA90656E74732E0044697361626C6520746815
S21404AAA06520656E64706F696E7420666F72205AD6
S21404AAB0434C206D657373616765732E00456E6441
S21404AAC0706F696E7420696E6465781F00456E61E8
S21404AAD0626C65732074686520656E64706F696E59
S21404AAE07420666F72205A434C206D6573736167D9
S21404AAF065732E005072696E742073746174757376
S21404AB00206F6620656E64706F696E74732E0053D2
S21404AB10686F7773207468652076657273696F6EE4
S21404AB20206F662074686520736F6674776172653B
S21404AB302E005365742074686520636F6E666967BB
S21404AB4075726564203830322E31352E34204343F6
S21404AB5041206D6F646520696E207468652072619B
S21404AB6064696F2E2053656520646F63756D656E2A
S21404AB70746174696F6E20726567617264696E676A
S21404AB80205241494C5F49454545383032313534C9
S21404AB905F4363614D6F64655F742E0041205241CC
S21404ABA0494C5F494545453830323135345F436357
S21404ABB0614D6F64655F742076616C75651F005225
S21404ABC0657475726E732050544920726164696F9F
S21404ABD020636F6E66696720696E666F726D617456
S21404ABE0696F6E20746F2064657465726D696E6536
S21404ABF02074686520504859207479706520626511
S21404AC00696E672075736564206279205241494CE9
S21404AC102E2072657475726E2076616C7565206977
S21404AC207320656E756D205241494C5F4945454514
S21404AC303830323135345F507469526164696F4319
S21404AC406F6E6669675F7420652E672020524149DF
S21404AC504C5F494545453830323135345F505449A8
S21404AC605F524144494F5F434F4E4649475F325017
S21404AC703447485A203D20307830305520524149D8
S21404AC804C5F494545453830323135345F50544978
S21404AC905F524144494F5F434F4E4649475F3250E7
S21404ACA03447485A5F414E54444956203D20307834
S21404ACB0303155205241494C5F494545453830327C
S21404ACC03135345F5054495F524144494F5F434FD6
S21404ACD04E4649475F32503447485A5F434F4558BB
S21404ACE0203D203078303255205241494C5F49454A
S21404ACF045453830323135345F5054495F5241440B
S21404AD00494F5F434F4E4649475F32503447485A8F
S21404AD105F414E544449565F434F4558203D2030CA
S21404AD20783033550053656E647320612072656114
S21404AD3064206174747220666F722074686520746F
S21404AD40696D65206F66207468652064657669633E
S21404AD5065207370656369666965642E204974208E
S21404AD6073657473206120666C616720736F207747
S21404AD7068656E206974206765747320746865203E
S21404AD80726573706F6E7365206974207772697468
S21404AD906573207468652074696D6520746F206916
S21404ADA07473206F776E2074696D65206174747295
S21404ADB02E0049641F737263456E64706F696E7407
S21404ADC01F64657374456E64706F696E741F0057F4
S21404ADD068656E2073656E64696E67207573696E48
S21404ADE06720612062696E64696E672C20737065E3
S21404ADF0636966696573207768657468657220613F
S21404AE00206D756C7469636173742062696E64691D
S21404AE106E672073686F756C642062652075736551
S21404AE20642E007573654D756C7469636173744242
S21404AE30696E64696E671F0053656E6473206120D3
S21404AE407072652D6275666665726564206D756CD4
S21404AE50746963617374206D6573736167652074C8
S21404AE606F206120676976656E2067726F75702043
S21404AE7049442066726F6D206120676976656E208E
S21404AE80656E64706F696E742E0067726F757049B4
S21404AE90641F7372632D656E64706F696E741F0031
S21404AEA0437265617465732061206D6573736167B1
S21404AEB0652062792073706563696679696E6720B8
S21404AEC0746865207261772062797465732E2055E4
S21404AED07365207468652073656E6420636F6D6D9A
S21404AEE0616E6420746F2073656E642074686520D8
S21404AEF06D657373616765206F6E63652069742082
S21404AF00686173206265656E20637265617465644A
S21404AF102E2045783A2072617720307830303046DB
S21404AF20207B303020304120303020313120323206
S21404AF302033332034342035357D2073656E6473B6
S21404AF402061206D65737361676520746F20636C80
S21404AF507573746572203135202830783030304669
S21404AF6029206F66206C656E6774682038207768C1
S21404AF7069636820696E636C7564657320746865BC
S21404AF80205A434C206865616465722E00436C75D4
S21404AF907374657249641F446174611F005265735B
S21404AFA065747320746865206E6F64652E0057722E
S21404AFB0697465732061206D6573736167652E001F
S21404AFC0456E64706F696E741F436C757374657236
S21404AFD02049441F4174747269627574652049443B
S21404AFE01F4D61736B1F4461746120747970651F13
S21404AFF04461746120627974651F005265616473EC
S21404B0002061206D6573736167652E00456E6470FC
S21404B0106F696E741F436C75737465722049441FA0
S21404B0204174747269627574652049441F312069DD
S21404B03066207365727665722064697265637469E6
S21404B0406F6E2C203020696620636C69656E7420F0
S21404B050646972656374696F6E1F0053656E64730A
S21404B0602061206D6573736167652E004465737493
S21404B070696E6174696F6E1F536F757263652065C0
S21404B0806E64706F696E741F44657374696E617460
S21404B090696F6E20656E64706F696E741F00536FFF
S21404B0A07572636520656E64706F696E741F004CFC
S21404B0B069737473207768696368206F7074696F46
S21404B0C06E616C206C6962726172696573206F666A
S21404B0D02074686520737461636B206172652069EF
S21404B0E06D706C656D656E746564206F6E20746833
S21404B0F06973206465766963652E005072696E74A0
S21404B1007320696E666F726D6174696F6E2061621A
S21404B1106F757420746865206E6574776F726B2023
S21404B12073746174652C20636C7573746572732C08
S21404B13020616E6420656E64706F696E74732E0091
S21404B1406F66667365741F005072696E7473206947
S21404B1506E666F726D6174696F6E20666F722061C1
S21404B1606C6C20617661696C61626C6520736C6FCF
S21404B17074732E0052656164732072617720646173
S21404B18074612066726F6D20666C617368207374D8
S21404B1906F726167652E0041646472657373207410
S21404B1A06F20726561641F4E756D626572206F66EE
S21404B1B020627974657320746F20726561641F0061
S21404B1C05072696E747320666C6173682073746F52
S21404B1D07261676520696E666F726D6174696F6E01
S21404B1E02E004572617365732074686520737065FC
S21404B1F063696669656420736C6F742049442E0025
S21404B20053746F7261676520736C6F74206E756D0E
S21404B2106265721F00426F6F7473207468652069DC
S21404B2206D61676520696E20746865207370656358
S21404B230696669656420736C6F742049442E004304
S21404B2404C4920696E7374616E6365206578616D20
S21404B250706C650064756D6D795F696E7374005A01
S21404B260434C20636F6D6D616E6473006261736935
S21404B2706300676C6F62616C006D66672D636F6454
S21404B28065007573652D6E6578742D7365717565C7
S21404B2906E636500782D64656661756C742D7265E1
S21404B2A0737000746573742D726573706F6E736556
S21404B2B02D6F6E00746573742D726573706F6E7384
S21404B2C0652D6F6666005A434C206261736963207D
S21404B2D0636C757374657220636F6D6D616E6473F1
S21404B2E0007274666400436F6D6D616E64207468EA
S21404B2F061742072657365747320616C6C2061746C
S21404B300747269627574652076616C7565732074F1
S21404B3106F20666163746F72792064656661756C0C
S21404B320742E005241494C006C6F7765722D6D6126
S21404B330632D7261696C2D3830322E31352E342EE1
S21404B34063006C69627261696C2E6100756E636C71
S21404B35061696D6564006275666665722D6D616E01
S21404B3606167656D656E742E63006576656E742D13
S21404B37071756575652E63007A69676265652D75F6
S21404B380707065722D6D61632E63006E6569676803
S21404B390626F722E63006173736F63696174696FA1
S21404B3A06E2E63003138323173003134323231005C
S21404B3B031323100327300313232313132003132BF
S21404B3C032313100323831003831310031383231DF
S21404B3D0310031323131313231323232317300316F
S21404B3E032320031323131323231003131313100D2
S21404B3F032323800726F7574652D7461626C652E16
S21404B40063006D61632D6D756C74692D6E6574775C
S21404B4106F726B2E63006C65676163792D70616370
S21404B4206B65742D6275666665722E630058AA0095
S21404B4300D580300F757030000000000D54E000027
S21404B440FF57030063580300000000009F580300E2
S21404B450275A0300175903001D5903008D5803008B
S21404B46019590300C9580300000002000000000038
S21404B47000000000BA040000000002000000000003
S21404B48000000000BA0400000001020305000000EA
S21404B4900000000000C201000005000000100000CB
S21404B4A00000000000000000010000020303010089
S21404B4B006000000000003000000000013B779FA3D
S21404B4C0C925DDB7ADF3CFE0F1B614B8010200002C
S21404B4D000000000FFFFFFFF010000000100000065
S21404B4E00000000000000000000000000000000053
S21404B4F00000000000000000000000000000000043
S21404B500000000000000000000000000033F1F00D1
S21404B5102570030021700300FF6F0300CD6F030046
S21404B5205D7003002F700300CF6F03002C00000033
S21404B530020202030000000001020000000801B439
S21404B540E4B504000008015AA0B504000008004051
S21404B5505CB5040000000000000000000000FCFED3
S21404B560FFFF000000000000FFFF000000000000D6
S21404B570FFFF000000000000FFFF000000000000C6
S21404B58040001806F4D200002C00B0023DBE0000B5
S21404B5901700F2000C7C00000C0041009E420000E4
S21404B5A06400FCFEFFFF000000000000FFFF000038
S21404B5B0000000005A00F306A554FEFF2100A30174
S21404B5C0A1FEFFFF1100A600832700000A00610009
S21404B5D0DC26000006003B00F820000003001500EF
S21404B5E0AD130000C800FCFEB4008B087BC0FBFF54
S21404B5F04D00E402E756FFFF2C00A20183EBFFFF99
S21404B6001A000301B31A00001100A3005529000014
S21404B6100A005E005A28000006003A0021220000B4
S21404B6200400180073160000B36A0400581E0400D1
S21404B630581E0400581E0400581E0400581E040019
S21404B640581E0400581E0400581E0400581E040009
S21404B650581E0400581E0400581E0400581E0400F9
S21404B660581E0400581E0400581E0400581E0400E9
S21404B670581E0400581E0400581E0400581E0400D9
S21404B680581E0400581E0400581E0400581E0400C9
S21404B690581E0400581E0400661E0400581E0400AB
S21404B6A07B1E0400581E0400581E0400A01E04003E
S21404B6B0581E0400581E0400581E0400581E040099
S21404B6C0C81E0400581E0400581E0400581E040019
S21404B6D0581E0400E01E0400581E0400FE1E04004B
S21404B6E00B0000000B0000000200000000002020F9
S21404B6F000000000030000008C8C3C0000000000EA
S21404B70000000000000000000000005812000000C6
S21404B71000000000FFFFFFFFFFFFFFFFFFFFFFFF2C
S21404B720554E4B00474F200042544C00474F3200C2
S21404B730474F3300474F3400474F3500474F3600D6
S21404B740474F3700474F3800474F3900474F4100AF
S21404B750474F4200474F4300474F4400474F45007A
S21404B760474F46004A4D500042445200555052003E
S21404B77042544D004D534D0046544C00554E4B001C
S21404B780474F200042544C004241440046544C006B
S21404B790465243004F54410044534C00424150002B
S21404B7A055504700544D450046415500545A4600EE
S21404B7B0554E4B0050494E00454D3400554E4B00F7
S21404B7C048562000554E4B00455850004C574D00E7
S21404B7D0554E4B005242540044534C00454D3400E1
S21404B7E0554E4B0041535400554E4B005646590097
S21404B7F0494E4800554E4B004C434B0058544C00A1
S21404B8004F424600554E4B00485244004D454D00AD
S21404B810425553005553470044424700444D4100A7
S21404B82056435400554E4B005550200052502000AD
S21404B8304150300041503100415020004450200017
S21404B8404445430020B7040024B704007CB7040032
S21404B850B0B70400BCB70400C4B70400D0B70400F3
S21404B860E0B70400E8B70400F4B7040004B8040022
S21404B87024B80400554E4B004649420042544C003E
S21404B8804558540050575200574447002053570019
S21404B890435253004653480042414400464C540029
S21404B8A042524F0001040103030601050105010984
S21404B8B00600060B0000070B050B00000000000046
S21404B8C0000000000400E40C0A000104100100005B
S21404B8D0000500020000030060BB04005CBB04001B
S21404B8E048BB040044BB040040BB04003CBB04004B
S21404B8F02ABB04001ABB040000BB0400F8BA040008
S21404B900EEBA0400ECBA0400D4BA0400D1BA0400B7
S21404B910C9BA0400B8BA0400A8BA040096BA040067
S21404B9207CBA040074BA040068BA040064BA04005A
S21404B93060BA040052BA040047BA04002EBA0400DF
S21404B94015BA0400B9B90400B8B90400A8B90400CB
S21404B95080B9040075B9040074B9040060B9040021
S21404B96000000000000000000000000000000000CE
S21404B970000000000F0000000000000000000000AF
S21404B98000000000000000000000000000000000AE
S21404B990000000000000000000000000000000009E
S21404B9A0000000000000000001000000000000008D
S21404B9B000000000000000000F000000000000006F
S21404B9C0000000000000000000000000000000006E
S21404B9D0000000000000000000000000000000005E
S21404B9E0000000000000000000000000000000004E
S21404B9F0000000000000000000000000000000003E
S21404BA00000000000000000000000000000000002D
S21404BA10000000000000000000000000000000001D
S21404BA20000000000000000000000000000000000D
S21404BA3000000000000000000000000000000000FD
S21404BA4000000000000000000000000000000000ED
S21404BA5000000000000000000000000000000000DD
S21404BA600000000000000000FFFFFFFFFFFFFFFFD5
S21404BA70FFFF0000000000000000000000000000BF
S21404BA8000000000000000000000000000000000AD
S21404BA90000000000000000000000000000000009D
S21404BAA0000000000000000000000000000000008D
S21404BAB0000000000000000000000000000000007D
S21404BAC0000000000000000000FFFFFFFFFFFFFF74
S21404BAD0FF9C0000FF0000000000000000000000C3
S21404BAE00000000000000000800000000000FFFFCF
S21404BAF0FFFFFFFFFFFFFFFF00000000FFFF000047
S21404BB00000000000000000000000000000000002C
S21404BB1000000000000000000000FFFFFF0000001F
S21404BB20000000000000000000000000000000000C
S21404BB3000000000000000000000000000000000FC
S21404BB4000000000000000000000000000000000EC
S21404BB5000000000000000000000000000000000DC
S21404BB60FC030101010101010101010101010101BF
S21404BB70010000000000000100200600000006018D
S21404BB800100002002041104040211101A080A021B
S21404BB901801081110111A080A04020D0B19195C71
S21404BBA00110280B01140000000000000000000033
S21404BBB00000000000010101010101000101010172
S21404BBC00101010000010101000100010100000063
S21404BBD0000000000000000000000000000100005B
S21404BBE000000000000000000000000001FF01004B
S21404BBF023E1010075E4010063E2010063E501004E
S21404BC0062E1010079EB010064EE010024E1010029
S21404BC1025E1010026E1010027E1010028E10100F9
S21404BC2029E101002AE10100000001008000010072
S21404BC3000010100800101000002010080020100F1
S21404BC4020E2010000030100000501008005010058
S21404BC50000601002C89010080060100000701008F
S21404BC6001E5010002E5010000080100800801006A
S21404BC700040010086321010FFFFFFFFFFFFFFFFAA
S21404BC80D9270400DF270400E5270400EB27040077
S21404BC90F12704005A6967426565416C6C69616EF8
S21404BCA0636530394E574B205374656572696E6709
S21404BCB0000095969595950507090D00000000006F
S21404BCC000010203040600008D3E0400285204000E
S21404BCD042520400595204006C5204007C52040080
S21404BCE090520400A2520400B2520400CE52040041
S21404BCF0E35204000208010D0D01010112010000C7
S21404BD00FFFFFFFFFFFFFFFF000000000000000032
S21404BD100109050100020000000000031EF1EE0BFD
S21404BD2030BD0400725F0400B36A0400FE00000025
S21404BD308E5F040090BE040000000000985F0400BC
S21404BD4080BE040000000000A55F040070BE04006E
S21404BD5000000000B25F040060BE040000000000A3
S21404BD60D05F04004CBE040000000000C85F04005E
S21404BD7038BE040000000000CF5F040024BE0400A8
S21404BD8000000000DD5F040014BE04000000000094
S21404BD904F5E040000BE040000000000D65F0400EE
S21404BDA0F0BD040000000000E25F0400DCBD0400F7
S21404BDB0000000000A260400CCBD040000000000B9
S21404BDC00000000000000000000000003D890300A1
S21404BDD0F35F040030600400010100FF69FD000009
S21404BDE0596004009E600400010100010107FF0081
S21404BDF025FD0000EB60040056610400010100FF0D
S21404BE0065FC0000776104009061040000010100F5
S21404BE10FF0000004F890300B56104000D620400B2
S21404BE200101FF0037890300246204007B620400DA
S21404BE3001010207FF0000003189030024620400A8
S21404BE407B62040001010207FF0000002B89030047
S21404BE50246204007B62040001010207FF00000064
S21404BE6019FC00009C620400DB620400010101FF6F
S21404BE70B9FB0000FA6204003F630400010000FFFF
S21404BE8075FB0000FA6204003F630400010000FF33
S21404BE90FDFB0000666304006C61040000FF000004
S21404BEA025890300BB630400668F0400FF000000BE
S21404BEB01F8903002E640400668F0400FF00000040
S21404BEC055FB00009D6404001265040000FF00009A
S21404BED02DFB00002A6504008C65040000FF0000AA
S21404BEE0118903009D650400E365040002FF000059
S21404BEF0F5FA0000EC6504006066040001FF00002B
S21404BF00D9660400BC660400CB660400D766040049
S21404BF10E8660400FE660400146704001E67040056
S21404BF2028670400000000002C6A040011000000CA
S21404BF30386A040012000000406A0400130000007F
S21404BF40486A040021000000506A04002200000031
S21404BF50576A0400230000005E6A0400AA0000007A
S21404BF60656A0400FF00000000000000FFFFFFFFFA
S21404BF70FFFFFFFF000000000000000000000108B3
S21404BF800109020A030B040C050D060E070F081020
S21404BF9001180119021A031B041C051D061E071F9F
S21404BFA00820012102220323042405250626072748
S21404BFB008280129022A032B042C052D062E072FF8
S21404BFC008300131023203380239043A08E004E149
S21404BFD004E204E802E902EA04F008F110000000B2
S21404BFE0000000000205000048C0040002000F0024
S21404BFF070C0040002000F0098C0040002000F0086
S21404C000C0C0040002000F00E8C0040002000F00D5
S21404C01010C1040002000F0038C1040002000F0023
S21404C02060C1040002000F0088C1040002000F0073
S21404C030B0C1040002000F00D8C1040002000F00C3
S21404C04000C2040002000F000000000028C2040022
S21404C050030000004000000000000000190000007B
S21404C0604CC2040004000F00800000000000000022
S21404C0700000000028C20400030000004000000086
S21404C08000000000190000004CC2040004000F0069
S21404C09080000000000000000000000028C2040029
S21404C0A0030000004000000000000000190000002B
S21404C0B04CC2040004000F008000000000000000D2
S21404C0C00000000028C20400030000004000000036
S21404C0D000000000190000004CC2040004000F0019
S21404C0E080000000000000000000000028C20400D9
S21404C0F003000000400000000000000019000000DB
S21404C1004CC2040004000F00800000000000000081
S21404C1100000000028C204000300000040000000E5
S21404C12000000000190000004CC2040004000F00C8
S21404C13080000000000000000000000028C2040088
S21404C140030000004000000000000000190000008A
S21404C1504CC2040004000F00800000000000000031
S21404C1600000000028C20400030000004000000095
S21404C17000000000190000004CC2040004000F0078
S21404C18080000000000000000000000028C2040038
S21404C190030000004000000000000000190000003A
S21404C1A04CC2040004000F008000000000000000E1
S21404C1B00000000028C20400030000004000000045
S21404C1C000000000190000004CC2040004000F0028
S21404C1D080000000000000000000000028C20400E8
S21404C1E003000000400000000000000019000000EA
S21404C1F04CC2040004000F00800000000000000091
S21404C2000000000028C204000300000040000000F4
S21404C21000000000190000004CC2040004000F00D7
S21404C2208000000000000000000020012000000044
S21404C230080000000400422130000000C0C20400D0
S21404C24000FF420030000000000000000000F0087C
S21404C25040000000E1C20400010023044000000086
S21404C260E9C204000600300140000000000000009F
S21404C270FDFF210240000000010000001900000438
S21404C280190001011900020419000301190005042C
S21404C29019000601190007040400410029180100CA
S21404C2A006004100BD910300190081001935010004
S21404C2B019008400A53F0100008000000000000073
S21404C2C006435553544F4D00000000000000000084
S21404C2D00000000000000000000000000000000055
S21404C2E000FFFFFFFFFFFFFFFFFFFFFFFF0004014C
S21404C2F0040104010401040104010401040104010D
S21404C300040104010401FFFFFFFFFFFFFFFFFFFF1F
S21404C310FFFFFFFFFFFFFFFFFFFFFFFFFFFF000121
S21404C32002030405060708090A0B1F1C1F1E1F1E0E
S21404C3301F1F1E1F1E1F07021F012F0037013F006D
S21404C3405701DF02E700FF020000000000000000C3
S21404C35000000000000000000000000000000000D4
S21404C360000000000000000000000000CB70040085
S21404C37019000000D1700400FFFF00000000000058
S21404C3809C710400A7710400B36A0400AF71040032
S21404C390BD710400B36A0400D0710400DB710400AC
S21404C3A0E9710400ED710400FD710400953F04007A
S21404C3B00D720400117204001C720400267204003C
S21404C3C03072040034720400427204005672040090
S21404C3D06C720400008000000000000000000000F2
S21404C3E000000000FFFFFFFFFF0000000000000049
S21404C3F08DC4010000000000000000000000F03FB3
S21404C4000000000000002440000000000000594026
S21404C4100000000000408F40000000000088C34079
S21404C42000000000006AF8400000000080842E41EE
S21404C43000000000D01263410000000084D797413A
S21404C4400000000065CDCD410E43040038DA040038
S21404C45000000000027C040028DA0400000000004B
S21404C460077C040018DA040000000000087C0400BE
S21404C47008DA040000000000DD5F0400F4D90400BC
S21404C48000000000D05F0400E0D9040000000000B3
S21404C4900D7C0400D0D9040000000000137C0400C6
S21404C4A0C0D9040000000000177C0400B0D90400C2
S21404C4B000000000267C0400A0D904000000000050
S21404C4C0437C040090D90400000000004C7C040067
S21404C4D080D9040000000000617C040070D90400C8
S21404C4E000000000D050040060D9040000000000E2
S21404C4F0717C040020D90400000000006880040059
S21404C500ACD0040000000000B46F04006CD004003B
S21404C51000000000787C0400ACCF0400000000009B
S21404C520817C0400B0CE0400000000008E7C040071
S21404C530A4CA0400000000003A7204007CC9040087
S21404C54000000000957C04007CC904000100000083
S21404C550997C04003CC90400000000009E7C040092
S21404C56000C80400000000004A1F040000C80400BD
S21404C570010000008E7C0400A4CA04000000000031
S21404C580A57C0400A4CA040001000000AA7C0400E0
S21404C590CCC7040000000000B47C0400CCC7040030
S21404C5A001000000BC7C0400FCC504000000000080
S21404C5B00F270400C8C504000000000000000000A7
S21404C5C00000000000000000D8C50400C07C040081
S21404C5D0B36A0400FE000000D87C040054D10400B2
S21404C5E0000000003D81040044D104000000000067
S21404C5F00000000000000000000000000CC604005C
S21404C600DD7C0400B36A0400FE000000F37C040032
S21404C610D4D2040000000000F97C0400C4D2040054
S21404C62000000000FF7C0400B4D2040000000000F8
S21404C630087D0400A4D20400000000005024040076
S21404C64094D20400000000005A2204005CD20400C5
S21404C65000000000612B040048D204000000000023
S21404C660127D040038D20400000000004E270400A7
S21404C67028D2040000000000177D040018D204002D
S21404C680000000001E7D040008D204000000000024
S21404C690237D0400F8D1040000000000277D040078
S21404C6A098C70400000000002E7D040040C7040064
S21404C6B000000000367D04000CC7040000000000E3
S21404C6C0427D0400D8C604000000000000000000FC
S21404C6D00000000000000000E8C604004D7D0400D1
S21404C6E0B36A0400FE000000093A040074D1040092
S21404C6F0000000000E67040064D10400000000007F
S21404C7000000000000000000000000001CC7040039
S21404C7106E7D0400B36A0400FE000000093A0400BB
S21404C72094D10400000000000E67040084D10400C5
S21404C73000000000000000000000000000000000F0
S21404C74050C70400907D0400B36A0400FE00000095
S21404C750AE7D0400E4D10400000000008C820400D6
S21404C760D4D1040000000000BD7D0400C4D1040040
S21404C77000000000C27D0400B4D1040000000000E4
S21404C780C97D0400A4D104000000000000000000DD
S21404C7900000000000000000A8C70400CE7D0400CE
S21404C7A0B36A0400FE000000CB39040080D2040003
S21404C7B000000000EB7D04006CD2040000000000C2
S21404C7C0000000000000000000000000DCC70400B9
S21404C7D0F37D0400B36A0400FE0000000F7E04002C
S21404C7E014D30400000000003A72040004D30400CA
S21404C7F00000000000000000000000000000000030
S21404C80010C80400147E0400B36A0400FE0000008E
S21404C8102D7E0400C4D3040000000000703604001B
S21404C820B4D3040000000000367E0400A4D3040041
S21404C830000000000F7E0400F4D204000000000094
S21404C8403B7E0400E4D2040000000000487E04009E
S21404C850FCC8040000000000567E0400C8C804009B
S21404C86000000000647E040088C804000000000085
S21404C870787C0400ACCF0400000000000000000038
S21404C880000000000000000098C804006D7E04004C
S21404C890B36A0400FE000000B1B2040094D304009E
S21404C8A000000000C2B2040084D3040000000000AC
S21404C8B0BD4A040074D30400000000000000000019
S21404C8C00000000000000000D8C804008B7E0400AE
S21404C8D0B36A0400FE000000B57E0400E4D304003E
S21404C8E000000000C26C0400D4D304000000000062
S21404C8F00000000000000000000000000CC9040056
S21404C900BC7E0400B36A0400FE0000000F27040087
S21404C91018D40400000000000E67040008D40400C5
S21404C920000000008C820400F4D304000000000021
S21404C9300000000000000000000000004CC90400D5
S21404C940DC7E0400B36A0400FE0000000F27040027
S21404C95048D4040000000000FC7E040038D4040020
S21404C960000000000E67040028D404000000000045
S21404C9700000000000000000000000008CC9040055
S21404C980037F0400B36A0400FE0000001D7F040059
S21404C9907CD5040000000000C66604006CD50400C4
S21404C9A000000000507F04005CD504000000000076
S21404C9B0502404004CD5040000000000E166040086
S21404C9C03CD5040000000000227F04002CD504009F
S21404C9D0000000003A7F04001CD50400000000009C
S21404C9E0437F04000CD50400000000004A7F0400C6
S21404C9F0FCD4040000000000567F0400CCD40400DD
S21404CA00000000008C820400BCD404000000000077
S21404CA10657F0400ACD40400000000007C4B0400D6
S21404CA209CD40400000000006A7F04008CD4040038
S21404CA3000000000817F04007CD404000000000095
S21404CA40957F040068D4040000000000A57F04005D
S21404CA5058D4040000000000B47F040070CA040028
S21404CA6000000000000000000000000000000000BD
S21404CA7080CA0400B97F0400B36A0400FE00000004
S21404CA80D07F0400ECD4040000000000D97F04002A
S21404CA90DCD40400000000000000000000000000D9
S21404CAA000000000B4CA0400B36A0400B36A0400B9
S21404CAB0FE000000E07F0400ECD00400000000004C
S21404CAC0ED7F040030CF040000000000F67F040071
S21404CAD07CCE0400000000000480040048CE04005D
S21404CAE0000000001280040014CE040000000000C1
S21404CAF0208004007CCD0400000000003180040087
S21404CB0054CD0400000000003E800400B4CC0400B1
S21404CB1000000000498004005CCC04000000000013
S21404CB205C80040034CC040000000000C15E0400F5
S21404CB30D0CB0400000000006F80040090CB0400FB
S21404CB40000000007A8004005CCB040000000000B3
S21404CB500000000000000000000000006CCB040091
S21404CB608D800400B36A0400FE000000B180040057
S21404CB709CD5040000000000B78004008CD5040097
S21404CB80000000000000000000000000000000009C
S21404CB90A0CB0400BB800400B36A0400FE000000BF
S21404CBA0793B0400CCD5040000000000ED800400AE
S21404CBB0BCD5040000000000F9800400ACD50400D5
S21404CBC0000000000000000000000000000000005C
S21404CBD0E0CB04000F810400B36A0400FE000000EA
S21404CBE00F27040030D60400000000000E6704007F
S21404CBF020D60400000000009F5B040010D604004A
S21404CC0000000000093A0400FCD5040000000000FF
S21404CC102B810400ECD504000000000042810400CF
S21404CC20DCD5040000000000000000000000000046
S21404CC300000000044CC04004E810400B36A0400E3
S21404CC40FE0000007381040040D6040000000000CB
S21404CC500000000000000000000000006CCC04008F
S21404CC6078810400B36A0400FE0000009C8104007E
S21404CC7090D6040000000000FC7E040080D6040069
S21404CC8000000000A881040070D604000000000024
S21404CC90AF81040060D6040000000000BC810400DC
S21404CCA050D6040000000000000000000000000051
S21404CCB000000000C4CC0400C7810400B36A04006A
S21404CCC0FE0000003580040040D704000000000089
S21404CCD0E481040030D70400000000000E43040082
S21404CCE020D70400000000003C52040010D70400C3
S21404CCF000000000AF7F040000D70400000000001E
S21404CD00793B0400F0D6040000000000EB81040028
S21404CD10E0D6040000000000F6810400D0D604002B
S21404CD200000000003820400C0D6040000000000D7
S21404CD3013820400B0D6040000000000268204001B
S21404CD40A0D6040000000000000000000000000060
S21404CD500000000064CD040038820400B36A0400B6
S21404CD60FE0000000E43040050D70400000000003C
S21404CD700000000000000000000000008CCD04004D
S21404CD8056820400B36A0400FE000000793B0400E7
S21404CD90C0D70400000000003C520400B0D70400D2
S21404CDA000000000AF7F0400A0D7040000000000CD
S21404CDB07982040090D7040000000000B87D0400C7
S21404CDC0D4CD0400000000000000000000000000B5
S21404CDD000000000E4CD040090820400B36A04005E
S21404CDE0FE0000008C82040080D7040000000000CF
S21404CDF0093A040070D7040000000000A68204006C
S21404CE0060D70400000000000000000000000000DE
S21404CE100000000024CE0400AF820400B36A0400BD
S21404CE20FE0000000F270400E0D704000000000006
S21404CE300E670400D0D704000000000000000000C5
S21404CE40000000000000000058CE0400CF8204005A
S21404CE50B36A0400FE000000EF82040000D8040059
S21404CE600000000002830400F0D704000000000065
S21404CE700000000000000000000000008CCE04004B
S21404CE8018830400B36A0400FE000000388304001C
S21404CE9020D80400000000007036040010D80400F7
S21404CEA00000000000000000000000000000000079
S21404CEB0C0CE0400B36A0400B36A0400FE00000097
S21404CEC042830400D8CE04000000000000000000E6
S21404CED00000000000000000E8CE0400B36A04006E
S21404CEE0B36A0400FE0000004E83040070D80400F9
S21404CEF0000000002B72040060D80400000000004C
S21404CF005483040050D80400000000005883040032
S21404CF1040D80400000000005C83040030D80400FD
S21404CF2000000000000000000000000000000000F8
S21404CF3040CF04006C830400B36A0400FE000000C3
S21404CF400F270400F0D804000000000087830400C4
S21404CF50E0D80400000000009A830400D0D804003F
S21404CF60000000000E670400C0D8040000000000A3
S21404CF70A7830400B0D8040000000000B8830400AF
S21404CF80A0D8040000000000C683040090D8040063
S21404CF9000000000D783040080D8040000000000CE
S21404CFA0000000000000000000000000BCCF0400E9
S21404CFB0E4830400B36A0400FE000000FE83040059
S21404CFC044D30400000000003184040034D3040079
S21404CFD0000000006C84040024D304000000000059
S21404CFE08384040038D00400000000008D8404000C
S21404CFF004D0040000000000000000000000000050
S21404D0000000000014D0040091840400B36A0400F5
S21404D010FE000000B1B2040064D304000000000067
S21404D020C2B2040054D30400000000000000000054
S21404D030000000000000000048D00400B084040093
S21404D040B36A0400FE0000008836040010D9040009
S21404D050000000008C82040000D9040000000000D8
S21404D0600000000000000000000000007CD0040067
S21404D070C3840400B36A0400FE0000000F27040003
S21404D08050D9040000000000B57E040040D9040016
S21404D09000000000C26C040030D904000000000048
S21404D0A0000000000000000000000000BCD00400E7
S21404D0B0DE840400B36A0400FE000000BC810400A1
S21404D0C068DA040000000000793B040058DA040023
S21404D0D0000000000E43040048DA040000000000CC
S21404D0E0000000000000000000000000FCD0040067
S21404D0F0FE840400B36A0400FE0000001C850400DD
S21404D100B8DA04000000000026850400A8DA04004B
S21404D110000000003185040098DA040000000000D6
S21404D120DD5F040088DA0400000000004085040087
S21404D13078DA040000000000000000000000000090
S21404D14000000000038903004B850400B36A040052
S21404D150FF000000FF88030058850400B36A04003B
S21404D160FF000000690201006A850400B36A040037
S21404D170FF00000005020100978504005F8D04008F
S21404D18001FF000069020100D7850400B36A0400A9
S21404D190FF00000005020100058604005F8D040000
S21404D1A001FF00009D020100468604006786040015
S21404D1B000FF00009D02010070860400CD86040076
S21404D1C00000FF0019030100DB860400F486040057
S21404D1D0010001FF85030100198704005B87040032
S21404D1E00102FF001903010071870400A0870400F0
S21404D1F001000102FF00000095000100D187040031
S21404D2000D88040007FF0000B50001001388040021
S21404D2104688040001FF0000C90001004E8804008F
S21404D2209E8804000100FF0025010100B388040065
S21404D230048904000101FF00F900010014890400B8
S21404D2404E89040001FF000079010100568904009C
S21404D2509F890400010000010707FF00B5030100D1
S21404D260F18904004688040001FF0000B5040100AB
S21404D270398A04007D8A0400010700010700FF00C4
S21404D28061890300D28A0400188B04000107000198
S21404D29001FF00003D040100548B04008F8B040042
S21404D2A0010000FF0D040100AD8B0400F18B0400A7
S21404D2B00100FF00DD030100048C0400F18B040070
S21404D2C00100FF0085040100438C04004E8904001D
S21404D2D001FF0000F50401007E8C0400AF8C0400FE
S21404D2E00100FF0025EE0000B36A0400BD8C0400B4
S21404D2F0000707FFC9ED0000B36A0400D68C0400DB
S21404D300000707FFD5F20000B36A0400E28C0400AD
S21404D31007FF0000D5F20000B36A0400E28C0400A4
S21404D32007FF0000B3880300B36A0400E78C040018
S21404D3300000FF00B1F20000B36A0400F1620400CA
S21404D34001FF000079F20000B36A04001F8D040098
S21404D35000FF0000A9ED0000B36A0400B36A0400ED
S21404D360FF000000A9ED0000B36A0400B36A0400DD
S21404D370FF00000089880300B36A0400B36A04004F
S21404D380FF00000089880300B36A0400B36A04003F
S21404D390FF00000089880300B36A0400B36A04002F
S21404D3A0FF00000079ED0000B36A0400558D040008
S21404D3B00101FF0065ED0000B36A04006A8D0400F5
S21404D3C001FF000085880300B36A0400B36A040002
S21404D3D0FF0000002DED0000937E0400B36A0400F5
S21404D3E0FF0000002DED0000748D0400B36A0400F5
S21404D3F0FF000000ADEE0000958D0400AC8D040027
S21404D4000001000007FF000081880300D28D04009D
S21404D410B36A0400FF00000029EC0000EC8D040051
S21404D420B36A0400FF000000FB8803001A8E0400A1
S21404D430B36A0400FF000000ED880300348E040085
S21404D440B68C040000FF0000A9F50000598E040005
S21404D450B36A0400FF000000FDEA0000738E0400B7
S21404D460B36A0400FF00000091EA0000968E0400F0
S21404D470138F040000000310FF0000006DEB000093
S21404D480688F0400D68F040001FF000041EB000003
S21404D490EB8F04002E90040000FF000055EA000005
S21404D4A03F900400B36A0400FF0000007F88030076
S21404D4B06E900400B36A0400FF00000031EA000026
S21404D4C0BA900400B68C040000FF0000FDE90000DA
S21404D4D0FB9104005092040000FF0000E1E9000004
S21404D4E06A920400B36A0400FF000000C5E9000065
S21404D4F07A920400B36A0400FF0000006F880300F9
S21404D5008E9204000C93040000FF000095E90000CE
S21404D51097930400B36A0400FF00000051E900007A
S21404D520B4930400DF93040007FF000011E9000031
S21404D530E993040042940400000500FFC9E80000D3
S21404D540F5940400089504000002FF00A5E8000016
S21404D55037950400B36A0400FF0000006F880300D8
S21404D560499504008395040000FF000039E8000094
S21404D570099604004F960400000301FF29E8000002
S21404D580EF96040035970400000301FF1D5E0100BA
S21404D590D5970400B36A0400FF0000007F950300DB
S21404D5A0FD9704007898040002FF0000D5080100E7
S21404D5B0CD980400668F040000FF0000A108010057
S21404D5C0F5980400668F040000FF0000510801006F
S21404D5D00E990400B36A0400FF00000029500100FD
S21404D5E027990400B36A0400FF00000001500100FC
S21404D5F074990400B36A0400FF0000008D4F010014
S21404D6009F990400C599040000010100010102FF6E
S21404D610654F0100449B04006C9B040000FF00005F
S21404D620454F0100939B0400B36A0400FF0000000A
S21404D6308D4E0100BD9B0400B36A0400FF00000089
S21404D64051940300D69B0400B36A0400FF00000054
S21404D6505D430100FC9B04002D9C04000002FF00B7
S21404D660B39203008A9C0400B36A0400FF0000001F
S21404D670AF920300B79C0400B36A0400FF000000E6
S21404D68011430100D29C0400FC9C040000FF00002F
S21404D690D14001002C9D0400B36A0400FF00000082
S21404D6A04D2C01003F9D0400B36A0400FF000000F7
S21404D6B0352C0100579D0400B36A0400FF000000E7
S21404D6C02B920300709D0400B36A0400FF00000060
S21404D6D0179203009D9D0400179E040000FF00009F
S21404D6E0DD3F0100569E0400B36A0400FF000000FC
S21404D6F0CD3E0100CE9E0400B36A0400FF00000085
S21404D700F12A0100129F0400B36A0400FF0000001F
S21404D710D52A01002F9F0400B36A0400FF0000000E
S21404D7204D2B0100DA9F0400B36A0400FF000000DA
S21404D730412B010068A00400ADA0040000FF000017
S21404D7400D2B0100E4A0040035A1040000FF000036
S21404D7503929010068A10400B36A0400FF00000030
S21404D760D11D010094A10400FDA104000000FF00E7
S21404D770D11D010052A20400B4A204000000FF0060
S21404D780711E0100F9A204002CA304000002FF008D
S21404D7908591030081A30400CFA3040007FF0000C3
S21404D7A0A51F0100EBA30400B36A0400FF000000F9
S21404D7B0B91D01000FA4040034A4040000FF0000F7
S21404D7C0C51E01008DA40400B36A0400FF00000017
S21404D7D089170100CAA40400B36A0400FF0000000D
S21404D7E051170100F4A40400B36A0400FF0000000B
S21404D7F05D9003002FA504009EA5040000FF000012
S21404D800AD100100EFA504006EA6040000FF0000A2
S21404D8104F900300B4A6040006A7040000FF00000F
S21404D8202F9003004DA704009AA7040000FF0000F1
S21404D83025900300E4A7040022A8040000FF0000CB
S21404D8401F90030032A8040022A8040000FF000072
S21404D8501990030059A8040022A8040000FF000041
S21404D8601390030080A8040022A8040000FF000010
S21404D8700D900300A8A8040022A8040000FF0000DE
S21404D880E98F0300D1A80400B36A0400FF00000077
S21404D890EF8F0300F3A80400B36A0400FF0000003F
S21404D8A0550B01001BA9040054A904000001FF0045
S21404D8B0810B010075A90400B36A0400FF00000090
S21404D8C0EB8F0300A0A90400B36A0400FF00000065
S21404D8D03D0B0100BBA90400B36A0400FF0000006E
S21404D8E0F90A0100D6A9040003AA040000FF0000F8
S21404D8F0E10A01001EAA0400B36A0400FF00000047
S21404D90029F3000049AA0400B36A0400FF000000DB
S21404D91029F3000070AA0400B36A0400FF000000A4
S21404D92019E8000081AA0400B36A0400FF0000009E
S21404D930E5E7000096AA0400BDAA040000FF000064
S21404D940E5E70000CDAA0400BDAA040000FF00001D
S21404D9507DE70000F4AA0400B36A0400FF00000098
S21404D960678803000FAB0400B36A0400FF000000DE
S21404D970D9E3000032AB04009CAB040000FF0000B7
S21404D980B9E30000BFAB0400B36A0400FF00000064
S21404D990A1FF000025AD0400B2AD0400010000FFA5
S21404D9A085FE0000CFAD040023AE040000FF000097
S21404D9B0B9FE000038AE04008AAE04000100FF0081
S21404D9C025FE0000A0AE04008DAF04000107FF0092
S21404D9D06B8803009DAF0400B36A0400FF000000D8
S21404D9E085F70000AEAF0400C0AF040000010100DC
S21404D9F00007FF007DF60000FBAF04000CB0040037
S21404DA0000010100FF000000B9FE00005BB0040046
S21404DA106CB00400010000FFF5F500005BB00400E4
S21404DA209EB0040000FF000071910100AFB0040036
S21404DA30B36A0400FF0000000DE40000FBB004001D
S21404DA40B36A0400FF00000057B60300B36A04007C
S21404DA50B36A0400FF000000959F0100B36A040047
S21404DA60B36A0400FF000000599F0100B36A040073
S21404DA7040B1040002FF000005A7010048B10400FD
S21404DA80B36A0400FF00000091A6010074B104000C
S21404DA9097B104000200FF00D9B60300C0B1040029
S21404DAA0B36A0400FF0000006DA60100E2B10400A2
S21404DAB000B2040002FF000045A6010015B20400EF
S21404DAC000B2040002FF000001000000EC52002037
S21404DAD00000000000000000FFFF0000C98F0300E4
S21404DAE00000000003000000FFFF01003D9003005B
S21404DAF00000000004000000FFFF0100CB900300BC
S21404DB000000000004000000FFFF00004F91030027
S21404DB100000000006000000FFFF0000C1910300A3
S21404DB200000000019000000FFFF010057920300E8
S21404DB30588304005C700020000000000000000011
S21404DB4000000000000000006CB20400B4DB040017
S21404DB500000000072B2040020BD040000000000B3
S21404DB6079B20400F0BE0400000000003D81040009
S21404DB70E0BE04000000000082B20400D0BE040030
S21404DB800000000094B20400C0BE040000000000C0
S21404DB90A3B20400B0BE040000000000B4B2040047
S21404DBA0A0BE04000000000000000000000000000A
S21404DBB000000000C4DB0400C6B20400B36A04001C
S21404DBC0FE000000E1B20400DCDB040000000000FC
S21404DBD0000000000000000000000000EBBA030094
S21404DBE0E6B20400B36A0400FF03010001013F0427
S21404DBF00201003F040202003D040202003D04014B
S21404DC00020001020003010002023D0402010002B8
S21404DC100202010002020000002020202020202012
S21404DC2020202828282828202020202020202020C3
S21404DC3020202020202020202088101010101010D3
S21404DC40101010101010101010040404040404041F
S21404DC5004040410101010101010414141414141B9
S21404DC60010101010101010101010101010101019B
S21404DC7001010101101010101010424242424242AB
S21404DC80020202020202020202020202020202026B
S21404DC900202020210101010200000000000000013
S21404DCA0000000000000000000000000000000006B
S21404DCB0000000000000000000000000000000005B
S21404DCC0000000000000000000000000000000004B
S21404DCD0000000000000000000000000000000003B
S21404DCE0000000000000000000000000000000002B
S21404DCF0000000000000000000000000000000001B
S21404DD00000000000000000000000000000000000A
S21404DD1000000000000000000000000000000000FA
S21404DD20A0010000C0140020000210008857002044
S21404DD30601600200000020800000000FFFFFFFF3E
S21404DD40FFFFFFFFFFFFFFFF0000000000000000D2
S21404DD5000000000000000000000000000000000BA
S21404DD6020000000DDD2010010000000BDD3010039
S21404DD7000000001000001010001010120C001B8FB
S21404DD800000000000000000FFFFFFFFFFFFFFFF92
S21404DD90FFFFFFFFFFFFFFFFFFFFFFFFFFFFFFFF8A
S21404DDA0FFFFFFFFFFFFFFFF00010202030304055E
S21404DDB006080C0C0C00010203040707C8C8C8C8F0
S21404DDC0C8C8C8C8C8C8C8C80304040808080808D7
S21404DDD000B801B802B800B0BCF90400A4F9040005
S21404DDE0030404080805000000000000000000000A
S21404DDF00000000000000000EA06000048704C0F17
S21404DE0044700E0E30707E1302989A173870340FD2
S21404DE1034705A0F307048102C7048102870D01187
S21404DE202470E81120703E0F1C70901218700C13AA
S21404DE3014703A0FB110086001D80A7104B87F78DC
S21404DE40020C7E78641000C6881F00A01DB8707887
S21404DE5003B018600F3027B30F330111C04806987B
S21404DE607C0229B0086001D8087109DD047109BB79
S21404DE7011101660A048086004100112FF322150E9
S21404DE800860D048086000880698381400C4441F08
S21404DE9000A000BA03DF107109DF06720298360389
S21404DEA01DB8507800A0441328144115811008604A
S21404DEB002D8147110880698201900C014C000B83F
S21404DEC00698861B0091069892020160B83020D806
S21404DED006711EBC637C784D5412F03240DE047228
S21404DEE0404804DB08720DDD0C72044BEF30144816
S21404DEF00698F20400C4E04000544412086201325A
S21404DF002140087C811140D91C72B1123032CF4AAC
S21404DF10013AB1DA107208D8067104D80871804C38
S21404DF20237C5670684C441200C4A41E00A04414FB
S21404DF30413AF3240164415C412A047580B800C464
S21404DF406040005481D8367140D90472237C084B53
S21404DF500698F20404BA1CB9767900C1204001B8C8
S21404DF6035797F216121007906B906A901D80671A1
S21404DF7002981002804C307C0298640208D86A71B9
S21404DF8000C1544000B8141110D95E71584C4412A4
S21404DF9080BDA26DFF25784C4412FC22513A281409
S21404DFA0104C00C20CC101B82412281408622814AC
S21404DFB00862281408622814304C304C00C11C40F7
S21404DFC000B814111814086100C5284001B8541587
S21404DFD0FF35047110491814B04C4412086201321B
S21404DFE0067102980401804C08D80C7107BA24D82C
S21404DFF0047106BA187004D80C7101BA40D80E71B0
S21404E00002BA0A7005BA20D8047203BA204C441126
S21404E010C04C18140861181491113831114291112A
S21404E020186110D90472EF3200C1084001B8141107
S21404E03010311E6111422814A111086118140698A3
S21404E0406C1B181400C1084001B814111861FF3184
S21404E050181400C1448001B8141118140861181467
S21404E0603088024806989403009308DB047101F88C
S21404E07000A027B00F3000A01088B111186180D915
S21404E0800A7100C1884000B80811009100A000C4BD
S21404E090684000B8441000A000C088400050041136
S21404E0A08261041082601050F07200A0541550452E
S21404E0B01271069802050698920407B8707802B89A
S21404E0C041781EBA5B7A5C7A5D7A00C220C001B8D9
S21404E0D0241206982A1900C5481F00A05415511486
S21404E0E000C3FF010000313D09647F3406989C029A
S21404E0F0015851280475015841280E75811108618C
S21404E10002D90472FF0FCC7007B8727800F8EBBD22
S21404E11000C0441F00A00411113D10D91271FF3332
S21404E120186300C1781002B8381107B9747958100A
S21404E13000A0069892020D300472044809DC0472AA
S21404E140084800C11CC101B8141100C3D01E00A0A9
S21404E150911504351A7218131CBB08D804716C7B0D
S21404E16004D804716A7B1DBB2F7C5B7B1670044B42
S21404E17018131CBB08D804716F7B04D804716D7B1C
S21404E180217C0C30026006987E040698C40B00B806
S21404E190B111186140D906720298580401BC00C235
S21404E1A0084001B800DC0A7124150265604A0A704A
S21404E1B02C4A241508654C4A043508D904712024D1
S21404E1C000C13C1F00A0141200DC327120D8067176
S21404E1D001B80C70F0DA0C720CDB087102B8069801
S21404E1E08604482400C3384101B834138F7B0E716B
S21404E1F002B9911308DB047203B928707C49141120
S21404E2001110FD300DDC1C7200C0A01E00A004100E
S21404E21080D8107100C0448001B80410E52004754D
S21404E220804900C3884000B8FFB801201141087136
S21404E230014118130824014200C1284000B81411F3
S21404E24001411C655141911520351E655141181335
S21404E2502813481300C3844000B8341003D816713A
S21404E260073005DC1071B1108F780A7200C384C4BD
S21404E2700350217B1DB8507800B800C13C1F00A095
S21404E28014121C602150F0300152281100A04024C2
S21404E290076400C0FFFF0100013C17B002200158CC
S21404E2A04028067518AC01EC00A0208800C020C0E9
S21404E2B001B8041217B4211304123052F871196409
S21404E2C0402400C35C1F00A0341014110698F60DF9
S21404E2D01961009211592129067600BB1159069836
S21404E2E0D60D8762313B0472215A412A00A000C22F
S21404E2F0686000B8B8B91F610D49181200A03088CC
S21404E30001B9116100C30000C0FF3110312800BC00
S21404E310002D0C75115418AC01EC312DF4701964F1
S21404E32051134155312C009300A000C3C00FFEFFCB
S21404E33050B2313A014250AA00A006983E07FFB0F8
S21404E340867808715CB86B786E7800C2548001B821
S21404E35000C0D81F00A004100812B822217A237A1D
S21404E36052B8417801B80C6021A809B819604CA8C5
S21404E37000C0FFD1C1FF4FB2013A00C0002E3000EA
S21404E38001424FAA24B86E78ACB9FFB004D8047121
S21404E3904CB923A90698A80500C013900100069856
S21404E3A02E0500A00698020519B81460FFB28C6208
S21404E3B00F32826A214006982E0549BC21B952B80C
S21404E3C049B207DE2A7105DE0871627C607C1D0C8A
S21404E3D06179677864786B78627865786378607852
S21404E3E0617C010C010C6878020C69786C78020C6C
S21404E3F000C22C8001B8277A287A267A6A78050C17
S21404E40041790A0CB11040D806710298BA06784AC7
S21404E4102B7A327A584A247A00C400011100404A02
S21404E42000C0108400000812508800C58410010043
S21404E430FBAD10BD01BB8A6B21B9FAA9C44A1812F8
S21404E440217A227A00C0341F00A00410FCA882643B
S21404E450411030300129F9A9F8ADFBB08260FBA861
S21404E4600330A0652110044820EC237A0410037AB4
S21404E470184A2411DC4A0158002924100475315026
S21404E480F8B1115081632A71514031400812FCB131
S21404E4908461FCA90F310E7117B0112817B11159F8
S21404E4A01028FA76C44AF9B11812217A227AA07092
S21404E4B000950812F8A800C20C8001B8207A844A95
S21404E4C000B80812020CA44A087A020C21B8417853
S21404E4D0784A0B7A127A00C2C81F00A0FFB008D888
S21404E4E00472184A241000DC0A7140A8042224107E
S21404E4F041A806989C0200C2481F00A0241001519F
S21404E50000C4FF01000041391150081200A006980B
S21404E5103E0700BC00C20C8001B8217A52B8497884
S21404E520020C4878020C49B8417852AC21AC204A17
S21404E530087A067A077A49AC00A059B840785AB1E6
S21404E54001D9FC72427857B8407858B101D9FC72A8
S21404E550427800A000C20C8001B8217A227A21B841
S21404E560547852B8BC4A24119979127107B91561C6
S21404E5704CA9617800BB03BC0C64147009B919611A
S21404E5804CA9417801BB126300C4002E300000C0C1
S21404E590FFD1C1FF4FB1013941414FA9E44AC8B880
S21404E5A0081224AB4CB823A80698A80500C004900B
S21404E5B00100FFB186790471084806982E0500C04C
S21404E5C08009004040A809B8FFB108D9047103B80F
S21404E5D053A8B11004D80C7156BB607B57BA627A44
S21404E5E0607A02D80C7156BB607B59BA627A607A3C
S21404E5F004B86E783DB8607800C05638000000C194
S21404E600B08001B814119979087200C0D6040000CD
S21404E61000C124C000B814119F79047208484CA89D
S21404E6202EB8FFB108D906714AA804704BA80FB8D3
S21404E63034A800C00C5E000046B2014246AA00C1DF
S21404E6402C4001B8141108610631087100B9069807
S21404E650501106983E14B11101D90E710698921BFA
S21404E66002D906720698A00C069838145114069817
S21404E670920406982A110698641700A006984E1766
S21404E68001D80A711CB85B7807B8757800B84CA82E
S21404E6904AA84BA800C0F321FFFF46B1013946A99A
S21404E6A004B86F7800A0FABC1964415C512C00C011
S21404E6B0581F00A00410012C0675069892040698AC
S21404E6C0780FB110186005D8327140BA06980E1447
S21404E6D004B86578911004D816711CB86E7800C01A
S21404E6E0684000B821780698781101400A721DB86F
S21404E6F0427806984A1402985E0B1DB8717804B8DE
S21404E7006C7841B8427863784478FFB104D90672CD
S21404E7100298CA0900C004900100FFB1867904710A
S21404E720084806982E0500C32C1F00A000C274C01B
S21404E73000B82414481300BC48121C4B1C4A24146A
S21404E740481300BC4812084B584A2414481301BC0A
S21404E75048124ABA447A427A4BBA447A427AFFB0AA
S21404E76086780472617A4CBA647A657A3DBA607ABD
S21404E7704DB942B83FBB5B7966796179020C64791E
S21404E780050C63796079050C627965795A7900C25B
S21404E790340102B8241305B819603140081242B88F
S21404E7A06A78020C4A78020C40BCFFB208DA06719A
S21404E7B04ABA06704BBA627A657A677A667A6A7972
S21404E7C0667B0298A40A00C32C1F00A000C274C073
S21404E7D000B8241448131C4B1C4A241448133FBC8A
S21404E7E048121C4A00BC4812084B444A24144813D6
S21404E7F001BC48124ABA647A627A4BBA647A627A7C
S21404E800FFB3867B0472617A4CBA647A657A3DBA41
S21404E810607A01D94E71647800C1708001B800C076
S21404E8208000080008110698860B42B861784DB936
S21404E8307F797E796A7868786278020C7B790F0C27
S21404E8407A79140C7479417860787579050CFFB27E
S21404E85008DA06714AB804704BB8657801BC1664C9
S21404E860407002D93C710698860B42B84DB9687858
S21404E870407841787F797E797B790F0C7A79140C0D
S21404E880FFB208DA087171794ABA067070794BBA21
S21404E8907279657A6A78020C4A78050C01BC1664AB
S21404E8A0020C417940790C0C00C04C0102B84810A7
S21404E8B00698F20400C4784000B8007C00C0A01E8D
S21404E8C000A0041180D93271911104D92C727F20D2
S21404E8D021200411FD310DDD207200C0448001B8F2
S21404E8E00411E521147600C0244001B804118A7985
S21404E8F00871207C104C207C2AB86278511400C021
S21404E900581F00A00410012C17B001118768015885
S21404E91041280E7605218769415C412D112D06702C
S21404E9200698920442B84DBB7C7B6478020C29B8E6
S21404E93068785114404406750698920442B84478A0
S21404E9402AB84278FFB101D90C7100C1548001B8CD
S21404E950CBB80811911004D8147100C0A01E00A0F2
S21404E960041080D8067107B8537800F807B800C1B9
S21404E970CC1E00A000C220C001B82412281177784B
S21404E98000F8B1109478387106989C02E4B91159CD
S21404E9901128067600B80C70A0B91159012904751F
S21404E9A0A0B8826000C3C01F00A03413012B34102B
S21404E9B000C3FFFF00FF42B13139114042A800A056
S21404E9C01DB09178FA7142B86478020C00BA29AA8C
S21404E9D000C4548001B842B84DB900C3C04001B861
S21404E9E03413977B047240EC020C44785C7953AA87
S21404E9F00A0C281442B84DB9FFB301DB2671244C27
S21404EA0000C3FF0FFF0138145479407841785579D4
S21404EA10020C5B795A79140C5F795E794A784278ED
S21404EA20347002DB1471527951795079020C5B7997
S21404EA305A795F795E791E7004DB1A7100C4FF0789
S21404EA40000000C3342102B848133FBB467B020CC7
S21404EA505B795A793DBB407B4CBB447B457B00C30A
S21404EA60301F00A03414403C207100C068C000B8B9
S21404EA70481028131C4B1C48341448102813144BF5
S21404EA8044483414481028134AAA4BAA04B86D788C
S21404EA901DB851785CB84B784E7800A000C074C09E
S21404EAA000B80411108800B91810684804111088BA
S21404EAB001B90B6118102C4804111088008800C195
S21404EAC0231C000018104AB864784BB86478260CE7
S21404EAD028B000C1FFFF0FF0113871B90B61114067
S21404EAE028A828B97379747900C21010303045AA62
S21404EAF054790E0C00C0E84001B8041100C230304E
S21404EB00101045AA0E0C0410008810880698620D92
S21404EB100091009020888F618F600698620D0090A7
S21404EB20886A21400112906A035800C13F3F0000E2
S21404EB301138FFBC022441281138014245AA28B9DD
S21404EB4053794AB844784BB844780090009118102A
S21404EB5000912C48181000916848181000A091687D
S21404EB60436091694361115B012B11284160312890
S21404EB70315B00BA302806763128204A41633028B3
S21404EB8006763128104A4163302806763128084A2A
S21404EB904163302806763128044A416330280676D5
S21404EBA03128024A416330280476014A00A01159EC
S21404EBB010D906710860086008D90471086004D981
S21404EBC00471046002D90471026001D90471016001
S21404EBD000A000BA01D806710148112A1F6101601D
S21404EBE001D8F6720138F67200A000C220C001B83F
S21404EBF0241211592129127300210E7100C238C043
S21404EC0001B824120121212900A002B020D81471D1
S21404EC1000C0B01E00A0041002B945790698761309
S21404EC20EA7003B09F78087200B806A800F8069841
S21404EC303E0700C5641F00A05088044D1CBC00C0DD
S21404EC40B41E00A0811101D91E71407C00950115E7
S21404EC500C4D5088044DFFBB1863315B04110698B5
S21404EC60EE0D3129F8750698681A54150698921B05
S21404EC7001D908720698580706700698F4071CBB54
S21404EC80547B06984E1701D8067202981A0FFFB9DD
S21404EC9001211038F67281129B7AF07100C244800A
S21404ECA001B8241400C0C01E00A0041001130020E4
S21404ECB0041040500C7200B90698280F18B90A7050
S21404ECC018B90698280F00B900B806981E0F704A9F
S21404ECD008B806981E0F00C2284000B814B8069854
S21404ECE01E0F00C2EC4001B80CB806981E0F202276
S21404ECF010B806981E0F1088308806985807009398
S21404ED0000910698280F00C0C41E00A00412FFB984
S21404ED10012121411810009500F83128112804100B
S21404ED20081200A004B831281128F8B1181000A061
S21404ED30069880080E700698C40B069880080698F5
S21404ED407212069812079112211900C02C4001B8BD
S21404ED500A78097800F810B901BA069804140698D7
S21404ED602A110698641700C5641F00A081109D78B8
S21404ED70FC7200F8911203321CB900C3A01E00A056
S21404ED80341300C4B04000541DB84278707903DED2
S21404ED90067144783A707179A11020D806710298E9
S21404EDA0541080DB1C7102D8187205B80814A11020
S21404EDB010300248081400B80814911008600814AB
S21404EDC01DB86278A11000DC0676517900BA069860
S21404EDD04E1701D82272911120311D61911004D86A
S21404EDE00E7200C1501F00A0141101D90A712088A8
S21404EDF006985011009200C1204000B801DB18713B
S21404EE00084C03DE0471904C441400C3FF1F00003A
S21404EE10413BFF233811944900C3384101B83413E9
S21404EE20086380DB0C7103BA186206983C100870FD
S21404EE30186206983C100C49087909791410214088
S21404EE40081100A000BD0698760210B903DC047110
S21404EE5000B901BA0698041402D9067100404E722D
S21404EE6003B118610F3106987811FFD82872811003
S21404EE7008D8187106DD0A710698760203DC0C724F
S21404EE800698BC1106984A140C7006DD1071069894
S21404EE90C211487020B804A806DD107206988008CF
S21404EEA00698120701F840B804A800F800C0A01E8F
S21404EEB000A00413086301DB22719110011118618C
S21404EEC011381DB910D8087144790298541002DB21
S21404EED0FA72A11328DBF47203BD06981E11069875
S21404EEE080081DBA7F7A0698F20400C5681F00A041
S21404EEF00698760200BA03DC1672044DA11002D8F6
S21404EF0004711C4D00C10CC101B80698AE0454151A
S21404EF10212D06983E050298AA089110015503353E
S21404EF205150011900A000C14C1F00A0141001D8B4
S21404EF30427101480860FE200E75811020D80871C1
S21404EF4000C1501F00A0141101D9287100C02C4024
S21404EF5001B80412215108610F31186111522810AA
S21404EF6000C0084001B804119112215120311152F9
S21404EF70211900A0811380DB067201B800A000C32B
S21404EF8014C001B8341006302E726C4B34121C4B6D
S21404EF903410186002302072811080D8DE7134106C
S21404EFA0014A08620460803021508C480A717F232D
S21404EFB04D233410013000A000BD06981E111CB865
S21404EFC047784578437802B8447800A006988008C5
S21404EFD00698BC1100C5741F00A0541506983E057B
S21404EFE00298AA08B1138F7B0A7200C384C4035024
S21404EFF0017B06983E1400C1384101B814118F797C
S21404F0000E7100C1B84000B800BA06983C1050BA59
S21404F01006980E1406987811FFD84A71911004D8F1
S21404F0204872811008601CD8407220D938721112B8
S21404F030FF322151347180218021111400C0D81E62
S21404F04000A00413FFBA3151113A215111531DB9CE
S21404F05038107B7940440E7200B900C2AC1E00A082
S21404F0601812067004B860780698381400F800B9C8
S21404F07000C2A44000541812644A0AB918121CBAF2
S21404F080507A517A1DB942795F7900A006987602C3
S21404F09007DC1072911000200A7506987212029806
S21404F0A0660F0698120701B9911004D8047100B9C6
S21404F0B010BA0698041400BA0040347100C0A01EAA
S21404F0C000A00411086101D9127104D9E2728110FA
S21404F0D0086001D8DA711DB8647800C11CC101B893
S21404F0E00698AE0401B81160002A047600BA00C57A
S21404F0F0781F00A05415212D0698721206985807FA
S21404F10000C57C1F00A000F800BC811108D9167247
S21404F11080D9207201B910BA0698041400400E7102
S21404F12001BC10700698BC1106984A1420B804A8AE
S21404F13000F80698721281110231127100B900C2E9
S21404F140144000541812244A02B918120698BC1126
S21404F15000C5801F00A054150698F01A0298AA0845
S21404F1600411012114711CBA737A042004122811A4
S21404F170042004110121F47200A00698F20401F898
S21404F18006984E1701D81671FFB9012110380E7271
S21404F19081109B78087104B9677900F8911010D82B
S21404F1A0287100C51CC101B854110698EE0D00C59F
S21404F1B0C81E00A054155129EA7507B876781DB8FC
S21404F1C0447801B804A800F8B110186010D82E715D
S21404F1D000C05040005400C3084000B83114984C96
S21404F1E044113411086101D9FA71441228100862D6
S21404F1F028100862281008622810E8700298B002E6
S21404F20006989202113804721E6202BB00C1D81E10
S21404F21000A0141120390C72911210DA0672417B88
S21404F22000A006983E1400C2A01E00A0241220DAF5
S21404F2300472617B1CBA527A00A01CBA727A8112DC
S21404F24004DAFC7200A01CB86B7800C0684000B8F2
S21404F2502F7800A006984E1701D83A7100C22C40A9
S21404F26001B8241003609111203101513831115036
S21404F2701D6008121DB9457900C2448001B82412E5
S21404F28000C0C01E00A00410182000200410205047
S21404F2900471657910631EB9637900B902EC00CD78
S21404F2A0114502EC00CC01DB087100BB0298D618AD
S21404F2B003B841110731FA211C760621911210DA9F
S21404F2C0087102DD10721E7020B80698B20D303830
S21404F2D0147208B806987E0400C02C4000B829783A
S21404F2E0207800F8056020D8067102980C1602EC07
S21404F2F000CA05B823DA187104DBDA7120DAD6718D
S21404F30010DAD2721EB8617800B801DA067202EC1E
S21404F31000C8911110D9267100C1B81E00A014119E
S21404F3201150FF300C720761A110115002300A719F
S21404F33080DB0A720AB89E701DB97C791860911138
S21404F34011402111C031114001191EB8411108D9CC
S21404F3500471667820D904726578A11002D8067202
S21404F360C0DA1E711EB8273123DD087210DB107256
S21404F370607825DD0A7121DD087208DB0471627885
S21404F38003B8411107310872A1152035AA7102DDB0
S21404F3902072A11120D9A07102D91672CCDA987203
S21404F3A0411140D9927206B8054D5A720298AE14AD
S21404F3B021114049C0D94C71A03141154035026530
S21404F3C051410461086308DA1E7204DA3672104981
S21404F3D0A1150235067110DB0E7201340A7108DBC2
S21404F3E022711EB86778CC3211101A300ADC087203
S21404F3F0CCDE0471FD3100C00D0F0C0D216001D868
S21404F4005C7207B80298D81400BA411108D90C7176
S21404F41002EC00CA05B830DAEC720734F031036146
S21404F42001DA0471014900C0F300A3E3216001D8A6
S21404F430D27100C09814406821604030014440DA1C
S21404F4400471204C04320262204A111006301F60F8
S21404F450014218311D6111420298F614204A00C078
S21404F460051708502160113001422088FFBB0DDAD1
S21404F470507100C1DE1B250180BC04DA107208DA64
S21404F4800A7200C120841000E024A02408634143CB
S21404F490026401DA06711E49024B00C0201F00A058
S21404F4A008633810BC2002DA127101B91159A1138D
S21404F4B080DB087100C100FCFF0118100298621876
S21404F4C000C4A01E00A0441080D87C710092D0DA3C
S21404F4D006710DDA0C711EBD437DEFBD069814034C
S21404F4E004620DDA8672A11105D95C7100C240402F
S21404F4F0005424121424281401D9067202D9327135
S21404F50040D91E7102EC00CA211018320471FA2286
S21404F51020D804720822FE22087502EC00C8F8708F
S21404F52001D90E7102EC00C802D9067204DC187206
S21404F53000C0A01E00A004101D6001D806711EB8ED
S21404F540647807B873780298D61800C0A01E00A086
S21404F550041080300A7100C0C41E00A0041000A06D
S21404F56006984E1701D82E71911010D82872811063
S21404F570A0D8227203B084781C7200C12C4001B853
S21404F58014100DBA487A697A6B7A08111CB87B781D
S21404F59007B8757800A0641000C6881F00A0C3B81A
S21404F5A006987C0200C4441F00A014BA281400B8AD
S21404F5B0011AB1108F780A7200C084C4035001780F
S21404F5C091101030011905BA06980E1402D9067166
S21404F5D001B804A800C0A01E00A004130698641175
S21404F5E080DB0671029858141DBA7C7A01DB6A71B6
S21404F5F000C2241F00A024111114FF3402EC00C81A
S21404F600FF24FA7608610698C20D046111380F309B
S21404F61004611114011141100698C20D01D8087234
S21404F62003B80298D8140C4A01DB2271241011285E
S21404F6301128041202300471106200C0FFFF00009B
S21404F640213800C2204000B8FF200812411008608C
S21404F6500698C20D01D87C7120BC1033767100BBAD
S21404F66000C1201F00A01415C021112C51121862CD
S21404F6700F320E71408851140698FA1841430094CC
S21404F680511208651C620F320E714111511406980E
S21404F690FA181C6441430865513B00C1DC1E00A0F7
S21404F6A01411111231100F30127100BA056101D80D
S21404F6B00471114201600FD8F472311003601E30D9
S21404F6C0047201B8003A087204B80298D814029872
S21404F6D0C41600C0384101B804118F7914717F2014
S21404F6E0692004110861303110DD06711DBA637A91
S21404F6F00698120300F830885088FF34087102EC2C
S21404F700FF24F87002EC00CD141059500144042173
S21404F710FF22F2720F4C0095009300A000C1A81EB1
S21404F72000A0141100A030880698421B81110861BD
S21404F73002D906720298061A1CBB557B086120D9AA
S21404F74006710298F6190088A11018600698201908
S21404F75008211415FC251EBB5C7B5D7B00C108409C
S21404F76001B814110731FE21307608D82A725113D5
S21404F770FC23341304DB20711863FF33315B00C1B0
S21404F78010C000B81411086180490C71FF3130298B
S21404F79054751EBB7B7B10707B7B7C7B00DD047109
S21404F7A07D7B01BB3815EC25541300DF547104250A
S21404F7B005DF54715415211120880698EE0D009229
S21404F7C051293E7500C1084001B8141102DB0C71C2
S21404F7D00731315B31292A760C7004DF0872016127
S21404F7E080D91E720698201900C010C000B806986A
S21404F7F0861B069820191411FFD9607202984C1AB9
S21404F8000090009300A05415A111186110D9A67297
S21404F810082508D8A071082510D89A7120882111C7
S21404F8200698EE0DFC255412112AF82554110C25C1
S21404F83020D80871F0255411102520290476215962
S21404F840181500920298B81907B97179811010D862
S21404F8500A711CB8447802B841781CB9747904B9A2
S21404F860677900F88110A0D808711CB9497900A0FE
S21404F870086002D8FA7106982019108806983E1473
S21404F880106210DA087108211415F025541100C20C
S21404F8900020FEFF202912750698921B01D90A72D1
S21404F8A0069880080698120700941CBB41100C208A
S21404F8B0069864134111082114100698641331281D
S21404F8C0441111120861FF31FF32012210521072E6
S21404F8D01861181404244413042438140C70186192
S21404F8E0214118140824081402983814404414714A
S21404F8F000C1AC1E00A0141551131C630FDB0C7260
S21404F900196506980205411500A000C3784000B8A2
S21404F9103413807B06720698120706983E1408BBBA
S21404F92051140698B01A4415FC25541500C37840A3
S21404F93000B83413807B047100A002983E051CB9FD
S21404F94000C3A01E00A03413086308DB1A718113D9
S21404F950A0DB0671497910706979086302DB0872C6
S21404F96004B9677900F800A08111086102D9107102
S21404F9701CB97579069820191411FF3100A0FFB937
S21404F98000A0041008211411F421081100A081110C
S21404F990106110310E710698201908211411F821EF
S21404F9A0141100A0FCFB040000000000D4F90400BD
S21404F9B0010000000000000000F04902FCFB040007
S21404F9C000000000F8F90400010000000000000038
S21404F9D000F049021CFA04004063598F404B4C0067
S21404F9E00B000B001A00FF7FF070002000000000E0
S21404F9F09EFE0400000000000CFB04004063598FC8
S21404FA00404B4C000B000B001A00FF7FF0700020E8
S21404FA10000000009CFE040000000000FC1F010320
S21404FA20FCFD04001CC0011000F807001CC00130D7
S21404FA301402080050C00100874130042440060127
S21404FA400700620038700000000000000000000399
S21404FA500068010F40B8244058400101FC006900CA
S21404FA60804005012363E0119BC34A74F003000041
S21404FA7003800000BE0A0000E040010133000000DD
S21404FA80F0400401590B0000640483078813C83A45
S21404FA9090200A0028410101001E00003C410B0191
S21404FAA000148C00141A21282E343B424950435526
S21404FAB07698BA0C28690000010000000721286423
S21404FAC014171A002004C869A1203A093C4201010F
S21404FAD029000000A080020170780300D5C0000051
S21404FAE0A8800111F0010000A88001310542CB0175
S21404FAF0AC800111F0010000AC80013105228D00BC
S21404FB00B080010100030002FFFFFFFFFC1F01039A
S21404FB104CFE04001CC0011000F807001CC0013095
S21404FB20F502080050C001008741300C244006014D
S21404FB3007C05200000000000000000000000003A0
S21404FB400000000000000000584001016402FF00AD
S21404FB50804005014B01A0089BC34A74F0030000D3
S21404FB600000000000000000E04001013300000037
S21404FB70F040040100000000640483078813C83AB8
S21404FB809C200A0028410101031000003C410B019F
S21404FB90000000000000000000000000000000005C
S21404FBA0000000000000000001000000000000004B
S21404FBB00000000000000000000000003C420101BC
S21404FBC000000000A080020170780300D5C0000089
S21404FBD0A8800111F0010000A88001310542CB0184
S21404FBE0AC800111F0010000AC80013105228D00CB
S21404FBF0B080010100030002FFFFFFFF0C4002007B
S21404FC00018014007F400000204002000000000035
S21404FC100000000030400700000000000000000064
S21404FC2000000000000000000000000000000000CB
S21404FC30A007000050400100000000005C400200E5
S21404FC400000000000000000A840010007000000BB
S21404FC50B440040000400000FF4C000000410000D7
S21404FC60FF4D000008C001000000000020C0011085
S21404FC70FF00000020C001300043000024C0040040
S21404FC80EC80B3034375A802000000002E020000B7
S21404FC9054C003000E2D09E654060708D1B6020028
S21404FCA064C008000430000040201006C8F248185B
S21404FCB01FE8F600BD4B721511A3180510325476D2
S21404FCC0980A000088C00100000000000800010136
S21404FCD004070000180001010000000020000101D4
S21404FCE0088400001C4002011000000020F91304E0
S21404FCF05C4005014108000001000000B007080050
S21404FD00A700000000000000944007010101103025
S21404FD1050707F7F0000000000000000000000001C
S21404FD200000000000000000E440010100000000A4
S21404FD30EC4001017DA8D98B00410201006120003E
S21404FD40B75635120C410301F95412002030042929
S21404FD5088BB40002441010100000000304103013B
S21404FD606406660C0C010000E853FA0068410301BF
S21404FD7064048307881382000000000030420301F5
S21404FD80000000000000000E0000000044420101D4
S21404FD90000000001080010103000000388002010A
S21404FDA011491000010000008880010100000000D5
S21404FDB09C800101EB400200B48001013700000181
S21404FDC088000202000C00044C00000094000102AB
S21404FDD000040000D00002020E0000009002960804
S21404FDE0E40001023D094204F400010200000000A0
S21404FDF01801010260005102FFFFFFFF120000001D
S21404FE006666660000000000B0FE0400A0FE040063
S21404FE1000000000001A9A00005A620280841E0045
S21404FE200420FE00114950020000000000000000FB
S21404FE30000000000000000000000000B1841E0066
S21404FE400000000000000000000000001200000097
S21404FE506666660000000000B0FE0400A0FE040013
S21404FE60000C0000001A9A00005A620280841E00E9
S21404FE7004200000114950020000000000000000A9
S21404FE80000000000000000000000000B1841E0016
S21404FE900000000000000000000000000504000050
S21404FEA0E1190000E1190000000000000000000055
S21404FEB0193F010604100100000101060010270086
S21404FEC000090000000000000000000021DC010022
S21404FED0D1DB0100DDDB0100CDDC010091C00300B5
S21404FEE02BC603002FC6030033C6030037C6030021
S21404FEF03BC603000001030464EE0100100000008A
S21404FF0024E101001A00000079EB01001100000052
S21404FF1075E401001100000063E511000400000010
S21404FF2023E111000400000025E1010008000000A0
S21404FF3026E101000A00000027E10100020000009B
S21404FF400000000000000000B8000500A70005003F
S21404FF5000000000B9000500DFC304000000000034
S21404FF60D9C30400DBC3040000000000DDC30400A2
S21404FF7085000500CE000500E0C30400DAC30400D3
S21404FF8000000000DEC304009CFF0400D7C3040086
S21404FF90D8C30400DCC30400D6C304000002030470
S21404FFA00508090A0B0001020304051D2000B4011C
S21404FFB008020200AA00FFFFFFFFFFFFFFFFFFFF8C
S21404FFC01D1A030055390200C1680200414D0300A2
S21404FFD0D16B02005DCD03005FCD030061CD03004D
S21404FFE063CD030009E4020079B90200210103008D
S21404FFF0DD460300E158020059CD030005BE0200A9
S21405000091370300F54902005BCD03000DB60300EA
S214050010ED500200E38A0300000000000013000014
S21405002000000000000000000000000001000000C5
S214050030EDC1020002000000D3DE0300030000004D
S21405004045C10200040000004DDE03000500000067
S214050050E5C0020000000000000000000023001BB1
S2140500602200FF00000000000C090202000000004C
S2140500701C1A0B0303FF06080402020204020A0BFD
S214050080030302030480FF0204FF010101010800C7
S214050090000000000000005A6967426565416C6C07
S2140500A069616E63653039800000183810300000CD
S2140500B0000000008F8E8C8081815A6967426565D5
S2140500C0416C6C69616E6365303906080C108000FA
S20C0500D00C4CFB7F010000004B
S2100500D8E4000500D06C0020E7010000E5
S2140500E40000000000000000FFFF00000100000003
S2140500F400000000000000000000000000000000F2
S21405010400000000000000000000000000000000E1
S21405011400000000000000000000000000000000D1
S21405012400000000000000000000000000000000C1
S21405013400000000000000000000000000000000B1
S21405014400000000000000000000000000000000A1
S2140501540000000000000000000000000000000091
S2140501640000000000000000000000000000000081
S2140501740000000000000000000000000000000071
S2140501840000000000000000000000000000000061
S2140501940000000000000000000000000000000051
S2140501A40000000000000000000000000000000041
S2140501B40000000000000000000000000000000031
S2140501C40000000000000000000000000000000021
S2140501D40000000000000000000000000000000011
S2140501E40000000000000000000000000000000001
S2140501F400000000000000000000000000000000F1
S214050204000100000000F00108000000A010002016
S2140502140100230104000000A81000200600300198
S21405022401000000AC100020FFFFFFFFC0EA21011B
S214050234C0EA21010080000000F04902306E00206B
S21405024400600F0000800000AC3B0020C8000000E2
S214050254FE0000000000000010B50400B0100020E9
S214050264FFFFFFFFC4B804003300000021070100A8
S21405027433000000B38F0300323304003633040022
S21405028443330400503304005D3304006A3304002A
S2140502947D3304008F3304009C330400A933040023
S2140502A4B6330400CB330400DE330400F033040015
S2140502B405340400143404002534040034340400DE
S2140502C444340400503404005D3404006D340400E2
S2140502D47F3404008E3404009D340400A6340400E0
S2140502E4BB340400D0340400E534040005350400AA
S2140502F413350400323504004D350400603504001A
S2140503046D3504008235040091350400A0350400DB
S214050314B2350400C4350400D7350400EA350400B4
S21405032400360400000000000F000000FF00000077
S21405033400000000000000000000000000000000AF
S2140503440000000000000000000000000030E70484
S21405035400C818038D3E0400923E0400BF3E040008
S214050364EA3E0400183F0400463F0400753F0400B7
S214050374A23F0400D23F0400024004005240040099
S214050384FFFFFFFF00F80300FFFFFFFF0000040068
S21405039400000400005C26058C6F002006000000A3
S2140503A4D0DA040000000000010019000100000076
S2140503B434470020010019000100000034470020DE
S2140503C4010019000100000034470020010019004F
S2140503D40100000034470020010019000100000058
S2140503E434470020010019000100000034470020AE
S2140503F4010019000100000034470020010019001F
S2140504040100000034470020010019000100000027
S214050414344700200100190001000000344700207D
S21405042401001900010000003447002001001900EE
S2140504340100000034470020B04B002000000000F7
S2140504440000000048C40400EC5200204070002060
S214050454AC55002054B2040006000000000000005D
S214050464000000000000000030DB040048DB040048
S2140504745FB20400B36A0400FE000000707000203A
S21405048400000000BC550020245600208C56002091
S214050494000000000000000000000000000000004E
S2140504A4000000000000000000000000000000003E
S2140504B4000000000000000000000000000000002E
S2140504C400000000000000000000000023BC03003C
S2140504D41CDD0400FFFFFFFF67BF030063BF0300C7
S2140504E4FFFFFFFF6BBF0300FFFFFFFF4D07020083
S2140504F4FFFFFFFFFFFFFFFFFFFFFFFFFFFFFFFFFE
S214050504FFFFFFFFFFFFFFFF0000000020A107001D
S21405051400000000AD01040000000000000000001B
S21405052400000000000000000000000000000000BD
S2140505340000000000000000CC5B0020492F0200EC
S214050544D9480200B36A0400000000000000000059
S2140505540000000000000000CC5B0020E13502002E
S21405056400000000B36A040000000000000000005C
S2140505740000000000000000CC5B002025400200BF
S214050584D9480200B36A0400000000000000000019
S21405059400000000000000004CB30400CC5B002003
S2140505A47D4D020000000000B36A04000000000050
S2140505B4000000000000000000000000CC5B0020E6
S2140505C40162020000000000B36A04000000000097
S2140505D4000000000000000000000000CC5B0020C6
S2140505E47167020000000000B36A04000000000002
S2140505F4000000000000000000000000CC5B0020A6
S2140506046D7C020000000000B36A040000000000D0
S214050614000000000000000000000000B80B000009
S214050624CC5B0020DD81020000000000B36A0400F4
S21405063400000000000000000000000000000000AC
S214050644CC5B00203D8D020000000000B36A040068
S214050654000000000000000000000000000000008C
S214050664CC5B0020018F020000000000B36A040082
S214050674000000000000000000000000000000006C
S214050684CC5B002055D4030000000000B36A0400C8
S214050694000000000000000000000000000000004C
S2140506A4CC5B00202995020000000000B36A040014
S2140506B4000000000000000000000000000000002C
S2140506C4CC5B0020999B020000000000B36A04007E
S2140506D4000000000000000000000000000000000C
S2140506E4CC5B0020D7E0030000000000B36A0400DA
S2140506F400000000000000000000000000000000EC
S214050704CC5B0020D100030000000000B36A04009F
S21405071400000000000000000000000000000000CB
S214050724CC5B00204119030000000000B36A0400F6
S21405073400000000000000000000000000000000AB
S214050744DFE90300CC5B00204D470300D9480200CF
S214050754B36A04000000000000000000000000006A
S21405076400000000CC5B0020114E030000000000D2
S214050774B36A04000000000000000000000000004A
S21405078400000000FFFFD007B80B0000FFFFFFFFC7
S214050794CEFAEFBEFFFFFDFFFDFF0C002C01001E89
S2140507A42C01400680001027FFFF04F8FFFF0C000D
S2140507B40000000000004000FDFF2C019C00000026
S2140507C4FFFFFDFFFFFFFFFF60EA8000800010C10A
S2140507D4CDAB010A14312E312E362D383133333153
S2140507E46263636120453F4D3F013201FFFFFFFF12
S2140507F4FFFFFFFFFFFFFFFFFFFFFFFFFFFFFFFFFB
S214050804FFFFFFFFFFFFFFFFFFFFFFFF01FF05FFE2
S214050814FFFF0101FFFF0201FFFF640250FF0F0106
S2140508240208031E0605021601010A0C0520070523
S2140508341010010F080410010601010104FF03014D
S21405084401FF0C01FF405AB47F0150403000FFFF02
S214050854FF0B03FF050B0101FF030103050202015C
S214050864FFFFFFFFFFFFFFFF010102FFFFFF40FF42
S21005087401010000BD4C0000954C000082
S804008DF975
