S01B00006275696C642F72656C656173652F7A69676265652E73333714
S214006000081000209DBB0000CD0501006D9A03001E
S2140060106D9A0300D5050100DD0501006D9A0300A9
S2140060206D9A03006D9A03006D9A03006D9A030043
S214006030E1050100A8E604006D9A03006D9A0300CE
S2140060406D9A03006D9A03006D9A03006DB600000A
S2140060506D9A03006D9A03006D9A03006D9A030013
S2140060606D9A03006D9A03006D9A03006D9A030003
S2140060704D0B0100E98C03006D9A03006D9A030036
S2140060806D9A03006D9A03006D9A03006D9A0300E3
S2140060906D9A03006D9A03006D9A03006D9A0300D3
S2140060A06D9A030069BF000049BF00006D9A0300A7
S2140060B06D9A0300254A02006D9A03008954020077
S2140060C097F4030093F40300654C0200ADF403005C
S2140060D09BF40300595402009FF40300C9540200C5
S2140060E0355B020031380200355502006D9A030018
S2140060F06D9A03006D9A03006D9A03006D9A030073
S2140061006D9A03006D9A03006D9A03006D9A030062
S2140061106D9A03006D9A03006D9A03006D9A030052
S2140061206D9A03006D9A03006D9A03006D9A030042
S2140061306D9A03006D9A03006D9A03006D9A030032
S21400614082B030BF074BD3F8F030DB0704D500230E
S2140061500193019B052B01DD02B07047019B0133C3
S214006160F6E700BF00ED00E0F0B5114A114C124E04
S21400617000F00105E3695F0713D40DB9334213D16C
S21400618003EA00078F4207D10B4A1A40002A14BFC1
S2140061906FF001000020F0BD013AEBD16FF0020075
S2140061A0F9E74FF0FF30F6E76FF00100F3E700BFC6
S2140061B08096980000000350020001000B4B70B55B
S2140061C0D96911F480310DD101244FF48072084E44
S2140061D0084DF46020462C641A61FFF7C5FF34644E
S2140061E0EC6070BD6FF00100FBE700BF00000350DD
S2140061F000100350002003504FF4003238B50F4B08
S2140062000F4C9A6641F671330122E569E3630D4B44
S2140062100021DA60022360612120236105F48035C5
S214006220FFF7A2FF10B92120FFF79EFF0122064BC1
S214006230DA600DB10023E36338BD00BF0090005064
S21400624000000350001003500020035070B5134C9C
S2140062506061E3695B071ED40E4656F8043B8D1852
S214006260A361AE420BD10423002121202361FFF756
S2140062707BFF58B9BDE870402120FFF775BF0821A5
S2140062800846FFF771FF10B10423236170BD56F86E
S214006290043BA361E5E74FF0FF30F7E7000003504B
S2140062A02DE9F84315464FF40032184B89469A6696
S2140062B041F6713203F51C33DF69DA6301220646C4
S2140062C003F58053DFF84C8007F48037DA6055B961
S2140062D0284601220E4BDA601FB10022A3F50053B8
S2140062E0DA63BDE8F88306F5005404EA0804A41B44
S2140062F0AC4228BF2C46494622463046FFF7A6FF4A
S2140063000028E6D12644A1442D1BE0E7009000506B
S20C0063100020035000E0FFFF2F
S2140063182DE9F04F4FF0FD0BC9B09A460DF11B0959
S2140063289DF8503108AFCDF80C90CDF808B001971D
S214006338059303890446009383790E469046418860
S2140063488288407814F0AEF8054650B10090A388CD
S214006358002062883A4914F0E9FB284649B0BDE8AF
S214006368F08F99F8000036F06CFB38B12846A38801
S2140063786288344914F0DAFB8D25EEE75A4639462A
S21400638899F8000036F005FB8346002851D0529B4A
S2140063981BB1BDF84C3198424BD8002399F80090B1
S2140063A80793A9F14102012A5FFA8BF123D83846F0
S2140063B80139254ADFF898C05FFA81FE734513DB7A
S2140063C8059B04210792C3B907AF18221F489FED03
S2140063D81A7B02FB060420460A460830394684ED36
S2140063E8027B19F025FA11E010F8011F013351401D
S2140063F80CFB01F2E2E7059B33B123464A463846D2
S214006408009611F077FFA8E70829DED9B8F1000F43
S21400641801D088F80090BAF1000F01D0AAF800B0B1
S214006428529B002B99D05A46184608A919F000FA2C
S21400643893E7012591E700BF000000000000000078
S214006448388F04006D8F0400C59D1C81181100202C
S21400645893010001000000002DE9F04F93B0CDE94C
S2140064680A32DDE91C530E9353EC102BCDE90801D4
S214006478104619468DED060B1E9E18F063FC80B17B
S214006488DDE906014FF0FF32C54B18F083FC40B932
S214006498DDE906014FF0FF326FF4801318F05CFC5C
S2140064A870B1DDE908019DED060B0E9B1E96CDE941
S2140064B81C53DDE90A3213B0BDE8F04F00F088B986
S2140064C80022DDE90601002318F046FC002800F04B
S2140064D83381DDE906A303F1004BCBF30A5016F42B
S2140064E88063A0F2FF3008BF06250F9318F058F90E
S2140064F89BA3D3E9002318F0BDF99BA3D3E9002397
S21400650818F002F8CBF31304894644F07F5180460E
S2140065180022A44B504641F4401117F0F3FF94A311
S214006528D3E9002318F0A6F902460B46404649462A
S21400653817F0EAFF18F038FC044618F031F98EA375
S214006548D3E900238046894618F094F90022964B32
S21400655817F0DAFF18F028FC89A3D3E900230746CA
S2140065684946404618F086F980463846894618F067
S21400657817F985A3D3E9002318F07CF902460B46E1
S2140065884046494617F0BEFF02460B46CDE90C23A7
S21400659818F070F9DDE90C2380468946104619463E
S2140065A817F0B2FF0022CDE91001804B404649465D
S2140065B818F08AFA00227E4B17F0A6FF02460B4612
S2140065C84046494618F080FA00227A4B17F09CFF9E
S2140065D802460B464046494618F076FADDE90C2393
S2140065E88046894600204FF0804117F08BFF024610
S2140065F80B464046494617F087FF02460B46DDE93C
S214006608100118F061FA07F2FF3700226A4B17F0FC
S2140066187BFF00223B0518F02DF952465B46804664
S214006628894618F0B7FB002840F08980CDE90C8928
S21400663804F16303C62B8CBF0527042731051BD539
S21400664853A3D3E900235046594618F099FB00286F
S2140066587FD051A3D3E900235046594618F07CFB57
S214006668002876D00027A542C6BF2C1B04F1FF35AC
S21400667800253C4646F480660E9B9F422CBF4FF092
S2140066880008A3EB070816F0020903D0002F18BF6E
S2140066984FF000083CB1DDE90C235046594618F087
S2140066A813FA82468B46DDE906010022002318F01D
S2140066B853FB10B10BF100439B46DDE9080126F4B5
S2140066C80063CDE90183DDE90A324BEC10AB009597
S2140066D800F07EF802465FB3DDE9091316F0200FD6
S2140066E800F10105089E0CBF65204520B047DDE98E
S2140066F808010523002205930A23002CCDE902325F
S21400670807F1FF374FEAD473B8BF64422A460193AD
S21400671804970A9B009438F002F90246B9F1000F74
S21400672806D00B9BC41A0B9B1A190E9BA34245D87E
S214006738104613B0BDE8F08FDDE906ABCDE60022C3
S214006748404649461A4B18F0BFF9013CCDE90C0102
S2140067586EE7002D90D00F9B002B8DD0013D8BE768
S214006768FB799F501344D33FB3C8608B288AC63F33
S21400677861436F63A787D23F71A379094F930A4095
S2140067881655B5BBB16B0240EF39FAFE422EE63F0E
S2140067982D431CEBE2361A3F0000000080842E4191
S2140067A8FFFFEF7F0000F83F0000E03F00002C40AE
S2140067B800002440000018400000F03F2020DDE9DB
S2140067C80913089DA8470134ADE700BF0000000084
S2140067D82DE9F04F5BEC10AB97B0CDE90501DDE98C
S2140067E82058CDE90723504652465B465946229F15
S2140067F818F0A8FA70B90323CDE902870193AA4BCB
S2140068080093DDE90501DDE9072337F0BAFF17B085
S214006818BDE8F08F4FF0FF326FF4801350465946AC
S21400682818F09AFA28B10423CDE9028701939F4B02
S214006838E6E74FF0FF32504659469D4B18F0AAFA45
S21400684868B19C4A07F00403002B08BF03229A4B42
S2140068581CBF13460422CDE902870192D0E75046B2
S2140068688DA3D3E90023594618F094FA38B98CA3B7
S214006878D3E900235046594618F06EFA68B1DDE9A8
S2140068880723DDE905014BEC10ABCDE92187209500
S21400689817B0BDE8F04FFFF7DFBD002200235046D3
S2140068A8594618F059FA002800F091805B4652467F
S2140068B80020002117F026FE012382468B46099306
S2140068C817F4806400F08580092D40F28580002446
S2140068D830210EABA5F109020134202C03F8011B68
S2140068E8A5EB040901D09442F6D15946504618F053
S2140068F85BFA724B054603EBC90393ED007B8DEDFF
S2140069080A7B17F04DFF02460B465046594617F0CD
S214006918F9FDDDE90A2317F0ADFF02460B46CDE97F
S2140069280C2318F069FA064617F02AFF02460B46AB
S214006938DDE90C0117F0E6FD02460B46CDE90C230F
S21400694800225F4B18F026FA002848D00136304659
S21400695817F016FF02460B46DDE90A0118F006FA9C
S21400696808B100260135B9F1000F45D1284617F0C1
S21400697817FF02460B465046594617F0C3FD00223D
S2140069884F4B18F0E9F910B9E90700D501350A2187
S2140069980EAB1A19202C0AD095FBF1F001FB105506
S2140069A8303502F8015B013405460028F2D107F0BD
S2140069B80302012A55D1B8F1000F52D0099A12B92C
S2140069C817F00C0F01D008F1FF38302240E009908C
S2140069D876E74FF0060988E7A946002485E70022EF
S2140069E8DDE90C01364B18F0B7F90028BBD10EB11B
S2140069F8F007B8D50136B6E70A210EAB1A19202CCF
S214006A080DD0B6FBF1F001FB1063092E03F130033D
S214006A1809F1FF3904F1010402F8013B11D83021CD
S214006A28A1440EAA202CB2D04C4504F101030AD189
S214006A3804F158020DEB02042E2204F8202C1C4602
S214006A48A5E70646DBE7A1541C46EBE71A550134D2
S214006A58444506D2202CF9D1CDE9028701940EAB25
S214006A68CEE6202CF8D0099B3BB12D2204F1580322
S214006A786B4403F8202C0134EEE77A0704D504F1BA
S214006A8858032B226B44F4E73B07E5D504F158037B
S214006A9820226B44EDE700BF0000000065CDCD4125
S214006AA80000000065CDCDC197AD04009BAD040085
S214006AB8FFFFEF7F8EAD040093AD0400A0F5040041
S214006AC80000E03F0000000070B58EB02C220021C8
S214006AD803A818F01DFD64234FF002320893CDE991
S214006AE805230B2301218DF834305B4B8DF81010ED
S214006AF81D880D4040F0A98008463CF0E3F90A22BC
S214006B08564B574C1A704FF42873ADF812304FF0A6
S214006B18FF332360534B54491B8820460B82534B44
S214006B28534A1B68CD828B61524B0D621B884B8281
S214006B38514B1B68CB611EF0C5FD20B14FF41B718D
S214006B484E483DF092FA0521206838F046FD20B1FF
S214006B5840F27D2149483DF088FA206817F08EFCFF
S214006B68474B2068196838F0B2F80C253CF012FE3E
S214006B78684309903CF00EFE68430DEB050107904C
S214006B88206819F061F920B140F295213B483DF0A4
S214006B986CFA256821F032FB00220146284638F0B8
S214006BA80EF920B140F2972134483DF05EFA40F2E3
S214006BB80353344D344E2B80052396F90000AB70F2
S214006BC87F2801D11FF066F83378EB703CF0E2FDC1
S214006BD800EB80008000A8803CF0DCFD0023C000AD
S214006BE84FF0FF31E880AB604FF0FF3018A3D3E9D1
S214006BF800233CF0B9FA2549206838F099F820684F
S214006C0802A938F091FD20B14FF434711B483DF0CD
S214006C182CFA042220680DEB020138F02DF804281F
S214006C2804D040F2D72115483DF01FFA01A90120EB
S214006C3837F0F8FB09F00AFD01201FF0BDFC33F021
S214006C4894FD1FF0E3FC1EF0BDFF0EB070BD00BF44
S214006C580A0020FF42030000AC6D002012750020D9
S214006C68D8650020C40E05002C7C0020CC0E05003C
S214006C78F52E0400C20E0500C80E0500C6E4040082
S214006C8874790020CC650020627F0020692F0400FC
S214006C980348044B834202D0034B03B1184770479E
S214006CA8947F0020947F002000000000064B0749D0
S214006CB8C91A891048BF0131491003D0044B0BB1DB
S214006CC801481847704700BF947F0020947F002033
S214006CD80000000010B5064C237843B9FFF7D8FF2C
S214006CE8044B13B10448AFF300800123237010BD92
S214006CF80817002000000000044A050008B5044BE9
S214006D081BB104490448AFF30080BDE80840CDE74E
S214006D18000000000C170020044A0500A3F5803A7E
S214006D28704700BF154B002B08BF114B9D46FFF759
S214006D38F5FF00218B460F461148124A121A18F022
S214006D48E7FB0C4B002B00D098470B4B002B00D0D2
S214006D5898470020002104000D000B4818F01EFF7D
S214006D6818F0AEFB2000290032F06FF818F004FF88
S214006D7800000800000000000000000008100020C6
S214006D8808100020787500200DFC010007B50121C9
S214006D9820200DF1070201F019FF50B10121202033
S214006DA80DF107028DF8071001F020FF03B05DF81B
S214006DB804FB9DF807100129F8D00122084817F0AF
S214006DC889FA01210DF1070220208DF8071001F03D
S214006DD80DFF31F06BFF4FF4FA6001F03FFDE5E779
S214006DE8D044040038B501F0B7FC02F029FA0128AF
S214006DF805D002F025FA022801D002F047FA124D13
S214006E082B783BB902F01CFA0128044602D132F06E
S214006E1813F82C7002F014FA0128044609D101F080
S214006E2881FC31F056FF094A094B117811B91470E4
S214006E38186038BD1A680749821A8A42F9D9186054
S214006E48BDE8384003F052BE996E0020986E0020C8
S214006E5824170020DF930400F7B5044601F0A8FDC8
S214006E68217A034659BB40F6B732904225D801220C
S214006E781B4D35F8226005EB8200B3420DD2013275
S214006E880C2AF6D1E2884A436421B2FBF1F292B2A8
S214006E9898B240EA024003B0F0BD013A817805EBAB
S214006EA8820080789F1B401A784335F82220921B70
S214006EB8B0FBF2F21144C9B2E4E76421E2E7658860
S214006EC885420AD8A088E2889842E1D3591B5143E4
S214006ED8401BB1FBF0F18AB2DAE70022D8E700BF20
S214006EE8CCE5040010B50446008831F0ABFEA37864
S214006EF884F84400834202BF0123E3702371074BE2
S214006F0804F11C00C4E9073401F074FF2246208807
S214006F180349BDE8104001F0F3BD00BF93840300A9
S214006F285D84030070B5C37804460D461646002BEC
S214006F3834D1D1B1214817F0CDF90123E370E36CC1
S214006F48A6600BB1E06D9847E368F61A63699E423F
S214006F5821D2217E1A480131C9B2217617F0BAF932
S214006F68A36D13B1217EE06D9847E57031F0B1FE50
S214006F7815B3237903BBA268238A801A83421BD8D9
S214006F8801231048237117F0A5F9236DA3B1E06D0E
S214006F98BDE87040184701232376E6E70029E4D1C8
S214006FA8094817F097F9636DE660E5702571002BC0
S214006FB8DBD0E06D9847D8E770BD00BFF844040002
S214006FC809450400374504002445040013B5C8B134
S214006FD8C2B1012910D0022911D099B9C369283045
S214006FE883B11404B4FBF3F404600848009417F063
S214006FF871F9002002B010BD036A2C30F0E7436A2E
S2140070083030EDE74FF0FF30F4E700BF4D450400A1
S2140070180A4604490346086810B1194631F091BA81
S214007028704700BF2817002070B5044694F89D20C6
S21400703894F89E30D21A4032514201F03F0102F0D5
S2140070483F0258BF4A42D2B2162A00D870BD03F093
S2140070583F02224492F85D20552A05D0013303F0FA
S2140070683F0384F89E30E1E700205822191801F003
S2140070783F01214491F85D1001300A441628D2B227
S214007088F4D1D24303F1160101F03F01214491F8EF
S2140070985D10D2B28A42E1D10121204631F016FABB
S2140070A804210546204631F011FA0A2106462046F4
S2140070B831F00CFAA26AC4E907655643E26A03028D
S2140070C848BF434202FB05F5226B48BF23F07F40CA
S2140070D802FB00F303F500431B0C360C2D0C238132
S2140070E86062A680E58031F0F4FD237E33B9012383
S2140070F8237694F89E3060611733B0E742F2107238
S2140071086369C31A9342F2D82269B4F9081003FBDC
S21400711801222261064A23699342E8D3A3F55B134A
S214007128A3F53A532361E3680133E360F3E700BF4E
S21400713880EE360010B5044601F00AFF2046FFF739
S21400714873FF0221054801F0EFFE04F134004FF406
S2140071587A71BDE8104031F0B3BD00BFFCE504000D
S2140071682DE9F8430D4616469846044610B3A8225D
S2140071780021043018F0CCF940F29D1240F20513B5
S214007188C4E90A236923DFF8889023634246314618
S21400719828461A4B25806680C9F8004001F058FE3C
S2140071A8074660B10023324629461548C9F800301C
S2140071B817F090F84FF0FF373846BDE8F88331F0FF
S2140071C888FD012384F85C300E4B6061C4E92834DE
S2140071D8032384F8A8300C4BC4E90D343434204615
S2140071E801F008FE20464FF47A7131F069FD4346F7
S2140071F832462946054817F06DF8DDE71970000095
S2140072088645040000E604003D710000B34504000E
S2140072182817002058B101B1816202B1C26203B1D9
S2140072280363816AD0E90B23014817F053B8704707
S214007238E44504002DE9F8430E4617461D46044665
S214007248002846D092220021063018F061F9224A1A
S214007258224B3046C4E9152343F273630022E365E4
S214007268114626806780A58031F00EFD0022A071A9
S2140072781146384631F008FD00224FF00108114645
S214007288E071284631F0ABFC284631F0C7FC84F89C
S2140072983C8031F01EFD124B04F16009C4E9183435
S2140072A8206284F88980484601F0A4FD0D4B3A46D2
S2140072B83146C4E923340C482B4684F8948017F0EA
S2140072C809F8484641F2883131F0FAFC0020BDE85A
S2140072D8F8834FF0FF30FAE7305C020076CF010003
S2140072E8678603001CE604000946040060B100290E
S2140072F814BF0123002380F88A30044B044905484C
S21400730818BF194616F0E6BF704700BF3D46040092
S2140073184F4604006046040058B101B1416502B109
S214007328826503B1C365416DD0E91623014816F09E
S214007338D1BF70477B46040013B5C8B1C2B1012956
S21400734810D0022911D099B9836C543083B1140433
S214007358B4FBF3F404600848009416F0BBFF002062
S21400736802B010BDC36C5830F0E7036D5C30EDE733
S2140073784FF0FF30F4E700BFA146040070B504469E
S21400738800F1440680F83B1030460D4631F09DFC6F
S214007398238F1BB194F83A30AB4205D129462046D4
S2140073A8BDE8704031F0D8B984F83C3031F091FC33
S2140073B8064B2064C4E91134304601F01BFD304604
S2140073C8BDE87040142131F07BBC00BF89870300FC
S2140073D870B51E46838804460D46C18002810BB1EF
S2140073E8868070BD443031F070FC94F83430BBB100
S2140073F894F83610002908BFFF21204631F0ACF972
S2140074080123E370074BA680C4E903340C342046F6
S21400741801F0F0FC29462046BDE8704031F050BC2B
S214007428FF21EAE7DB87030058B1064B064A0749FF
S214007438C0E90023064BC0E902130023C0E9043361
S214007448836170471E009065C409102708523C00E7
S214007458600E803E10B501790446B1FA81F10088C5
S214007468490931F024FB21796088B1FA81F149098C
S21400747831F01DFB034B1A68A24204BF00221A60B3
S21400748810BD00BF2C17002070B543790446A3B181
S21400749800880E4E04F10805336813B10C4B1B78B0
S2140074A86BB1217931F003FB64210A4B3460A36089
S2140074B82846BDE8704031F003BC4088E9E7064836
S2140074C816F008FF054B3221A360F1E72C170020C1
S2140074D89C6E00205D740000DE4604009174000077
S2140074E810B50446E0B10F4816F0F4FE01236371A8
S2140074F8A37953B92179208831F0D9FA236B7BB167
S214007508606B0121BDE8104018472046FFF7A2FF30
S21400751804F1080031F0D9FB2046FFF7B5FFEDE788
S21400752810BD00BF1447040010B50446F8B1104853
S21400753816F0D0FE00236371A3796BB921792088F1
S214007548B1FA81F1490931F0B2FA236B7BB1606B6D
S2140075580021BDE8104018472046FFF77BFF04F1DE
S214007568080031F0B2FB2046FFF78EFFEDE710BDAE
S2140075781F47040010B5044668B1074816F0AAFE6F
S214007588637920461BB1BDE81040FFF7CDBFBDE8C4
S2140075981040FFF7A5BF10BD2B47040010B50E4CD2
S2140075A80E48214616F096FE82210D4816F092FEE9
S2140075B882210220A21E01F019FB014630B134F8E0
S2140075C8022C0848BDE8104016F084BE0648BDE800
S2140075D8104016F07FBE00BF2A6700203A47040016
S2140075E85547040060470400A447040038B5114C0A
S2140075F882212246022001F0E9FAA51C014688B13C
S21400760822880D4816F066FE2A460C4B03F12C011C
S21400761853F8040B8B4242F8040BF9D11B7813700D
S2140076282C23238035F8021C054A0648BDE8384056
S21400763816F050BE28670020AF4704002F48040005
S2140076482A6700200D480400034B1B781BB18B42A9
S21400765801D831F02BBB7047F37E0020884208B56E
S21400766804D3034816F036FE01F0ECF808BD00BF58
S2140076785C48040010B5044601460E4816F02AFE7B
S214007688012C11D10C4B0D481A884FF6FF739A42FD
S2140076981EBF0022094B5A7431F034F903F00AFC75
S2140076A8BDE8104003F03CBA0448BDE8104031F08D
S2140076B82BB900BF914804009C7E0020007900206A
S2140076C838B54FF6FF73114C2088984216D031F023
S2140076D86FFA40B1208831F080FA20B92046BDE81C
S2140076E8384030F0ACBE31F065FA4FF6FF7398427A
S2140076F8054604D1064816F0EDFD258038BD054838
S21400770816F0E8FD01482580E9E700BF9C7E0020CA
S214007718B0480400F84804002DE9F04704460D4632
S214007728164600274FF06C09DFF82C80DFF82CA0EF
S21400773898F80030BB4206DC324629462046BDE8AB
S214007748F04702F019BF09FB07A033462A46214630
S214007758FFF73EFE0137EBE7A66E0020FC3500205B
S21400776808B501F06DFD0128064807D131F0CAF8C2
S21400777803F0D6F9BDE8084002F026BF31F0C4F899
S214007788F6E700BF0079002070B500241A4D1B4E9E
S2140077983378A3421BDC0024194D1A4E3378A342D3
S2140077A81BDC0024184D194E3378A3421BDC01F06D
S2140077B847FD012816481CD131F0A4F803F07AFBDF
S2140077C803F0AEF9BDE87040124801F059BD2846EE
S2140077D8FFF788FB01346035DAE7284631F048F8C9
S2140077E801346C35DAE7284631F066F90134383565
S2140077F8DAE731F089F8E5E7DC310020A56E0020ED
S214007808FC350020A66E0020AC2F0020A46E0020B9
S214007818007900207D7600002DE9F04F89B0FFF74B
S214007828E5FE9C4B07A8079331F091F9054617F03B
S2140078386BFD994CC2B21F2A627004D9974816F09D
S21400784849FD00F0FFFF2946A01C17F0F1FF07A826
S21400785831F07DF9054617F057FDC2B21F2A84F8A5
S214007868212001D98E48EAE7294604F1220017F0BC
S214007878DFFF07A831F06BF9322504460027267883
S214007888002E31D1874CFFF77FFF2378DFF85CA204
S214007898DFF85482844F00939AF8003098F8002056
S2140078A83978824816F016FD814B824D9A68002A70
S2140078B800F035852878002800F02F8532467E4966
S2140078C891F802C00132664538BF6646904201F11B
S2140078D8B801F5DC023E032E00F27F85DFE816F0DD
S2140078E87B05790577057505532E0FD163784C2BE4
S2140078F840F05C81A378502B40F058816F4B0122F2
S2140079081A7007A831F023F90446B8E7322E07D1D3
S2140079186378452BF5D1A378502BF2D1684BEEE768
S214007928442E13D16378303B092BEAD8601C31F01B
S2140079381BF9644B644A1978002385B2994202F110
S2140079486002DEDD22F8465C0133F7E7422E10D1EE
S2140079586378542B45D1A01C01F020F923795B4AA3
S21400796803F0DF03A3F141014B424B411080137231
S214007978C7E7592E1FD8412EC3D9A6F14303162BA5
S21400798800F29584DFE813F0050393045F0393047D
S21400799893049304B40093049304550020009304BE
S2140079A89304930493048B011201A702930493048F
S2140079B8A702D9016802692EA3D1601C31F0D4F859
S2140079C880B231F06FF99CE7374B01201978002315
S2140079D83F4A994202F1D80293DD02F8D60C0133E9
S2140079E8F7E7DFF8E0800B213A4A98F80000FFF73F
S2140079F835FE601C01F0D2F80646E01C31F033F97B
S214007A0801210246304631F0EAF8602198F8003045
S214007A182D485943421846524FF4FA6111824FF4E2
S214007A28487151612C4901335583116588F8003037
S214007A3867E7DFF8B0800521284A98F80000FFF7C6
S214007A480DFE601C01F0AAF800224FF06C09824671
S214007A58114631F0C4F8224E98F80070E11C09FB74
S214007A6807F307FB0967384626F803A031F055F8F0
S214007A78384630F0FDFE00210D4A98F80030516077
S214007A88012103FB09660B441660117488F8003060
S214007A98012736E72A670020FC77002033490400D0
S214007AA84A4904009F6E0020A26E0020494A04003E
S214007AB8007900209E6E0020BC2100209C6E0020CD
S214007AC89B6E0020A56E0020DC3100209C7E0020E6
S214007AD8402C00205A490400F38A03006249040037
S214007AE8FC350020A66E0020A16E0020A06E0020A7
S214007AF8C34E0521C34A3078FFF7B0FD601C01F07D
S214007B084DF800224FF06C098246114631F067F8AE
S214007B18DFF82C833378E11C09FB03F203FB0989A1
S214007B28484628F802A030F0F8FF484630F0A0FE95
S214007B38B54BB6491C78084600239C420ADD0A6DF8
S214007B4858313ABB582202FB03006C23327802FBFA
S214007B5803830365AE4900230846D1F8CC20DAB97A
S214007B68D82202FB03006C23327802FB0383C0F89A
S214007B78CC305FB9A74A3B46114652F8040B88B981
S214007B886C22307800FB028241F8232033780133D8
S214007B983370B6E60133D0E70133042B01F1D80180
S214007BA8DBD1E6E70133042BE7D1EFE7DFF8948271
S214007BB8994E98F800000B21984AFFF74FFD0421CC
S214007BC8974A3078FFF74AFD601C00F0E7FF8246C8
S214007BD8E01C31F048F801210246504630F0FFFF1D
S214007BE8602398F80020DFF850925A4309EB020306
S214007BF829F802A04FF448721A825A61894A5D83AE
S214007C089A65E2783078642A04BF01229A70D823ED
S214007C1803FB00F1DFF8F8A10AEB01020AF80100FD
S214007C284FF40071518003211171917122795A2AFB
S214007C381CD1DFF814B29BF800208A4216D8607967
S214007C4802F008FC7424002808BF1520D8239BF8E7
S214007C580020754904FB021CACF80200307801329B
S214007C6803FB00AA8BF80020CAF8D0C0D8223378C5
S214007C78674998F8000002FB031101221344CA71F1
S214007C880A7200EB400209EB4212CA603222DBB2EB
S214007C9881F8C820421C4B7188F8002078E7634EAC
S214007CA8DFF8649130780A21614AFFF7D7FC06218D
S214007CB85F4A99F80000FFF7D1FC601C00F06EFFE1
S214007CC800224FF0380B8246114630F088FF337892
S214007CD8DFF878810BFB03F328F803A04FF0010ABE
S214007CE808EB030282F804A0E378692B14D100237A
S214007CF81371582299F80010444B4A433478981860
S214007D089954631CC4EBC40208EBC20233704B1CC4
S214007D18C26489F80030F4E5002BEAD0E01C00F0D5
S214007D283DFF00220446114630F059FF33780BFB1E
S214007D3803835C8083F806A0DBE7DFF808A1DFF89A
S214007D4810919AF800000B210130344AC0B2FFF7B0
S214007D5885FC0321374A99F80000FFF77FFC601C72
S214007D6800F01CFF8046E01C00F018FF0646601D69
S214007D7830F079FF044602460121404630F02FFFD6
S214007D8822463046012130F02AFF60209AF800305B
S214007D98294A00FB03F4111922F804804FF44874AA
S214007DA8DFF8B0C00C824C61C1F858C04D83591C2E
S214007DB8C9B2484302EB000EAEF81040CEF81440A5
S214007DC894241652981C8AF8000099F800001B4E56
S214007DD8444303EB430301EB410102EB4313CEF8A4
S214007DE858C002EB411206EB040C30550130AEF8D1
S214007DF81A50CCF80430CCF8082089F8000080E542
S214007E08A66E002062490400A16E002060280020AB
S214007E18402C002000790020A26E00205A49040059
S214007E2874490400F78A0300702A0020A46E002014
S214007E38674904006E490400DC310020A4260020AF
S214007E48FC350020A56E0020A36E0020AC2F002075
S214007E58A06E0020517600004FF0000ABD4F0521A5
S214007E683878BD4A0230C0B2DFF8F0B2DFF83083A7
S214007E78FFF7F4FB661CE31D3046039300F08EFE06
S214007E8800221146814630F0AAFE6C233878023666
S214007E9803FB00F108EB010228F801909146104612
S214007EA8E11D029230F039FE029A484682F834A064
S214007EB830F0DEFC6C233A7802FB0381039B013228
S214007EC89E424BF8041B3A70D6D10122A34BC3F846
S214007ED80CA01A74DCE5542E14BF4FF001084FF0BE
S214007EE802089F4BDFF8BCA293F80090052148468D
S214007EF89C4AFFF7B3FB9AF800000A210138404471
S214007F08994AC0B2FFF7AAFBB82202FB09F3974EBC
S214007F184FF06C0BF11806F80390022381F80280E4
S214007F2803FB084113FB084309FB02660131DFF82F
S214007F387892029103939AF80030601C5A1C03FB4F
S214007F480B988AF80020049300F028FE049B02345D
S214007F580BFB03F209EB020329F802000022114684
S214007F68049330F03CFE4FF00102049B4046029911
S214007F7883F8342030F0D1FD404630F079FC039B7E
S214007F8846F8048F9C42D6D1754A1378013313708D
S214007F98B7E4DFF81892DFF8188299F800000A218B
S214007FA80130734AC0B2FFF759FB0321714A98F8AB
S214007FB80000FFF753FB601C00F0F0FD0646E01CCF
S214007FC800F0ECFD002204461146304630F007FE6D
S214007FD800222046114630F002FE382099F800307C
S214007FE8654A00FB03FC02EB0C0122F80C604FF01C
S214007FF8010C002681F804C08E7103EB0C01C9B28F
S21400800848431452702402EB000E981C89F80000AE
S21400801898F800008EF806604443584EC3EBC30336
S214008028C1EBC10102EBC3038EF804C002EBC10228
S21400803806EB040C30550130CCF80430CCF8082098
S21400804888F800005DE46378502B40F0B380214642
S2140080584B4816F03FF9A01C00F0A0FD0646201D70
S21400806800F09CFD8046A01D00F098FD4FF6FF73BB
S2140080789E4281463FF445AC98453FF442AC984250
S2140080883FF43FAC0346424631463E48FFF7D2F837
S21400809800287FF436AC083456210390204630F08A
S2140080A833FD41210290204630F02EFD57218346AD
S2140080B8204630F029FD49218246204630F024FD2E
S2140080C801783048A1F1490359425941FFF70EF9A2
S2140080D8029A039B1178562934D1501C30F044FD7F
S2140080E804469BF80030412B2ED10BF1010030F0EE
S2140080F83BFD83469AF80030572B28D10AF1010039
S21400810830F032FD03465A4621461E48FFF704F96A
S2140081181C4830F018FB1C4C014620601B4801F038
S214008128BBFD21681A4831F09BF90123194A3146EC
S2140081381370194A194813704B46424616F0CAF887
S214008148FFF7DFBB1C46CCE74FF0000BD2E7002357
S214008158D9E700BFA66E0020624904000079002017
S2140081689E6E00207D49040084490400BC2100203E
S2140081786749040093490400AC2F002054250020CA
S2140081889A4904001C1A00206C1900209017002039
S214008198081000209A6E0020F27E0020C8490400CD
S2140081A8FC3500209D6E0020841D0020A46E002053
S2140081B89F6E0020422B7FF4A4AB2146A64816F0FB
S2140081C889F8A01C00F0EAFC0646201D00F0E6FC34
S2140081D84FF6FF739E4280463FF493AB98423FF4B7
S2140081E890AB04F106095321484630F08DFC03781D
S2140081F88B4254D1013030F0B7FC03464246314634
S2140082089648FEF7ADFF044600287FF47AAB562161
S214008218484630F079FC41218346484630F074FCE5
S21400822857218246484630F06FFC9BF8003081465E
S214008238562B04D10BF1010030F096FC04469AF850
S2140082480030412B2ED10AF1010030F08DFC824619
S21400825899F80030572B28D109F1010030F084FC3A
S2140082680346524621467D48FEF7D4FF7B4830F049
S21400827882F97B4C014620607A4801F00DFD2168A2
S214008288794831F0EDF80123784A31461370784A78
S21400829878481370424616F01DF8FFF732BB4FF4C5
S2140082A89653ABE74FF0000AD2E70023D9E74F2EE4
S2140082B87FF427AB63784C2B7FF423AB6B4B1B7890
S2140082C8002B3FF41EAB02344321204630F01CFC42
S2140082D880465021204630F017FC98F800300646B5
S2140082E8432B16D108F1010030F03EFC84B23378F7
S2140082F8502B10D1701C30F037FC82B221465E48F5
S21400830830F024FB574B5D48B3F86A20B3F85E108C
S214008318C1E70024EBE70022F0E70F229A74FFF784
S214008328CFF9574B1B7802930BB13B7802933A78F8
S21400833898F8003028789AF800502478D1182944FC
S2140083482144029C01442144C9B20C2947D800257F
S214008358034428464B4C0394AA4246DC012938BFFE
S2140083680121494D04912A4600232C464FF4827178
S2140083784FF6FF7604980133984213705180968022
S21400838802F10C02F6DC414B3F494148A36001F07C
S21400839861F8E079A36800EB400003EB800000F08A
S2140083A85FFCE379384901333A48E37102F0BEF8D6
S2140083B8394B1B88B34203D03349384801F09AF941
S2140083C80026DFF8C090314C2DE00722A6E70322EE
S2140083D8A4E70422A2E70222A0E701229EE70C22D5
S2140083E82F4815F077FFFFF72CBA667901359E42BD
S2140083F8C4BF20716071D834AEE736B115F8053CB5
S21400840803EB430304EB8304AC604846294602F0BA
S21400841897FED9F8D00010B1294601F05FFF013663
S21400842809F1D8090C353B78B342E6DC0F4B1B78CC
S2140084385BB10F4B1B78012B07D11349094801F094
S21400844875FC1149084802F063FA00264FF00C0B39
S214008458DFF850900C4D44E09A490400701900204B
S2140084686C19002090170020081000209A6E002033
S214008478F27E0020F7490400EC1700201B4A04008F
S2140084889B6E0020402C0020B41A0020441B0020BD
S214008498FC770020801700209C7E002030170020E4
S2140084A8994A040060280020397889190AD04A1E9B
S2140084B80BFB0252D27902EB420204EB82040BFB5E
S2140084C80152946048460BFB015102F0E7FB3978ED
S2140084D8854831440BFB015101F09EFE013609F137
S2140084E8580998F80020B242DEDC804B1B7823B18E
S2140084F81AB17F497F4830F07AFE0C2100264FF0EB
S214008508940B98F8003097F80090994401FB0951AD
S214008518794B1878794AB0427CDC0C214FF0000978
S2140085283E7898F800301E44064401FB065B744B00
S214008538744A1878484500F382800C214FF0000BE7
S21400854898F800303E781E449AF800301E440644D8
S21400855801FB06596C4A6D4B12785A4500F38C801D
S214008568624B1B78A3B1DFF8B0B19BF80010012965
S2140085780ED90C26013906FB01515E4801F0D6FBE0
S2140085889BF800106248013906FB015102F0C0F959
S21400859898F800203B78062113449AF80020012614
S2140085A81344574A12781344574A127813440C2235
S2140085B802FB035500231846039A0C35D83203925B
S2140085C8029A9A4274DC04995248534D00F078FD9A
S2140085D801F0FAFF454B40F2055240F60431287880
S2140085E81E7800F04FFD0022044640F202712878FB
S2140085F800F048FD21460246304600F0A7FE079BDD
S21400860846491A468B4266D1454809B0BDE8F04F40
S21400861815F060BE16EB090F18BF11F8050C05918A
S2140086281EBF00EB400004EB80048C600BFB0620AA
S21400863801F024FA0599304B01360C3169E719EB3D
S214008648060F18BF1BF8050C59461CBF00EB400068
S21400865804EB80044FF0700018BFCBF8084000FB0E
S214008668092001F0E1F859461F4801F0D5FD09F147
S21400867801090BF10C0B5AE7B8201BEB060F18BFC5
S21400868819F8052C00FB0B301CBF02EB420204EB6A
S2140086988204494618BFC9F8084002F001F849465E
S2140086A8114801F0B9FD0BF1010B09F10C0951E76E
S2140086B815F8112C039F02EB420204EB820415F80E
S2140086C80C2CC4E9001045F8044C05F8056C07F8AE
S2140086D8042C013370E713F8011D002990D13B21C3
S2140086E802F8011C8CE700BFA02F00209A6E00201D
S2140086F86028002090170020A06E0020A4260020E6
S2140087089F6E0020542500209E6E0020BC2100206D
S21400871808100020B41A0020F27E00202A670020E5
S214008728D64A040008B5094B1B786BB1084830F0E8
S21400873861FD074830F0DCFD064802F075F9BDE833
S2140087480840044830F09EBE08BD00BF9A6E002060
S214008758901700200810002008B5064B1B783BB180
S21400876805482FF0F8FFBDE80840044830F042BD41
S21400877808BD00BF9A6E00201C1A00209017002023
S21400878807B5012121200DF1070200F01FFA18B9DC
S2140087989DF80720024B1A7003B05DF804FB00BF73
S2140087A8F37E002007B5064B8DF8070018700121E8
S2140087B80DF10702212000F019FA03B05DF804FB5A
S2140087C8F37E002007B5022101200DF1060200F015
S2140087D8FDF938B9044815F07DFDBDF8060003B06C
S2140087E85DF804FB0020FAE7F34A040007B5022107
S2140087F8ADF806000DF10602012000F0F7F9014673
S21400880810B1034815F066FD03B05DF804FB00BF21
S214008818144B040010B5FFF7D5FF04460146074879
S21400882815F058FD0121064815F054FD24B9BDE899
S21400883810400120FFF7DABF10BD00BF444B04000C
S214008848564B040008B5044815F044FD00F0DEF960
S21400885830F02CFA30F027FA6C4B040038B5044692
S214008868084D094B28462B6000F0C4FA002C18BFA8
S21400887821462846BDE8384008BF4FF4967130F0C8
S2140088881FBA00BF183800208F8B03002DE9F0436D
S214008898394D93B008AC0746894690460FCD0FC4AD
S2140088A80FCD00260FC495E803000323012584E8AE
S2140088B80300324C3248CDE90366CDE905668DF8EB
S2140088C80E30079602953BF06AFB2E483BF067FB96
S2140088D832462D4920468DF8176006F011F83346C3
S2140088E832462A498DF81900009020468DF82390C4
S2140088F8CDF82C808DF8216006F01CF80A902046EA
S2140089088DF8097005F07CFF204608AA05A906F030
S21400891837F802AA204603A931F010FE4FF4007279
S2140089281B4B5A62194BE560626A920510D46BB904
S2140089384FF40072164B11485A6205F061FF114851
S2140089483BF030FB002013B0BDE8F083013BEBE7BB
S214008958002BEDD0094908A831F023FE4FF4007229
S2140089680B4B06485A6205F04BFF06483BF01AFBCD
S214008978BDF82000E7E700BF38E604000040005ACC
S214008988A8E80400A4E8040080841E0040420F0003
S2140089980060005A0122034B1870034B1980034BE2
S2140089A81A707047A86E0020A67E0020A76E0020CA
S2140089B8F8B5454B1B780BB90020F8BD434B1B7820
S2140089C8012B03D1BDE8F84030F0E0B8404B1C88D6
S2140089D84FF6FF739C42EFD03E483BF0E0FA002388
S2140089E8260AE4B21A462146304605F0C9FE012E8C
S2140089F8354604F0010335D015D9B51E012DDBD850
S214008A08002B0BBF4FF480754FF080754FF47061E4
S214008A184FF070610BBF01274FF480370F204FF4DB
S214008A2870202D4B11E0002B0BBF4FF480754FF0D4
S214008A3880754FF470614FF070610BBF01274FF4DB
S214008A4880370F204FF47020244B1A6802401CD041
S214008A58BA421AD01A680A4032D11A6822EA0102C3
S214008A682A4316E0002B0BBF4FF480754FF0807535
S214008A784FF470614FF070610BBF01274FF48037D9
S214008A880F204FF47020164BDFE71A6822EA000220
S214008A983A431A6030F07AF8054600288CD0083633
S214008AA844EA06102A460321C0B2FFF7EFFE40F656
S214008AB8FF73684300F2FF70B0FBF3F080B27CE708
S214008AC895427FF479AFC8E7A76E0020A86E00200D
S214008AD8A67E0020A8E8040028C3035020C303503D
S214008AE824C3035010B5044C237823B903483BF03D
S214008AF856FA0123237010BDAA6E0020A8E80400C9
S214008B082DE9F0431F4C85B0074688469146FFF787
S214008B18E9FF23781BB903F0D9F8012323707BBA41
S214008B28ADF80C3030220023174E02FB03F4315DFB
S214008B38A51901BB012333554FF0FF3304F110008C
S214008B4812493044AB606F80C5F80480C5F80C90B5
S214008B580AF0BCFC04F10801042231440C4B0095D1
S214008B6803A803F089F9A96802460A4815F0B2FB7B
S214008B7805B0BDE8F0830133102BD6D1064815F0B2
S214008B88A9FBF5E7A96E002040380020C38B030038
S214008B98D58B0300794B0400A74B040080B10278FC
S214008BA8A2F14103032B0BD840783038C0B208280E
S214008BB806D8054B134413F8413C40EA0320704797
S214008BC84FF6FF70704700BF60E6040008B50B4616
S214008BD842B101460448006804F096FABDE8084029
S214008BE830F05AB8022008BD6C79002008B50B464C
S214008BF842B101460448006804F00EFCBDE808408F
S214008C0830F04AB8022008BD6C790020F0B500267E
S214008C18124F8DB0FF2300930A223346386802A904
S214008C2831F031FAC0B102AB1D4603EB800404E014
S214008C3855F8043BB34228BF5E1CAC423868E9D9F5
S214008C48296804F06FFD0028F2D02D28F0D00DB06A
S214008C58BDE8F04030F020B80DB0F0BD6C790020CB
S214008C6828B1034B0360034B4360002383607047BF
S214008C7819000003147900202DE9F04F0023074659
S214008C88DFF838818B4698F80020464985B022FAE6
S214008C9803F0C00708D531F81300B84204D15DB216
S214008CA8284605B0BDE8F08F0133032BEFD112F04C
S214008CB801066FD13C4C75B294F80090B9F1000FDC
S214008CC829D101213A2005F077F80121252005F061
S214008CD873F80F2249460DF1010016F019FC3F23E0
S214008CE88DF80090DFF8C89069464846ADF802301F
S214008CF831F074FC252005F079F84FF47A43B0FB80
S214008D08F3F02A4B1860D9F830300123C9F81C0054
S214008D18C9F80C3023700D220021684616F0F8FBBF
S214008D28BBF1000B18BF4FF0010B0323204C6A461B
S214008D38314620468DF806308DF80AB031F08BFCA7
S214008D48236B00234FF0010A04EB461083664FEAB4
S214008D581729184BF9B249EA014032B243F8220003
S214008D68154A0AFA06FAD2F89C35484643EA0A0330
S214008D78C2F89C355B46042205F002FD98F80030E0
S214008D8843EA0A0388F80030064B23F8167087E78C
S214008D9802268FE791078DD55307F9D54FF0FF3593
S214008DA87EE700BFAA670020AC6E0020403B00208C
S214008DB800C00450A0C5035000C00350AB6E00208E
S214008DC8022810D8084B1B78C340DB070BD5074B87
S214008DD81B6803FB0111FF23B1FBF3F1044B1A6B6D
S214008DE803EB401319677047AB6E0020403B00202A
S214008DF800C00450FF2307B50021044A009308303A
S214008E080AF0E8FA03B05DF804FB00BFC38C030061
S214008E187FB50D4E0D4C33686A4600211046A5698D
S214008E282D0606D411F0FF0101D003B1984704B00F
S214008E3870BD656A0131102902F8015BEFD1002B7D
S214008E48EAD09847E7E700BF443B002000C005503B
S214008E582DE9F04707460E46924688B0002A56D0B7
S214008E684FF6FF72904252D0914250D0294A4FEAAC
S214008E7810294FEA11283A2001211360FFB204F0A6
S214008E889BFF0121282004F097FFF6B239460123FC
S214008E9804224846204D05F073FC01AC31460123F8
S214008EA80222404605F06CFC0FCD0FC495E807007B
S214008EB884E80700002401A91848CDF80CA08DF80E
S214008EC8044006F021F81023154A49EA074748EAFD
S214008ED80646C2F83476C2F82C66C2F81C36042356
S214008EE802F508329364A2F58052D3640D2007F089
S214008EF859F90D2007F03AF90848052131F0E8FB42
S214008F0801222046074B1A7008B0BDE8F0874FF0DC
S214008F18FF30F9E7443B002064E6040000C0055033
S214008F2800C00350AD6E002070B5074B04461B7892
S214008F384BB141B1054E451814F8011B304631F0C7
S214008F48D6FBAC42F8D170BDAD6E002000C005500F
S214008F5810B5074B1B784BB13BF000F80446FFF7FB
S214008F6857FF2046BDE810403AF0F3BF10BD00BFDB
S214008F78AD6E002037B50446408934F049FEE079E6
S214008F88237A003818BF0120012B637A08BF40F007
S214008F9808000BB140F0100063890BB140F00400E4
S214008FA8257CA188A2790DB1E3682BB9064B03B0DE
S214008FB8BDE8304011F040BCCDE90035034B11F058
S214008FC83BFC03B030BD00BF519C0400006B04009E
S214008FD80B460449024608680349097808B12FF089
S214008FE881BE7047543B0020AF6E0020F7B50C4694
S214008FF818B12F2119483BF038F8246823685E79A1
S2140090085F8830463946FFF7E3FFF0B18568E5B17B
S214009018A089227D3946904291BF0020801AA36815
S21400902880B294BF03469B18E27C00903046A8475F
S2140090380138032803D8DFE800F0080F0B0D0024DA
S214009048204634F068FA204600E0812003B0F0BDE0
S2140090588024F5E79324F3E78724F1E7CF4B040051
S21400906807B50B4600920549024605480978006888
S2140090782FF05AFE03B05DF804FB00BFAF6E002069
S214009088543B002007B50B460092064902460648A0
S214009098097800682FF048FE003818BF012003B092
S2140090A85DF804FBAF6E0020543B002008B5034B68
S2140090B81B6803B19847002008BD00BF503B00203E
S2140090C82DE9F74F04460D460026454B454F1860D8
S2140090D8454B197033010021F85C013610F0D0FFBB
S2140090E80C2EF7D10C2D28BF0C254FF00009019542
S2140090F83C4EDFF800A13D4DDFF8FC80019B4B4558
S21400910802DC03B0BDE8F08F23784FF0000B337015
S21400911863887380A388B380A379C6F80880B37180
S214009128E379C8F8005088F804304FF00003A768C1
S214009138A8F80630E3795B450ADC012116F8100B1F
S21400914810F09EFF08F1080809F101090C34D5E76C
S2140091584FF0000338886B812880FB784FF0000CAE
S2140091682B81BA78C5F804A0002A00920CBF80228A
S21400917840222A7379680AF10C02634513DC03EB74
S21400918843030AEB830ABB6843B1009A4FF6FF71A4
S214009198B2FA82F2164B520934F04DF914350BF137
S2140091A8010B0C37C6E7B1F800E00CF1010C22F809
S2140091B80CEC91F802E00C3202F816EC91F804E098
S2140091C80C3102F815EC11F809ECBEF1010F14BFCA
S2140091D84FF0100E4FF0110E02F814ECCDE700BF5A
S2140091E8543B0020F4520020AF6E00205841002067
S2140091F8F58F0000583B0020D8430020014B18602C
S214009208704700BF4C3B002070B5128805460E46D6
S214009218FFF726FF044670B102790499806816F0B5
S214009228C9F9064B1B680BB9002070BD31462846A5
S21400923822889847F8E78620F7E700BF4C3B0020CF
S21400924808B50FF0B9FF022806D0012806D0044B4F
S21400925818784000C0B208BD0120FCE70220FAE7F3
S214009268AE6E0020054B10B51C682CB1FFF7E8FF62
S2140092782346BDE81040184710BD00BF483B0020F5
S214009288014B1860704700BF483B0020034B1A7814
S2140092981AB901221A700BF095BF7047AE6E0020FF
S2140092A80022024B1A70FFF7DDBF00BFAE6E00202B
S2140092B82DE9F04186B005460E4690461F469DF8B5
S2140092C834400FF079FF022824D1082C16D8ADF8C0
S2140092D80C808DF80E702CB122460C990DF10F00FB
S2140092E816F0A6FA03AB033400930A223146082088
S2140092F8094B019411F0A0FA18B1032006B0BDE896
S214009308F0812946284611F013FB33F08DFF00281C
S214009318F4D0F2E70120F1E7006B040008B50EF080
S214009328AFF8014630B1044814F0D4FFBDE8084051
S2140093380EF04ABC08BD00BF5D4C0400024B187C0A
S21400934800B11868704700BF0079002050B10029A6
S2140093580CBF30213121002A0CBF302231220348AD
S21400936814F0B8BF2D210A46F9E700BF8A4C04005E
S214009378034B044A5B7C012103201370FFF736BCBD
S21400938800790020B06E002037B50446FFF7F0FFDE
S214009398B4F57F4F27D10025204B1A8813449D70BB
S2140093A8FEF7FCF82846FFF759FA1D4D2A68C2B1A1
S2140093B8FFF7C4FFA8B14FF605739C4224D192F874
S2140093C841102FF074FA2B680421B3F8422093F862
S2140093D841303220ADF8062001AA8DF80430FFF798
S2140093E805FC03B030BD4FF601739C4203D10D480F
S2140093F82FF069FAD9E74FF602739C42D5D10A4B8B
S2140094081878FFF7CFF9D0E74FF606739C42E8D1F5
S214009418B2F842102FF055FAD5E700BF28670020AB
S2140094283844002000790020F37E002010B5074C51
S214009438012122460320FFF7C9FB28B92378044AEE
S214009448003B18BF0123537410BD00BFB06E002048
S214009458007900207A4BF7B51A884FF6FF739A42C0
S21400946818BF03234FF008020D467649044618BF76
S2140094780B70754B36201A7030229A705A71392242
S2140094889A713122DA714FF4001218716F486264CB
S214009498E0646F48012220656E483227A0656E4852
S2140094A8A618E0656D48E66760666D486D4EA0666E
S2140094B86D485F7020676D48DF706067202084F80D
S2140094C8780084F8840004F12100C4F8880068480D
S2140094D81F72C4F8806084F8482084F8542084F802
S2140094E8602084F86C20C4F88C0084F89020C4F8B7
S2140094F89410C4F8B8305F4B5F49C4F8BC300223F8
S214009508C4F898105D4984F8C030C4F8A410102137
S2140095185B4B84F8A810C4F8C4305A4B5A49C4F8B0
S214009528C8308223C4F8AC10584984F8CC30C4F844
S214009538B0100921564B574EC4F8D030564B84F815
S2140095489C20C4F8D430554BC4F8A040C4F8DC308E
S214009558337C84F8B41084F8D820002B6AD0504B9B
S21400956884F8E420C4F8E03006F11103C4F8E830C3
S214009578FFF7E4FE90F83430002B5DD090F83630D4
S214009588042184F84130FFF7D9FE038F01AA384634
S214009598A4F84230FFF71AFB38B99DF8043084F86F
S2140095A84130BDF80630A4F84230FFF7C7FE94F8FD
S2140095B841102FF07CF9FFF7C1FEB4F842102FF0E7
S2140095C880F9384B10211C60374BC4F8EC30012367
S2140095D884F8F03004F14103C4F8F430334BC4F88F
S2140095E8F830022384F8FC3004F14203C4F8003152
S2140095F84FF0000CEA79A86802EB42039F0000EBE4
S214009608830320F807C0D9700121443499705C6040
S2140096185318EB71FFF7B4F8FFF708FFFFF710FED3
S21400962801280BD1337C4BB11A4803B0BDE8F04093
S2140096382FF049B90D21DBE70E21D9E703B0F0BDBD
S2140096489C7E0020047F0020B16E002085E6040082
S2140096580100200084E604000200200083E60400DF
S214009668030020000500420082E6040004004200D1
S21400967807003000FDFF21001200100100404200E4
S21400968880E6040000FF4401F47E00200600420045
S214009698286700200079002002FF2001F37E0020C2
S2140096A801FF10013844002005FF200106FF2101B4
S2140096B813B504460D48FDF7CFFB6422C0F30F43ED
S2140096C8637083B2B3FBF2F3A078237020220121E3
S2140096D82FF045FBA078212201212FF040FB0449FA
S2140096E8201D02B0BDE810402FF0EABA9C7E00208C
S2140096F8E09304000B7870B583704CF61E03038065
S2140097084FF02013C362012380F8303080F83C30D5
S214009718C3180364124B044643640223114A80F8B4
S2140097284830114B8263C3644063CA798D6802EB84
S214009738420305EB830004F12C0646600B4E45F801
S214009748236000238360531CCB71094B201DC4E99A
S2140097580134FFF74FFB2046BDE87040FFF7A8BF6F
S214009768FDFF21002100200086E604000100010319
S214009778B9960000437B044A012113700078113023
S214009788C0B2FFF733BA00BFBB6E002038B5044638
S2140097980078054D11302A460121C0B2FFF716FAA7
S2140097A808B92B78637338BDBB6E0020024B53F89C
S2140097B820002FF0CFBB00BF3C440020012908B58D
S2140097C806D0022907D049B92FF0BBFB002008BDF8
S2140097D82FF0BAFBFAE72FF0BAFBF7E7024814F0C7
S2140097E879FD0120F3E700BFA14C040010B4054C36
S2140097F8114654F820001A46BDF804305DF8044BAC
S214009808FFF7DCBF3C440020002310B504468381E4
S2140098180364A0F844304830FFF7ECFA014BC4E97B
S214009828123410BD438F030038B504460B781A4A25
S21400983843700D4642F82300FFF7E6FF2046FFF781
S214009848A5FF4FF4401323610123144A2375A26130
S214009858134A84F82030E261124A84F82C30626297
S214009868114A84F83830A26204F10C0222630F4AC7
S21400987804F10D036263E363EA79A86802EB420326
S21400988800EB830110344C60094C40F82340094B28
S2140098988B60531CEB7138BD3C440020BA6E002028
S2140098A808002000057F002000FF300001FF10019F
S2140098B802010104F597000010B47024427B0D489D
S2140098C8013A012904FB020006D0022908D059B93A
S2140098D85DF8044B2FF035BB5DF8044B2FF034BB16
S2140098E85DF8044B2FF033BB03485DF8044B14F0C7
S2140098F8F1BC00BF54250020BD4C0400B0F85C3015
S2140099082DE9F0418B4204460E4638D0437B077C4F
S2140099188BB31C4A12789A422DD370251A4A013BFB
S21400992805FB032390F80F801B7B42462FF020FB95
S214009938B845054601D1FF281FD13A46314620468C
S21400994894F890302FF014FB2F4605465522122126
S2140099586078A4F85C602FF002FAFF2F03D039462F
S2140099682046FFF7A9FFFF2D09D029462046BDE867
S214009978F0412FF03DBBFF25DFE70746E6E7BDE8E9
S214009988F08100BF9F6E0020542500204168826841
S214009998C978D27849B112B10321FFF7AFBF837BEC
S2140099A8002B0CBF01210221F7E72AB1837B002B8D
S2140099B80CBF02210121F0E7014814F08BBC00BF60
S2140099C8CE4C0400037BD3B14368DA7812B18268C0
S2140099D8D278A2B91B7933B1837B002B0CBF042144
S2140099E80521FFF78BBF83681B792BB1837B002B80
S2140099F80CBF05210421F4E7014814F06BBC70473E
S214009A08004D0400084A437B05211370837B53707E
S214009A18C37B9370037CD370037B137100780E307E
S214009A28C0B2FFF7E3B800BFBC6E002038B50446E6
S214009A3800780C4D0E302A460521C0B2FFF7C6F84E
S214009A4820B1BDE83840084814F044BC2B7863734E
S214009A586B78A373AB78E373EB7823742B79237353
S214009A6838BD00BFBC6E00203C4D0400024B53F8C6
S214009A7820002FF007BB00BF6C440020F8B5044652
S214009A880B78424A43700D4642F82300404E2FF0AA
S214009A9817FBFFF7CBFF6268A3683E483E49D664CB
S214009AA81165D4655065C3E91410DE64DC654FF0B3
S214009AB8987302266361012304F10C01E1613749BA
S214009AC81032216204F10D01A16235492376E16264
S214009AD804F10E016163334984F82430A16304F16C
S214009AE80F012164304984F83030616404F11001B4
S214009AF8E1642E4984F83C3084F84830216584F8BF
S214009B085460A265E879A96800EB400201EB820779
S214009B1804F1140CC7F804C04FF4817C244F41F8B4
S214009B282270C218D2B202EB420241F822C001EB00
S214009B38820700227A601F4A84F8703022661E4A1E
S214009B4884F88830A2661D4A1D4BE2661D4AC4F892
S214009B588C3062671C4A8319A26704F15C02C4F859
S214009B688020DBB2194A03EB4303C4F8842084F848
S214009B78646084F87C6001EB830260345460144AA5
S214009B88033041F82320E871F8BD00BF6C4400207C
S214009B98959900004F900300CD9900000100200120
S214009BA80200100103003001040030010500210105
S214009BB801FC01064A00210088E604005100100056
S214009BC88AE604008BE60400550021006F001800A2
S214009BD81200010400B589B001A92FF08BFA084BD2
S214009BE810210493019B04AA0593029B2C2006933C
S214009BF8039B0793FEF7FAFF09B05DF804FB00BF66
S214009C0843574C48F0B54843DDE90576204C214DCE
S214009C1882EAE271A1EBE271A042B0FBF5F589B2E7
S214009C2825D9642012FB00F26FF0630092FBF5F270
S214009C388242B8BF0246642AA8BF642252B205FB15
S214009C4805F44943A14221D24FF08040641A844269
S214009C580FD3002178B947F6FF70814228BF014626
S214009C6803B11D8007B1398006B13270F0BD0022FD
S214009C78E5E78008EBE701EB000CA4454FEA510145
S214009C889CBF0918A4EB0C048008E3E70021E7E76B
S214009C989F860100A086010038B50D46044600B32D
S214009CA8F9B14FF4EE72002115F032FC0F23A360D1
S214009CB80C4B6560A36103F16173E3614FF0011318
S214009CC804F15C002362FDF7AFFBE36DE367236EE8
S214009CD8C4F88030636EC4F8843094F86C3084F826
S214009CE8883038BD010064001FB50446B8B1436823
S214009CF8ABB16A4610212C20FEF768FF78B9094BED
S214009D08009A9A420BD1DDE90223019960682FF088
S214009D18F9F9DDE902230199034814F0DBFA04B0E7
S214009D2810BD00BF43574C486B4D0400F0B50446C1
S214009D3885B0002800F03081002900F02D814FF40E
S214009D48D813C0F88C3000F10803C0F89430934B51
S214009D580422C0F89830022300F10C05C0F8A05081
S214009D688F4D80F89020C0F8A45000F10E05C0F87A
S214009D78AC508C4D80F89C30C0F8B05000F11005FF
S214009D88C0F8B850884D80F8A830C0F8BC5000F12C
S214009D981805C0F8C450854D80F8B430C0F8C850CF
S214009DA800F11A05C0F8D050814D80F8C030C0F8D0
S214009DB8D45000F11C05C0F8DC507E4D80F8CC303D
S214009DC8C0F8E05000F11E05C0F8E8507A4D80F85B
S214009DD8D830C0F8EC5000F12005C0F8F450774DA4
S214009DE880F8E430C0F8F85000F12205C0F80051B9
S214009DF8734D80F8F030C0F8045100F1240580F85F
S214009E08FC3080F80821C0F80C516E4D80F81421FB
S214009E18C0F8105100F12C05C0F824516A4D00F125
S214009E282802C0F8285100F12E05C0F83051674DB9
S214009E38C0F81821C0F8345100F13005C0F83C517C
S214009E48634D644AC0F8405100F13205C0F84851E5
S214009E58614DC0F81C21C0F84C512525012280F818
S214009E68505100F13405C0F854515C4D80F820215B
S214009E78C0F8585100F17C05C0F86051584D80F87C
S214009E882C31C0F8645100F17E05C0F86C51554D70
S214009E9880F83831C0F8705100F18005C0F8785164
S214009EA8514D80F84431C0F87C5100F18205C0F865
S214009EB884514E4D80F85C31C0F8885100F1840515
S214009EC880F8683180F8743180F8803180F88C31F9
S214009ED8C0F89051464D80F89831C0F8945100F17A
S214009EE88605C0F89C51434D80F8B031C0F8A051A3
S214009EF800F18805C0F8A8513F4D80F8BC3100F144
S214009F081403C0F8AC51C0F8C03100F112053B4B41
S214009F18C0F8B4513A4DC0F8C43100F1160380F8C1
S214009F28A421C0F8B85180F8C821C0F8CC31CA7945
S214009F388D6802EB420305EB830600F18C07776019
S214009F48304E45F823606E46531CCB710B7804F1EF
S214009F585C0503702C4B1860FFF7C6FE20462FF0F2
S214009F6806F9324610213320A76EFEF72FFE18B9E1
S214009F7896E80F0085E80F002846A7662FF01FF919
S214009F88E36DE367236EC4F88030636EC4F88430EC
S214009F9894F86C3084F8883005B0F0BD05052100CB
S214009FA8080521000B0529000006210001062100EE
S214009FB802062100030621000406210005062100EA
S214009FC800FF230001FF230010FF210111FF2101DC
S214009FD812FF210102FF200020FF420130FF21016D
S214009FE831FF210132FF210133FF210134FF210116
S214009FF835FF210136FF30000F0521001005280027
S21400A0080E052900040B011B9C4400202DE9FF4186
S21400A0184C4B1C688CB1237883420ED1606860B1C3
S21400A0284FF61273994241D00AD84FF610739942E8
S21400A0382CD04FF61173994231D004B0BDE8F081A8
S21400A0484FF62073994238D0D03189B20529F4D812
S21400A058E36F04F15C00E365D4F880302366D4F837
S21400A068843063662FF0ABF8024610213320FEF7E3
S21400A078BDFDE36DE367236EC4F88030636EC4F8F5
S21400A088843094F86C3084F88830D6E70021E28D66
S21400A0982FF026F80023E3850028CED121E0012101
S21400A0A8228E2FF01DF800232386F5E70221628E04
S21400A0B82FF016F800236386EEE7002394F8345052
S21400A0C84FF00A0C232D28BF2325CDE9013304F1D0
S21400A0D8350703939D420DD8DDE9022301992FF039
S21400A0E811F86068FFF776FD204604B0BDE8F04139
S21400A0F82FF03DB8FA5C562A14D0572A14D0412AB5
S21400A1080DD1012100220133DEB2F3B29D420DD8F3
S21400A11804AE013B06EB8101DBB241F80C2C01339F
S21400A128DBB2D7E70021EDE70221EBE717F806E0F8
S21400A1380136AEF13008B8F1090FE9D80CFB02E297
S21400A148303AE2E79C44002070B50E4613460546B2
S21400A15814460A4601462C4814F0BCF8B6F5407F6B
S21400A1683AD00ED8082E08D8082E09D8DFE806F008
S21400A178250808080808302A3400B6F5817F37D045
S21400A18870BD40F604339E4238D00CD8B6F5A06FA2
S21400A19828D040F202739E42F2D121462846BDE8F6
S21400A1A8704000F093BC4FF601439E42E8D121462A
S21400A1B82846BDE87040FFF759BC2046BDE8704009
S21400A1C8FFF7E2B821462846BDE8704000F07CBF9D
S21400A1D82146284600F01AFD21462846BDE870406C
S21400A1E800F054BA21462846BDE8704000F00AB987
S21400A1F821462846BDE87040FFF7D8BA21462846CB
S21400A208BDE87040FFF702BF9B4D04000148FEF70B
S21400A218F5BF00BF51A100004FF4C01330B503606E
S21400A22801230371074B8C688360CA7902EB4203EB
S21400A23804EB83056860044844F82300531CCB717C
S21400A24830BD00BF8CE60400040001017FB54388DA
S21400A2580D4AADF800300023ADF802300378CDF88B
S21400A26810D08DF804304FF48273ADF80630012311
S21400A278CDE9022304230DEB03008DF814302EF0ED
S21400A288C0FD07B05DF804FB000501010B2838B5D2
S21400A29814461AD80E4A52F82050B5B1ACB9BDF8D3
S21400A2A81020012A11D9197839B10A4814F012F881
S21400A2B84FF47F43EB80204638BD0122AA715978B7
S21400A2C80548E97114F006F8F5E70124F3E700BF3E
S21400A2D8A0440020CE4D0400EA4D040038B50B78A3
S21400A2E804460B2B98BF224A037098BF42F82300F7
S21400A2F843880D460BB9152343804FF47F43E3800C
S21400A3081C4B04F14C00C4E91334FEF773FDA21D80
S21400A318A261194A4FF44013E261022284F8202011
S21400A32884F82C20A118221D2263144A2361626334
S21400A3380822012384F83820A2186162E2631049D3
S21400A348104A237584F84430E31DA1622264A3648E
S21400A358EA79A86802EB420300EB830110344C60EC
S21400A368094C40F82340094B8B60531CEB7138BDF1
S21400A378A044002055A20000010031001000F001A2
S21400A38802001900110020000005010595A2000032
S21400A39810B58288044688B059B342F00103934248
S21400A3A82BD0A380ADF8043000238DF80630ADF826
S21400A3B808304FF48273ADF80E3040F2011322785D
S21400A3C8E1798DF80C200E4A03A8CDE9042301ABE9
S21400A3D8069306238DF807108DF81C302EF011FD15
S21400A3E802224FF4A061207808B0BDE810402EF095
S21400A3F8B6BC22F001039BB2D1E708B010BD00BF7F
S21400A408000500010B2810B513D8104B53F8204050
S21400A4187CB110290DD1E21D04F10F0112F8013F9D
S21400A428013BDBB2FD2B05D98A42F7D14FF47F43B7
S21400A438E38010BD01230648A37113F04BFF04F117
S21400A4484C00C821BDE810402EF03ABCA0440020BD
S21400A458044E04004338C0B214289ABF014B185C57
S21400A468002070478DE6040038B500250446458070
S21400A47805482EF02AFCFDF773F92A4620780321B2
S21400A488BDE838402EF06BBCD044002043880BB99A
S21400A498FFF7EABF013B9BB24380002BF8D04FF48E
S21400A4A87A7101482EF00CBCD044002038B5114B08
S21400A4B80446186019B9BDE83840FFF7D5BF418093
S21400A4C84FF4FA714FF6FF7208460B4DFDF724F964
S21400A4D80A4B2846C5E90034FEF78CFC28464FF49C
S21400A4E87A712EF0EDFB20780022BDE83840032173
S21400A4F82EF035BCF8440020D044002095A4000077
S21400A50810B51446084A106850B14CB953B1BDF896
S21400A5180820012A06D91988FFF7C8FF204610BD6B
S21400A5280124FBE70324F9E7F84400200B7830B54C
S21400A53803700D4B1860002343800C4B43600223C6
S21400A5480372C318C360CA798D6802EB420305EB31
S21400A558830404306060064845F82300054BA36072
S21400A568531CCB7130BD00BFF84400200000210109
S21400A5780300010109A500002DE9F84F06460F461D
S21400A5889346104C04F1300A54F8049BB9F1000FB6
S21400A59814D15445F8D1BDE8F88F09EB85055B461C
S21400A5A83A4631466868FCF713FF08F1010899F83F
S21400A5B802305FFA88F5AB42EFD8EAE74FF00008BA
S21400A5C8F5E700BFFC44002038B50024044D55F8D4
S21400A5D8040B08B12EF08DFE01340C2CF7D138BDD3
S21400A5E8FC44002038B511F0FB050C460CD182B1AE
S21400A5F87BB1042C117803D10B1E18BF01230373FB
S21400A6082EF013FF284638BD034813F063FE0125D5
S21400A618F8E70325F6E700BF284E040070B58678ED
S21400A628012E0DD90A2908D162B1012B0AD913883F
S21400A638C3812EF0B6FE002070BD034813F04AFE14
S21400A6480120F9E70320F7E74A4E040030B40E4D20
S21400A6580C4655F8200011461A46BDF8083078B161
S21400A668082C07D0B4F5407F07D0062C08D130BC9C
S21400A6782EF0E4BE30BCFFF7B5BF30BCFFF7CEBF48
S21400A688012030BC704700BFFC440020034B53F841
S21400A698200008B12EF085BE704700BFFC4400209D
S21400A6A8F0B5774A0B78044642F823004370437B9C
S21400A6B80D4685B00BB9FE234373E3890BB9FA231D
S21400A6C8E3814FF6FF732383012320780C2134306F
S21400A6D8A37601AAC0B2FEF779FA88B99DF80630C3
S21400A6E8BDF804202375BDF808306282E382BDF801
S21400A6F80A302382BDF80C3023839DF80E30A376EB
S21400A7084FF6FD71228B531E9BB28B4200F2AA8035
S21400A718E281A37C022B00F0AB80FF2B00F0AD801B
S21400A7285A1E534253412373237D03B16373204655
S21400A7382EF0DFFD4FF480130126E36104F10C03CD
S21400A7486362504B84F82060A36204F1120384F815
S21400A7582C602363E879AA6800EB400302EB8301C8
S21400A76804F11C074F60484F04F1400E42F823706E
S21400A7784FF40013454F8F600221236404F10D0344
S21400A788A364434B84F84460E36404F110036365F0
S21400A7988319DBB203EB430302EB830C84F85010F7
S21400A7A8CCF804E0DFF8F4E042F823E04318DBB224
S21400A7B8CCF80870EB7194F802C0B44550D9DFF8AD
S21400A7C8E0C084F86810C4F864C004F10E0CC4F83D
S21400A7D86CC0DFF8D0C084F88010C4F870C0DFF80A
S21400A7E8C8C084F88C10C4F878C0DFF8C0C084F8F5
S21400A7F89810C4F87CC0DFF8B8C084F8A410C4F871
S21400A80884C0DFF8B0C004F11801C4F888C0DFF8C7
S21400A818A8C0C4F8A810C4F890C0DFF8A0C01D49A6
S21400A828C4F894C0DFF898C0C4F8AC10C4F89CC04C
S21400A838DFF890C004F11A0103EB4303C4F8B41020
S21400A84884F87460C4F8A0C084F8B06002EB830192
S21400A85864344C60104C033042F823408F60E87133
S21400A86805B0F0BDE38A002B3FF453AFE38150E711
S21400A878E37CB3FA83F35B0955E7E37C53E700BF51
S21400A888FC440020034030010600010255A60000E3
S21400A89800FF21010F00180100030107080001024C
S21400A8A80700210008003000067F00200B4021002A
S21400A8B8AC7E00200C402100AA7E00200A40190029
S21400A8C8A87E00201040210113B5044680B1007808
S21400A8D86A4627300821C0B2FEF778F950B9DDE994
S21400A8E800230948C4E90223C4E9242313F0F2FC30
S21400A8F802B010BD002200230448C4E90223C4E9BC
S21400A908242313F0E7FCF3E76C4E0400974E04008C
S21400A91870B50D460446002858D0002956D00B7846
S21400A92804F1200603702A4B1860FFF7CDFF4FF49A
S21400A93814132362082304F110026263254A84F87C
S21400A9482430A26304F111022264234AE3186264E5
S21400A9580422A362214B84F84820E362012384F88A
S21400A968542004F11802A2651D4A04F11401E26598
S21400A97804F11C0262661B4AE164A26604F11D0229
S21400A98822671949194A84F8303084F83C3084F82C
S21400A998603084F86C3084F8783004F11E03216542
S21400A9A86267E367EA79A96802EB420301EB830072
S21400A9B846600F4841F82300531CEB712978D4E908
S21400A9C802230C48BDE8704013F084BC70BD00BF7D
S21400A9D82C45002000033000010322000002180066
S21400A9E803031800060318000203220000F02001E3
S21400A9F802070108C54E040013B5044678B1D0E92D
S21400AA0802230078CDE9002327306A460821C0B221
S21400AA18FEF7ECF8D4E90223024813F05BFC02B018
S21400AA2810BD00BFF64E040030B5044689B040B3EA
S21400AA38436833B31A6822B1126812B1586801A97C
S21400AA4890479DF81030E3B10399D4F880208A42E5
S21400AA5807D8D4E902308A1A9B1840F10000C4E9E6
S21400AA680230C4F880102EF034F9D4F88430064A40
S21400AA78C31A9342054604D92046FFF7BDFFC4F81B
S21400AA88845009B030BD00BFDF93040010B50446FB
S21400AA98C0B1002300220021C0E90223C0E9242314
S21400AAA84368C0F880102BB11A681AB152680AB108
S21400AAB8586890472046FFF79FFFBDE810400248B9
S21400AAC813F008BC10BD00BF1E4F0400B1F5704F50
S21400AAD8034607D1044A106820B102789A4201D189
S21400AAE8FFF7D4BF704700BF2C45002073B500247D
S21400AAF801260A4D55F8042B52B1D36C43B10533E1
S21400AB08507806210093002210230196FEF7D0FB0A
S21400AB1801340C2CEED102B070BD00BF30450020C9
S21400AB2838B50024044D55F8040B08B12EF0ABFCDC
S21400AB3801340C2CF7D138BD30450020042908B55F
S21400AB480AD172B16BB113781BB92EF0C7FC00207E
S21400AB5808BD2EF0B9FCFAE7034813F0BBFB01204A
S21400AB68F6E70320F4E700BF3F4F040010B4054C97
S21400AB78114654F820001A46BDF804305DF8044B18
S21400AB88FFF7DCBF304500200229024608B50ED084
S21400AB9804D839B910462EF0A1FC06E04029F9D0B1
S21400ABA8412907D110462EF08FFC002008BD2EF054
S21400ABB89FFCFAE7024813F08DFB0120F6E700BF7A
S21400ABC85F4F040010B4054C114654F820001A468E
S21400ABD8BDF804305DF8044BFFF7D6BF30450020BB
S21400ABE8C26C094B52791A7082785A70C2789A7079
S21400ABF8026D12B190F85420DA70007804210930FA
S21400AC08014AC0B2FDF7F2BFC16E0020034B53F8ED
S21400AC18200008B12EF0AFBC704700BF30450020BA
S21400AC2838B504460078084D09302A460421C0B2D3
S21400AC38FDF7CCFF30B96B78A370AB78E370EB7890
S21400AC4884F8543038BD00BFC16E002038B50446BD
S21400AC580078114D09302A460421C0B2FDF7B6FF28
S21400AC68C8B9A3782A78022B0CD004D863B9204632
S21400AC782EF034FC01E0FF2B0AD02046BDE8384011
S21400AC882EF001BC002AF2D120462EF01DFCF4E777
S21400AC98002AF9D1EBE738BDC16E0020F8B50446A6
S21400ACA80B783D4A0D4642F823004370FFF7B8FF7D
S21400ACB8E36C3A4A5C631A632046FFF7C7FF2046F0
S21400ACC82EF0E1FB4FF4801301266360E36C2672D6
S21400ACD80533E360324B26752361A31CA361236DFD
S21400ACE8002B54D02F4A84F82060E261E21C62628E
S21400ACF82D4A84F82C60A26204F15402226393F869
S21400AD083420002A45D093F83620204684F855206B
S21400AD181B8FA4F856302EF0F5FB94F85510206DCE
S21400AD282DF0C5FDB4F85610206D2DF0CAFD1F4B4A
S21400AD3884F83860636304F15503E3631C4B062606
S21400AD482364022384F8443004F15603A3640627D8
S21400AD58EA79A96802EB420321F8237001EB830025
S21400AD6801238370134B04348360531C4460DBB2A6
S21400AD78114C03EB4303C67041F8234001EB8300F4
S21400AD88002343600D4B02328360EA71F8BD022649
S21400AD98DDE70426DBE700BF304500205B950300AF
S21400ADA80340300101FF300102FF100103FF2001BC
S21400ADB804FF2101CDAB00000800010075AB0000C0
S21400ADC80B4B1B7883420AD358220A4B013802FBE6
S21400ADD80033DB6C5879003818BF01207047B8225A
S21400ADE8C01A054B013802FB0033187BF3E700BF97
S21400ADF8A16E002060280020BC2100200C4B1B7888
S21400AE08834209D358220B4B013802FB003009B1A4
S21400AE182EF05ABB2EF062BBB822C01A431E064854
S21400AE2802FB030009B12EF0F1BA2EF0F3BA00BF08
S21400AE38A16E002060280020BC210020034B187853
S21400AE48034B1B781844C0B2704700BFA16E0020A1
S21400AE589E6E002010B54279044610462EF0B8FBC8
S21400AE68B0B9114B1B789A4208D8BDE81040582054
S21400AE780E4B013A00FB02302EF03ABBB820BDE874
S21400AE881040D21A0A4B013A00FB02302EF0C6BA1E
S21400AE9820462EF0A8FB80F00101C9B22046BDE886
S21400AEA810402EF0BBBB00BFA16E0020602800201B
S21400AEB8BC21002070B500250A4C0B4E3378AB42F7
S21400AEC800DC70BDD4F8CC1041B123791BB1204604
S21400AED82EF0BDFB10B908462DF0BAFC0135D83463
S21400AEE8ECE700BF402C0020A26E002010B586B00C
S21400AEF80446FEF7A5F9012812D16378094A8DF8A9
S21400AF0804304FF48273ADF806304FF48073CDE901
S21400AF180223002301A804938DF814302DF058FF5F
S21400AF2806B010BD0800070110B586B00446FEF747
S21400AF3887F9012820D16278104B8DF804204FF449
S21400AF48827294F8C81094F8C90059701870ADF851
S21400AF58062004934FF480720223094901A88DF84D
S21400AF681430CDE902122DF033FF94F8C930013BB6
S21400AF7818BF012384F8C93006B010BDC56E00207E
S21400AF880800050110B58378044686B0BBB303797C
S21400AF98022B05D12EF05BFB10B12046FFF75AFFB7
S21400AFA8A379022B02D120462EF0ABFB94F8D430BE
S21400AFB8BBB1FEF745F9012813D194F8D430114AED
S21400AFC88DF804304FF48273ADF806304FF4807372
S21400AFD8CDE90223002301A804938DF814302DF040
S21400AFE8F7FE2046FFF7A0FF0223552212216078BD
S21400AFF8A4F8943006B0BDE810402DF0B0BE06B0F8
S21400B00810BD00BF060002014388094A08211380C4
S21400B01883885380C3681B8A938090F8C8309371DE
S21400B0288379D37100780430C0B2FDF7DFBD00BF66
S21400B038B067002038B50D4604460178214813F05D
S21400B04849F94FF602739D4211D1FFF7F7FE28B96A
S21400B05860712046BDE83840FFF7D6BF6379FF2BFE
S21400B068F7D00BB19842F4D201236371F1E7B5F536
S21400B0787F4F0AD120462EF019FCA378022B0CBF6E
S21400B08801220022E3689A70E3E705F1FA039BB20F
S21400B098022BDED8E379003B18BF0123E371237A3D
S21400B0A8003B18BF012323724FF608739D4205D153
S21400B0B8D4F8CC0010B1617A2DF0F9FB20462EF0BA
S21400B0C813FCC6E77B4F0400024B53F82000FFF73B
S21400B0D8B1BF00BF6045002038B504460078154D5E
S21400B0E804302A460821C0B2FDF770FD20B1BDE83D
S21400B0F83840114813F0EEB82B8863806B88E978DF
S21400B108A380AA88E3681A82AB7984F8C830EB79FA
S21400B118A371FFF793FE08B9607138BDFF29FCD00C
S21400B12809B18142F9D9054813F0D4F823780133D8
S21400B1386371F2E7B0670020954F0400BE4F040025
S21400B148F8B504460B78644A0D4642F82300437067
S21400B158FFF7C2FFD4F8CC3013B193F836306372D9
S21400B16820462EF0DBFBE2685C4BA11CD3645C4BEC
S21400B178D46553655B4B103213644FF44013A161DA
S21400B1882163594923616163211DE16357490123FE
S21400B1982164611DA16456496265E1640221554A2D
S21400B1A85548A26504F1C8022266544AE061626600
S21400B1B8A21DE01CE266524A606252482267E21DFF
S21400B1C8237584F82030A06284F82C3084F8383050
S21400B1D884F8443084F8501084F85C3084F868307A
S21400B1E884F87430A267D4F8CC00002870D0464A99
S21400B1F81278002A6CD1454A84F88030E26704F158
S21400B2080802C4F8842090F83420002A62D0404A05
S21400B21884F88C3004F10903617AC4F88820C4F8ED
S21400B22890302DF044FB0B200727E979AB6801EB3B
S21400B238410203EB820623F82270F070012004F125
S21400B24810027260B07006260A18D2B202EB4202EA
S21400B25843F82260002603EB82072E4A7E60C4F875
S21400B268982002222C4F84F89C2084F8B42004F1FD
S21400B2789402C4F8B820294AC4F8A070284FC4F825
S21400B288BC20284AC4F8A470274FC4F8C4208A1CD7
S21400B298C4F8AC70D2B2254F02EB420284F8A8007C
S21400B2A884F8C000C4F8B07003EB82009834446099
S21400B2B808241F4843F82200CA1CD2B202EB4202F6
S21400B2C803EB8200043143F822404660E971F8BD7A
S21400B2D80920A9E70A20A7E7604500207F97030012
S21400B2E8479803008DAF000001FF300102FF2001E0
S21400B2F803FF210104FF20011000300105FF300183
S21400B30806FF100100FF3001A16E002007FF1001A4
S21400B31808FF20014A002100A2E604006F0018007A
S21400B32851001000A4E60400A5E60400550021001C
S21400B3381200010400239B6AB3F5C04F03D21968B4
S21400B348064A914203D000230370836070470122A7
S21400B35802709A689B694260F7E700BF07B0CD5E47
S21400B368024B034A1A602FF0C1BD00BF0000002040
S21400B37802020FF073B5534B04461A781AB102222C
S21400B3881A7002B070BDCDE900220028F9D0012657
S21400B3981E7038F0E3FD4C4D4C4B186017F09CF9C6
S21400B3A82B785BB902F062FA40B949480823494A43
S21400B3B84949006801F0A8FE00B92E70474B5A6E3E
S21400B3C862619B6E464AA3614FF40043936603F19D
S21400B3D888435968E16143499960196E2160596E3E
S21400B3E86160D3F87011A160196CE160596C216135
S21400B3F83D49086C1864496C5964012151664FF43C
S21400B408005191661A6E560436D53849CA68D4076C
S21400B418FCD45B6E5A0434D5354AD36B13F0430F0D
S21400B428FBD1344B1A68531C31D04FF400139340A9
S21400B438314A13660423304C684623664FF480630B
S21400B4482366102323664FF4005323664FF0804389
S21400B45823664FF4804301A963662EF07AFA009BB0
S21400B4682366019B63662B78002B8AD0194B1A68D3
S21400B47822665B68636684E72049CA68D007FCD4FE
S21400B488C7E71F4AD36B13F0430FFBD1C9E71D4B21
S21400B4981B78002BCED14FF48072114B5A661A4A8D
S21400B4A852681AB94FF40011134A11664FF4007225
S21400B4B85A66164B5B68002BBCD14FF480020E4BC5
S21400B4C81A66B7E7C86E0020C96E0020B04500208F
S21400B4D86C790020B44500200071080000800050F8
S21400B4E80090005055CEAC0000C000540000044048
S21400B4F80000024C387900200090004400000450F8
S21400B5080000025CC76E002000C005500000065010
S21400B51870B52C4D04462E78012E02D001232B70D0
S21400B52870BD0028FCD02EF039FA01300BD02EF072
S21400B53835FA40F20113984205D0234B234A5E663B
S21400B548D368DE07FCD4224B22491B6E13F0040F87
S21400B5584FF4005314BF1C4A1F4A9366CA6B12F076
S21400B5684302FBD121681A4B196661685966A168BF
S21400B578C3F87011E168196421695964E169C8075C
S21400B58848BF9A60154B1A6801320DD1144A1278D2
S21400B59852B914494968C90748BF1A60124A52681E
S21400B5A8D20744BF01221A606269104B5A66A26924
S21400B5B89A6617F099F80E4B186838F0CAFC0023FC
S21400B5C8ADE700BFC86E00200090004000000440B1
S21400B5D8008000440000024C00900050387900209B
S21400B5E8C76E002000C005500000065000800050BE
S21400B5F8B045002070B50024A36AB3F5C04F23D227
S21400B6081A68134B9A421FD1124E337813F0FD0571
S21400B61818D14FF480341048FFF7ACFE032004F02E
S21400B628C1FD0E4B0320DC6004F0A0FD0C4B1C6132
S21400B638AB6ADB69984704460748FFF769FF0CB909
S21400B64801233370204670BD4FF48174FAE700BFBB
S21400B65807B0CD5EC76E00209045002000A00044CD
S21400B6680090004413B5204B1B7803B9FEE700236F
S21400B6781E4CCDE900336A4608231D49206801F0B0
S21400B68843FDF8B91B4AD2F84031D2F840211F2BA7
S21400B6984FF0010311D9203A9340019A1A430192B8
S21400B6A808236A461249206801F0B6FE124B134A70
S21400B6B81A602FF01BFC02B010BD9340009A1A4384
S21400B6C80092EDE72D28F1D10A4AD2F84031D2F897
S21400B6D840211F2B4FF0010385BF203A934093402B
S21400B6E8019398BF0093DBE7C86E00206C790020B2
S21400B6F80071080000800044000000200B020FF0D4
S21400B70838B50025AB6A0446B3F5C04F10D21B6B9C
S21400B718B3F5C04F0CD20748FFF72CFEAB6A20469D
S21400B7281B6B5B689847BDE838400248FFF7F0BED9
S21400B73838BD00BFBC45002013B50024A36A01909D
S21400B748B3F5C04F13D21B6BB3F5C04F0FD20948E1
S21400B758FFF710FEA36A01211B6B01A89B69984797
S21400B76804460448FFF7D4FE204602B010BD4FF446
S21400B7788174F9E7BC45002070B50026B36A044614
S21400B788B3F5C04F0D4612D21B6BB3F5C04F0ED2A1
S21400B7980848FFF7EFFDB36A20461B6B29469B69EE
S21400B7A8984704460348FFF7B3FE204670BD4FF49B
S21400B7B88174FAE7BC45002070B50026B36A0446D3
S21400B7C8B3F5C04F0D4612D21B6BB3F5C04F0ED261
S21400B7D80848FFF7CFFDB36A20461B6B2946DB698E
S21400B7E8984704460348FFF793FE204670BD4FF47B
S21400B7F88174FAE7BC450020F8B50027BB6A044602
S21400B808B3F5C04F0D46164611D21B6B7BB10948DF
S21400B818FFF7B0FDBB6A20461B6B324629465B6ABB
S21400B828984704460348FFF773FE2046F8BD4FF4D2
S21400B8380174FAE7BC45002070B50026B36A0446D2
S21400B848B3F5C04F0D4612D21B6BB3F5C04F0ED2E0
S21400B8580848FFF78FFDB36A20461B6B29469B6A8C
S21400B868984704460348FFF753FE204670BD4FF43A
S21400B8780174FAE7BC450020F0B50027BB6A044609
S21400B888B3F5C04F0D461646ADF5177D20D21B6B97
S21400B898B3F5C04F1CD21048FFF76CFDBB6A2046B4
S21400B8A81B6B40F251225B6A01A99847044630B1E7
S21400B8B80948FFF72DFE20460DF5177DF0BD836A73
S21400B8C832461B6B2946DB6A01A898470446EFE711
S21400B8D84FF40174EFE700BFBC45002010B5002404
S21400B8E8A36AB3F5C04F10D21B6BB3F5C04F0CD28A
S21400B8F80748FFF73FFDA36A1B6B1B6B9847044678
S21400B9080348FFF705FE204610BD0124FBE700BFED
S21400B918BC450020F0B58FB0044601A80E46154673
S21400B928FFF7EEFE9DF80C30012B12D1B5F5002F6F
S21400B93827D8B4F5002F24D86319B3F5002F20D8DC
S21400B94821462A46304613F073FF002420460FB0DF
S21400B958F0BD0027BB6AB3F5C04F15D21B6BB3F515
S21400B968C04F11D20A48FFF705FDBB6A2A461B6B73
S21400B978314620465B6B984704460548FFF7C8FDE6
S21400B988E4E740F20244E1E740F20114DEE700BFD4
S21400B998BC450020F0B58FB0044601A80E461546F3
S21400B9A8FFF7AEFE9DF80C30012B1FD1B5F5002F22
S21400B9B806D8B4F5002F03D86319B3F5002F13D9AA
S21400B9C840F2024420460FB0F0BDE258013225D1BD
S21400B9D804339D42F9D82A463146204600F082F8BC
S21400B9E80028EDD00024EDE70023F2E70027BB6A25
S21400B9F8B3F5C04F15D21B6BB3F5C04F11D20A482A
S21400BA08FFF7B8FCBB6A2A461B6B314620469B6B81
S21400BA18984704460448FFF77BFDD3E740F2034403
S21400BA28D0E740F20114CDE7BC45002070B58EB0D3
S21400BA38044601A80D46FFF763FE9DF80C30012B5F
S21400BA4822D144EA0503C3F30C03002B33D1B5F522
S21400BA58002F04D940F2024420460EB070BDB4F55B
S21400BA68002FF7D82544B5F5002FF3D8204604F55F
S21400BA78005400F029F8AC4202D00028F6D1E9E7D5
S21400BA880028E7D00024E7E70026B36AB3F5C04FDE
S21400BA9814D21B6BB3F5C04F10D20A48FFF76AFCE6
S21400BAA8B36A29461B6B2046DB6B98470446054855
S21400BAB8FFF72EFDD0E740F20444CDE740F201142C
S21400BAC8CAE700BFBC4500204FF4003208B5044B57
S21400BAD89A6638F0F1FCB0FA80F0400908BD00BF5D
S21400BAE800900050134610B562B103439B070BD174
S21400BAF84FF40034054B9C6638F0DAFCB0FA80F058
S21400BB08400910BD0120FCE70020FAE7009000502D
S21400BB18BFF34F8F0549064BCA6802F4E062134329
S21400BB28CB60BFF34F8F00BFFDE700BF00ED00E01E
S21400BB380400FA0570B5D0B1C9B10E4E431E0139DE
S21400BB4813F8014F2046325D02F00302012A11F86D
S21400BB58012F08BF04F12000B55C05F00305012D90
S21400BB6808BF2032801A01D1002CE9D170BD01200F
S21400BB78FCE700BFC10D05000348044A0449121A31
S21400BB8892102DF070BF00BF4061000018630000DF
S21400BB981476002008B5154B83F30A8800F030F8B1
S21400BBA8FFF7EAFF124B13498B4212D30020124BC1
S21400BBB812498B4218D3FBF7B5F8186850F822409C
S21400BBC8586840F82240013298688242F5D30C3310
S21400BBD8EAE70022F8E71C6844F8220001325C68AD
S21400BBE8A242F8D30833E4E70022F8E7080000206A
S21400BBF80C4A0500184A0500184A0500184A0500A8
S21400BC084FF40041134B144A70B59A60D3F8882055
S21400BC18124D42F47002C3F88820114A05F5005404
S21400BC2891664FF0FF3222664FF6DF726266022296
S21400BC38C3F8D020BFF34F8FBFF36F8F4FF4403653
S21400BC48032004F0AFFA0320E66004F08FFA2E61B2
S21400BC5870BD00BF00ED00E00060000000800044FA
S21400BC6800900050054B1860054B1B6F03F0070348
S21400BC78032B01D136F018BA704700BF4879002068
S21400BC88008000502DE9F04104464FF001080C25CD
S21400BC980D4E0CB9BDE8F08194FAA4F0B0FA80F025
S21400BCA80F2808FA00F2C8BF103824EA0204CABFF0
S21400BCB805FB006205FB0062B4325768002FE8D027
S21400BCC89168C0B2B847E4E7DC45002008B50C48E0
S21400BCD838F065F9192004F057FA28B1192004F04D
S21400BCE861FA192004F042FA1A2004F04DFA28B135
S21400BCF81A2004F057FA1A2004F038FA002008BD73
S21400BD08A8E804002DE9F0410E461746054618B384
S21400BD180F2923D80378DBB1013BDBB2022B19D8F5
S21400BD28104AD35C6A78D340DB0717D50E4BD3F896
S21400BD381043ACB938F012F980463A4628463146E0
S21400BD4803F06CF9404638F004F92046BDE8F08167
S21400BD587F23E7E70023E5E72224F6E72124F4E734
S21400BD680224F2E7F8E6040000C0035010B50446C3
S21400BD7810B30378E3B1013BDBB2022B1AD8104AA2
S21400BD88D35C6278D340DB0718D538F0E7F8012291
S21400BD98617823788A4030214B4341F2100103F141
S21400BDA8A04303F570335A5038F0D3F8002010BD7E
S21400BDB87F23E6E70023E4E72220F8E72120F6E7DA
S21400BDC8F8E6040010B5044610B30378E3B1013B67
S21400BDD8DBB2022B1AD8104AD35C6278D340DB0752
S21400BDE818D538F0BBF80122617823788A403021CC
S21400BDF84B4342F2100103F1A04303F570335A5047
S21400BE0838F0A7F8002010BD7F23E6E70023E4E714
S21400BE182220F8E72120F6E7F8E6040038B50D46B4
S21400BE28044618B311B30378E3B1013BDBB2022B27
S21400BE381AD8104AD35C6278D340DB0718D538F096
S21400BE488DF830222378534303F1A04303F570336B
S21400BE585B696278D34003F001032B7038F079F8F9
S21400BE68002038BD7F23E6E70023E4E72220F8E732
S21400BE782120F6E7F8E604002DE9F0410D461646BF
S21400BE889846044600284FD000294DD0017800294E
S21400BE9840D04B1EDBB2022B3ED8254AD25C6378D4
S21400BEA8DA40D20701D4FF2940D1022E01D9042E48
S21400BEB83CD138F053F823780746FF2B05D0324696
S21400BEC82046296803F0F0F828602B68013309D16A
S21400BED82378FF2B06D1174B6078D3F824142EF05E
S21400BEE828FC286029684B1C18D00C23124A03FB30
S21400BEF80122069BC2F8048093602378FF2B04D0A7
S21400BF0801230E4A8B40C2F82434384638F021F80C
S21400BF18002007E07F22C2E70022C0E7384638F054
S21400BF2818F82D20BDE8F0812220FBE72120F9E74C
S21400BF38F8E6040000C00350DC45002000D003509B
S21400BF4808B503F061F8054B00F0553020F0502096
S21400BF58C3F82004BDE80840FFF794BE00E003508D
S21400BF6808B503F051F8054B00F0AA3020F0A020E1
S21400BF78C3F82004BDE80840FFF784BE00E003507D
S21400BF882DE9F04F144605460E469B46C36B87B010
S21400BF9801225B6902A960689847EB6B01225B691E
S21400BFA803A93046984702A82EF05CF9074648B120
S21400BFB80023A37563754FF0FF33A360002007B016
S21400BFC8BDE8F08F03A82EF05AF90123A375237E47
S21400BFD804EBC303DE611F846368B3420ED120609E
S21400BFE803A82EF06EF94FF0FF332075A360237D6B
S21400BFF8043B022B26D80023A375DFE723681A1A0A
S21400C00853425341A37503A82EF05BF9237D834260
S21400C01818BFA77503A82EF036F9074602A82EF013
S21400C02832F9874218BF002303A818BFA3752EF05D
S21400C03832F9074602A82EF02EF987421CBF0023C5
S21400C048A375D4E703A82EF01EF980B1EB6B022285
S21400C05830465B6904A9984704A82EF023F90346DE
S21400C068207D032839D8DFE800F03838040903A80B
S21400C078F3E7CC22237E04EBC3031A8401F06EFC9C
S21400C088109B187003A8277E2EF0F1F804EBC7075C
S21400C09887F82200237E03A804EBC303B3F8209096
S21400C0A893F822702EF0EFF8804603A82EF0F3F8E7
S21400C0B88246B8F1000F15D0EB6B022230465B695A
S21400C0C804A9984704A82EF0B2F86075637D6BB98A
S21400C0D80023A3754FF0000838E0227E04EBC20266
S21400C0E81384CBE703A82EF08DF8EEE794F81680B5
S21400C0F8B8F1000FEED0B9F1000F09D1DFB1012376
S21400C108E375637E002B4FD1012F42D1677614E08A
S21400C1186B6C06EB0A015A4286EA010010421CBF05
S21400C1280022A2755A1E0A409B1A9945D0D8A37DAC
S21400C138002BE3D1CEE7E37D43B94FF000084B462A
S21400C1485246314628462DF0D8FDA060A27D12B191
S21400C15823694B4423611A49237E097899422AD9D0
S21400C16801332376BBF1000F27D032B3E37D23B328
S21400C178B8F1000F21D1032F1FD0A1684B1C1CD08B
S21400C188109B2246009328460123FFF7F9FEA07568
S21400C19813E095F8343063B9EB6A0133CFD1032F37
S21400C1A8CDD10123A376C8E7012FCFD0032FC4D162
S21400C1B8F7E79846C3E70023A375A07DFFE600BF10
S21400C1C81CE704002DE9F04F0E46984600238BB076
S21400C1D804464FF0FF31104617468DF8133001F02D
S21400C1E8A7FBB6F5801F20D2314605AA04F1080041
S21400C1F82DF08AFF451C014603D1237CBBB92D20B0
S21400C20810E0384601F094FB0122394620460DF12D
S21400C21813032DF0C4FD0028EFD09DF8133088F8DE
S21400C228003000200BB0BDE8F08FB01CE5D1E56A01
S21400C238691C36D12046616A2DF0A5FC0546B31C5C
S21400C24818BF0123DFF8CC900193636A626C0293EF
S21400C258236805A902FB053AE36B05225B6950468D
S21400C268984705A82EF099F82EF0BCF850462EF000
S21400C278C4F84FF0000B824601464B1C05D0636C91
S21400C28881EA0A025B42134211D0294620462DF065
S21400C2987AFC029BAB422CD0BBF1000F2CD1054692
S21400C2A8D3E72368ED1A636CB5FBF3F5C7E7484692
S21400C2B801F03EFB0DF1130349462046019A2DF086
S21400C2C86EFD034690B1B21C03D0D9F80020B242E6
S21400C2D80CD19DF8132003930D4B88F8002049468F
S21400C2E81A68384613F0A4FA039B9B46D9F8081038
S21400C2F8C3E7BBF1000F82D0B6F5801F91D2314656
S21400C30898F800307A6804F1080001F03FFA88E7E8
S21400C31818E70400B84D00202DE9F34104461746F7
S21400C32898460E46184D816AE36A8B4201D04B1C2C
S21400C33802D102B0BDE8F081284601F0F9FA0122E0
S21400C348294620460DF107032DF029FD38B143464E
S21400C358294620469DF80720B8470028E9D0A9684E
S21400C3684A1C04D1696820462DF09AFC0146012E25
S21400C378DAD16B6881EA0302636C5B421A4218BF23
S21400C3884FF0FF31D0E700BF8C4D00202DE9F04F6D
S21400C3984FF0FF334FF6FF720025044600F10806FB
S21400C3A8C0E909238BB0C362056205633046884638
S21400C3B82DF07BFE20462DF0B6FB60BB204641469E
S21400C3C82DF031FC20462DF0AEFB60BB5E200BB096
S21400C3D8BDE8F08F2368E26B606C576900FB053098
S21400C3E8052205A9B84705A82DF0D7FF0128074656
S21400C3F80CD1294620462DF0E7FB012F024600D136
S21400C4080132294620462DF0ADFB03E02DF0EFFF64
S21400C4180028EED10135E3699D42DBD320462DF096
S21400C42882FB0028CAD000254FF0FF394FF6FF736D
S21400C438CA46A846C4E90853E36998450AD3A5EB53
S21400C4480905012D2CD84FF6FF72636A93423CD13A
S21400C4586720BCE72368E26B606C576900FB08300E
S21400C468052205A9B84705A82DF097FF834605A815
S21400C4782DF06AFF074658462DF0B4FF68B15745B9
S21400C48838BFC4F82480B94528BFB946BD4238BF6E
S21400C4983D46BA46236A0133236208F10108CBE712
S21400C4A84FF6FF7300256362E3699D42CBD2676C43
S21400C4B82068E36B052207FB05005B6905A998471A
S21400C4C805A82DF041FF0135EEE7E26B676C2068A2
S21400C4D8694607FB030055690522A84768462DF0FC
S21400C4E833FF626A2368606C4B4D00FB02302DF008
S21400C4F884FF4FF0FF33A062E3622A466FF0010123
S21400C508204605ABFFF75EFE002846D1AD682946F3
S21400C5182046E5622DF0E3FA206320B92046E16A5A
S21400C5282DF0BEFBE062294620462DF0B9FB0546F5
S21400C538A36A9D4233D120462DF0A4FA00278046F0
S21400C548B946E36999453CD3B84559D92046616A46
S21400C5582DF019FB0026054604F1400AB74212D80A
S21400C568626C2368694602FB0539E36B05225B6942
S21400C5784846984768462DF0E7FE53460246494621
S21400C588E06B2DF03CFF294620462DF0FCFA0136DC
S21400C598B0450546E2D1642019E7A56AB7E72946FB
S21400C5A820462DF09CFA236B29460344074623634E
S21400C5B820462DF075FB0546002FB9D1C4E90B07B8
S21400C5C8B6E7636C2568052203FB0955E36B05A9E6
S21400C5D85B692846984705A82DF0DFFE2DF002FF78
S21400C5E858B128462DF009FF014620462DF077FA67
S21400C5F8636C143B984208BF013709F10109A0E7AC
S21400C60830462DF052FD002320461946034AFFF710
S21400C61883FE0020DBE600BFE44D0020959D030066
S21400C6282DE9F041036B9046826B07689A4288BFF3
S21400C6388363426C436A90B002FB0377C36B0E4673
S21400C648052201A95B6904463846984701A82DF0DB
S21400C658A4FE01280146307057D0656CE26B23684B
S21400C668606AD2F814C005FB0030052206A9E04728
S21400C67806A82DF092FE01284FF0000523D0D4E935
S21400C6880A3201219342CDE90B458DF834800E9588
S21400C6988DF83C102AD1194620462DF001FB236B55
S21400C6A8626C14339B1AE06223630C9B53B99DF8A3
S21400C6B83C303BB1626A616C2368E06B01FB023177
S21400C6C82DF023FE0C9DE36B05225B6901A9384615
S21400C6D8984701A82DF061FE30702846236BA26BA0
S21400C6E89A4288BFA36310B0BDE8F081237C33B9B3
S21400C6F81C490BAA04F1080001F096F8D5E7204675
S21400C708194A0BABFFF708FECFE7237C23BB22466C
S21400C718164904F1080001F087F8616A20462DF0F2
S21400C72853FA616A421C20462DF01CFA054620B9C9
S21400C738236B626C1344143B23632046A16A2DF0D6
S21400C748AFFA2368A062C01A636CB0FBF3F06062AD
S21400C75820462DF0E8FAB6E700232046044AFFF7FD
S21400C768DBFDDAE7CDCE000049CE00002F9E0300A1
S21400C778CB9D030073B50D46D11E4A421C461B7E50
S21400C7884A419A4226D129682368994222D3636887
S21400C79899421FD8114E0DF107033246FFF712FDD6
S21400C7A8C0B972686B689A4214D19DF80730DA1ED1
S21400C7B853425341227E93420CD16369013363612D
S21400C7C8D4E90323934205D22968A26842F82310C5
S21400C7D801332361012002B070BD00BFE44D002084
S21400C7E82DE9F04F9B4689B09DF848309046514A4F
S21400C7F80193136907465B450D46C0F09580D946F8
S21400C80853680093B9F1000F7BD0FB6B01225B697C
S21400C81805A90098984705A82DF031FD454B1B68DB
S21400C828984240F0848005A82DF035FD0428064679
S21400C83815D105A82DF036FD009B04461E44019B25
S21400C848002B3ED1804512D91C46A8EB0008384676
S21400C85800992DF025FAA9EB04090090D2E7FB6BA6
S21400C86802225B69009806A9984706A8E2E7A0EBAB
S21400C87808045C4528BF5C46032C4644ABEB040B17
S21400C8881DD9FB6B294630465B69A208984724F0F9
S21400C898030304F0030A1E441D44DDF80480BAF1BD
S21400C8A8000FD4D0FB6B012206A930465B69984777
S21400C8B85246284606A912F0BBFF5544C7E7A246CB
S21400C8C8EBE7824600F0030302932B180393064413
S21400C8D8039BA6EB0A00A3EB0A05029B9A4514D114
S21400C8E8BAF1000FB3D0FB6B012206A95B69984723
S21400C8F85246284606A913F057F90028DDD04FF00F
S21400C9083609484609B0BDE8F08FFB6B012206A938
S21400C9185B6998470422284606A913F045F90028BB
S21400C928EDD1AAF1040AD3E74FF06309E9E74FF01F
S21400C9386F09E6E7104E00202DE9F0410F4616462F
S21400C9489846044688B060B390F83450FDB101218B
S21400C9582DF0DEF800210E9BCDE90511CDE9023752
S21400C9689DF83C30CDF804808DF81C30237C049666
S21400C9788BB90D4901AA04F1080000F055FFDDE95E
S21400C9880553E06B002E08BF1D462DF05AFA2846C0
S21400C99808B0BDE8F0812046044A01ABFFF7BCFCAE
S21400C9A8EDE70546F3E700BFF99D03007DC70000E5
S21400C9B87FB590F84260044601920DF10B030A46D3
S21400C9C8304611492DF045FA012E0546E36B17D17E
S21400C9D832465B6903A998479DF80B10039B019A9A
S21400C9E859B19BB243EA0243012228460393E36BFC
S21400C9F803A99B69984704B070BD62F30F03F3E779
S21400CA0801229B6901A9F5E7104E00202DE9F04F99
S21400CA1899B00E460D920A69416C0B931439D31DD2
S21400CA28B3FBF1F3013302EBC302036B04469342F4
S21400CA38C0F001820023DFF804940893E36A4846AE
S21400CA481946059300F074FFD6E9033707930B9B46
S21400CA58022B4DD1CC2F40F0D7810D9B3BB13146F0
S21400CA6820462DF04CFA656C1490012044E0012015
S21400CA78079B656C1B68149300F0010000280CBF28
S21400CA8804230823782F0E9349D8059A6B1E134063
S21400CA98ED1A3B1D9D423CD2002F3DD0082D3ED8B6
S21400CAA80023042506934FF0040A336806990B986A
S21400CAB8C9F80030C9F810702DF007FC4FEA9A0341
S21400CAC80F93059B89F814000393002309930C938E
S21400CAD804930A93616C039B4A1E1A408B1A27B369
S21400CAE85544AB4223D8236B5B1A134423632FE1C8
S21400CAF8782F656CB9D8F07D0D9B002BBCD0E36B06
S21400CB0801225B69706816A9984716A82DF0BBFB2A
S21400CB18B4E700250695C6E704250697C3E701236C
S21400CB2800254FF0080A0693BFE75345DBD3A3EB6F
S21400CB380A029742039BB84628BF9046974253443A
S21400CB4828D90122D9F8101089F817208F4226D143
S21400CB580399C9F80410049299F817200AB399F8AB
S21400CB6818100398CA1C09EBC202506004980131D9
S21400CB78A2F80880907289F81810B8F1000F07D04C
S21400CB880B9A022A40F08180099A72B10122099212
S21400CB989B46ABE0049A002A18BF0322DBE7022272
S21400CBA8D9E7039AC9F80420E7E70C9A4244032A0F
S21400CBB8EED9E26B1846956914A901220993A8478D
S21400CBC8099B05460028E1D03D2D40F01E8104F162
S21400CBD8080303932368059A606CA2EB030ABAFB62
S21400CBE8F0FA00FB0A302DF008FCE16A8046204681
S21400CBF82DF056F8A26A824200F00F81626CD9F8CE
S21400CC080830511E0B40216B2768891A0B44236392
S21400CC18089BE062DF1BB7FBF2F7BA4540F0FA80E4
S21400CC28059BB3EB080A12D0E36B4FEA9A0241461B
S21400CC389B6998478346E36A059A5344E362236BE5
S21400CC4803989B1A434423632DF02FFADA46236889
S21400CC58616CE06B01FB07312DF044FB20462CF09D
S21400CC6862FF20462DF05FF82063BAF1000F00F04F
S21400CC78D4803269616CD31D1439B3FBF1F30133E8
S21400CC8802EBC3029042A5D2BFE00D9A002A77D1E4
S21400CC98B8F1030F4FEA98026ED9E16B18468D6912
S21400CCA807991093A847109B0546C0B918F00305C6
S21400CCB815D0079A28F0030B02EB0B019B444FF0A4
S21400CCC8FF3215A815922A46109312F0B1FDE26BB2
S21400CCD85846956915A90122A8470546109B9B4604
S21400CCE8079A42440792002D40F08B80049B16A8B2
S21400CCF80193069B009399F814204346316800F088
S21400CD08CDFDE36B0F9A9B69039816A99847039A7B
S21400CD18051E089B18BF13460893434652462046EE
S21400CD2803992CF0EAFF236B08F10302A3EB0A032E
S21400CD3822F003029B1AC9F808002363002D7FF42B
S21400CD4843AF0C9BA7EB080743440C93CDF80CB0F5
S21400CD58204603992CF0A4FF00250390002F7FF4AB
S21400CD68B9AE364A3168936804F10800E36252683F
S21400CD780B9B00F00BFD49E09B46454607999EE74E
S21400CD889B4606F120021092F27D7068A2B100223E
S21400CD9896F818C00A99D5B2AC4511D9109D02F17B
S21400CDA8010E35F832508D4228D90E9806EBC2028D
S21400CDB80144D069084403E00E9A0A990A441044CC
S21400CDC8E26B15A9556901221193A847159A0A9B83
S21400CDD81392E26B043395695846012213A90A9305
S21400CDE8A847119B054603EB0802A2EB0B02042A90
S21400CDF87FF679AF28B90BF1040BC5E77246491BD5
S21400CE08C9E7CDF820B088E770252F46384619B010
S21400CE18BDE8F08F4FF0000A19E73269616CD31D40
S21400CE281439B3FBF1F3013302EBC302236B9342CD
S21400CE38BFF404AEE9E71C27E8E700BFB84D0020BA
S21400CE48032A2DE9F34106460D4617461C4606D129
S21400CE58237A012B23D0012002B0BDE8F081DFF849
S21400CE686080096842460DF10703FFF7ABF960607A
S21400CE780028EDD19DF80720237A032AE8D0D8F8B1
S21400CE8804106A689142E3D1012B2969D4F80CC0D2
S21400CE9807D172690CEB0103934202D92074207CF7
S21400CEA8DAE708316144E1603B460122294630460C
S21400CEB8FFF7ACFD60600028CAD00020CCE700BFB2
S21400CEC8E44D00202DE9F341089C032A17462668FE
S21400CED806D1237A012B24D0012002B0BDE8F081C8
S21400CEE8DFF89080304642460DF10703FFF76AF9EF
S21400CEF860600028EDD12568D8F80400A96AD5F83E
S21400CF0844C04840CCF100031840227AE1D1012AF7
S21400CF1809D1E268D8F8103013447269934202D9EE
S21400CF282074207CD9E72868EB6A1B1A081AB3FB1A
S21400CF38FCF3B0FBFCF083420BD1706CF36A421E24
S21400CF481340326B121A1344284633632CF0A8FE9B
S21400CF58E862D8F81020E36808321344E360012238
S21400CF683B4604492068FFF751FD60600028B0D0B2
S21400CF780020B2E7E44D00202DE9F0410025604B83
S21400CF880E46D3F8008004461D6018B921252846A9
S21400CF98BDE8F08190F8347007B30A6803689A42CF
S21400CFA840F0A3804A6843689A4240F09E808A68A8
S21400CFB883689A4240F09980CA68C3689A4240F0EB
S21400CFC894800A6943699A4240F08F808A69C36BE5
S21400CFD89A4240F08A804B698361D8E768223946CE
S21400CFE8856B12F095FAD6E90212336804F1080048
S21400CFF823607368A5636360336963617369A361BB
S21400D0082DF065F8B36904F14000E3639B68984720
S21400D01820B9676C17B16368B3FBF7F794F8433029
S21400D028E761002BB2D00023656C2366002D64D020
S21400D038002F62D02368B3FBF5F205FB1233002BF2
S21400D04855D16668B6FBF5F305FB1363002B4ED186
S21400D05820462CF034FDA369043303449E4248D38B
S21400D06840F634726369CC3B934244D8B5F5805F8A
S21400D07843D3032120462CF04BFDD4E90001E36B93
S21400D0881B6898470546E36B0220DB689847CDB9CE
S21400D09841462046FFF77AF96428054604D14146FA
S21400D0A82046FFF773F90546666C5DB9236A204685
S21400D0B8143E5E432CF003FDA369043303449E42EA
S21400D0C838BF5A25002D0CBF0123002384F83430BE
S21400D0D807D1D4E900010B4A1368013313602DF019
S21400D0E890F8E06B2CF0ADFE51E75D254FE759252B
S21400D0F84DE75A254BE75F2549E75B2547E700BF1D
S21400D10848470020444700202DE9FF410C461646B4
S21400D1181F46054680B390F834307BB3B1F5801FC0
S21400D1282ED2DFF8608001212CF0F2FC2146424620
S21400D13828460DF10F03FFF745F8044670B99DF829
S21400D1480F30012B11D1D8F81030BB4212D102464D
S21400D158009031462846FFF743FB0446E86B2CF060
S21400D16870FE204604B0BDE8F081022B14BF2D24C3
S21400D1786024F3E76324F1E72124F2E71124F0E7BB
S21400D1882924EEE7104E00202DE9F04385B00C4622
S21400D19817461E460546DDF8308098B390F83430BA
S21400D1A893B3B1F5801F31D2DFF8649001212CF0DB
S21400D1B8AFFC21464A4628460DF10F03FFF702F852
S21400D1C8044688B99DF80F30012B14D1D9F81020E1
S21400D1D806EB08039A4213D3009043463246394674
S21400D1E82846FFF7FDFA0446E86B2CF02AFE204690
S21400D1F805B0BDE8F083022B14BF2D246024F3E7A6
S21400D2086324F1E72124F2E71124F0E72924EEE766
S21400D218104E002073B50C461646054630B390F8F7
S21400D22834302BB3B1F5801F24D201212CF070FCCA
S21400D23821462846104A0DF10703FEF7C3FF0446A9
S21400D24880B99DF80730032B0CD0022B0CD128464A
S21400D25809492CF054FE3060E86B2CF0F2FD2046AD
S21400D26802B070BD2D24F7E76124F5E72124F6E720
S21400D2781124F4E72924F2E7104E00202DE9F341A3
S21400D2881E4600230C4617460546336050B390F8F2
S21400D29834304BB3B1F5801F28D2DFF85480012113
S21400D2A82CF036FC2146424628460DF10703FEF7C9
S21400D2B889FF0446A0B99DF80730032B10D0022B2F
S21400D2C803BF01233B600423D8F8103018BF38602A
S21400D2D83360E86B2CF0B5FD204602B0BDE8F0815F
S21400D2E82D24F6E72124F7E71124F5E72924F3E7A8
S21400D2F8104E002073B50446056B2CF0E0FB636EF9
S21400D30803449D422CBF00230123854294BF002579
S21400D3182D1A207C84F85030656584F85800A8B12A
S21400D32800230C4E1A461946204600962CF0ABFEF3
S21400D338002305461A461946204600962CF0ACFEF1
S21400D348E3682844984294BF0020C01AE06502B0FB
S21400D35870BD00BFFFFF0F002DE9F3471E46436967
S21400D3680446B342884617469DF828904ED30025B3
S21400D3788DF8075020462CF0A2FBD4F830A0824542
S21400D3880AD2236AB5EB430F06D2002220460DF1D7
S21400D3980701FFF745F9B8B39DF80730012B05D10B
S21400D3A8002220460DF10701FFF73AF9B9F1030FFD
S21400D3B806D0314620462CF072FB256B854227D3D3
S21400D3C8144D4FF0FF31284600F0B2FA4B46294676
S21400D3D800222046C5E90376C5F80080FFF716FB4D
S21400D3E8236E054663B12046FFF784FF94F8503055
S21400D3F813B994F858301BB1236E04F150009847BF
S21400D408284602B0BDE8F0870135B3E76225F7E79E
S21400D4181C25F5E7E44D00202DE9FF410F46904610
S21400D4281E46054698B390F8343093B3B1F5801F7E
S21400D43831D21A4C02212CF06BFB2246394628467C
S21400D4480DF10F03FEF7BEFE024678B101234246F1
S21400D4580093394633462846FFF77EFF0446E86BB6
S21400D4682CF0EFFC204604B0BDE8F0819DF80F30A4
S21400D478012BEBD12169B142E8D1009341463346EE
S21400D4882846FFF7ADF904460028DFD1E7E7212450
S21400D498E8E71124E6E72924E4E700BF104E002059
S21400D4A82DE9F04790F8423086B0012B05460391E7
S21400D4B8A1EB020740F0AA80FF2F03D81E464FF0C4
S21400D4C8640807E00226012B14BF4FF032084FF01D
S21400D4D86408013600244FF6FF79DFF844A195F872
S21400D4E84230012B14BF322364239C4202D35FFAD6
S21400D4F888F40DE005AB2246514628462CF0DDFCA4
S21400D50895F84230012B059B34D14B452DD1E4B21A
S21400D51895F84230012B14BF32226422121BB24205
S21400D52817D3012E39D10022012B05978DF8132029
S21400D53827D1082205A90DF113002CF07AFF9DF8D3
S21400D5481330059A42EA032221462846FFF730FAA6
S21400D55840B10223324900932846CC23096803AA1F
S21400D568FFF7FAFE06B0BDE8F087DBB203B902346F
S21400D5780134B4E7591CCAD09BB2002BF8D1013449
S21400D588F6E7102205A90DF113002CF052FF9DF8BE
S21400D5981330059A42EA0342D6E7039A012B05920E
S21400D5A823D10823202205A90DF113008DF8133086
S21400D5B82CF03FFF9DF81320120221462846FFF75D
S21400D5C8F7F995F84230611C012BC9B21AD1002828
S21400D5D8BFD12846BDF81420FFF7EAF90028B8D1CD
S21400D5E80234BDF81620E1B2AFE71023202205A9C1
S21400D5F80DF113008DF813302CF01BFF9DF8132047
S21400D6081204DAE70028A4D1059A9EE7B7F5803F0A
S21400D6184FF00106BFF457AF4FF032085AE700BF85
S21400D628104E002070B586B00E4605460392A0B38D
S21400D63890F834309BB3B1F5801F32D202212CF01B
S21400D64867FA31462846184A0DF11703FEF7BAFD61
S21400D658044618B99DF81730032B0ED1022331461D
S21400D66800932846CC2303AAFFF776FE0446E86B09
S21400D6782CF0E7FB204606B070BD022B0BD10A49FA
S21400D68828462CF03CFC039902468142EFD02846F7
S21400D698FFF706FFEAE76124E9E72124EAE7112411
S21400D6A8E8E72924E6E700BF104E0020F7B50C4649
S21400D6B81646054668B390F8343063B3B1F5801F54
S21400D6C82BD202212CF024FA21462846144A0DF1C2
S21400D6D80703FEF777FDC0B99DF80730032B14D073
S21400D6E8022B14D10E4928462CF009FC471C02468A
S21400D6F839462846FFF7D4FE044606B13760E86B7D
S21400D7082CF09FFB204603B0F0BD2D24F7E76124DC
S21400D718F5E72124F6E71124F4E72924F2E700BF09
S21400D728104E002030B50C46054685B028B390F854
S21400D738343023B3B1F5801F23D202212CF0E8F948
S21400D7480DF10F03214628460F4AFEF73BFD034618
S21400D75888B99DF80F20032A0DD00322214600928F
S21400D76802462846FFF7F8FD0446E86B2CF069FBEE
S21400D778204605B030BD2D24F7E72124F8E711240C
S21400D788F6E72924F4E700BF104E00202DE9F04301
S21400D798466886B3056898464FF0000CA946AE461C
S21400D7A855F83C400CF1010CC4F31307013401D0C2
S21400D7B8B94217D0B4450EF1080EF1D12F46002411
S21400D7C803E0B44207F1080712D055F834300134A4
S21400D7D80133F6D1C1F3130141EA0851C7E9001233
S21400D7E8BDE8F08341EA0851CEE90012BDE8F083AF
S21400D7F8B8F1030F03D101230372BDE8F0830023B9
S21400D80803E0B34209F10809F5D055F8334001336F
S21400D818C4F30754032CF4D1C1F3130343EA0853A3
S21400D828C9E90032BDE8F0832DE9F04106464068B4
S21400D83882B0B8B10F4690460024336853F8345087
S21400D84803EBC403C5F30752C5F31301013506D02D
S21400D8585B683046CDF80080B84718B17068013468
S21400D8688442EAD302B0BDE8F08100BF024B1968D3
S21400D878024B1868FFF780BB4C7900206C790020B3
S21400D88808B536F05EFB014B186008BD3C4E00201C
S21400D898014B186836F050BB3C4E002073B5044662
S21400D8A82248012A00EAC1119DF8185023F07C404E
S21400D8B807D9961E012E28D9073303F07F0319438C
S21400D8C808E09DF81C300A43DB0603F0C0531343F8
S21400D8D843F060410023C4E900108DF80730B5B165
S21400D8E8202221460DF107002CF0A3FD1A220DF187
S21400D8F80700211D2CF09DFD082063689DF8072071
S21400D90843EA8263636002B070BD1143E2E71B22FC
S21400D9180DF1070021462CF08CFD23689DF80720A2
S21400D928042043EAC2632360EDE700BF80FFFF07D9
S21400D93838B5094B0D461A680021044611F0E8FD73
S21400D94800234FF0FF322383C4E900252361A26039
S21400D958E382A37638BD00BF18E704000138C0B2DA
S21400D96805289ABF014B185C012070471DE7040084
S21400D9782DE9F0410746154600240E46596888B03A
S21400D988490A012922464FEA510104F10104F8D850
S21400D998DC78997824031B88C90201F4006104F432
S21400D9A880540C43C3F30A035203234492B24FF045
S21400D9B800089C18274B6FEA0444039325F0784325
S21400D9C8ED4302A90DF107001B2202938DF807808C
S21400D9D82CF02FFD9DF80720029B02A943EAC2639C
S21400D9E80DF107001B2225F07845049302958DF863
S21400D9F807802CF01EFD9DF80720029B6FEA144452
S21400DA0843EAC26305934FF0FF330794069307A9CA
S21400DA18BB69012206F110009847BB6905A90446B0
S21400DA28012206F108009847BB69404518BF04461E
S21400DA3804A90122301D98470122404518BF044614
S21400DA48BB69304603A99847404508BF204608B03A
S21400DA58BDE8F08101009AB2044BD3F88420D206C0
S21400DA68FBD4D3F88400C0F3811070470040005000
S21400DA7838B5184B0546D3F824010C4600F00700C5
S21400DA88062823D8DFE800F0040A121A1E0E16002D
S21400DA98012305B1286004B1236038BD34F0E4FAE8
S21400DAA80523F6E734F0E0FA0623F2E734F016FB2F
S21400DAB80323EEE734F012FB0423EAE734F00AFB0C
S21400DAC80223E6E736F050FA0723E2E70023184673
S21400DAD8DFE700BF0080005038B5104B0546D3F886
S21400DAE800310C4603F00303022B0BD0032B0DD09A
S21400DAF8012B0FD134F0F2FA032305B1286004B1E4
S21400DB08236038BD34F0F0FA0823F6E736F02CFA2E
S21400DB180723F2E701230020EFE700BF008000504C
S21400DB2838B5104B0546D3F820310C4603F00303EE
S21400DB38022B0BD0032B0DD0012B0FD134F094FA07
S21400DB48052305B1286004B1236038BD34F0C6FA51
S21400DB580323F6E734F0BEFA0223F2E70123002097
S21400DB68EFE700BF0080005038B5104B0546D3F8E5
S21400DB7840310C4603F00303022B0BD0032B0DD0C9
S21400DB88012B0FD136F0F2F9092305B1286004B14C
S21400DB98236038BD34F0A8FA0823F6E736F0E9F92A
S21400DBA80B23F2E701230020EFE700BF00800050B8
S21400DBB838B5104B0546D3F860310C4603F003031E
S21400DBC8022B0BD0032B0DD0012B0FD136F0CEF93C
S21400DBD8092305B1286004B1236038BD34F084FAFF
S21400DBE80823F6E736F0C5F90B23F2E701230020F1
S21400DBF8EFE700BF0080005073B50D4600210E4BBE
S21400DC080191D3F88041064604F00304012C09D09C
S21400DC18022C0CD00C460EB1019B336005B12C606B
S21400DC2802B070BD01A8FFF77BFF0F24F3E734F0BE
S21400DC3851FA0190EFE700BF0080005038B5104B4E
S21400DC480546D3F840320C4603F00303022B0BD0EC
S21400DC58032B0DD0012B0FD136F088F9092305B117
S21400DC68286004B1236038BD34F03EFA0823F6E78E
S21400DC7836F07FF90B23F2E700231846EFE700BFDC
S21400DC880080005038B5144B0546D3F800020C4601
S21400DC9800F0070004281BD8DFE800F003090D1180
S21400DCA81500012305B1286004B1236038BD36F09D
S21400DCB85DF90923F6E734F017FA0823F2E736F099
S21400DCC858F90B23EEE734F0EFF90E23800AE9E75C
S21400DCD800231846E6E700BF0080005010B40D4C3D
S21400DCE80B46D4F8204204F00304012C0AD0022C78
S21400DCF80CD008B1002101600BB100221A605DF853
S21400DD08044B70475DF8044BFFF70ABF5DF8044BF9
S21400DD18FFF72ABF00800050B0F5207F1FD009D833
S21400DD28B0F5007F15D003D868B1B0F5C07F0AD02B
S21400DD3800200CE0B0F5607FFAD10B4BD3F88000DA
S21400DD48C0F3011003E0084B186FC0F3033001302E
S21400DD587047054BD3F89000C0F30460F7E7024B12
S21400DD68186FC0F38020F2E7008000504FF40032AE
S21400DD780E4B014610B500209A66FFF7CDFF4843C4
S21400DD8841F671320A490B4B884294BF00200120A5
S21400DD98DC69DA639A6822F4401242EA00529A6012
S21400DDA8E20344BF0022DA6310BD00BF00900050B3
S21400DDB8005A6202000003505F2898BF094B4FEADA
S21400DDC8501294BF53F82230074B00F01F0029B1B9
S21400DDD803F58053012282401A60704703F500530A
S21400DDE8F8E700BF24E70400608200501FB5002152
S21400DDF8B0F5807F0446019100F0068100F29D8010
S21400DE08612800F295801F2805D8002840F09280E7
S21400DE1834F04AF9DCE0A0F12004412C00F28A80B4
S21400DE2801A353F824F000BF19DE0000DDDF000070
S21400DE3819DE0000DDDF0000FDDF0000FDDF00006A
S21400DE48FDDF0000FDDF0000DDDF0000DDDF000095
S21400DE58B7DF000071DF000033E000003DE000009F
S21400DE6871DF0000DDDF0000DDDF0000DDDF000021
S21400DE783DDF00003DDF00003DDF00003DDF000025
S21400DE883DDF00003DDF000007E0000093DF0000F4
S21400DE98DDDF0000DDDF0000DDDF000051E0000010
S21400DEA847E00000DDDF00003DDF00003DDF00004A
S21400DEB83DDF00003DDF00003DDF00003DDF0000E5
S21400DEC83DDF00003DDF00003DDF00003DDF0000D5
S21400DED83DDF00003DDF00003DDF000019DE0000EA
S21400DEE83DDF000019DE000019DE000019DE000024
S21400DEF8FDDF00003DDF00003DDF00003DDF0000E5
S21400DF083DDF00003DDF00003DDF00003DDF000094
S21400DF183DDF00003DDF00003DDF00003DDF000084
S21400DF283DDF00003DDF000019DE000019DE0000BE
S21400DF3880284BD0019804B010BDB0F5A06F5ED015
S21400DF4828D8B0F5607F50D019D8B0F5007F4CD0EF
S21400DF5804D8B0F5C07F3FF45BAFEBE7B0F5207FA1
S21400DF6838D0B0F5407FE5D134F09EF802464FF43D
S21400DF782070FFF7D1FEB2FBF0F2520833E0B0F59E
S21400DF88806F37D0B0F5906FD4D1002101A8FFF785
S21400DF986FFDCFE7B0F5E06F51D00DD8B0F5C06F84
S21400DFA843D0B0F5D06F45D0B0F5B06FC2D10021E0
S21400DFB801A8FFF721FEBDE7B0F5F06F44D0B0F535
S21400DFC8086FB7D101A8FFF787FDB3E734F052F81A
S21400DFD80190AFE734F068F802464FF42070FFF778
S21400DFE89BFEB2FBF0F20192A4E734F043F8024637
S21400DFF82046F4E7002101A8FFF792FD9AE70021E2
S21400E00801A8FFF76BFE95E74FF0E02302911B6926
S21400E0185B0705D534F048F80290029B019389E720
S21400E02803A902A8FFF7A0FDF7E7002101A8FFF75C
S21400E0389BFD7FE7002101A8FFF724FE7AE7002171
S21400E04801A8FFF7FBFD75E7002101A8FFF7B0FD63
S21400E05870E700BF08B58020FFF7C8FE034B98425C
S21400E0689EBF4FF48032024B1A6708BD005A620200
S21400E07800A000501FB503460020B3F5807F01902E
S21400E0886FD027D8382B00F082800BD8243B092B7A
S21400E0980FD8092B0DD8DFE803F05F5F5F5F0C0C25
S21400E0A85A0C3675522B57D007D83D2B3AD03E2BF4
S21400E0B872D0019805B05DF804FB802BF9D1394B76
S21400E0C81B6F03F00703013B032BF2D8DFE803F0CE
S21400E0D83D36393BB3F5D06F54D019D8B3F5A06F99
S21400E0E855D00AD8B3F5806F36D0B3F5906FE0D127
S21400E0F8002001A9FFF7BCFCDBE7B3F5B06F26D01C
S21400E108B3F5C06FD5D1002001A9FFF72DFDD0E7E4
S21400E118B3F5006FECD00AD8B3F5E06F3CD0B3F592
S21400E128F06FC6D1002001A9FFF742FDC1E7B3F59D
S21400E138086FBED101A9FFF7CFFCBAE70523019304
S21400E148B7E70323FBE70723F9E70223F7E70020EF
S21400E15801A9FFF751FDACE7002001A9FFF7E0FC95
S21400E168A7E74FF0E02302901B695B0705D533F05D
S21400E1789BFF0C230393039BE1E703A902A8FFF781
S21400E188F3FCF8E7002001A9FFF77CFD91E70020E3
S21400E19801A9FFF7A3FD8CE7002001A9FFF74EFDB4
S21400E1A887E700BF008000504FF40022034B5A66F2
S21400E1B8012203F580439A62704700BF0090005022
S21400E1C870B504468020FFF755FF032800F08280CC
S21400E1D84FF40022444B02215A6645F60E03434A82
S21400E1E8C2F88030424B9962012103F58053996248
S21400E1F8936DD903FCD4D4E900131B0543EA0163E5
S21400E208E17B94F823500B43217B43EA0143617B6F
S21400E21843EA0133A17B43EA811313619169D4E988
S21400E22804031B0643EA806301F000410B43A17E0A
S21400E238E07E0B43217E43EA0143617E43EA0123E5
S21400E2489361E169136A002923F00D0343EA010389
S21400E25814BF0121002143EA800343EAC103136285
S21400E26894F8203094F82200916A4FEA431332D18A
S21400E27894F8216021F0330143EA06130B4343F078
S21400E288010393621B49194B9A6D31EA0202FBD1CE
S21400E298022217498A621A659A6D5200FCD41A69D6
S21400E2A8A16822F4700242EA01521A614FF0004255
S21400E2B80F4B9A6118B9022203F580539A6215B972
S21400E2C801220D4B9A6294F824301BB1074B0B4A77
S21400E2D8C3F8802070BD21F0330129430B4343EA7D
S21400E2E840039362EFE700BF0090005000C0005064
S21400E2F800D000500300014000E00050F1A7FFFFE7
S21400E308014B93F900007047CB6E0020014B188034
S21400E318704700BFAE7E0020B0F5207F10B50C46D3
S21400E32842D008D8B0F5007F33D003D888B1B0F50E
S21400E338C07F0ED010BDB0F5607FFBD11F4A4C1EC3
S21400E348D2F8803023F0300343EA0413C2F8803052
S21400E358F0E72CF08CF82CF098F84FF48031184B36
S21400E368164A1967136F013C23F4704343EA0433D3
S21400E378136733F099FE0446FFF76EFBC0F10201FF
S21400E38820462CF07CF800F035F8BDE81040FFF782
S21400E39861BE0A4A4C1ED2F8903023F0F85343EA7E
S21400E3A80463C2F89030C5E7044A4C1E136F23F482
S21400E3B8806343EA84231367BCE700BF00800050ED
S21400E3C80090005008B50121022000F0E1F84FF453
S21400E3D82070FFF7A1FC054B18702CF048F82CF0BD
S21400E3E854F84FF48032024B1A6708BDCA6E0020F4
S21400E3F80090005008B54FF4C070FFF7F7FCBDE872
S21400E40808400449884294BF012102214FF4207035
S21400E418FFF782BF80F0FA0238B5044633F044FEB0
S21400E4280546FFF719FBC0F1020128462CF027F82D
S21400E4380121002000F0ECF82CB1FFF7DBFFBDE867
S21400E4483840FFF707BE034B4FF420701978FFF7E4
S21400E45863FFF4E7CA6E002010B5224B70B94FF47C
S21400E4680031214A1860516602F598325268012A2E
S21400E47803D11E4AD2F800211A6010BD1B68002B73
S21400E488FBD01B4A5268012AF7D0184A8020C2F8E7
S21400E4980031FFF7EFFD05281FD14FF4C070FFF7D6
S21400E4A83BFC0128044604D102214FF4C070FFF754
S21400E4B833FF07220F4B1A610122A3F580535A60D7
S21400E4C80B4A1369DB07FCD5012CD6D12146BDE8DB
S21400E4D810404FF4C070FFF71FBF0122064B5A606A
S21400E4E8CBE700BF404E0020009000500080005050
S21400E4F800C0015000E0015000D00150044A4178A5
S21400E508536F23F4407343EA01235367704700BFF1
S21400E5180040005010B5044610B10020FFF79CFFDD
S21400E528124A136943F00403136134F033F92BF0ED
S21400E538B1FF0F4B5B6E5B0142BF0E4B0E4AC3F832
S21400E548202435F0FEFC35F0BBFF35F0F5FC2BF04B
S21400E558A2FF02F007FA1CB9BDE8104033F0A4BDCC
S21400E5680120BDE81040FFF777BF00BF00ED00E0D0
S21400E5780080005000E003500000FF0F034A0179B6
S21400E588D36E23F030030B43D36670470040005029
S21400E598F8B504461C4BD3F88420D106FBD4D3F830
S21400E5A88430C3F381139C422CD033F063FD012CD6
S21400E5B8064602D121462BF062FF35F0C2FC4FF02A
S21400E5C80072124B07465A6620462BF06BFF4FF434
S21400E5D880630D4D621E93402B676B6E9A0103D4C1
S21400E5E8D5F884309B060AD5384635F0A5FC022CAB
S21400E5F808D13046BDE8F84000212BF040BFD5F8DA
S21400E6088430EAE7F8BD00BF0040005000600050C4
S21400E61810B50C4608B933F02DFD074B21461B787C
S21400E6283BB1064B984204D80120BDE81040FFF7DE
S21400E638AFBF0220F9E700BFCC6E0020005A620286
S21400E6480278034B012100201A70FFF7E1BF00BFD4
S21400E658CC6E00204FF0004238B5264B26495A6645
S21400E66801224A604AF6CD3103F50B235D6C196426
S21400E678154030BB9968C9070BD4002401221F4BEC
S21400E6885A6015B11E4B1F4A1A6430F0ECFA204641
S21400E69838BD1A498A601C4AD96ACC0705D4904204
S21400E6A801D10724EAE70130F6E79042E5D1F8E71A
S21400E6B80132DC6A14F0080406D08A42F8D107242E
S21400E6C8DFE700221049F4E78A42F8D020220B4BF5
S21400E6D80B495A620122A3F580539A6023460A4AD8
S21400E6E8486A800603D49342E9D00133F8E7934298
S21400E6F8C7D1E4E700900050005009500060095068
S21400E708004009503254FFFF40420F004FF00042CD
S21400E71838B5174B174C5A66012203F50C235A6076
S21400E7284AF6CD33656C2364437893401343124A04
S21400E738D363C3788178A2689B0043EA011322F06A
S21400E74874021343A3600279837943EA02232361A0
S21400E7584279C37943EA022363610078FFF77AFFB8
S21400E768EB0744BF054B236430F07DFA012038BD23
S21400E7780090005000400950004000503254FFFFFF
S21400E788F8B504460D461F4616464AB101238B4087
S21400E7983021184A01FB0022F7B141F2100153500C
S21400E7A804EB4403072D4FF00F014FEA031316D866
S21400E7B8A80006FA00F281400F4818442BF073FEB2
S21400E7C84EB9012330210B4AAB4001FB042277B136
S21400E7D841F210015350F8BD42F21001DFE7A5F1EF
S21400E7E80800800006FA00F281400448E5E742F295
S21400E7F81001EFE700C0035004C003500CC00350DC
S21400E8080121024600F5805310B55960244B25496E
S21400E818C36053690B40FCD19361C2F898305369C2
S21400E82813F4401FFBD15369D9052DD4936F5BBBF6
S21400E83853699B052AD4D2F8881039BB1046D36F83
S21400E848D2F88C302BF03EFE302391601161D162F5
S21400E85811621367C2F88030134B9A4208D142F20D
S21400E8686000124B90641365516590651366516697
S21400E8780D4B9A4202D1002010290AD10C4B02F502
S21400E88800525362936210BD536FCCE7D2F88430BF
S21400E898CEE701F1280443F824000131ECE700BF75
S21400E8A812000200520001000040005A00C0028018
S21400E8B88F330F80084608B569B92A20FFF796FAFD
S21400E8C8B0B10C4B984206D90B4B9B68C3F3027346
S21400E8D80133B0FBF3F0094B00F5742000F23F203B
S21400E8E8B0FBF3F001387F2828BF7F20C0B208BDF0
S21400E8F80120F0E7005A62020040005A40420F002A
S21400E9080B4B10B5994228BF19460C461AB92A204F
S21400E918FFF76CFA0246631E1344B3FBF4F0A342F7
S21400E92828BF00F1FF30032828BF0320C0B210BD5F
S21400E938005A620210B51048104C002B08BF044657
S21400E9488C4228BF0C461AB92A20FFF74FFA02460F
S21400E9589DF8083040F2FF300133B2FBF3F2631E35
S21400E9681A44B2FBF4F3A24228BF03F1FF339842DD
S21400E97828BF184610BD00BF80969800404B4C0034
S21400E9882DE9F04F2DED048BB64E0C4687B0154694
S21400E998314600220746FFF7B3FF94F80580804506
S21400E9A838BF804638462BF08DFD20795FFA88F808
S21400E9B850B92A20FFF71AFAB042014628BFB0FB22
S21400E9C8F8F13846FFF776FF4FF00009E37822782B
S21400E9D81B01524202F0020203F03003134362782E
S21400E9E80004524202F004021343A27800F4FE0028
S21400E9F8524202F0080213434FEA087202F0E0425D
S21400EA0813431843E3882289B8603B616389DFF8BB
S21400EA1860A243EA02433B62574502D1B9F1020FAE
S21400EA2808D1012307F580577B6007B0BDEC048B3F
S21400EA38BDE8F08F00222E788B488C49AC68964249
S21400EA4818BF014633468A48CDF80080FFF772FFA4
S21400EA5807EB09118B6CA2B223F0435323F41D1362
S21400EA6823F4405323F01F0306F003041C436B787B
S21400EA7882424FEA830303F01C0344EA0304AB789C
S21400EA8838BF02461B03E87803F4E0432343040434
S21400EA9804F4E02423432C7C4FEA091C640504F4A0
S21400EAA8600423432C7909F1050B240704F040542D
S21400EAB823438B648C6C6F49C4F30234013C042CEA
S21400EAC826D8DFE804F0252503101A00D1F880417F
S21400EAD8240C2EB3C2F309020AEB0B135A6009F191
S21400EAE80109143598E7D1F88441002EF2D1D1F8FF
S21400EAF88C11A4B20914490015E0D1F88441002EFF
S21400EB08E8D1D1F88C11240C091401EB41010AE074
S21400EB18D1F88041A4B2002EDCD1DFED577A06E0AA
S21400EB28D1F88C11091407EE901AF8EEE77A01214D
S21400EB380CF1B44C0CF5804C2304DCF8483024F473
S21400EB48C046C3F3820C0CF1010C01FA0CF107EE77
S21400EB58101A4FEA864648BF46F0004613F01C0FC8
S21400EB68B8EEC79AF6EE008A424B4CD1D3F88C1111
S21400EB780BB208EE103AB8EEC88A38EE278A002894
S21400EB8858D105A8039200F013F9DFED3C7A28EE79
S21400EB98278A039A9FED3A7AC7EE097A9FED397A63
S21400EBA867EE877AB1EE007AB6F1004F48EE077A3C
S21400EBB80BD09FED357A06EE104A77EE876ABAEEE6
S21400EBC8E86AF0EE477A56EE267AF5EEC07AF1EE67
S21400EBD810FACBBFF1EE677A78EEE78A77EEE87A36
S21400EBE8FDEEE87AC8BFFDEEE77A17EE901AB1F5A3
S21400EBF8003F2EDB6FEA56466FEA46461C484FEA49
S21400EC080B11465066E7D3F8901169EE286A09B2E8
S21400EC1807EE101AB8EEC77AD3F8881177EE677A37
S21400EC280BB208EE103A87EEA67AB8EEC88A38EE27
S21400EC38078AA4E7D5ED037ADFED146AF8EE677A5B
S21400EC4887EEA67AF7EE046AC6EE877A27EE888AF3
S21400EC58A0E711F5003FAABFC1F3110146F400363C
S21400EC680E43CBE7005A6202404B4C008096980051
S21400EC780040005A0080E00F000000003D3B843F43
S21400EC8800008043000020440000004900007A4449
S21400EC984FF40032054B9A6641F6713203F51C3381
S21400ECA8DA63012203F50053DA60704700900050DB
S21400ECB841F671320121064BDA6303F50052D16042
S21400ECC80022DA634FF40032A3F518339A667047C9
S21400ECD800000350044B1868421C02BF034AD2F8CF
S21400ECE894001860704700BF7079002000400050FC
S21400ECF8CB784A7810B55B010C7843EA82030A7928
S21400ED08234343EA02130C22424302F1B042136340
S21400ED18012C02BF8A78024B43F8202010BD00BFA2
S21400ED28E880035008B54FF0B0435A6802B960B19E
S21400ED385B680BB12BF043FC4FF0B04130B10120BB
S21400ED48074B58602BF03BFCC86008BD2BF037FC1F
S21400ED580223CB602BF033FC0122024B5A60F4E707
S21400ED6800100058002000584FF0B0414B6810B50E
S21400ED780BB12BF024FC01220B4BC4785A60837825
S21400ED88934043EA840344782343047943EA04130C
S21400ED98447943EAC4038B60044B5A600378C3F192
S21400EDA80203CB6010BD00BF0020005800100058BA
S21400EDB84FF48032064B5A6603F5E6235B69C3F3C5
S21400EDC88512827003F03F021B0B42700370704777
S21400EDD800900050024B1868C0F30740704700BF09
S21400EDE80080E00F0120034B9B680A3303F01F03E3
S21400EDF8984070470080E00F30B5154CA04219D0F7
S21400EE0804F58044A04217D004F58044A04215D0EB
S21400EE1804F58044A04213D004F58044A04208D1EB
S21400EE28042006250B4C6BB105FB001004EB800490
S21400EE38E26030BD0020F4E70120F2E70220F0E7A8
S21400EE480320EEE705FB0011120204EB8104EFE74E
S21400EE58008004500081035070B5054616461C46CF
S21400EE6821B94FF42070FEF7C1FF0146402C1BD095
S21400EE7803D8DCB1202C1BD070BD602CFCD1042339
S21400EE8803FB06F2530803EB4113B3FBF2F36021CE
S21400EE98084A203B02EAC30305F50052916005F5CF
S21400EEA880529460EB61E7E70623E9E71023E7E77B
S21400EEB80823E5E7F8FF7F00012200F580535A6033
S21400EEC840F6AA6341F20502436100230B498360BA
S21400EED8C365C26000F500520361C361C3649164F0
S21400EEE807498365884203D103650023436502E02A
S21400EEF804498842F8D0012353607047FFFF010099
S21400EF0800C005500000065070B50D46FFF7D4FF48
S21400EF18012300F580567360AB7C04461BB18368FA
S21400EF2843F080438360EB7C4BB1344A2B7D94429C
S21400EF3843D1A2F51032C2F88C318023F3652A8AB1
S21400EF486B7B20461343EA891343E3602B7BD5E9A2
S21400EF580112FFF781FF6B7D1BB1A36843F4803372
S21400EF68A360AB7D1BB1A36843F40043A360EB7DAD
S21400EF782A7E1B07120502F4E00203F0E04313435F
S21400EF88A365697E1D4A8B1E012B1D4B1FD8944214
S21400EF981BD002F58042944214BF4FF0FF32012284
S21400EFA803EB4213022041F21C620329985020D139
S21400EFB80423F3652B78636170BD124A944204BF3C
S21400EFC8A2F52032C2F89C31B7E70022E8E794425F
S21400EFD80DD00C4A944214BF4FF0FF32012203EBC7
S21400EFE84213022042F21C6201299850DFE70022F1
S21400EFF8F5E7042204F50053DA65DBE700C00550A0
S21400F00800C0035000000650034BD3F82424D3F85E
S21400F01820041040704700BF00C003502DE9F84395
S21400F0281E4B0546D3F810334B1E0E2B0E461746BE
S21400F03890F8009044781DD909B34FF00008284688
S21400F048D7B134F099FF09EB4903072C4FF00F01AD
S21400F0584FEA031315D8A400114808FA04F2A14091
S21400F06818442BF049FBBEB928468FB1BDE8F843D3
S21400F07834F082BF8846E2E72BF04DFBE3E788468C
S21400F088E1E7083CA400074808FA04F2A140E7E7CD
S21400F098BDE8F8432BF03FBBBDE8F88300C003503B
S21400F0A804C003500CC003502DE9F0412B4B174603
S21400F0B8D3F810234A1C06460C46407804D1D3F8E9
S21400F0C824142BF036FB0446002C2FDB072C4FF0BD
S21400F0D8030532782DDC4FEA840805FA08F5294638
S21400F0E81F4802FA08F22BF007FB294672781D48DB
S21400F0F802F0030202FA08F22BF0FEFA012317F0D8
S21400F108050F194A18BF194903FA04F30CBFC2F8C9
S21400F1181034C1F8103417F0060F18BF134AC2F897
S21400F12814340123104AA340C2F820342046BDE810
S21400F138F081A4F108084FEA880805FA08F5294678
S21400F1480B4802FA08F22BF0D7FA7278294602F032
S21400F1580302084802FA08F2CEE700BF00C00350D0
S21400F16800C4035008C4035000E0035000D0035006
S21400F17804C403500CC4035070B504462FF0B8FD01
S21400F188064630B90FCC044D0FC594E8030085E851
S21400F1980300304670BD00BF444E002047F6FF739C
S21400F1A89A42F0B569D0022969D8364B5B5C012BC8
S21400F1B865D8354DDE0005EBC30415F83330A17865
S21400F1C8012B13D10025E078401AA84202D808443B
S21400F1D8C0B2F0BD431B6668A0EB530336F9136054
S21400F1E89642D4BF1D4603F1FF30EEE7606800285C
S21400F1F8EFD0B0F90040944204DBB0F902409442E4
S21400F208B8BF144683883544FF2B19BFC823282760
S21400F218B0F90630B0F90870A3EB04030CBF01225E
S21400F228002293FBF7F36E7813441BB29E4201DD6F
S21400F238002B01DA731E1BB24FF47A7C00EBC30571
S21400F248EA88AD685F1C14FB02521D4622EAE27289
S21400F2583BB25C329E42B2FBFCF204DD00EBC30715
S21400F268BF889742EAD200EBC5039888904228BF29
S21400F2781046884238BF0846AAE7FF20A9E70020BC
S21400F288A7E700BF30E70400444E00200229F0B587
S21400F29855D82C4B585C012851D82B4C04EBC00190
S21400F2A814F830004B6801280FD1C8788C78904243
S21400F2B894BFC4EB0001C4EB0201001BCAB2824231
S21400F2C8C8BF002233F91200F0BD002B37D088786B
S21400F2D8904202D3B3F90200F6E7CC78B3F90000FF
S21400F2E89442F1D94C789988013CA1F1FF06714205
S21400F2F803F10405E4B2714103F10C07CEB2B4423F
S21400F30816D805EBC1014FF47A756A43B1F9024085
S21400F3184968521A04EBD47102EB610292FBF4F2CC
S21400F3289042D1DBB3F902009042CDDC10B2CBE7B5
S21400F33837F831C04E1C9445E3D33146DEE7034820
S21400F348C2E700BF30E70400444E00200080FFFFFD
S21400F35808B50448FFF710FFBDE8084001202FF065
S21400F368CDBC00BF34E704007FB51422002101A8F5
S21400F37810F0CEF8044B01A94FF0FF3002932FF09F
S21400F38803FD07B05DF804FB006A18004FF400524E
S21400F398034B00209A660322C3F86022704700BF1A
S21400F3A8009000504FF40052034B00209A66032248
S21400F3B8C3F86022704700BF00A000502DE9F04F48
S21400F3C8894691B00DF1300B8246DDE91C6417467C
S21400F3D800211022584698461E9D10F099F81F9B4B
S21400F3E8B9F1000F04D16FF0860011B0BDE8F08FB8
S21400F3F8002FF8D00EB9002CF5D11A9A12B91B9A1C
S21400F408002AF0D10DB9002BEDD1209A002AEAD0B7
S21400F418424A904502D0424A90457CD1BAF800202C
S21400F428B2F5105F77D1BAF80220B7EBD20FDAD36D
S21400F43822F04001802902D0B2F5807FD3D11CB9D2
S21400F448209B00201C60D0E7AE421FD2321995429E
S21400F4581CD29C42C7D831462246284610F0AAF845
S21400F4682F4B2E46984526D014F00F03BBD1CDE976
S21400F4780097CDE90236CDE90443CDE90654089352
S21400F488FFF784FF50B16FF09200AEE7244A90452C
S21400F4980FD09C42E8D96FF08900A6E7684606AA0E
S21400F4A803A90EF05BFB0546FFF77CFF0543C7D0B4
S21400F4B8E9E79C42EFD81B9B0D2B94D101238DF8CE
S21400F4C830301A9B0DF1310203F10C0153F8040B8E
S21400F4D88B4242F8040BF9D11B78137001231022D3
S21400F4E88DF83F300023CDE90097CDE90A23CDE912
S21400F4F80236CDE90443CDE90654CDF824B0089386
S21400F508FFF744FF0028BED1684609AB06AA03A940
S21400F5180EF04CFBC7E76FF0850066E70044400432
S21400F5280013C0042DE9F04F91B09046DDE91A4566
S21400F538DDE91C6B1F468946DDF878A021B96FF017
S21400F548860011B0BDE8F08F002AF8D00CB9002D5F
S21400F558F5D116B9BBF1000FF1D1BAF1000FEED014
S21400F568484B9F4203D0484B9F4240F08780038811
S21400F578B3F5105F40F082804388B8EBD30FDED334
S21400F58823F04002802A02D0B3F5807FD7D125B970
S21400F5980023CAF800300020D3E7102D05D1394BD8
S21400F5A89F42F5D1B44202D343E0B4423ED2631937
S21400F5B89E423BD25D45C2D821462A4630460FF0C9
S21400F5C8F9FF304B34469F4238D00D3D5D4532D862
S21400F5D801238DF8303023460DF1310204F10C0179
S21400F5E853F8040B8B4242F8040BF9D11B780D3400
S21400F5F813704FF48073ADF83E300CAB10220993AD
S21400F6080023CDE90098CDE90A23CDE90345CDE9E5
S21400F6180536CDE907530293FFF7B8FEF0B96846FA
S21400F62809AB06AA03A90EF0D5FA1FE0164B9F42AF
S21400F638CBD05D4502D96FF0890082E715F00F033D
S21400F6487FF47DAFCDE90098CDE90234CDE90453C7
S21400F658CDE906650893FFF799FE10B16FF09200A2
S21400F6686FE7684606AA03A90EF08CFA0446FFF769
S21400F67899FE0443F2D1CAF800508CE76FF0850073
S21400F6885FE700BF004440040013C00410B54FF401
S21400F6982F72002104460FF03BFF8023C4F88C30FD
S21400F6A8054B04F19C00C4F88430012384F88830A4
S21400F6B8BDE810402AF09BB9F34F040010B5D0F807
S21400F6C8A0400A468CB92BF034FA044610B9002438
S21400F6D8204610BD2D2896BF064B074953F8201024
S21400F6E8064A07482BF06BFBF2E7D0F8A410104642
S21400F6F8A047ECE7B8E70400F64F0400774B040091
S21400F70826510400F8B590F88060044616B1002625
S21400F7183046F8BD2BF040F80028F8D1012384F8CD
S21400F728803094F8883033B1D4F884101F4884F8B1
S21400F73888602BF044FB4FF0FF37D4F8B402421C25
S21400F7481FD0C4F8B47210F0FF052CD020462BF05A
S21400F75820F82946204600F0A7FB0028EDD02046D2
S21400F7682BF025F894F888303BB1D4F884100F486D
S21400F7782BF025FB002384F88830002384F880309B
S21400F788C6E72BF001FB431CDDD1D4F88C30D4F847
S21400F7989420013B9A4204DB054A064906482BF0AA
S21400F7A80EFB0126E9E70126C7E700BF4D63040004
S21400F7B8774B04000450040026510400F8B50B7873
S21400F7C80446302B0D46164604D14B7803F0DF036B
S21400F7D8582B11D0284F6A1E12F8011F002934D161
S21400F7E828460A220FF084FD202C03460D4631D108
S21400F7F8B1FA81F040091AE04A1C1F4912F8013F85
S21400F8088BB928460FF080FD1C4B02382340032B8B
S21400F81812D10134A41084420AD1A87837288CBFA4
S21400F8280020012003E0CB5C13F04400E6D1F8BDCD
S21400F838CCBF01200020FAE7002CB8BF0334B0EB99
S21400F848A40FD4BF01200020F1E77B5C13F004006E
S21400F858C2D1ECE726B1084302D0013B61F10005AE
S21400F8680122A240013A1A40002D08BF9A420CBF56
S21400F87801200020DBE700BFC10D05000300008063
S21400F888F0B5037801467B2B17D1064602240022E2
S21400F8980B4F16F8015F7D2D05D10B5D6BB9D24372
S21400F8A802F0010008E07B5D13F0440002D001324C
S21400F8B80134EEE7202DFBD0F0BD0020FCE700BFAA
S21400F8C8C10D050070B506460D460FF01DFD044631
S21400F8D830462BF074FA044EAC4200D370BD304666
S21400F8E82BF06DFA0134F7E7ED5904002DE9F84FCF
S21400F8F8044602215148FFF7E5FF1E212068FFF75E
S21400F908E1FF636858682BF05AFA4D482BF057FA0F
S21400F91867683B7BFD2B12D8D7F808804FF0FF3678
S21400F92840460FF0F1FC0546DFF81091DFF870A1AD
S21400F938DFF84CB10C3717F8013BFF2B01D1BDE8B7
S21400F948F88F212B18D8212B36D8DFE803F037722A
S21400F95874111B1D1F2135353535353535352325AD
S21400F96827292B2D2F3135353535353535353D336A
S21400F978344C002D2BD12EE0334C344AFE2B08BFD6
S21400F9881446F6E7324CF4E7324CF2E7324CF0E72E
S21400F998324CEEE7324CECE7324CEAE7324CE8E71A
S21400F9A8324CE6E7324CE4E7324CE2E7324CE0E72A
S21400F9B8324CDEE7324CDCE7234CDAE7314CD8E74A
S21400F9C82BF0F1F901362AE0002DB4D02E4C202B6E
S21400F9D806F10106AFD002214846FFF773FF1E2145
S21400F9E84846FFF76FFF50462BF0E9F95946204680
S21400F9F80FF0E4FF2549002818BF214624482BF0BD
S21400FA08DEF93B78202B02D12B202BF0CCF92148AD
S21400FA182BF0D5F94DB118F806301F2B05D018F87D
S21400FA2806001F2801D0AE42CADB05482BF0C7F9EE
S21400FA3881E7194C9DE7194C9BE700BF519C0400D1
S21400FA48774B0400AE500400C0500400696B0400F5
S21400FA580B5104001251040003510400FF50040027
S21400FA68F6500400EC500400E2500400F75004007E
S21400FA78ED500400E3500400D8500400D1500400B0
S21400FA88C8500400AD500400B3500400BE50040033
S21400FA984D6304008B5404000A51040011510400FD
S21400FAA8516C04002DE9F04F9BB005468B460024A8
S21400FAB8009203930FF028FC249F039B04901C607D
S21400FAC828463C600AAA09A92BF09BF9064658B9AD
S21400FAD80A980FF019FC3446B046039B1860D5F810
S21400FAE89C300293029B1BB920461BB0BDE8F08FE2
S21400FAF8029BD3F80890B9F1000F6CD02E4416F884
S21400FB08013B202B11D000260C23734309EB030A74
S21400FB1859F803300193002B58D0099B434555DB11
S21400FB289AF808202AB1721C39E03B6801333B601A
S21400FB38E5E73968D5F894200793039B521A1A60AC
S21400FB481AAB03EB880151F8403C01991846059317
S21400FB580FF0F4FE06900028E5D101980FF0D4FBCC
S21400FB68DDE906230146DAF80400D7F800A090F885
S21400FB780CC0BCF1FE0F16D103F1FF3EC64512D0ED
S21400FB88D0F80090059801920FF0BEFB0AF1010A22
S21400FB98019A50442B5C23B1386008F101081646D8
S21400FBA8B2E70130F6E7D5F894200591A2EB0A02F1
S21400FBB88A4220DC58460FF0A7FB059901447B29AA
S21400FBC80DD958461F4A009929F038FF2B46049A43
S21400FBD82A4493422CD1029B1B68029382E7DDE9F4
S21400FBE80012584629F02AFF5846174A0099013449
S21400FBF829F024FF97E7BCF1FE0F94D1013B43455B
S21400FC0891D1D0F800A0DFF840905AF80C2B22B912
S21400FC18049B3B60039B1A60D8E75846009929F076
S21400FC280DFF4A465846009929F008FF0134ECE7CC
S21400FC3813F8011B0029CCD14FF0200103F8011C52
S21400FC48C7E700BF18510400ED5904002DE9F04736
S21400FC58002486B01C60DDE90EA8064689468AF8A8
S21400FC6800401168154888F8004017461D468DF86C
S21400FC781740FBF75FFF18B901242B6801332B6088
S21400FC880020D6F89C6036B914B1012388F80030F5
S21400FC9806B0BDE8F087B06868B14B460021CDE9EC
S21400FCA802A8CDE900750DF117022AF0E1FE9DF8CD
S21400FCB81730002BE8D13668E5E700BF1D51040071
S21400FCC82DE9F0470446ADF5447D8022002104A8BE
S21400FCD802AF0FF01DFC80222046009703AB04A954
S21400FCE8FFF7E0FE01283DD104A80FF00DFB0399AD
S21400FCF83B68461A0B4426EAE6762344054604A8DB
S21400FD083246014418460FF093FD00228255D4F877
S21400FD189060039B3968D4F890201944B14212DCED
S21400FD28D4F89410E81A0244C4F89020014404AAAF
S21400FD38C4F89410D41825182B1B002B0DDC0DF5D1
S21400FD48447DBDE8F087A05C2BF02DF8D4F8903001
S21400FD5801360133C4F89030DBE714F8010B2BF0BA
S21400FD6822F8E9E7EBDD24AD8022002128460DF5D0
S21400FD78887A0FF0CDFB0DF110094FF400720021C0
S21400FD8850460FF0C5FB4FF001084A46002312F80C
S21400FD98016BA6B904A84AF828300FF0B5FA294628
S21400FDA8334698451CDB19F8016B0DF5887C5CF822
S21400FDB8042B82420CD101F8016B0133F1E7202EA7
S21400FDC803F1010304BF4AF8283008F10108DEE70A
S21400FDD80DF1100E7244D25CB242E8D00022EA540A
S21400FDE8D4F89060039BB3422FDC23462C4A04A920
S21400FDF82C482AF0E4FF28460FF086FA0646039BAE
S21400FE083F68F61A1F4426EAE672E01917441D44AE
S21400FE18E11904F1900399423CD904F198039842F9
S21400FE2838D26A1E81190B1A002B27DD12F8013FFB
S21400FE3800F8013BD4F890300133C4F89030D4F879
S21400FE4894300133C4F89430EDE7D4F89030013696
S21400FE58E05C2AF0A8FFD4F890300133C4F890305C
S21400FE68C0E7D4F89020013B0132C4F89020D4F8BB
S21400FE7894200132C4F89420002BF2DC00232E4490
S21400FE88E355731B002B7FF75AAF15F8010B2AF0C2
S21400FE988AFFF6E729460FF0CBFC3346ECE700BFAF
S21400FEA8F34F0400225104002DE9F843D0E9245604
S21400FEB804460F46002294F89830012B07D10A2FE3
S21400FEC807D1002384F898300020BDE8F88300F2B4
S21400FED89F801B2F01D10223F4E70D2F0DD101239C
S21400FEE884F898300D202AF05EFF0A202AF05BFF7F
S21400FEF800230120C4E92433E7E74FF00008082F61
S21400FF0884F8988034D1454530DDB5420FD138465F
S21400FF182AF049FF20202AF046FF013D38462AF0FD
S21400FF2842FF013E04F80580C4E92456CCE7FBDA14
S21400FF3805F1FF3938462AF036FF04EB0903A6EB2D
S21400FF480902611918460FF035FB04F806800146C9
S21400FF58013E48482AF033FF35464D4501DC4D46FC
S21400FF68E2E708202AF01FFF013DF6E7ACD0DBE702
S21400FF787F2F1CD1002EA7DDB542A5DA6319691CB0
S21400FF8821441846721B0FF015FB04F8068001463C
S21400FF9839482AF014FF0820013E2AF004FFB5422B
S21400FFA8F9D1D4F89430013BC4F894308CE70A2F82
S21400FFB898D0092F03D12046FFF782FE84E7D4F8AD
S21400FFC88C30013BB3427FF77FAFB54204EB0508A0
S21400FFD805F101090CDB384688F80070D4F894302F
S21400FFE8C4F890900133C4F894302AF0DCFE6BE72E
S21400FFF84146721B04EB09000FF0DCFA40462AF073
S214010008DEFE0820013E2AF0CEFEB542F9DDE2E723
S214010018022B06D15B2F01D1032353E784F89820DE
S21401002849E7032B7FF450AF413F84F89820032F0C
S2140100383FF64AAFDFE807F002070A160121204615
S2140100482AF062FE40E74FF0FF31F8E7B542BFF607
S2140100583BAF605D2AF0A7FED4F890300133C4F8B0
S214010068903031E7002D7FF72FAF013D0820C4F807
S2140100789050BAE72B5104007955040007B56B4632
S214010088054A1068516803C36846FEF73FFB00201F
S21401009803B05DF804FB00BF70E8040030B58BB010
S2140100A86C46174D0FCD0FC40FCD0FC495E803004E
S2140100B884E80300134BD3F84C2112031CD5A3F58F
S2140100C8FE431C884FF6FF739C4208BF8C248DF8AC
S2140100D81940FEF715F9204480F308008DF818003A
S2140100E80948FBF7BFFD6846FEF76AF83220FEF7B7
S2140100F80DF900200BB030BDD3F85041E4B2E6E765
S21401010878E804000080E00F00F049020028ACBF40
S21401011800F16040064B4FEA0111C9B2ABBF00F5CA
S214010128614000F00F0080F800131954704700BFB3
S21401013814ED00E008B533F011FF0B4B1A7872B9CD
S21401014801221A7033F005FF6FF0040210460132DF
S214010158052152B2FFF7DAFF402AF7D108BDBDE8FC
S214010168084033F0F6BE00BFCD6E0020002807DB3E
S21401017801234109034A00F01F00834042F8213059
S214010188704700BF00E100E0054B421153F82230EA
S21401019800F01F0023FA00F0C04300F0010070478A
S2140101A800E100E0002808DB01224309034900F0CA
S2140101B81F008240603341F82320704700E100E0C9
S2140101C810B5044633F0BDFE024B1C6033F0B4FE96
S2140101D8002010BD644E002010B533F0B2FE034B6C
S2140101E81C6833F0A9FE204610BD00BF644E0020EF
S2140101F838B50C461546014610B9FFF7EDFF01461E
S2140102082B46224603480EF087F80028D4BF37202D
S214010218002038BD61AF030008B500F017FC18B11F
S2140102286A21024833F021FF002008BD305104003E
S21401023808B500F049F80C4A536A43F47023536230
S214010248EFF308834FF0CD31084A043B934208D2B6
S21401025800F070FAFFF7E0FFBDE808400448FEF733
S2140102688BBF43F80419F1E700ED00E00800002011
S21401027834E7040007B5042200200DEB02012EF036
S214010288FBFC042803D0D721044833F0EEFE01987E
S21401029800F0DCF903B05DF804FB00BF3051040040
S2140102A8082310B50C0A41400648C9B241F30002BA
S2140102B8013B024013F0FF0382EA5101F6D184EABA
S2140102C8010010BD2083B8ED38B5FEF703FD0446DE
S2140102D82AF06FF9E3072AD401221046114600FADC
S2140102E801F3234002F1010223D01D4B33F81130EC
S2140102F81C48062B028844881B4920D14FF20F035D
S2140103089C4219D1B2F5406F28BF4FF4C0624CF237
S2140103183C330A80438040F201730A889A4201BF3F
S214010328124B134AD2E90001C3E9000115E0002186
S214010338DBE7102AD2D1DBE74FF4C062E7E740F2E9
S2140103480725AB420AD14FF20F05AC4206D19A42B5
S21401035804D14CF23C320B80428038BD0B80DAE780
S2140103683CEA040010760020B8670020684E00209A
S21401037808760020014B1888704700BFB867002030
S214010388014B1888000A7047B8670020044B0548D7
S2140103981B881A0AB3F5406F38BF00EB8200704716
S2140103A8B86700200CEA0400044B1888044B020ABC
S2140103B853F82230C0B203EB80007047B8670020BC
S2140103C8DCE9040010B5044633F0BFFD4FF20F0216
S2140103D8044B1C805A80BFF35F8FBDE810402AF09B
S2140103E885BD00BF107600206D4A2DE9F0416D4BA2
S2140103F855686D4C5D65516A99656C49D1F800027E
S214010408D865D1F80412586B1966916A10F0040F72
S2140104185966D16A4FF000009966116BD966516B1F
S2140104281967D26BD8645A67D3E90E1218BF1146FA
S2140104385F4A91421A655DD301F12000A04259D85E
S2140104488869C5F308051864CE69062D5E6455D11A
S214010458584DA84252D3584DA8424FD205884DF65A
S214010468426085424AD11868C3F890005868C3F8B4
S214010478940040F20170A242154604D22E68043256
S214010488B6F1CD3FF7D00022C3E91E22C3E92022E8
S214010498C3E92222641BDFF81CC1434DDFF818E1CB
S2140104A89C648D422DD8D3E91EC7D3E92065D3E9CC
S2140104B822414FF0000E013AD2B2FF2A3CD1BEF1DA
S2140104C8000F05D0C3E91EC7C3E92065C3E9224169
S2140104D8B3F85430C3F308030C2B3BD8022B54D97A
S2140104E8DA1E092A51D8DFE802F031574043505046
S2140104F85050504D0021C3E910112D494FF420608A
S214010508B9E755F8044D6445CBD37445C9D2E60717
S214010518C7D50026294F57F8048FA045C1D0013604
S214010528062EF8D132B1013AD2B202F11E0643F8CC
S2140105382640B6E70522F8E7E0464FF0010EBC462E
S21401054837462E4625460C464146B4E740F6012076
S214010558BDE8F0813B2B18D1194B9B6913F0020FAC
S21401056840F2025318BF1846F2E740F60320EFE7B9
S21401057840F6042240F20173B0F5206F0CBF104616
S2140105881846E5E740F60520E2E740F60722013B74
S2140105984E2B98BF1046DBE740F60220D8E700BF8F
S2140105A800ED00E0787500200810002000E100E06A
S2140105B80800002018630000A0440400EC75002021
S2140105C80080015A00F00CB800F00AB800F008B82C
S2140105D800F006B800F004B800F002B800F000B861
S2140105E872B61EF0080F09D01EF0040F0DD0DFF802
S2140105F850E0AEE8FF1F6FF002000CE0DFF840E0C5
S214010608AEE8FF1F6FF00E0005E0DFF834E0AEE855
S214010618FF1F6FF006006946EFF309828EE80700B0
S21401062886460848084C854501D3A54501D384F379
S2140106380888FFF7D9FE84F30888FFF7C3FE000091
S2140106487875002048000020081000204BF6EF625D
S21401065883B2002B08BF1346044A000C13804FF6DA
S214010668CE2308BF1846024B18807047B27E00207A
S214010678B07E00200B4BB3F900201888002AB8BFBB
S21401068880F0620042001A80074AB2F90010138807
S2140106980029BCBF83F4805383F00B0359001180F3
S2140106A858407047B27E0020B07E002007B56846E5
S2140106B800F01AF8DDE900010022034B03B05DF8EB
S2140106C804EB2AF00FBF00BF704E002007B5009359
S2140106D813460A46014603482AF0B8FC03B05DF8FB
S2140106E804FB00BF704E00200249034A0160521AFB
S2140106F842607047987F00200080002000487047BD
S214010708704E002038B54160044633F01AFC0546A1
S2140107182146044829F06EF92846BDE8384033F0EA
S2140107280BBC00BF984E0020014829F060B900BFF5
S214010738984E00200222014B1A677047004000506D
S21401074870B533F0FEFB174E0546174833F027FC05
S2140107583378CBB900F07AF9044620B1284633F04D
S214010768EBFB204670BDFFF7DFFF33F0F1FC0F4BC4
S2140107781C6032F091F90E4B0E4A1860536F43F025
S214010788010353672AF0CAFE00F074F82AF0DDFE6A
S214010798094B0024186001232846337033F0CCFB3C
S2140107A8DFE700BFDA6E0020A8E804009C4E0020B0
S2140107B8C44E002000400050A04E002038B5044624
S2140107C833F0BFFB0F4D02462B78FF2B04D1B4B193
S2140107D8BDE8384033F0B0BB1BB9002CF8D0012176
S2140107E803E0002C14BF0121FF210B44DBB22B7060
S2140107F8B3FA83F304495B0910460B70E8E7194618
S214010808F3E700BFD76E0020D66E0020054B1B68A5
S2140108185843054B00F5742000F23F20B0FBF3F077
S214010828704700BFC44E002040420F0073B50F4EFC
S21401083804463378834211D000238DF804304300F0
S21401084801A88DF805300A4DFDF758FE40203CB149
S214010858FFF7DCFF2B68181A2860347002B070BDE9
S214010868FFF7D4FF2B681844F6E700BF077F002080
S214010878FC4E002073B5002401A88DF80440FDF74E
S214010888DFFE2046FFF7D2FF2C4B2D4AD3F8003166
S21401089803F0030313604FF400222A4B5A664FF401
S2140108A800325A6631F072FE4FF4C870FFF7AEFF99
S2140108B8254B264A1860264913680134E4B20A2CE7
S2140108C841F8040BF9D1034400EBC000034413605C
S2140108D8204B214D1B7813B3184BD3F8003103F086
S2140108E80303022B23D0032B24D0012B17D131F07D
S2140108F8F5FB024698B1194B194EDC6800231946D8
S214010908C4F30B04013404EB84040138E4FB060148
S2140109180EF092FAFFF77AFF2B6803442B601F202C
S214010928FFF774FF2B6803442B6002B070BD31F0EB
S214010938DBFBDEE733F018FBDBE700BF0080005087
S214010948044F002000900050C84E0020CC4E0020D6
S214010958D04E0020DE6E0020FC4E002000C0015064
S21401096840420F000122154B10B55A67144B154C1F
S2140109781B7813B3022033F0DCFBF0B132F012F926
S214010988D8B1A36DD90302D5E36D9A0715D40D4BDB
S2140109989B6DDB0711D401220B4B1A7033F0BDFB9C
S2140109A8BDE81040094B0A4A1860136F23F0070385
S2140109B843F00303136731F077BB10BD00D0005036
S2140109C8DF6E002000C00050DC6E0020F84E0020CC
S2140109D8008000500122014B1A707047DF6E00201C
S2140109E808B5FFF763FEFEF7F5F901280ED1144B9B
S2140109F804205A6E4FF480231249520358BF124AF4
S214010A084B6601F51041086258BF53662AF0A5FDEA
S214010A18FFF790FBFFF732FBFFF740FB0DF0C6FC34
S214010A28FFF78EFE00F012F82AF098FDFFF700FC9B
S214010A382AF0A3FD2EF02EF8BDE808402AF08FBD57
S214010A48008000500090005000A0005070B533F0B0
S214010A5885FA144E05463478FCB9134B1C60134BC3
S214010A681C60134B1C6000F031F8012032F088F945
S214010A7832F07AF90F4B0246186020B9284633F04F
S214010A8868FA232070BD234640F2E7310A480EF083
S214010A98D3F90A4B186001233370284633F059FA04
S214010AA80020EFE7E26E0020184F0020144F0020C8
S214010AB8204F00201C4F002018FCFFFF104F00207D
S214010AC8014B1868704700BF104F00201FB500245F
S214010AD8194B18689A880290D3F806009B7A0090FA
S214010AE81648ADF80C208DF8043033F058FA02A8F1
S214010AF88DF808408DF80C40FEF736F96946012056
S214010B088DF80040FEF7F4F840F2FF320C4B9A617C
S214010B185A614FF0B042936A13F00803FBD113628F
S214010B280120FEF7FFF80C20FFF73CFB0C20FFF72F
S214010B381DFB04B010BD00BF65EA0400A0E8040070
S214010B480020005810B533F009FA4FF0B0430446B8
S214010B585B695A06074A03F0010003F0510348BFD0
S214010B6840F00200536132F033F82046BDE81040E9
S214010B7833F0EFB90020005821282DE9F341054646
S214010B8804D82C46204602B0BDE8F08100240B4E5E
S214010B980B4FDFF830800023CDF800801A4619463F
S214010BA8386829F070FA8442EBD2222CE9D056F83C
S214010BB8043BAB42E6D00134EDE700BF84ED040008
S214010BC86C790020FFFF0F002DE9F04F644E654D4C
S214010BD889B02AF01EFD31682868FCF7CDF904466D
S214010BE8002827D033680024D3E900019A691268DF
S214010BF89047336804A89B699B6898473368022026
S214010C089B69DB689847326805985368E7B2B3FB77
S214010C18F0F3BB42916904F101044ED8CB68002079
S214010C28984733689B695B68984731682868FCF77A
S214010C38A3F904460027DFF844A1DFF84481DFF86A
S214010C484491F4B9484B2868DB5D002B00F083809B
S214010C58D8F8006002AB314603AAFCF70FFB2D2833
S214010C6807D070B9039B012B0BD031462868FCF7D7
S214010C7859FDDAF8003031461A682868FCF7D2FCC4
S214010C8804460137222F0AF1040A08F1040809F17B
S214010C980109D6D1B4FA84F3344A5B0913702B6878
S214010CA81B7C33B12AF081FC18B1DB21304833F0C4
S214010CB8DCF9204609B0BDE8F08F12680B6907FB1E
S214010CC8002098479FE7D8F8003003AA194402ABDA
S214010CD80191FCF7D3FA2D28034601992BD02868F1
S214010CE813B30BF1010B5FFA8BF18E422868EAD831
S214010CF8204BDB5D002BC4D0F3B27E2B2868C0D80E
S214010D08D8F8003003AA06EB030B594602ABFCF7EA
S214010D18B5FA2D28B5D059462868FCF703FD0136E3
S214010D2804460028E8D0ACE7039B7BB999F8002075
S214010D38029B9A42D5D099F80030DAF80020286844
S214010D48FCF76AFB0028CCD00446D1E70191FCF7F2
S214010D58E9FC0199EFE7084BA346DE5DC3E700BF50
S214010D684C7900206C79002060ED0400E46E0020C8
S214010D78D35104003EED0400FAEC040070EA0400C6
S214010D8884ED04001CED0400F8B51F46214B04460B
S214010D981B780D46164623B100F47E23B3F50E2FB5
S214010DA82BD02046FFF7E8FE2128044614D81A4B14
S214010DB853F82010194B1B78ABB1194B212C186826
S214010DC81DD8184B1B5DD3B13268FCF72BFC0446C3
S214010DD850B12AF0E9FB07E0FF2807D93A46314621
S214010DE880B22AF0F5F800242046F8BD4FF4A97120
S214010DF80D4833F03AF90021DCE70146DAE77F2DA2
S214010E0808BF00253B46324651FA85F1FCF704FB3C
S214010E18DDE700BFE36E002084ED0400E46E0020E9
S214010E286C79002060ED0400D351040008B552081F
S214010E382AF0BDFB30B1BDE808404FF49C7102486A
S214010E4833F013B908BD00BF805204002DE9F743FB
S214010E58C70705460E46144604D540F2E31149482D
S214010E6833F003F9E10704D54FF4F271454833F03E
S214010E78FCF8454B93F80080B8F1000F20D043F2F8
S214010E8860239D4208D12246314640480EF0D0FCE8
S214010E98002003B0BDE8F083C5F30B0705F4405501
S214010EA8B5F5805F14BF4FF40F204FF40E2023468C
S214010EB832467F21384303B0BDE8F043FFF764BFED
S214010EC805F47043B3F5805F3FD1C5F30B05304A8F
S214010ED805F17E65631E2B44934230D82F46DFF812
S214010EE8A49007EB0408474542D1AA070ED04FF64F
S214010EF8FF7336F8022BA81E43EA024304220DEBC1
S214010F0802010193FFF792FF0235023CA3070ED0B8
S214010F18023C24F00103F35A04226FEA03436FEA02
S214010F2813430DEB020128190193FFF77FFF002CED
S214010F38AED0224631462846FFF778FFA8E740F2AA
S214010F48FD11104833F091F8C8E705F46043B3F58E
S214010F58005F04D1C5F30B0505F5FC25BEE740F295
S214010F680521084833F081F86FF00F074546B6E7C4
S214010F7817F8013BFF2BB6D04FF40471484633F0FF
S214010F8874F8B0E780520400E36E0020B47E0020B7
S214010F98FF03E00F10B500F077F82AF054FB04467B
S214010FA818B100F079F8204610BD00F07BF8044629
S214010FB80028F6D10122014B1A70F2E7E56E0020EF
S214010FC8054B1B7833B1054BC0F313010022186893
S214010FD8FCF76CBB11207047E56E00206C79002089
S214010FE8144B2DE9F0411B7805460E461746FBB112
S214010FF82AF010FB012805D9841EE4B2012C09D970
S214011008212412E03B4631462846BDE8F04100223D
S21401101800F052B800F038F83B4600223146284620
S21401102800F076F8044600F037F82046BDE8F0816F
S2140110381124FAE7E56E0020124B70B51B780446BA
S2140110480D461646E3B12AF0E5FA012805D9831EAE
S214011058DBB2012B08D9212410E032462946204666
S214011068BDE8704000F040B800F00EF82046324661
S21401107829462AF0EAFA044600F00EF8204670BD22
S2140110881124FBE7E56E002008B532F05AFF014B44
S214011098186008BD244F0020014B186832F04CBF79
S2140110A8244F0020024B1968024B1868FBF764BFEF
S2140110B84C7900206C79002037B505460C46C0F3FC
S2140110C813010848ED02006805D5224603B0BDE8BD
S2140110D83040FCF79FB8009313462246FCF754F8B5
S2140110E803B030BD6C79002030B405461346074A74
S2140110F80C46C0F313011068EA0203D5226830BC17
S214011108FCF790BA224630BCFCF786B96C79002009
S214011118F7B505460F4614461E461BB9212528462F
S21401112803B0F0BD0029F9D02AF074FA4BF2346204
S214011138ABB2934220D14FF0FF3322466946CDE940
S214011148003325483346FFF7E3FF082205462349BF
S21401115868460EF029FD38B933462246694641F2FB
S214011168F010FFF7D5FF0546002DD8D1324669465F
S21401117838460EF05DFBD2E741F2F01293420FD1EA
S214011188174B311908299A6CDB6CC7D8CDE90023AF
S21401119832460DEB040138460EF04AFB0025BEE741
S2140111A802280BD1C5F30C4332199342B6D3C5F3C3
S2140111B80B0104F17E6432462144ECE7032809D189
S2140111C8C5F30C4332199342A8D3C5F30B0104F5B2
S2140111D8FC24F0E70125A2E7021008C010EE04007F
S2140111E80080E00F10B52CF0E1FC2DF0D7FDBDE82E
S2140111F81040034601210220014A02F00BBC00BF41
S2140112083353040013B5D0E9023253F822301C7860
S21401121820462CF0DDFC2346009001210220024ADC
S21401122802F0F8FB02B010BD47530400014B1878D2
S2140112382CF0A3B8E66E0020FF232DE9F04F8FB0FF
S2140112481122002108A88DF813300EF061F908A8BC
S2140112582BF051FA01210220B04A08AB02F0DAFB62
S21401126841F24903AE4A0121022002F0D3FB06A847
S2140112782BF070FB08A90DF113002BF076FB02206A
S2140112880021A84A02F0C6FB00202CF0A7F810B1EE
S21401129806A809F0CDFB9DF92A3001210220A24AB1
S2140112A800939DF82B3002F0B5FB2CF07BFC831ED7
S2140112B8DBB2FC2B054631D8012102209B4A02F0FD
S2140112C8A9FB01249A4E9B4FDFF8D082234632466B
S2140112D80021022002F09EFB05A9E0B22CF064FC76
S2140112E8034650B1A0F11602012A40F2AA804246EE
S2140112F80121022002F08EFB0CE09DF914303A46DB
S21401130801939DF816300121009302209DF81530AF
S21401131802F080FB0134E3B29D42D7D8BDF82840DD
S21401132807F072FF23460021834A0090022002F04C
S21401133871FB02200021814A02F06CFB00202CF090
S2140113484DF810B108A809F073FB01217C4A022068
S21401135802F060FB2CF084FB04462CF07FFB23464E
S2140113680121784A0090022002F054FB08F024FC80
S21401137800210220744A02F04DFB9DF81330FF2B22
S21401138865D000210220714A02F044FB01216C4A13
S214011398022002F03FFB2BF0EDFA012103466C4ACE
S2140113A8022002F037FB07F007FF00210346694ACF
S2140113B8022002F02FFB2BF0E3FA04462BF0E2FAA8
S2140113C823460121644A0090022002F023FB32F0F2
S2140113D859FE08F099FC01210346604A022002F0F2
S2140113E819FB0025DFF8B88108F08EFCECB2A042A4
S2140113F833D832F047FE0123594A1946022002F033
S21401140809FB00202BF0B9FF564B574C00930121DE
S21401141800230220554A02F0FDFA236863B1012130
S21401142802201B78524A02F0F5FA236801210220AD
S2140114385B78504A02F0EEFA2BF0A4FF0FB0BDE835
S214011448F08F012102204C4A02F0E4FA62E70021FB
S21401145802204A4A02F0DEFA98E7494B204603EB97
S2140114680416D6F8089008F009FD8246204608F0CA
S21401147851FC444F00280CBFC346BB46204608F023
S214011488FDFC0AF0B7FA002808BF47465346002174
S2140114980220CDE900B73C4A02F0BCFAB379012133
S2140114A80293B388022001937388384A0093337BEA
S2140114B802F0B0FA0026DFF8ECB099F80430F4B27E
S2140114C8A34203D832F0DEFD01358DE714235C43D1
S2140114D8D9F8007002203A5B07EB040A9AF90C3037
S2140114E800922B4A002132EA230228BF5A461346A5
S2140114F8284A02F08FFA00202BF070FF38B15046C8
S2140115083C5B2BF0A6FA014620460AF0C1FA0121F7
S2140115180220214A02F07EFA0136CEE788530400FB
S21401152897530400B3530400DF530400BA5304006E
S214011538D0530400D75304000C5404002C54040060
S214011548765404003554040057540400E872040025
S21401155862540400785404008E540400A454040011
S2140115681D55040035550400C053002029550400B4
S2140115784355040057550400F4530400C0500400B2
S214011588F45200205F530400AF540400CF54040003
S2140115987C53040005550400519C0400FF530400C5
S2140115A867530400705304002DE9F7430025134ED2
S2140115B8DFF8588008F0A8FBECB2A04202D803B0C6
S2140115C8BDE8F0832701204616F8079008F0A2FB2D
S2140115D80B4A4B46002808BF4246002102200092CB
S2140115E8084A02F017FAF05D2BF0D0F90121022023
S2140115F8054A02F00FFA0135DCE700BFF452002075
S214011608EAA2040072550400519C0400F4A20400E6
S21401161808B583685A681178C26853F82230A1F170
S214011628650251425141187808F02AFD30B9BDE8E3
S214011638084001210220024A02F0ECB908BD00BFA9
S2140116487D55040000210220014A02F0E3B900BFDB
S2140116589755040000210220014A02F0DBB900BFB9
S214011668C555040010B5044686B018220021684600
S2140116780DF04EFF68462BF0FFFDD4E9022052F824
S214011688203002EB80021B788DF80B30516891F9F7
S21401169800108DF80A1091680988ADF8081061687D
S2140116A8091A032907DDD26803F01F03127843EAF3
S2140116B842138DF80B30684607F054FE00210346A6
S2140116C8024A022002F0A6F906B010BDE155040050
S2140116D807B500202CF02AFA00210090034B0220BF
S2140116E8034A02F097F903B05DF804FBEE550400CF
S2140116F8F455040013B5D0E9023253F8221003EB6F
S21401170882035B68087819680023094CA22299426B
S21401171808BF2146C01A18BF01202CF0FBF9012189
S2140117280090044B0420044A02F074F902B010BD7C
S21401173800F8FF077F9804000657040013B5D0E9A0
S214011748023203EB820153F82230D1E901141878EA
S214011758FF22003818BF0120237809682CF0DAF92F
S21401176801210090034B0420034A02F053F902B00A
S21401177810BD00BFFF5504000657040008B5002138
S21401178801230C4A2CF038F80A482BF096FD002065
S214011798094909F0E5F900202BF020FE10B10548AB
S2140117A809F046F9BDE8084001210420034A02F081
S2140117B831B900BF1774002014560400519C040068
S2140117C810B52BF0E1F8034630B1BDE81040012111
S2140117D80420054A02F01EB90121BDE81040042084
S2140117E8024A02F017B900BF225604003356040015
S2140117F810B52BF066FDBDE8104003460121022016
S214011808014A02F007B900BF3E56040010B52BF096
S21401181829FDBDE81040034601210220014A02F0D5
S214011828F9B800BF5456040037B5D0E9023201248E
S21401183853F822304FF6FF701D78FE2204FA05F1A0
S21401184800232CF0DBF92B46009021460420024A9F
S21401185802F0E0F803B030BD68560400D0E9023261
S21401186853F822301B7823B101210220024A02F0E4
S214011878D1B8024A1370704787560400E66E0020F6
S21401188807B568462BF066F807F0BEFC012103464B
S214011898084A022002F0BEF8684609F0C9F807F0BF
S2140118A827FF01210346044A022002F0B3F803B0D9
S2140118B85DF804FB9D560400B756040037B5D0E919
S2140118C80245406854F82530401B0328D8BF00203D
S2140118D804EB8504C8BFE06819786368C8BF007858
S2140118E81A78A36893F90030009001202CF000F9CB
S2140118F838B901210220084A03B0BDE8304002F099
S21401190889B8064B0190009301210220044B054A31
S21401191802F080F803B030BDC8560400D056040063
S214011928DA830400E456040007B501202CF0E8F831
S21401193848B9009001210220084B094A02F06AF8CA
S21401194803B05DF804FB054B0190009301210220CA
S214011958044B054A02F05EF8F2E700BFD0560400D1
S214011968FB5604004DB10400E456040008B5D0E95E
S214011978023253F8223018782CF076F830B9044A37
S2140119880121BDE80840042002F044B8014AF7E7FF
S214011998105704002C57040008B5D0E9023253F852
S2140119A8223018882CF05EF830B9044A0121BDE8C7
S2140119B80840042002F02EB8014AF7E74B57040006
S2140119C87B57040073B50378044613F0050F0ED051
S2140119D84588062D17D1836801215B68174A1B784D
S2140119E80193838804200093154B02F013F823789B
S2140119F8012B20D001210420114B124A02B0BDE868
S214011A08704002F007B835B98388012104200E4AD0
S214011A1802F000F8EBE7012DE9D186680B490020B2
S214011A2809F09EF8304609F003F829460420084ACA
S214011A3801F0F0FFDBE702B070BD00BFB15704004C
S214011A48A857040003580400CE570400EB570400B7
S214011A58519C04002DE9F04F00268FB0364D09AC95
S214011A680FCD0FC42B6801210220344A236001F0F0
S214011A78D1FF3446DFF8DC902AF080FFF5B2A842A1
S214011A880BD82AF07BFF23460090012102202C4A1E
S214011A9801F0C0FF0FB0BDE8F08F284605A92BF06E
S214011AA8C5FF0346002841D19DF81430032B39D9C8
S214011AB804238DF814302B4600210220214A01F018
S214011AC8A9FF9DF814300EAA02EB830300214A46AB
S214011AD853F8143C022001F09DFF28469DF821A0EA
S214011AE89DF815B09DF81870BDF816802BF0A0FF6C
S214011AF85346CDE9028000210220CDE900B7124AFB
S214011B0801F088FF01340020E4B22BF067FC18B11D
S214011B180DF1190008F08CFF002102200B4A01F094
S214011B2879FF01E0002BC6D10136A5E70021022086
S214011B38074A01F06FFFF7E718EE0400155804008E
S214011B488E580400D253040042580400774B040010
S214011B58695804004D630400C3688268013BDBB220
S214011B6852F8233002201B78652B14BF002201216E
S214011B78044B1BBF01211A70034A044A08BF197097
S214011B8801F048BF307F0020A5580400B358040070
S214011B98D0E9023253F822301A88014B1A8070476E
S214011BA8B67E002007B5D0E9023103EB810253F86F
S214011BB8213052681988054B054812880093008819
S214011BC8012309F029FC03B05DF804FBCD190100D7
S214011BD8B67E0020C3688268013BDBB252F8233028
S214011BE85B78A3F1660253425341014A137070476A
S214011BF8337F002030B5D0E9023253F8223089B05D
S214011C081D78012302AA194604462BF0F5FD012387
S214011C180093102302210DEB030220462BF0CDFD85
S214011C28284604AA02A92CF003F8044600202BF043
S214011C38D5FB18B12146044807F076FB0020034976
S214011C4808F074FF09B030BDC2580400519C040066
S214011C58002330B58FB00221009309AA1223054646
S214011C682BF0ABFD05AA014609A807F0E1F80446E2
S214011C7898B1232805D1134A0121042001F0CAFE90
S214011C8809E0212801D1104AF6E70346012104207C
S214011C980E4A01F0BFFE0FB030BD01232846194693
S214011CA803AA2BF0A9FD05A903A82BF0C3FF054637
S214011CB820462BF093FB18B12946054807F034FB5C
S214011CC8044AD9E7CF580400F25804002D590400F5
S214011CD84E590400519C0400F0B5D0E9023253F87D
S214011CE8221003EB82039B6805461F7887B03846A7
S214011CF80E782BF053FB044608BBD5E902210123D5
S214011D088DF80830194452F8210002EB8102008848
S214011D188DF809709268ADF80A00127804218DF8DA
S214011D280C2028460DF10D022BF066FD304602A95F
S214011D388DF815402BF07EFE04462BF023FB334628
S214011D4801210420024A009401F064FE07B0F0BDA8
S214011D58635904002DE9F04101218EB00220274A7B
S214011D6801F058FE002005AB01AA09A92BF05AFF7D
S214011D7800250446224E234FDFF898801CB12846DA
S214011D880EB0BDE8F08102202B463246214601F00E
S214011D9841FE20462BF022FB10B10AA808F048FEA7
S214011DA83A46002102209DF8303001F033FE4246C3
S214011DB800210220079B01F02DFE00210220BDF81C
S214011DC82030114A01F026FEBDF8143000210F4AD2
S214011DD8022001F01FFE013501A82BF0FAFAEDB238
S214011DE8012102200A4A01F015FE284605AB01AA80
S214011DF809A92BF017FF0446C0E700BF9559040050
S214011E08DB590400E359040007730400F859040079
S214011E18519C0400EF5904002DE9F047064698B096
S214011E28C0B92AF0A9FD074600250EA82BF004FF25
S214011E3801210220384A01F0EDFD2C46DFF8E0804A
S214011E48DFF8E090DFF8E0A0BC4205D3284618B0DA
S214011E58BDE8F0870127E7E713A82BF0EDFE002E73
S214011E684CD0022306A913A88DF84C30FE242BF07B
S214011E78D5FE00283FD102A913A82BF0D5FE9DF860
S214011E88593043F001038DF85930002E3DD12346D1
S214011E9831460220214A01F0BDFD9DF859300AA9B4
S214011EA843F0010313A88DF859302BF0BDFE00202E
S214011EB82BF094FA10B114A808F0BAFD0C9B424610
S214011EC80021022001F0A6FDBDF82820002112F409
S214011ED8007F0CBF4C23412312F0100F0CBF6E225B
S214011EE87922022000924A4601F094FD06A82BF0BA
S214011EF870FA0135EDB20134E4B2A5E720460AAB23
S214011F0806AA13A92BF08CFEB3E75246002102203D
S214011F1801F080FDC1E700BF025A0400DB59040046
S214011F28EF5904003E5A0400375A040030B501241C
S214011F3899B00EA82BF080FE13A88DF838402BF028
S214011F4811FEC0B9BDF84C1011EA040513D121469B
S214011F580220444A01F05EFD29460220424A01F069
S214011F6859FD214602203F4A01F054FD2146022030
S214011F783C4A01F04FFD06A90EA82BF04FFE20B1F2
S214011F881022FF2106A80DF0C3FA04A82BF04EFE76
S214011F98059B01210220354A0093354B01F03AFD95
S214011FA89DF8123001210220324A0093304B01F08D
S214011FB831FD00212E4B304A022001F02BFD06A8E8
S214011FC82BF007FA13A82BF037FE02230AA913A849
S214011FD88DF84C302BF028FE00283FD10B9B009340
S214011FE801210220254B264A01F014FD0121234B2D
S214011FF8244A022001F00EFD0120FFF70DFF012102
S2140120081E4B214A022001F005FD0020FFF704FFC0
S21401201804462AF0B1FC23460090012102201B4AFF
S21401202801F0F8FC01211A4B174A022001F0F2FCD4
S214012038FFF790FE1749022803461748174A28BF94
S2140120480A46084928BF01460092CDE90131022017
S2140120580121134A01F0DEFC19B030BD4FF0FF3301
S214012068BDE700BF519C0400515A04008F5A040072
S214012078875A04009F5A040064820400DF90040013
S214012088B25A0400C25A0400C95A0400D25A0400BB
S214012098E65A04004D5A0400CE770400207804005E
S2140120A8F45A040010B5D0E9023253F822301C78ED
S2140120B8201E18BF01202BF041FD054A054B0020C4
S2140120C8002C18BF1A46BDE81040034908F02EBD7B
S2140120D8215B04001C5B04002A5B0400D0E9023281
S2140120E810B553F822301C8820462BF029FD2246CD
S2140120F8BDE810400020014908F018BD6B5B0400DC
S21401210837B5044607F058F8014638B100200D4A9D
S2140121180D4903B0BDE8304008F008BDE368A26881
S214012128013BDBB252F8233008481D780123084AE0
S21401213800936C2D08BF0246102320462BF03DFB6A
S21401214803B030BDB95B0400C15B0400197F0020F1
S214012158097F002013B583689A681278672A22D106
S21401216801A82BF0FFFC0446A8B9BDF804201749BE
S21401217808F0DCFCBDF80430DA070AD413F0020FC5
S214012188134B144A18BF1A461349002008F0CEFC10
S21401219819E0124AF8E702461149002008F0C6FC81
S2140121A822461049F1E7C26801A953F8220003EB59
S2140121B882035B6800681B68ADF804302BF0D8FC16
S2140121C804460028ECD102B010BD00BFF45B040041
S2140121D8E75B0400C1830400155C0400D75B0400B8
S2140121E8275C0400535C0400034A04491388C85456
S2140121F801331380704700BFC8670020EC6E0020CB
S21401220873B5154D01242B78144E13F0040F0CBF2B
S21401221802230423124A21461470328802200192AE
S214012228EB5C104A0093104B5B8801F0F3FB00212E
S21401223802200E4A01F0EEFB0D4B29460093328828
S2140122482346022001F02CFC21460220094A02B04E
S214012258BDE8704001F0DEBBEC6E0020C8670020C8
S214012268EB6E0020625C0400BA670020875C0400FD
S214012278A95C0400519C040070B516464FF48A52B6
S214012288114B124DDA805980114B1B881A1E18BF44
S214012298012240EA82000F4A1278003A18BF01224A
S2140122A840EA0210287063B103246B701B0AAB70F6
S2140122B809F00EFC631C2855EE54074B02341C80AB
S2140122C870BD0124F4E700BFBA670020EC6E002059
S2140122D8C6670020EA6E0020C867002038B5D1E935
S2140122E802320C46054653F82230024619880C4B32
S2140122F81878FFF7C1FFE368A268013352F8233064
S214012308188829F0E4F94DB1E368A268023352F857
S21401231823301878BDE83840FFF766BF38BD00BFE0
S214012328E76E0020F0B50546EB68AA68023352F856
S214012338233008461C78294685B0FFF7CFFF20468C
S2140123482AF073FB204E214F78B320462AF079FBFA
S2140123580321441C03AA284628F020FA3288E4B24E
S214012368C2F1FF0303991B1B9BB28B4222443CBF5D
S214012378C2F1FF0303930123032100933A449DF816
S2140123880C3028462BF019FA039A022C338804BF1E
S2140123980F48110AFA5408BFC15413441C44348028
S2140123A805B0BDE8F040FFF72BBF204607F00CFC50
S2140123B80123328804460093032103463A442846FB
S2140123C82BF0FBF93388E9E7C8670020EC6E00209C
S2140123D8ED6E0020052307B5012100930220044B6A
S2140123E8044A01F017FB03B05DF804EBFFF79EBD46
S2140123F8905C0400975C040013B504462BF0AEFB12
S21401240838B1CDE9004001210220034B034A01F00F
S21401241801FB02B010BD00BFB95B0400AE5C04004E
S214012428194B37B51B783BB901210220174A03B06F
S214012438BDE8304001F0EEBAD0E90232144C53F848
S214012448223001211D78638802200093114A2B4609
S21401245801F0E0FA104B25711B78104D63B101218C
S21401246802200F4A01F0D6FA20460E4A298803B000
S214012478BDE830402AF07AB820460A4A298803B0CF
S214012488BDE830402AF034B9EB6E0020C55C040084
S214012498BA670020D35C0400E86E0020C8670020F5
S2140124A8EA5C0400EC6E00202DE9F041D0E9023226
S2140124B853F8221003EB82035A680C7817889A6837
S2140124C8DB68B2F80080C6B01D780021304B0220C8
S2140124D8304A0094CDE9017801F09CFA002D0CBF32
S2140124E86E237923012102202B4A01F093FAFF2358
S2140124F8002D0DF1170606AD019320460CBF80236B
S214012508402342463946029600952AF0D4FD0446F1
S214012518002835D130782AF08EFA0746B0B1284619
S2140125282AF01BFF1D4BFD28A8BFFD20009323465C
S21401253882B20DF11901022001F0B2FA012102203E
S214012548174A01F067FA46B0BDE8F08130782AF0FC
S21401255878FA60B128462AF005FFFD28A8BFFD20B5
S2140125680E4B82B200930DF11A013B46E3E7307831
S21401257807F02AFB0B4B0246009329460123DAE7AC
S214012588009001210220084B084A01F043FADAE7D5
S2140125987B910400045D0400295D040053A6040031
S2140125A8519C0400A95C040005660400335D040020
S2140125B8D0E9023253F8221003EB82032DE9F04FDB
S2140125C85A680F78B2F800809A68C7B0B2F80090D7
S2140125D8DA681B6992F800A01E7800212F4B304A52
S2140125E80446CDE901890220009701F013FABAF1F1
S2140125F8000F0CBF6E23792301210220294A009679
S21401260806AD01F007FAFF22002128460CF080FFEC
S21401261830462AF010FA834608B3002305210093B2
S2140126282046FD230DF119022BF0C7F82870BAF1E0
S214012638000F0CBF802340234A4641463846CDE961
S21401264800562AF003FD0146144806F06DFE0121E6
S2140126580220154A01F0DEF947B0BDE8F08F304692
S2140126682AF0EFF960B1FD2305212046CDF800B028
S2140126780DF11A022BF0A1F885F801B02870D6E7FB
S2140126880590304607F0A0FA059A03460092052100
S2140126982A4620462BF091F8C9E700BF6E91040040
S2140126A8045D0400445D0400519C04002DE9FF47C5
S2140126B81C465B68E5685B1B00255FFA83F8039593
S2140126C82E46FFF7D9FDEBB298450BD90C9B9B5DBF
S2140126D8282B39D8202B00F2CB800136F6B2002BF6
S2140126E840F0C980FFF78CFD04B0BDE8F087132AD7
S2140126F82FD801A151F822F0C7270100D9270100D8
S214012708EB2701001F280100ED260100ED26010038
S214012718ED260100ED2601005B2701005B2701007D
S2140127285B2701005B2701005B2701005B2701008F
S2140127385B2701005B2701005B2701005B2701007F
S2140127486B27010045280100A3F13102D1B21329F4
S214012758CDD90136F6B2A3F14102032AC2D8422BDB
S2140127686CD06C4F00213A88DFF8B0A1C2F1FE03A5
S2140127789BB2FF2B28BFFF2301320091DBB2204614
S214012788524469B22AF0F5FF3B880AF80300013380
S2140127981844388011E04FF00409E368A2682B4416
S2140127A852F823301F68F8B209F1FF39FFF71CFD0C
S2140127B819F0FF094FEA1727F5D1013583E7E368D2
S2140127C8A2682B4452F823301878FFF70DFDF4E77A
S2140127D8E368A2682B4452F82330188828F077FF5C
S2140127E8EBE7E368A2682B4452F823301F68B7F179
S2140127F8807F09D2F8B2FFF7F7FCC7F30720FFF787
S214012808F3FCC7F30740E0E72B4601210820424ABC
S21401281801F000F966E74FF00409E368A2682B4463
S21401282852F823301F68F8B209F1FF39FFF7DCFCCC
S21401283819F0FF094FEA1727F5D1BEE7294603AA7B
S214012848204627F0ABFF0021324F344A3B88DDF89B
S2140128580C9002EB030CCAB2914501F1010102D8B2
S2140128684B443B80A9E710F802A00CF802A0F2E757
S214012878242B3FF670AF013B232B3FF633AF01A263
S21401288852F823F0C7270100D9270100EB270100DA
S2140128989F270100ED260100ED260100ED26010027
S2140128A8ED260100ED260100ED260100ED260100CA
S2140128B8ED260100ED260100ED260100ED260100BA
S2140128C8ED260100C7270100D9270100EB270100E3
S2140128D81F280100ED260100ED260100ED26010066
S2140128E8ED260100ED260100ED260100ED2601008A
S2140128F8ED260100ED260100ED260100ED2601007A
S214012908ED260100C7270100D9270100EB270100A2
S2140129189F270100C86700205D5D0400EC6E00205B
S214012928094B1B7823B101210820084A01F072B827
S214012938D0E9023253F82230054A1B880121138058
S2140129480820044A01F066B8EB6E0020835D040097
S214012958C6670020C55D0400D0E9023253F822306C
S214012968054A1B780121003B18BF01230820137074
S214012978024A01F04FB800BFE96E0020EB5D040083
S214012988D0E9023253F82230034A1B78012113702A
S2140129980820024A01F03EB8EA6E00201A5E0400DA
S2140129A810B5D0E90232044653F8223013221988AA
S2140129B80B4B1878FFF760FCE368A268013352F8FE
S2140129C823301878FFF710FCE368A268023352F840
S2140129D823301878FFF708FCBDE81040FFF710BC55
S2140129E8E76E002010B5D0E90232044653F82230CB
S2140129F8112219880B4B1878FFF73EFCE368A2688A
S214012A08013352F823301878FFF7EEFBE368A26823
S214012A18023352F823301878FFF7E6FBBDE810407A
S214012A28FFF7EEBBE76E0020D0E9023253F82230FA
S214012A38034A1B78003B18BF0123DB00137070475D
S214012A48E76E002010B5D0E9023253F8223004466A
S214012A5819880E4B06221878FFF70EFC0120FFF79F
S214012A68C3FBE368A268034452F82330188828F0A9
S214012A782EFEE368A268023352F82330188828F03D
S214012A8826FEBDE81040FFF7BBBB00BFE76E00207F
S214012A982DE9F043D0E902324FF0FD09013253F82F
S214012AA8221003EB82035A68C7B017889A68B1F8F0
S214012AB80080147853F8043C002C0DF1170506AE77
S214012AC818783A4614BF4023802341460295CDF82C
S214012AD8049000962AF0EFFA034638B1184A012105
S214012AE8082000F097FF47B0BDE8F083201E18BF06
S214012AF801200A224146C000FFF7BEFB384628F0EF
S214012B08E6FD2878FFF770FB4A463146287829F013
S214012B1840FF044628B10B4F3D88C5F1FF03984294
S214012B2802DD2346084ADAE70246084831462844C1
S214012B3825440CF07DFE3D80FFF762FBD3E700BF1E
S214012B48505E0400C86700206C5E0400EC6E00202E
S214012B5810B5D0E90232044653F822300822198803
S214012B680B4B1878FFF788FBE368A268023352F824
S214012B7823301878FFF738FBE368A268013352F868
S214012B882330188828F0A3FDBDE81040FFF738BBAE
S214012B98E76E002073B5D0E902320546023253F8D3
S214012BA8221003EB820353F8042C53F8083C0C78E4
S214012BB81988234B168818780622FFF75DFB002034
S214012BC8FFF712FB304628F082FD2046FFF70CFB84
S214012BD8EB68AA68033352F82330188828F077FD83
S214012BE8EB68AA68043352F82330188828F06FFD7A
S214012BF8204609F06DF9E8B9204606F0E5FF0521FB
S214012C080446019001AA284627F0C8FD019B014603
S214012C189C4206D0224631460A480BF05BFB02B0BE
S214012C2870BD094D09482E882246304434440CF0BC
S214012C38C1FC2C8002B0BDE87040FFF7E1BA00BFC6
S214012C48E76E0020985E0400C8670020EC6E00203E
S214012C5873B5D0E902324FF48A5153F82230104D39
S214012C681A88104BD9805A8000232A4600930121DE
S214012C78FF232AF0A2FD2B78044613F0040F0A4B13
S214012C8808BF01261B7818BF032613B108F020FFDA
S214012C98A855064B1C8002B0BDE87040FFF7B0BAD5
S214012CA8EC6E0020BA670020E96E0020C867002095
S214012CB8D0E9023253F82230034A1B78003B18BF8A
S214012CC801231370704700BFE86E002010B50C464C
S214012CD808B907F089FE024B18715C7110BD00BF78
S214012CE8BA67002002462DE9F341D0E9025352683B
S214012CF855F82310D21A0C8805EB8301013BDBB289
S214012D0855F82380294D022A4868C8BF8A682B7857
S214012D18D8BFFF210078C8BF11783BB9012102202E
S214012D28234A02B0BDE8F04100F074BEFFF7CEFFBB
S214012D3806F06AFA1F4F204E3B880146224600934A
S214012D481E4833462AF0A3FA0246C8B998F8041072
S214012D583B885F2917D1CDE900364FF6FF7120462B
S214012D68164B29F0F7FB28B1034601210220144A25
S214012D7800F050FE0023134A2B701380124A13707A
S214012D8802B0BDE8F0814FF6FB718C4208D9CDE957
S214012D9800362146094B4FF6FF7029F039FCE2E769
S214012DA82146064A009629F065FCDCE7EB6E002012
S214012DB8E35E0400C8670020EC6E0020BA670020B6
S214012DC8EA5E0400C6670020EA6E0020002210B5FD
S214012DD80A2104461046FFF74FFA002028F077FC30
S214012DE80122044B1A70FFF70BFA2046BDE8104083
S214012DF8FFF778BF1474002038B51C461546012322
S214012E0822462AF0F9FC60B9214628462AF0D0FE67
S214012E18044620B101210420034A00F0FBFD2046A8
S214012E2838BD0024FBE700BF115F04002DE9F0431D
S214012E380C4615461F46D0E9022352F8231002EB2A
S214012E48830293680E8893F80080D3688BB0B3F832
S214012E5800903246012106ABFFF7CEFFF0B90DF11F
S214012E68200CF4B101232A884021CDE902C2CDE91C
S214012E780471CDE900932221434606AA30462AF07A
S214012E88F2FC0B4B0B4A00930B4B0190002C08BF2E
S214012E98134601210420094A00F0BCFD0BB0BDE829
S214012EA8F083624628686968032303C22246DBE783
S214012EB8705F0400555F04004F5F04005D5F040007
S214012EC807B501236A4600212AF096FC684603499D
S214012ED808F04EFB03B05DF804FB00BFCD190100F6
S214012EE8D0E9023253F822300149188808F012BB9B
S214012EF8CD19010010B5D0E9023203EB8201496809
S214012F0853F8223009784FF48A5218882AF09BFC25
S214012F18BDE81040034601210420014A00F07ABDAD
S214012F287A5F0400D0E9023253F8223002214FF4C6
S214012F388A5210B518882AF078FCBDE81040034676
S214012F4801210420014A00F065BD00BF935F04001B
S214012F581FB5D0E9023203EB820153F822304968E3
S214012F6818884FF48A5309880293094B094A019332
S214012F78094B1B7800931278084B2AF0CCFC0121E8
S214012F8803460420064A05B05DF804EB00F042BD8E
S214012F98CA670020EC6F0020EB6F0020D467002082
S214012FA8AA5F04002DE9F043D0E9023253F8221053
S214012FB803EB82035A680E8817789A68DB688BB029
S214012FC892F80090B3F800803246042106AB044616
S214012FD8FFF712FF28BB08AD01232A460521204624
S214012FE82AF00AFC38B9042001210F4A00F012FD24
S214012FF8284629F0AFFC4FF48A53CDE90493002301
S214013008CDE9025303232121CDE9008306AA3B46D5
S21401301830462AF028FC01210346044A042000F021
S214013028F9FC0BB0BDE8F083C25F0400F15F040051
S21401303838B5D0E9024303F18043023B02220F4927
S21401304854F823009D000CF0AFFD60B90C4B0D49F8
S2140130581A78042A0BD82C44A068008821F8120094
S21401306801321A7038BD084B08491A78F1E7012170
S214013078BDE838400420064A00F0CCBC8D8904001F
S214013088EC6F0020D4670020EB6F0020CA67002091
S2140130980360040008B5C368806803F18043023BF7
S2140130A80222064950F823000CF07EFD10B9044BA5
S2140130B8187008BD0022034B1A70FAE78D890400C0
S2140130C8EC6F0020EB6F002037B5D0E9023153F8DA
S2140130D821208C0015784268521A012AC5BF1B198F
S2140130E85B686C091C78DCBF44F0180405F01F0502
S2140130F8294620462AF0D3FA034640B12346012141
S21401310804200E4A009500F085FC03B030BD01216D
S214013118A94074B92346FE224FF6FF702AF06EFDC9
S214013128012103460420064A03B0BDE8304000F0FA
S21401313871BCFE2241EAC461EEE700BF19600400D3
S2140131483960040070B5D0E9021551F8253001EB55
S2140131588501044618884B681A788B68052A1B88E7
S21401316802D85E1E072E0BD9012104200C4A00F056
S21401317851FCBDE87040012104200A4A00F04ABC0F
S2140131886468641B032CCABFC968074909682AF022
S21401319835FDBDE8704002460449002007F0E0BC52
S2140131A8576004007760040000F8FF079460040085
S2140131B808B5D0E9023253F8220003EB82035968B6
S2140131C8FF22038809684FF6FF702AF017FDBDE84D
S2140131D8084002460149002007F0C2BCA760040067
S2140131E808B5D0E9023253F8223005214022188862
S2140131F82AF01BFBBDE8084002460249002007F0FA
S214013208AFBC00BFC860040008B5D0E9023203EBC2
S2140132188201486853F82210027840230988312031
S2140132282AF056FBBDE8084002460249002007F08E
S21401323897BC00BFE960040008B5D0E9023203EB89
S2140132488201486853F822100278402309883320FF
S2140132582AF03EFBBDE8084002460249002007F076
S2140132687FBC00BF036104001FB5D0E9023253F8E2
S214013278221003EB82039B6808881A780023D21A67
S21401328818BF0122CDE9023302A94023D2012AF050
S2140132982EFB01210090044B0420044A00F0BAFBDF
S2140132A805B05DF804FB00BF705F040021610400EF
S2140132B807B5D0E9023253F8223003214022188894
S2140132C82AF0B3FA01210090034B0420034A00F0C8
S2140132D8A1FB03B05DF804FB705F040030610400D5
S2140132E837B5C3688268053352F8233004211D7840
S2140132F86A46012304462AF07FFA38B904200121D8
S214013308064A00F087FB684629F024FB2B466A46E6
S21401331800212046FFF78AFD03B030BD4A6104004C
S21401332807B5D0E9023203EB8201486853F8221048
S21401333802784023098832202AF0CAFA012100902F
S214013348034B0420034A00F065FB03B05DF804FB59
S214013358705F04007B61040070B585690446EA075E
S21401336805F0020605D476B1C5F307202AF016F84B
S21401337809E01EB1B2210F4830F077FEA069C0F30C
S214013388810029F0FAFFE3691BB9BA21094830F030
S2140133986CFE204614F05AF9E3693EB1607E984700
S2140133A8AB0706D0BDE8704029F0ECBF2046984729
S2140133B8F6E770BD9061040008B514F05BFD28B10E
S2140133C8BDE808404721024830F04FBE08BD00BF9F
S2140133D8906104002DE9F041FF2B04460F46904604
S2140133E81D469DF8186005D0FF2E03D0D52111483B
S2140133F830F03BFE0023FF2D18BFAD000E4A1CBF60
S21401340845F00105EDB222600C4AC4E9063818BF3A
S214013418A561FF2EC4E901232361E76007D0A369EC
S21401342843F0020323F47F4343EA0623A361BDE87E
S214013438F08100BF90610400284F0020613301002D
S214013448002310B5054C03610460054CC261C0E950
S21401345801430123C160836110BD00BF284F0020CE
S2140134686133010070B58669044606F00303032B31
S2140134780D4603D1FC21144830F0F7FDFF2D16D078
S214013488B20704D440F201110F4830F0EEFD284689
S21401349829F020FCFF28054604D14FF482710A481A
S2140134A830F0E3FD2DB204EB4514204670BDF3075A
S2140134B8FBD5A36913F00C0FF7D040F20B110248A5
S2140134C830F0D3FDF1E700BF906104000023054A00
S2140134D8C0E9063103610260C360034A034B4260D8
S2140134E883607047284F002061330100217602006F
S2140134F801482CF0A0BB00BF284F002001482CF043
S214013508A6BB00BF284F002013B50E482CF06DFB54
S21401351828F059F92BF010FB2BF02CFB2BF033FB82
S214013528FCF728FF0446FCF73FFF234600900121DD
S2140135380420054A00F06EFA02B0BDE81040FCF718
S2140135481FBF00BF284F00203F620400022808B5AD
S21401355803D130F083FD014B186008BD584F002099
S21401356808B50CF043FE0122044B1A7030F0FFFD3B
S214013578BDE8084002490348FDF7C4B8EE6F0020CD
S214013588787900205C4F0020014B1870704700BF07
S214013598ED6F0020024B187808B105F019BE704788
S2140135A8297F002008B5074B1B780BB1002008BD02
S2140135B8FFF7F0FF0028F9D106F0E4F9023818BF42
S2140135C80120F4E7ED6F002070B5FFF7EBFF174D0C
S2140135D820B1FFF78DFF0428044613D82B781BB9B2
S2140135E830F0C5FD01232B7028F0FBF80446D8B14E
S2140135F82B781BB9F7210E4830F037FDBDE870402F
S214013608FFF776BF28F0EFF80028E7D02B785BB1F4
S21401361830F097FC0646002101202EF027FE3046A2
S21401362830F08AFC00232B70204670BDEE6F002018
S214013638606204001FB5FFF7C7FF0446FDF740FAAE
S214013648A04228BF204688B103A92FF02BFA0346CB
S21401365838B9CDE90000064A0399064830F01AFD44
S21401366818B18E21044830F000FD012004B010BDC9
S214013678E9B70300384F0020606204000D4B70B5AF
S2140136881B780D4D0D4C0121002B0CBF2B462346F4
S21401369802200B4A00F0BEF90A4B01211B780220D2
S2140136A8002B0CBF2B462346BDE87040064A00F0A7
S2140136B8B1B900BF297F0020AC890400CB8904007A
S2140136C812630400ED6F00203163040010B5D0E9E1
S2140136D8023253F8223002201B780121002B15BF35
S2140136E801240024044A054A00F094F92046BDE85E
S2140136F81040FFF749BF00BF506304006D63040024
S214013708D0E9023253F82230034A1B78003B18BF2F
S21401371801231370704700BF297F002038B50125A3
S214013728084B1D7030F00DFC0446294628462EF03D
S2140137389DFD204630F000FCBDE8384002490348AC
S214013748FCF7E0BFEF6F002080790020844F00204F
S21401375870B514F015FC10F0070F1D4D11D02B781D
S2140137685BB901262E7030F0ECFB04463146304634
S2140137782EF07CFD204630F0DFFBBDE8704014F0EB
S214013788C3B82AF017FA0228E9D1124C2378032B7A
S214013798E5D914F0F5FB10B92378032B14D814F0E7
S2140137A8B3F804460028DAD02B785BB100262E70D1
S2140137B830F0C7FB0546314601202EF057FD284656
S2140137C830F0BAFB204670BD4FF0FF34ECE700BF7F
S2140137D8EF6F0020937400201FB5FFF7B9FF04466A
S2140137E8FDF76EF9A04228BF204688B103A92FF03D
S2140137F859F9034638B9CDE90000064A039906483F
S21401380830F048FC18B18C21044830F02EFC012019
S21401381804B010BDB3BD0300644F00208C630400E0
S21401382810B5094C0949002007F080F923681B6880
S214013838587929F085FA23681B68587928F0BEFA62
S21401384804F092FE002010BD845400203664040063
S21401385808B52AF09FF9024628B1BDE808400020BD
S214013868014907F063B908BD5964040008B52AF090
S214013878A7F9024628B1BDE808400020044907F028
S21401388855B95422BDE80840FF2102480BF040BE56
S21401389871640400DE67002038B504460D462AF038
S2140138A893F9024628B1BDE838400020034907F0DD
S2140138B83DB9034B23F8145038BD00BF8F6404008C
S2140138C8DE6700202DE9F34100240C4E0C4DDFF88D
S2140138D838800C4F56F8043B0BB9D8F8003035F849
S2140138E8022B3946009200202246013407F01EF9C1
S2140138F82A2CEFD102B0BDE8F08100BF8C790020F8
S21401390832680020AB6404008879002008B52A21B3
S21401391803482AF051F9BDE80840FFF7D3BF00BFB6
S2140139283268002007B5D0E9023253F822301A78F7
S214013938292A0DD8084B53F822300BB9074B1B68B8
S2140139480749002031F812100091064907F0EEF8F1
S21401395803B05DF804FB00BF8C790020887900204D
S21401396832680020AB64040008B52A2103482AF00F
S21401397825F9BDE80840FFF7A5BF00BF326800205B
S21401398838B5D0E9023253F8221003EB82035B689C
S2140139980C781D880020044907F0C8F829462046F7
S2140139A8BDE83840FFF778BFB66404002DE9F34157
S2140139B800240C4E0C4DDFF838800C4F56F8043BAB
S2140139C80BB9D8F8003035F8022B3946009200209A
S2140139D82246013407F0AAF82A2CEFD102B0BDE836
S2140139E8F08100BF8C790020DE670020AB640400FC
S2140139F88879002010B5024628F0F6F920B9044C5B
S214013A08236811B11343236010BD23EA0203FAE7C2
S214013A18387A00200CB413B502460C4628F0E4F9AF
S214013A2860B9094B1B681A4208D005A90498019188
S214013A380AF064FC14B105482BF00CF802B0BDE896
S214013A48104002B0704700BF387A0020B5670400FE
S214013A58034610B5D3E9023253F8223008461C78DB
S214013A68211E18BF0121FFF7C5FF014648B9084ABC
S214013A78084B0220002C08BF1346074AFFF7CAFF67
S214013A8810BD00210220054AFFF7C4FFF8E700BF72
S214013A98675304005F530400B7670400CD6704004A
S214013AA82DE9F04105461F460C46DFF82C808E1896
S214013AB8B44201D1BDE8F0810021284614F8013B43
S214013AC8069AFFF7A7FF002FF2D0424600212846A4
S214013AD8FFF7A0FFECE700BFED59040002460249D4
S214013AE8002007F023B800BFDE67040010B5234C9A
S214013AF82348FF2127F059FE207802281ED00328E4
S214013B082ED0012804D02120BDE81040FFF7E6BFDB
S214013B181C4B19780029F7D002231B4A2370137807
S214013B28052B0EBF00230133DBB29942137003D174
S214013B38052313700020E7E7052BFBD0124B1B78F3
S214013B48052B02D103232370DDE7104A104932F80A
S214013B58230007F0DFFC032323700028D4D110BD0F
S214013B68094B0C4A1878094B03EB8001897833F81E
S214013B78200007F09FFC0123EEE700BFF06F00204E
S214013B888C4F0020F96F00202B7F002086680020CC
S214013B987D3D0100293D01002DE9F04F0D461446F3
S214013BA895B00490112200210FA89946DFF86C8180
S214013BB80BF0AEFC04EB45030393D9F800301C2B3D
S214013BC802D0039B9C4202D115B0BDE8F08F0123B9
S214013BD8DFF844A18DF81C3023884C4AADF81E3016
S214013BE89AF800304A4D08EB83039B7828788DF8BD
S214013BF8203013688DF81D00CDF821305368CDF8B4
S214013C08253029F0C1FB049B8DF8290021882878E6
S214013C18002B4AD129F085F8002844D09AF80030BC
S214013C280FAA38F8230007A928F0FAF800283AD08E
S214013C3828F0A4FE4FF0000B074606461C255FFA3F
S214013C488BF2974234D8B7422BD99DF81C30032BF8
S214013C581AD10FAB0193BDF821300022042100933D
S214013C6801202C4B06F0E8FD9AF8003008EB830398
S214013C789978274B187806F05BFE9AF800300020F2
S214013C8838F8231029F0D3FA5DB107A9304629F090
S214013C98D1FE214B05461B78304638F8231029F00B
S214013CA8CBFEC9F80050023487E729F031F8B3E7AC
S214013CB810460BA9059229F0B9FE30B99DF82C10CB
S214013CC831B9059AB74208BF16460BF1010BB6E79C
S214013CD8BDF82E00BDF81E209042F6D19DF83000A2
S214013CE89DF820209042F0D19DF81C208A42ECD104
S214013CF8032A14BF082202220DF121010DF1310019
S214013D080BF052FF002808BF0025DEE7F16F002000
S214013D182A7F0020776A04002B7F0020866800200F
S214013D2813B503460020114A9C6812780190052AAB
S214013D3803D01B78032B00D12CB9012002B0BDE8B3
S214013D481040FFF7CBBE6268217801ABFFF724FF6E
S214013D58217A0120E26801ABFFF71EFFFF21044824
S214013D6802B0BDE8104027F018BD00BF2B7F002029
S214013D788C4F0020094B1B78052B02D00378032BA8
S214013D8802D00120FFF7AABE8168054A0B680548DC
S214013D9813604B68FF21536027F0FFBC2B7F002080
S214013DA8F16F00208C4F002038B50024114B124DBE
S214013DB81870124BFF211C702C7006F0B9FD0122F9
S214013DC8032110460E4B06F037FD4FF6FF712246CB
S214013DD8084629F02FFA044648B940F6B832FF21BA
S214013DE8084827F0D1FC01232B70204638BDFFF781
S214013DF875FEFAE72A7F0020F06F0020F96F002091
S214013E08519C04008C4F0020144BF0B51A681449D5
S214013E1813680978587988420BD11249D788084619
S214013E280022114D1E792B78D4B2A34203D8052C53
S214013E380AD10020F0BD0C88BC4202D18C78B4426D
S214013E48F7D001320431EFE7A342F2D120F822700D
S214013E58013300EB820086702B70EAE78454002059
S214013E682A7F002086680020F96F0020FF2307B507
S214013E780021044A04480093FFF7ACFA03B05DF842
S214013E8804FB00BFF53A01008C4F00201FB5B42390
S214013E9803210446ADF80E3028F03AFF98B12123E5
S214013EA820460093002203210DF10E0329F0DFF8C6
S214013EB804460020054B064A0649009406F036FEDD
S214013EC8204604B010BD8624F3E700BF0868040046
S214013ED8156804002A680400D0E9023253F8223033
S214013EE8034A1B78012113700220024AFFF792BD8C
S214013EF8467F0020396804000122014B1A7070477A
S214013F08467F00200A4B90F805111B7890F8082187
S214013F1819448A42BCBFB2FBF3F103FB11234FF0ED
S214013F28FF32B8BFDBB202FA03F380F80A317047F2
S214013F38467F00202DE9FF410446057F867EDFF88F
S214013F4870806E43237F98F8002013449D4212DB4D
S214013F58607F60B9238B029363690193237C009386
S214013F686288A31D217805F0EFFDFF23237000204A
S214013F7804B0BDE8F081E37EAB42E9D9A77E228B87
S214013F88F1199142A4BF921BD7B205EB0323E38133
S214013F983A4633462946204627F05CFF0028E7D1F3
S214013FA8637F3744013301356377BEB2EDB2C9E7A3
S214013FB8467F002037B5054629F072FD0D4B0446AD
S214013FC81B6869461B78032B82BF0B4B1B881B1883
S214013FD8284688BF9CB229F0EBFD38B9684629F017
S214013FE861FD18B9044B1B8823449CB2204603B0D4
S214013FF830BD00BFC0530020BE7E0020084B1B7892
S214014008FF2B0BD1074B1B78FF2B07D1064B1B78D1
S214014018022B03D04FF4807029F04CB9704700BFCB
S2140140283C7A0020DC500020AC4F002010B5044636
S214014038FF2127F0BAFB054B9C4202BF0023A4F5DB
S21401404888742370BDE81040FFF7D8BFBC50002025
S2140140582DE9F0479A462A4B81461B78884616462C
S214014068BDF82050002B49D0FF2D3ED938252846CB
S214014078BDE8F087234B0C223146A01D636184F806
S2140140880090A4F802800BF095FAA289414642F402
S214014098004242F040022046A28127F0EDFE2A4661
S2140140A8514660690BF086FA41464846A21D2583AB
S2140140B829F037FAA0760028D8D00544013DB5FB8B
S2140140C8F0F0FF28D2DC0023E0762046A383FFF732
S2140140D831FF054680B923794FF48070B37229F011
S2140140E8ACF8227C099B1A80C1E7074C2778FF2F7A
S2140140F8C0D040F60345BAE72770F2E70225B6E7CF
S214014108467F0020FB6F0020DC500020B0F9063007
S21401411810B5002B25DA144C2278237CFF2A02D00E
S214014128827A9A4207D0114C2378FF2B17D0827ACD
S214014138237C9A4213D169B9637F013BDBB263776B
S2140141485BB90B4A237F1278204613442377FFF77F
S214014158F1FE0146204627F09EFEFFF74FFF01209D
S21401416810BD0020FCE700BFDC5000203C7A002090
S214014178467F00202DE9F04F9A46B1F9063091B0F6
S214014188002B0D461746DDF86880049080F22981D9
S214014198B8F80030FF2B04D94FF4B871A6482FF0B1
S2140141A864FFA64B00241A7893F80401B3F80211A9
S2140141B8002A40F0A5802E7AA14A1278B24240F22F
S2140141C8AF800222A3F802711A70AA7AFF2483F834
S2140141D804210022A3F8084183F80521A3F8062143
S2140141E8B8F80020954883F80C21FFF78BFE38466F
S2140141F8FFF7E0FE214600EB4002924827F0C4FA9A
S2140142084FF4807029F019F88C4C94F80A91B9F19A
S214014218FF0F20D18A4A94F8053112781344B34225
S21401422819DC94F80C1184F80531B4F806312046E7
S21401423801FB0233A4F80631FFF764FE0122824B24
S21401424838461A70FFF7B6FE494600EB400204F5F9
S214014258887027F099FA94F80531B34260D8DFF8E8
S214014268E0B19BF800C00CEB0302964258DA764997
S21401427894F808210878013A002853D0964205DABE
S214014288B8F8002084F80C2100220A70B6FBFCF965
S21401429801220CFB196994F80A015FFA89F902FAF6
S2140142A809F2D1B2024076B92889000A844584F811
S2140142B8080108D92046CDE906210593FFF722FE15
S2140142C8DDE90621059B94F80A01014384F80A11E1
S2140142D882B994F80921B4F806C1013284F8092193
S2140142E8B8F80020DAF800100CEB0200FF2826DDEB
S2140142F80323237094F80831013B9E4230D138E0FD
S214014308AE7A864202D18F4200D11C462E7A002C04
S2140143187FF47BAF002A3FF44FAF012A3FF44CAF3E
S21401432801205FE09642B1DA94F80C1198F8002063
S2140143389142ABD004F58870FFF778FEF0E794F861
S2140143480CE1F31A0EFB03C3A01C10FA83F00592C6
S2140143580BF030F994F80831059A013B9E4244D097
S214014368012394F80A2103FA09F3013B1343FF2BAF
S21401437804D122462946384627F07FFD94F80831AD
S21401438894F809219A42CBD19BF80030B2FBF3F19D
S21401439803FB112212F0FF0218BF13462278022AE5
S2140143A826D1264A023410785178012804BF0131F3
S2140143B85170012224F8022CEA88B4F8041122F07C
S2140143C84002EA8094F809210A44591E94F80A31F1
S2140143D813FB01F31344A8F80030CAF80040FFF7AE
S2140143E80DFE002011B0BDE8F08F84F80B21C0E760
S2140143F86979002994D0032A92D1B4F8062194F851
S2140144080B1108AE11445A1E94F80C31284613FBBA
S21401441802F30B4400219BB2A21CA8F80030CAF88C
S2140144280020CDE900710296049907F05FFD892105
S214014438304629F073F87DE760680400AC4F002029
S214014448467F0020BC500020FA6F002013B50446B2
S21401445818B101280BD002B010BDFF230146009306
S214014468064A0748FEF7B6FF064B1C70F3E7FFF748
S21401447843FDFF22044B1A70EDE700BF35400100EB
S214014488BC500020AC4F0020DC50002013B501A919
S21401449809F0FEFF044648B9BDF806309DF8042029
S2140144A8034906F043FB204602B010BD8120FBE716
S2140144B81369040013B5694609F0F6FF044688B97E
S2140144C8BDF802309DF80020074906F049FB204652
S2140144D8019906F09DFA2046044906F027FB204676
S2140144E802B010BD8120FBE7376904005D6904004E
S2140144F837B5694609F0FCFF044618BB9DF801303C
S2140145089DF80020104906F02BFB104D9DF8012060
S214014518E3B29A4206D800200D4906F007FB0020B0
S21401452803B030BD0198630003F4FF730222002133
S214014538184428F00CFF29460246002006F010FB16
S2140145480134E3E78120EBE75F6904008E69040024
S214014558519C040013B501A909F0A0FF044648B907
S214014568BDF806309DF80420034906F0DFFA204618
S21401457802B010BD8120FBE79869040030B500241D
S2140145880B4D85B06946E0B229F050FA50B99DF84E
S2140145980030032B06D12946BDF805309DF80120C9
S2140145A806F0C4FA0134202CECD105B030BD00BFAA
S2140145B8BF69040008B50020034906F0B7FABDE84C
S2140145C80840FF2000F0DEBAD16904002DE9F04F5B
S2140145D885B006460D46174627F09DFC044640B1B1
S2140145E830463A46294627F080FC002005B0BDE84B
S2140145F8F08F4FF003094FEA15285FFA84FA6946E7
S214014608504629F013FAB8B99DF800B0BBF1000F6F
S21401461812D1694650468DF800908DF805508DF8F0
S21401462806808DF8016029F005FA02460028D7D0E1
S2140146385846064906F07AFA0134202CDDD10020C6
S214014648034906F073FA8920D0E700BFE66904003B
S2140146580D6A04001FB5002304468DF80F3027F0B5
S21401466845FC28B19DF80F3063F07F038DF80F30B5
S214014678182301930DF10F03002200930421402310
S214014688204628F0E3FC024618B10020024906F04D
S2140146984DFA04B010BD00BF286A04001FB502A970
S2140146A809F014FF044688BBBDF80820184906F02F
S2140146B857FA2046039906F0ABF92046154906F045
S2140146C835FA4FF6F672BDF80810134C4B1E9BB21E
S2140146D8934219D82368039A1B685879FFF776FF1F
S2140146E823681B79012B0BD8BDF808300022CDE9C9
S2140146F800030421094B092006F09EF828F008FF5C
S2140147086FF0FF0004B010BD8720E9E78120F9E7C4
S214014718476A04005D690400845400205E6A040048
S21401472870B504468AB005AD1122002128460AF064
S214014738EFFE204604A909F0BDFE044600283AD13A
S2140147481E4EBDF810201E4906F0F0F9326813799E
S214014758012B28D84FF6F670BDF810104B1E9BB2E9
S214014768834224D81368587927F0D5FB08B33368F1
S2140147782A461B68BDF81010587927F0B5FBBDF816
S214014788103001220421CDE9004309200D4B029582
S21401479806F052F828F0BCFE034620B100200A4A6B
S2140147A80A4906F0C3F96FF0FF000AB070BD872406
S2140147B8E5E78B24E3E78120F7E700BF8454002070
S2140147C8616A0400766A04007A6A0400856A04004D
S2140147D82DE9F0479AB004A909F084FE044600289A
S2140147E840F0B5809DF810205B4906F0B9F92546DA
S2140147F85A4E9DF81020EBB29A4254D800205849D8
S21401480806F094F99DF81050002D40F099802C463A
S2140148182E46544F06A9F0B229F008F9C8B99DF8F2
S2140148281830032B15D13B689DF819201B685B7956
S2140148389A420ED19DF81D2005F168036B4403F8D2
S214014848402C9DF81E200235013403F83F2CEDB2AA
S214014858E4B20136202EDDD19DF810300BB1002CC4
S21401486877D00AABCDE90143FF2302220421009346
S21401487809203D4B039505F0DFFF28F049FE034666
S21401488860B19DF81020002A5FD0384A3849002CBC
S21401489808BF0A460020374906F048F96FF0FF00BE
S2140148A81AB0BDE8F08705986B0003F4FF7302227F
S2140148B80021184428F04BFD31460246002006F038
S2140148C84FF9013595E70598730003F4FF73022243
S2140148D80021184428F03BFD002780465FFA80FA3D
S2140148E806A9F8B229F0A2F800BB9DF81830032BE8
S2140148F81CD1D9F800309DF819201B685B799A42BB
S21401490814D19DF81D30534510D19DF81E30C8F3BB
S21401491807229A420AD105F168036B44023501342D
S21401492803F840AC03F83F2CEDB2E4B20137202F70
S214014938D6D101369DF81020F3B29A42C3D88BE738
S2140149480025DFF820902E46F4E7084AA2E78120E2
S214014958A6E78B20A4E700BFDF6A04008E6904007F
S214014968519C040084540020FE6A0400B06A0400C6
S214014978CE6A0400026B04002DE9F04389B002A94F
S21401498809F09EFD0446002867D1BDF80820344981
S21401499806F0CCF84FF6F672BDF80850DFF8D4905A
S2140149A86B1E9BB2934254D8D9F8003029461B682F
S2140149B85F79384627F0AFFA00284CD026465FFACA
S2140149C886F8404603A929F031F828B92946384619
S2140149D803AA27F08DFA20B90136202EEFD14FF021
S2140149E8FF08404629F020F8014658BB112203A8C3
S2140149F80AF08EFD2946384603AA27F076FAD9F832
S214014A0800301A79012A18D81B68BDF80810587999
S214014A1828F05EFCBDF8083003220421CDE90043E6
S214014A280920104B05F008FF28F072FD034620B157
S214014A3800200D4A0D4906F079F86FF0FF0009B01D
S214014A48BDE8F08302460A49002006F06FF8012403
S214014A58D5E78724D3E78B24D1E78120EFE700BF8A
S214014A68246B04005E6A0400626B0400856A040015
S214014A783B6B0400845400202DE9F043DFF8948052
S214014A880020D8F8003021491B688BB05E790025D4
S214014A9806F04CF801275FFA85F9484601A928F07F
S214014AA8C5FF044690B99DF80430032B0ED19DF836
S214014AB80530B3420AD1484628F0B6FF0146A0B1F0
S214014AC802461349204606F031F827460135202DBF
S214014AD8E1D1D8F8003000211B68587928F0F8FB96
S214014AE887F001000BB0BDE8F083112205A80AF093
S214014AF80FFDBDF809403046214605AA27F0F5F90D
S214014B082146304628F0E4FBE0E700BF6F6B04005F
S214014B183B6B04008454002037B5694609F0DCFC79
S214014B28044638BBBDF80020134906F019F8134DA2
S214014B382046019905F06CFF2046114905F0F6FF5D
S214014B482B681B68587928F0D2FC70B14FF6F672BC
S214014B58BDF800104B1E9BB2934209D82B68019AE8
S214014B681B685879FFF732FD0446204603B030BD6E
S214014B788724FAE78120F9E7836B04008454002030
S214014B885D6904007FB505460024E6B269463046ED
S214014B9828F04CFFA8B99DF80030032B11D19DF8D9
S214014BA80130AB4204D0FF2D0BD19DF80D3043B92F
S214014BB8304628F039FF024618B10020034905F0AF
S214014BC8B5FF0134202CE0D104B070BD3B6B040066
S214014BD8034B1B681878012808BF0220704700BFDE
S214014BE8C0530020D0E9023253F822301A78024B1B
S214014BF81A7000F0E7BA00BFFA70002070B5D0E965
S214014C0802456B1EDBB254F8230003221B490AF047
S214014C18CBFF54F8253004EB8504197863681A78B5
S214014C28A2F10B030F2B05D915490020BDE87040EA
S214014C3805F07CBF01290FD1124C9140236840B979
S214014C480B43114A23600020BDE870400F4905F068
S214014C586DBF23EA0103F4E702290CD101230C49AD
S214014C6803FA02F20B6818B913430A4A0B60EAE71B
S214014C7823EA0203F9E70A460749D6E7A76B0400C1
S214014C88AB6B0400607A0020C16B0400C96B04009A
S214014C985C7A0020DC6B0400E66B040007B5D0E9FB
S214014CA8023103EB810253F821300B491B78526815
S214014CB8012B0A4B08BF0B4612684FF000001A601A
S214014CC80092074A074B084918BF1346074A05F0DA
S214014CD82DFF03B05DF804FB607A00205C7A0020A3
S214014CE8016C0400F96B04000B6C04003CEE040034
S214014CF838B5254A254B264C0020264905F016FFCF
S214014D080020254905F012FF22682449002005F0F5
S214014D1827FF2068224C234D05F0E2FE214600209D
S214014D2805F004FF2A682049002005F019FF2868C5
S214014D3805F0D6FE2146002005F0F8FE1B4B1C495F
S214014D481A781C4B002053F8223005F0EFFE00F0CD
S214014D580DF919490246002005F0E8FE174B002018
S214014D681A78174905F0E2FE164B17491A780020FB
S214014D7805F0DCFE04F020FABDE838400246134987
S214014D88002005F0D3BE00BF3CEE0400256C0400ED
S214014D98607A00202C6C0400346C0400426C040019
S214014DA8765404005C7A0020536C040028710020B5
S214014DB8646C0400647A0020776C04000D7100208E
S214014DC88B6C04000C7100209D6C0400AF6C040011
S214014DD807B500F071F8054B0090054A0020054913
S214014DE805F0A4FE03B05DF804FB00BFC56C040023
S214014DF83CEE04002A680400F8B504460B4F0C4E36
S214014E080C4D00200C4A0D4905F090FE20463B78D3
S214014E1829783278F4F744FA00233B7033702B7004
S214014E28FF21BDE8F840064826F0BFBC28710020DF
S214014E380C7100200D7100203CEE0400CA6C0400C1
S214014E48FC50002037B51248FF2126F0AEFC114B66
S214014E58187810F0100505D0002003B0BDE83040E2
S214014E6803F01CBF0121B42004F020FB04460A4BC2
S214014E780A4A0B490090284605F058FE2046FFF7D7
S214014E88BBFF4FF4806003B0BDE8304028F012BA8B
S214014E98FC50002028710020E16C04003CEE040060
S214014EA82A6804000021024A0248FEF7C9BA00BF70
S214014EB84D4E0100FC50002008B5054B1B7823B168
S214014EC81720FFF799FF002008BD0220FCE700BF66
S214014ED82871002010B550B1054B00F1100250F8AA
S214014EE8044B904243F8044BF9D1024B197010BD9C
S214014EF80E7100201E71002037B5174D04462B7819
S214014F08DB0626D50090154B0020154A154905F0F5
S214014F180DFE1E2C0BD0652C09D0032C19D00020B1
S214014F2828F004FE40F61C40FFF766FF0DE028F067
S214014F3825FE4FF4FA63B0FBF3F202FB1300C21826
S214014F48FF21094892B226F01FFC2B7823F01003A4
S214014F582B7003B030BD00BF28710020FA6C040026
S214014F683CEE04002A680400FC500020014B187926
S214014F78704700BF9A68002070B54C4E8EB03378E3
S214014F8803F0FB02A3F10905022AEDB258D0042B5F
S214014F9841F6041257D0A3F108014B424B415B007E
S214014FA813434348ADF80C3026F0E5FF48B9414BAA
S214014FB83F4A03F1100153F8040B8B4242F8040BE5
S214014FC8F9D13D4B1B78002B3FD03C4B0DF10E021F
S214014FD803F1100153F8040B8B4242F8040BF9D184
S214014FE803A828F0C3FD2328044610D1012D49D86B
S214014FF80020334A334905F099FDBDF80C3003A863
S21401500823F40053ADF80C3028F0B0FD0446002C0C
S21401501841D14FF40C7028F0A7FD044600283AD178
S21401502803F0FAFE012D36D8274A01AB10685168FD
S21401503803C3264901A828F0FDFD78B319242AE000
S21401504843F60412A7E70223AAE73378042B0DD008
S214015058082B0BD01E4B0DF10E0203F1100153F86D
S214015068040B8B4242F8040BF9D1B9E7104A0DF14B
S2140150780E0302F1100152F8040B8A4243F8040B9E
S214015088F9D1ADE7337803F0FB03022B03D10020F7
S214015098104905F04BFD20460EB070BD044901A825
S2140150A828F0C8FD04460028C8D1F4E72871002076
S2140150B8FC700020C76D04001E7100200E710020D0
S2140150C83CEE04001E6D0400D86D04002CEE0400AE
S2140150D8E16D0400796D040070B5002686B00446BB
S2140150E8252028F029FD1622002116480AF010FA74
S2140150F8154B1E60154B1878FFF76AFD022814BF7A
S2140151080123042303208DF8083028F063FD0423C7
S2140151188DF810300E4B02A80593039403F030FD6A
S21401512805460C4B0C4A19680C4B3046A14208BF81
S214015138134600940A4A0B4905F0F8FC284606B0BF
S21401514870BD00BF9A6800201C51002028710020FD
S21401515841540100607A0020F96B0400016C0400D8
S2140151683CEE0400F26D040008B5134A1378042BCC
S21401517809BF124B01331B78C3F10603DBB2137068
S21401518803F0FD02092A04D11720FFF735FE172080
S21401519808BD0A4A1278002A14BF052206229A4236
S2140151A807D1074B18680028EED0FFF795FF4D206A
S2140151B8EEE70020ECE700BF287100201E710020F2
S2140151C85C7A002073B51E4C1E4E23683268134362
S2140151D834D01D4B1B6853B31C4D2B783BBB03F0D7
S2140151E8EBFFF8B94FF4806028F027F8184B2468CD
S2140151F81B7894B1C3F102032B7003F047FD2046D8
S214015208FFF76AFF04460020124B134A134900941D
S21401521805F08CFC204602B070BDC3F10603346865
S2140152282B70EAE70121B42004F040F9EAE70020F0
S214015238094A0B4905F07AFC0224E4E70224E9E767
S214015248607A00205C7A0020C05300202871002074
S2140152581E7100203A6E04003CEE04002A68040021
S214015268206E04002DE9F347384D394E00202A797F
S2140152782B88384905F05AFC3268287922FA00F05A
S21401528810F0010002D1344905F050FC334F3C7848
S2140152983CB10822324933480AF086FC041E18BF7E
S2140152A80124DFF8DC80DFF8A490DFF8B4A014E06E
S2140152B898F8000049460130C0B288F8000028F086
S2140152C82DFC002835D13C783CB1082251462548AA
S2140152D80AF06AFC041E18BF01242A793368D340F1
S2140152E8DB07E5D5002CE3D100922B881E4A1F491F
S2140152F8204605F01BFC1E4B1878FFF769FC0123B6
S2140153080322124928F010FC1A4A0546137801337D
S214015318137010B902B0BDE8F08720462B46124A32
S214015328154905F003FC284602B0BDE8F047FFF72B
S21401533863BD0020114905F0F9FBFFF715FF0028AA
S214015348E8D102B0BDE8F04700F01CB89A68002022
S2140153581C510020406E0400716E04002771002065
S2140153681F710020A86800203CEE0400406F04006E
S214015378287100200C710020E16E04000A6F0400F9
S214015388FB7000202DE9F041214C224D23780020A6
S21401539855F82330204A214905F0C8FBFFF7ECFDF4
S2140153A803461D4E1E4FDFF874802BB92378042B55
S2140153B815D8B3B91B4B15E032463946002005F01F
S2140153C8B5FBFFF7D1FE00BB2378324655F82330EC
S2140153D8414605F0ABFBFFF7CFFD0346E5E7092B92
S2140153E8E8D1114B00201B68104A11491360114B74
S2140153F8187028F093FB20B1BDE8F0410120FFF7B3
S214015408FBBCBDE8F041FFF72DBFBDE8F08100BF4A
S21401541828710020647A00203CEE0400606F0400C6
S2140154286D6F04005C7A0020607A00201C51002011
S2140154389A680020FB70002070B51C4C23789BB33B
S214015448838913F4407F2FD0056835B12A46BDE815
S21401545870400020164905F069BB28F05DFB154E23
S21401546803463070144A2846144905F05FFB337822
S2140154781BB1BDE87040FFF785BF2378082B0CD811
S214015488042B0CD80E4B1B78C3F1060323700D4B67
S214015498BDE870401868FFF71FBE0A2BF2D1BDE8B9
S2140154A870401820FFF7A8BC70BD00BF2871002007
S2140154B8986F04000D7100203CEE0400C56F0400CF
S2140154C81E7100205C7A002030B5464D034604461E
S2140154D8454A0020454987B005F028FB2B782BBBA9
S2140154E801A828F0A9FB022301A88DF8043028F0AA
S2140154F891FBB0B93E4901A828F08EFB88B1152C5E
S2140155080FD128F03BFB47F23153B0FBF3F202FB15
S214015518130000F51C50103080B203F0BFFB07B033
S21401552830BD162CFBD103F0F3FBF8E7152C2AD176
S21401553800202D4A2F4905F0F9FA2B78042B11D0B3
S214015548082B0FD02C4B1B78DA070BD401A828F0B0
S21401555807FB18B9BDF804309B0703D42B7843F032
S21401556810032B7028F00AFB4FF4FA63B0FBF3F232
S214015578FF2102FB1300C218204892B207B0BDE80B
S214015588304026F001B928F02BFB04460028C6D186
S2140155982B78013B092B1ED8134A194905F0C6FA80
S2140155A8184A194913780133D8B2107028F0B6FA98
S2140155B860B12046154905F0B9FAFFF7D5FD002870
S2140155C8ADD107B0BDE83040FFF7DCBE07B0BDE897
S2140155D83040FFF747BE40F61C4007B0BDE83040F4
S2140155E8FFF70ABC287100203CEE0400E96F0400AE
S2140155F82CEE040000700400FA700020FC50002015
S21401560813700400FB7000209A6800200A6F0400DB
S2140156182DE9F0410B4686B004460E4617463A4930
S2140156280246002005F082FA4FF000080123CDE972
S21401563801380DF116030093424640230621204601
S21401564827F039FD054640B102463049404605F087
S2140156586DFA284606B0BDE8F0819DF816202AB9ED
S21401566836B900202A4905F061FAF2E7012EF8D08A
S21401567882F00103002027498DF8173005F056FA05
S2140156889DF817300DF1170633B310230022CDE924
S214015698006306214023204627F0D8FC064630B191
S2140156A8324600201C4905F041FA3546D1E74FB984
S2140156B80821204627F02CFB20B120469DF817101C
S2140156C827F007FE0521204627F022FB0028C0D038
S2140156D8204627F0FBFDBCE74FB90821204627F0F6
S2140156E817FB20B120469DF8171027F0F2FD10236E
S2140156F80022CDE9006306214023204627F0A6FCB8
S21401570806460028DED0CBE7427204005E7204002B
S2140157187772040097720400B7720400002208B575
S214015728034B11461B681B685879FFF771FF08BDC4
S2140157388454002008B5044B00221B6801211B680D
S2140157485879FFF765FF08BD8454002008B5044B57
S21401575800221B6802211B685879FFF759FF08BD0C
S2140157688454002010B50123002488B001A88DF8C0
S2140157780430CDE90244F5F7DDFD20469DF8042006
S214015788124905F0D3F92046039A114905F0CEF9D6
S2140157982046029A0F4905F0C9F910220E4B0DEB67
S2140157A80201188840F0604040F48010FBF718FCAE
S2140157B820460A4905F0D4F904A827F00AFE20462F
S2140157C8074905F0B3F908B010BD00BFD072040050
S2140157D8EF7204000E7304000CEE04002D7304002F
S2140157E8519C040008B526F0F7FB0020024905F095
S2140157F89DF9012008BD00BF4A7304000023054A2D
S2140158088360C360044BC0E9002311B14FF6FF73F0
S2140158180B80704749101CB20030091210B50446B7
S21401582860B10020064905F081F9052C06D002F082
S214015838CBF904490246002005F078F9012010BD8D
S2140158485E7304006F73040037B500216A4601AB26
S214015858054626F082FC044668B100220F49104628
S21401586805F064F902F0B0F90D490246002005F08A
S2140158785DF903B030BD0B4905F058F9012025F054
S21401588885FB01F099FF431C02D008F025F8F0E7E4
S21401589821462846FFF7A6FFEBE700BF98730400EA
S2140158A86F730400E073040038B5054601F084FF01
S2140158B8044627F0D6FC4DB100200E4905F036F90E
S2140158C8631C14BF2046002007F0C8FF26F092FB91
S2140158D80228044605D0012805D10020064905F00E
S2140158E825F9204638BD0020044905F01FF9002493
S2140158F8F7E700BFFD730400177404003074040052
S21401590808B50020034A044905F010F9BDE8084027
S21401591800F050BDDA8304004974040008B500207D
S214015928034A044905F002F9BDE8084001F0CAB97E
S21401593868740400497404001FB5D0E9023253F8AC
S214015948223068461C78214601F0D0FB684601F0F3
S21401595873FC28B92246044905F0E8F804B010BDDE
S2140159686846FFF771FFF9E76E74040000200149E5
S21401597805F0DCB88A7404007FB50DF1060102A8AB
S214015988FFF73CFF0020264905F0D0F80020BDF8B7
S2140159980820244905F0CAF80020BDF80A20224943
S2140159A805F0C4F8039A0020204905F0BFF8002046
S2140159B81F4905F0D5F84FF6FF73BDF806209A4241
S2140159C829D000201B4905F0B1F800201A4A1B49C6
S2140159D805F0ACF800201A4A1A4905F0A7F8002283
S2140159E81949104605F0A2F80020154A174905F08E
S2140159F89DF80A220020164905F098F80A22002088
S214015A08144905F093F80A220020134905F08EF888
S214015A1807B05DF804FB0020104905F087F8D4E7C5
S214015A2899740400B1740400CA740400E374040091
S214015A38FC74040007730400E09304001275040064
S214015A48C027090031750400507504006F750400FD
S214015A588E750400AD750400CB7504000F7504003F
S214015A6808B50020034905F061F8BDE808400120A3
S214015A7801F0FAB9E975040008B50020034905F0F4
S214015A8855F8BDE80840002001F0EEB9027604009A
S214015A9830B5104B104D1B5C85B08DF80F302B7848
S214015AA80446834206D00D4B0D4953F820200020AA
S214015AB805F03CF830232C700A4801930DF10F03CA
S214015AC80093062280231921007827F0BFFA05B033
S214015AD830BD00BF53EE04003071002060EE0400B4
S214015AE81A7604002D7F00201FB523230390019307
S214015AF8064803AB0093012280231921007827F07A
S214015B08A5FA039805B05DF804FB00BF2D7F0020B9
S214015B1873B5164D04462B78154ECBB126F08BFA85
S214015B28012815D0346040F6B244124B1B78072B77
S214015B3817D02D78C5B926F07EFA031E18BF0123A3
S214015B480D48009522461921007826F003FE03E049
S214015B5800233360002CE8D1201E18BF012002B0B4
S214015B6870BD02250123EBE70025FBE72D71002018
S214015B7820510020307100202D7F002008B50448F0
S214015B88FFF7C6FFBDE808400220FFF781BF00BF48
S214015B98C027090010B5064C208827F09BFB6088B3
S214015BA827F098FB6068BDE8104027F0A2BB00BF4D
S214015BB8245100207FB523238DF813300DF11303EC
S214015BC8029304230648019305AB00930122802320
S214015BD81921007827F06FFA059807B05DF804FBDD
S214015BE82D7F00202DE9F047DFF84C91044699F8FF
S214015BF8000090460F4627F06DF80B2899F800200C
S214015C0805D9BDE8F04700203F4904F08FBF0026BC
S214015C183E4B3F4D1E803F4BDFF820A103EB0013A0
S214015C285B8801202B802A7104F0A8FE05F050FF3E
S214015C3804F0A4FE204604F0A1FE0123042C8AF8F1
S214015C4800300BD8022C45D89C4216D02346BDE816
S214015C58F0470020304A314904F068BF062CF5D1D8
S214015C6830462F4904F062FF384604F087FEFFF7F6
S214015C7891FF97B18AF800600FE04FF6FF76294F3B
S214015C883888801B18BF012004F078FEFFF782FFD2
S214015C983888B04201D027F01DFB19236B8099F88C
S214015CA8003000202B71204B1B786B71EB8843F07A
S214015CB84003EB801D4B198827F0B9FA034620B13B
S214015CC8224600201A4904F031FF4046BDE8F04755
S214015CD8FFF71EBF304604F051FEFFF75BFFFFF7E4
S214015CE869FF27F006FB134B1B78002B0CBF3F20E0
S214015CF8202004F043FE042CCFD14FF4806027F017
S214015D08E9FA3220C7E700BF2D760400BE680020F6
S214015D18C2680020F4520020056604007976040063
S214015D285C760400B26800202C7F0020B87E002034
S214015D38927604002C7100202D7F00202D71002002
S214015D4838B5044605200D46FFF7A2FE184B1A88FB
S214015D584FF6FD739A4207D10020164904F0E6FE75
S214015D68BDE83840FFF70ABF65B1134A1378013317
S214015D78DBB2092B137014D90A2200200F4904F04C
S214015D88D5FEEDE7012C0ED10B4B1D700C490D48C5
S214015D98FFF734FDBDE83840002101200A4AFFF725
S214015DA821BF012CF2D0BDE838400748FFF7B0BE46
S214015DB8B87E0020CC7604002F710020F776040008
S214015DC8B268002024510020E093040008B5064973
S214015DD8002004F0ABFE0548FFF736FDBDE8084095
S214015DE800210846FFF7ACBF3B770400245100208A
S214015DF8814237B50346154608D2002000910F4A5E
S214015E080F4904F093FE002003B030BD0C1A224659
S214015E1800200C4904F08AFE40F6BB5322460020B7
S214015E28094904F083FE4FF47A735C43074B01205B
S214015E389C4294BF2C602B60E6E700BF0566040011
S214015E484C77040089770400A477040080EE3600B6
S214015E5810B504460820FFF71BFE0D4B3CB91C7015
S214015E680021BDE8104006200A4AFFF7BBBE1B7892
S214015E78092BF5D90A220020074904F057FE00200D
S214015E88064904F053FEBDE81040FFF79FBF00BF68
S214015E982F710020C0270900D0770400117804006C
S214015EA873B51F4D2C7834B100201E4902B0BDE8E9
S214015EB8704004F03BBE0220FFF7EAFDFF221A4EAF
S214015EC81A4B30781A7026F005FF0B2807D920469A
S214015ED83278174902B0BDE8704004F027BE154B6A
S214015EE81549009301EB0011012319224FF6FD70A5
S214015EF8498805F091FA70B12046104904F016FE5B
S214015F0800220F4B0F481C700F4B1A7002B0BDE8E9
S214015F187040FFF7FDBD01240C492C70EEE700BF69
S214015F282E710020227804002D7F00202C7F00206F
S214015F382D76040039620100F452002063780400CB
S214015F482D710020C02709002F71002089780400D0
S214015F5838B5144D04462B78052B21D91249FFF77D
S214015F685DFC24B918B9114904F0E0FD0424104B6E
S214015F78195D21B9BDE838400846FFF769BF032C0B
S214015F8806D02B78052B03D006200A4AFFF72AFEEF
S214015F980021094B08461970BDE83840FFF7D0BE06
S214015FA838BD00BF3071002024510020AB780400B2
S214015FB849EE0400C02709002D71002030B50446BB
S214015FC889B00720FFF764FD052C0AD100222A4B69
S214015FD803A91A7002A804AA01F0FEFD30B1022036
S214015FE845E09CB90122244B1A700224224D2878D8
S214015FF878B1421E504221495041FFF755FC022311
S21401600804462B70022C0ED10A200FE0022CE6D192
S214016018EBE7631F5A424FF0050018495A4126F02C
S21401602811F80446EEE7032C04D10020FFF770FDB3
S21401603809B030BD062C06D10020114904F076FDC2
S21401604801232B70E0E70F4A0F4B2878002C18BF66
S21401605813460E490E4A0094002808BF0A46002037
S2140160680C4904F063FD201E18BF0120400009B04A
S214016078BDE83040FFF76CBF2B710020245100208B
S214016088E6780400DF780400D8780400C7780400AE
S214016098D17804002179040013B51F4C0620FFF7B8
S2140160A8F7FC2278092A09D900201C4904F03EFD8C
S2140160B8042002B0BDE81040FFF74ABF184B1B7812
S2140160C82BB3002024F086FF25F0B5FF68B9FFF74B
S2140160D871FD144B196825F0A5FF0246042000211E
S2140160E802B0BDE81040FFF77DBD01A825F0A1FF6D
S2140160F8FF2809D14FF4FA6023780133237002B0E0
S214016108BDE81040FFF704BD0198FFF7EDFC4FF41A
S214016118FA620320E3E700BF2F7100203C790400F0
S2140161282C71002034510020F023F0B589B0CDE958
S214016138000334488023002219210078324E334F59
S21401614826F084FF0020324904F0F0FC3246394636
S21401615803A801F041FD032804462E4D1CD106264E
S214016168039A2D49002004F0E1FC0398FFF7BCFCD4
S2140161780020396800F0ACFE2E7001F09FF900226D
S2140161880446264B30461A70FFF782FC84BB09B0DA
S214016198BDE8F040FFF780BF28BB7268204904F0CD
S2140161A8C5FC214604A8FFF729FB059B72689342A4
S2140161B80BD020461B4904F0B9FC072305202B7099
S2140161C809B0BDE8F040FFF7F9BE1A462046164961
S2140161D804F0ACFC0523002101202B7009B0BDE8B2
S2140161E8F040FFF7ADBD0020104904F09FFCF1E731
S2140161F8042C05D0042009B0BDE8F040FFF7A8BE7E
S21401620809B0F0BD2D7F0020245100203451002014
S2140162187479040030710020A57904002F710020DC
S214016228E0790400197A04006D7A0400A97A04005A
S214016238F7B50446876800202378364D012B287069
S21401624804D0354B3549187004F070FC26785EBBCF
S214016258334B1B78FF2B04D103B0BDE8F040FFF7A2
S2140162688DBC304B1B78032B11D82F4C0320FFF71E
S2140162780FFC6946208827F09BFC002843D02B4951
S214016288208805F047F920B12E70FFF777FC03B098
S214016298F0BD0124204B26491C7004F047FC03205E
S2140162A8FFF7F6FB2C70F2E7012E25D13B78002B81
S2140162B8EDD01B4D2B78FF2BE9D1A68802F0A4FF61
S2140162C8864206D100201B4903B0BDE8F04004F021
S2140162D82DBC194BA2881B783BB132B11749002057
S2140162E803B0BDE8F04004F021BC7B6814491B7874
S2140162F82B700D4B1A80F2E7032E08D10822684648
S214016308A16809F057F96846FFF70EFFBFE70023B3
S2140163182B70A1E72D7100202E710020C47A04008D
S2140163282C7F002030710020B87E002039620100E1
S21401633889780400E47A04002A7100200A7B0400A4
S214016348357B04007FB5094B1A78FF2A0AD11870E5
S21401635801F088FB0022064B0DF1060102A81A80FF
S214016368FFF74CFA07B05DF804FB00BF2D7F00204D
S214016378B0680020152838B517D10C4B1D78A5B97B
S21401638827F0FCFBC4B2012C38BF01240120FFF71B
S2140163987FFB28462246064904F0C8FB4FF47A706C
S2140163A86043BDE83840FFF7B3BB38BD3071002005
S2140163B8527B0400034B1B78022B01D8FFF770BDF4
S2140163C8704700BF3071002070B5284C25F02EFEAE
S2140163D82578274EBDB10020264904F0A7FB264A9A
S2140163E8137801331370002323703378062B0AD1F0
S2140163F8BDE87040214B1868B0F5FA6F38BF4FF406
S214016408FA60FFF785BB3378013B082B2CD8DFE809
S21401641803F005090D2B13191D222700BDE870404E
S214016428FFF7C8BFBDE87040FFF73ABD00232370E9
S214016438BDE87040FFF7A2BB2946BDE870400120C1
S214016448FFF77EBCBDE87040FFF726BE0220BDE818
S2140164587040FFF7B3BD0120BDE87040FFF7F8BCF8
S214016468BDE87040FFF7B2BC70BD00BF2D710020BB
S21401647830710020817B04002F71002020510020FC
S21401648810B90520FFF764BD034B1B78062B01D115
S214016498FFF79ABF704700BF307100202DE9F0471B
S2140164A88E68054633189A780C46092A8EB008D99C
S2140164B80020A34904F03AFB852420460EB0BDE827
S2140164C8F08750B98B899F49895C8B4205D2009128
S2140164D89D4904F02BFB8024EFE79C4BE7881B883B
S2140164E89F4236D09A490978012932D932B13A46BB
S2140164F80020984904F01AFB7E24DEE7964B1A70B2
S214016508934B26791B78052B03D0012B3AD8FFF736
S21401651851FF5EB93146204627F000F803460028A9
S21401652851D030468D4A8E4904F000FBD4F80880D5
S214016538A48998F8037098F80450002E4CD1304678
S214016548884A894904F0F2FA00210120FFF7F8FB8E
S2140165584FE00021804B1970072A00F28A8301A3B5
S21401656853F822F009650100B7660100B766010015
S214016578C9680100C9680100C96801005F6B0100AC
S2140165885F6B0100022B17D102F03EFE8742B3D0A3
S2140165980020764A764904F0C9FAFFF781FC46BB23
S2140165A83146204626F0BAFF034610B36B4A6C49BB
S2140165B8002004F0BBFA1CE06E4A00206E4904F085
S2140165C8B5FA012479E7A3681B78DA06AED4324611
S2140165D86A4904F0ABFAA9E700210AA8FFF70EF901
S2140165E8032F08D95F4B664A66490097002004F0D6
S2140165F89DFA002461E76B1E632B04D9594B604A48
S21401660861490095F2E7614BE4B2DB5D9C4209D033
S214016618CDE901430020534B594A5D49009704F0E0
S21401662885FAE6E757B3A4B222460521404626F086
S2140166388EFEBDF82830834203D04A4B554A564948
S214016648B6E7012F1AD022460721404626F07FFEDC
S214016658BDF82A30834203D0424B4E4A4F49A7E73A
S214016668032F0BD122460921404626F06DFE0B9BCF
S214016678984203D13B4B474A494999E7642D3FF471
S21401668863AF27F07BFA6423C0B2B0FBF3F203FBD7
S21401669812030133DBB29D42BFF456AFCDE9005376
S2140166A80020304B3B4A3F4904F040FAA1E7284B0B
S2140166B81B78052B01D03C4A7FE7EB1CDBB2277B16
S2140166C8F45C44B123460020374A384904F02EFAD0
S2140166D800210C460BE00F2F0DD810232046344915
S2140166E80093314A3B4604F021FA80240121002018
S2140166F8FFF726FBE1E60435EDB220462A4A2D4986
S21401670804F014FA7A1B7119D2B206A825F0A1FC76
S21401671805443A46E9B2304626F016FE264D069A54
S2140167282B68264F9A42386001D100284AD124495D
S21401673800201D4A04F0FAF985240121D7E700BF95
S2140167489E7B04008CEE0400B67B0400B87E002015
S21401675830710020E57B04002D7100205B7C04006D
S214016768637C0400EB7C0400007D0400297C0400A3
S214016778367C04008B7C0400987C0400B57C0400FD
S214016788157D04001D7D0400377D04004FEE0400CE
S214016798557D0400AA8104008F7D0400B97D04009C
S2140167A8E17D0400087E04003C7E0400567E040059
S2140167B8857E04009C7E040024510020345100206C
S2140167C8C57E040000F08EFF3E68B0420AD200F093
S2140167D889FF9D4903463246204604F0A7F98924D5
S2140167E8012184E7079A6B689A4205D12046974AA1
S2140167F8974904F09BF96BE79649097859B19A428B
S21401680809D22046944904F091F996210620934A24
S214016818FFF7E8F95CE7924A924905A801F0DCF926
S214016828079E48B96A68964206D88F4904F07EF9E9
S2140168380520FFF7C3FB40E6324600208B4904F0EB
S21401684875F939680027002000F042FB00206E60C9
S214016858FFF74AF9864B06201F80FFF719F9854B83
S2140168681F7001F0B1F90646F8B94FF6FF73824A70
S2140168780AA81188994214BF13463B466A88298894
S21401688801F012F90AA800F0D7FC58B10AA801F0DD
S214016898DDF938B13046794904F048F90420FFF7A4
S2140168A857FB0AE6FFF7F8FB07E6042805D1744B01
S2140168B81921187825F065FFFFE538467149EBE799
S2140168C8714B1B78062B01D0704A76E6DFF8A0A13B
S2140168D8EB1C94F80C90BAF80080DBB22EB930465F
S2140168E86B4904F023F98724E7E5F75C2C1D972FFD
S2140168F8E4B22FD025D8812F71D0952F67D017BB3A
S214016908B9F1100F7FF6E7AD31194A460AA825F006
S214016918A0FB0444E4B221464A46304626F014FD5C
S214016928231DDBB2053416F803A0E4B2A9EB040371
S2140169385345054666DA009338465346534A554941
S214016948C7E5982F43D03B460020504A524904F0E9
S214016958EDF8C8E7B9F10A0F7FF6BDAD1FFA89F75A
S21401696821463A46304626F0EFFC05F10801044672
S2140169783A46C9B2304626F0E7FC0AAA014620463E
S214016988FFF736FA08B9454B0A93B9F10C0F12D935
S21401699805F10C013A46C9B23046DDF8288026F0E2
S2140169A8D6FC044602463E49002004F0BFF8AAF881
S2140169B8004044440A940A9C3A492246002004F0BE
S2140169C8B5F82046FFF7A4F825F03BFB11E6364953
S2140169D8002004F0ABF80320FFF7BAFA09E6334CB7
S2140169E823786BB125F020FB50B10020304904F024
S2140169F89DF80023237025F024FBFFF74DFBF8E5EF
S214016A082C49E5E7DFF8A49099F8003043B9FFF779
S214016A18D1F88542034607D01C4A27490095E5E583
S214016A2825F009FB0128F2D110220D480AA909F020
S214016A38BBF810B9BAF13F0F42D9144A1F490020D2
S214016A4804F074F84FE700BFE47E04003C7E0400BF
S214016A581C7F040029710020517F0400C02709000B
S214016A682451002034510020E0790400927F04006C
S214016A78B06800202F710020B2680020B47F04009F
S214016A882D7F0020D37F040030710020F97F040099
S214016A980E8004003B8104001D810400E09304007D
S214016AA84980040074800400938004002C7100203F
S214016AB8AF800400EE80040077810400B3810400EF
S214016AC86D4B187099F800304BB125F0ADFA30B11E
S214016AD8284625F0ACFA042807463FF48AAD514605
S214016AE82846321925F0E6FB28B10020634904F050
S214016AF81DF8042070E799F80030554463B125F075
S214016B0893FA48B1FF2FF4D0012F3FF472AD032F4B
S214016B1816D125F094FA05462846FEF7E5FF044601
S214016B2802460521564825F0BBFA564B1B689C427F
S214016B380AD3204625F0B9FB0520FFF73FFA58E5AA
S214016B4825F07BFA8046E7E74046FEF7E1FF002896
S214016B587FF44FAD51E74C4B1B7803F0FD03082B30
S214016B6801D04A4A29E5A48935B1F27822B1002034
S214016B78474903F0DBFF2EE7E4B22246F11C0AA8D8
S214016B8825F067FA434BBDF8282019880546914237
S214016B980DD04FF6FF718A4209D03C4A00203E4B81
S214016BA83E4903F0DDFFBDF828203D4947E7BDF81B
S214016BB82A20598891420CD04FF6FF718A4208D094
S214016BC8324A0020374B354903F0CAFFBDF82A2060
S214016BD8EBE70B9A5B689A420AD0013208D02B4A37
S214016BE82E490020304B03F0BBFF0B9A2F4926E7AE
S214016BF8A4B2E91C2246C9B2304626F0A5FBE91D17
S214016C08C9B207462246304626F09EFB431C01467B
S214016C1806D10820FEF73CFF2548FEF779FFE8E491
S214016C28384606AAFFF7E4F8A8B9214B0693214B84
S214016C3800221978204B187825F0E7F9069C20469B
S214016C48FEF766FF224600201C4903F06FFF092065
S214016C58FEF71EFFCDE440F6B733069A9A42E6D809
S214016C6840F6B8320020164903F060FF40F6B83304
S214016C78DCE7812421E400BF2F710020E6810400AF
S214016C880982040034510020307100201282040069
S214016C982782040024510020A97D04004E820400A6
S214016CA807730400D37D0400698204009E8A0400E9
S214016CB880EE36002C7F00202D7F0020A182040064
S214016CC87682040008B50420FFF742F90020FEF793
S214016CD8DFFE0023054A19211370054A1370054B78
S214016CE81878BDE8084025F04CBD00BF2D7100207E
S214016CF82E7100202D7F002010B5164B164C1A78E1
S214016D08164B002053F82220154903F00FFF21786F
S214016D18144B154A0020002918BF1A46134903F0D8
S214016D2805FF23782BB1124B00201A68114903F08E
S214016D38FDFEFEF73FFF0446FEF73CFF0E4B1968C3
S214016D4825F0A1F92246BDE8104003460B4900206C
S214016D5803F0ECBE307100202D71002060EE0400B7
S214016D68BD820400CB890400AC890400CA820400F1
S214016D7820510020E482040034510020FD820400E2
S214016D8838B5014604460020FFF788FB054698B14A
S214016D98E37C00200A4A0B4903F0C8FE2379042B3A
S214016DA80AD02946204626F0B9FB034620B1002022
S214016DB8054A064903F0BAFE6FF0FF0038BD00BF6A
S214016DC805660400258304005B7C0400637C0400DC
S214016DD810B51346094A127882420DD163B1084AA2
S214016DE8002014680A46074903F0A0FE2146BDE8BC
S214016DF810400120FFF752BB10BD00BF2D7F0020B9
S214016E08845400204783040010B50D4B1C782CB120
S214016E18BDE8104000200B4903F088BE6420FEF749
S214016E2863FE4FF6F0716FF00F02074B0320C3E9BC
S214016E38001222462146BDE81040FEF7D3BE00BF29
S214016E48307100208083040024510020014B187003
S214016E58704700BF2C71002000210620014AFEF76A
S214016E68C1BE00BFC0270900014B1870704700BF9C
S214016E7829710020114B2DE9F04107460D46186887
S214016E880F49101A096825F0FEF8DFF840800D4E04
S214016E9898F800400346FF2C307004D0A8420AD365
S214016EA82C44A04207DB3A460020074903F03EFE81
S214016EB8337888F800303078BDE8F0813C510020FE
S214016EC83851002031710020AE8404002E7F002046
S214016ED850EA010208D0FF22054B091A1A70054B21
S214016EE81860054B1960704711461046FFF7C2BF78
S214016EF82E7F00203C510020385100202DE9F04F0C
S214016F08AFB006AD284600F0FDFD0026624FDFF85B
S214016F18D091284600F090F9044648B900F0BEFD25
S214016F285E490246204603F001FE2FB0BDE8F08F09
S214016F3839460020F2B203F0F9FD284616A900F0FA
S214016F48FFFD044620B15649002003F0EFFD8FE00F
S214016F58BDF85820534903F0E9FD49462046BDF8D7
S214016F685A2003F0E3FD2046BDF85C204E4903F0A5
S214016F78DDFD2046BDF85E204C4903F0D7FD2046CE
S214016F88BDF860204A4903F0D1FD2046199A4949BF
S214016F9803F0CCFD2046BDF86820474903F0C6FD3E
S214016FA8204646490DF16A0203F0C0FD44492046D1
S214016FB8239A03F0BBFDBDF85C30D90705D52046FA
S214016FC89DF890203F4903F0B1FDBDF85C309A0763
S214016FD814D500203C4903F0C3FDBDF85830B3F57D
S214016FE8807F4FD1002026F0F9F918B10DF19100F4
S214016FF803F01EFD0020354903F098FDBDF85C300E
S2140170085B070BD50020BDF8B220314903F08EFD91
S2140170180020BDF8B4202F4903F088FD0622284633
S2140170280DF116030AA925F05DF8044690BBBDF8D4
S2140170381620294903F07AFDDFF8A8A0DFF8A8B0E2
S2140170480DF12808BDF81610A2B2914210D9B8F869
S21401705800205146002003F069FD0134D8F80420C9
S2140170685946002003F062FD062C08F10808E9D10C
S2140170786C46204600F05AFD94E80F00013685E874
S2140170880F0046E70123202200200DF1910103F0AD
S214017098B1FCAFE7114957E7C08404008D860400A8
S2140170A8C9840400ED840400218504003A8504009F
S2140170B8538504006C850400858504009E850400BC
S2140170C8B3850400CF850400E8850400519C0400BC
S2140170D8FB850400148604002D86040060860400DF
S2140170E8068504003E8604004E8604002DE9F0411C
S2140170F888B004AD044628468846002700F002FDFD
S2140171086E46474507D195E80F0084E80F002046EC
S21401711808B0BDE8F081304600F008FD96E80F009B
S21401712885E80F00284600F087F801370028E8D1DF
S214017138014B0FCBE9E700BF04F104001FB5D0E906
S214017148023253F8223068461978FFF7CFFF6846AF
S21401715800F07CFD48B1042809D1074A00200749F8
S21401716803F0E4FC05B05DF804FB054AF6E70020E9
S214017178044903F0DBFCF5E77D900400A8860400CB
S214017188178A0400B47F040010B5D0E9023203EB75
S2140171988201496853F8223098B00C6804A8197817
S2140171A8FFF7A4FF03AB40220093214608AB04A8CF
S2140171B800F0E2FC024628B100200E4903F0B6FCB6
S2140171C818B010BD039808A900F007040122C0F3FF
S2140171D8C70003F055FC039908A8091B0144064893
S2140171E801232246008803F005FC044803F03EFC10
S2140171F8E6E700BFB8860400CE680020519C04006C
S214017208F0B504460D460B4BEF880FCB84E80F000C
S214017218AB882E899B0741BFD5F83900D5F83D10B4
S21401722804F1080303C3EA68204627806680626083
S214017238F0BD00BF98EE0400102208B5034908F017
S214017248B3FC003818BF012008BD00BF04F10400D4
S21401725808B527F01AF9C288FF219208012A38BF13
S2140172680122024824F090FA012008BD4C51002062
S21401727838B5134690B10120274A1070274A0020D6
S2140172881160274A13600A46264903F04FFC02F0AC
S2140172989DFB254B1870022002F09EFB27F010F983
S2140172A8E8B91D4D1D4C2B782BB927F0EEF822684E
S2140172B8C368134423601A4B24681B689C4229D26E
S2140172C827F0E3F8C168204606F0AAF8002402462B
S2140172D82C7050B927F0F4F8FFF7BAFF03E0FFF770
S2140172E8B7FF0028DDD0012038BD20460F4903F03E
S2140172F81DFC0D4B187802F06FFB00200C4903F0BB
S21401730815FC00F091F908B900F0AEF92046FFF730
S214017318B7F8E8E70124ECE7337100204451002070
S21401732840510020DF860400327100200B870400DC
S2140173382B87040038B500F04BFA044600F042FAF1
S214017348241A27F0A2F8054618B9B1211B482CF0D3
S2140173588CFEAB8803F00303032B03D0B221174836
S2140173682CF083FE00F02EFA054624F02EFF0123AA
S2140173788340013B2B4203D0B42110482CF075FE04
S21401738824F023FF01238340013B234203D0B52188
S2140173980A482CF06AFE05F019FE054624F015FF8A
S2140173A84FF48063B3FBF5F3C440A34205D2BDE8AE
S2140173B83840BA2101482CF058BE38BD4187040030
S2140173C8FF2108B5044824F0F0F9BDE8084000227A
S2140173D811461046FFF74CBF4C510020F7B504463E
S2140173E80E4600F089F8054627F04FF8C3682B4487
S2140173F89C4220D324F0E9FE2C44C440013C114FA2
S2140174083B68DEB1A34219D101340023ADF804303C
S21401741800F0E4F9054605F0D9FD103504FB0054E3
S21401742805F0D4FD01A90246204605F021FE24F008
S214017438DCFE386004E04FF0FF34E0E7A342E4DB0B
S21401744803B0F0BD907A00204FF0FF320A4B10B51A
S2140174581A600022094B1A7000F0B4F9044600F0CD
S214017468B7F9214602460120FFF702FF00280CBFA4
S2140174780120042010BD00BF907A0020347100203E
S21401748838B500F0D1F808B9002038BD094D0A4CC6
S2140174982B7823B924F0A9FE012320602B702468D9
S2140174A824F093FE01348440EED000F025F8204401
S2140174B8EBE700BF34710020907A002070B50D4CC0
S2140174C82368002B01DA012070BD00F07BF9054620
S2140174D826F0DBFF2468C66824F077FE013404FA38
S2140174E800F1294401208A19FFF7C2FE0028EAD0D4
S2140174F80420E9E7907A0020024B18680C3024F043
S214017508A4BE00BF947A0020FF2307B50021044AD1
S21401751804480093FBF75EFF03B05DF804FB00BF69
S214017528C97301004C5100200E4B70B51C68054606
S214017538036804F582641C440E46FFF7DDFF2B68DA
S214017548834208D232681A44824208D9C31A0120F3
S21401755833602C6070BD044A126813441C1A00205C
S214017568F7E700BF947A0020485100202DE9F04F34
S214017578B3F5803F87B00F469846019003D30020A5
S21401758807B0BDE8F08F03A904A8CDE90332FFF7D9
S214017598CBFF0024824600F10109DFF888B05FFAC4
S2140175A889F9019BDDE90356AAB27BB130461099E9
S2140175B826F072FF0028E2D1B9F1020F2BD1DBF8D1
S2140175C800300493019B03BB2F4421E03946304623
S2140175D805F04EFD0028D2D1BAF1000FECD0002CF0
S2140175E8EDD105F0F3FC2E44B6FBF0F303FB106077
S2140175F80028E4D005F0EAFC05A9024630460594C1
S21401760805F036FD0028DAD0B9E7109B2B44109315
S214017618A8EB05050395631C4B454FF00104C0D341
S2140176282046ADE7485100207FB56B460C4A1068E6
S214017638516803C390680C2218600A4B0DEB0201CF
S214017648186826F029FF0C2268460DEB020108F09F
S214017658ABFAB0FA80F0400907B05DF804FB00BF4A
S214017668A8EE0400947A00201FB5084A01AB1068FA
S214017678516803C3906801A91860054B0C22186865
S21401768805F0F6FC05B05DF804FB00BFA8EE0400A3
S214017698947A0020F7B5044615460E4681B9072A9E
S2140176A803D80024204603B0F0BD0D4B8079196835
S2140176B8E379063000EB03200C3180B224F0CFFDCD
S2140176C8002721462B46324638460097FFF74EFFDD
S2140176D804460028E5D039467019FFF77FFEE1E732
S2140176E8947A0020024B1868A0F50060704700BF26
S2140176F8A07A002010B58AB0684606F09DF810F00A
S214017708FF0027D1009BFBB1174C01A9206006F0AA
S2140177180BF810F0FF001DD12268009B9A4204D393
S2140177284FF4DD7111482CF0A0FC019B104A114959
S2140177381360029A13440B600F49A3F500630A60AD
S2140177480E4A1360009B63B940F2CF1107482CF02C
S2140177588CFC06E0044A034612680020084903F038
S214017768E5F90AB010BD00BF987A00201088040019
S214017778485100209C7A0020A07A0020947A0020A4
S214017788D488040008B5FFF7B5FF26F07EFE50B191
S21401779826F07BFE064B02691B689A4203D2B32188
S2140177A804482CF062FCFFF7C5FD012008BD00BFA8
S2140177B8A07A002010880400014B1868704700BFA3
S2140177C8987A0020014B1868704700BF485100207E
S2140177D8014B1868704700BF9C7A0020014B186857
S2140177E8704700BF947A002010B5FFF749FE04469B
S2140177F82849002003F09AF90020274903F096F952
S2140178080020264903F092F90020254903F08EF955
S214017818244B00201A68244903F088F92246234994
S214017828002003F083F9FFF767FE2149024600208E
S21401783803F07CF91F4B00201A681F4903F076F9FC
S2140178481E4B1F4C1A6800201E4903F06FF9226868
S21401785800201D4903F06AF94FF4806200201B4995
S21401786803F064F9226800201949103203F05EF922
S2140178782268002017490C3203F058F922680020C4
S214017888154902F5826203F051F9BDE8104005F08A
S214017898D1BA00BF5389040090890400AF89040057
S2140178A8CF890400987A0020FA890400198A04000E
S2140178B83C8A0400485100205F8A04009C7A002014
S2140178C8947A0020828A0400A58A0400C88A0400E3
S2140178D8EB8A04000E8B0400318B04002DE9F0417D
S2140178E894B004460D460020482102AA24F0C8FC9C
S2140178F818B9534903F01AF919E060220021204605
S21401790807F006FE04224F4902A808F04DF990B187
S2140179186DB19DF80B30002001939DF80A309DF853
S2140179280820009348499DF8093003F0FFF8012024
S21401793814B0BDE8F081BDF80C20B2F5807F228036
S21401794803D0424903F0F2F8F1E7BDF81420BDF878
S2140179580E102281DDF816206180E2600499BDF8D8
S2140179681A206160228284F8320007AD04F11202FF
S2140179780FAE2B4603CBB342106051601D4602F191
S2140179880802F6D10F9B324A63631360314B10220B
S2140179981846002107F0BCFDE288A38802802289E8
S2140179A84280E26842600BB90020C1E700263546EE
S2140179B8A388D90709D536B105F150026A4412F8E9
S2140179C8482C84F838200135EDB29A0714D520885A
S2140179D824F06CFB07466EB102AB03EB05080246C2
S2140179E8414604F1390007F023FF3A4641461A4852
S2140179F807F01EFF2F44FDB2A3885B070DD556B1CD
S214017A0805F150036B4433F8482C33F8463CA4F888
S214017A185A20A4F85C300435EDB2002EC4D1482DA6
S214017A2802D930460D4965E72946382002AA24F0CE
S214017A3827FC08B90A495DE738250126B8E700BFDB
S214017A48548B0400B4EE0400868B0400BC8B04003F
S214017A586C5100207051002078510020D78B04000B
S214017A68278C040030B50B4C99B025786DB9FFF713
S214017A7889FE68B129466846FFF730FFB0FA80F0FC
S214017A88054B4009187001232370002019B030BD3A
S214017A980120FBE73571002036710020014B18786C
S214017AA8704700BF3671002070B51E46134B04465A
S214017AB818881D46884298B002D15B88934206D042
S214017AC80F4B0FCB84E80F00204618B070BD96B157
S214017AD800216846FFF702FF0028F1D1BDF80430FF
S214017AE85B0708D53388BDF85A209A42E8D8BDF80E
S214017AF85C209A42E4D395E80F00E3E77051002032
S214017B0804F10400064B10B51B7804462BB9054B47
S214017B180FCB84E80F00204610BD034BF8E700BFE3
S214017B283671002004F104007051002010B5044697
S214017B38024B0FCB84E80F00204610BD04F1040069
S214017B480B4B10B51B78044608467BB10021FFF79E
S214017B58C5FE48B910222146064808F025F800381F
S214017B6818BF0120C0B210BD0120FBE70120FAE7CB
S214017B7836710020705100202DE9F0410E469046DE
S214017B880E4910221F4608F00FF8044670B90C4B30
S214017B983A461D683046AD1B454528BF4546294629
S214017BA824F06EFB28B9074902F0C0FF0120BDE8A2
S214017BB8F081069B20461D60F9E700BF7051002042
S214017BC86C510020278C04000022024B1A70FFF724
S214017BD83BBC00BF367100202DE9F0419CB00F4632
S214017BE816468046FFF74CFC054602461549002016
S214017BF802F09CFF382D20D9012104A8FFF76EFE5C
S214017C080446D0B9119B04A93B606F463846FFF776
S214017C18F7FA97E80F0086E80F00119BAB4297BF6B
S214017C2801210324084AC8F8003094BF1170C8F827
S214017C38005020461CB0BDE8F0810022024B01240A
S214017C481A70F6E7598C04003671002070B5084D95
S214017C5800262B7853B1FFF7F7FB044610220021C4
S214017C6804482E7007F054FC204670BD3446F5E7EC
S214017C78367100207051002008B50020064902F030
S214017C8855FF064B00201A78054902F04FFFBDE85C
S214017C980840FFF7A9BD00BF788C040036710020A4
S214017CA8A28C040003460120024AC3E903200022ED
S214017CB81A7070470100FEFF2DE9F0410024264E98
S214017CC8264FDFF8A88088B000F0D4F9A5B285421F
S214017CD802D308B0BDE8F081284603A924F006FBC4
S214017CE8A2B23146002002F03BFF9DF80D2012B3E8
S214017CF89DF81210BDF81030402914BF6E21792165
S214017D080020CDE900313946BDF80E3002F028FFD3
S214017D18BDF814201AB10020114902F021FF9DF880
S214017D280C00BDF8182070B9079B0E490093BDF8E2
S214017D381A3002F015FF00200B4902F0F7FE013455
S214017D482CF0A0F9C0E7BDF81C304146009300208E
S214017D589DF81A30EDE700BFBB8C0400C18C040007
S214017D68E48C0400EE8C0400519C0400158D04007C
S214017D7810B500F0ABFABDE810400346024A0020F1
S214017D88024902F0D3BE00BFAC98040006570400AF
S214017D98D0E9023253F8223010B5188800F086FA76
S214017DA8BDE810400346024A0020024902F0BEBE62
S214017DB83D8D04000657040010B5D0E902320024B0
S214017DC886B08DF8044053F8221003EB8203097835
S214017DD801A88DF805105A681288ADF806209A6829
S214017DE81288ADF80820DA681278ADF80C40A2427D
S214017DF814BF402280228DF80A201A691288ADF82D
S214017E0810205A699B691288ADF812201B680593E1
S214017E1800F0D0FB034A03460349204602F086FEDB
S214017E2806B010BDA76B04000657040038B5002439
S214017E38064D2CF013F945F824000634C02CF8D169
S214017E480020BDE83840024902F070BE1811002033
S214017E58448D040030B5002087B0204902F066FE44
S214017E6800201F4902F062FE00201E4902F05EFE55
S214017E782CF0F4F800240546A0B201A9013424F038
S214017E8835FA202CF8D12CF0E9F81749421B0020C6
S214017E9802F04CFE1549002002F048FE2CF0DEF8F0
S214017EA80446012000F09EF82CF0D8F80E49021B73
S214017EB8002002F03BFE0E49002002F037FE2CF0AF
S214017EC8CDF8044624F003FA2CF0C8F8021B00206B
S214017ED8054907B0BDE8304002F028BE708D0400A1
S214017EE89F8D0400CF8D0400EC8D0400FB8D0400EB
S214017EF8158E040010B50C4603F07CFD08B9032C5A
S214017F0812D101F059F904280ED001F055F90528C7
S214017F180AD0064802F0BAFC1C2801D125F084F9DB
S214017F28BDE8104002F0C2BC10BD00BFE1C20300AC
S214017F382DE9F04F00274FF0FF36DFF8A4B0264CA6
S214017F4887B0BBF80030B8B2834209D8731C3BD05F
S214017F583246FF21214807B0BDE8F04F23F014BC94
S214017F6801A924F0C3F99DF8050001F05BFFF8B1FB
S214017F789DF80480B8F1000F1AD1BDF810A0BDF81D
S214017F8812902CF06BF818210246BBB24B43E0184E
S214017F98E158007C4FF47A73A2EB010C50B103FB55
S214017FA80AF363450ED30B44981A864228BF064641
S214017FB80137C6E74D466B43FAD06345F5D31944F6
S214017FC8881AF2E74046F0E7FF21044807B0BDE803
S214017FD8F04F23F0EABB00BF1811002080510020A3
S214017FE8B46800202DE9F041014688B058B102284E
S214017FF810D024F095F978B3D221194808B0BDE815
S214018008F0412CF032B8FF23164A17480093FBF7C5
S214018018E1F9EEE700244FF001082746134EA5B212
S214018028284603A98DF80D7024F060F99DF80D0017
S21401803868B101F0F7FE20B19DF80C300BB986F84F
S21401804810800134202C06F11806E8D12546084B85
S2140180581D80FFF76DFFCCE708B0BDE8F08100BFD3
S214018068358E0400A18301008051002018110020DC
S214018078B4680020014B1888704700BFB468002018
S2140180882DE9F04F634A077D89B00446624900200E
S21401809802F066FD002025F0A1F920B12368218AA7
S2140180A8588803F0F5FC00205C4902F03FFD637D2B
S2140180B8DFF87491002B236808BF08205988574BAE
S2140180C818BF00200093228A4FF0090314BF4FF00F
S2140180D880084FF0400802F089FBA289BB1C934236
S2140180E80CDB25F015FA034620B100204C4A4D4911
S2140180F802F01CFD012009B0BDE8F08FA068791CCC
S21401810889B2C55D25F023F90337012D0646BFB2AE
S21401811813D82368324659885879238A00934346E8
S21401812824F05DFD824600283ED1862002F026FC1A
S214018138284602F023FC304668E08520F6E703A9C6
S21401814824F0D4F89DF80C30AB4223D123689DF86F
S2140181580D105A7991421DD1BDF80E105A889142D8
S21401816818D1BDF81020B24214D19DF8122042450C
S21401817810D1BDF81410228A91420BD1002D38D0A7
S214018188BDF81810E288914204D19DF81A201B798F
S2140181989A422ED00BF1010BB9F800305FFA8BF03A
S2140181A88342CCD88B20C1E74FF0000BF4E79AF84E
S2140181B8020002F0E3FBBDF8180025F08BF8BDF8C5
S2140181C81A0025F087F89AF8020003F081FE0028C5
S2140181D883D19AF8020001F0F7FC0546079E002DA8
S2140181E83FF47BAFF0B2013D02F0C8FB360AEDB2B0
S2140181F8F5E7002002F0C2FB284602F0BFFB304636
S21401820825F068F8012DD2D1BDF81C0025F062F8DA
S21401821863E700BFE08E040064820400519C0400FA
S214018228ED8E04000A8F0400B46800202DE9F0439F
S21401823891B06946804624F059F80023194F8DF805
S21401824801303888431E98B28045388009D169467E
S214018258404624F053F8684624F037F811B0BDE8D4
S214018268F0834FF0180905A924F040F80E4C3E8813
S2140182780AAD09FB06460FCE0FC596E8030009FBB3
S214018288084485E803000AAE404605A924F036F8F6
S2140182980FCE0FC495E8030084E8030069463888C2
S2140182A8D7E700BFB46800201811002008B5064BB0
S2140182B81B88834205D9FFF7B9FFFFF739FE00206F
S2140182C808BD2720FCE700BFB468002038B5074D75
S2140182D82C882CB9FF21064823F067FA204638BDBA
S2140182E8601E80B2FFF7A2FFF2E700BFB468002065
S2140182F8805100202DE9F3479A4618239DF82890C7
S214018308244FCDE9001203FB09731446D3E902236F
S21401831825F0DDF9064620460D4603F0D9FD04F0A2
S214018328FD03382B80460FD1009432462B46002198
S214018338DAF8100024F005F8B8F1010F1BD135431F
S2140183481ED102B0BDE8F087392CDAF810300BD10F
S21401835807EE906A07EE103AF4EEC77AF1EE10FAD5
S214018368ACBF01200020E7E79E4275F100032CBF51
S21401837801200020E0E7B8F1000FE2D10028E0D0A4
S214018388182303FB097701233B7402B0BDE8F047C5
S214018398FFF7CEBD181100202DE9F04F00252E4617
S2140183A8A846AA462C46DFF8BC91D1B0694BA8B2BC
S2140183B81B88834209D81CB161882079FFF79AFD8A
S2140183C8FFF7B6FD51B0BDE8F08F0BA923F08EFF7D
S2140183D82BF044FE1823AFB27B4309EB030B59F885
S2140183E8033005909DF82D00049301F01BFD00282D
S2140183F800F0AE809DF82C10002940F0A980DDE938
S2140184080432D01A4FF47A72BDF838305343834297
S21401841800F29E809BF8103043B9BDF83A30002B25
S21401842800F096805343834200F29280FD23002297
S214018438CDE9013210AB00930DF119020DF11A03C3
S214018448E9B20BA8EDF764FF002877D1BDF81A301A
S214018458DA1C0493D2B214B33F4B9DF82D101B8837
S21401846813442279914214D1BDF82E1062889142A4
S2140184780FD19DF83220B8EBD21F0AD1BDF83420AF
S214018488524506D1B3424DDD0020344902F04EFB79
S21401849801E0B342F8DC61882079FFF72BFD02F092
S2140184A841FA04469DF932002D4BC043C00F009394
S2140184B8BDF834200A23BDF82E10C0009DF832807E
S2140184C802F094F99DF82D304FF0000B23714FF40C
S2140184D88A53FF26BDF834A04FEAD818E38007A9C7
S2140184E85FFA8BF025F0A2FAC0B2B0B99DF81D105C
S2140184F89DF82D20914210D1BDF81E10BDF82E20F2
S21401850891420AD122469DF829109DF81C0025F0B3
S21401851808F8B04228BF3046C6B20BF1010BBBF1D2
S214018528200FDCD1BDF8300024F0D4FE9DF81900E8
S21401853802F024FA049910A802F034FA182300224B
S2140185485F4309EB07031A742BF088FD49F8070007
S21401855801352BE7B4680020BE680020C98F0400E7
S214018568519C04001811002070B500240126104DF6
S2140185788AB02B88A0B2834204D80AB0BDE87040FE
S214018588FFF7D6BC05A923F0B1FE9DF8150001F04A
S21401859849FC50B19DF814303BB91A46CDE901366D
S2140185A80093E1B205A8EDF7B3FE0134E1E700BF99
S2140185B8B46800202DE9F0430389DFF858818BB0B1
S2140185C8B8F80090009304468379828841884078F9
S2140185D824F005FB002800F09580E78927B1A389D8
S2140185E8BB4200F291800027B8F80030BDB2AB421A
S2140185F814D84D4601264FF6FF73E2899A4226D1D2
S21401860846B9B8F80030AB4202D92846FFF70EFE45
S214018618FFF78EFC00200BB0BDE8F083284605A9BD
S21401862823F064FE9DF814307BB92268059B5340FD
S214018638FF2B0AD86368069E5E4036F07F4604D153
S214018648BDF81C2023899A42D5D00137CCE7E268C9
S2140186589A422BD0002E53D1D4E90323CDE908231F
S21401866805A823F032FE0028D5D1B8F80030AB4271
S21401867804BF6B1CA8F800302BF0F0FC18236B43E2
S214018688234AE9B2D050D418002305A81A46CDE9E2
S21401869801330093EDF73CFE18B100220023C4E92C
S2140186A80223284605A923F029FEB1E7234605AA91
S2140186B804F1100C174618685968083303C7634550
S2140186C83A46F7D11868386005A823F001FE002855
S2140186D8C0D01F2D1AD800238DF8143063788DF872
S2140186E815306388ADF81630A388ADF81830A3792D
S2140186F88DF81A302389ADF81C300028B0D1ABE7C5
S2140187080020E6E7862086E7872084E7892082E737
S21401871818110020B46800202DE9F04FB04A90F8EF
S21401872814908DB00446AF49002002F019FA0020D3
S21401873824F054FE20B12368218A588803F0A8F94A
S2140187480020A94902F0F2F9637DDFF8B8A2002BF0
S21401875814BF802340230293236808BF0820598842
S214018768A14B18BF00200093228A072302F03EF887
S21401877800230393A28909F10305954211DB039BA4
S21401878813B9184602F0FAF824F0C2FE034620B1DF
S2140187980020964A964902F0C9F901200DB0BDE8B5
S2140187A8F08FA06809F1010189B210F8096024F078
S2140187B8CEFD3246804603468E490020ADB202F011
S2140187C8B5F98EB1012E00F08A808527384602F069
S2140187D8D5F8304602F0D2F8404624F07BFD852FC6
S2140187E8D2D00123039376E0A06809F10401A28997
S2140187F889B2475D24F0ABFD09F10601A289049010
S21401880889B2A06824F0A3FD3A4605900090049B1F
S2140188183046794902F08AF909F1080938461FFAFB
S21401882889F503F055FB002857D1384601F0CCF9F5
S214018838294603468146A289A06824F079FD6F4936
S2140188488346304602F08CF9A1684A4629443346E5
S214018858304602F0CFF83046634902F067F9A9447A
S2140188681FFA89F52368424659885879238A00935E
S214018878029B24F0B4F918B18378BB4240F0AC806F
S214018888483FFFB2092F05D840F21133FB40DB07FA
S21401889800F1A48000238DF81C30236807A85A79B4
S2140188A88DF81D205B88ADF82080ADF81E30029B40
S2140188B8CDF82CB08DF82230238AADF82430049BED
S2140188C8ADF82830059BADF82A30FFF773FE07464A
S2140188D800287FF47BAFA9464CE7B346C2E7294692
S2140188E8A289A06824F033FD4FF0000B0246074624
S2140188F84349002002F01AF909F10509BAF80030CF
S2140189081FFA89F5BAF800201FFA8BF94A4503D8E9
S2140189181F2B31D9892759E7484607A9049323F01D
S214018928E5FC9DF81C20049B012A22D122689DF8AB
S2140189381D00517988421CD1BDF81E005188884215
S21401894817D1BDF82010414513D19DF82210029881
S21401895881420ED1BDF82400218A884209D1BDF88A
S2140189682800E188884204D19DF82A10127991429C
S2140189781BD00BF1010BC5E7012299468DF81C2087
S214018988226851798DF81D105188ADF82080ADF810
S2140189981E1002998DF82210218AADF82410E1885C
S2140189A8ADF8281012798DF82A2007A8ADF82C7092
S2140189B823F08BFC074600287FF408AFBAF800308E
S2140189C84846994508BF09F1010307A908BFAAF84F
S2140189D8003023F093FC7EE78D27F7E68C27F5E633
S2140189E8F48F040064820400519C0400559004002E
S2140189F80A8F0400FC8F0400199004003A900400C2
S214018A0845900400B46800202DE9F04F07468846D3
S214018A189146002589B09A46BDF848B09DF84C6045
S214018A28149C224B1A88A8B2824235D903A923F08E
S214018A385DFC9DF80C201D4BB2BB9DF80D10B9428C
S214018A4832D1BDF80E1041452ED1BDF8101049455A
S214018A582AD19DF81210514526D1BDF81410594552
S214018A6822D13046029201F0AFF8A6F14103012B5C
S214018A7801460AD8204624F070FC0D4B0D4A2044C6
S214018A8884420CD10421029302ACEDB23246204650
S214018A98009503ABFFF72EFC09B0BDE8F08F14F87C
S214018AA8011F4B405343EBE70135BBE7B468002091
S214018AB8C59D1C81930100011FB50F4C2478C4B1D4
S214018AC842EA03229DF818308DF8051042EA43223F
S214018AD80A4BADF80C201A78094B8DF80610079941
S214018AE803EB021300908DF80400DB6868460291D8
S214018AF8984704B010BD00BF3771002039710020B7
S214018B08A051002073B51A4DFF211A4822F04DFED8
S214018B182B7853B3184C194E2378180106EB031318
S214018B281A7A5968305C25F00DF84D281DD0E0B149
S214018B38012300212278CDE900311201B25CC0B2CE
S214018B48FFF7BAFF0A2223780A480133DBB2B3FBE0
S214018B58F2F102FB1133FF2123702B78013B2B70B6
S214018B6802B0BDE8704022F018BE02B070BD00BF6A
S214018B78377100204052002039710020A051002092
S214018B88F8B5104F3E780A2E1AD00FC8DFF840C045
S214018B980D4D9CF80040013605EB041585E80F00DD
S214018BA80A230134E4B2B4FBF3F203FB1244074888
S214018BB8FF218CF800403E7022F0EFFD0020F8BD42
S214018BC80120FCE737710020A05100204052002008
S214018BD8387100200021024A0248FAF731BC00BF6A
S214018BE80D8B010040520020002337B50C46124D6C
S214018BF812492A78CDE9003312018A5C012301461D
S214018C08E0B2FFF759FFA4B90D490A788AB10A20DC
S214018C182B78013A0133DBB2B3FBF0F40A70FF217B
S214018C2800FB143307482B7003B0BDE8304022F030
S214018C38B4BD03B030BD00BF39710020A05100207B
S214018C48377100204052002008B500F0BDF850B139
S214018C58054B064A0649052808BF1A46BDE80840D6
S214018C68002001F063BF08BD69900400519C040010
S214018C788A90040008B5032024F07EFF10B901226B
S214018C88014B1A7008BD00BF3A7100200022024B42
S214018C9818781A70704700BF3A7100200246FF2103
S214018CA8014822F071BD00BF60520020114B37B554
S214018CB81D78C5B9FF21104822F077FDFFF7DAFFC6
S214018CC8044600900D4B28460D4A0E4901F02EFF2A
S214018CD84CB10D4B1B78DB0605D5284624F026FF3C
S214018CE8204623F063F9094B186803B0BDE8304005
S214018CF8FFF7D4BF3A71002060520020A790040005
S214018D08D59004002A68040028710020A47A00205F
S214018D18FF21014822F049BD6052002070B51A4E65
S214018D28054633780C466BB30020184A184901F0FB
S214018D3817FF032C01D0652C20D11649002001F01D
S214018D480FFF22460020144901F0F0FE00201349C7
S214018D5801F006FF012329460822002001F04AFEF9
S214018D6800200F4901F0E2FE032C88BF00232046AD
S214018D7888BF3370BDE87040FCF7BEB8012CE0D060
S214018D880849DBE770BD00BF3A710020D5900400A2
S214018D98306C0400E8900400E772040006910400B1
S214018DA8519C0400FE900400014B1860704700BFF8
S214018DB8A47A00200021024A0248FAF741BB00BF04
S214018DC8B58C010060520020054B10B51C782CB9F3
S214018DD80448FF2122F0E1FC204610BD0520FCE7EF
S214018DE83A71002060520020F8B50024074B084E5F
S214018DF81D68084FE3B29D4204F1010400D8F8BD8E
S214018E08394656F8230021F087FEF3E7700C050073
S214018E18740C0500707B002010B5044C23780BB148
S214018E2824F09AFE0123237010BD00BF2F7F002077
S214018E382DE9F743254B0D4616460446019350B1D6
S214018E484AB1042301AA12F8011BA94235D0013BF5
S214018E5813F0FF03F7D1212003B0BDE8F08317F81C
S214018E68010F90FAA0F0000E22F092F8014608EBE6
S214018E7807039945F3DCCAB2C1F30F2392FAA2F2AB
S214018E8893FAA3F3120E1B0E03EB0223DB436219BC
S214018E9812F8020C99B2DBB298420CD112F8013CD6
S214018EA8B3EB112F07D132462146284603B0BDE859
S214018EB8F04324F0B1BD2320CEE74FF6FF71671EBD
S214018EC8A5F10209C4F10108D1E700BF080A0E128C
S214018ED8F0B515468FB00E4607462BF06BF9254BB5
S214018EE802A81C7824F03CFE15F0FD0F3BD028B9EB
S214018EF8BDF808309B0701D5032D36D01DF02EFE90
S214018F0858B309A824F098FE0323306871688DF8D1
S214018F1824300AAB03C39DF83130012D43F0020318
S214018F288DF8313019D105A909A824F07DFE00284D
S214018F3818BF022424F026FA032D18D80E4B0F4A20
S214018F480020CDE9004753F8243052F825200C4973
S214018F5801F0ECFD20460FB0F0BD032DEAD1042C3C
S214018F6808BF0024E6E70324E4E72C46E2E70324E7
S214018F78F0E700BF3B710020A8F0040098F0040059
S214018F880D980400014B1870704700BF3C71002013
S214018F98024B1A6818608260704700BFA87A0020E2
S214018FA8024B186800B14068704700BFA87A0020D5
S214018FB870B5044600250A4B1B687BB100211E8844
S214018FC807E05A6802EB0110013145B9021B554208
S214018FD855418AB29642F4D89B68EEE7184670BDAA
S214018FE8A87A00202DE9F04F1E46002393B0022EE2
S214018FF8074688461446DDF870909DF874A0ADF8CB
S2140190081A3040F2C08099F800305A0729D5042E44
S21401901840F2B98099F804B000255F4B33F8352043
S214019028002A00F0B68001350A2DF7D1209B002BC7
S21401903840F0AD80FF250023207908AA0DF119011B
S2140190488DF8193024F016F970B1BDF82C309DF85A
S2140190581900238024F091F90790C0B113B0BDE838
S214019068F08F99F802B0D7E7207923F033FE0B2862
S214019078059000F28A80207924F090F9079000285C
S214019088ECD1464A059B02EB03135B8823804FF617
S214019098FF73002F08BF434662880021CDE90023ED
S2140190A858465246238802F0FDFD18B1E38843F07E
S2140190B82003E380209B07A90DA8CDE90D34CDF840
S2140190C83C90ADF84080ADF842608DF844708DF85C
S2140190D845A024F0E0F808B10798BFE7484602F033
S2140190E825FDA01D02F010FD22464146384624F013
S2140190F818FAB04227D3E3882246C3F30E03E38067
S2140191089DF87C3041460393BDF878303846029383
S2140191180DF11A03CDE90093F3B223F04EFB209B21
S214019128079003B3F8B9BDF81A2042B1092D06D83D
S2140191381B4B03EBC5018A80209A43F83520112082
S21401914824F07BF81CE0BAF1000F0AD10DF11A03DE
S214019158CDE9006322464B4641463846FAF778FF82
S214019168DDE73820DBE7052807D1E388DB0607D5E6
S214019178002301200793FFF705FF079B002BDED08E
S21401918824F000F9A8E7012068E7212066E71C20FB
S21401919864E7EDB24FE700BF88520020F452002082
S2140191A8845200204FF6FF72024B1A805A809A802A
S2140191B8704700BFB668002010B5044C2379FF2B12
S2140191C802D124F0F7FC2071207910BDB668002082
S2140191D810B50C4C2379FF2B08D1002024F0CDF8CC
S2140191E820B924F0E7FC207124F0CCF82079022875
S2140191F805D00438012894BF0020012010BD0020A6
S214019208FCE700BFB66800204FF6FF7310B5044CA4
S21401921822889A4202D124F0C3FC2080208810BDFF
S214019228B668002010B5FFF7BDFF40F61D4398420B
S214019238044607D8B0F5416F05D2182826D8152850
S21401924848D829D010BDA0F541630D2BFAD801A244
S21401925852F823F0A1920100A19201004D9201005B
S2140192684D9201004D9201004D9201004D92010070
S2140192784D920100F1920100039301009D920100B5
S2140192889D9201009D9201009D92010040F60643C1
S2140192989842D7D11C4920E0FFF7B6FF1B49024682
S2140192A8002001F043FC152C05D124F063FCBDE831
S2140192B8104023F0F9BF164B164A1749B4F5416F0B
S2140192C808BF1A46002001F031FC23F0ECFF23F01A
S2140192D8EBFFECE71628DDD11049002001F026FC4B
S2140192E8BDE8104024F005B923F04EFBBDE8104058
S2140192F802460B49002001F019BC0020BDE81040C9
S214019308084901F013BC00BF31990400DE98040037
S214019318519C0400D9980400FA9804001A9904008C
S214019328469904006E99040007B5094A0346108851
S21401933831B9084A084903B05DF804EB01F010BCDE
S2140193480091064A064901F00BFC03B05DF804FBE0
S214019358CE680020616504008E9904000566040045
S2140193682A6804000D4B37B51B68044693B11D786F
S2140193780389012D08BF02250093C37A084A0020F5
S214019388084901F0D3FB2146284603B0BDE8304022
S21401939824F0C8BB022003B030BD00BFC053002074
S2140193A8039A0400B2990400002010B523F0E5FFE3
S2140193B80D4B1B6863B15A78052A03D862B1052498
S2140193C802220AE0FF2AFAD00020084901F0AEFB83
S2140193D8BDE8104023F0D6BF1446104624F0FEFB25
S2140193E8204624F0F9FBF3E7C0530020089A04004E
S2140193F813B5134C002023F0C0FFFFF7D3FE2368F4
S2140194089BB101A823F0B3FA78B923681A789DF8B6
S21401941804309A4209D0D91E032906D9D11E01293A
S21401942803D9012A07D1022B05D1032301A8ADF8D8
S214019438043024F07DFB02B0BDE8104023F0A2BF43
S214019448C053002000231946034A01330A2B918092
S21401945842F8081BF9D17047845200207FB50E46A2
S214019468054624F067FB2A46044603460D490020B4
S21401947801F05CFB96B10C4B36211A889B78ADF847
S2140194880C208DF80E300323002200934FF6FC7053
S21401949803AB8DF80D5024F08EFA0446204604B02E
S2140194A870BD00BF299A040014F10400FF2810B506
S2140194B80C4604D10020044901F038FBFE20214661
S2140194C8BDE81040FFF7CABF429A0400F8B51E4629
S2140194D80B8807460C461546002B64D14A88B1F915
S2140194E8021000200029B8BF6B78304901F01EFB36
S2140194F86288132A1DD002F5FF437F339BB2052BE2
S21401950823D8A2F50042013A052A1ED8DFE802F060
S214019518193F1D033C09264A2649002001F006FB8F
S21401952813E0254A2349002001F01AFB2A7923492A
S214019538F3E7022E94BF4FF6FF72B5F801202049D3
S214019548EBE700201F4901F0F1FA33462A46214687
S214019558384625F06AFB70B933462A46214638460E
S21401956825F065FB48F2210362889A4203D1384602
S214019578697823F088FE6388B3F5004F02D908207E
S21401958823F098FE0120F8BD2A790F49C5E70F4A4E
S2140195980849002001F0E4FA032E94BF4FF6FF7243
S2140195A86A880B49B9E70020EDE700BF7D9A0400F9
S2140195B8A59A0400AC9A0400BD9A0400C39A040054
S2140195C8D19A0400E99A0400039B0400259B040031
S2140195D82A9B04002DE9F04116888AB0DFF88C80B2
S2140195E8ADF80E300DF10E03C8F8002015460093AD
S2140195F8324610AB07460C46FAF7BCFD90BB109BEB
S2140196088DF824000693BDF80E3004A8ADF81C307A
S214019618AB898DF81070ADF820306B890594ADF8DC
S2140196281E60ADF8223023F034FED8B92146304604
S214019638BDF80E30109A01F0C9FF98B92146304698
S214019648BDF80E30109AFFF741FF58B9CDE9006012
S21401965839462046BDF80E30109A02F049FB08B983
S214019668C8F800000AB0BDE8F08100BF80520020AB
S214019678F0B585B004AB03E9030000231C469DF84A
S2140196880D609DF80E70154AD9B202EBC100456807
S214019698EDB99DF80C30284600939DF80A209DF8F0
S2140196A80B300F4901F05CFA26B1324628460D49BF
S2140196B801F056FA0C4A0020002C18BF2246BDF8C5
S2140196C808300A4905B0BDE8F04001F02FBA12F893
S2140196D831100133B94208BF2C46D5E7BCF0040067
S2140196E83C9B04004D9B0400D0640400519B04007D
S2140196F84FF6FF7310B5084C88B062889A4207D1B6
S21401970802A90DF1070023F030F9BDF81030638087
S214019718608808B010BD00BFB66800202DE9F04F7C
S21401972885B0894692461C460746BDF83850BDF8AE
S2140197383C80109E002833D00346464A00204649FE
S21401974801F00EFA2388002B76D040F209129342D4
S21401975874D0424A4249B3F5827F08BF0A46CDF81B
S21401976804806188002000913E4901F0F9F92388B8
S21401977893B1B8F1020F0FD933783B4913F0010FB3
S2140197883A4A18BF0A4659074FF000004CBF3379CA
S214019798B378374901F0E4F90020364901F0C6F9F3
S2140197A80023354931F83320AA4249D1334A52F8C1
S2140197B833B0002331F83300DA00A84246D100203E
S2140197C82E490A44908041F8330047B9238833B9B3
S2140197D8B4F90230002B02DB082023F02EFD01200D
S2140197E823F068FD9EB13578EB0710D515F0040017
S2140197F804D042460121304623F0A9FDCDE9017087
S2140198084346224651464846009623F0C0FABBF125
S214019818000F06D04346224651464846CDE9006722
S214019828D8474346224651464846CDE9006722F0C6
S21401983874FF05B0BDE8F08F114A90E7114A8EE72C
S21401984801330A2BAED14FF0000BB2E701330A2BD6
S214019858B0D1BAE7B95B0400789B0400D164040070
S214019868669B0400869B0400699B0400719B0400A8
S214019878B79B0400519C04008852002084520020A3
S2140198885F9B0400639B04000D4BF0B54FF00C0C76
S2140198981F88054600230B4EDCB2BC4201D30020CC
S2140198A8F0BD0CFB04F43019345DAC4205D1448894
S2140198B88C4202D104799442F2D00133ECE700BF1E
S2140198C8BA7E0020B87A002073B501262B4D2C4CA1
S2140198D82A462046FF2300210096F9F77BFD2A46F3
S2140198E82046FF2300210096F9F774FD2A462046F4
S2140198F8FF2300210096F9F76DFD2A462046FF232F
S21401990800210096F9F766FD2A462046FF23002126
S2140199180096F9F75FFD2A462046FF2300210096A8
S214019928F9F758FD2A462046FF2300210096F9F745
S21401993851FD2A462046FF2300210096F9F74AFDE5
S2140199482A462046FF2300210096F9F743FD2A46BA
S2140199582046FF2300210096F9F73CFD2A462046BB
S214019968FF2300210096F9F735FDFF232A4600213B
S21401997820460096F9F72EFD02B070BD51C00300CF
S214019988D45200202DE9F84300244FF00C090C4B63
S2140199980C4F1E78DFF830803A88E5B2954202D33C
S2140199A83046BDE8F88309FB0585FF21A86821F044
S2140199B803FF18B9AB799E4238BF1E460134EBE760
S2140199C83D710020BA7E0020B87A0020014B187835
S2140199D8704700BF3D710020014B1870704700BFEB
S2140199E83D710020F8B506460C4623F041FC0546B5
S2140199F8C8B9304623F06EF90B2815D80B4B03EB84
S214019A0800131F7B87B95A88012122809A8830461D
S214019A1862809B79237100F037FA394660713046C7
S214019A2800F032FAA07101252846F8BDF45200204C
S214019A3870B504460E46154623F04CF90B2802D994
S214019A484FF6FF7070BD094B03EB00131A7B002A13
S214019A58F6D146B901222946204600F03DFA0028EB
S214019A68EED00088EEE7012EEAD1F4E7F4520020A2
S214019A78FF2313B50DF1070104468DF8073023F0CF
S214019A88F5FB18B19DF8070002B010BD074B03EBB4
S214019A9804131B7B0BB1FF20F6E7204600F03AF9CA
S214019AA80028F8D0204600F0E9F9EDE7F452002046
S214019AB813B5F6F765FC0446F6F768FC2246034636
S214019AC81249002001F032F800F084FFFFF7BAFCD3
S214019AD800F0A6F80221084602F074FDFFF764FCC0
S214019AE841F2490024F094F84FF0FF130093FF2346
S214019AF868468DF8043024F069F84FF4004024F0E5
S214019B0847F8002024F064F802B010BD069C040053
S214019B1838B5054623F0CAFB90B9284623F084FFDA
S214019B28044628B140F60443984214BF88248D247D
S214019B3823462A460020034900F0F8FF204638BD90
S214019B488D24FBE71E9C04002DE9FF4705460E46BB
S214019B5817469846BDF83090DDF834A0BDF8384071
S214019B68CDF80090CDE9014AE4B2FFF7D7FD4346A8
S214019B783A4631462846CDE90094CDF808A025F0A6
S214019B881DF8FF21034B044A044804B0BDE8F0471A
S214019B9800F01ABEC2680020BE68002015730020B7
S214019BA8044B01461888102240F0404040F48010CB
S214019BB8F7F716BA0EEE0400024B18685968FFF755
S214019BC857BD00BFE24805000123064AD15C814221
S214019BD802D1054AD05C704702335F2BF6D10020CC
S214019BE8704700BF16F1040017F1040070B5002293
S214019BF80446094B1D78094BD0B2854201D8FF208F
S214019C0870BD1E78A64204D10029F9D05E7BF607FE
S214019C18F6D401321033EFE73E710020F4520020EB
S214019C282DE9F04198B06B46304A1068516803C375
S214019C3890680CAA18602E4B14469C4603F1180629
S214019C48154618685968083303C5B3422A46F7D13A
S214019C5812AA1746274B03F11806154618685968BD
S214019C68083303C5B3422A46F7D1234A03AB106823
S214019C7851684FF0010E03C3906871681860DCF8EC
S214019C883000002206AB03C30C21EC46B068CDE9D0
S214019C9809221860194BDFF86C801970184B0DEB08
S214019CA801060B9206AD09A91CF8010B01321870C2
S214019CB834F8020B0C2A588037F8020B83F80DE0AB
S214019CC8988016F8010B03F1100303F80A0C15F82F
S214019CD8010B08EBC00043F8080C11F8010B03F858
S214019CE8040CE1D118B0BDE8F08100BF389C04002F
S214019CF886F404009EF40400459C04003E7100208E
S214019D08F452002080F10400014B1878704700BF18
S214019D183E710020034B03EB0013587B00F0010053
S214019D28704700BFF4520020F0B504460846D9B182
S214019D3800220E4B11461F780D4B1D46D6B2B74270
S214019D4801D8002010E01E78A64206D09E68F68844
S214019D58314489B201321033F0E75E7BF607F9D554
S214019D6805EB02150180A868F0BD00BF3E71002012
S214019D78F45200202DE9F347894690461D460746CA
S214019D8818B9002002B0BDE8F0870029F9D0002AEA
S214019D98F7D0002BF5D0002400780DF10601ADF8B8
S214019DA80640FFF7C1FF0028EBD039460DF1060241
S214019DB8BDF8066022F083FE07460028E1D00DF1C3
S214019DC80602BDF806A022F0A1FE0028D9D0C9F8DF
S214019DD80070C8F80000037913F0200219D1DB06D9
S214019DE814D4BDF806300C4A564413FA86F612FA0D
S214019DF886F20BE01A790C33920642BF13F8092C47
S214019E08891889B29842F5D8044A0A4401202A607A
S214019E18B8E72146024BF5E7617200203F71002042
S214019E28C0F3040008B50021FFF7E0FEFF2817BFBE
S214019E38044B084603EB0013587B18BF00F00100DB
S214019E4808BD00BFF45200202DE9F0410D46164624
S214019E581F4622F03FFF0B280AD8074C3B4604EB67
S214019E68001032462946BDE8F041806822F0FFBE60
S214019E780020BDE8F08100BFF4520020014B00012C
S214019E88185C7047F452002070B50C4622F022FF89
S214019E980B281BD80F4B03EB00139A68C2B100239B
S214019EA8142618461579D9B28D4200D870BD1168A6
S214019EB806FB0311097B34B911F0800F1CBF013072
S214019EC8C0B20133EFE711F0400FF7E70020EDE7E6
S214019ED81046EBE7F4520020F8B50D46164622F078
S214019EE8F9FE0B280BD80F4B4FF0140C03EB00139D
S214019EF89A6800231C461779D9B28F4201D80020E8
S214019F08F8BD10680CFB0300017B46B911F0800F01
S214019F1803D0AC42F4D00134E4B20133ECE711F0DB
S214019F28400FF5E7F45200202DE9F04F06460024CD
S214019F383A4B87B01B783A4F0093009B9C4207D256
S214019F48FF2E08D0304622F0C5FE0B28044606D957
S214019F5807B0BDE8F08F07EB04131B7B2BBB23016F
S214019F684FF00008019307EB041A14E014221B684B
S214019F7802FB05352B89B3F5967F01D92AF082F8BD
S214019F884FF000094FF00C0B29891FFA89F291420C
S214019F980ED808F10108019B5FFA88F5FB189B6843
S214019FA81A79AA42E2D8FF2ED2D10134E4B2C4E724
S214019FB81FFA89F00BFB00F06B6819180A7912F082
S214019FC8100F23D19AF800E012F0400F8DF80CE03C
S214019FD8B5F800E0185AADF80EE00CBF4FF0400E89
S214019FE84FF0800EADF8120028468DF810E022F0EA
S214019FF832FD5307ADF81400C8780AD502288968D7
S21401A00800D90968002203A822F001FE09F1010916
S21401A018BAE702288CBF89680831F3E73E71002049
S21401A028F4520020052370B5094A06881488B442FC
S21401A03808D19578047B2C403F2C03D90D4201D0DA
S21401A048506870BD013B02F10802EFD11846F8E7E7
S21401A05830F4040070B50024074D084E2B78E0B2A2
S21401A068834200D870BD06EB0010437BDB0701D5A1
S21401A07822F00FFF0134F1E73E710020F452002070
S21401A088F8B50C4600210546FFF7B0FDFF2829D094
S21401A098154A060102EB00135B7B03F001016CB164
S21401A0A843F001031644A142737305D0C4B100B24C
S21401A0B802EB001022F0EDFE0120F8BD2346F1E781
S21401A0C87B4311682846CA18127BC95AD20922F05E
S21401A0D84CFB0134B268E3B211799942F0D8EBE748
S21401A0E81427F7E70846E8E7F4520020F0B5944647
S21401A0F8497D20B339B3012918BF042100254FF63D
S21401A108FF702F462A46144E3488644511D196F8B6
S21401A11803E01EEA010F0CD0B4789C4209D30AB1B9
S21401A128BC4206D81EF0100F03D08AB1BC420CD32D
S21401A13870B90135072D06F10406E5D1F0BD0029F1
S21401A14808BF0821D8E70221D8E727460020F0E70C
S21401A15827460122FAE700BF14F404002DE9F04F60
S21401A1680A9FBDF824E09DF82C809DF830904C7D20
S21401A17878B394B3012C18BF04240025194800F1BC
S21401A1881C0C068896421ED190F803B01BEA040FF1
S21401A19819D08678464516D31BF0100F91F80FA0F4
S21401A1A804D0BAF1000F0ED0B1F810A0BAF1000F22
S21401A1B809D1A94513D0AE4511D95E553E8801355A
S21401A1C801363E80ADB204306045DAD10120BDE8E3
S21401A1D8F08F002C08BF0824CDE70224CDE7002025
S21401A1E8F5E700BF14F404002DE9F04F0024B1F59B
S21401A1F87C4F0E4638BF4FF0010BA246A1464FF6DC
S21401A208FF781F4628BF274B85B028BFB3F800B094
S21401A218009001925C4503D3404605B0BDE8F08F37
S21401A228B6F57C4F0CD3204B3A4603EB84033146F4
S21401A2385B880098FFF708FE054680B300232AE0EE
S21401A2483A463146009822F075FDF5E70C229CB295
S21401A25854436A680199105B02EB040C884219D3CF
S21401A268B9F1000F01D0504514D861462846CDE90A
S21401A278023222F0F0FB029B60B1039A125BB9F13D
S21401A288000F03D0524501D3804503D99246804634
S21401A2984FF0010901332A899CB2A242D6D801346B
S21401A2A8A4B2B7E776F1040078F104002DE9F04F7F
S21401A2B891461A4600238BB08DF82020BDF8502011
S21401A2C88DF81C00ADF81E10ADF8242005460F4683
S21401A2D81A4604A907A8159C9DF858609DF85CA025
S21401A2E89DF860B09DF864800493ADF8229022F042
S21401A2F83AFC049850B92B46CDE90079644A654979
S21401A30800F014FC86200BB0BDE8F08FBAF1000F00
S21401A31814D18378B34206D050465D4A5E4900F0B0
S21401A32805FC8D20EFE7037913F0010306D11846E3
S21401A338574A5A4900F0FAFB8820E4E703795B0795
S21401A3482CD583685A689B6805920693807823F013
S21401A358A0F9049B0546DF782146022F03463A46B4
S21401A36810D805A823F051F981462B463A462146CE
S21401A37806A823F04AF9B9F1010F01D001300DD131
S21401A3888720C0E7059823F040F90128F8D02B4626
S21401A3983A462146069823F038F9EFE7BBF1000F55
S21401A3A86FD1049F4FF6FF722146B87822F0F1FA72
S21401A3B800286BD0BDF82430C5B20093CDE902540D
S21401A3C89DF82030BDF82220BDF81E109DF81C000F
S21401A3D8019622F05AFF002895D1BDF82430CDE920
S21401A3E802540093BDF822209DF82030BDF81E10B7
S21401A3F89DF81C00019622F026FD002883D12146EF
S21401A4089DF8682007A822F002FC00287FF47BAF9D
S21401A418B8F1000F07D03B462046BDF81E209DF830
S21401A4281C1022F097FCBDF82430BDF82220BDF898
S21401A4381E109DF81C000093CDE901649DF820309C
S21401A448FEF7E2FABDF82430BDF82220BDF81E104A
S21401A4589DF81C000093CDE902549DF82030019622
S21401A46822F012FFBDF82430BDF822200093BDF873
S21401A4781E109DF820309DF81C0022F0BCFC002020
S21401A48841E70020064900F051FBF8E701203AE7CA
S21401A498529C04005E9C04008A9C04009E9C040056
S21401A4A8B29C04007FB500258DF80830BDF8203031
S21401A4B88DF80400ADF80610ADF80A20ADF80C309A
S21401A4C86946BDF82830099A01A80B9E009522F026
S21401A4D84AFB044630B916B1009B9B783370204678
S21401A4E804B070BD8928FAD12846024900F01EFB3F
S21401A4F8F5E700BFCF9C04002DE9F04F4FF0000AA6
S21401A508C7B0FFF701FC5FFA8AF6B04202D847B037
S21401A518BDE8F08F5B4B36019A5D00205A4900F082
S21401A52805FB0020594900F001FB00230593554B14
S21401A5389DF8144033449B681A79A24202D80AF15E
S21401A548010ADEE714224FF000091B6802FB0434F7
S21401A55822891FFA89F39A4202D8059B0133E5E757
S21401A5680C231FFA89F803FB08F8D4F804B029F07D
S21401A57889FD0BEB08052B79454913F0400F3BF88D
S21401A588083022884FF000000093424B18BF0B4654
S21401A598414900F0E5FA2946204622F05CFA0746CA
S21401A5A800283CD13D4900F0DBFA2979DFF814C1CF
S21401A5B811F0010F3A4818BF604611F0020FAA7849
S21401A5C8EB7832D1DFF800C111F0100F354918BF0A
S21401A5D86146CDE900010020334900F0C1FA2B7924
S21401A5E83BF8082013F0400F4FF0000B4FF0FD0327
S21401A5F80DF118082188CDE9023BCDE900782148FC
S21401A6080CBF40238023805DFFF74CFF86280ED1C0
S21401A6182649002000F08AFA09F1010998E702465E
S21401A6282349002000F09CFABFE72249D1E7A87821
S21401A63822F001FAD8B1404622F08FFE421C92B2AF
S21401A64801234146002000F0D5F93946208801F05B
S21401A65801FA4FF6FF73984207D0174B174903EBD9
S21401A668C0035A68002000F061FA1549D1E7A878B6
S21401A67822F0E7F920B1404622F074FE821CDEE79C
S21401A688EA78DDE7F4520020219D04002F9D04009E
S21401A698F99C0400FE9C04006F9D0400CA8D04000A
S21401A6A8069D0400099D0400839D04009F9D0400E7
S21401A6B840A20400119D040000F50400726C040019
S21401A6C8519C0400039D0400199D04002DE9F04FD8
S21401A6D8C7B0BDF844A10646BAF1040F0D461446A4
S21401A6E81F46BDF840B163D9CDE9013B00920B4640
S21401A6F802463049002000F019FAFD230DF117092A
S21401A7080DF118083046029322463B462946CDE904
S21401A71800B8CDF80C90FFF7C5FE0646B8B9FD227D
S21401A728414699F8000022F034F90746C0B1AAF16B
S21401A7380403834238BF8926204622F0CBFD8EB11A
S21401A748304600F01BF9304647B0BDE8F08F009060
S21401A75823462A460020184900F0E8F90027EBE7C7
S21401A7688926E9E7DFF85CA0BA1CBAF80030C3F11D
S21401A778FF039A4219DA304600F000F999F800000A
S21401A78800F0FCF8BAF800900C483A4641464844AE
S21401A798B94405F04DF8AAF8009023462A463046F3
S21401A7A80749009700F0C2F9CDE7892000F0E6F8DE
S21401A7B88926C8E7AB9D0400E69D040015730020B2
S21401A7C80D9E0400BE68002010B5044C20600448A5
S21401A7D8018004490A60044A136010BDBC53002076
S21401A7E8BC680020B8530020B453002030B587B0A9
S21401A7F80AAC0D4654F8041B0093CDE90114134620
S21401A80809490246094809880068059422F062FC4D
S21401A8184FF48A52064B1B681880064B1B685D80EE
S21401A828DA8007B030BD00BFBC680020BC530020EA
S21401A838B8530020B453002008B410B587B009AB4C
S21401A8480C4653F8041B0092CDE9011302460B4946
S21401A8580B48059309880023006822F03BFC4FF457
S21401A8688A52084B1B681880074B1B685C80DA8085
S21401A87807B0BDE8104001B0704700BFBC680020B3
S21401A888BC530020B8530020B4530020044A0346A2
S21401A89811680448044A09881268006821F0F3BE62
S21401A8A8B8530020B4530020BC530020044B054A7B
S21401A8B81B6812681988044B186821F057BE00BF38
S21401A8C8B8530020BC530020B453002007B5074BEB
S21401A8D81B681B880192064A12680092054A12688C
S21401A8E821F0A5FE03B05DF804FB00BFB8530020B5
S21401A8F8BC530020B45300201FB51446064A1268FC
S21401A9081288CDE901430091044B05491B68096883
S21401A91821F069FE04B010BDB8530020BC530020D6
S21401A928B4530020014B1868704700BFB453002089
S21401A938024B1B6818715971704700BFB453002049
S21401A94810B50024084B1C70FEF75EFC074BFF226F
S21401A95818802146064804F0DBFD064B1C80064B92
S21401A9681C605C609C6010BD1F740020C0680020DD
S21401A97815730020BE680020C268002007490B88AE
S21401A988FE2B9FBF064AD054581C80B29DBF088034
S21401A99800F1FF3080180020704700BFBE68002015
S21401A9A815730020F8B5094F0D463B885C18FE2C38
S21401A9B80ADC074E0A46A4B20146F01804F0FAFD6E
S21401A9C83C80641BA019F8BD0020FCE7BE68002087
S21401A9D815730020024B034A00201A60704700BF17
S21401A9E8C05300207CF10400014B1878704700BF63
S21401A9F8F452002030B4044D044C002B0CBF2B46F7
S21401AA08234630BC22F0D2BCA95C0400E09E0400B8
S21401AA1870B5054608460C4622F09FFC611C0246A6
S21401AA28024B2846BDE8704022F0C0BC53A604007D
S21401AA3800B5037889B0069343783E220593837858
S21401AA4808490493C37803930379029343790193DE
S21401AA5883790093C3790448008800F081F809B027
S21401AA685DF804FB3B9E0400CE680020024B0246BC
S21401AA780249188800F05AB8CE6800204D630400D1
S21401AA882DE9F04705460E4617460024DFF84480B0
S21401AA98DFF844A0DFF84490AC4201D1BDE8F08766
S21401AAA8B8F8000006EBC4015346082222F07EFCE3
S21401AAB80134B8F800003FB9044AA54208BF4A461F
S21401AAC8034900F04DF8E7E74A46F9E7519C0400C8
S21401AAD84C630400CE680020E09E0400764B040018
S21401AAE82DE9F0410E4E0446308822F077FCA8B1D5
S21401AAF800250C4FDFF83080E3070AD518B9414620
S21401AB08308800F02DF830882A46394600F028F8B3
S21401AB18002001351B2D4FEA5404EDD1BDE8F08124
S21401AB28CE680020168A0400839B04000EB417B56D
S21401AB3805A9044651F8040B019103F0DFFB012136
S21401AB480220054AF8F766FF044B1C8003B0BDE8EF
S21401AB58104003B0704700BF519C0400CE68002027
S21401AB680EB417B505A9044651F8040B019103F074
S21401AB78C5FB034B1C8003B0BDE8104003B070470B
S21401AB88CE68002013B503680446587900F032FFF2
S21401AB9890B923685A88032A0ED0E17C5B79CDE9FF
S21401ABA800211649164AFFF7C1FF0121204622F067
S21401ABB8B5FC012002B010BD637D012B0AD0637D70
S21401ABC833B92368228A5988587922F08FF848B908
S21401ABD8C3200AE02368228A5988587922F08FF818
S21401ABE80028ECD0204622F0FBFB064B1B78002BF6
S21401ABF8DFD110F5807FDCD0C1B2D7E7689E0400AC
S21401AC08609E040016740020002970B50F491D4681
S21401AC180F4B14460CBF6E227922002808BF0B463C
S21401AC2800200C49FFF79CFF0B4E2544AC4205D18A
S21401AC38BDE8704000200949FFF778BF314600207B
S21401AC4814F8012BFFF78CFFF0E700BFA19E040064
S21401AC58979E0400AA9E0400DE9E04001B81040041
S21401AC682DE9F04FC27C8BB00592427D0368002A1D
S21401AC7814BF80224022077D044685688689587954
S21401AC88B846B3F80290069200F0B4FEA0B9059B48
S21401AC98052B05D86FF02D03059A1341DB070BD555
S21401ACA8B9F1030F08D0AB490020FFF73FFF012198
S21401ACB8204622F033FC76E0E37B1BB1228A002A89
S21401ACC800F0B781607D0022B0FA80F05B4203F0A5
S21401ACD80403DFF88CB2400943EAC000ABF8002051
S21401ACE8FFF74CFEE37B1BB3208A22F0F3FA824679
S21401ACF8A07CFFF743FE059A162A00F29A81DFE840
S21401AD0812F019009E016C005600D2016C009201E7
S21401AD18D9019A01E001E701EE0139010202980121
S21401AD2898019801140258021402700239010202AD
S21401AD389A46DDE700204B46874A8849FFF7F6FE24
S21401AD480120FFF71BFE08F10207B74229D8414642
S21401AD583246284622F0FBFA80462368424658794E
S21401AD68BBF800304946C3F1FF039BB20193238A1F
S21401AD780093069B23F05CFF10B11FFA87F8E2E701
S21401AD88236842465879BBF800304946C3F1FF03A9
S21401AD989BB20193238A0093069BFFF797FC8928A9
S21401ADA8EBD122F0B5FB01200BB0BDE8F08F4FF0D8
S21401ADB8000B0420FFF7E2FDF31E0893089B984555
S21401ADC852D3BBF1000FECD1E37B94F81480002B2F
S21401ADD80CBF02220422624B1A804FF0000B04209B
S21401ADE8FFF7CCFD5F4608F1030A564540F29D8001
S21401ADF832464146284622F0AAFA05EB08039B7814
S21401AE08F21EAA44A2EB080207905146184692B2CF
S21401AE18099321F0BEFD0890002879D02268099B85
S21401AE285079CDE901A3238A49460093DDE9063224
S21401AE3822F0DEF882464A460020079B4949FFF77A
S21401AE488FFEBAF1000F55D10BF101035046464962
S21401AE585FFA83FBFFF76AFE089B08F1030813FAFB
S21401AE6888F81FFA88F8BEE732464146284622F097
S21401AE786EFA05EB08039F78089B08F10301A3EB1C
S21401AE8808022944824692B23846099121F081FD8A
S21401AE98079068B323680999587902970191238A1C
S21401AEA8524600934946069B22F0F2F80746B8B187
S21401AEB80BF1010338465FFA83FBFFF75FFD504647
S21401AEC822F008FA53464A4600202649FFF72EFE86
S21401AED83A4600202549FFF729FE802F3FF471AF37
S21401AEE8079B08F1030813FA88F81FFA88F865E73C
S21401AEF88027DDE75046FFF741FD079822F0EAF97B
S21401AF080137524600201949FFB2FFF70FFEA3E7A3
S21401AF188720FFF733FD079822F0DCF901378722EF
S21401AF2812490898FFB2FFF701FE059B052B3FF46F
S21401AF383AAF002F7FF435AFBBF1000F05D10C49AE
S21401AF485846FFF7F3FD8021B2E63846FFF716FDAF
S21401AF5827E700BF67530400EB9E0400389F0400F0
S21401AF68BE680020F59E0400389E0400119F040068
S21401AF781B9F04000599A84AA84B0020152918BF4D
S21401AF881346CDF80090A64AA649FFF7CFFD059BC4
S21401AF980C2B14BF16200D20FFF7F0FC324628466E
S21401AFA8394622F0D4F9059B3D440C2B0646AD786C
S21401AFB835D1192D28BF1925E37BB3B14FF6FF7399
S21401AFC8278A9F4211D1206832464946069B407916
S21401AFD8FFF70AF9B84208D0BAF1000F05D0208267
S21401AFE88AF80000000A8AF801000020BBF8007001
S21401AFF8FFF7C4FC236832465879059B4946A3F1F6
S21401B008150CDCF1000343EB0C03CDE90153238A4D
S21401B0180093069B21F060FF834BD855C1E6132D9C
S21401B02828BF1325C8E72046FDF776FB00287FF4DE
S21401B038BAAE81213CE62046FDF722F8F6E7B9F1DB
S21401B0480A0F05EB0708A6EB070A21D1DFF8DCB1E2
S21401B0589BF80030E3B1E37BD3B9BAF1080F17D1F7
S21401B06832463946284622F072F988B998F80230ED
S21401B07873B998F80320E22A0AD13246391D2846C0
S21401B088059322F061F922F02EFA059B8BF8003021
S21401B098414648461FFA8AF223F0CCFD00287FF481
S21401B0A882AE002104E6F21B484692B2E91922F064
S21401B0B80BF9F3E7F21B484692B2E91922F0C7F8F2
S21401B0C8ECE7F21B484692B2E91922F0EAF8E5E7FE
S21401B0D8F21B484692B2E91923F0AEFDDEE7236873
S21401B0E8EE5D5879238A0137ED5D0193069B32465A
S21401B0F8494600932B4621F02EFE2A4631464846FD
S21401B10822F0A7F84FE605987A1CE95DB31AA0F174
S21401B1181606704270410039009018BF0121484652
S21401B1289BB22A4422F097F8B8E7059BEE5D112BEF
S21401B1383D446F7838D11220FFF720FC0025E37BC9
S21401B148B3B14FF6FF73B4F81080984510D1334663
S21401B1584A4621462846FEF7C9FF404508D0BAF1B7
S21401B168000F05D020828AF80000000A8AF801003C
S21401B178BBF80080DFF8B0A0C8F1FE0292B208F171
S21401B1880103009253444A4621462846CDE9026700
S21401B198CDF804B0FEF7E2FFBBF800300AF8080065
S21401B1A80133ABF80030FCE51420FFF7E7FB012577
S21401B1B8C5E77B1C9E422CD3EF5D1D44003F18BF9C
S21401B1C80127F31A9EB233462A4639460020FFF76E
S21401B1D81BFD00962B463A464846218A22F03FF840
S21401B1E85CE77B1C9E4214D3EF5DF61A003F18BF3E
S21401B1F801271D44B6B233462A4639460120FFF7D1
S21401B20803FD00962B463A464846218A22F025F841
S21401B21844E70020C8E500BF519C0400E69E0400F0
S21401B2282C9F0400369F0400157300201474002018
S21401B23838B54FF6FB750446A9424FF001019DF853
S21401B248100098BF43F40043217023816260A07206
S21401B25802230020084A0949FFF768FCE07A084BF0
S21401B26840F6CA0203EB4010FF2120F08DFABDE834
S21401B2783840042021F0E1BF469F0400519F040096
S21401B2880454002030B5054685B028B91D4905B0D7
S21401B298BDE83040FFF74ABC0024007B22F06DF879
S21401B2A82046194A19492C70FFF740FC184BE87AD2
S21401B2B8FF2103EB401020F078FA2046154B0201D7
S21401B2C89A5C22B901300428F9D121F0F3FF6968A4
S21401B2D899B1B5F908302A899B1303F002038DF852
S21401B2E80430C2F30E03ADF806304FF6FF73ADF81F
S21401B2F80830002301A80393884705B0BDE830400D
S21401B30822F040B87C9F0400469F0400AE9F0400CC
S21401B31804540020C45300200948037873B9194619
S21401B328084AD3720133042B1173117051601181CD
S21401B338917202F11002F4D101230370704700BF25
S21401B34815740020C453002008B5FFF7E5FF002355
S21401B35805491A018A5C01EB03101AB10133042B63
S21401B368F7D1002008BD00BFC453002070B50D46B4
S21401B3780646FFF7D1FF0023094800EB0514A17A1A
S21401B388B14205D1217819B12B4400EB031070BDE9
S21401B3980133042B04F11004F1D10020F7E700BFB4
S21401B3A8C453002010B50446FFF7B6FF0E4B9C4267
S21401B3B812D003F12002944210D003F140029442C5
S21401B3C80ED060339C420DD10323084800EB0310CE
S21401B3D8BDE81040FFF756BF0023F6E70123F4E760
S21401B3E80223F2E70020F3E704540020C4530020A8
S21401B3F870B50024064D074E284632460021013412
S21401B408F8F71EF8042C05F12005F5D170BD00BF2C
S21401B41804540020ADB301002DE9F34105460C465E
S21401B42817469846FFF790FF064640B91C4A1D493D
S21401B438FFF77CFB0224204602B0BDE8F0814FF6F8
S21401B448FB739D420AD94FF6FD739D4204D0002036
S21401B458134A1549FFF76AFB4FF6FD754346214621
S21401B4683A46284622F027F8044600F02FFE804682
S21401B47834B1234600200A4A0C49FFF757FBDAE79E
S21401B4883B462046064A0A49FFF750FB062329464B
S21401B4983046089ACDF80080FFF7CAFECBE700BF12
S21401B4A8469F0400BB9F0400E59F04001AA0040001
S21401B4B843A00400F7B506460C461746FFF744FFB7
S21401B4C8054638B9104A1149FFF730FB02242046D1
S21401B4D803B0F0BD21464FF48A52304622F0B3F944
S21401B4E8044600F0F3FD34B123460020064A084915
S21401B4F8FFF71CFBEBE7009004233A463146284643
S21401B508FFF796FEE3E700BF469F0400BB9F0400D3
S21401B5186BA00400F7B506460F46FFF715FF05466C
S21401B52838B9104A1049FFF701FB0224204603B038
S21401B538F0BD002240231146304622F063FB044644
S21401B54822F05EFB34B123460020064A0749FFF77E
S21401B558EDFAEBE7009001233A4631462846FFF715
S21401B56867FEE3E7469F0400BB9F04009EA0040015
S21401B57873B504460E46FFF7E7FE054638B9104A86
S21401B5881049FFF7D3FA0224204602B070BD002204
S21401B5982046114622F038FB044622F031FB34B12E
S21401B5A823460020064A0849FFF7C0FAECE7009050
S21401B5B8234632464FF6FC712846FFF739FEE3E785
S21401B5C8469F0400BB9F0400CCA004002DE9F0416F
S21401B5D88846107800219EB014461D46FFF7C6FE21
S21401B5E80646002800F0FD800778002F7BD0B8F8C3
S21401B5F80010002940F0F5800389B8F8022043F4CA
S21401B6080040824240F0ED80617800296BD1A2F5B6
S21401B6180042062A00F2E580DFE812F0A100A10048
S21401B628E300E3000700B8006900E3880D3DADF8C4
S21401B6382430238915F00105ADF8263063798DF895
S21401B6482830E37A03F1060214F812208DF8143034
S21401B6588DF81C2042D10BA98E46069104F10C00E8
S21401B6685FFA85FC9C4500F1020009D210F8018CAE
S21401B67810F802CC01350CEB082C2EF802CBEFE7BC
S21401B68801EB43011A440891D2B2590001F10D00A9
S21401B6989A42C0B20BD025186D78205C783169447F
S21401B6A800EB0520013321F84C0CDBB2EDE7B6F9C7
S21401B6B808203389002AACBF01220322C3F30E03F4
S21401B6C88DF808206288ADF80A3005ABADF80C2075
S21401B6D8049302A9304621F0D9FE04E0424A4349C0
S21401B6E80020FFF723FA38461EB0BDE8F081042D86
S21401B6F802D83D4A3E49F3E72379053DADB29D425E
S21401B708B4F8028002D0384A3A49E9E73A4A3B4B4C
S21401B7180020002D08BF13463949334ACDF800806A
S21401B728FFF704FA05348DF81450B6F90830069474
S21401B73885B1002BACBF012303238DF82C30338948
S21401B748ADF83080C3F30E03ADF82E3005AB0D937C
S21401B7580BA9BFE7002BACBF06230523EDE70B2D8E
S21401B768C7D9D4F80200D4F8061013F4004F05AA76
S21401B77803C20CBF042203228DF82C206289C3F36E
S21401B7880E03ADF83020ADF82E30DFE7042DB0D922
S21401B7986388ADF8303023790533DBB29D4206D095
S21401B7A80020114A17490095FFF7C0F99BE70E4A92
S21401B7B800201549FFF7BAF9B6F908203389002A97
S21401B7C8ACBF01220322C3F30E03ADF82E3005AB3E
S21401B7D80D93631D069323798DF82C208DF814306C
S21401B7E8B6E700277FE700BF469F0400F9A00400DC
S21401B7F821A1040035A10400255B0400519C040026
S21401B8085CA1040079A10400BAA10400304BF0B58C
S21401B818B0FBF3F24FF4616503FB1200B0FBF5F3DE
S21401B828DCB205FB13033C25B3FBF5F3DBB2A0EB57
S21401B83804104B71C3EB0313A0EB83004FF4FA63B8
S21401B8480B8040F201134B8001230C711F46002424
S21401B8586425204E8871944200D1F0BD91F802C04B
S21401B86813B1BCF1020F2BD006EB0C0010F801EC5B
S21401B878C87870450BBF012001300CF1010CC0B22D
S21401B88808BF81F802C0C87088780D2816D10B88C1
S21401B8988F7001339BB298070B8014D1B3FBF5F078
S21401B8A805FB103080B280B94FF4C870B3FBF0FCCA
S21401B8B800FB1C339BB2B3FA83F35B090134CAE776
S21401B8C84FF01D0ED4E70023F8E70123F6E700BF83
S21401B8D880510100C2F4040010B5044688B006A9D8
S21401B8E8FFF794FF9DF81E300A4803939DF81D3014
S21401B8F8049402939DF81C309DF81A200193BDF814
S21401B90818300549009300889DF81B30FFF70EF99B
S21401B91808B010BDCE680020D3A10400026808B59F
S21401B9281188154B198051885980517919711179E7
S21401B93859714FF48A51D980D28812F0200F0CBF62
S21401B9480A464FF48B528169DA800C4A137831B96A
S21401B958C0880B4923F002030880137008BD43F022
S21401B96802031370074B15221846013103F022FE15
S21401B978002200F8012CF1E7C26800201F7400209D
S21401B988C0680020D168002010B5184C2368587983
S21401B99821F0A0F90B2822D8154B03EB0010027BE7
S21401B9A8237F9A421BD12368428819888A4205D088
S21401B9B84FF6FF70814212D1120410D42279023A4E
S21401B9C8012A06D9A37B63B9BDE810400748FFF7EB
S21401B9D847B91989587920F0B3FA0028F2D100201E
S21401B9E810BD0248BDE81040FFF7CCB888540020C7
S21401B9F8F452002008B521F06DF90B2896BF024BCA
S21401BA080020185C08BD00BF2474002008B500207B
S21401BA1821F0B3FCFF2021F090F921F0B3FC21F0CE
S21401BA2858FBFEF771F901210246064803F070FD3E
S21401BA38054BFF21054A0648FEF7C6FEBDE8084045
S21401BA48FEF708BB24740020C2680020BE680020E8
S21401BA5815730020F0B5002204464FF6FF750B4F0C
S21401BA6890B237F830600346AE4201D12846F0BDA1
S21401BA78A64209D1B4F57C4FF9D307EBC3035B881B
S21401BA888B42F4D00029F2D00132E9E700F5040030
S21401BA9810B50446FFF7DEFF094A034610884FF63D
S21401BAA8FF72934214BF074A2246BDE8104017BFEB
S21401BAB802EBC30304495A680449FFF751B800BFAB
S21401BAC8CE68002000F50400F6A10400726C04009C
S21401BAD8034B18780130C0B2187000F07F00704729
S21401BAE8317F0020044A137818B143F0010313701C
S21401BAF8704703F0FE03FAE71F740020014B187025
S21401BB08704700BF2274002038B1074B1B78012B01
S21401BB1804D1038843F0400303807047022BFCD10D
S21401BB28038823F04003F7E72274002068B1074A28
S21401BB381378012B07D1064B1B781370037843F053
S21401BB481003037001E0022BF8D07047217400201F
S21401BB58207400207FB50121264B274E19703378B3
S21401BB680246D90744D42549096881B10868C188BD
S21401BB788D0641BF224CE18841F02001E180C18851
S21401BB884C0641BF1E48C18841F04001C1801D4D89
S21401BB981D492878097840074CBFE97069701B4928
S21401BBA813F00204098809D0164A194821F067FBE0
S21401BBB8337823F00203337004B070BD154B188830
S21401BBC84FF6FB73984208D80B46CDE9005201465A
S21401BBD80B4A204620F02BFDEEE74FF6FF73CDE922
S21401BBE8014200930A46074B054920F0FCFCE3E7AF
S21401BBF80020E1E7167400201F74002084540020FA
S21401BC08C268002015730020327F0020BE6800201D
S21401BC18D0680020C068002070B503790446012B5F
S21401BC280D46164631D883681B78DB0600D561B306
S21401BC38A37B13B9E37C0B2B27D00022144B1A8065
S21401BC48637DB3FA83F35B09D800E37BABB9FEF7F0
S21401BC5895FEA07CFEF792FE0B20FEF78FFEE07C99
S21401BC68FEF78CFE2846FEF789FE2046FFF756FEAD
S21401BC783046BDE87040FFF76DBF40F00400FEF7A0
S21401BC887DFE208A21F026FBE3E7002070BD00BF79
S21401BC98BE680020024B0A4601461868FFF7BCBF7B
S21401BCA884540020F0B4054618460F4B0C461B7802
S21401BCB8BDF81010012B0D4E01D0377827B100239F
S21401BCC833700020F0BC70470CB9002AF9D143B193
S21401BCD84FF65743994204D02B462246F0BC21F032
S21401BCE8B4BA0120EEE700BF337F0020237400209A
S21401BCF82DE9F04F684C4FF0000A254684469646D3
S21401BD0898460F46654B664E83F800A00FCE0FC5C2
S21401BD1896E80F0085B085E80F00DDF83C90BDF881
S21401BD28383072460093394643466046CDE9019459
S21401BD3800F0DCF8DFF89081064670B90025FEF7BA
S21401BD48FFFD16220021574803F0E2FB0023284690
S21401BD58C8F8003005B0BDE8F08F534BA27CC8F890
S21401BD6800401A70514B1B78002B36D021F0BDFBD2
S21401BD784F4902465046FEF7F3FE2268504653796D
S21401BD8852884C490092A289FEF7EAFE504621F0F5
S21401BD9825FB20B12368218A5888FFF779FEE37BC3
S21401BDA823B10020228A4449FEF7DAFEA368002060
S21401BDB81A78E37C41490093A37CFEF7D1FE207DE7
S21401BDC8A289A168121A01440123002092B2FEF743
S21401BDD811FE00203A49FEF7A9FE2F48FFF79EFDFF
S21401BDE82D4822F020FF054630BBB9F1000F25D1BA
S21401BDF82168E0880B8801904988BA1E032A0091B9
S21401BE088CBF002201220121E07CFFF74BFF38B9E5
S21401BE1823685B79FF2B3AD0FFF7B6FD05468EE718
S21401BE282368DB889A06F3D40121264C1A48217028
S21401BE3821F074FB84F80090354680E7B9F8143091
S21401BE489B07E5D47AE75846FEF718F8824658461F
S21401BE58FDF760FF88B123685046228A598820F08A
S21401BE683CFF50B13846FFF759FD236889F804A00E
S21401BE7883F805A0FFF788FD00B928460546013670
S21401BE88FDF742FF5FFA86FB5845DCD857E70026E0
S21401BE98014FDFF83890F3E7885400201674002025
S21401BEA8E0F40400D0680020327F0020307F0020B4
S21401BEB80FA2040018A2040039A2040045A2040037
S21401BEC8765404002374002084540020C26800209D
S21401BED80023054AD15C814202D31A445078704740
S21401BEE80233DBB2F6E700BFCEF4040073B515469D
S21401BEF82E781A4616F0040F0CBF032605269E4216
S21401BF08089C08D9224A234900960020FEF70EFE0F
S21401BF18002002B070BDBDF8183021712060E380A2
S21401BF28A560A2812B7803F00103A3732B7803F095
S21401BF380403002B14BF01210021E1732978C1F302
S21401BF48C00161754FF00101217518D0284621F00E
S21401BF58FEF9237D208202332375227D531CDBB232
S21401BF682375A95C0232D2B2A1742275EB5CE37424
S21401BF78A3899A4205D900920749054AC5E723824B
S21401BF88EBE7079B0120A36100232377C1E700BFE6
S21401BF98B95B040088A20400A4A204002DE9F743B3
S21401BFA80024204FDFF89C80DFF89C90E0B221F057
S21401BFB85DFDFF2805460FD12346012102201A4AB6
S21401BFC8F7F728FD194B013418781EF0DFFF152CFA
S21401BFD8ECD103B0BDE8F08346B238EA260328BFA1
S21401BFE84B4601210093022057F82430104AF7F7F0
S21401BFF811FD002EE6DA0923E340DB070AD50D4AD0
S21401C0080D4B15F0010F18BF1A4601210220F7F74C
S21401C01801FDD7E70A2CD5D1084A094B15F0010FBF
S21401C028F1E700BF18F50400FDA20400347F0020E4
S21401C03825A30400D6A20400C0A20400F2A20400AC
S21401C048E8A20400255B0400519C040008B55422AC
S21401C0580021024803F05CFA002008BDBE690020F2
S21401C06808B55422FF21024803F052FA002008BD01
S21401C0786A690020024B23F810100020704700BFA1
S21401C0886A690020002310B4074ADCB2A14203D82B
S21401C0985DF8044BFFF7DABF2A2BF9D032F8024BCA
S21401C0A820F813400133F0E7BE690020002310B5DD
S21401C0B8054A994201DD2A2B00D110BD32F8024B00
S21401C0C820F813400133F4E7BE690020024B1878C4
S21401C0D800F07F00704700BF30740020034B1878CB
S21401C0E80130C0B2187000F07F007047307400202D
S21401C0F830B51C4600238BB0ADF82220021D92B243
S21401C108012A0E9DADF82030ADF81E10ADF81C3092
S21401C11803D94FF6FF7290420FD10022CDE90352A0
S21401C128CDE90124094B01461B784FF6FF700093B1
S21401C13807AB21F0B9FC0BB030BD0146CDE9015380
S21401C1481846009407AA21F0CBFCF4E7357F0020B7
S21401C15838B505464FF480500C4603F0DFFB4FF424
S21401C16880532860236030B940F2A511BDE83840F5
S21401C178014827F07ABF38BD14A404000048704768
S21401C1889C6C0020014B1878704700BF517F002037
S21401C198014B1888704700BFC27E0020014B1878F3
S21401C1A8704700BF4A7F0020014B1878704700BFD0
S21401C1B8417F0020014B1878704700BF447F00205C
S21401C1C8014B1878704700BF35740020014B187072
S21401C1D8704700BF35740020014B1878704700BFC0
S21401C1E834740020014B1870704700BF3474002067
S21401C1F8014B1878704700BF457F0020014B18880F
S21401C208704700BFC07E00202DE9F74F414B424AD8
S21401C2180193424BDFF844911B78DFF84481DFF83D
S21401C22844E1DFF844C13E4F3E4E3F4D3F4940484A
S21401C23802EB431A019B524503F1200309F1200939
S21401C24808F120080EF1200E0CF1200C07F120074A
S21401C25806F1200605F1200501930FD100221146AB
S21401C268344B324D1C78344E344B314FD0B2844265
S21401C27803F1200346D803B0BDE8F08F304B314CAC
S21401C2885360002349E907432F4CDFF8E0B048E93B
S21401C29807432E4CC2E902304EE907432C4C116085
S21401C2A84CE907432B4C136147E907432A4C49E9F4
S21401C2B8050348E905034EE905034CE9050347E983
S21401C2C8050349F8201C48F8201C4EF8201C4CF899
S21401C2D8201C47F8201C46F8201C46E90743019C09
S21401C2E845E907B3DFF888B046E9050345E90503DC
S21401C2F844E907B344E9050345F8201C44F8201C23
S21401C308203297E743E9085643E9061743F8101C15
S21401C3180132ABE7D0570020F0580020587F0020A4
S21401C3283058002010580020F0570020A46600203E
S21401C338519C04004F7F002091080300705800208C
S21401C348E9B10200A103040049C6020071510300C5
S21401C358FB13040031E902001FDA0300D05800205D
S21401C368B05800209058002050580020A17E0300A5
S21401C378EDAE0200002208B5074B1A605A6021F09C
S21401C38831FB064B187021F02DFB054B1870054B39
S21401C3981A78054B1A7008BD46660020907400206E
S21401C3A88F740020427F00208E740020002100B583
S21401C3B893B008466A460AF085F90146C8B90E4B95
S21401C3C80E4A09930E4B0D920A930E4A0E4B0E9285
S21401C3D80B930E4A0E4BCDE90F230C930D4B6A4671
S21401C3E811930AF025FC003818BF012013B05DF838
S21401C3F804FB0120FAE700BFB5FE0300E5BF020013
S21401C408B90004001589020061DA0300E5D60200C6
S21401C4181901040035BA0200084B1878112806D805
S21401C428012809D9064BC34003F001007047A0F163
S21401C43843035842584170470020704792740020C1
S21401C4483400020008B5064B1B78013B022B05D8C1
S21401C4580020FFF7E1FF0138C0B208BDFF20FCE766
S21401C46893740020044B00F1100250F8041B90420C
S21401C47843F8041BF9D1704794740020044B03F168
S21401C488100253F8041B934240F8041BF9D1704775
S21401C4989474002030B5002491B0114B054621460E
S21401C4A814220BA8CDE9094303F032F8102209AB90
S21401C4B8CDE900440693CDE90452CDE90252094B71
S21401C4C809490AA8F2F77AFF04460AA822F054F99D
S21401C4D81CB1A021054827F0C8FD11B030BD00BF2A
S21401C4E8002480000044400494740020BBA4040087
S21401C4F870B5002490B0154B05460E461422214609
S21401C5080BA8CDE9094303F003F8102209ABCDE9DE
S21401C518004406933146CDE90452CDE902520C4B4C
S21401C5280AA8F2F74BFF04460AA822F025F91CB11F
S21401C538BA21084827F099FD099B102B03D0BB2187
S21401C548044827F092FD10B070BD00BF002480009B
S21401C55800444004BBA4040030B50D4600218FB04A
S21401C568124B0446142209A8CDE9071302F0D0FF9E
S21401C578102207ABCDE90242CDE9004204932946D1
S21401C5880B4B08A8F2F7CEFF044608A822F0F4F8E9
S21401C5981CB1D121074827F068FD079B102B03D053
S21401C5A8D221044827F061FD0FB030BD0024800079
S21401C5B800444004BBA40400014B93F95A00704799
S21401C5C8DC6500200022034B1870034B1970034BDF
S21401C5D81A707047A5740020A6740020A474002061
S21401C5E82DE9F04FDFF89080064698F800300D46A2
S21401C5F885B0002B3AD04FF6FB73984236D84FF0E9
S21401C608000B1C4FDFF874A03C7898F800305FFAEE
S21401C6188BF94B459AF8000011D9484402AA0DF146
S21401C6280601C0B216F0B2F9082229460DEB02003F
S21401C63803F0BAFA0BF1010B0028E6D14C463B7819
S21401C648A34208D198F80020631CDBB29A423B70DB
S21401C65804BF00233B70324629469AF800301C4432
S21401C668E0B205B0BDE8F04F16F07EBA05B0BDE8F9
S21401C678F08F00BFA4740020A6740020A5740020C3
S21401C6882DE9F74F06460D4614461F464FF0010B97
S21401C698DFF8789003F10C0A15B903B0BDE8F08FFE
S21401C6A8102DA84628BF4FF010083A46164B5FFAD9
S21401C6B888F152F8040B524543F8040BF9D101915D
S21401C6C89AF8002011481A70002389F80F4089F853
S21401C6D800B089F80E30FFF7DDFE324601340B480C
S21401C6E80199E4B212F801CB10F8013B83EA0C0376
S21401C6F802F8013C931BDBB28B42F3D3A5EB080887
S21401C70816461FFA88F5C7E7A8740020A774002004
S21401C7182DE9F04F9046914685B00090981A0293FD
S21401C72883B20193009B0F46354903F10C0453F875
S21401C738045BA34241F8045BF9D11B78314E0B70B8
S21401C74849233370019BF0731B0A3046B373FFF716
S21401C758A1FE0221BB460D46737888EA030373706F
S21401C7684FF0000A1DE0C5F11004A9EB0A039BB2BD
S21401C778A4B29C4228BF1C4600231FFA83FCE81873
S21401C7886445C0B21FD82544EDB2A344102D5444C5
S21401C7981FFA84FA05D1002530460391FFF77AFE81
S21401C7A80399D145DFD807EB080B25B11548039146
S21401C7B8FFF770FE039901294FF000050DD00121FE
S21401C7C8DDF80490CCE71BF803C016F800E0013347
S21401C7D88CEA0E0C06F800C0CFE7029B09491F44F5
S21401C7E8094B38461C78224603F022F82A46214689
S21401C7F83846009B05B0BDE8F04FFFF741BF00BFC4
S21401C808A8740020A7740020597F002030B540780E
S21401C8180C4601284FF0110387B001F1100516D117
S21401C828144A01A90AF08CFF234601AC224618686F
S21401C8385968083303C2AB421446F7D111230D4A8F
S21401C848002001A90AF07CFF002007B030BD0120B6
S21401C858094A01A90AF074FF234601AC2246186862
S21401C8685968083303C2AB421446F7D11123024A6A
S21401C878E6E700BF75E4010079EB010030B50C4628
S21401C888407887B001284FF011030DBF0B4A0C4AB8
S21401C898012001A918BF01A90AF052FF234601AADF
S21401C8A805AD144603CCAC4218605960224603F124
S21401C8B80803F6D1002007B030BD00BF75E40100BB
S21401C8C879EB010010B50C4688B01A230C4A01A969
S21401C8D801200AF035FF21460DF10E0304F110027E
S21401C8E851F8040B914243F8040BF9D11A2300209E
S21401C8F8034A01A90AF024FF002008B010BD00BFB2
S21401C90824E10100F0B58BB004460D4623F043FA46
S21401C918A8B101A813F00CFE88B1667B271D16F096
S21401C928020F05D00822384601A903F03DF9D0B90F
S21401C93801AB46F0020603CB6060796066731A2382
S21401C9480A4A03A901200AF0FBFE29460DF116033F
S21401C9580DF1260253F8040B934241F8040BF9D162
S21401C96800200BB0F0BD2D20FBE700BF24E101003D
S21401C978F0B50546071D00220C463846082193B037
S21401C98823F09BF96A7B0646D0070BD5687808A979
S21401C99821F00FFDDDF83D306B60DDF841307B603E
S21401C9A880B10BE0910709D5D2000121384602F083
S21401C9B8800221F00BFDFF28687002D12D2013B0EC
S21401C9C8F0BDD6B1687801A921F088FC9DF81C3025
S21401C9D85B0604D54FF4C6710A4827F046FB234682
S21401C9E803AD07AC2A4603CAA24218605960154629
S21401C9F803F10803F6D10020E1E708A921F0D9FCE4
S21401CA08CEE700BF55A504002DE9F04106468AB0D9
S21401CA181F480F4615460024FFF730FD002C01A9D4
S21401CA2814BF4FF05C0C4FF0360C10238846184A9A
S21401CA3812F8010B013B8CEA000013F0FF0301F822
S21401CA48010BF5D105A823F09EFF4246102105A843
S21401CA5823F09DFFC4B93946324605A823F0FFFFE7
S21401CA682A460DF1140C0DF1240E634603CB7345CB
S21401CA78106051609C4602F10802F6D114B10AB062
S21401CA88BDE8F0810124C9E72A461021E5E700BF81
S21401CA98D77400202DE9F04791460D46C0B09DF8A1
S21401CAA82041DDF828811E46DFF87CA09DF8243158
S21401CAB807462246494640468AF8003002F0B8FE44
S21401CAC89DB12346324641463846FFF721FEB44219
S21401CAD807D9A11B3B46012289B208EB0600FFF7DE
S21401CAE8CFFD002040B0BDE8F087A11B3B460122E0
S21401CAF889B208EB0600FFF7C3FD224641466846A1
S21401CB0802F096FE3246694638462346FFF700FE8F
S21401CB189AF800200DEB040109EB040003F044F831
S21401CB280028DED02C20DDE7597F002038B50346E3
S21401CB38104601F1100451F8045BA14242F8045B67
S21401CB48F9D104491BB1FFF7D3FC002038BDFFF724
S21401CB5803FDFAE7D774002030B5054689B0694663
S21401CB6821F031FA6B8804ACABB1224629466846F7
S21401CB7821F0C9F90E4A08AD234603CBAB42106033
S21401CB8851601C4602F10802F6D10948FFF76AFC13
S21401CB98002009B030BD6B46054D1A4603CAA242AD
S21401CBA828606960134605F10805F6D1EDE700BF70
S21401CBB8D774002050B10B4B0B4A03F1100153F800
S21401CBC8040B8B4242F8040BF9D17047064B054A11
S21401CBD803F1100153F8040B8B4242F8040BF9D108
S21401CBE8704700BFD7740020B774002008B510221C
S21401CBF8024802F0DFFC002008BD00BFC774002011
S21401CC0808B508461022024902F0D4FC002008BDE7
S21401CC18C774002010B5044686B001A9114A11232D
S21401CC2801200AF08DFD9DF8143001A8E37024F068
S21401CC38A0FA80F001000C4A01A9607011230120B6
S21401CC480AF07EFD9DF8143001A8A37024F091FA2D
S21401CC5880F00100207011F0F7FF6060002006B038
S21401CC6810BD00BF75E4010079EB010010B504465C
S21401CC7886B01123134A012001A90AF061FDA378A1
S21401CC889DF814209A4207D08DF8143000201123FD
S21401CC980C4A01A90AF054FD11230B4A012001A9E7
S21401CCA80AF04EFDE3789DF814209A4207D08DF8D5
S21401CCB8143000201123044A01A90AF041FD06B0E8
S21401CCC810BD00BF79EB010075E401002DE9F041C4
S21401CCD886B0064603A80C4614F078FC05460028DC
S21401CCE84AD1BDF80C30980646D51022294620466A
S21401CCF802F00EFC01A813F01BFCC0B1777B06F10D
S21401CD08040817F0020F06D00822404601A902F0CF
S21401CD184BFF00282ED101AB47F0020703CB70600A
S21401CD28C8F804107773238843F008032380238800
S21401CD3843F00203238012F0CBFF606023F02BF848
S21401CD4830B10E4B1B68A360238843F0040323808D
S21401CD580B4B1A68D1035EBF238843F01003238068
S21401CD68130203D5238843F400632380284606B0BC
S21401CD78BDE8F0812D25F9E72425F7E7205900209D
S21401CD882459002010B5D0E9023253F8223090B069
S21401CD981C6840226946204621F07EFB034630B1D6
S21401CDA8224600200549FDF7C1FE10B010BD01223C
S21401CDB869460820FDF764FEF7E700BF07A60400EA
S21401CDC870B500F0B1F800280CBF6E227922002059
S21401CDD81349FDF7ABFE00F0A7F8F0B121F070FBA0
S21401CDE800280CBF6E22792200200E49FDF79EFE10
S21401CDF8082200200C49FDF799FE00250B4C0C4E25
S21401CE08234654F8042C314600200335FDF78EFEE0
S21401CE18182D04F10C04F3D170BD3F22E4E700BFDE
S21401CE283FA6040056A6040066A60400485A002039
S21401CE3885A6040070B521F028FB04462149002088
S21401CE48FDF774FE2CB92046BDE870401E49FDF773
S21401CE586DBE00F0BBF805461C4B62690020002A2F
S21401CE6808BF1A461A492668FDF760FEA288002000
S21401CE781849FDF75BFE1849E2880020FDF756FEC3
S21401CE88A388228913F010001ABF002013491449F9
S21401CE98FDF74CFEE26800201249FDF747FE2269BD
S21401CEA800201149FDF742FE104A114B0020B6F545
S21401CEB8817F38BF13460F492A46BDE87040FDF703
S21401CEC835BE00BFBAA60400C7A604000F75040045
S21401CED8E8A6040006A7040027A7040044A7040040
S21401CEE861A704007FA704009DA70400B2A604005A
S21401CEF8A8A60400BBA7040038B5014600230C25E4
S21401CF08084A05FB03F4A0181459013404D10C226D
S21401CF1802F050FB002038BD0133082BF1D1012067
S21401CF28F9E700BF445A0020034B1878012894BF3C
S21401CF3800200120704700BFE974002038B5044678
S21401CF48044D2878A04203D0214621F07EFA2C70A1
S21401CF5838BD00BFE974002000B58FB03422002127
S21401CF6801A802F0D5FA01A8EEF7CAFB0598D0B1D8
S21401CF7882680E4BB2F5803F34BF92B2C2F38F225D
S21401CF8841881A81028828BF41F010011A60426858
S21401CF989980DA80C268DA6002691A6142695A6160
S21401CFA8027E18461A760FB05DF804FBC8590020B1
S21401CFB8054B1B7820B1012B04D80220FFF7BEBF12
S21401CFC8012BFBD8704700BFE974002010B5084C48
S21401CFD8237853B921F059FA0123237028B103683D
S21401CFE8B3F5817F24BF037E2370207810BD00BF70
S21401CFF8E874002070B5184B1B78012B2BD821F04C
S21401D00827FA164D024616490020FDF78FFD012026
S21401D018FFF7CEFF2E78FF2E1DD1FFF79DFFC8B173
S21401D028848860223146C4F340040E482C7002F00E
S21401D0386FFA602231460C4802F06AFA5CB1FFF7D3
S21401D048C5FF042807D9BDE8704040F22B110748F0
S21401D05827F00BB8287070BDE97400205A7F0020AD
S21401D068DEA70400445A0020E4590020F0A7040073
S21401D0782DE9F04FDFF884928DB003AB074688465A
S21401D088144699E8070083E80700FFF7B3FFFFF7A0
S21401D0989DFF944B06461D784B46012D40F0708146
S21401D0A8012840F27281B7FBF0F200FB1272002AE7
S21401D0B800F06B818C4900228B46D1F800C0BCF188
S21401D0C8FF3F04D0087A6044874200F01981013294
S21401D0D8082A01F10C01F0D193E8070006AE0DF11C
S21401D0E8240A86E807008AE80700FFF76FFFB7FB00
S21401D0F8F0FB00FB1B7BA0EB0B094A4641460646A4
S21401D1080AA809978DF82C9002F092FB00224FF09E
S21401D1180C0E764902E00132082A0ED00EFB02F008
S21401D12800EB010C08580130F5D19AE807008CE8A5
S21401D13807006F490A7801320A70A14504DD4FF4E9
S21401D148E2716C4826F091FFA41B5C444F44A1B2DF
S21401D15817FA84F4B4FBF6F206FB1242C8448E1A98
S21401D16891B1A41A08EB060107A88DF820200694A9
S21401D17802F05EFB06A8FFF7BFFEFF2804D140F2C7
S21401D188D9115C4826F071FFB6B2B6B10320FFF795
S21401D198D5FE802E0AD832464146574802F048FB4B
S21401D1A832463846544921F05BF905460220FFF716
S21401D1B8C5FE28460DB0BDE8F08F0025F9E74FF407
S21401D1C80E714C4826F051FF464B1B78012B00F098
S21401D1D8E380002C36D00320FFF7B0FE802C2FD832
S21401D1E822464146444802F023FB22463846424935
S21401D1F821F036F905460220FFF7A0FEDFF8F09089
S21401D20899F8003093B1039CFFF7E0FE374B0027EF
S21401D21898461A68511C04D0197A411A521A94422F
S21401D22824D00137082F03F10C03F2D1002DC0D109
S21401D238039B0133C1D003A8FFF75EFE0546B8E796
S21401D2480125D8E72546D9E740F26D21294826F079
S21401D2580CFF012524E0012D30D0802E2FD8324630
S21401D2682549039821F0FCF8054628E0002DA0D1B1
S21401D2780C247C4308EB04039DF814A093F808B02B
S21401D2880AEB0B03802BDFDC1B4B524604A918461E
S21401D29802F0CEFA211D5A464144504402F0C8FA1B
S21401D2A80C2303FB07839DF814201B7A13449E4224
S21401D2B8D1D040F273210F4826F0D7FE012502206F
S21401D2C8FFF73CFE99F8003013B1013B89F80030AE
S21401D2D84FF0FF3308EB040248F80430C2E9013383
S21401D2E867E700BF5A7F0020445A0020E45900200F
S21401D2F8E7740020F0A70400485900207CF50400D4
S21401D3084FF00C0A0AFB02B3187AA6EB00095FFA7B
S21401D31889F9A14501D35FFA84F90AFB02FA0AF1F1
S21401D328040528444A464146584402F081FA0BEB64
S21401D3380A031A7AA4EB09044A44D2B2B242A4B246
S21401D3481A7219D103200193FFF7F8FD32460BEB49
S21401D35805015BF80A0021F083F805460220FFF76D
S21401D368EDFD4FF0FF32019B4BF80A20C3E901227D
S21401D378002D7FF41EAFC844002C3FF41EAF4F4467
S21401D388104B1B78012B7FF424AFB7FBF6F306FB93
S21401D3981373002B7FF413AFE319B3FBF6F506FB03
S21401D3A81535002D3FF415AF641B5B1B08EB040114
S21401D3B82A4604A80393A4B202F03AFA8DF8145048
S21401D3C807E700BF5A7F002070B5134B1B78012B67
S21401D3D80CD1FFF70FFE0026104D55F8043C01331B
S21401D3E806D10336182E05F10C05F6D1002411E0F6
S21401D3F80320FFF7A3FD55F8044CFFF7E7FD294680
S21401D4080246204621F02CF804460220FFF796FD36
S21401D418002CE6D0204670BD5A7F0020485A0020CE
S21401D42870B505460C46FFF7E5FD0520FFF786FDB6
S21401D4382146284621F022F806460220FFF77EFDFF
S21401D44800220A4B2C441968481C08D0A94206D366
S21401D458A1423EBF4FF0FF31C3E900119960033284
S21401D468182A03F10C03EED1304670BD445A002049
S21401D478D0E9023253F8223010B51C68204600F075
S21401D48895FA28B12146BDE81040024800F022BFAF
S21401D49810BD00BF8AA8040008B5D0E9023253F8C7
S21401D4A82230186800F06CF920B1BDE8084002483F
S21401D4B800F010BF08BD00BFACA804002DE9F0417C
S21401D4C8D0E9023253F8221003EB82035B680F6837
S21401D4D81D789AB0642D04D96421114800F0FAFE2B
S21401D4E864252A46384601A900F002F9044698B987
S21401D4F80C4800F0EFFEDFF8348001AE013DA5428E
S21401D50802DC1AB0BDE8F0813919404616F8012B3D
S21401D51800F0E0FE0134F2E7034800F0DBFEF0E736
S21401D528CFA80400EFA8040019A9040006A904005E
S21401D5382DE9F04700252D4FDFF8E080DFF8E09071
S21401D5488CB0284603A900F0EFF810B10CB0BDE87E
S21401D558F087049B2946039A0093384600F0BAFEE2
S21401D568404600F0B7FE059910290CD810290CD8AA
S21401D578DFE801F00F14320B340B0B0B360B0B0BD9
S21401D5880B0B0B0B3A0020292CD0194800F0A2FEF1
S21401D59807E0184800F09EFE0135D2E7164800F06D
S21401D5A899FE0699484600F095FE0799134800F03B
S21401D5B891FE134800F08EFE1024DFF868A00DF1E6
S21401D5C81F06504616F8011F013C00F083FE14F0B2
S21401D5D8FF04F6D10B48DDE70B48E0E70B48DEE72A
S21401D5E80B48DCE70B48DAE70B48D8E734A9040010
S21401D5F8D9A9040089A9040099A90400FFA904006F
S21401D60817AA0400774B0400A1A90400A9A90400DD
S21401D618B2A90400BDA90400D4A9040078A904008D
S21401D628E8A9040028AA040010B50B4C8EB023788C
S21401D6385BB9EDF7DFFF014650B9012301A8237056
S21401D648EEF75EF8054B049A1A6020780EB010BD06
S21401D658034800F03FFEF8E7EA740020185D002052
S21401D6682EAA040000B58FB0FFF7DEFF002829D0E8
S21401D67801A8EEF745F8059B1448198800F02AFE1C
S21401D688059B13485969134B002908BF194600F032
S21401D69821FE059B1048598800F01CFE059B0F4883
S21401D6A8196900F017FE059B0D48D96800F012FEAF
S21401D6B8059B0C48197E00F00DFE0B4B0B481968AC
S21401D6C800F008FE0FB05DF804FB00BF6BAA04006B
S21401D6D87DAA04000F7504008FAA0400A3AA0400FB
S21401D6E8B7AA0400CBAA0400185D0020DFAA04002C
S21401D6F870B5064615460C4679B172B1FFF794FF28
S21401D70868B121462A463046EEF704F9014618B1B3
S21401D718044800F0DFFD012070BD2120FCE7112040
S21401D728FAE700BFF1AA040037B505460C46FFF72D
S21401D7387BFFE0B1114B1B68AB421AD9CCB1002173
S21401D7482422204601F0E4FE214628461CF018F95A
S21401D75888B9284601AA04F10801EEF78DF820B128
S21401D76840F20643C01A18BF012003B030BD11208D
S21401D778FBE72120F9E70120F7E700BF185D002045
S21401D788F0B593B00546FFF74FFF002845D0254B67
S21401D7981A68AA4207D829462348013A00F09AFD92
S21401D7A8212013B0F0BD05A8EDF7AAFF284603A966
S21401D7B81CF0E6F898BB049A22F4FF57C2F30C0350
S21401D7C827F01F072BB14FF400532946174800F0DE
S21401D7D881FD039E7FB126F055FC30464FF400517B
S21401D7E8EEF724F93346044606F5005650B9039B6E
S21401D7F8F31ABB42EFD32A4639460D4800F06AFDB4
S21401D808002406E000902A464FF40051094800F02B
S21401D81861FD201E18BF0120C3E71120C1E70120C2
S21401D828BFE700BF185D00201FAB0400CDAB0400A6
S21401D8388CAC04003BAC040010B5044638B1FFF7C5
S21401D848F3FE30B10020044B1B68236010BD212075
S21401D858FCE71120FAE700BF185D002010B5044662
S21401D868FFF7E2FEB0B10C4B1A68A24206D8214671
S21401D8780A48013A00F02EFD212010BD26F002FCD0
S21401D88840F2512220460649EDF7B6FF003818BF88
S21401D8980120F2E71120F0E7185D00201FAB040015
S21401D8A8C45A002010B50446FFF7BEFE70B12146E3
S21401D8B80848EDF7C1FF40F20323984208D040F22A
S21401D8C8012398420CBF0520012010BD1120FCE75A
S21401D8D80020FAE7C45A00202DE9F0412D4D0446F0
S21401D8E82F68FFF7A1FE002851D02968A14207D862
S21401D8F84A1E2948214600F0EDFC2120BDE8F081AA
S21401D9082648EDF759FFDFF894800246B0B943463A
S21401D9182E68964222D1BE4214BF3A4606F1FF321D
S21401D92812BB31461D48C8F80040EDF725FF0146F1
S21401D93800B31B4800F0CEFC0120DFE72046EDF7D8
S21401D948FBFE044638B10146164800F0C3FC201E0B
S21401D95818BF0120D2E7EDF703FDF8E753F8041BDB
S21401D9688C42DDD00132D4E70C499200081D01F043
S21401D97821FED6E729680948EDF71EFF044610B1CF
S21401D98801460948D6E7EDF7EBFC2046B6E7112035
S21401D998B4E700BF185D00201FAB0400A45A00209E
S21401D9A8D2AC0400A8AC040005AD0400F8B50446E2
S21401D9B8FFF73AFE002845D0234B1A68A24207D83B
S21401D9C821462248013A00F085FC21242046F8BD6C
S21401D9D81F4800F07FFC26F055FB40F251221D49F6
S21401D9E82046EDF709FF40F20327054626F04AFBD5
S21401D9F8184E65B140F203239D421AD029461648AF
S21401DA0800F068FC0124154800F064FCDEE726F007
S21401DA1839FB29463046EDF70FFFB84209D040F2E8
S21401DA280123984203D10E4800F054FCE1E705466D
S21401DA38DFE721460B4800F04DFC2046FFF74CFF78
S21401DA480446E0E71124C1E7185D00201FAB040077
S21401DA583CAD0400C45A00205CAD0400774B0400BA
S21401DA681B81040074AD04000322024B186019617F
S21401DA785A6370470000025C3F22034B1A63102268
S21401DA88DA6103229A6370470000025C024AD36B8C
S21401DA989B07FCD4704700BF0000025C044B9B6ADE
S21401DAA813F0240F14BF012000208000704700BF28
S21401DAB80000025C08B5FFF7F1FF084BDB6B23F4A7
S21401DAC87F4323F0EF03003B18BF012350EA83008E
S21401DAD81EBF0122024BC3F8FC2F08BD0000025CE2
S21401DAE800F0FF3F4368182B0AD0202B1DD0102BBF
S21401DAF82BD1174BD3F80434DB010AD40120704725
S21401DB08134BD3F804349A01F8D50B6843F008038D
S21401DB180B6003680F4A934210D10B6843F0400329
S21401DB280B600023436000207047094BD3F8043488
S21401DB385B01E3D50B6843F00403E9E7064A934221
S21401DB48F1D10B6843F08003EAE70720704700BF6E
S21401DB580000025CEC740020EB7400200B4607B54D
S21401DB680749D1F80414C90708D5002100920246CE
S21401DB78084600F043F803B05DF804FB0120FAE715
S21401DB880000025C0B4607B50749D1F80414C9071B
S21401DB9808D5009201210246002000F02FF803B0B4
S21401DBA85DF804FB0120FAE70000025C13B5084C97
S21401DBB8D4F80444640709D5CDE900230B460021AF
S21401DBC80246084600F044F802B010BD0120FBE703
S21401DBD80000025C13B5084CD4F80444640709D560
S21401DBE8CDE900230B4602460121002000F030F85B
S21401DBF802B010BD0120FBE70000025CF0B51C4630
S21401DC085B6815468DB01A07129E1AD1CBB1726899
S21401DC18934216D10C4B0D4A53F8217009AB07CA2B
S21401DC2883E807001A462946CDE90533CDE90333CB
S21401DC38CDE90163009447F4807020F092FC0DB0A2
S21401DC48F0BD0720FBE700BF94F5040088F5040043
S21401DC58F0B51D4616466A688DB0DDE91273E2B165
S21401DC687868824219D15A68102A16D10C4A09AC2A
S21401DC7852F821C00B4A07CA84E8070022463146F3
S21401DC88CDE90544CDE90344CDE9017400954CF48A
S21401DC98806020F066FC0DB0F0BD0720FBE700BFF2
S21401DCA894F5040088F5040010B50A46044619B12F
S21401DCB8024B00211B68984710BD00BF9CF5040065
S21401DCC810B5114C2378580744BF23F0040323707A
S21401DCD82378990705D500F05DF8237823F0020329
S21401DCE8237063781BB10023084A636053600023DE
S21401DCF8082106486370FFF7D7FF2378DA0744BF81
S21401DD0823F00103237010BD1C5D0020205D002058
S21401DD1838B51A4C62782378022A01D1072B11D01C
S21401DD28DD0712D52378980707D400F02BF8237857
S21401DD38054643F00203237080B96278237882B1DE
S21401DD485A0716D50025284638BD1CF020FD23782D
S21401DD58054643F0010323700028E3D0FFF7B0FF20
S21401DD68F1E7D907ECD5064962604A60022262707B
S21401DD78E6E743F004032370E4E700BF1C5D0020D8
S21401DD88205D00200122024B002083F8F020704716
S21401DD98285D00202DE9F0410A4C002526464FF063
S21401DDA8010803272046C4F81C802776013520F091
S21401DDB8C6FC062D04F12804F4D1002386F8F030B9
S21401DDC8BDE8F081285D00202DE9F04F984691B016
S21401DDD80B1E0A93B44B914614BF83469B460025F7
S21401DDE81A9E98F8000070B94D4538BF2A464B462A
S21401DDF84FF000000A9928BF09F1FF32D847284694
S21401DE0811B0BDE8F08F252808F1010806D02A468A
S21401DE184B460A996C1CD8472546E2E7002341463B
S21401DE2811F8012B2B2A16D00AD8202A16D0232A15
S21401DE3817D0A2F13000092834D800270A2418E0A0
S21401DE482D2A05D0302AF4D143F001038846E6E7A7
S21401DE5843F00203FAE743F00403F7E743F0080345
S21401DE68F4E743F01003F1E7884604FB0722A2F122
S21401DE783007414611F8012BA2F130000928F3D9E1
S21401DE8898F800202E2A52D198F8011008F10102BC
S21401DE98A1F13000092843F480633ED800244FF0EE
S21401DEA80A0E11E02A2A08D156F8047B8846002F64
S21401DEB8BCBF43F002037F42E2E70027E0E70246E1
S21401DEC80EFB0411A1F13004104610F8011BA1F154
S21401DED8300CBCF1090FF2D99046424612F8011BE4
S21401DEE86C292DD025D8682933D06A293BD04246DB
S21401DEF8904618F8010B672860D8572836D8452861
S21401DF0808D084D9462800F0188147287FF47FAFC7
S21401DF1843F4006343F0200327E12A2906D156F883
S21401DF28044B08F1020824EAE474D6E79046002474
S21401DF38D3E7742901D07A29D9D143F48073D7E776
S21401DF4898F801106C29F8D143F4407308F10202DD
S21401DF58CEE798F80110682902D043F08003C7E796
S21401DF6843F0C003F2E743F40073C1E7A0F1580297
S21401DF780F2A3FF64CAF01A151F822F025E0010027
S21401DF8817DE010017DE010017DE010017DE0100AB
S21401DF9817DE010017DE010017DE010017DE01009B
S21401DFA817DE010025E0010091E1010025E00100EE
S21401DFB867E1010047E1010067E10100A0F169019D
S21401DFC8C9B20F293FF623AF012249F2410C8A4014
S21401DFD812EA0C0218D10A2900F0158107297FF4E4
S21401DFE816AF43F0210305930823CDE90343102315
S21401DFF8CDE9012356F8043B2A46009358464B467A
S21401E0080A9920F08CFCA8E06F2800F05E8110D9F0
S21401E018782808D1102223F00C0310E0582839D0AC
S21401E028622800F054810A2223F01003642806D0DF
S21401E038F1E769284FF00A0223F01003F6D15905D3
S21401E04848BF23F00103692803F4007101D064284E
S21401E05840D111B3073626F00706B24670685AF85B
S21401E068081BCDE9077300230593C30F0028029305
S21401E07806940B46049202DA4B4260EB4000CDE967
S21401E08800304B462A4658460A9920F08AFC05462F
S21401E0985646A6E643F02003BCE7D90506F1040A6E
S21401E0A804D5316805E000BF89E7030058060CD59A
S21401E0B83178CDE90224CDE9047300294FEAD173FA
S21401E0C80193B8BF4942009120E01906E9D5B6F98F
S21401E0D80010EEE779B1CDE907730023CDE90423F3
S21401E0E806F1070A2AF0070A06940293FAE80223B9
S21401E0F8CDE90023C5E7D80506F1040A0DD5CDE913
S21401E1080473CDE902240191336800934B462A46ED
S21401E11858460A9920F003FCB9E7590607D531781D
S21401E128CDE904730023CDE902240193CBE73168D6
S21401E13813F0800F18BF89B2F2E743F02003CDE948
S21401E1480173073626F007060094B6EC020B4B4619
S21401E1582A4658460A99E8F73BFB054641E600F089
S21401E168DF00472801D143F40063CDE90173073680
S21401E17826F007060094B6EC020B4B462A4658468C
S21401E1880A99E8F769F9E8E713F0020426D04FF090
S21401E198010A6B1C0B932A464B460A9916F8040B80
S21401E1A8D84774B354460B9A21E04B4620200A9967
S21401E1B8D8470AEB05020AF1010A5745F5D83A1E6F
S21401E1C818BF0122002A07F1FF3308BF002307F111
S21401E1D8010A1D4408BF4FF0020ADAE7A246E8E73B
S21401E1E8551C4B4620200A99D8472A460134BC427A
S21401E1F8F6D3A7EB0A03574538BF00230B9A1A44F0
S21401E2080B920B9DEDE53246002C52F8046B14BFB9
S21401E21821464FF0FF310B9232463144107808B14F
S21401E228914211D1A2EB060A13F480620C9202D035
S21401E238A24528BFA24613F002030D931BD1AAEBF1
S21401E24805032A460F9308E00132E7E7531C0E93AD
S21401E25820204B460A99D8470E9A0F9BD318BB42E3
S21401E268F4D3A7EB0A03574538BF00230AF1010286
S21401E2781D4403EB020AAB1B0E9304E01C464B46F7
S21401E2882A460A99D8470E9BF51816F8010B28B1A5
S21401E2980C9B002BF3D0631E002CEFD10D9B93B182
S21401E2A82A46AAEB050405E0561C4B4620200A9987
S21401E2B8D84732461319BB42F6D3A7EB0A0357458C
S21401E2C838BF00231D440B9E8BE50822A3E60222D5
S21401E2D8A1E600BF0FB41FB506AA52F8043B02A96F
S21401E2E80392009204484FF0FF32FFF76DFD05B028
S21401E2F85DF804EB04B070474BEA03001FB503460C
S21401E30800914FF0FF3203A90248FFF75DFD05B003
S21401E3185DF804FB4BEA03001FB5CDE90201009343
S21401E32802A9134603484FF0FF32FFF74DFD05B02B
S21401E3385DF804FB53EA03001FB5094B094A186840
S21401E348094B01A91860094B1360094A0192094A49
S21401E3581268CDE902231CF03DFA05B05DF804FB0E
S21401E368587B00205C4E0020604E00204C7B00202D
S21401E378DDE30400D8600020014B18681CF03EBAA3
S21401E388587B002038B5F1F727FF0446064D2B6861
S21401E398D3F8B002F1F714FF28681CF042FA2046B9
S21401E3A8BDE83840F1F70CBF587B002010B5234C68
S21401E3B8EFF7FAFEF0F706F8236F012023F00703BC
S21401E3C843F003032367F0F727F81D4B00209B6AE9
S21401E3D89B075EBF01221B4B9A62D4F8203123F0BB
S21401E3E8030343F00203C4F82031D4F8243123F0A0
S21401E3F8070343F00203C4F82431D4F8403123F06C
S21401E408030343F00103C4F84031D4F8603123F024
S21401E418030343F00103C4F86031D4F8403223F013
S21401E428030343F00103C4F84032D4F8003223F062
S21401E438070343F00103C4F8003210BD0080005002
S21401E44800C0005000E00050064B1B681A7A022AEA
S21401E45801D81AB97047032A00D070471B68024AC8
S21401E468136070475C7B0020D86000200022024BB6
S21401E4785A60DA601A607047DC60002008B501F05F
S21401E48811FD0022014B1A7008BD00BFED74002073
S21401E4980A46014920F041BBB90D05000A46014963
S21401E4A820F03BBBB40D05000A46014920F035BBF8
S21401E4B8AD0D05000A46014920F02FBBAA0D05003F
S21401E4C80A46014920F029BBA70D05000A4601495D
S21401E4D820F023BBA20D05000A46014920F01DBB0A
S21401E4E89D0D05000A46014920F017BB980D050049
S21401E4F80A46014920F011BB910D050081F0004143
S21401E50802E000BF83F0004330B54FEA41044FEA0A
S21401E518430594EA050F08BF90EA020F1FBF54EAA5
S21401E528000C55EA020C7FEA645C7FEA655C00F041
S21401E538E2804FEA5454D4EB5555B8BF6D420CDD12
S21401E5482C4480EA020281EA030382EA000083EA95
S21401E558010180EA020281EA0303362D88BF30BD35
S21401E56811F0004F4FEA01314FF4801C4CEA11318B
S21401E57802D0404261EB410113F0004F4FEA0333EA
S21401E5884CEA133302D0524263EB430394EA050F75
S21401E59800F0A780A4F10104D5F1200E0DDB02FAE4
S21401E5A80EFC22FA05F2801841F1000103FA0EF278
S21401E5B8801843FA05F359410EE0A5F120050EF13E
S21401E5C8200E012A03FA0EFC28BF4CF0020C43FA6F
S21401E5D805F3C01851EBE37101F0004507D54FF07C
S21401E5E8000EDCF1000C7EEB00006EEB0101B1F5CC
S21401E5F8801F1BD3B1F5001F0CD349085FEA300012
S21401E6084FEA3C0C04F101044FEA445212F5800F1C
S21401E61880F09A80BCF1004F08BF5FEA500C50F1B9
S21401E628000041EB045141EA050130BD5FEA4C0C9C
S21401E638404141EB0101013C28BFB1F5801FE9D2F9
S21401E64891F0000F04BF01460020B1FA81F308BF1C
S21401E6582033A3F10B03B3F120020CDA0C3208DDE8
S21401E66802F1140CC2F10C0201FA0CF021FA02F1C3
S21401E6780CE002F11402D8BFC2F1200C01FA02F133
S21401E68820FA0CFCDCBF41EA0C019040E41AA2BF58
S21401E69801EB0451294330BD6FEA04041F3C1CDA20
S21401E6A80C340EDC04F11404C4F1200220FA04F040
S21401E6B801FA02F340EA030021FA04F345EA0301EA
S21401E6C830BDC4F10C04C4F1200220FA02F001FAAC
S21401E6D804F340EA0300294630BD21FA04F029462E
S21401E6E830BD94F0000F83F4801306BF81F48011C7
S21401E6F80134013D4EE77FEA645C18BF7FEA655C3A
S21401E70829D094EA050F08BF90EA020F05D054EA0B
S21401E718000C04BF1946104630BD91EA030F1EBF10
S21401E7280021002030BD5FEA545C05D14000494114
S21401E73828BF41F0004130BD14F580043CBF01F507
S21401E748801130BD01F0004545F0FE4141F47001ED
S21401E7584FF0000030BD7FEA645C1ABF19461046C8
S21401E7687FEA655C1CBF0B46024650EA013406BFC9
S21401E77852EA033591EA030F41F4002130BD00BF88
S21401E78890F0000F04BF0021704730B54FF4806445
S21401E79804F132044FF000054FF0000150E700BFC6
S21401E7A890F0000F04BF0021704730B54FF4806425
S21401E7B804F1320410F0004548BF40424FF0000112
S21401E7C83EE700BF42004FEAE2014FEA31014FEA55
S21401E7D802701FBF12F07F4393F07F4F81F06051A4
S21401E7E8704732F07F4208BF704793F07F4F04BFEF
S21401E7F841F40021704730B54FF4607401F00045CC
S21401E80821F000411CE700BF50EA010208BF70472B
S21401E81830B54FF000050AE050EA010208BF70471C
S21401E82830B511F0004502D5404261EB41014FF485
S21401E838806404F132045FEA915C3FF4D8AE4FF08D
S21401E84803025FEADC0C18BF03325FEADC0C18BF70
S21401E858033202EBDC02C2F1200300FA03FC20FAC1
S21401E86802F001FA03FE40EA0E0021FA02F114440E
S21401E878BDE600BF70B54FF0FF0C4CF4E06C1CEA27
S21401E88811541DBF1CEA135594EA0C0F95EA0C0F98
S21401E89800F0DEF82C4481EA030621EA4C5123EA0B
S21401E8A84C5350EA013518BF52EA033541F480113A
S21401E8B843F4801338D0A0FB02CE4FF00005E1FBED
S21401E8C802E506F00042E0FB03E54FF00006E1FB37
S21401E8D803569CF0000F18BF4EF0010EA4F1FF047A
S21401E8E8B6F5007F64F5407404D25FEA4E0E6D41BA
S21401E8F846EB060642EAC62141EA55514FEAC520CB
S21401E90840EA5E504FEACE2EB4F1FD0C88BFBCF546
S21401E918E06F1ED8BEF1004F08BF5FEA500E50F1F7
S21401E928000041EB045170BD06F0004646EA0101BD
S21401E93840EA020081EA0301B4EB5C04C2BFD4EBEF
S21401E9480C0541EA045170BD41F480114FF0000EE8
S21401E958013C00F3AB8014F1360FDEBF002001F056
S21401E968004170BDC4F10004203C35DA0C341BDCD0
S21401E97804F11404C4F1200500FA05F320FA04F0A2
S21401E98801FA05F240EA020001F0004221F00041D6
S21401E99810EBD37021FA04F642EB06015EEA430E49
S21401E9A808BF20EAD37070BDC4F10C04C4F1200579
S21401E9B800FA04F320FA05F001FA04F240EA02002C
S21401E9C801F0004110EBD37041F100015EEA430EFD
S21401E9D808BF20EAD37070BDC4F1200500FA05F21D
S21401E9E84EEA020E20FA04F301FA05F243EA02039C
S21401E9F821FA04F001F0004121FA04F220EA0200AB
S21401EA0800EBD3705EEA430E08BF20EAD37070BDF0
S21401EA1894F0000F0FD101F00046400041EB0101D0
S21401EA2811F4801F08BF013CF7D041EA060195F0B2
S21401EA38000F18BF704703F00046520043EB03036C
S21401EA4813F4801F08BF013DF7D043EA0603704759
S21401EA5894EA0C0F0CEA135518BF95EA0C0F0CD064
S21401EA6850EA410618BF52EA4306D1D181EA0301AA
S21401EA7801F000414FF0000070BD50EA410606BFA4
S21401EA881046194652EA430619D094EA0C0F02D1E9
S21401EA9850EA013613D195EA0C0F05D152EA03362E
S21401EAA81CBF104619460AD181EA030101F000414C
S21401EAB841F0FE4141F470014FF0000070BD41F095
S21401EAC8FE4141F4780170BD70B54FF0FF0C4CF46F
S21401EAD8E06C1CEA11541DBF1CEA135594EA0C0F8E
S21401EAE895EA0C0F00F0A7F8A4EB050481EA030EDB
S21401EAF852EA03354FEA013100F088804FEA0333C2
S21401EB084FF0805545EA131343EA12634FEA02228F
S21401EB1845EA111545EA10654FEA00260EF0004150
S21401EB289D4208BF964244F1FD0404F5407402D2A2
S21401EB385B084FEA3202B61A65EB03055B084FEA33
S21401EB4832024FF480104FF4002CB6EB020E75EB30
S21401EB58030E22BFB61A754640EA0C005B084FEA58
S21401EB683202B6EB020E75EB030E22BFB61A7546D5
S21401EB7840EA5C005B084FEA3202B6EB020E75EB20
S21401EB88030E22BFB61A754640EA9C005B084FEA98
S21401EB983202B6EB020E75EB030E22BFB61A7546A5
S21401EBA840EADC0055EA060E18D04FEA051545EA94
S21401EBB816754FEA06164FEAC30343EA52734FEA3D
S21401EBC8C2025FEA1C1CC0D111F4801F0BD141EAB6
S21401EBD800014FF000004FF0004CB6E711F4801F1B
S21401EBE804BF01430020B4F1FD0C88BFBCF5E06FFB
S21401EBF83FF6AFAEB5EB030C04BFB6EB020C5FEA0B
S21401EC08500C50F1000041EB045170BD0EF0004E5F
S21401EC184EEA113114EB5C04C2BFD4EB0C0541EA91
S21401EC28045170BD41F480114FF0000E013C90E68E
S21401EC3845EA060E8DE60CEA135594EA0C0F08BF52
S21401EC4895EA0C0F3FF43BAF94EA0C0F0AD150EA51
S21401EC5801347FF434AF95EA0C0F7FF425AF1046E4
S21401EC6819462CE795EA0C0F06D152EA03353FF40C
S21401EC78FDAE1046194622E750EA410618BF52EA89
S21401EC8843067FF4C5AE50EA41047FF40DAF52EA5D
S21401EC9843057FF4EBAE12E74FF0FF3C06E000BFFA
S21401ECA84FF0010C02E000BF4FF0010C4DF804CD07
S21401ECB84FEA410C7FEA6C5C4FEA430C18BF7FEAC7
S21401ECC86C5C1BD001B050EA410C0CBF52EA430CF5
S21401ECD891EA030F02BF90EA020F0020704710F175
S21401ECE8000F91EA030F58BF994208BF90422CBF04
S21401ECF8D8176FEAE37040F0010070474FEA410CFD
S21401ED087FEA6C5C02D150EA013C07D14FEA430C1A
S21401ED187FEA6C5CD6D152EA033CD3D05DF8040B8B
S21401ED28704700BF8446104662468C4619466346BD
S21401ED3800E000BF01B5FFF7B7FF002848BF10F194
S21401ED48000F01BD4DF808EDFFF7F4FF0CBF0120D9
S21401ED5800205DF808FB00BF4DF808EDFFF7EAFF55
S21401ED6834BF012000205DF808FB00BF4DF808ED10
S21401ED78FFF7E0FF94BF012000205DF808FB00BF05
S21401ED884DF808EDFFF7CEFF94BF012000205DF88F
S21401ED9808FB00BF4DF808EDFFF7C4FF34BF01209C
S21401EDA800205DF808FB00BF4FEA410212F5001289
S21401EDB815D211D56FF47873B3EB625212D94FEAB4
S21401EDC8C12343F0004343EA505311F0004F23FA9E
S21401EDD802F018BF404270474FF00000704750EAF3
S21401EDE8013005D111F0004008BF6FF000407047B0
S21401EDF84FF00000704700BF4A0011D212F500120A
S21401EE0811D20DD56FF47873B3EB62520ED44FEA74
S21401EE18C12343F0004343EA505323FA02F07047F4
S21401EE284FF00000704750EA013002D14FF0FF3032
S21401EE3870474FF00000704753B94AB9002908BF18
S21401EE4800281CBF4FF0FF314FF0FF3000F08CB99F
S21401EE58ADF1080C6DE904CE00F006F8DDF804E023
S21401EE68DDE9022304B070472DE9F04F099D0E46EF
S21401EE7804460F46002B47D18A429446B2FA82F3DB
S21401EE885AD943B102FA03FCC3F120029F409C40C1
S21401EE9820FA02F217434FEA1C461FFA8CFE220C90
S21401EEA8B7FBF6F106FB117701FB0EF042EA0742C3
S21401EEB8904208D91CEB020201F1FF3702D29042B8
S21401EEC800F23C813946121AA4B2B2FBF6F006FBF0
S21401EED8102200FB0EFE44EA0244A64508D91CEBA4
S21401EEE8040400F1FF3202D2A64500F22A81104638
S21401EEF840EA0140A4EB0E0400211DB1DC400023CA
S21401EF08C5E90043BDE8F08F8B4205D90DB1C5E9C7
S21401EF18000100210846F5E7B3FA83F100294FD12D
S21401EF28B342C0F00281824240F2FF800846002DBB
S21401EF38E8D0C5E90047E5E7002B40F0AF808A1A1C
S21401EF484FEA1C4E1FFA8CF70121B2FBFEF60EFBA8
S21401EF581620220C42EA004207FB06F090420FD91F
S21401EF681CEB020206F1FF382CBF4FF001094FF0E7
S21401EF780009904203D9B9F1000F00F0DC8046463B
S21401EF88121AA4B2B2FBFEF00EFB102200FB07F722
S21401EF9844EA0244A7420FD91CEB040400F1FF32ED
S21401EFA82CBF4FF0010E4FF0000EA74203D9BEF159
S21401EFB8000F00F0C9801046E41B40EA06409CE7B3
S21401EFC8C1F120048B4006FA01FC00FA01FE22FA80
S21401EFD804F7E6408A401F4320FA04F34FEA17482D
S21401EFE843EA0C031FFA87FC4FEA1349B6FBF8F00D
S21401EFF808FB106649EA064600FB0CF9B1450ED92E
S21401F008BE1900F1FF3A2CBF4FF0010B4FF0000B71
S21401F018B14503D9BBF1000F00F0A2805046A6EB1C
S21401F02809061FFA83F9B6FBF8F308FB136603FB18
S21401F0380CFC49EA0646B4450ED9BE1903F1FF3859
S21401F0482CBF4FF001094FF00009B44503D9B9F1B7
S21401F058000F00F08280434643EA0040A6EB0C0608
S21401F068A0FB028C66454346E14602D307D1C64556
S21401F07805D2B8EB02036CEB070C0138E1465DB12B
S21401F088BEEB030266EB090606FA04F422FA01F35C
S21401F098CE401C43C5E90046002133E702FA03FCCB
S21401F0A8C3F1200299409C40D6404FEA1C4E20FAF4
S21401F0B802F21FFA8CF7B6FBFEF00A430EFB106647
S21401F0C8110C41EA064100FB07F68E420ED91CEBED
S21401F0D8010100F1FF382CBF4FF001094FF000097C
S21401F0E88E4202D9B9F1000F34D04046891B92B23C
S21401F0F8B1FBFEF60EFB161142EA014206FB07F1CA
S21401F10891420ED91CEB020206F1FF382CBF4FF0D4
S21401F11801094FF00009914202D9B9F1000F16D042
S21401F1284646521A46EA00410FE7841A66EB03027E
S21401F13801201746FBE6023E624421E70239624493
S21401F148C1E664440238D3E66444023834E7023E32
S21401F1586244E6E702386144C8E7023B3E447BE77F
S21401F16802383E445BE700BF704700BF2DE9F04F09
S21401F178924685B089461E460D46554A039029464D
S21401F18815F8014B135D13F00803F8D12D2C7CD02C
S21401F1982B2C4ED04FF0FF3102936FF00043CDE990
S21401F1A8001336F0100851D037464FEAE6783A464B
S21401F1B84346DDE90001FFF73FFE002383468E46FE
S21401F1C818461946A44613E0ACF13704A6421FDDDB
S21401F1D8002B09DB83457EEB010305D38E4508BF6B
S21401F1E883453BD1A24239DA4FF0FF3315F801CBFC
S21401F1F8ACF13004092CE9D9ACF14104192CE3D956
S21401F208ACF16104192C03D8ACF15704A642DFDC33
S21401F2185A1C2FD0029A12B1404261EB4101BAF151
S21401F228000F03D0002B48D1CAF8009005B0BDE8FE
S21401F238F08F4FF0FF30029336F010086FF000435E
S21401F2482C7801F10205CDE90003ADD1302C25D08B
S21401F258002E3AD10A27B0463E46A8E700FB08F337
S21401F26807FB0133A0FB07010B44201843EBE471AD
S21401F2780123BBE72223039A1360BAF1000F17D0C4
S21401F28805F1FF39DDE90001CEE74FF000470093AD
S21401F29801232C788D1CCDE9017382E72B7803F0C6
S21401F2A8DF03582B0CD086B90827B0463E467EE7C2
S21401F2B8DDE9000105B0BDE8F08FCDE90001DFE723
S21401F2C810276C7802353E4671E710273E466EE7F2
S21401F2D8C10D05004AE700BF10B4044C13460A46A0
S21401F2E8014620685DF8044B40E700BF8C7B002090
S21401F2F810B4044C13460A46014620685DF8044BD0
S21401F30834E700BF8C7B002020F0030110F00300D7
S21401F318C0F1000051F8043B00F1040C4FEACC0C94
S21401F3286FF000021CBF22FA0CF213434FF0010CD7
S21401F3384CEA0C2C4CEA0C4CA3EB0C0222EA030216
S21401F34812EACC1204BF51F8043B0430F4D0C2F1DF
S21401F358000102EA0102B2FA82F2C2F11F0200EBD0
S21401F368D20070472DE9F04780460C4645482646A8
S21401F37814F801EB10F80EC01CF0080CF7D1BEF11A
S21401F3882D0F5BD0BEF12B0F3AD0654633F0100037
S21401F3983ED04FF0FF379A46B7FBF3F703FB07F962
S21401F3A86FEA0909002630460EE0AEF1370C6345D0
S21401F3B81DDD002E04DBB84202D833D1CC4531DD41
S21401F3C84FF0FF3614F801EBAEF1300CBCF1090F23
S21401F3D8EDD9AEF1410CBCF1190FE6D9AEF1610CCD
S21401F3E8BCF1190F03D8AEF1570C6345E1DC731C69
S21401F3F81CD005B140420AB1F6B91160BDE8F087E4
S21401F40833F0100094F800E0654606F10204C0D116
S21401F418BEF1300F17D06BBB0A234FF005091A4F00
S21401F4289A46BFE700FB0AC00126CBE722233046EF
S21401F438C8F80030002AE1D0611EDEE794F800E043
S21401F4480125B41CA2E7207800F0DF00582807D071
S21401F45883B908234FF007096FF060479A46A1E77A
S21401F468102394F801E04FF00F0902346FF070474B
S21401F4789A4697E710234FF00F096FF070479A46A0
S21401F48890E700BFC10D0500999999196AE700BF71
S21401F49810B4044C13460A46014620685DF8044B2E
S21401F4A860E700BF8C7B002010B4044C13460A4664
S21401F4B8014620685DF8044B54E700BF8C7B0020AA
S21401F4C80F4B70B50F4DAB42A3EB050607D0B61030
S21401F4D80024013455F8043B9847A642F9D80A4D4A
S21401F4E824F0DAFF094B5E1BAB424FEAA60606D0AC
S21401F4F80024013455F8043B9847A642F9D870BD54
S21401F5088C7F00208C7F00208C7F0020907F00203D
S21401F51870B5860747D0541E002A3ED0CAB20346A5
S21401F52801E0013C39D303F8012B9D07F9D1032CDF
S21401F5382CD9CDB20F2C05EB052505EB054535D99C
S21401F548A4F1100C03F1100E1A462CF00F064FEA20
S21401F5581C1CB644C2E90055C2E902551032724570
S21401F568F8D10CF1010214F00C0F04F00F0C03EBA8
S21401F578021213D0ACF1040323F00303043313443B
S21401F58842F8045B9342FBD10CF003042CB1C9B2D8
S21401F5981C4403F8011BA342FBD170BD6446134605
S21401F5A8002CF4D1F9E703461446C0E71A46A446E8
S21401F5B8E0E700BF88420ED98B1883420BD900EBCF
S21401F5C8020C002A6ED0624613F801CD994202F861
S21401F5D801CDF9D170470F2A0FD8034602F1FF3C37
S21401F5E8002A5FD00CF1010C013B8C4411F8012B69
S21401F5F8614503F8012FF9D1704740EA01039B07DB
S21401F60851D1A2F1100301F1200C70B523F00F05BA
S21401F61801F1100E00F110041B09AC445EF8105CF1
S21401F6280EF1100E103444F8205C5EF81C5C44F8A9
S21401F6381C5C5EF8185C44F8185C5EF8145CE645D9
S21401F64844F8145CEAD1013312F00C0F02F00F0CE7
S21401F65801EB031100EB031329D0ACF1040C1C1FBA
S21401F6688E462CF003064FEA9C0C1E445EF8045B9B
S21401F67844F8045FB442F9D10CF1010402F0030224
S21401F68803EB840301EB840102F1FF3C4AB10CF160
S21401F698010C013B8C4411F8012B614503F8012F3D
S21401F6A8F9D170BD704702F1FF3C03469AE76246FE
S21401F6B8EAE700BF2DE9F04F82468E463F48754679
S21401F6C81EF801BB10F80B4014F00804F7D1BBF183
S21401F6D82D0F5BD0BBF12B0F6FF0004904BF9EF8CE
S21401F6E800B005F1020E33F0100010D1BBF1300F57
S21401F6F804D0002B5ED10A231F4609E09EF80000BD
S21401F70800F0DF0058284ED0002B53D108231F469F
S21401F7180025B9FBF7F6284607FB16980EE0ABF16D
S21401F728370C63451DDD002D04DB864202D321D14B
S21401F738E0451FDA4FF0FF351EF801BBABF1300C80
S21401F748BCF1090FEDD9ABF1410CBCF1190FE6D9A3
S21401F758ABF1610CBCF1190F03D8ABF1570C63453B
S21401F768E1DC6B1C0AD004B140420AB1CDB9116084
S21401F778BDE8F08F07FB00C00125DDE72223CAF8A4
S21401F78800305AB10EF1FF314846F0E79EF800B056
S21401F7984FF0004905F1020E0124A4E74846BDE8EA
S21401F7A8F08F8146EEE710239EF801B00EF1020EA7
S21401F7B81F46ADE710231F46AAE700BFC10D050087
S21401F7C8242B02D8012B00D074E710B500F02EFACE
S21401F7D816230360002010BD10B5242A084C1346D2
S21401F7E8246807D8012A05D00A4601462046BDE8FE
S21401F7F810405FE700F01AFA16230360002010BDD8
S21401F8088C7B002010B5242A084C1346246807D898
S21401F818012A05D00A4601462046BDE8104049E7B8
S21401F82800F004FA16230360002010BD8C7B00202C
S21401F838844641EA000313F0030349D1403A23D32F
S21401F8480B6803604B6843608B688360CB68C36052
S21401F8580B6903614B6943618B698361CB69C3613A
S21401F8680B6A03624B6A43628B6A8362CB6AC36222
S21401F8780B6B03634B6B43638B6B8363CB6BC3630A
S21401F88840304031403ADBD230320BD30B6803604C
S21401F8984B6843608B688360CB68C3601030103157
S21401F8A8103AF3D20C3205D351F8043B40F8043B26
S21401F8B8043AF9D2043208D0D2071CBF11F8013B2A
S21401F8C800F8013B01D30B8803806046704700BFF0
S21401F8D8082A13D38B07B1D010F00303AED0C3F1B7
S21401F8E80403D21ADB071CBF11F8013B00F8013BE1
S21401F8F8A4D331F8023B20F8023B9FE7043AD9D358
S21401F908013A11F8013B00F8013BF9D20B78037074
S21401F9184B7843708B78837060467047024B01467C
S21401F92818681BF03DBD00BF8C7B0020024B0146CA
S21401F93818681BF038BD00BF8C7B0020CAB384460C
S21401F9480B4630B504460843800719D09CF80000DA
S21401F9580C78A04212D150B3012A28D0E64603E01B
S21401F9681CEB030F23D010B31EF8010F11F8014F3B
S21401F978A2EB0E03A04203F1FF33F1D0001B30BD0A
S21401F988032A07D8E2E7043A11D01EF0803F0ED1C9
S21401F998032A10D92068194653F8045BA446A0F137
S21401F9A8013E0434A8422EEA000EECD0CEE7002031
S21401F9B830BD10467047A4461946C7E780EA010CD1
S21401F9C81CF0030F37D110F0030C20F0030021F0D0
S21401F9D8030150F8042B08BF51F8043B0ED08CF0F5
S21401F9E8030C6FF07F434FEACC0C23FA0CFC51F85A
S21401F9F8043B42EA0C0243EA0C0300BFA2F1013CB5
S21401FA089A4201BF2CEA020C1CF0803F50F8042BE6
S21401FA1851F8043BF2D04FEA02604FEA122201285D
S21401FA2828BFB0EB036F08BF1B0AF4D003F0FF032F
S21401FA38000EC01A704710F0030F0AD010F8012BF9
S21401FA4811F8013B012A28BF9A42F4D0A2EB030021
S21401FA5870474DF8045D50F8042B01F0030521F0BA
S21401FA68030151F8043B022D26D04DD822F07F45DC
S21401FA78B5EB132FA2F1013C2CEA020C0DD11CF0B8
S21401FA88803C08BF51F8043B0AD185EA0205B5EB6C
S21401FA98036F0CD150F8042BE8E74FEA13235BE019
S21401FAA83CF07F4C54D10B784FEA126554E04FEA8C
S21401FAB8126503F0FF034FE04FEA0245A2F1013C4D
S21401FAC84FEA15452CEA020CB5EB134F18D11CF07A
S21401FAD8803C08BF51F8043B07D185EA0205B5EB1F
S21401FAE8034F09D150F8042BE6E75FEA0C4C2FD1F7
S21401FAF80B884FEA12452FE04FEA03434FEA1245B7
S21401FB084FEA134328E000BF02F0FF05B5EB136F79
S21401FB18A2F1013C2CEA020C0DD11CF0803C08BF76
S21401FB2851F8043B0AD185EA0205B5EB032F0AD141
S21401FB3850F8042BE8E74FEA13630DE012F0FF0FC5
S21401FB4806D051F8043B4FEA122523F07F4303E021
S21401FB584FF0000020BC704705F0FF0203F0FF00DD
S21401FB68012828BF904204BF2D0A1B0AF4D0A2EB35
S21401FB78000020BC704700BF08B5064B044613B109
S21401FB88002100F0AFF8044B1B6803B198472046E4
S21401FB9819F067FFEDFC01002462002000230146EE
S21401FBA81A46184600F048B8032A30B415D941EA6F
S21401FBB8000484460B46A40704D0541E0FE0043AFA
S21401FBC8032A08D91946604653F8044B5CF8045BC7
S21401FBD8A542F4D0F1E760461946541E7AB1431E91
S21401FBE80139021901E09A4209D013F8010F11F8F8
S21401FBF801CF6045F7D0A0EB0C0030BC7047002061
S21401FC0830BC704738B5074D074C2C1BA41005D0DF
S21401FC18013C55F8043D9847002CF9D1BDE8384019
S21401FC2824F040BC947F0020907F0020014B186888
S21401FC38704700BF8C7B0020F0B5264C83B0064683
S21401FC480F46256805B36C681F2C3FDCA6B1D5F8AE
S21401FC58880048B3D0F800114FF0010C40F8242072
S21401FC68022E00EB84020CFA04FC4CEA0101C0F8EF
S21401FC780011C2F8803010D0631C002002346B607B
S21401FC8845F8247003B0F0BD13491448216010B13B
S21401FC980068C1F88800104DD5E7D0F8043143EA6A
S21401FCA80C03C0F80431E7E70D49CDE9002369B133
S21401FCB84FF48470FFF732FE40B100216C68C0E94A
S21401FCC84011DDE90023C5F88800C5E74FF0FF308D
S21401FCD8D8E700BFB46200202862002000000000B8
S21401FCE825F901002DE9F04FDFF8B49083B0D9F873
S21401FCF8006096B3884601907568D6F888706C1EC1
S21401FD082BD4013507F1800B06EB8505B8F1000FFA
S21401FD1826D173682A68013BA3423BD000232B6097
S21401FD28BAB1D6F804A05FB30123D7F80011A340EF
S21401FD380B4225D0D7F8040157F8241003422BD1DB
S21401FD48019890477368D9F8002053451ED1B242EE
S21401FD581CD1013C043D631CD8D103B0BDE8F08F2B
S21401FD684FB15BF824304345D3D0013C043D621CB7
S21401FD78F3D0002FF5D1013CEFD3013CFBD2ECE7E1
S21401FD8890477368D9F800205345E0D0002AE4D09C
S21401FD981646B1E77460C3E708469047D2E700BF46
S21401FDA8B462002013B5044669461EF0A3FF204638
S21401FDB81FF0E7F8FF28024606D020469DF80010F7
S21401FDC8EFF764FA02B010BD0048FBE70080FFFFBA
S21401FDD82DE9F0418AB001AC05460B462746194A7B
S21401FDE802F1200C264610685168083203C662459F
S21401FDF83446F7D1002B08BF3B46002710681C463F
S21401FE083060384603F10C0690B95FFA87F8424627
S21401FE18284621881FF0D7F950B942462846E18876
S21401FE281FF0E2F920B94246314628461FF0EEF99E
S21401FE380137032F06F1080604F10204E4D10AB0DB
S21401FE48BDE8F081D80E0500F0B589B005460E4626
S21401FE5801F034FE044600BB01AC06F10C070FCFD7
S21401FE680FC497E8070084E8070001A9284605F0AB
S21401FE78F1FC2846311D1FF064FC044648B92846A3
S21401FE88074901F05DFA044618B9284601F0E0FD75
S21401FE98044628463168FFF79BFF204609B0F0BDA7
S21401FEA8D00E050001491EF078BF00BF491A0200AE
S21401FEB870B5164E032804460D4633781ED023FA2D
S21401FEC804F202F00102AA421DD053B10122A24057
S21401FED8A54023EA02032B43DBB233704BB1012062
S21401FEE870BD2DB10A4B01201B6898473378EDE7A2
S21401FEF83570074B00201B689847F0E79A07DED055
S21401FF0803F0FC03E9E7002070BD00BFEF74002092
S21401FF18F4640020F8B505460C4624F012F8104F94
S21401FF2806463B7833B1012D04D01CB90D4822F0A2
S21401FF3829FD3C7021462846FFF7BAFF0A4B0446BE
S21401FF481B783BB93B782BB91FF011F910B1074B59
S21401FF581B689847304623F0EFFF2046F8BD00BFE0
S21401FF68F0740020C8640020EF740020DC7B0020B9
S21401FF78054A0B46117831B100211170034A012157
S21401FF885268187810477047F0740020DC7B002010
S21401FF9838B5074D04462B78834207D001F0B8FCE4
S21401FFA820462C70BDE83840F0F708BC38BD00BFC5
S21401FFB8EE74002038B5044680B123F0C2FF012153
S21401FFC80446084622F052F901210B4A08461BF05E
S21401FFD8BBFA2046BDE8384023F0AEBF23F0B1FF98
S21401FFE805462146012022F041F901202146024A10
S21401FFF81BF0AAFA2846EDE7C1E404001B4B0229C8
S21402000810B5187002D0032904D010BD184B1B78FF
S214020018002BFAD105F08CFB0028F6D04FF00052E0
S214020028144BC3F88020BFF34F8FBFF36F8F01F0D6
S21402003847FC0028E9D001F03BFA0028E5D10E4B30
S2140200481C6834B123689847BDE81040002001F0C8
S21402005853BC1EF09EFE094B186024F05EF8084B4F
S2140200681860204601F034FCEEE700BF5C7F0020F3
S214020078EE74002000E100E018650020F06400201D
S214020088EC64002038B504460D4605F051FB80B1F5
S2140200984FF00052124B1A6001F012FC48B9012DBB
S2140200A807D8012001F028FC0E4B1B6823B15B68B9
S2140200B898470D4B1C7038BD24F02FF80B4B1A6866
S2140200C8801A186022F00CFD4FF47A72084B1B68EF
S2140200D802FB00301EF05FFE012001F0F9FBE8E7A4
S2140200E800E100E0186500205C7F0020EC64002038
S2140200F8F0640020F0B585B023F023FF344D0446A3
S2140201082B7823B1334822F03DFC002852D122F046
S214020118C3FC02AA03A91FF014F80346002838D025
S2140201281FF023F8029B98421CD100202A4B039901
S2140201381B682A4E9942307020D90027C91A012313
S21402014824482B70264A3346CDE9007723F0C1FFB0
S214020158002837D1234A1378D90701D53178F9B15F
S214020168204611E01EF0FFFF029B984228D000238B
S21402017818461949194A0968137003910121FFF7AD
S21402018897FE002320462B7023F0D6FE002005B0EB
S214020198F0BD20462B7023F0CFFE212005B0F0BD1F
S2140201A803F0FE031370002BDAD10F4B1B68984737
S2140201B82046E9E7204623F0BFFE0E2005B0F0BD34
S2140201C80220B3E7032320462F703370F3E700BFFD
S2140201D8F0740020C8640020E86400205B7F0020DA
S2140201E879FF0100EF740020F464002070B523F054
S2140201F8A8FE184D04462B7823BB174A17491370D6
S214020208174B184A18481A60184A194E5A60F0F7D7
S21402021879FA18491848F0F775FA184B80203360AF
S214020228EDF728FF052804BF154B3360154B5B6FA7
S21402023803F44073B3F5007F02BF0222124B1A6022
S21402024801232B70F0F7C6FB204623F075FE00202C
S21402025870BD00BFF1740020F0740020FC0E05008B
S214020268DC7B0020FD000200B86400201DFF0100B0
S214020278F4640020040F0500C064002099FF010002
S214020288BDFF010000400050E86400202DE9F0435D
S2140202988F7880460F2F0C4685B003D9212005B0EB
S2140202A8BDE8F08327B90123374A00201370F6E722
S2140202B80D784E78EDB9002EF0D194F90310E08847
S2140202C802F00CFE2128E9D055EA0603A088DFF8DA
S2140202D8C89013D002F066FE4FF60403B9F8002061
S2140202E801469A424BD1AE42334638BF2B460026C9
S2140202F82DE0082DD2D8082ED0D8DEE702F052FE1E
S2140203084FF6040501464FF60500204A136E9BB2C7
S214020318AB4208BF0346B1F5803FA9F800300FD9B3
S21402032802230825136680230126C2F880302B464E
S21402033849084FF6FF720139914228BF114608E074
S2140203488023012608251666C2F880302B46002927
S214020358EFD1002202920122013FFFB200920197DA
S2140203682A4608F1F80002F0C7FC1EB14FF48012C4
S214020378074B5A65074BA2681A60022394E703489C
S2140203880266A9F80030AEE7F274002000C001B891
S21402039800D001B800650020CA7E002010B50446C9
S2140203A8D0F818210B4B4FF40061C3F8CC2090F814
S2140203B82420D20102F4006205F0D6F894F824301C
S2140203C813F0100F4FF4007314BF034A034A136462
S2140203D810BD00BF003E00B0001002B8002002B8F0
S2140203E8431C07D06FF0FF02034B10405A62A3F576
S2140203F880535862704700BF00E000B8F8B504465C
S2140204080F46164623F09DFD0546A047044620B132
S214020418284623F091FD2046F8BD04F05FFA042230
S2140204280549D1F8F03E23EA07033343C1F8F03E04
S214020438024B1A64ECE700BF003000B0002002B896
S21402044800F01803182B0AD003070AD440F2011347
S21402045810F0100018BF1846034BD86770470020E4
S214020468FAE70120F8E700BF003F00B0044B18681F
S214020478830654BFC0F30F204FF6FF70704700BFC5
S214020488A465002038B10368044A002B08BF134647
S214020498034A13607047014BFAE700BFE9ED030011
S2140204A8E87B002010B4D0E9524122400B4052EAC1
S2140204B8030104D003495DF8044B096808475DF850
S2140204C8044B7047E87B00200F2938B505460C46D2
S2140204D80ED801F033FA01280CD1074A2846936E43
S2140204E823F00F03234393661EF09FFE002038BDB9
S2140204F82120FCE70220FAE7003F00B0014BD86E45
S214020508704700BF003F00B0014B0020D966704715
S214020518003F00B003282DE9F347884655D82C4BF0
S21402052813F800902B4B1E5C2B4B13F800A023F0FD
S21402053808FD074604F01EF9054640B100230022CE
S214020548CDE9003301200023002103F03FFF04F029
S21402055819F948B100230022CDE900330020002310
S2140205684FF4004103F032FF6EB31C4BDC6C04F010
S21402057808041B4B3146DC64484604F00DFA524622
S2140205883146484604F096FA164BDC646DB1164BB3
S2140205981868D0F89010F83003F008F8134908687D
S2140205A8FFF71EFF4FF0FF330B60B8F1000F04D0C1
S2140205B80F4B002103205B689847384602B0BDE817
S2140205C8F04723F0B9BC3446D3E702B0BDE8F0875B
S2140205D8140F0500100F05000C0F0500004000B8A8
S2140205E8006000B8005000B8B0650020E47B002028
S2140205F8DC7B00200F4A136C13F0A00F15D1506C49
S21402060810F0040013D10C4BD3F8F03E23F07F43CE
S21402061823F0FF035BB1D368C3F30362092A07D04A
S214020628B2F10C0018BF0120704700207047012065
S214020638704700BF000002B8003000B070B50D4623
S214020648064620B91A4B1B68A3B10E2011E001F02A
S21402065875F9012829D1174B93F90040C4F12704EC
S214020668641BC4F11C03002BB8BF5B42232B0CDDB2
S214020678212070BDA1F10B03002BB8BF5B42232BD0
S214020688F6DC0C4B19700020F3E786F8265023F0A8
S21402069858FC094AE402136A04F4FF2423F4FF23ED
S2140206A81C43146223F048FCEDE70220E1E700BF92
S2140206B8B0650020F374002000C000B818B9034BD8
S2140206C893F90000704790F926007047F3740020EB
S2140206D810B5FFF763FE03F0A7FB23F032FC0A4AC5
S2140206E80121D2F8C83E044623F02003C2F8C83EC9
S2140206F80222064B08469A60054B5B6898472046D6
S21402070823F01AFC002010BD003000B0001002B81A
S214020718DC7B0020094B08465A6A91020BD4D3F8B0
S2140207280021D20708D4D3F8803013F4706F14BFB0
S2140207380120002070470120704700BF004001B822
S214020748F8B50D46D0F8903002EA010423EA010310
S2140207582343C0F890303D4A01F00B0323EA040114
S214020768D1642340A2F580526F070646D36410D59B
S2140207780121FFF7CFFF60B104F0B0F84FF4007321
S21402078814F0040F14BF324A324A53620422324B20
S2140207981A64E90606D514F0100F14BF00221B22AD
S2140207A82E4B5A652A061DD5230616D54FF4001277
S2140207B8274B1A62012203F58053C3F8002123F05F
S2140207C8C0FB0E210746032002F040FE40F201223B
S2140207D8224B3846DA6223F0AFFB214606F1F800D0
S2140207E802F0E4FEEF0503D5E00529D502F0FEFD8A
S2140207F8A90503D5A20526D502F004FE15F0600F5A
S21402080809D0D6F8E41030461EF0EBFA8022144BD4
S2140208189867144B1A612B0510D504F05FF8124A34
S21402082814F4006FD2F8F03E14BF43F0006323F0CE
S2140208380063C2F8F03E0422074B1A640020F8BD93
S21402084802F0CEFDD4E702F0D7FDD7E7006000B885
S214020858005001B8006001B8002002B8004000B895
S214020868003F00B0000002B8003000B0014B186824
S214020878704700BF0C65002037B523F062FB0024E2
S21402088801230022CDE90034002305461946104606
S21402089803F09CFD022002F003F9064B21461C6079
S2140208A8054B02205B689847284623F045FB2046FE
S2140208B803B030BD14650020DC7B00202DE9FF4123
S2140208C802290D4616469846039004D1FFF7D4FF30
S2140208D804B0BDE8F08123F034FB1E4F04463B68A3
S2140208E83BB1B34205D023F027FB002321203B600F
S2140208F8EEE7194B0022C3F800803E60002301266B
S2140209084FF0000810461946CDE9006603F05EFD72
S214020918124B022083F8008002F0C2F843462A46A9
S214020928022003A902F0DAF80D4B039A1A6008B9F6
S2140209382046D8E70B4D2B689847212804D0204636
S21402094823F0FAFA0020C3E731466B68022098477C
S214020958F5E700BF1465002010650020F574002036
S2140209680C650020DC7B0020044B5B6E5B054EBFEB
S2140209780120034B187800F00100704700C001B848
S214020988F57400200A78022A11D0101F424242410A
S21402099852004B781201022B0BD0191F4B424B41C7
S2140209A85B000549054842EA8312FFF727BD012284
S2140209B8EFE70123F5E700BFF0FFFF008D190200FD
S2140209C80B78022B10D0181F434243415B004A782B
S2140209D8022A0BD0111F4A424A4152000F210448EC
S2140209E843EA8202FFF70ABD0123F0E70122F5E790
S2140209F8B91902002DE9F8430E780446042E0D466E
S214020A0890F824810BD100275FFA87F9484601F04F
S214020A18BBFC08B14E4602E00137042FF4D130463B
S214020A2801F0B2FC002849D094F82431B34209D127
S214020A38AA88D4F8A4309A4204D16A88B4F826312F
S214020A489A4238D084F82461AB883046A4F8283114
S214020A586B88A4F82631AB8804F59275C4F8A430DE
S214020A68FF2384F829301EF05EFC84F82800284606
S214020A7801F04AFC18BB284601F07CFCF8B9D4F809
S214020A88E03053B194F82411414506D02046B3F914
S214020A981220EEF783FB84F82D01204601F0B8FCFD
S214020AA80949A4F828010123084AD1F8FC1004F1E0
S214020AB8F80003F083FA0020BDE8F88321200C230F
S214020AC884F82431F8E700BF004F00B0A43F00B016
S214020AD870B5054690F824010C460C281FD0FF294D
S214020AE801D1212070BD1AB14FF0FF320D4B1A60AA
S214020AF81EF019FC064695F8240101F07BFC844298
S214020B0828BF0446E4B2B44238BF3446E0B285F899
S214020B18290001F079FDFF28E3D00020E2E7022051
S214020B28E0E700BFEC7B002010B590F824310446BD
S214020B380C2B44D0D0F8E03080F82810DBB3D0F87D
S214020B48F020D2B990F82D318B421CD300222046D1
S214020B58FFF7BEFF48BB1B4B1B7813F0FD0F23D1D4
S214020B68204601F055FC18490123184AD1F8FC1012
S214020B7804F1F80003F022FA16E0B0F94020B3F9BF
S214020B8812309A42E2DD0022204694F82D11FFF731
S214020B989FFF50B9C4F8E00020461EF06EFD4FF6DF
S214020BA8FF739842014601D1002010BD2046BDE8D9
S214020BB8104004F077BFFF2380F82930F4E70220BC
S214020BC8F3E700BFCE7E0020004F00B0A43F00B07F
S214020BD8F0B51D46144B04461B780F46164685B0DC
S214020BE85BB1D0F8E030E3B102AAB3F91230009252
S214020BF8002219F0BEFD05B0F0BD02A91EF07AF873
S214020C089DF808103A462046EEF7C8FA014626B975
S214020C182A462046FFF75CFFEDE72046FFF784FFEB
S214020C28E9E71846E7E700BF33E70400D0F898304C
S214020C38012B01D10020704770B5054650498EB089
S214020C481EF0C4FBD5F8E0600146AC8DC5F8E4009A
S214020C5826B1336813B15B68002B6BD123F071F9A8
S214020C6823F06AF90123D5F8E4108DF80E30B3891B
S214020C78D6E90120E31A9BB200FB03224148ADF8ED
S214020C880C3003680292994207D028461EF0A9F84B
S214020C9880223D493D4B88671A613D4C3B4E00F029
S214020CA84DFE0128FBD1236CD907F8D4336CDA0140
S214020CB8F5D4D5F8E41028460D919DF80E20029931
S214020CC808AB02F037FE002831D100F037FE0128C3
S214020CD8FBD12E4A2E49136CDB01FCD40B6CDE07C3
S214020CE8F9D408A901A803F047F800BBAA8D294B36
S214020CF85A6495F8243060F3410385F824301EF0D0
S214020D08B9FAD5F8E03002465B691968431EDBB2C9
S214020D18FD2B049114D9CC1C12D91F4B01311B6828
S214020D2815D0D81C10D8284604A904930AE0022035
S214020D380EB070BD1A68032A90D99B6A5B0E94E7B8
S214020D48284604A91EF080FA00200EB070BDD91CF1
S214020D5804D8284604A904931EF076FAD5F84C312E
S214020D689B0506D495F8243043F0020385F8243010
S214020D78EAE728464FF480311EF0AFFCE4E700BFEE
S214020D88FC4F00B0FC640020003F00B0000002B830
S214020D9800C002B8008001B8F87B002010B50C46E7
S214020DA819B11EF00DFA00B10434204602F0FAF822
S214020DB8024B4042C3F8E00E002010BD003000B0DF
S214020DC8438E70B593420C4615461CD3436C8B4231
S214020DD808BF002423F0B5F84FF49C530B49064687
S214020DE8CA68C2F30362D340DA0702D50B6C9B03C8
S214020DF804D401222946204601F05CF8304623F046
S214020E089BF8002070BD2120FCE700BF000002B856
S214020E182DE9F84F074615460B4611B92120BDE8BD
S214020E28F88F002AFAD0032905D8002201F0ACF977
S214020E3803460028F2D01C889A78B4F5804F02F050
S214020E48070180F0CE80A1F1070C187993F805B057
S214020E58DE88DCF1000343EB0C0305292B7394BFF1
S214020E680023C2F30013C2F3801C6B73930985F840
S214020E7810C003F00203C2F3C00C43EA0C03C2F329
S214020E884012E8746B74AA74D7F89030AE82D8060B
S214020E9800F193800639012900F28F80B7F8129084
S214020EA8D7F81C8009F1FF394F4B083C04EA0904BD
S214020EB85B6D18F804300021802B0CBF6FF07F039F
S214020EC8323B04F1010418BF5BB204EA0904AB73AF
S214020ED8631D03EA09035A1CA96002EA090218F804
S214020EE8022018F8036097F825A046EA022636B2CA
S214020EF8BAF1000F5FD1F10456D5D7F8E43013B132
S214020F081B68022B05D841F24D724C21002004F0D2
S214020F18F7FDD7F8E420C6F30B0392F82420DB008B
S214020F280AB1B3FBF2F39B4508D83BB1CBEB0B2BCC
S214020F38BBFBF3FB6FEA0B0B5FFA8BFAD7F8EC30C6
S214020F4823B1504695F90E1098478246013485F823
S214020F580FA004EA090418F80410013404EA090484
S214020F6818F80430013404EA090441EA032118F89F
S214020F780430013404EA090441EA034118F804304B
S214020F8841EA036116F4804305D0184BDB6EB3FAC8
S214020F9883F35B095B0038466A7C03F0CBF80623CA
S214020FA82860AB7100203AE718F804A04FEA4A0A0C
S214020FB85FFA8AFAC2E78A46C8E700230020EB737C
S214020FC80B4BDA69C2F30723120448BF63F0FF0328
S214020FD85AB212F1800F1CBF323B5AB2AA730346AA
S214020FE8DEE702201BE700BF004000B8003F00B063
S214020FF800C000B806238B7190F8253043B1054B24
S214021008D3F8C4200B6802F01F0203EBC2030B607E
S21402101800207047003E00B011F5004F1FBF01F3D5
S2140210280E01044BC1F30E01002014BF996421205F
S214021038704700BF008001B8F8B504460E4619B9D5
S21402104890F824305A0647D44FF6FF73218ED4F808
S214021058E470994204D0354B1B680BB1204698477A
S214021068334D2B68BB4255D0324B1B683BB11FB180
S2140210783A68002A50D0BF6839462046984707275C
S214021088204601F0C5F9002E3AD004F0C7FA062029
S214021098294B94F9262093F900302849C3F12703EF
S2140210A89B1A0A6ADB0222F4FF2203F4FF23134385
S2140210B80B62D4F8E420224B2A60986701F01CFBE6
S2140210C8002501211F4A204B1170204683F88450C0
S2140210D81EF0ABF82846F8BD4FF6FF71144DD0F84F
S2140210E8E4702A6866F386139742018680F82430ED
S2140210F817D0104B1B68002BB9D101F089F90727C6
S21402110812493B46124AD1F8FC1004F1F80002F0E4
S21402111855FFBAE70127B3E71746204639469847E8
S214021128ADE701F075F90127EAE700BF0865002078
S214021138FC64002004650020F374002000C000B898
S214021148006000B8F4740020003F00B0004F00B002
S214021158A43F00B0054A12681AB190F81E1119B9D0
S2140211681047084602F092B901487047F864002012
S21402117800FEFFFF334B2DE9F7431C6801F40079A4
S21402118800F00103174653EA090206460D4632D016
S2140211984FF0000823B30023002201200021CDE9E6
S2140211A8008803F013F941462046FFF7D3FF0122D1
S2140211B84146E08510461EF012FAD4F8901004F163
S2140211C8F80002F0F3F920490868FFF709F94FF02A
S2140211D8FF330B6094F8243043F0040384F8243079
S2140211E8B9F1000F07D0012120461EF076FA25F441
S2140211F8007506430D432B4632462046FFF752F942
S214021208FB070FD51149124A0868002113681160B6
S2140212180121104A117003B198470F4B0021022092
S2140212285B68984717F00E0F08D04FF409723B21F7
S214021238002003B0BDE8F04304F062BC03B0BDE88A
S214021248F08300BFB0650020E47B00201065002014
S21402125814650020F5740020DC7B002008B55822AF
S21402126800210648FEF754F91022FF210448FEF72B
S2140212784FF904F0D3F9002008BD00BFF43E00B0D1
S214021288383F00B073B574210C236D22A0F81411F0
S214021298822180F824314FF6FF734FF0FF35C0E9FC
S2140212A841120026C0F8002164220446838580F88D
S2140212B82A301E4BC0E94322C36300F14803436445
S2140212C81B4B80F82660C0E90C35C0F8A45005858B
S2140212D803F060FA2046FFF7C1FF94F9261020466D
S2140212E8FFF7ACF96023134A40F6FF71D3644FF058
S2140212F83A4211631167104A2946D36440220F4BBB
S21402130820461A64D4F89020FFF71AFA0E23002211
S214021318CDE9003340F202231046194603F056F888
S21402132801F046F8304602B070BD00BF0700FFFF66
S214021338FFFF4000004000B8005000B8002002B886
S21402134810B50C46FFF78AFFCCB1A378082B18D83D
S214021358E278082A15D843EA021313F0FF030CBFF3
S21402136819466168084AC2F8F410217882F84811CA
S214021378617882F84B3182F8491104F04FF900205F
S21402138810BD2120FCE700BF003E00B0012A10B5C0
S21402139812D8032B10D803EB82020123074C934082
S2140213A894F84A01DBB221B10343002084F84A319B
S2140213B810BD20EA0303F8E72120F9E7003E00B053
S2140213C8044BD3F8F03E13F0806F14BF232000209E
S2140213D8704700BF003000B00246F8B5B0F82841A2
S2140213E800F1F805FFF7ECFF0B688E68013304BFBF
S2140213F8D2F800310B604B68013304BFD2F80C31C7
S2140214084B60771C3BD1D2F80831CF688B607E1CC4
S2140214183CD1D2F804610F69CE60013704BFD2F816
S214021428F8700F614F69013704BFD2F8FC704F613C
S2140214388F69013704BFD2F810718F618F6967BB55
S214021448C0F1640408688C6110B16D2838BF6D203D
S214021458C2F808314B68C2E94006C2E943340B6950
S2140214682846C2F8F8304B690F49C2F8FC30D1F862
S214021478FC1007230D4A02F0A1FD0020F8BD04F176
S2140214886D031B1AB34238BF3346BEE704F174062F
S214021498361ABE4238BF3E46BDE76D34241ABC42F1
S2140214A838BF3C46CEE700BF004F00B0A43F00B0AE
S2140214B870B522F046FD05460B4E00F03FFA0128AD
S2140214C805D0284622F038FD0224204670BDF3686F
S2140214D813F0706FF1D1F46814F08054EDD12846F9
S2140214E822F02AFDF1E700BF000002B838B522F064
S2140214F828FD4FF6FF710A4A13888B4203D122F061
S2140215081BFD0E2038BD074C074D1B046566A4F567
S21402151880546366118022F00FFD0020F2E700BFB8
S214021528CC7E0020006001B80000FFFF2DE9F743DB
S21402153804460F4615461E46FFF75CF838B3A38ADC
S2140215482BB320461DF018FC78B9744BD3F8F02E4E
S2140215581EB10E2003B0BDE8F08302F03003102B54
S214021568F7D002F0C002402AF3D0DFF8E08102F09A
S2140215785BFCD8F81430DE07EBD522F0E2FC064610
S214021588032001F08BFB20B1304622F0D5FC022066
S214021598E0E7D8F8142012F00608F5D1304622F013
S2140215A8CBFC5E4B4FF400612046D3F8F09ED3F88E
S2140215B8D06E03F0EDFF40B14FF400720121584B94
S2140215C808461A6442461EF00AF83946204604F0CF
S2140215D869FA524BC3F8F09EC3F8D06E0028B9D108
S2140215E894F82430980601D4002D57D0C5F340004D
S2140215F803F03AF9022315F4807F1FBF494A0021F7
S21402160813644FF03A420BBF454A91611364536321
S21402161803F064F94FF4806315F0040F14BF424ACE
S214021628424A15F0400F53624FF004023C4B2846DC
S2140216381A644FF0400314BF3D4A3E4AC2F8883047
S214021648FEF7FEFE20461DF0C1FC38B14FF480734B
S21402165815F0010F14BF334A314A1364A90646D55A
S2140216684FF6FF72E38F93420FD0334A3349526ED6
S214021678100CC2F301120132B3FBF2F308802A4AB5
S2140216882A492F481B0448665366003D18BF0125A1
S21402169894F8243065F3451384F8243020461DF068
S2140216A88FFDF0B120461DF091FCD0B14FF4003109
S2140216B8204603F06DFF431C03229BB2214801A972
S2140216C81DF01EFE9DF8042002F00703052B9DF868
S2140216D8053015D112070DD443F480731A4AC2F89E
S2140216E8D830002003B0BDE8F0431DF016BEFFF761
S2140216F8FDFECAE713F0040F09D19DF80630EBE7A2
S21402170803F03002202A05D113F0010FF4E74FF454
S2140217188073E3E79DF80630E0E700BF003000B0CC
S214021728002002B8001002B8005001B8006001B8E4
S21402173800D000B800E000B8004001B8CC7E002017
S2140217480000FFFF0C0000BA003E00B000C001B85F
S2140217582DE9F3410646884615461F4622F0F1FB58
S2140217680446032001F09AFA38B1204622F0E4FB38
S2140217780E24204602B0BDE8F081042001F08EFA5D
S2140217880028F2D1204622F0D7FB01232A464146FA
S2140217983046FFF7CBFE04460028EAD1DFF8C880B9
S2140217A85FB388F8000039463046FEF76FFD00281A
S2140217B84CD198F80030012B1CD02022244B1A64F6
S2140217C8244B9B6FB3F5817F1FD201201DF0BEFD0F
S2140217D822F0B7FB204B06461B680193CBB901F0F3
S2140217E8DDFA15F0800526D101F01CFB284603F029
S2140217F80FF825E003F022F8BBE798F80030012B33
S214021808F8D0002BD9D12124B3E78022134B1A61D2
S214021818DBE7042001F044F900230122042001A991
S21402182801F05CF90028DAD103F070F8212430467A
S21402183822F082FB9DE70022094B9A6701F0F2FA32
S214021848084B01215B6800209847F0E7044690E7BA
S214021858001002B8003F00B000650020000002B881
S21402186800C001B8DC7B0020F274002008B50B4BE0
S214021878D3F84C114B1C10D011F080410DD1084BF7
S2140218881B6813B10320FEF745FE4FF08062054B36
S214021898DA6401225A6102229A6208BD0080E00FC9
S2140218A8B0650020001002B84FF40022034B186CF3
S2140218B803F500531A64C0F3C0407047000002B82C
S2140218C8024B586900F00100704700BF00C001B81B
S2140218D8084B5A69D10707D508B901F0BDB85B6944
S2140218E8DA0706D401F0AAB85B69DB0701D4002838
S2140218F8F8D1704700C001B84FF0806310B1024AB1
S21402190853617047014AFBE7001002B8002002B88C
S214021918202350B1064AC2F8F433064B196C11F06C
S214021928010104D1032002F093BA034AF3E7704791
S214021938001002B800C002B8002002B80F4BDB68DD
S214021948C3F30363013B0B2B0FD8DFE803F006064D
S2140219580C06060606080A0808080220704704202D
S21402196870470520704703207047054B5B6913F0E4
S214021978060F0CBF01200420704700BF000002B803
S21402198800C001B8094AD368C3F303630B2B08D017
S2140219986FF49050184100F0010080F001004000FA
S2140219A87047106C10F48030EDD17047000002B812
S2140219B80C4AD368C3F30363062B07D8042BD8B2A2
S2140219C80BD8C31E5842584140007047072B06D111
S2140219D8D2F844010028ECD1704702207047002054
S2140219E8704700BF000002B8094BDB68C3F3036305
S2140219F89A1E012A8CBF00220122012B02701EBFEA
S214021A084FF4026222FA03F303F001030B707047E5
S214021A18000002B8094AD368C3F30363032B01D054
S214021A28072B08D1536CDB0605D4906C80F00800AF
S214021A38C0F3C00070470020704700BF000002B81D
S214021A48024B002219681DF09EBB00BF540F05000A
S214021A5810B5FF224FF6FF7104461DF0B4FB68B9B5
S214021A68FF224FF6FF7120461DF0BEFB30B9204616
S214021A78BDE81040FF2202491DF0C8BB10BD00BFDA
S214021A881C0F050010B55B0743EA02439DF80820C1
S214021A9843EAC163520502F0BC621A43064942F49D
S214021AA8C872044603F060FD002220461146FFF77E
S214021AB887F9002010BD00BF9007E12D37B50C4608
S214021AC80546094A09490A4801F038FB94F82830BD
S214021AD82846009394F82B3094F8292094F82A1074
S214021AE8FFF7D0FF03B030BDB80F0500C00F0500E2
S214021AF8880F050008B5FFF78DFF88B1094BDA692C
S214021B0812030DD5186C10F4003009D19B6C13F033
S214021B18100F4FF010030CBF034A044A936408BD23
S214021B280220FCE7000002B8001002B8002002B843
S214021B38034610B500B3124AD16909031ED5546C80
S214021B48C4F38114032C15D0022C17D122460D4952
S214021B58B1F8D40001F10061801A01F5357101442B
S214021B681846FDF765FE064A0472926C120A42721D
S214021B78002010BD0822EAE72120FAE70220F8E74B
S214021B88000002B8003E00B00A68064B12F0802F2A
S214021B981CBF42F20101C3F82812C3F88822C3F810
S214021BA88C227047004001B8F0B585B06C460E46E8
S214021BB80B4B074615460FCB84E80F00094BD3F8A4
S214021BC84822009226B16B1EDBB2FD2B88BF32601C
S214021BD82A46214638461DF037FB05B0F0BD00BF41
S214021BE8240F05000080E00FF0B585B06E460D4B59
S214021BF807460D460FCB86E80F001DF03BFB314625
S214021C080446024638461DF081FC4DB140B9FF2C09
S214021C181BBF04AB03EB8404009B54F8103C2B60F8
S214021C2805B0F0BD240F050030B50823054685B07B
S214021C3880B9094AC2F8FC3351B96C46074B0FCB38
S214021C4884E80F00064B2A4621461868FFF7ACFFC1
S214021C5805B030BD034AEDE7001002B8340F0500A0
S214021C68B0650020002002B84FF03A43D3F814219A
S214021C78D2031ED54FF480320E49C1F81421A1F5BD
S214021C888051C1F818215A6DD1B2C2F30722C3F89F
S214021C98A410C3F8A4200422C3F8A4200022C3F880
S214021CA8A420C3F8A420C3F8A420C3F8A420C3F829
S214021CB8A4207047002000BAF0220B4B01219A6438
S214021CC8A022A3F580539A644FF03A43426CC3F8B5
S214021CD8F410FC21C3F8CC10C3F8D0204FF40052FD
S214021CE8C3F8F020704700BF006000B8F8B50D468C
S214021CF84FF03A441746064622F023F901230421F8
S214021D08074A6363E76026616561C2F81411054AEB
S214021D18C2F8843122F010F90DB102236363F8BDCC
S214021D28002000BA00E100E02DE9F0410546012452
S214021D38006800F00700063004FA00F3A868EC68AA
S214021D485E1EA04262D000EA060E6C6810441E436D
S214021D580640A3EB0E000EEB040C8242644618D92A
S214021D68D31A0EEB030298B1431E052B04D94B1C5B
S214021D78ACEB0303022B59D80B460844ACEB010E16
S214021D8803EB0E0113F8014B83420C70F8D101469F
S214021D986C688AB1531E052B01F1010302D9E01AB9
S214021DA8022812D80A44611E00E0013313F8010C17
S214021DB8934201F8010FF8D122F0C3F80223AE606D
S214021DC8AB62BDE8F04122F0B7B80B46204622F0D7
S214021DD8030E8E4453F804CB734540F804CBF9D16E
S214021DE822F00303D01A920701EB030C04EB030755
S214021DF8E2D0CA5C0128E254DED09CF80130022800
S214021E087B70D9D09CF80230BB70D5E7042A35D946
S214021E180878043AA86148780431A86111F8020CD7
S214021E28A86111F8010CA861A8688CE70B4620F097
S214021E3803070F44ACEB010E1C684EF8034004334C
S214021E48BB42F9D120F0030310F0030F01EB030E97
S214021E58A0EB03040CEB030728D011F80380012C2F
S214021E680CF8038022D09EF80130022C7B7018BF33
S214021E789EF80230084418BFBB7088E7013A032A66
S214021E8812D8DFE802F00F1507020B4613F8012BEB
S214021E981946AA610A4612F8013BAB61114611F8C7
S214021EA8013BAB610B78AB61BDE8F08108446EE795
S214021EB80A46F3E738B50B46154601464FF03A444C
S214021EC868B101221048C4F8F4201A46FFF72CFF1E
S214021ED825B14FF03A430422C3F8F42038BD73B153
S214021EE8D4F8D8209A4284BF0122C4F8F4204FF0CE
S214021EF83A42C2F8D4300223C2F8F430E8E70123A3
S214021F08C4F8F430E4E700BFCC0000BA38B504469B
S214021F1822F017F84FF03A420121238F05465167FF
S214021F284BB3B3FA83F3C3F11903DBB2A069C2F861
S214021F38B410C2F88C300723C2F89000C2F8B0304A
S214021F484FF4A02302F50052C2F81431A2F58052CB
S214021F58C2F8183100220C4B1A600C4B1B6C5B0241
S214021F6809D54FF480020A4B04F1F8001A64D4F833
S214021F78901001F01BFB0023638707232846A387DC
S214021F88BDE8384021F0D8BF1C650020000002B822
S214021F98002002B82DE9F84305460C46B1B1D0F840
S214021FA81880078F21F0CDFFB5F83AC0791E01EAEE
S214021FB80C0323F00702032C0646DFF8F8E0424437
S214021FC85ED1DEF8004024B921F0B6FF0E20BDE847
S214021FD8F88324F00104DEF8000020F00100A04295
S214021FE853D10023CEF80030238894426FEA434345
S214021FF86FEA534323803ED1AB8F08EB0709184696
S214022008083880B202F108044C4528BF444608281E
S21402201804D9B4F800E0BEF5804F40D263440F43BB
S2140220281B1A3B409BB26B87A887947811884FF09F
S2140220383A42C1F30C019165C2F89830C2F8B00072
S2140220484FF48022174B04F00704C3F81421012228
S214022058154BC3F88421FFF707FE042C0BD14FF467
S2140220688002124B05F1F8001B6C114B1A64D5F866
S214022078901001F09BFA304621F05EFF0020A6E79A
S214022088601E012898BF1446A5E7A88F4344E31AA2
S21402209848BFDB1908389842A6DC304694E7224641
S2140220A8AEE700BF002000BA00E100E0000002B878
S2140220B8002002B81C650020154B10B519688A8FD7
S2140220C84B8F088F13440138073B8C69034023F073
S2140220D807031C4402F108034FF03A429BB28B876F
S2140220E8C2F8B0304FF480220A4BC3F814210122FA
S2140220F8094BC3F88421A07800F00700042803D10E
S214022108064AD3681B03FCD4054B1C6010BD00BFEF
S214022118B0650020002000BA00E100E0000002B826
S2140221281C65002010B5064C216839B1CB0703D4CC
S214022138044B1868FFF72EFF0023236010BD00BF6C
S2140221481C650020B06500204FF480320C4B0D4908
S214022158C3F818214FF03A43C1F81421D3F8AC104B
S214022168D3F88C20012302F0070206329340C1F30B
S2140221780C01083B994201D8FFF776BD704700BFAD
S214022188002000BA001000BA2DE9F04780460C4637
S21402219816468769058F21F0D4FEB8F83A2005F16D
S2140221A8FF3C02EA0C0323F00701032C824639445B
S2140221B8B8F83C0019D14A4C24689CB90244073A3C
S2140221C802EA0C0222F00702BC183B44E31A48BF94
S2140221D85B19834210DB504621F0AEFE00242046EF
S2140221E8BDE8F08724F00104EFE7012C02D0022CA8
S2140221F8EBD108380C46E8E7002E3FD08C4241D196
S2140222084FF03A42D2F858904FF03A41D1F8AC2003
S214022218B8F81270C2F30C02934247DA2588B5F56D
S214022228804FD8D2A378C5F30C0503F007037A1EAD
S214022238A5EB09053A43052B337005EA02052DD8A6
S2140222482DB2E84340F241420421C00F03F058FC85
S2140222587580E3783374D8F81C207B1E03EA0903DA
S214022268D118B160A9B213FA85F5AF422FBF002381
S214022278FF1AB780F26024BFB180F360504621F09F
S2140222885BFEACE7A4F10802974284BFED0802EBB6
S214022298C502B2F80090C9F30C09B5E7114B5B6D9D
S2140222A8003B18BF0123A5EBC305C9E74B6D7A1E91
S2140222B8A3EB09033A431A400B4915B2002DCB6823
S2140222C80BDCC3F30363D81E43424341DB0033707F
S2140222D88B6C72801B0A3374BDE70823F7E700BFCE
S2140222E81C650020004000B8000002B8054BA82272
S2140222F8D3F84C013121431C0CBF0120C0F3807077
S21402230803F0FEBB0080E00F38B5134D044629786B
S21402231819B920221148FDF7FBF86188104A23787C
S2140223285180002113700F4A022BC2F8CC104FF0CE
S214022338FF010D4A0D4B11704FF007010C4A4FF082
S2140223480000C2F8FC130CBF04220122C3F8FC23C7
S21402235801232B7038BD00BFF6740020E03F00B0A2
S214022368CE7E0020004001B85F7F0020001002B831
S214022378002002B8034B1A6802609B8883800020FC
S214022388704700BFCE7E002010B5044600F03AFF24
S214022398064BD3F8F83724B983F40033C3F3404026
S2140223A810BDA31E58425841FAE700BF000002B803
S2140223B84FF63F720A4BD3F8FC37934206D0094AC7
S2140223C8C3F301131370E022074B1A7041F66A0230
S2140223D8064B1B68B3FBF2F3054A1360704700BF4F
S2140223E8000002B8607F0020617F00203C65002064
S2140223F82065002020B1022804D1034B18787047C4
S214022408024BFBE700207047607F0020617F0020B8
S2140224182DE9F74FD0F8A4204C21022A38BF022211
S214022428064690F824B16B48013A036AD0F8CC50B5
S2140224386948C3F38213D9400368DFF8C0A1934200
S214022448DFF8BC91654BDFF8BC8101F0010116D1BB
S2140224581C788C4213D19AF800405C450FD1D6F806
S214022468A84064B1AC420AD196F8295099F80040BF
S214022478A54204D1B8F8040003B0BDE8F08F98F876
S2140224880040026020461970FFF7B4FF002900F0EA
S214022498888004234FF07F4000255149C1F8B830A0
S2140224A8504BC3F8B80096F829301B06C1F8B83066
S2140224B84FF080514A4B2C04C3F8B41040F27121F5
S2140224C8494B1B68B3FBF1F319215343182BB3FB93
S2140224D8F1F173D8002C7BD0B4FA84F2C2F1200250
S2140224E8C2F10F03012B38BF0123D440A14201D207
S2140224F8013B64086A1C03F01F0152008A403B4FE6
S214022508121B9208C7F8B0201A0242EA03121343B3
S214022518019305EB052305EB0325354B40F6970299
S21402252818682B21003818BF012003F0E9FAFA22AE
S2140225382F4B02FB04F01B6840F6FF72B0FBF3F069
S2140225480A2358432B4B00F57A74C3F8C420019A21
S214022558A3F58053C3F8C420A3F58053C3F8CC5020
S214022568D3F8CC3000F58C50C7F8FC30C6F8A85023
S214022578214D14302C6001F0ABFC4FF47A72C7F888
S214022588A400C7F8F8002B68B4FBF2F0B3FBF2F32A
S214022598A8F8043096F829308AF800B089F800308E
S2140225A86AE7002C14BF1025202596F829308342A6
S2140225B894BFED182D1805F0FF0579E7B1FA81F2F8
S2140225C834B1B4FA84F3D21A002A89DC0F238DE7D1
S2140225D80F238FE7004001B8EC7B0020F774002039
S2140225E8001002B8002002B83C650020003F00B088
S2140225F820650020006001B8246500205E7F002068
S2140226085D7F0020CE7E002010B5114B01461B7858
S214022618104C0C2B02D1FF20207010BD18461CF05F
S21402262882FE02461846FFF7E5FE884228BF08469D
S214022638C0B2904238BF10462378C0B28342ECD06C
S214022648054B20701868FFF7E3FE2078E5E700BF21
S214022658CE7E00205F7F0020B065002010B50446BD
S21402266803F066F878B1154B1B786BB964B1144B56
S2140226781B784BB1134B1B78013B012B04D84FF444
S2140226880042114BDA6410BD104BDB6C1B04FAD403
S21402269821F057FC044602F021F94FF400420C4B95
S2140226A82046BDE81040DA6402220A4BC3F87C24AE
S2140226B80422054B1A6421F03FBC00BFF8740020C0
S2140226C8F974002028650020002002B8000002B82D
S2140226D8001002B800D003500122024B00201A70E4
S2140226E8FFF7BCBFF87400200022024B01201A70C4
S2140226F8FFF7B4BFF87400204FF48022014B9A64A7
S214022708704700BF005000B8F7B50646544C00F0B4
S21402271879FD01213A20EBF74FFB524B2578524FB1
S2140227281E7085BB2846FFF799FF2378013B012BCD
S21402273819D8E37B01A88DF80430237C8DF8053080
S214022748E9F740FBC7F87C544FF6FF72474BC3F8CD
S2140227588420F822A3F58053C3F884200022424B33
S214022768C3F87C240DE04FF6FF72404BC7F87C5442
S214022778C3F88420F822A3F58053C3F88420C7F848
S2140227887C543B4B5BE00020FFF768FF2378013B55
S214022798012B08D8E37B01A88DF80430237C8DF83A
S2140227A80530E9F70FFB0023C7F87C34002ECBD0A0
S2140227B862685AB32F4B1B6803EB5203B3FBF2F360
S2140227C8013B1B0243F0F80326782849022E2A4AC0
S2140227D81ED0032E4FF6FF75234826D0012E38D179
S2140227E843F00203C1F88450C2F884300723C0F8C5
S2140227F87C34E37B01A88DF80430237C8DF8053001
S214022808E9F7B4FA0120FFF729FF17E0F823DBE718
S2140228184FF6FF7043F00103C1F88400C2F8843013
S2140228280622114BC3F87C24E3E743F00503C1F8FC
S2140228388450C2F884300423C0F87C340F4B4FF01F
S21402284880420020DA644FF480220B4B9A6403B06D
S214022858F0BDC1F88450C2F884300023ECE700BF0C
S21402286828650020F974002000C00350006000B8F4
S214022878002002B83C650020005000B8001002B8DC
S214022888F0B52B4F06463D4604460FCE0FC53368B5
S21402289885B02B6000F0B6FC01213A20EBF78CFAE3
S2140228A80022244BC3F87C24A17A627A42EA0142C7
S2140228B8C3F88824217CE27B42EA0142C3F88424D6
S2140228C8217B627B41EA0240C3F880043B78032BF3
S2140228D82AD8DFE803F022020C178DF80410042128
S2140228E88DF805200DEB01000022E9F70BFAE37BD1
S2140228F800228DF80830237C042102A88DF80930BE
S214022908E9F700FA637A01228DF80C30A37A0421DB
S21402291803A88DF80D30E9F7F5F9074B187805B0D6
S214022928BDE8F040FFF7F0BE212005B0F0BD00BFBD
S2140229382865002000C00350F9740020034BDB6CA6
S214022948002BBCBF024BC3F888007047000002B8D1
S214022958004000B82DE9F04700F0AEFC4FF47A7656
S2140229682D4BB0FBF6F618604FF4FA73734307461E
S2140229782A48190E1B021818294A4FF0000341F17B
S2140229880001FCF759FA274BA0F5807205461A6330
S21402299820B948222B2103F0B3F801254FF47A72A6
S2140229A84FF0000A6A43534650083102FCF744FACD
S2140229B81C4B1D4AB7F57A7F9A601C4B4FEA05688E
S2140229C819601B4B8946044618604FEA152505D23E
S2140229D89B222B21504603F093F801264FF47A7374
S2140229E8A8FB030103FB05117308C01841F1000197
S2140229F800233246FCF720FA0E4B023419600E4BBF
S214022A0849F10009A408186044EA8974054B013C98
S214022A189C63BDE8F08700BF3C65002020A1070044
S214022A2840420F0000C001B8021101004C650020A8
S214022A384865002044650020406500201022044BAB
S214022A48C3F884215A600122024BDA60704700BF3D
S214022A5800E100E000C001B81022064BC3F884214A
S214022A68C3F88420BFF34F8FBFF36F8F0422024B45
S214022A78DA60704700E100E000C001B810B504460D
S214022A88A242A2EB0000A3EB010104D2034B0139D8
S214022A989B6B0133184401F0030110BD00C001B856
S214022AA838B501250A4B02019D504FF4807304463F
S214022AB8084A8340536621F044FA074AA540137829
S214022AC823EA05031370BDE8384021F035BA00BF83
S214022AD800E101B800E001B8027500202DE9F84FC0
S214022AE8164605468A461F4621F02BFA022E00F0A5
S214022AF89180804621F032FA5A4B5B4AD3F82090EE
S214022B0892F891405A6EE4B2520744BFD3F8209026
S214022B18013404F0030421F01CFA4846214600F06A
S214022B282FFA8446DAF80000012E04BF013060440A
S214022B38ACEB000C08BFCAF80000BCF1804F7DD38E
S214022B4800F030FA8145A1EB040188BF454BDFF857
S214022B5838C188BF01F1FF3101F0030188BF9B6BC2
S214022B68A0EB090E0CF80510A1B1F90742BF41F611
S214022B781F723E4B5A67BA0742BF3C4B3C4A5A67DB
S214022B887B0742BF0022374B9A673C0742BF0022A8
S214022B98344B9A6511244FF0010A324B05F11002A4
S214022BA8120103EB051BCBF80C0132499C501A6A3A
S214022BB80AFA05F4586E0B78A2EB0902E4B223432C
S214022BC872450B7025D34FF48073AB40034220D175
S214022BD81CF80520002A40D10EB3274AF807536688
S214022BE807D541F61F7140F20110204B596750670E
S214022BF85967B90706D51D4B1D4A1F491F485A670C
S214022C0848675A677A0742BF01221D4B1A613B077B
S214022C181AD4404621F090F90120BDE8F88F194AE7
S214022C282D0142F805A042F89C3C21F08AF9114988
S214022C380B7823EA04030B7021F07EF9404621F054
S214022C487BF90020BDE8F88F2120FFF777FE4FF4C6
S214022C588032044B4046DA60DCE7074A4046536651
S214022C68D8E700BF00C001B8003E00B000E001B8D7
S214022C7800001F1F0275002000D001B800000101E5
S214022C88000002B800E101B8FA740020024B187876
S214022C98003818BF0120704702750020034B103019
S214022CA80001185800F00100704700BF00C001B8C4
S214022CB870B50646FEF704FE044608B1FFF7CCFEDA
S214022CC800230A4D3046AB61EB612B6200F06AF9CD
S214022CD8074BC9B283F8911028622CB1FFF7AEFEF3
S214022CE84FF08062034B1A64002070BD00C001B822
S214022CF8003E00B0002002B82DE9F0419DF8188089
S214022D080D46B8F1000F08BF0022214EB5F5803FE8
S214022D18B168074621F4700141F4A001B1609DF83C
S214022D2820409DF81C104FEA042444EA016444EA51
S214022D38031444EA084444EA02044FF0180140F235
S214022D48E9222CBF00200120746502F0D9FE356402
S214022D58B8F1000F1AD00F4BBC68D3F888306D2C28
S214022D6838BF6D245B0606D500F082FB18B10A4B05
S214022D78B3FBF0F31C44204600F014F901308542F8
S214022D8838BF0022024B34BF5A645864BDE8F0814B
S214022D9800C001B800C000B800093D0038B51A4B9B
S214022DA85D6C35BB10242020FFF7C8FD174B9C60CE
S214022DB802F04EFB2022164BC3F8842101F0D2FC07
S214022DC848B12A4600200821FEF7D4F9114B5C6662
S214022DD8A3F580531C67104AD36803F07063B3F1F7
S214022DE8807FF9D9084B0D4A5A6741F201429A6721
S214022DF838BD01F0B7FC0028F4D0094B054A5366E3
S214022E08A2F580521367EDE700C001B8001002B8B9
S214022E1800E100E000E001B8000002B8011B01185A
S214022E281000002008B52120FFF788FD4FF48032F5
S214022E38014BDA6008BD00BF00C001B8F8B5184DEE
S214022E4804466B6A1B0426D500F086FB6B6AA0FB59
S214022E58044613F0787F4FEA9367C3F34450C3F3EC
S214022E68044505D140F25A422B2102F049FE0120C0
S214022E78AD01B5FBF0F010EB871005D140F25F42CA
S214022E882B2102F03DFE0120024600232046314651
S214022E98FBF7D2FFF8BD00F0EBFAA0FB0401F9E756
S214022EA800C000B80246012030B50B4CA0F1200342
S214022EB8C0F1200524FA05F504FA03F32B4304FAB5
S214022EC800F595428B4100D330BD0F2801D0013062
S214022ED8ECE7FF20F8E700BF40420F0010B50C46AB
S214022EE8FFF7ACFFC30943EA4163C01A61EBD1118D
S214022EF8FFF7D8FFFF2814D00F220C4B40F0100023
S214022F08C3F88820A3F58053C3F88800A3F5805336
S214022F185B6ADBB2802B06D02046BDE8104000F084
S214022F2807BB212010BD0220FCE700BF00E000B866
S214022F3838B521F013F8084B084A1D6A92F89140F2
S214022F485A6EE4B2520744BF1D6A013421F001F8F2
S214022F58284604F0030138BD00C001B8003E00B0A0
S214022F680346064A103302EB00111B01D1F80C0186
S214022F78D158C1F340011CF0F4B900BF00C001B833
S214022F88064B1B68434303EB8171054B1B68A3FB87
S214022F98003013F1004341EB0000704744650020FF
S214022FA8406500200C4A20F04043014610B5002038
S214022FB814684FF00042E4FB0320084A890F12689F
S214022FC802FB0300064B9B6B984204D9013301317E
S214022FD8C01A01F0030110BD486500204C650020A8
S214022FE800C001B8044B01F0F071103041F0030143
S214022FF800011950704700BF00C001B808B522206A
S214023008FFF79CFC4FF48022014BDA6008BD00BF34
S21402301800C001B870B51646054600B3F9B1F2B15C
S2140230284268104B006803321B68920800F1304071
S2140230389847044688B9EA68A8680332314692086F
S21402304800F130401CF0A6F9044630B9D5E904026E
S214023058214600F13040FCF75BFA204670BD212479
S214023068FBE700BFF47B002070B50C68651C15D022
S214023078C4F302669E42C4F3074530D1A4B2944212
S2140230882DD804EB8506B24229D2141BA50824F0D3
S21402309803040E59340F04D0012C08D00022212430
S2140230A802E06B1C51F82320C0E9002470BD0E4CC8
S2140230B834F8133042EA03431A686B1C51F823406B
S2140230C801EB83014B6822405E4036F0704404D11F
S2140230D81B0F032B04BF8B681A430024E4E7013551
S2140230E801EB8501C1E700BF4C0F050007B501A833
S2140230F8EBF75EFE9DF80530022B02BF40220B4B13
S214023108C3F8FC23C8220A4B5A650A4B0A4AD3F864
S2140231186032DBB2FF2B08BF03239B0043F47F53C6
S214023128C2F8F83303B05DF804FB00BF001002B81B
S214023138008001B80080E00F000002B8836810B46F
S214023148074C03F1304324681B689C4203D15DF8A0
S214023158044BFFF75FBF00205DF8044B704700BFC3
S214023168087C00200022012108B51E4B1A645A6406
S2140231789A641D4A516102219162DA68C2F30362B7
S2140231880D2A01D0002AF8D1112218499A63184844
S214023198184AFFF73FFF00F0E9FF174A93685BB942
S2140231A8164A93689BB94FF080620F4B5A61012208
S2140231B803F580535A6108BD1149D268096803F1BC
S2140231C83043032AECD943F8041B043AF9E70C49BE
S2140231D8D268096803F13043032AE4D943F8041B8A
S2140231E8043AF9E7000002B8001002B8B81405005D
S2140231F8A00F0500BC0F0500880F0500700F05001C
S214023208087C0020012341F6FF710D4AC2F880327D
S21402321891660C4A53600C4A53600C4A5360A2F5F6
S21402322880425360A2F54042536002F5C0325360B2
S21402323802F580425360A2F500425360704700BF11
S2140232480090005000D000B8001000BA005001B834
S21402325838B50324FFF7D6FF114A124B124DDA642B
S214023268FFF744FF114BC3F8E0400123EB6400F07C
S214023278DBFD4FF460736B614FF40073EB641BF075
S214023288F9FF0021FEF7D0FC8022094B1C64A3F547
S21402329880535C64074BC3F884215A6038BD00BF6C
S2140232A80048F000000002B8001002B8005001B84A
S2140232B800A002B800E100E008B51EF0DBFE044BF1
S2140232C81B6FC3F300430133B0FBF3F008BD00BF26
S2140232D80080005070B5044698B1B1B13A4A52F827
S2140232E8043B834213D10023384A116CC907FCD425
S2140232F8374800EB83001CF056F8364B1060012264
S2140233081A6470BD01330C2B02D1334D2CE0012315
S21402331852F8041BA142F5D1304A32F81330E3E7DB
S214023328C2F3016335F81300110C93B211F0FE0FC5
S21402333843EA0043606820D00434CAB2022A2168ED
S21402334808D9D4E90160033AC3E9001698600C3438
S2140233580C33F3E704D16268C3E90012083403E0C9
S214023368012A01D1043419602268531CD8D10022DC
S214023378164B1A6003F58053C1E7120F072AEDD8D9
S214023388DFE802F00704090D1013181DC04303F501
S21402339800531860E2E71A6842401A60DEE703F54F
S2140233A88053F6E71BF0D2FFD8E7012203F58053D5
S2140233B88240F2E7012203F500538240EDE71A68DD
S2140233C830EA0202FBD1C9E75065002000C002B805
S2140233D8404000B000D002B84C0F0500906D0020A7
S2140233E80122014BDA647047001002B80122014B31
S2140233F8DA647047002002B84022014BDA6470474C
S214023408002002B84022014BDA647047001002B866
S2140234180B4B1B68D3F8E43023B11A68022A01D989
S214023428186A7047074B9A6D90B238B1064BC2F3CA
S21402343807421B68DB085343B3FBF0F0704700BF34
S214023448B0650020004001B83C650020064BDB68EA
S214023458C3F30363984206D1044A936E23F0F0033B
S21402346843EA011191667047000002B8003F00B0B7
S214023478054B1B68D3F8E43013B11A680A2A01D838
S214023488FFF7C6BF186C7047B06500202DE9F743F2
S21402349806461BF054FF00248046DFF8909020F082
S2140234A850FD0DF1070105460DF10600FEF79CFAE0
S2140234B89DF806308BB9721C29D01BF040FFA0EB92
S2140234C80804284620F038FD9DF8063013B99DF802
S2140234D807303BB3A642E2D824E0D9F80C3013F4FE
S2140234E8603FE8D0D9F818001BF0B0FF731C0746F7
S2140234F803D01BF024FFA0EB0804284620F01CFD8E
S21402350817F5007FE0D0384603B0BDE8F0832846BA
S21402351820F012FD9DF80630002BC0D19DF807302A
S214023528002BBCD1004FEEE700FEFFFF00C000B83C
S21402353810F1800F04D04D28CEBF7F20323040B223
S214023548FF22044BC0B25A62A3F580535862002089
S214023558704700BF00E000B80B4A10B5136E0B4C5C
S214023568116E03F00703E35CC1F3CD0101FB0333DD
S214023578126E0748C2F3454202FB03330068800115
S214023588B0FBF3F010BD00BF004001B8440F0500C1
S2140235983C650020044BD3F8AC3010B1C3F30332B9
S2140235A8027003F00F007047000002B8094B01F0E2
S2140235B880011B6C03F480030B4309D14FF40012FD
S2140235C8054B1A62837F1BB10122044BC3F8002104
S2140235D8704700BF000002B8006001B8005001B88A
S2140235E82DE9F04F404F804685B038680C461BF0F0
S2140235F8C3FB20B90024204605B0BDE8F08F22465A
S21402360800214046FBF784FF384B5D6915F001053B
S214023618F0D102F019F906460028EBD03F68384682
S2140236281CF02BF84FF6FF73984234D04FF06051D7
S2140236382F4E304B304AD3F82090D6F88C30116291
S2140236484FF00061A2F58052116224220421C6F8C6
S2140236588C202A4A4FF4804B91604FF48052002700
S214023668DFF8A4A0CAF868B0F262A7421ED3042103
S214023678234A9160A2F5F032C2F88C304FF06052BD
S2140236881D4B1A6209EA02031E4A13624FF480426D
S2140236981D4B9A66AFE7314638461BF092FF014645
S2140236A8384602F0FFF90028C0D0A3E7B26E5104EC
S2140236B8FCD5B268D205F9D5CAF868B0D6F8902013
S2140236C80135012D0392D0D9E21B042AA8BF042291
S2140236D808EB070003A901930092FCF7A9F8009AE1
S2140236E8019B3A4497B2C0E7B0650020000002B8D2
S2140236F8004000B8004001B8006001B8001002B8E7
S214023708002002B8005001B8006000B84FF6040165
S2140237184FF60502044B01201B6C9BB28B4208BF76
S2140237281346024A136670470080E00F00C001B8CD
S2140237382DE9F74F81460F464FF0FF35FFF7F8FBA6
S214023748002601908A462C463046DFF8D8B006F1A5
S21402375810031B015BF8033003F00308B8F1010FEE
S21402376815D13046FFF7FCFB02460B460198514638
S214023778FFF784F9DBF8643006F10802D340DB076A
S21402378839D5002F40D000252C463E6040460136EB
S214023798082EDCD160B3234A0027D2F808C0916B02
S2140237A80CF440330131A4FB0141641941F10001D4
S2140237B8B3F5003F30D1536B0CF4405C013347F14C
S2140237C80006BCF5805F22D1156B15F5807505FBE2
S2140237D806F647F1000203FB0266A5FB03323244F3
S2140237E8594304FB0212A3FB04341444C9E9003407
S2140237F803B0BDE8F08FA84271EB0403C6D207B146
S2140238083E6005460C46C1E73D463C46BEE73202E8
S21402381842EA13621B02E3E7136B13F5807347F160
S2140238280002DDE700C001B808B51BF023FE01223E
S214023838054B93F88D3002335B00DBB202FA03F3D2
S214023848024A536108BD00BF003E00B0002000B81F
S2140238582DE9F34105460F4668461146FFF768FF0D
S2140238680646B0B1AFB1DDE900321B0A43EA02638D
S214023878A5FB0384094B120A05FB02441A6812B90F
S214023888FFF71AFD0246002340462146FBF7D4FA04
S2140238983860304602B0BDE8F08100BF3C650020C3
S2140238A84FF00052014B1A60704700BF00E100E07B
S2140238B84FF00052034BC3F88020BFF34F8FBFF37D
S2140238C86F8F704700E100E0F8B50B46002213F848
S2140238D8044B944225D91D68854224D106245A7978
S2140238E81D79124B88181E6804FB0503104F33F81F
S2140238F8063C7B43B3420ED900238A5A7A43964241
S21402390802D804FB0300F8BD9D42FAD9013304FB32
S21402391803F2825AF2E740F244423D21002002F0C6
S214023928EFF80020EFE708330132D2E7806500207F
S21402393840420F0000202DE9F84FA2FB018BC74E2C
S214023948C74F18EB060699466BF10003B74270EBB1
S214023958030307D240F23E220E2102F0D1F80220DB
S214023968BDE8F88FD9F814A00C461546BAF1000F30
S21402397804D0DAF80030032B00F21B81B94BBA4A9E
S2140239889F6BA3F58043D3F8EC30C7F314075E00A9
S214023998B64B48BF47F400171B6ED2F8FCA0580770
S2140239A84EBF4FF440039B0503F0E0731F43B04B32
S2140239B8D3F8E430990748BF47F0807747EA456767
S2140239C81EF08CFB012D0646C9D10028C7D0A94B8C
S2140239D8984200F0FD8003F5122303F5F863984237
S2140239E800F05A81A44B984200F0A78100250246AF
S2140239F82B4600204FF00071FBF71EFA2B460130CB
S214023A0808FB03F3C7F3130100FB0B33A1FB0662A3
S214023A18A8FB008001FB0522034420339B09C9F852
S214023A280030F60C954B46EA4236FA021C6058BF3E
S214023A387642934B934D34441E602C60BAF1000FC5
S214023A4800F00881FB014FF000038F49C7F381524B
S214023A588A5C194648BF6408002EB8BF76429206AA
S214023A686008C2FB06012246FBF7E6F9DAF8001000
S214023A780E2908D97D4B7B4A926BDE69D3F80C3146
S214023A88F60600F12881C0F3130017F40017C9F8E8
S214023A98040014BFC42040F207107C4ADAF8186003
S214023AA8A2FB04C24FEA521200FB02F24FF4FA7368
S214023AB8B2FBF6F218BF002702FB03F3A4FB00C012
S214023AC8FA33A3FB063604FB07006345864138BF74
S214023AD80132D2B242F4006CC9F808C0002A00F0DB
S214023AE8BB80DAF81C70A2FB070624B1B4FA84F38A
S214023AF80E2B40F3D880E303002E40F0D180B3FBB0
S214023B08F0F6700000FB0220A0FB07834FEA044E83
S214023B18C6454FEA144474EB030309D35200104413
S214023B28A7FB0083C64574EB030306F10106F6D22B
S214023B38C6F30E034CEA033C4CF000630629C9F8A8
S214023B48083049D9DAF83030002B45D00023C9F8B6
S214023B580C30C9F810301EF0C1FADAF83010FFF748
S214023B68B3FE044618B18378002B40F0CC801EF0D2
S214023B787BFADAF83010FFF7A7FE0446002869D069
S214023B888378002B66D040794FF4AE62003818BFAF
S214023B9801203D2101F0B4FF207940F2715200382D
S214023BA84FF03D0118BF012001F0AAFF2379627980
S214023BB84BE0042BDAF828707FF402AFFB014CBF07
S214023BC84FF4400307F0E07327F0E0771F43F7E669
S214023BD800232F481D4613E71EF080FA2C68002C97
S214023BE800F0AF80B4FA84F3D3F1020358BFDC4086
S214023BF8284B9C4288BF6408002875D0B4FBF0F3B3
S214023C08642100FB134201FB02F2904203F1FF32E9
S214023C1800F2A6805D085308013D1B0243EA05151B
S214023C28C9F80C501EF026FA002800F09080B4FB63
S214023C38F0F2642100FB124401FB04F4A04200F2F5
S214023C488D80531E52085B08013A1B0243EA021390
S214023C58C9F81030002083E6212081E6006CCA8865
S214023C68807C814A008001B8004F00B0004001B84D
S214023C78000002B800F04902005A62028865002075
S214023C888465002080650020580F0500D34D621019
S214023C980A3BB2DF3FBE4025002335481D46AFE645
S214023CA81046002630E7C3F10F0E03F1110806FA94
S214023CB808F820FA0EF040EA0800AEF1200826FAC4
S214023CC808F840EA080026FA0EFE013004FA03F362
S214023CD84EF1000610E702F4801203F400131A43AA
S214023CE808BFC0F58010CEE6631EA51E5B086D08E9
S214023CF8013B2D0245EA031540F2C2422B21002061
S214023D0801F0FEFE8CE7407940F25552003818BFA3
S214023D1801203D2101F0F4FE207940F25652003887
S214023D2818BF01203D2101F0EBFE237962791B02C0
S214023D3843EA0213C9F80C3019E700230D481D465A
S214023D485EE66FF01F0500287FF46AAFD4E740F2FC
S214023D58E5422B2101F0D4FE621E72E71446FBE709
S214023D689D1E6D085308013B2D0245EA031557E7C9
S214023D78313641DCD694BFD610B5044686B059B95A
S214023D88214B4168D3F8FC30827A204805930068B4
S214023D986B46FFF7CFFD69461D4B0A685A631A4BF6
S214023DA8D3F8FC3033B34B6843B11A4B1A4AC3F8FC
S214023DB80C214A68A3F58053C3F80C218B6843B1DB
S214023DC8144B164AC3F8EC208A68A3F58053C3F846
S214023DD8EC20134AC868D2F8743123F4EE6303431E
S214023DE8C2F87431D2F86C31096923F4EE630B43D6
S214023DF8C2F86C31002022890A4B9A6203F5A03376
S214023E08186406B010BD00BF004F00B0B0650020B1
S214023E18008001B8006001B8FFFF0F00FFF8FF0F2F
S214023E28000002B8004000B8064B9A6E920607D504
S214023E385B6E002B4FF48043B4BF034A034AD36435
S214023E480020704700800050002002B8001002B818
S214023E58064B1A6C9207FCD4022240EA01205860EC
S214023E68034B1A640122034B1A70704700C002B84B
S214023E7800D002B80375002040B10368012B05D9AB
S214023E880069034B002808BF184670470048704769
S214023E98600F050010B590B10468012C0FD90269AD
S214023EA86AB11168094B102C1960516859609168FB
S214023EB888BFD268996094BFD960DA6010BD1022B4
S214023EC800210248FBF724FBF8E700BF90650020B4
S214023ED8084BC1171A68A2FB000302FB013310F154
S214023EE8807043F10003400E40EAC310803820EA8F
S214023EF8E0707047A06500200722194B70B5DA6398
S214023F08184B194A1D68194BEC08E005C0184FEA09
S214023F18153141F100010023FAF78EFF144B154EB6
S214023F2818601548FFF7D4FF4042C6F8DC0049F689
S214023F385800FFF7CDFFC6F8A8001048FFF732F87A
S214023F48024660B1E301500818184FEA15714FF09F
S214023F58000341F10001FAF76FFFC6F8B40070BD1E
S214023F68000002B83C65002065CD1D00B2E60E00D2
S214023F78A0650020003F00B07011010040420F000B
S214023F8810B5044698B10B4BD3F8FC00FFF782FF36
S214023F984FF47A7303FB04F0074BA0F57A60DA68ED
S214023FA89B681044C01ABDE81040FFF791BF49F657
S214023FB84040F8E7004F00B0906500202DE9F8432E
S214023FC80546084614461E46FFF764FF05B306F084
S214023FD8020716F004061DD1D7B14FF47A706B6843
S214023FE85843002B40F08C80FFF772FF20636B6902
S214023FF8002B00F08C804A4AD0684FF47A7202FB93
S2140240080300A0F5FA50FFF763FFE062002E58D1CE
S214024018BDE8F8832869002869D04FF47A735843B4
S2140240283F4BA0F57A609B68C01AFFF751FFA06263
S214024038A88B00285ED04FF47A735843384BA0F505
S2140240487A609B68C01AFFF743FFE061354BE96860
S214024058D3F80080002950D04FF47A735943304B76
S214024068A1F57A619A685B68891AC91A2E4BC8172D
S2140240781A68DFF8BC90A2FB011302FB003311F1A9
S214024088807143F10003490E41EAC3118039274B78
S2140240982162D3F8C4306362D9F8003053B140467F
S2140240A81BF08EF830B12246D9F800301C49D8F8F1
S2140240B8D80098470021A869FFF762FF6063002FBF
S2140240C88BD1A86830BB47F23050FFF701FF60611A
S2140240D84FF47A702B6858432BB1114B1B6803F5C3
S2140240E81C5310331844FFF7F3FEA06190E749F615
S2140240F840409AE749F64040A5E749F64041B5E709
S214024108074B1B6803F51C53103318446CE747F239
S214024118305078E74FF47A735843A0F5FA50D4E74C
S21402412890650020B0650020A0650020003F00B022
S2140241388C65002038B5054608461C461BF022F951
S2140241480246D5F8E400FFF797FE4368A018002B4E
S214024158044AA8BF4FF4FA721A44034B92FBF3F2CE
S214024168104438BD0CFEFFFF18FCFFFF70B588B080
S2140241786D46124C0FCC0FC594E80F0085E80F0069
S214024188D82200210E48FBF7C3F9AC2200210D48BD
S214024198FBF7BEF9202200210B48FBF7B9F91BF002
S2140241A819FB0A4B1B783BB16D46044E0FCD0FC662
S2140241B895E80F0084E80F0008B070BDE03F00B035
S2140241C87C3E00B0543F00B0E04F00B0F6740020CA
S2140241D808B51FF0B6FE0E4B1A78A2B90D4A126839
S2140241E812F4843F0FD10C4A1021D1641B7863B9AC
S2140241F8084B1B68DB0508D4074B2022DA64BDE8A7
S21402420808401FF099BE054AEEE7044BF5E700BFE3
S2140242180975002040150020002002B8001002B8D8
S2140242280A4B197801F0FF0229B1002119700849D2
S2140242389202C1F80421597801F0FF0229B100213F
S21402424859709302024AC2F8083170470475002072
S214024258005000B8064BD3F8F00E064B5B6C1A01FA
S21402426803D4054B9B6E1B0401D500F5807070477E
S214024278003000B0000002B8004000B810B51FF0C9
S21402428860FE0E2104460320FFF7E0F840F2012202
S214024298034B2046BDE81040DA621FF04DBE00BF51
S2140242A8004000B838B51FF04CFE4FF00043244CCF
S2140242B80546C4F88030BFF34F8FBFF36F8F0123D4
S2140242C8C4F88430BFF34F8FBFF36F8F0223C4F84E
S2140242D88430BFF34F8FBFF36F8F0423C4F8843044
S2140242E8BFF34F8FBFF36F8F0823C4F88430BFF332
S2140242F84F8FBFF36F8FFFF7DBFA1023C4F88430B3
S214024308BFF34F8FBFF36F8F2023C4F88430BFF3F9
S2140243184F8FBFF36F8F4023C4F88430BFF34F8F9D
S214024328BFF36F8F4FF48063C4F88430BFF34F8FA8
S214024338BFF36F8F2846BDE838401FF0FDBD00BFAB
S21402434800E100E038B51FF0FCFD05464FF00043DB
S2140243580A4C2360012363600423636008236360B6
S214024368FFF79EFA1023636020236360402363608E
S2140243782846BDE838401FF0DFBD00BF00E100E078
S214024388012370B5074C2370074B1E68074B324053
S214024398D3E9005319402840FCF7ECFE00232370AB
S2140243A870BD00BF07750020A865002040150020D4
S2140243B80022044B1A70044B197811B11A70FFF7D1
S2140243C807BF704708750020097500202DE9F047D9
S2140243D8DDF820A003EA0108099B06460D4602EA14
S2140243E8000703EA0A09BAF1000F40F05281031FD8
S2140243F80B4300F01281052871F1000380F0E88073
S21402440850EA010300F07881431E0B4300F028812E
S214024418FFF748FFB94AD2E9004323EA050324EA2C
S21402442806043C4343EA0807B54BC2E900471E6840
S21402443826EA0A0646EA09061E60FFF7C9FE14F0CF
S2140244482A4F14BF48F202034FF40043AD4AB0079E
S214024458D26EAD4848BF43F4005383EA020122EA0B
S2140244680302C266A94A0B408166D366C4F3804239
S2140244781203210348BF42F48072E30648BF42F49F
S2140244880052A34BA50648BF42F400726006D3F852
S2140244980C3248BF42F48062210648BF42F40062EA
S2140244A89C4882EA030123EA0203C0F80C329A4BBC
S2140244B80A4017F4007FC0F80812C3F80C22974B7C
S2140244C807F4007200F0048101224FF4802583F875
S2140244D88820E30448BF45F48035A00348BF45F466
S2140244E88015A10748BF45F4001514F4001FDFF82D
S2140244F8688206D0D8F800001BF06AF908B945F4B5
S2140245080025E20248BF45F40035FB06844B48BF47
S21402451845F480051A6A834985EA020323F00103F3
S2140245281A400A621D40CB617F4B16F0010F1D62CE
S2140245387E4B7F4A18BF1A467E4B7D071B6F48BFC5
S21402454842F000627C4882EA030123EA0203036718
S2140245587A4B0A4041661A67794A04F00103926C5C
S214024568A0F5803083EA020122EA03028264754AD1
S2140245780B4041649364D8F80020200248BF724B6F
S21402458892F8F62058BF714B610748BF43F4806320
S21402459822B114F4C06F18BF43F4807332074FF089
S2140245A83A42BDE8F047D2F8181148BF43F0004334
S2140245B883EA010222F4A02265481140C0F81811C5
S2140245C81340C0F81421634AC2F81831FFF7BABE7E
S2140245D8A0F580630B4306D020F48063A3F500732E
S2140245E80B437FF415AF1FF0ACFC4449D1E9003207
S2140245F823EA060322EA050242EA08023B43C1E925
S2140246080032554A126892F8F610514A09B313F462
S214024618C06F1ED04FF4807311E01FF092FC374A29
S214024628D2E9003123F004033B4341EA080157EA82
S2140246380807C2E900314FF48063454A0BD0C2F836
S2140246481431A2F58052C2F81831BDE8F0471FF0BF
S21402465873BC4FF48073C2F81831C2F81431F4E709
S2140246681FF06FFC254AD2E9003123F001033B43D1
S21402467841EA0801C2E900310123384A57EA080725
S2140246881BBF5364A2F580529364936408BF5364B5
S214024698DBE750EA01037FF4BBAEBAF1010F7FF401
S2140246A8B7AE1FF04EFC164A136823F0010343EA1E
S2140246B8090313604FF480631F4AB9F1000F04D050
S2140246C85366A2F580521367BFE713675366BCE7C3
S2140246D893F8881071B183F88820214BD3F8A41078
S2140246E803F50053C3F8A410C3F8A0104FF05023E4
S2140246F8C3F8A4200025ECE6BDE8F08740150020A4
S214024708A8650020004000B8006000B8005000B855
S214024718004001B8006001B8005001B8003F00B080
S214024728000002B8002002B8001002B8041C0003F9
S2140247380418000300C001B800E001B800D001B8B0
S21402474800C000B800D000B80D0A0A09090A0A090A
S214024758002000BA001000BAB065002000E000B8D9
S21402476800400050024B5868C0F3C000704700BFB4
S21402477840150020024B186800F00100704700BF81
S21402478840150020024B5868C0F3C030704700BF7F
S2140247984015002010B50446FEF75AFDFFF782FDC5
S2140247A82046FDF789FAFEF7DDFCFEF7D3F8FEF79A
S2140247B845F9FFF7A1FB13490723134AD1F8FC1062
S2140247C804F1F800FFF7FAFB4FF080710020FEF7BD
S2140247D809FC4FF000720D4B4FF400110120C3F88C
S2140247E80021FEF7FFFBFEF791FF20B940F2923256
S2140247F8142101F085F91AF046FEBDE810400120A2
S214024808FDF782BF004F00B0A43F00B000D001B849
S2140248188023074A1364082340B11364054AD2F872
S214024828C83E23F02003C2F8C83E7047024AF4E79F
S214024838001002B8003000B0002002B810B51FF011
S21402484880FB012104460020FFF7E2FF044B1961B2
S214024858044B5B6898472046BDE810401FF06CBBC7
S214024868000002B8DC7B0020F8B5194C0546207813
S21402487840F2E442B0FA80F03E21400901F040F9E5
S21402488855B9607840F2E442BDE8F840B0FA80F0E4
S2140248983E21400901F034B94FF440660D4F0E4DE3
S2140248A8D7F8043140F2E442C3F381232370C5F8F3
S2140248B8046160783E21B0FA80F0400901F020F9E0
S2140248C8D7F80831C3F381236370C5F80861F8BDC9
S2140248D804750020004000B8006000B8F8B5084C1F
S2140248E8084D236C0423084F2B64236C5B0300D407
S2140248F8F8BD042602203E641AF028FD2E64F4E76A
S214024908000002B8001002B8002002B8A82238B583
S2140249181A4B1D6C03F500531A6410229A60A3F50D
S214024928804302F100521A675A66FFF779FC144B65
S2140249381B7813B90320FEF7B3F80024114B9C67C3
S214024948FFF7CCFF104A114BD2F8F01E0B40C2F804
S214024958F03E04220E4B1A640E4BAA06C3F8D04049
S21402496808D503F580739B6FB3F5817F22BF80223B
S214024978024B1A61BDE83840FCF7B8BD000002B821
S2140249880675002000C001B8003000B0DF0000FF46
S214024998002002B8003E00B010B551B920B3154B3E
S2140249A8DB681B0E13F00E0F1ED1134B1B6CD907B8
S2140249B81AD4FFF763FC0F4C0020FEF7EBFD032822
S2140249C801D0092805D1A36ADA07F5D4636CDB039C
S2140249D8F2D4FFF783FF0122084B5A6102229A6239
S2140249E8042203F580531A644FF4C062044BDA6259
S2140249F810BD00BF000002B800C002B8001002B81E
S214024A08006001B808B503210920FEF71FFD202221
S214024A18014B1A6108BD00BF000002B80D4A10B566
S214024A28D2F8A030D2F8A4100B40B3F1804F0CD3C2
S214024A384FF040400849094CC1F8A400D467C1F8B1
S214024A48A0004FF48021064AD161034AC2F8A0307A
S214024A5810BD00BF00400050006000500000FF017B
S214024A68001002B838B505461FF06BFA0E4B04461E
S214024A781868FDF74BFA35B1FFF79AFC2046BDE8F1
S214024A8838401FF059BA094B1B78002BF6D0084B52
S214024A981D78002DF2D1FFF78BFC2A464FF4804092
S214024AA80021FFF76DFCE9E7B065002008750020D5
S214024AB8077500202DE9F84F5A4B06460D46144650
S214024AC81B6C002A40F0AB8013F0A00F14BF4FF007
S214024AD801094FF00009FCF709FDA0234FF0000A70
S214024AE8DFF85C810320C8F84030FDF7D9FF0420C0
S214024AF8FDF7D6FF4C4FFFF75BFC4C4B4FF0040B11
S214024B087B67C7F878A0FFF7E9FE494B4FF4807138
S214024B18D3F8C82E42F02002C3F8C82EFF22C8F8DF
S214024B280820404A1161D3F8F02E42491140C3F8D2
S214024B38F01EC8F840B0C3F8D0AE7B6913F0060F73
S214024B4804D0FEF75BFA5846FDF7AAFFB9F1000F44
S214024B5808D04FF40062384B1A644FF40042A3F5AB
S214024B68E0339A6666B1354BDB6C180701D4FFF75B
S214024B7885FBFFF747FF0420FDF792FFFFF750FB80
S214024B88284B5A69D10748D5DA6812F0706FFBD1FC
S214024B982B4B2C4A1A642C4A936E23F0F003936626
S214024BA815B12046FFF75EFF284BD3F84C315A1C46
S214024BB801D05B0002D50122214B5A616CB31F4B10
S214024BC8DA6E03F500539A6603F5D0331B6A1C4A5D
S214024BD823F00103D3611E4BD3F80C1203F50053DE
S214024BE8C3F8081203F50053D3F8841003F50053EC
S214024BF899674FF03A43D3F8181103F50053C3F8F0
S214024C081411144B996C03F500535964124903F5B1
S214024C18803359664FF608431364BDE8F88F4FF0A1
S214024C28000958E7000002B800C001B800000101F8
S214024C38003000B0DF0000FF001002B8004000B8E5
S214024C48002002B810003000003F00B00080E00FDD
S214024C58004001B800C000B85000002F9D4B2DE957
S214024C68F04F9F6EDB6E85B01F409B4B9F664FF0E2
S214024C783A43D3F81451D3F818311D40974BC3F86A
S214024C881451974BD3F80822D3F80C3202EA0309D8
S214024C98944BC3F8089203F52043DA691B6A02EAC2
S214024CA80308914B08F47702DA61904BD3F8042292
S214024CB8D20605D4D3F80431C3F30016DB0653D55F
S214024CC81FF03FF98A4B5A695E6E1B6F12F0060F89
S214024CD806EA0306874A26F0007314BF4FF0010A55
S214024CE84FF0000A23F400637407536606D5824A17
S214024CF892F891300133DBB282F891301FF01CF93A
S214024D08002F00F0E48017F4004300F0D5801FF06F
S214024D1818F90146FFF79EFA0446784BD3F800B016
S214024D28DBF80020DBF800309A42FBD0DBF80020E4
S214024D389A42FBD0FFF78EFAA04217D108461FF018
S214024D48FBF86F4B1C606F4BD3F840B01BF4E05275
S214024D580ED124F07F4424F0DF040CB9FFF7D6FD09
S214024D684FF0807B002414E0B246C9E70446D7E732
S214024D780192FFF7CBFD5C4B019A1BF480541A6430
S214024D8840F09C801BF4806F0CBF4FF0805B4FF0A6
S214024D98806BB80715D55B4A5348126C02F460411B
S214024DA80164002900F08D80110400F18D8012F450
S214024DB8005F0CBF4FF000524FF0006200244BEA2F
S214024DC8020BC7F340377F004F4A2A40002A4BD0CF
S214024DD815F4206F0AD040F6A3120621002000F030
S214024DE88FFE0020FFF73EFE25F48025EB0506D54C
S214024DF8FF213D4A4BF4C06B9160FFF73FFA15F06E
S214024E08090F0BD040F6B8120821002000F078FEF1
S214024E18FFF7F8FD4FF03A420121516315F0106F83
S214024E280CD040F6C1120921002000F069FEFFF7F7
S214024E38E9FD002211461046FDF73CF815F4202F2E
S214024E480AD040F6C9120721002000F059FE0020B9
S214024E58FFF708FE25F48025E80301D5FDF774F967
S214024E68002DB8BF47F0080769070ED54FF03A423B
S214024E78126B12F4005F4FF4005217BF174923490A
S214024E880A634BF4000B08BF0A636A0548BF4BF077
S214024E98040B15F48023019300F0A480FDF70CF9A7
S214024EA80138062834D8DFE810F01A011D011A0165
S214024EB820012301260126019B4653E74FF0804B2B
S214024EC850E74FF0007279E74FF0004276E7BB46AC
S214024ED83C4679E7004000B8006000B8002000BAF7
S214024EE8004001B8006001B8002002B800E100E006
S214024EF800C001B800E001B8003E00B0180F050077
S214024F08A4650020000002B8090B0B89001000BA3D
S214024F1840F6FA120321002000F0F2FD4FF03A4064
S214024F280121D0F88C20D0F8AC3002F00702063205
S214024F3801FA02F2C3F30C0CA2EB0C0292B2072A95
S214024F4812D9774A126C53020ED4764BC26CC06ED4
S214024F585B6D5BB102F0070206329140C0F30C00AB
S214024F68091A89B2072901D84BF4007B6E4A1278CF
S214024F78002A37D04FF03A42D2F8142112F4A02F62
S214024F8830D16A4A6A4912789AB9F20411D40A7870
S214024F987AB14FEADB02674842EA447282F00102BB
S214024FA8D0F8F00E02F00102520020FA02F293073D
S214024FB818D10420FDF774FD5F4A60485067FFF772
S214024FC8F7F95B490A784AB95D4A127832B15D4AFE
S214024FD85D4912680BEA02020A4201D14BF4804B81
S214024FE826F48056B9F1000F1DD019F4805F18BF59
S214024FF84BF4802B19F4807F18BF4BF4002B19F45E
S214025008005F18BF4BF0100B19F4007F18BF4BF067
S214025018200B19F4806F18BF4BF0400B19F4006F81
S21402502818BF4BF0800BB8F1000F3AD018F4802F57
S21402503818BF44F4007418F4803F18BF4BF4805B22
S21402504818F4801F18BF4BF4003B18F4001F18BF53
S2140250584BF0020B18F4003F18BF4BF4801B18F4F1
S214025068800F18BF44F0100418F4002F19D0314AE4
S214025078D2F8C82E12F0C00F13D02949CA68C2F354
S2140250880362032A01D0072A05D14A6CD00602D445
S2140250988A6C110732D54FF400212C4A28F40028CE
S2140250A8D161002E00F01881320540F18A80284826
S2140250B8DFF88490C2782749002A51D04FF400635B
S2140250C8013AD2B24B66C27032B9234A1278C2B1DA
S2140250D840F60141214A5167002200216EE04BF456
S2140250E8803B1BE74BF4006B18E74BF4806B15E725
S2140250F84BF4807B12E74BF0080B0FE74BF4001BD0
S214025108CFE7D9F8782012F4A05F15BF4FF4807263
S21402511840F60142C9F85820C9F87820DCE700BFF3
S214025128000002B8004000B8097500200875002083
S2140251380B750020003000B000C001B80000010165
S2140251480A75002040150020088D0100002002B8CC
S214025158FA74002000E001B80675002000D001B8F5
S2140251680320FDF79DFCD9F81420A34B12F0060F76
S21402517804BF41F61F72A149A14808BF4A674FF407
S21402518800619E4A5166D9F8142012F0060208BF3A
S214025198C9F87820B3F88E2012F400615DD022F4A4
S2140251A80062A3F88E20027802F0FF09002A58D17E
S2140251B8FDF724FFFFF7AAFB4A4620214BEA020B1B
S2140251C80C43B30009D52E20FDF7B8FB4FF000516B
S2140251D88A4A44F0080411675166F00606D52B2061
S2140251E8FDF7ACFB1021854A1167516616F0306F41
S2140251F805D1F1045DD5BAF1000F00F0A78032019F
S21402520811D52920FDF79AFBFFF7ACFA48B17D4A7B
S2140252187D487A494A66026700F54050C0684304EA
S21402522822D444F0040416F0007A28D00420FDF7AD
S21402523837FC2720FDF782FBFFF768FB4FF000716B
S2140252486E4A5166714AD2F8F01E490678D4704AF8
S2140252580221916044F0020428E002784FF40052DA
S214025268ACE74FF4004238E70A6720204A66FDF7A3
S21402527865FB2D2044F00C04FDF760FBD3E716F01F
S214025288807FDFF8909146D00420FDF709FC28209D
S214025298FDF754FBD9F87820002A39D1FFF736FBF8
S2140252A8564A584944F00104116751660021594A82
S2140252B89165320405D5584A126890474BEA000BA6
S2140252C80C43730508D555498A78002A00F08E8063
S2140252D8013A8A70002217433A4658462146FFF793
S2140252E84FF8019B0BB1FCF71DFF01224C4B05F052
S2140252F80435C3F814514B4B18F4002FC3F8842115
S2140253081EBF4FF40022424BDA6105B0BDE8F08FAB
S214025318C9F878A0C4E7F004C8D50420FDF7C0FB96
S214025328414AC9F87420FDF769FED9F8642012F0DC
S214025338407FBBD12A20FDF701FBFFF7E7FA81E79A
S214025348D2F8C82E930685D4384A81E733490A79B3
S21402535852B1013AD2B20A7112B92B4A344951678C
S21402536800224BEA020BA4E70420FDF799FB032070
S214025378FDF796FB274A2C4951671EF0E2FD814647
S2140253880DF10F00FEF706F92A4A824612780AB18C
S214025398FEF774FFBAF1030F0ED1DFF8A0A00020C3
S2140253A8FEF7F8F8032807D1DAF82820D007F6D44B
S2140253B8DAF84420D103F2D49DF80F20032A06D146
S2140253C801211D4A484611701EF0B6FDC8E74FF087
S2140253D83A42D2F8142112F4A02FF1D1FEF7E8FFD0
S2140253E848461EF0A9FD4FF48042BAE70220FDF7B0
S2140253F857FB01226FE700BF003E00B000E001B88D
S214025408067500201000002000D001B8003000B059
S214025418002002B800C001B8F07B0020FA74002011
S214025428002000BA00E100E000000101001002B806
S2140254380000010D0C75002008750020000002B857
S2140254480122024B1A62DA61704700BF002002B8D6
S214025458094A08B5D369116A0B40084923F47F0044
S214025468DB07C86106D5D1684FF0FF30C1F3036188
S2140254781AF013F808BD00BF000002B8002002B8F0
S2140254880C4A08B5536C926C13400B4A5364DB07FC
S2140254980FD50A4B40F663421878122100F0010035
S2140254A800F02EFBBDE80840002201200021FEF78E
S2140254B867BF08BD00C000B800E000B8401500206D
S2140254C870B5174D2C6C6B6C1C40164B24F0020200
S2140254D8E1071A6405D540F6CA420020296800F09A
S2140254E80FFBA2071AD502220E4B1A646B68DBB2B0
S2140254F8A3B9FDF71DFD04460D460B4ED6F8F43348
S214025508DB060BD5FDF714FD02460B462046294658
S214025518FDF7B4FA652871F10001EFD370BD00BF3C
S214025528008002B800A002B8000002B838B50B4CDA
S2140255380B4DD4F88430DB0706D4A36FD4F8842046
S2140255481340084A936738BDD5F804311A06F0D5D1
S214025558FFF7B6FF8023C5F88431EAE7008001B872
S21402556800E100E000A001B870B514460D461EF032
S214025578E8FC064BD3F8C86E74402C407440C3F857
S214025588C84E1EF0D9FC06EA050070BD003000B011
S214025598034BD3F8C83E99430CBF0120002070473E
S2140255A8003000B02DE9F04117460A43012A1D468D
S2140255B89DF818409DF81C60DDF8208029D8B44272
S2140255C827D2082E25D8032B23D8B8F1000F20D0CF
S2140255D80A460021FBF7DAFEFF21EB009940C94391
S2140255E8DFF834C008F1FF38FF00E2B2964202D86C
S2140255F80020BDE8F0813D190CEB8505D5F8F820AA
S21402560818F8010F0A4098401043C5F8F80001340C
S214025618EBE72120EDE700BF003E00B01E4BD3F8B3
S214025628C83E13F001001ED01C4B93F84C001C4ACF
S21402563840F08073C2F8CC304FF480131949C1F891
S214025648B430A1F58051C1F8B830D2F80C31DBB2CB
S214025658FF2B1FD0984294BF0020012040F61F62FD
S2140256683C2100F04DBA1A06E1D40F4A92F84B11C3
S21402567821B1DB0602D592F84801D8E74FF480122A
S2140256880020084B0649C3F8B820C1F8CC00C3F876
S214025698B42070470120E1E7003000B0003F00B0B8
S2140256A8004000B8006000B8003E00B0034B18681F
S2140256B8034B002808BF1846704700BFAC65002099
S2140256C8F44705002DE9F843DFF860900646D9F856
S2140256D8008008461746B8F1000F03D00E2420466D
S2140256E8BDE8F88306B3336801331DD1E1B100F093
S2140256F873F805460028F1D0C9F8000000F092F8C1
S214025708284619F023FF044640B14046C9F80080EF
S21402571800F088F8284619F014FFE0E73560002FF5
S214025728DDD02846B847DAE72124D8E7B065002056
S214025738024B1868003818BF01207047B065002071
S214025748002108B5024B08465B689847002008BD4A
S214025758DC7B0020431E033306D8044B984228BF3E
S2140257681846642838BF6420704700BF40420F00BE
S21402577838B505460C4641B10B6833B11B68013390
S21402578803D0CB680BB18B684BB919F0C2FD002069
S2140257984FF4C172412100F0B3F9212038BD084602
S2140257A8FCF7A4FD00230A4A85F83031C5E93743D9
S2140257B8C2E9003363694BB1064A422110684FF4C6
S2140257C8D272C31A5842584100F09AF90020E5E707
S2140257D8F07700203C650020F8B504461EF0B1FBC1
S2140257E8002607460E4B1B6893B19E68AEB196F824
S2140257F82420D20711D435460FCC0FC50FCC0FC5BF
S21402580823682B6096F8243043F0010386F8243088
S21402581838461EF091FB3046F8BD1B68E4E700BF29
S214025828187C002010B5044618B9054B054A1360C3
S21402583810BDFAF727FED4F8E830002BF6D1F4E7C5
S21402584833F50300147C0020014B1868704700BF2C
S214025858F077002008B502460868FFF77BFF086065
S2140258684868FFF777FF48608868FFF773FF886025
S214025878C868FFF76FFF0B69C860581C03D00B484F
S214025888834228BF03460B614B69581C03D007485E
S214025898834228BF034688694B61FFF75BFFBDE872
S2140258A8084088611046FBF797BD00BF40420F00CC
S2140258B8D0F8E0302DE9F04105460C4613B1838D49
S2140258C88B424CD0D5F8DC30002B4BD09E68002E8D
S2140258D848D0D868002845D0013800B200281ADB1C
S2140258E8002106E0128A591CA24217D209B288423F
S2140258F811DB0B1803EBD3735B1003EBC30206EB47
S2140259088202B2F80EC003F1FF3EA445EAD90FFAA6
S2140259188EF08842EDDA2120BDE8F0814FF6FF725C
S21402592899B29142F7D09BB203EBC30306EB830608
S2140259382846B6F9122095F82411D5F8F080E9F72A
S2140259482DFC0746B8F1000F04D00023324628463D
S2140259581946C047AC85C5F8E06085F82D71002069
S214025968BDE8F0810E20BDE8F08100BF2DE9F047C2
S21402597882B004460F461646FBF796FF00285ED10D
S214025988454D2B68D4F8DCA0D4F8E0800BB153451B
S21402599862D04FF00009AF60FBF7D0FF0128074638
S2140259A851D12B68DAF80010D8F8002013B118681D
S2140259B888425CD0204619F0B8FBC5E900A8D4F89E
S2140259C8F0508DF80760002D58D000222046114668
S2140259D80DF10703A8472046FBF728F90546B9F153
S2140259E8000F0FD076B9D4F888300BBB012F05D03C
S2140259F825B12A4B002103205B689847284602B047
S214025A08BDE8F087B5FA85F040F20752332140091F
S214025A1800F076F831462046FBF70EFB204B05468B
S214025A281B68414620469847D4F88830002BDDD0BC
S214025A3800224FF400732046FAF734FDD6E7002317
S214025A48154D6B609DE700210120FAF763FDFBF711
S214025A5875FF0128FBD1A4E76B68002B99D0434554
S214025A6897D1AB689F4215D04FF0010993E7696852
S214025A7811B109689142A0D059689BE794F828109A
S214025A8894F82D313246994228BF19462046FBF72C
S214025A981FF8A0E70025B1E7F0770020DC7B00209E
S214025AA8147C0020F8B50E4605461EF04AFA314622
S214025AB807462846FFF7FCFE044620B138461EF085
S214025AC83BFA2046F8BDFBF7D1FE22463146284669
S214025AD8FFF74CFF044638461EF02EFA2046F8BD5D
S214025AE838B5044D044C054B286021601A601DF039
S214025AF87DFE38BDB46500201C7C0020B8650020F9
S214025B0810B550B90548064B016006480260186889
S214025B18054B18601868FFF7E3FF10BD1C7C0020D1
S214025B28B0650020B8650020B465002010B51EF0E8
S214025B3808FA084B04461B683BB1984728B100226E
S214025B4800204FF48061FEF71BFC2046BDE810409B
S214025B581EF0F2B9BC6500200023F0B585B0CDE989
S214025B6801330393124B134D1B78134E8DF80430F2
S214025B781EF0F4F92A78337804469A420F4F0CD06E
S214025B883178386801AA297019F0BCFC50B140F681
S214025B9808210B481EF069FA04E0386819F092FCEE
S214025BA80128EDD020461EF0D4F905B0F0BD00BF9E
S214025BB8367F00206A7F00206B7F0020D865002091
S214025BC8C6E40400F8B52B4B1B7823B140F6FC312B
S214025BD829481EF04AFA1EF0C1F9284B07461C88C7
S214025BE814F0060409D001214FF480701DF06AF9FA
S214025BF83846BDE8F8401EF0ACB921464FF480702E
S214025C081DF060F9204600F0ABFF022808D180227A
S214025C181B4B8021186819F011F8FFF79DFFE7E77C
S214025C28204600F09DFF054638B1012807D040F609
S214025C38314111481EF019FADAE70246E8E7FF2270
S214025C480F4E104B30681A70FFF77AFD306819F05D
S214025C5839FC0128CCD02A462946306819F034FC8B
S214025C6821462C201DF05AF921460A201DF056F925
S214025C78BEE700BF12750020C6E40400AC6D002023
S214025C88D86500206A7F0020002101481DF060BF09
S214025C98707C00207F2837B5044610D14FF6FF7374
S214025CA8022217480DF10601ADF80630EBF798F90F
S214025CB8BDF80640E2054CBF6FF04A0464B21EF017
S214025CC84DF9104B05461C700F4B1B88DB0710D589
S214025CD80E4B1B78002B0E4B0CBF21466FF07F0134
S214025CE8186818F0D9FF20B140F6786109481EF006
S214025CF8BCF9284603B0BDE830401EF02AB900BFFA
S214025D08641002C0627F0020AC6D0020137500206C
S214025D18D8650020C6E4040010B514F026FD60B16C
S214025D2814F025FD0B4A80B141F20D03BDE8104080
S214025D3841F20D0107481DF017BA074B1A781B796E
S214025D489A4204D100220023F0E70D23EEE7034A25
S214025D58F9E700BF400D0300367F0020488D01009A
S214025D68F8B5164E0D46337802F0010423B140F218
S214025D78C53113481EF079F9124B134F1D60134DA7
S214025D88A4B1134B997801B1012120201DF09AF88D
S214025D982B783B700F4B1C780F4B00211C7004238A
S214025DA833700E48BDE8F8401DF0D2BE21462020CA
S214025DB81DF088F82B783B70EEE700BF12750020BE
S214025DC8C6E40400C86500200F7500206C7F00201A
S214025DD8CC6500201075002011750020707C00200C
S214025DE82DE9F8431EF0BAF8DFF8A0810546B8F8A0
S214025DF80030614C13F4807F03D0237873BBFFF71F
S214025E08E1FE002108461DF089F85C4B1A78FF2A45
S214025E1813D01A7802F0FF0632BBFF221A702378D4
S214025E28052B0AD10023284623701EF092F8304626
S214025E3819F0D1FC1EF092F805462378504E062B30
S214025E4809D13378FF2B06D03378022B15D10021DF
S214025E584C481DF07DFEFF2333702BE000214FF4E3
S214025E6880701DF02FF8CCE71A78012A4FF0FF024F
S214025E7814BF33264C261A70D4E7337813B1337816
S214025E88012B22D11DF0BEF807463E4896F8009030
S214025E9801F0DCFBFF235FFA89F9337077B1B9F1B9
S214025EA8010F44D16421374884F800901DF050FE53
S214025EB8FFF752FE28461EF04CF806E028462770E2
S214025EC81EF047F8384619F086FCB8F800301B066C
S214025ED805D5002180201CF0F5FF17F053FE01F0CF
S214025EE8F1FA294E308000B32778012F42D11DF0EF
S214025EF843FD054610B301301EF095F900F44060E4
S214025F08B0F5006F1AD10422394628461DF074FCF3
S214025F1828441EF088F94FF6FF7398420ED10020E7
S214025F28318800F0FFFC00233380BDE8F8830023A5
S214025F38284623701EF00DF83F20C4E7114801F0EA
S214025F4885FB002108462170012500F09DFC237878
S214025F580BB9FFF737FE0020318800F0E3FC002378
S214025F683380002DE1D020780028DED1BDE8F84342
S214025F7819F07CBD0025EAE712750020697F00202B
S214025F88687F0020707C0020AA6D0020AC6D00207F
S214025F9808B513460A461946064B186818F009FF4C
S214025FA830B1BDE8084040F2F44103481EF05DB83F
S214025FB808BD00BFD8650020C6E4040008B513462D
S214025FC80A461946064B186818F0EDFE30B1BDE8C9
S214025FD8084040F2FB4103481EF047B808BD00BF20
S214025FE8D8650020C6E40400024B1878431E5842BF
S214025FF8584170471275002008B5064B1B7823B126
S21402600840F2255104481EF030F8FFF7DBFD002069
S21402601808BD00BF12750020C6E4040008B5054B8B
S21402602801EB81011868490018F038FE002818BFED
S214026038212008BDD865002008B5044B1868F9F772
S214026048B1FE0A2390FBF3F040B208BDD8650020E3
S214026058014B1878704700BF6B7F002008B5044BC9
S214026068186819F0CFFAB0FA80F0400908BD00BFE8
S214026078D865002038B5124D0C462B78012B04D96A
S21402608840F246510F481DF0F0FF21460020FFF768
S214026098E5FF90B10C4B1C702B785BB9FFF792FDAD
S2140260A80A4B93F900100A4BC901186819F013FB3A
S2140260B8002038BDFFF750FDF2E72120F9E700BFC0
S2140260C812750020C6E404006B7F002014750020B9
S2140260D8D865002008B5074B186819F091FA30B150
S2140260E8054BB3FBF0F083B20BB1184608BD01208E
S2140260F8FCE700BFD865002040420F002DE9F347B1
S2140261085C4E01201DF0AEFF3388990704D440F692
S2140261183F4159481DF0A9FFDFF8808198F8003002
S214026128053B012B04D940F6414153481DF09DFF1B
S214026138524F3B6823B940F644414F481DF095FF3D
S214026148348814F0200478D0012122201CF0E6FEC0
S2140261584FF47A74FFF7BEFF3B681B780933434354
S21402616804EBC30498F80030A5B2062B0BD11DF039
S21402617811FB0446FFF7AEFF602358430C2303FBCC
S2140261880400284485B2D7F800903D4B99F8008061
S2140261981C7808F1FF381FFA88F8002C52D1338889
S2140261A85A0505D409F101001EF03DF8C0F3401463
S2140261B83449354A887812784B7812FB00F2334F06
S2140261C893423B70A4BF9B1A3B703B78CA78BD606B
S2140261D8934238BF13463B7014F0CFFA002833D0E8
S2140261E814F0C9FA012814BF1025082525430023F0
S2140261F8DFF8ACA00093802243464946DAF800004E
S21402620818F07EFD20B14FF43B611B481DF02DFFB0
S2140262181F4BDAF8000019781E4B197033889B0654
S21402622814D52A461C4B009719F06AF9C0B9002003
S21402623802B0BDE8F0471DF015BF214622201CF02B
S2140262486DFE87E70024B3E72546D0E72A460F4BBC
S21402625819F054F9014618B925201CF05FFEE6E746
S214026268214626201CF05AFE40F6F43102481DF05C
S214026278FCFEDCE7AC6D0020C6E40400C86500201E
S21402628815750020367F00200F750020207C002020
S2140262986B7F00206A7F0020CC65002012750020E4
S2140262A8D8650020184B10B51B889B0704D440F607
S2140262B8A66116481DF0D9FE154B1B78053B012B27
S2140262C804D940F6A76111481DF0CFFE114B1B6892
S2140262D823B940F6A9610D481DF0C7FE00240E4BEF
S2140262E80E4921201C701CF019FE014618B9BDE89B
S2140262F81040FFF703BF022804D12046BDE810402D
S2140263081CF0A2BE10BD00BFAC6D0020C6E404009F
S21402631812750020C86500200D750020C5640200AD
S214026328F8B55A4C23889A0704D54FF43E71584854
S2140263381DF09BFE574801F089F91DF00FFE2388D1
S21402634805465B070DD54FF0FF3018F020FD524B7F
S2140263581B68C01AB0F5717F03D9002104201CF00F
S214026368B1FD28464D4D1DF0F4FD2B78042B32D195
S2140263781DF0F4FD238806465F0708D54548002128
S2140263881DF0E6FB3046BDE8F8401DF0E2BD1DF004
S214026398E0FD1DF0E3FD424B06461B78414F13B95C
S2140263A8238859050FD50523012102202B701CF0DE
S2140263B889FDFFF777FF30461DF0CBFD3B68DA789C
S2140263C8394B1A70F8BD386801301DF02CFF82066A
S2140263D8E9D50623E8E7062B4DD1344B1B78FF2B6D
S2140263E8F0D1334E14F0CBF93378002B3DD01DF0A4
S2140263F8B5FD238805465B0705D5264800211DF00E
S214026408A7FB2846BFE71DF0A4FD3378013B33708F
S2140264181DF0A4FD0446012102201CF053FDFFF7DF
S21402642841FF20461F4C1DF094FD206801301DF0E8
S214026438FAFE00F44060B0F5006F13D1246801211B
S214026448042220461DF0D8F920441DF0ECFE014631
S214026458184B04201A783378D21AD2B2BDE8F8401C
S2140264681DF0AABE4FF6FF71F2E740202B70BDE87A
S214026478F84019F0B0B9012BA4D100232B700E4BAB
S2140264881868FFF75DF93F20F1E700BFAC6D002002
S214026498C6E40400707C0020C46500201275002043
S2140264A815750020C86500200E750020687F00203C
S2140264B80F7500206C7F0020D865002008B50A4BAF
S2140264C81A7882B9012210281A7004D040F69D6103
S2140264D806481DF0CAFD002120201CF0F3FCBDE88A
S2140264E80840FFF70BBE08BD0D750020C6E4040081
S2140264F808B5094B1B88DB0604D440F2C35107488B
S2140265081DF0B3FD102000211CF0DCFC044B1868BB
S214026518BDE8084018F0EBBFAC6D0020C6E40400E6
S214026528D8650020012208B5074B1146186818F0EE
S214026538CBFF00212C201CF0F1FCBDE8084000210E
S2140265480A201CF0EBBC00BFD8650020014B4008AF
S214026558185C7047647F002008B513460A46194639
S214026568064B186818F02BFC30B1BDE8084040F618
S214026578E94103481DF079BD08BD00BFD865002073
S214026588C6E4040008B5044B186818F09BFF0138E7
S21402659818BF012008BD00BFD8650020054B10B5FE
S2140265A84C0022460146186818F066FB031B584240
S2140265B8584110BDD865002070B505461DF0CEFCC2
S2140265C80E4B0F4E1B880446DA07357008D50D4B5E
S2140265D80D4D1B78012B08D90121286819F0F4F80B
S2140265E82046BDE870401DF0B4BC1BB114F0BBF8E1
S2140265F8C305F1D4317881F00101EEE7AC6D0020D5
S214026608637F002013750020D86500200C4B10B558
S2140266181B880446DB0711D5FFF77EFB094B84F07F
S214026628010208211868D20018F008FB30B1BDE84C
S214026638104040F6367104481DF017BD10BD00BF65
S214026648AC6D0020D8650020C6E4040008B5044BEB
S2140266580146186818F0BEFB003818BF012008BDAE
S214026668D865002010B50A4C23787BB1FFF75AFF8D
S214026678002104201CF026FC002102201CF022FC2B
S21402668800232370BDE81040FFF79CBA10BD00BF78
S2140266981275002038B5094800F0E8FC0024084DB9
S2140266A895F84430E0B2834200D838BD05EBC00006
S2140266B8043000F0DBFC0134F2E700BF7C66002001
S2140266C8DC65002008B5104602494822F9F7B0F8FA
S2140266D8002008BD3466002008B505481DF039FEBE
S2140266E8014620B9BDE8084001481DF031BA08BD88
S2140266F8907C0020002238B51C4B15461C461A70A2
S2140267080132082A5D609D8043F8085FF8D1482266
S21402671800211748F8F7FCFE4FF6FE73A4F8683017
S2140267286FF48033E365134B00211A88124B1868FE
S214026738F8F7EEFE114BC4E91255C4E9283584F879
S214026748445084F85050656584F8A850E9F792FFDB
S214026758FF220B4B012118700A4B00201A70E0F733
S214026768B3F90020FFF7B8FF002038BDDC6500202B
S21402677834660020C47E0020487B00200000FFFF0D
S214026788167500206B75002010B5AC24084B04FB68
S2140267980030836C53B990F850403CB931B1C0E927
S2140267A812122046FFF798FF204610BD2120FCE76C
S2140267B8DC650020AC2370B503FB00F5094E73199F
S2140267C893F850405CB9204610F0AAFC735D204648
S2140267D843F002037355FFF77FFF204670BD012082
S2140267E8FCE700BFDC650020AC235843024A135C72
S2140267F823F0030313547047DC65002070B5164671
S2140268081F4A04461278C2BBAC211E4D01FB00513A
S2140268188A6C92BB91F850203AB1022B2DD191F88E
S2140268284410072907D91C2026E091F844100729A6
S214026838F9D8012B08D0AC2000FB0450CA00011D71
S2140268480C30F8F7B7FE0021AC2303FB04F0002453
S2140268589DF8143000EBC1012944CB71049B8E804D
S2140268688B602B1893F84420204601328C7183F8EB
S2140268784420FFF731FF204670BD0120FCE700BF29
S21402688815750020DC650020F8B5234B04461B78F6
S2140268980F46002B3ED1AC23204D03FB0053B3F822
S2140268A8A03023B940F245311D481DF0DEFBAC226C
S2140268B802FB0452D2F8A46036B192F8A3303946E5
S2140268C80020B2F8A020B047AC2300216343EA18A0
S2140268D8A2F8A010C2F8A410482192F8A82001FB3A
S2140268E802322A44D2F89820964213D0EB5C9B07D1
S2140268F80CD5AC226243AB5C204623F0020343F07D
S2140269080103AB54BDE8F840FFF7E6BE10F02AFCD8
S2140269180028EED1F8BD00BF15750020DC65002002
S2140269281DE504002DE9F04F89B0059008460D468E
S2140269381DF022F8044618B9212009B0BDE8F08FE8
S21402694828461DF035F8C0B20838215C221892F89D
S21402695802A00491D1785268277803920022B4F8EC
S2140269680130ADF81E20434A029192F800B0BBF1FE
S214026978000F08D0404B1B681BB120464FFA8AF21C
S21402698898470020D9E703F00703022B70D001349A
S2140269980922594620461CF02FFF023F3F1A3B06A3
S2140269A806465FFA87F8C7D4344FD7F89090B9F1FD
S2140269B8000F27D100210DF11E0B4346224608463A
S2140269C8CDF800B010F0E4FAC3B20546002B4BD15E
S2140269D8BDF81E0018F043FFE0B9BDF81E0019F016
S2140269E83AF88146BDF81E0018F039FFF0B906EBF2
S2140269F8080201232146584692B200F07BFDD0B128
S214026A0819209AE75B465A4601212846C8470028B5
S214026A18D0D191E7D7F89430BDF81E00002BDCD011
S214026A28A11998470028D8D1022086E74246484648
S214026A38A119F8F7FDFEBDF81E001CF09DFF029B8B
S214026A48059A0372049B80F809A08372039B1BBAFB
S214026A58C360AC2303FB027393F85020BDF81E00F4
S214026A6822B1DB6C03B19847E8B266E7BB6FF9E779
S214026A78012062E715750020C0650020DC6500204D
S214026A882DE9F84308460F46164602F1010918F0A2
S214026A98E7FF8046384618F0DBFE042856D138460B
S214026AA818F0FAFE48F661054FF6FF7248F64103FB
S214026AB8294C904208BF1D46B4F85C10301D1DF0E4
S214026AC8B4FB384618F0E8FE0146B01D1DF0ADFBD3
S214026AD8B4F85E1006F108001DF0A7FB06F10A04DA
S214026AE838460DF067FF10B145F01005ADB22946DD
S214026AF848461DF09AFB384618F0ADFF4246014656
S214026B082046F8F795FE384601211CF06DFF4444EE
S214026B18074660B11CF04CFF054638461CF02CFFB1
S214026B28EDB201462A462046F8F782FE2C440B4A66
S214026B38A41B13780134591C1170F3703470304654
S214026B48BDE8F843092201211CF056BE48461DF04E
S214026B586AFB4C460546C3E7DC650020167500202E
S214026B68AC2210B548245043094B1A1892F8A810BC
S214026B7804FB0100034493F87700022806D092F833
S214026B8850301BB9032818BF012010BD0020FCE7AF
S214026B98DC65002070B508B1012070BD234C94F85E
S214026BA8A850002DF8D12946B4F85C20FFF706FA5B
S214026BB829462846B4F85E20FFF7EAF92946284609
S214026BC804F16002FFF7C8FC94F87730002BE3D094
S214026BD8284694F85860FFF73BFA864215D10020FB
S214026BE894F95A50FFF728FA854216D10020FFF783
S214026BF8B7FF044600201CF0B5FD0028CDD021467C
S214026C08BDE870400020FFF7F7B9284694F85810F8
S214026C18FFF730FA0028E2D0BFE7002094F95A10AE
S214026C28FFF7FCF90028E1D0B7E700BFDC650020D3
S214026C380346AC2010B51446164A00FB032292F807
S214026C48770002280CD1E07F022809D141B1124907
S214026C580978012913D992F85810227891420ED150
S214026C6818462178FFF7FAF990B1482221460B48D0
S214026C78F8F7DEFD00201CF075FD08B9002010BDEF
S214026C88044B93F8A8000028F8D1FFF783FFF5E72E
S214026C982120F4E7DC6500203C7F002034660020D3
S214026CA838B5AC230D4C054603FB004300205A6D4D
S214026CB8D86483F8500012B15865FFF719FCF5F747
S214026CC8C1FBFF281EBFAC2303FB054484F8A800BB
S214026CD80020FFF75FFF002038BD00BFDC650020FC
S214026CE87FB51D4C94F8A83023B1002084F8A8007C
S214026CF8FFF750FF94F85A30B4F8A0608DF80F30BA
S214026D0826B940F2FD2115481DF0AFF9144B31465D
S214026D181D6800202A46FFF7B3FEE46F02469CB1C0
S214026D280DF10F0301930023294630460093A0472E
S214026D3802462C7854B920462146FFF7A5FD204680
S214026D48FFF7CAFC04B070BD0122F2E7294600200C
S214026D58FFF706F8F6E700BFDC6500201DE504002D
S214026D68487B002038B5494B1C78002C58D1484837
S214026D7800F06CFC20461CF0F5FC002850D0454C70
S214026D882378D90733D594F850201AB123F0030391
S214026D98237045E023F00103237010F0CBF9237823
S214026DA805469A0701D510F0BBF9294600200FF0D0
S214026DB853FF40B92378284643F001032370BDE801
S214026DC8384010F0ADB90023482284F8A33094F86E
S214026DD8A83084F8A25002FB0343D3F89830A4F8EC
S214026DE8A000C4F8A430BDE83840FFF779BF94F88D
S214026DF84400B0B104F1A003251D95E8030083E81A
S214026E080300FFF76DFF94F844202846D20004F1E9
S214026E180C01F8F7CFFB94F84430013B84F8443071
S214026E2838BDA26C62B99B0711D52378002023F0DF
S214026E38020343F001032370BDE83840FFF74CBC59
S214026E480123A06484F85030904723789EE710F018
S214026E5889F90028E9D194F8A83073B1F5F7F2FA5F
S214026E6894F85030002BDBD1FF2818BF84F8A8000E
S214026E78BDE838400020FFF78DBED4F88C30002BD2
S214026E88ECD098470028CBD1E8E700BF157500205C
S214026E98907C0020DC65002070B5044600201CF0BB
S214026EA861FCAC235C430B4E351995F850300BB198
S214026EB8002070BD0028FBD007481DF04AFA0028BB
S214026EC8F6D1335D002BF3D195F84400B0FA80F082
S214026ED84009EEE7DC650020907C002010B5084AE1
S214026EE8034618F0CBFD14684FF6FF7203EB400317
S214026EF89C42184603D9018802339142F8D010BD45
S214026F08986600202DE9F047204F05463B88A3B334
S214026F18B0F90230002B30DBDFF87C801C49D8F849
S214026F280000F8F74BFD20B94FF4EA7119481DF036
S214026F389CF80026DFF85CA0DFF860903A88B3B2C7
S214026F489A4204D84FF4EB7150461DF08EF8D9F8E1
S214026F580030B2B253F83200D8F8001003EBC2047D
S214026F6868B943F83210A38828460133A38018F07C
S214026F7885FDE38803EB4003E380BDE8F087F8F776
S214026F881DFD01360028D9D1EDE700BFAE6D002001
S214026F98EAE40400F4E40400B07C00208C660020D6
S214026FA838B5094C094D22682B689A4204D94FF421
S214026FB8877107481DF059F828682368C01A20F018
S214026FC8010080B238BD00BF98660020A066002087
S214026FD8F4E4040038B5124C124D21462846F5F75B
S214026FE8B7F823680BB12B681BB9DE210E481DF0D3
S214026FF83CF82A680D4B0E491A60236823F00103F1
S21402700813440B600B4B1A602AB9BDE83840F821C6
S21402701805481DF02AB8FFF7C3FF6428F5D938BD1E
S2140270289066002094660020F4E404009C66002023
S214027038A06600209866002038B5094C094D2268DB
S2140270482B689A4204D34FF48A7107481DF00DF84C
S21402705828682368C01A20F0010080B238BD00BF35
S2140270689C660020A0660020F4E404002DE9F041A6
S2140270781D4B04461B78012B24D100881CF05EFCAD
S2140270880546D8B10426DFF864802C461CF066FF55
S21402709807462046FFF736FF638843EA08036380FD
S2140270A8A05B1CF04BFC044638461CF052FF1CB191
S2140270B8B4F90230002BE9DA062E01D1BDE8F081D8
S2140270C80626E2E7022BF9D11CF048FF0246208882
S2140270D81CF034FC18B10388C3F30E032380104651
S2140270E8BDE8F0411CF035BF177500200080FFFF91
S2140270F82DE9F04F0024BA4B97B006461C801CF0C8
S2140271082DFF0123DFF8EC82B64F3B70B8F800304B
S214027118A8F80040ADF81630B34B1B6801931CF074
S21402712818FFB24B21461A88B14BD2001868F8F7F6
S214027138EFF90DF11600FFF799FF002E3CD1DFF8A4
S214027148B8924FF0000B0125D9F80040019B9C42EB
S21402715839D3BBF1000F39D1002DF2D0D9F800404F
S214027168DFF898A225462246019B9A4273D3022349
S2140271780DF116003B70FFF779FF002E40F08F8066
S214027188D9F800603246AA4280F0A28090881CF0A5
S214027198D5FB18B10388C3F30E039380D0881CF07E
S2140271A8CDFB18B10388C3F30E03D3801046FFF74E
S2140271B895FE0246E7E79847E3B256F823300134CD
S2140271C8002BF8D1BBE7BBF1000F3ED00BF1FF3323
S2140271D85FFA83FB16AB03EB8B0252F8402CB2F92C
S2140271E8020051880028B1DA4B04AFD4924641F423
S2140271F88040931D2AF8020F02933AF8020F1CF0F9
S2140272089DFBF0B1B0F902E0B0F802C0BEF1000F83
S21402721817DB6FEA4C4C6FEA5C4CA0F802C003908E
S214027228FFF770FEBBF10F0F8FBF002516AB039A50
S21402723803EB8B009EBF0BF1010340F8402C5FFA6C
S21402724883FB029B9A45D8D180E72046FFF746FE85
S21402725822460446C3E7104618F010FC8346B2F9E5
S2140272680200118800280AEA010108DA20461CF002
S2140272785BFB084381B204EB4B0402EB4B0510465A
S2140272881180FFF72BFE02466EE798475FFA8AF3ED
S21402729856F823300AF1010A002BF6D170E74FF0B0
S2140272A8000AF3E73046FFF719FE82467EB1B6F9C2
S2140272B802307188002B0ADA3088C0F30E001CF000
S2140272C83DFB864203462DD1C1F30D017180564619
S2140272D8AE42E7D3DFF81CA11CF040FE00210646AA
S2140272E8504618F02EFC1CF029FB0546002800F034
S2140272F8878030461CF02DFE284618F0BFFB06464F
S21402730820461CF011FB8146760032462946204666
S214027318F8F750F9002249460DF116001CF0F1FF65
S2140273283444D9E71BD9304618F0A8FBC1F30D013F
S214027338420071801846314692B2F8F73BF9C6E722
S2140273485046FFF7CBFDD146854203D9B0F9023045
S214027358002B01DA824603E0FFF7C0FDF4E7B146E8
S214027368554507D9BAF80000C0F30E001CF0E6FA35
S2140273788245E5D3B9F1000F30D0B9F80000C0F362
S2140273880E001CF0DBFA034638B93346CB4699455D
S21402739813D8B1459BD0D946ECE7484618F06EFBA1
S2140273A8B9F802204946C2F30D02A9F802204200A3
S2140273B892B21846F8F7FEF8E7E718460193FFF781
S2140273C88DFD019B9B46854203D9B0F90230002BFE
S2140273D801DA0346DBE7FFF781FDF4E7CB46DAE797
S2140273E8B06D00201775002098660020AE6D00204C
S2140273F88C660020B26D00209C6600200080FFFF8D
S214027408BDF816303870A8F80030044B30461C60B9
S2140274181CF09FFD17B0BDE8F08F00BF98660020ED
S2140274282DE9F04105461CF089FA0F460446D8B104
S2140274381CF051FF20B940F2FB4120481CF015FE13
S21402744828461CF0B5FA05462046FFF747FDBD421A
S214027458064609D004D840F2035118481CF005FE27
S2140274682588ED0B02D02781BDE8F081678020468B
S21402747818F004FB074604EB40081CF06FFD104B9F
S2140274881A68B2420AD1C3F800801CF062FD2A4686
S2140274984046BDE8F041FF21F8F73AB8A6EB0806E1
S2140274A8B5B21CF056FD072DF1D90023083D44F865
S2140274B81730C8F80430A8F80250D5E7F4E40400F8
S2140274C89866002038B51CF049FD00210546044898
S2140274D818F037FB044628461CF03BFD204638BD0C
S2140274E8B26D0020024B1888B0FA80F04009704747
S2140274F8B26D00202DE9F74F044600881F461CF09F
S2140275081DFA8846154606461CF0E5FE20B940F2E6
S214027518FE613F481CF0A9FD3388DB0B009306D0BA
S21402752833892B443381002003B0BDE8F08F2088CE
S2140275381CF03EFA82463046FFF7D0FC01901CF05B
S2140275480DFDDFF8D0B0019BDBF8002081469A4299
S2140275581DD1FFF725FDA84204D248461CF0F9FCC7
S2140275681A20E1E70AEB050373803FB120881CF076
S21402757803FA2A4641465044F8F75AF93046FFF7C6
S214027588ADFCCBF8000048461CF0E3FCCBE71CF049
S214027598E0FC20881CF00CFA2844009980B21CF003
S2140275A85FFA06460028DBD01CF0E6F981462088FA
S2140275B81CF0E2F9824620881CF0FAF95146024687
S2140275C84846F8F735F93046AFB11CF0D5F9074604
S2140275D820881CF0EDF92A4641463844F8F728F97F
S2140275E8012120881CF000FA0121024630461CF0D0
S2140275F80FFA268097E71CF0BFF9804620881CF011
S214027608D7F92A4639464044F7F782FFE8E700BF2B
S214027618F4E4040098660020342101481CF025BDD5
S21402762808E50400036910B55BB18268064B9A4206
S21402763801D1002010BD44691CF010FD201AF9D5AE
S214027648F7E74FF0FF30F5E72176020082681C4B19
S21402765870B59A420446056819D11CF07FFC236966
S21402766823B1A34206D100222A601A61BDE87040FF
S2140276781CF06FBC1A4611461269A242FBD12A6850
S214027688A24208BF29600B6100232361EEE7036963
S21402769893B198426E6803D19D210A481CF0E5FC16
S2140276A82B46B44209D122699D4218BF1A614FF08F
S2140276B8000308BF6A60236170BD33463669F0E787
S2140276C82176020008E504002DE9F0470746002562
S2140276D84FF0010A154EDFF858808AB0347914B98B
S2140276E80AB0BDE8F087D6F8009087B900972A4610
S2140276F8B8F80010234603A81CF09AFE224648460D
S21402770803A9E9F799FC2544EDB20836E6E72246CE
S21402771803A94846E9F764FCCDF800A023462A46A2
S214027728B8F8001003A81CF083FEECE72C48050006
S214027738B46D00200148FFF799BC00BFB46D002065
S2140277489C46174BF7B5054608461988164611B1E2
S214027758144B1C78CCB1014662463046BDB103B024
S214027768BDE8F040E9F73CBC1C44E4B208373B7974
S214027778002BF0D03A689642F6D185F001052246EB
S21402778800951CF055FE03B0F0BD074FEFE7E9F78A
S21402779853FCB0B203B0BDE8F04016F0F7B900BF2C
S2140277A8B46D00206D7F00202C48050010B5074CEC
S2140277B8238843B10020FFF787FF0020FF22044BEF
S2140277C820801A7010BD0220FCE700BFB46D0020AE
S2140277D86D7F0020142810B518D8082805D116F091
S2140277E84EFAC401E4B2204610BD0E2802D116F0A5
S2140277F849FAF6E7064B53F82040002CF3D00A283D
S2140278082478F0D107F0C2FB0443EBE7FF24EAE74B
S2140278187C480500014BB3F868007047DC65002019
S2140278280048704746660020014B1878704700BF2C
S2140278388B740020014B1878704700BF8E740020A6
S214027848014B1870704700BF8E740020204B022828
S21402785810B5204C187002D00438012822D8237894
S214027868042B0BD000211C481CF072F92378033B2A
S214027878012B03D9002119481CF06AF9184B1B681A
S2140278889A0022D513F0805F40F6114418BF4FF4D1
S2140278984164204616F0A8FDC8B92046BDE8104047
S2140278A816F072B90C48FFF7D1FE0C48FFF7CEFE69
S2140278B818F0C0FB2378033B012B03D816F08EFD85
S2140278C81624E6E70DF0BAFFFAE71524E1E710BD3D
S2140278D89274002093740020D47C002090580020D4
S2140278E824590020024B187800F00F00704700BF9A
S2140278F892740020034B187800F00F00831E58423B
S214027908584170479274002008B518F07EFBC0B143
S21402791818F094FBA8B10FF01BFD90B90A4818F0AE
S214027928C7F870B1094818F0C3F850B116F0AFF9A5
S21402793838B116F05BFD20B9BDE80840044818F0D7
S2140279487AB9002008BD00BFB66D0020EA6D002097
S214027958A466002030B505460C4693B081B910B926
S214027968002013B030BD1023214A69460120FFF7D4
S214027978E7FE9DF805305A1E052A28D91720F0E793
S214027988182200212046F7F7C3FD002DEBD1FFF79A
S214027998B1FF30B316F023F86A4601460020FEF718
S2140279A891FEBDF80430204623819DF80230A3726A
S2140279B89DF80030E37218F006FD002304F1140166
S2140279C8237304F1100004F0F7FDE081C8E7094AC2
S2140279D89DF8041012789142D0D12B70002CD6D183
S2140279E8BEE7054B1B78033B022BD3D9C6E700BF7D
S2140279F864EE0100437F00209274002030B593B0F5
S214027A0805460C46FFF776FF20B90C4B1B78033B5E
S214027A18022B10D815F0E3FF6A4601462846FEF701
S214027A2851FE00209DF80230607023709DF80030E9
S214027A38A37013B030BD1720FBE700BF9274002076
S214027A48054B1878012805D000F0FD00A0F1310397
S214027A5858425841704700BF927400202DE9F341FE
S214027A680E46002105461CF046FC0023124FADF8D0
S214027A7806002B800DF1060018F01AF8044610B11D
S214027A8802B0BDE8F08121460DF1060018F059F85B
S214027A9880461BF071FF438AB34207D99B1B438279
S214027AA82246414628461CF02CFCE3E743895B073E
S214027AB8E0D53B88F3E700BFC67E002008B50A4833
S214027AC8FFF7C4FD09484FF47A71FFF7C7FF074866
S214027AD817F0EEFF30B9BDE808404FF47A71024855
S214027AE81CF036B808BD00BFB47C0020D47E002047
S214027AF81FB50146002201A81CF0FAF8064801A99B
S214027B081CF05CFC20B11BF037FF4089C0F3400034
S214027B1805B05DF804FB00BFD47E002030B585B002
S214027B280D460022014601A81CF0E2F8084801A901
S214027B381CF044FC50B11BF01FFF04460146082205
S214027B482846F7F737FD6089C0F3400005B030BD18
S214027B58D47E002010B5044C204617F0E0FF638858
S214027B68181A80B210BD00BFD47E0020F8B50546AC
S214027B78F8B100210F481CF0BEFB0446A8B10D4F11
S214027B8820461BF0F9FE06461CF09EF8830705D42D
S214027B98082229463046F8F707F838B1214638460B
S214027BA81CF0CDFB04460028EAD10024201E18BF8C
S214027BB80120F8BDD47E002010B50C4601460648C2
S214027BC81CF0FCFB30B11BF0D7FE43891C4214BFE5
S214027BD80120002010BD00BFD47E00201FB5144629
S214027BE8024601A81CF084F8074801A91CF0E6FB27
S214027BF840B134B11BF0C0FE142201462046F7F706
S214027C08D9FC012004B010BDD47E00201FB5014661
S214027C18002201A81CF06CF8094801A91CF0CEFB4A
S214027C2858B11BF0A9FE4389024613F0020004D09D
S214027C38507B80F00800C0F3C00005B05DF804FB76
S214027C48D47E00200146014818F08FB8D47E002062
S214027C58F8B504460E46142000211BF001FF05461F
S214027C68204617F05CFF6388834225D925B3314640
S214027C78204618F07AF808BB28461BF07DFE074611
S214027C880A223146F7F796FC082206F10A0107F19E
S214027C980A00F7F78FFC0A4B1B887B82238823B9D6
S214027CA84FF47A7107481BF053FF204600222946F4
S214027CB81CF027FB0020F8BD1C20FCE72E20FAE764
S214027CC8C67E0020B47C002010B5044686B0B0B14B
S214027CD81BF0FAFF10F0020011D1CDF80E00616811
S214027CE8CDF81200ADF81600206801AB03C322894E
S214027CF8044801A91A80FFF7ABFF06B010BD212081
S214027D08FBE700BFD47E0020F8B50D4616461F4690
S214027D18044648B31BF0D8FF30BB2046FFF792FF55
S214027D28E0B1214611481CF049FB1BF025FE4389A9
S214027D3805734673877343F00203218943812046FD
S214027D4801F0F2F9FF28044606D001F0F3F818B15C
S214027D580022074B43F82420002004E02046FFF7C1
S214027D68B3FF0028DDD0F8BD2120FCE7D47E002032
S214027D7860560020F7B59DF824400D4601949DF8FC
S214027D882040064600941F460DF076FC4FF6FF711B
S214027D988842044610D0BB0711D4284600F0CCFF10
S214027DA820461CF009F8FF281FBF084A32F8103090
S214027DB823F4804322F81030204603B0F0BD024672
S214027DC82946304617F0D8FFEAE700BF7A6D00204A
S214027DD873B50E46014614481CF0F0FA0546D8B1AB
S214027DE81BF0CAFD43890446334012D09B0736B2BD
S214027DF80BD5002E09DAA17B437B0289007B019111
S214027E08012100912146FFF7B5FF638923EA06039D
S214027E186381628912B1012002B070BD2946024808
S214027E2817F0AEFEF7E700BFD47E00200148FFF742
S214027E381DB900BFD47E00201FB50C460B4A01466A
S214027E4801A81BF055FF01A8FFF7FCFE60B101A9C7
S214027E5807481CF0B3FA1BF08FFD036823604368DB
S214027E680020636004B010BD2D20FBE7EA48050039
S214027E78D47E002013B53E4C13F086F8D4F8FC31B5
S214027E881020C3F307430193FFF7A4FC000650D55E
S214027E980020FFF79FFC01064BD5019B802B3ED1A5
S214027EA8236A9A0704D440F61544204602B010BD49
S214027EB8E3699B07F7D52F4817F041FB012017F017
S214027EC8A5FC13F074F804460028EED100F086F9F3
S214027ED8294817F08AFE00F0F1F9E8F7CBF913F013
S214027EE852F80AF0F1FC0AF043FDF4F78DF9F4F7BC
S214027EF841FAF4F75BFA04F003FD15F0C2FE15F03A
S214027F08C3FE16F076FA1D480CF00CFC07F092FE3B
S214027F1816F02EFA0028C8D016F02CFAC5E7019BF0
S214027F28812BC0D1D4F80C315B00BCD5D4F80C3107
S214027F38BFE71020FFF74EFC0006BCD40020FFF770
S214027F4849FC0106B7D5019B802B05D1084B1A6A56
S214027F58D207A8D5DB69ACE7019B812BA3D1044BDA
S214027F68D3F80C21002A9EDAD3F80C31A1E700BF19
S214027F780080E00F690345ECA4660020F97A020047
S214027F8810B518F054F870B301F0B8FB80F001048D
S214027F98E4B20020FEF7F6FA44EA800424B218F0A7
S214027FA834F810BB0220044316481CF0D2F944EAFF
S214027FB8401415481CF0CDF924B244EA00141348BC
S214027FC81CF0C7F924B244EA801411481CF0C1F91F
S214027FD824B244EA40240F481CF0BBF924B244EA0F
S214027FE8C02080B210BD0124D3E70B4817F060FD0D
S214027FF80028D7D0094817F05BFD80F00100C0B210
S2140280084000D0E7147D0020F87D00202859002083
S214028018787D0020D87D0020B66D0020EA6D00200D
S21402802808B501F047F90EF0DFF8FDF7D9FE154856
S21402803817F03EFD08B906F065F9134817F038FD43
S21402804808B907F0E1FD03F059FC0CF01DFD0F48D6
S21402805817F0FDFD0E4B1B78043B022B09D80D4882
S2140280681CF077F928B1FFF78BFF102801D109F029
S2140280787DF915F00EFE17F08DFEBDE8084006489D
S214028088FFF736B8B66D0020EA6D0020A466002019
S21402809893740020F87D0020F4480500014B186808
S2140280A8704700BFD8650020F8B54FF6FF77104B2B
S2140280B806461B780C46033B012B0F8009D8304630
S2140280C80AF0BAFC4FF6FF73984220800ED00020C2
S2140280D80DE00CF023FEB84205462080F7D1304664
S2140280E800F002FDA8422080F1D1E8E72D20F8BD75
S2140280F8937400204FF6F77370B5984204460D46FF
S21402810886B05AD817F047FEA04207D108222C4953
S2140281182846F7F74FFA002006B070BD294EB6F883
S2140281286830A3420AD10022082106F16A0017F035
S214028138C4FD18B9082206F16A01E9E7ACB1224B78
S2140281481B78033B012B1AD8002301221946204626
S21402815800930AF01BFBFF2823D1294620460AF083
S214028168BFFC80F00100C0B2D6E7184B1B689B071D
S214028178E5D4284608F0DCF90028E0D0CBE720460C
S21402818800F06AFFFF2806D129462046FFF754FE6C
S2140281980028D9D1BFE7294600F080FF0028F3D08F
S2140281A8B9E702A919F025F80028D6D1DDF80D306E
S2140281B82B60DDF811306B60ADE70120ACE700BF3D
S2140281C818750020DC6500209374002024590020CE
S2140281D8014B1870704700BF437F002010B5054C4E
S2140281E8082221460448E8F7FBFE204617F00DFE53
S2140281F810BD00BF1875002034B608C00048704786
S21402820818750020082208B50349F7F7CDFCB0FA1E
S21402821880F0400908BD00BF18750020014B187091
S214028228704700BF86740020074B44F6FF701A7822
S21402823840F6FF73012A18BF1846044B1B780BB189
S21402824840F40040704700BF9374002086740020F4
S214028258F7B50D46044616461F460021284601F085
S214028268F1FF0B4B002183F859402A463346204635
S21402827800970EF0AFFC014630B10222204603B04A
S214028288BDE8F04000F006B8012003B0F0BD00BF1C
S214028298DC65002013B513460C461AB1022A0CBF39
S2140282A8134601230021044A019100922246FEF752
S2140282B8A5FA02B010BD00BF1901040000B50020DF
S2140282C893B0FEF717FA1E4B18880CF031FA1D4BBE
S2140282D81D491A7800200EF0A1FD342200216846B6
S2140282E8F7F716F90B238DF800306FF480330193F5
S2140282F84FF6FE73ADF8103003238DF81D30134B7E
S214028308134A0893134B10680993134B51680D933D
S214028318124B6A460E93124B0F93124B1093124B44
S214028328119302AB03C300210846FEF781FC6A4696
S21402833801210020FEF77CFC13B05DF804FB00BFA9
S214028348BE7E0020567F00206CF504006D87020072
S21402835818750020B5FE0300E5BF02001589020065
S214028368E5D602001901040035BA0200014B187856
S214028378704700BF20750020014B1888704700BF61
S214028388D87E00202DE9F74F814610460E469046C5
S2140283981BF049FFDFF840B105469BF8003033B9B9
S2140283A84A4B1B681BB94A4B1B68002B7FD015F437
S2140283B8406A05F040071BD19FBBB5F5804F61D2D6
S2140283C84FF48074B9F1400F73D0B9F1800F63D0BF
S2140283D8B9F1100F6BD100239BF800003D4AD9B2C1
S2140283E8884264D932F8021B0133A142F7D166E00B
S2140283F808F103001BF017FF4FF6FF73984214BFED
S2140284080124022487B1052705F44043B3F5004F3B
S21402841844F0080425D0B5F5804F24D244F480747D
S21402842821E054460327EFE7B5F5804F4FF00507DE
S214028438F4D3BAF5406F14BF0220082038444044EB
S2140284481BF0F1FE019017F0C3FC019B05F44045B2
S21402845898420CBF44F0080444F00404B5F5004FF3
S21402846801D144F08004BAF5006F0FD108EB07007B
S2140284781BF0D9FE054617F08EFCA842A2D144F09E
S21402848810049FE7544603270220D7E7BAF5406F41
S21402849808BF44F0200495E70C4B1B683BB100224A
S2140284A8D1B233F8110033F91110002903DA00208B
S2140284B808E0074BF1E7A04202F10102F0D106B14B
S2140284C83480012003B0BDE8F08F00BFB4660020F8
S2140284D8B8660020146E002068750020034B1A78D0
S2140284E8022A04BF09221A70704700BF21750020AD
S2140284F80C22034B1A211A700320002202F024B819
S214028508217500200C2208B5054B1A211A70002284
S214028518104602F019F80022024B1A6008BD00BF86
S21402852821750020C06600200C2270B50D4B05464A
S2140285381E781A7030B93046BDE8704000221A21FB
S21402854802F002B8084B1C78E1B21A29F3D825FAC9
S21402855804F3DB0703D54422304601F0F5FF013465
S214028568F2E700BF217500206F7F00200C22024B25
S2140285781A7015F034BF00BF21750020F0B50C88BC
S21402858805460E468BB0E4B94FF6FF77ADF8247071
S21402859815F038FF10B902200BB0F0BDCDE9034044
S2140285A8CDE90544134A0294B2F85C30603201936E
S2140285B800923B464CF60101FF2009AA19F062F91F
S2140285C83080284617F07DFD0B4C70B1237863B1D6
S2140285D8013BDBB22846237017F073FD38B12078CA
S2140285E8B0FA80F04009C0B2D6E70523F2E70120C8
S2140285F8F9E700BFDC6500206E7F0020034B1146BA
S2140286081B6803B1184715F07DBA00BFC066002084
S2140286180C22024B1A700AF0F1BC00BF217500202A
S2140286280148FEF723BD00BFB86D00207FB505469A
S2140286380C4616461BF070FC00286BD1062D03D894
S2140286485223EB40DB071AD4B4F1006F05D3E30ECE
S2140286581C3B032B18D94F202EE000222F4B1A6002
S2140286682F4B1D7017F052FB03460A2D54D8DFE82D
S21402867805F02D183E49182518535341360002F0C6
S2140286883BFCB4F1006FE2D20022244B042D1A60A0
S214028698234B1D70E6D1022001F02EFC17F036FBA4
S2140286A80346012202921F4A01921F4A00921F4A5B
S2140286B8314620460EF088FE04B070BD314620468C
S2140286C81B4A04B0BDE870400EF066BE314620462E
S2140286D8184B194A04B0BDE870400EF041BE00229D
S2140286E80292164A0192104A0092154AE0E70222BE
S2140286F80B4B1A7000221046124904B0BDE87040AF
S214028708FEF742B8002202920F4A0192064A0092E7
S2140287180E4ACDE74D20CFE70120CDE7C066002000
S21402872821750020318502006D87020005010400CC
S214028738198602000D85020005860200758502006C
S21402874885850200E5840200F9840200C700040059
S21402875808B50EF069FE0C22014B00201A7008BDFF
S21402876821750020F0B585B0ADF8060018B9762157
S21402877864481BF07AFCBDF8060017F069F8044650
S214028788BDF8060017F064F8082846D00C2CBDF889
S214028798060042D117F05FF907461BF044FD0DF1BB
S2140287A80F010646BDF8060015F054FA002879D0DF
S2140287B80922002138461BF01FF89DF80F301033A7
S2140287C8C518BDF806001BF0F3F8EDB2854269D26B
S2140287D82946BDF806000EF035FF06F44C4416F49A
S2140287E84066054614D0F81C1BF01DFD4FF6FF73B5
S2140287F8984208BF44F04004B6F5006F08D1781DC9
S2140288081BF011FD4FF6FF73984208BF44F01004A0
S2140288189DF80F305BB3072D44D1BDF8060017F05C
S2140288280DF80446BDF8060017F012F8082817D007
S214028838A30615D524F0200189B2BDF8060016F065
S214028848E8FFBDF8060017F006F9002109221AF01B
S214028858D3FF00F1100189B20DF1060019F03BF9B9
S2140288680022BDF8061028481BF04BFD1AE0082D1A
S21402887816D8BDB1013D072D14D801A353F825F02B
S214028888E5880200F1880200AD880200B18802007D
S214028898AD880200FD8802002388020003890200D0
S2140288A87C2D24D005B0F0BD24F48844A4B2B4F5D7
S2140288B8084FF7D1BDF8060016F0C5FFBDF806103A
S2140288C80BF0D0FF0028A8D0BDF8060017F026F84F
S2140288D80022014602201BF06FFCE3E724F48064C2
S2140288E8A4B2B4F5484F97E7B4F54C4F94E7B4F5FD
S2140288F84C4F92D04CF6500301E04CF640439C4253
S2140289088AE700BF16E50400B66D00202DE9F74396
S2140289180F469046994606461BF02EF80446304601
S2140289281BF046F8C5B2083D2C44E178094BA278FC
S2140289381970094B31461A70002043463A46CDF85C
S214028948009012F0D6FF003818BF012003B0BDE829
S214028958F08300BF45750020447500202DE9F04FCE
S214028968DFF84081DFF8409198F8002099F8003047
S21402897806469A4285B004D340F2191142481BF0C3
S21402898874FB30460DF10F011BF0CAF920B14FF403
S2140289988E713D481BF069FB98F800709DF80F40F1
S2140289A83D1B15F0FF0530D04FF0FF3C374B012139
S2140289B81B78A140184699F800304FF6FF790CFA52
S2140289C803FC0023324A01F1FF3E0193C1F1000A7B
S2140289D89DF80430984243D8122004FB00002D4B21
S2140289E8A0F1120105EBC5025200194404F101096F
S2140289F81844F6F7DFFD4FEA89092748A9F104016A
S214028A080144AA004844F6F7D5FD224904EBC402FD
S214028A1801EB420321F81260204A013712784FF61A
S214028A28FF71DA731A745A7412025A801C4A0D209D
S214028A3812781A7110225A7100229A73C3F8062005
S214028A48C3F80A20144B43F8242088F800701BF059
S214028A58B3FB0EB908F05CFF204605B0BDE8F08F00
S214028A6813884B450AD053680AEA030B03EA0E0337
S214028A780B4403EB4B0343EA0C035360019B083297
S214028A8801330193A4E700BF29E50400507F0020C4
S214028A98BC5600206A6B00206056002045750020F0
S214028AA8227500208C7400204E7F00202DE9F041AC
S214028AB8074600250A4B0B4E93F80080ECB2A045F9
S214028AC803D8FF242046BDE8F08108223846B11DA7
S214028AD8F7F76AF801350028F4D01236EEE700BF39
S214028AE88C7400206A6B002008B5FFF7DFFFFF28AA
S214028AF81DBF00B2044B00EBC0004FF6FF7018BF54
S214028B0833F8100008BD00BF6A6B002007B50DF1E8
S214028B1807011BF005F930B19DF80730034803EB4F
S214028B28C30300EB430003B05DF804FB6A6B002046
S214028B382DE9F843294E044633785D1E2D1A8342E2
S214028B48EDB204D84FF4A17125481BF08EFA012322
S214028B58A3404FF0FF305F1E3B4400214FF6FF7ED6
S214028B686FEA03081F4A92F800C01F4A127890401C
S214028B781E4ACBB29C4523D8BDB127B204EBC40427
S214028B881B48640005EBC50204F1120101445200B9
S214028B982044F6F70FFDBF001648AA00391D014407
S214028BA802F0FC023844F6F705FD33780022013B52
S214028BB833704FF6FF71BDE8F8430E201BF0FCBA7F
S214028BC81388734507D0536808EA03093B4003EB4A
S214028BD859030343536008320131CAE78C740020F4
S214028BE829E50400507F00204E7F0020BC56002056
S214028BF86A6B00206056002010B50A4C207858B9D7
S214028C08094B1B781A2B03D9992108481BF02DFA11
S214028C180322074B1A7010BD0138C0B2FFF788FF4F
S214028C28ECE700BF8C7400204E7F002029E5040084
S214028C38887400202DE9F04705461BF0D5FBFF286F
S214028C48044624D1DFF884901E4B99F800201B783E
S214028C589A422BD22846BDE8F047FFF77FBE3888EF
S214028C683B79504518D86F2B4FEA131214D85B0776
S214028C7810D0123708F1010899F800105FFA88F642
S214028C88B142ECD80023104ADEB28E4214D32046F4
S214028C98BDE8F087022AECD90DF0E2F90028E8D1FF
S214028CA829463046BDE8F04717F04CBA4FF00008A0
S214028CB84FF6F77A044FDFE7107901338F28EFD89B
S214028CC81232E1E74E7F00206A6B00208C74002087
S214028CD84FF6F773984210B514D8FFF7ABFFFF2884
S214028CE810D0134C00B200EBC00004EB400413F0A3
S214028CF859F8104938B962880B7802EB0313A3EBCC
S214028D081213638010BD227C637C09789A42E27350
S214028D182374617407D98B4203D213468B4228BF49
S214028D280B461B02EDE78A42F8D31346F9E700BF63
S214028D386A6B0020457500202DE9F04106460F466D
S214028D4800240E4DDFF8388098F80030A34201D888
S214028D58BDE8F081082229463046F6F725FF40B9D5
S214028D6835F8063CBB4204D02046FFF7E1FE013C3C
S214028D78E4B20134E4B21235E6E700BF706B0020B5
S214028D888C740020F8B5054608460E46FFF78EFE98
S214028D98FF2830D01D4B294653F820703046FFF77F
S214028DA8CBFF2846FFF746FFFF28044625D10CF0DE
S214028DB883F8FF280AD1164C207838B114F012FE30
S214028DC82378B0FBF3F202FB1300C0B2294617F071
S214028DD8B9F9044623B20F4D03EBC30305EB43056B
S214028DE808223146A81DF6F7E5FB2B79204603F044
S214028DF80F032B71F8BD0027D3E7074B1B78002B10
S214028E0818BF0027014B43F82070E3E7605600209E
S214028E184E7F00206A6B0020707F002038B50B4B0F
S214028E2804461B780D46834204D840F25A21084865
S214028E381BF01BF9074804EBC40400EB4400294660
S214028E48BDE8384008220630F6F7B4BB4E7F00204D
S214028E5829E504006A6B002070B5044608460E46EB
S214028E681BF0C2FAFF28054610D02046FFF71EFE62
S214028E78FF2807D0084B1B7823B9084B53F8202045
S214028E8843F8252021462846FFF7C8FF31462046E4
S214028E98BDE87040FFF750BF707F00206056002084
S214028EA82DE9F8430024804601272646114DDFF8AF
S214028EB84C9099F80030A34210D83E430134E4B2ED
S214028EC81A2C4FEA470705F11205F2D14FF0FF3088
S214028ED8094B1B7898403043BDE8F8832B884345F6
S214028EE8EBD0284617F086F90328E6D82B796F2B9D
S214028EF8E3D8E3E76A6B00204E7F00208C740020DC
S214028F0810B5084C00EBC00004EB400423795B075D
S214028F1807D1204617F06EF9237923F00703184382
S214028F28207110BD6A6B0020014B1878704700BF8D
S214028F38717F0020014B1878704700BF707F0020B1
S214028F4870B51A48FEF782FB194B1B78033B012BB8
S214028F5828D805F0A3FB03F057FBBDE870404FF492
S214028F687A5112481AF0F4BD23798F2B4FEA13115F
S214028F7811D80131204617F06DF9062901D80329C0
S214028F8809D12379002223F007034FF6FF710F2039
S214028F9823711BF011F9123401353278EBB29A427A
S214028FA8E2D8D6E70025034C034EF6E7D47C002029
S214028FB8937400206A6B00208C7400200022084BF1
S214028FC81878084BD1B2884203F1120300D87047CA
S214028FD813F80D1C013221F0100103F80D1CF1E7FD
S214028FE88C7400206A6B00202DE9F04702261227AF
S214028FF8DFF85C90DFF85C8099F8004000250CE00A
S21402900807FB05F338F803A00021504617F007F9C6
S21402901810B15CB1013CE4B2013599F80030EAB20D
S2140290289342EDD8A34204D14FF6FF7A5046BDE8E4
S214029038F08714F0D7FC99F80030012EA3EB04034E
S21402904890FBF3F202FB1300C4B2EDD00126D5E77B
S2140290588C7400206A6B002010B504461BF0C4F915
S214029068FF2808D120461AF0A7FEFF281FBF024B8A
S2140290781B78C018C0B210BD4E7F0020044B0021DA
S2140290881A78044B04481B781A449200F6F740BA3A
S2140290984E7F0020557F00206056002010B5134BE7
S2140290A80C461B7886B0834212D9114900EBC000E1
S2140290B801EB4001082220460631F6F77BFA002229
S2140290C80821204616F0F9FD80F00100C0B206E03D
S2140290D8C01A01A9C0B20CF02BFA10B1002006B0D3
S2140290E810BD01AB03CB20606160E8E74E7F00202D
S2140290F86A6B002008B5074B024653F820308B42AD
S21402910806D915204FF6FF711BF056F8002008BD49
S2140291180120FCE760560020024B013143F820107C
S214029128704700BF605600202DE9F34781460C467B
S21402913800272A4EDFF8ACA09AF80030FDB2AB4200
S21402914810D86946204618F089F9C0B3082269463D
S2140291584846F6F729FD90B34946204617F020FB05
S214029168FE2537E006F10608082241464846F6F785
S2140291781BFD90B94FF6FF739C422BD03388A3424F
S21402918828D020461AF018FEFF2814D14946204651
S21402919802B0BDE8F047FFF7F5BD14B9123601373D
S2140291A8CAE73388A342F9D100220821404616F0BE
S2140291B884FD0028F2D12846FFF7BAFCCCE74946D8
S2140291C800201AF0C9FDFF28054603D0044B1B7879
S2140291D80344DDB2284602B0BDE8F0876A6B002079
S2140291E84E7F00208C74002008B5FFF7E7FE054B7B
S2140291F81B78013B012B03D8BDE808400CF084B964
S21402920808BD00BF937400200F4B1B7883420CD80E
S214029218C01A0E4AC0B232F81030D90411D443F438
S214029228805322F8103001207047094B00EBC0002B
S21402923803EB40035A79D10603D442F010025A715E
S214029248F1E70020704700BF4E7F00207A6D0020AD
S2140292586A6B0020F0B5134B06461B78FBB1002557
S2140292681148DFF84CC090F800E0104807781F4411
S214029278E8B2864501D80020F0BD7C1B94FBF3F0CB
S21402928803FB10440CEBC4003CF83440B44204D14F
S214029298002AF1D184788C42EED00135E8E71846E8
S2140292A8EAE700BF507F0020105900208A74002089
S2140292B8BC56002070B511F058FE14250F49104E02
S2140292C80B78328830809B1A03449BB2B3FBF5F4C2
S2140292D805FB14330B700B49E2B20B78934292BF2C
S2140292E800239B1ADBB2032A0B7088BF00230649A9
S2140292F89EBFD2000B68D3400B6070BD2575002058
S214029308BA6D00208974002010590020084B18688E
S214029318084BC2B21B789A4208D2074BC0F3072002
S2140293281B78984234BF00200120704701207047FE
S21402933810590020507F002024750020F8B50546F5
S2140293481746FFF7E3FF064610B9184B1A783AB9DC
S214029358212001224FF6FF711AF02EFF0020F8BDD9
S2140293681348DFF854C003780133B3FBF2F402FB68
S214029378143303700F48DCF8002000EBC30420F80F
S214029388335002F10132A1703846CCF80020FFF7BC
S21402939887FDE670606016F0FEFCA84201D1012047
S2140293A8DDE7E3780133E370F9E700BF507F00207A
S2140293B88A740020BC5600201059002010B50B4CA9
S2140293C80B4A2378063B137011F0CFFD0022094B97
S2140293D8FF211880084B09481A602278D200F6F74F
S2140293E897F80422064B1A7010BD00BF507F002063
S2140293F824750020BA6D002010590020BC560020A3
S2140294088974002048B139B1044B1B780B70044BA1
S2140294181B780370012070470846704723750020A2
S214029428727F00202DE9F84307461AF017FE054614
S2140294381A481AF08EFF1A4B48B31C683C1B2C4479
S214029448A4B20022174BDFF864901B78164D99F8E1
S214029458006005EB03155FFA82F8464509D9AB8822
S21402946805F11000A34215D9B21A29461201F6F7D9
S214029478A1F8013689F80060AC80B8F1000F03D174
S214029488394606481AF064FB2846BDE8F8833C4687
S2140294981D60D6E705460132DDE700BFF47C0020F2
S2140294A8C466002027750020605500202875002015
S2140294B82DE9F74F1AF0D2FD4FF0000E284D294F2E
S2140294C82978294C97F800A004EB011303EB0A123B
S2140294D80092F3465246DFF898801FFA80FC06464A
S2140294E8B8F80000ACEB0009A0EB0C001FFA89F9EB
S2140294F801900098984217D1BEF1000F00D029704B
S214029508524503D200203A70FDF7E6F83B7823B3BB
S2140295182B78164804EB0314A188C8F8006003B039
S214029528BDE8F04F1AF014BBB3F804C0CC450FD808
S2140295384FF0010E93F802C001310CF1FF3C013ADC
S214029548A3F804B083F802C0C9B2D2B21033D0E787
S21402955801988444A3F804C0F8E703B0BDE8F08F86
S214029568277500202875002060550020F47C00200E
S214029578C46600207FB56C461E4B1F4D1E78013E02
S214029588F6B21E7095E80F0084E80F001B4B2846BB
S2140295981A7805F1100132441201F6F70BF89DF815
S2140295A8026016F00F0511D1BDF808000EF0C4F9D6
S2140295B8360918BF29464FF00002BDF8000008BF5A
S2140295C8039904B0BDE8704003F0F4BCBDF804008B
S2140295D8FFF728FF0346828804ADADF8042022462A
S2140295E803CAAA4218605960144603F10803F6D162
S2140295F804B070BD2775002060550020287500202D
S214029608F8B50024084D094F094E3B783178E2B286
S2140296180B449A4204F1010400DBF8BD2846FDF724
S21402962825FD1035F1E700BF60550020287500209B
S2140296382775002070B5134B06460D46104612498C
S2140296481A78124B09781B780B44934206DB1F20C4
S2140296584FF6FF711AF0B0FD002070BDFFF7E2FE6C
S21402966801350680857004461AF0F3FCE0800EF099
S21402967869F940F602432081E3600020FDF72CF8E2
S2140296880120EAE74D7F0020287500202775002074
S2140296982DE9F84386460023144FDFF85C803E78AF
S2140296A898F8005012497219DCB294421CDA4FEA52
S2140296B8041C31F80C900133F14501EB0410F3D188
S2140296C8631CD21A0CF1100C12016144F5F772FFF2
S2140296D8A5428BBF05F1FF3506F1FF3688F8005024
S2140296E83E700CB9034B1C70BDE8F8832875002041
S2140296F8605500202675002027750020044B054A71
S2140297081B781278D3420CBF01200020704700BF96
S2140297182775002028750020024B1878003818BFD5
S2140297280120704727750020002108B5084B094814
S2140297381970094B1970094B1970094B1A781201DE
S214029748F5F7E6FEBDE808400648FDF77FBF00BF0E
S21402975828750020605500202775002026750020F1
S2140297684D7F0020F47C002010B50B4C23784BB1BB
S2140297780A4803F0ABFD58B1084B0121188816F0C9
S2140297884CFC08B9002010BD0122054B1A70FAE7F6
S214029798FFF7F0FEEAE700BF2775002060550020B5
S2140297A82675002010B50E4B1B78BBB10D4C2388CE
S2140297B883424FF0000311D10B4AE160137049B996
S2140297C8A3781033A37016F01EFF18B9A37823F0F7
S2140297D80F03A370FFF7CEFE012010BD1846FCE764
S2140297E827750020605500202675002070B592B0B7
S2140297F80C46064614F0F3F8E17A05460020FCF714
S2140298082DFC28B394F90A0016F065FA10BB134B20
S214029818E27A294683F85820A27A83F85A206A46BA
S214029828FCF750FF4FF6FE739E420CBF4FF6FF73CF
S21402983823896A4629460020ADF80660ADF804304A
S214029848FDF7F6F940B92289054B5A8012B070BD69
S2140298585520FBE75620F9E72120F7E7DC650020CC
S214029868C866002010B50446014608220948F5F7DE
S214029878A1FE237B022B0AD8002B14BF3122012219
S21402988805490B7017234B61044B1A7010BD002351
S2140298980122F5E7CC660020C866002092740020F4
S2140298A8014610230120014AFDF74ABF64EE010073
S2140298B8014B5861704700BFC8660020014B1878F4
S2140298C8704700BFC866002010B5054C2378112BD8
S2140298D803D0E22103481AF0C8FB4123237010BDC7
S2140298E89274002034E50400064B01461B78042BCC
S2140298F804D1054A137E05331376704703481AF0D7
S21402990827B900BF93740020C8660020147D002083
S21402991808B50648FDF7AAFB0548FDF7A7FB14F0AD
S214029928A5F9BDE8084001F003BB00BFB66D0020EC
S214029938EA6D0020064B1878332806D000F0EF00B0
S214029948A0F143035842584170470120704700BFB0
S21402995892740020002208B5074B4FF6FE701A7064
S21402996816F025FA4FF6FF7016F03EFA034B5869C2
S214029978BDE8084014F008B992740020C8660020B2
S21402998808B5064B187838B10548FDF74BFE4FF474
S2140299987A73B0FBF3F0C0B208BD00BF877400202C
S2140299A8D05800202DE9F0438BB007461546984656
S2140299B80E469DF8489049B9104605AC1AF0FCF9CF
S2140299C821460BF0B5FD172818BF2646B9F1000F39
S2140299D80AD1124B1B781BB9284617F064FDD0B97A
S2140299E82846FEF713F902E0284617F05CFD80F0D9
S2140299F80104E4B29DF850302A4602939DF84C3092
S214029A083146CDE9009338464346039416F063FC84
S214029A180BB0BDE8F0834C46ECE700BF8E7400201E
S214029A282DE9F04F97B099469DF88830BDF880B07A
S214029A38219D08939DF88C300E4658460FA904922D
S214029A48079318F0AAF905B3002800F0208195F8C4
S214029A5801A00FACCAF3400A8E4B19F0800F1B7890
S214029A6814BF4F4649F08007022B17D04FF6FF78EF
S214029A78002D40F087810225584615F0E4FE2B4655
S214029A884246214616F000FABCE0584615F05CFF3E
S214029A980446002800F0FB80AA46DDE71EB97E4B86
S214029AA81B78002BE2D00DF13A012046FEF7FCFAAD
S214029AB8584615F05CFF012838BF0120C3B205934B
S214029AC895B3281D1AF0AFFB804609F0020320461C
S214029AD8069316F03BF921460990814600201AF0B3
S214029AE83BF9069A099B12BBFF2820D1F2F75CFBCA
S214029AF86A4A1278824200F032814FF6FF72099B58
S214029B08934214D1FEF726F8002800F028814FF673
S214029B18F773984523D916F013FE11A98146FEF766
S214029B28E9FA0028F7D02EE0BDF83A80CDE74FF6DE
S214029B38F772904520D8934211D898450FD0194607
S214029B4822460AA81AF0D4F80A980B9913AB03C34C
S214029B58BDF83020022113A81A80FEF739F94046CC
S214029B6811A9FEF7C7FA024628B9082111A816F065
S214029B78A4F8002866D0C1464FF6F67209F1FF33FC
S214029B889BB29342C7D8BAF1000F03D1444B1B7855
S214029B98002B60D1584615F056FE059B4A4601939F
S214029BA80123214600933B46FEF7E4F84FF6FF737F
S214029BB89842804600F0D380014600220AA81AF08E
S214029BC897F80A980B9913AB03C3BDF83020022105
S214029BD813A81A80FEF7FCF8002D3FF44DAF002EAE
S214029BE840F0D28045460123C7F3C0074246CDE976
S214029BF8016321462B4604980397CDF800A016F079
S214029C086AFBA846BAF1000F0FD04FF6FF739845C5
S214029C180BD040461AF0D0F8FF281FBF214A32F868
S214029C28103023F4804322F81030089B7BB316F0DA
S214029C38B2F8249B014600934246234607980CF046
S214029C48EDFC24E00822204611A9F5F7ADFF00280E
S214029C587FF461AF8FE7002D64D0134B1B6898071B
S214029C6827D5049B0F2B21D0281D1AF0DCFA0223D5
S214029C780121CDE901310023C7F3C007024600934C
S214029C8821464FF6FF730498039716F024FB17B085
S214029C98BDE8F08F92740020877400208B74002031
S214029CA88E7400207A6D002024590020079B012B11
S214029CB8DAD1281D1AF0B7FA80461AF07DF809900C
S214029CC840461AF091FB4FF6FF71BDF83A208A42D9
S214029CD856D04245099B53D1FF2B4AD0184617F057
S214029CE8F8FB784010F0EF0F14BF01230023BDF8ED
S214029CF83A0009931AF060F80690BDF83A001AF08E
S214029D0873FB099B66B14FF6FF7CBDF83A106145B6
S214029D1806D0414504D0069A0240D2B2FF2AA3D101
S214029D28002BA1D1224649460AA819F0E1FF0A9853
S214029D380B9913AB03C3BDF8302058461A8015F0AA
S214029D4882FD3A460146059B13A8FDF7DDFF30B9AA
S214029D584FF6FF73BDF8548098457FF43DAF4FF633
S214029D68FF789DB10126281D1AF05DFA4546804601
S214029D7839E7FF2804D0069BB3FA83F35B09B6E7F4
S214029D880023B4E70226EEE70026ECE7012573E691
S214029D980022014B1A767047C866002008B50B4B9E
S214029DA81B78022B10D10A4B1B78033B012B0BD9CD
S214029DB8084B187800F00100FEF730FA0023064A2E
S214029DC8C2E90133538008BD0020F3E792740020ED
S214029DD89374002087740020C866002038B5174D93
S214029DE82B78033B012B1CD8154BB3F868204FF68B
S214029DF8FF739A4215D10320FDF728FD02F0CEFB29
S214029E08FFF7CCFF2B78033B012B01D909F0FCF8AE
S214029E18002019F0A7FC78B1BDE83840002015F0FC
S214029E2828BEFDF7FDFC0446FDF7F4FC0146204675
S214029E3808F05EFB0220DFE738BD00BF93740020FF
S214029E48DC65002008B5114A114B58611378032BBC
S214029E581BD0D3B1332B01D0432B10D10D4B1B781B
S214029E68033B012B05D803231370BDE8084013F003
S214029E788BBE13F089FEBDE80840FFF7AFBF21236B
S214029E881370BDE8084002F09DB908BD9274002020
S214029E98C86600209374002038B504461348FDF7B8
S214029EA8D5FB134B1B78013B012B1DD8114D5CB912
S214029EB82B7823B140F619402C7013F065FE002467
S214029EC8FFF76CFF204638BDFF2C05D04FF47A7199
S214029ED80648614319F03CFE2B78002BEFD101238C
S214029EE840F618402B70E8E70224E9E7D05800202D
S214029EF8937400208774002038B5114D04462B78D9
S214029F08834218BF287014F075FA80B124B9204627
S214029F1814F072FA02220DE0012014F06DFA2B7882
S214029F281A1F012A05D9062BF4D1032202E0002CB7
S214029F38F5D10122BDE838400021084616F0F1B8EE
S214029F489374002030B5044685B068460D46FFF780
S214029F58A7FC94B100212846144A02F043FB144B8E
S214029F6820681B7861688DF80430124B1B788DF8D0
S214029F78053002AB03C306F0B1FA0F4B93F858202C
S214029F8893F85A308DF803208DF8023015F020FF2A
S214029F98ADF8000015F0FFFE1023ADF8060069467E
S214029FA80020064AFDF7CCFB05B030BD00F8FF07D7
S214029FB8437F002093740020DC65002064EE0100D5
S214029FC810B5144B04461A78134B002083F8582011
S214029FD819F0C8FB10B1002015F04BFD0021084609
S214029FE8FFF7B0FF0D4B1B78033B012B0ED814F07E
S214029FF8F5F92046FCF754FE40F6174013F0C4FD68
S21402A0080023074A1380074A138010BD0BF016FC7C
S21402A018EFE700BF29750020DC6500209374002056
S21402A028906D00208E6D00201FB504466846FFF727
S21402A03837FC54B100238DF80530102369460020FA
S21402A048064AFDF77DFB04B010BD15F0A4FEADF878
S21402A058060015F0BDFEADF80000EEE764EE01005E
S21402A06810B5014604460020FBF7F8FF90B10C4BEA
S21402A0781B78023B032B0FD80A4B1C7019F04CFFB7
S21402A08860B9094A0949FCF77FFB003818BF012066
S21402A098800010BD5520FCE70220FAE74D20F8E7BD
S21402A0A892740020297500208DD70200C99F0200ED
S21402A0B8F8B5064619F030FF044668B919F052FB9F
S21402A0C850B1064D204695F8587085F8586015F038
S21402A0D8D0FC10B185F858704D20F8BDDC6500201C
S21402A0E82DE9F04180461846033B012B0E461746DB
S21402A0F802D918B121243CE0FFF7FEFE294B1B7853
S21402A108012B4CD0284B1D78022D08D0032D46D1A2
S21402A118B8F1000F03D1254B1B689B073FD43320A9
S21402A128FDF794FB01F0E8FCB6F1006F34BF204B54
S21402A138052231464FF0060038BF1A78FEF776FA3F
S21402A148044628BB1B4D2873012000F029FF15F092
S21402A1583FFE68802846B8F1000F0DD0022300F8AB
S21402A168043B16F030F96C732F613946304613F00B
S21402A17845FC2046BDE8F081012300F8043B16F0B2
S21402A18822F96C732F613946304613F036FCF0E735
S21402A1982846FDF75BFBB8F1000FF4D0E5E702248A
S21402A1A8E7E700BF93740020927400202459002029
S21402A1B8737F0020C8660020034B187818B9034B33
S21402A1C8034A1B78D05C7047917400209374002071
S21402A1D8E749050038B5174B04461B78033B012BA5
S21402A1E806D8437BDB0703D590F9090014F0F5F887
S21402A1F80025114B83F859502079FFF759FFFFF7CE
S21402A208DBFF61882488034622462846FEF720F8A4
S21402A218044620B11720FFF715FE204638BD17233F
S21402A228064DC82106486B6119F092FC03232B766B
S21402A238F3E700BF93740020DC650020C8660020A0
S21402A248147D0020F0B51A4D06460C4693B0A5F8C4
S21402A258680005F16A0729BBC5F86A10796013F029
S21402A268BEFB6A4601460020FCF72CFAD5F86A308F
S21402A278ADF81060CDF812307B68CDF8163013F0C2
S21402A288AEFB6A4601460020FCF7D2FC4FF6FF7387
S21402A298B5F86800984203D014B1064913F0B1FB2A
S21402A2A813B0F0BD08223846F5F784F9D7E700BFA1
S21402A2B8DC650020466600202DE9F041DFF8B8800C
S21402A2C81F4698F8003005460C4616461BB102256E
S21402A2D82846BDE8F081531E052BF8D819F01CFE57
S21402A2E80028F4D13B7B032B14D14FF6FE739C4215
S21402A2F812D1012E09D0022EE9D115F04CFD4FF6E7
S21402A308FB73984203D815F046FD044604E016F09F
S21402A31817FAFAE7012EDAD0EDB939462046FFF7E2
S21402A32865FA05460028D3D198F80030332B03D0B7
S21402A338532B1CBF0E4B18613046FFF7DDFD00217C
S21402A3484FF6FF70FFF77EFF0A4B1B78002BBFD035
S21402A3580BF048FABCE7397B721ECB1E59425941AC
S21402A3685042504107F054F905460028D5D0AFE7C9
S21402A378C8660020747F0020927400202DE9F843F6
S21402A38805468846914615F006FD3F4E0446337844
S21402A398033B012B06D86B7BDB0703D595F909002F
S21402A3A814F01BF815F0F7FC384B394F188015F0E7
S21402A3B80FFD384B1880FDF72DFA374B1880FDF73E
S21402A3C82FFA082201463548F5F7F4F815F0ACFCE2
S21402A3D8334B18702879FFF76BFE00216888FFF761
S21402A3E831FFFDF72DFB60B14FF6F672631E9BB286
S21402A3F8934206D916F0A4F9B7F8683004468342A1
S21402A408F8D0204615F0D3FC288815F0EDFC49460E
S21402A418B7F86800C047044628B91920FFF712FDA6
S21402A4281920BDE8F883B7F8681015F04BFA002330
S21402A4381C4D87F859302B7803F0FB03022B02D009
S21402A448204615F038FF002220461146FFF7F2F89C
S21402A4580446A8B117236B613378042B09D1C821A7
S21402A468114819F075FB03232B7684F00100C0B25D
S21402A478D7E74FF416710C4819F06AFB0023F3E786
S21402A4881720FFF7DFFCF0E793740020C06D00206A
S21402A498DC650020BE6D0020BC6D00202A750020F9
S21402A4A832750020C8660020147D0020F0B50C46E0
S21402A4B81E460B462049074689B004F1140053F895
S21402A4C8045B834241F8045BF9D11B8802AD0B801A
S21402A4D8D4F80E00D4F81210238803C5ADF810304D
S21402A4E823798DF812208DF8133000233A468DF81A
S21402A4F814304FF6FE71012002ABFFF7DDFEC8B935
S21402A50802A8FFF7AFF9237B4BB10C4D0C4B01AAFF
S21402A51829460120019313F03CFF2A781AB92046EF
S21402A528FFF758FE03E020460199FFF727FF08B910
S21402A538044B1E7009B0F0BDC26D0020C86600202C
S21402A548E50304003375002001232DE9F341304E5C
S21402A55805460F4600202F491446737300F0EEFC9A
S21402A56813F03DFFDFF8AC8038B9012D01D9042D70
S21402A5780FD12146384613F0CBFA102000210AF0F4
S21402A5887FFC00283CD0002002B0BDE8F041FCF772
S21402A598A3B8002CF1D1204B1B78212B03D0062B15
S21402A5A801D0532B02D101F00DFEE6E7FDF748FA7B
S21402A5B80028E2D000F0EEFC28B9307BC0F1180083
S21402A5C8FFF740FCD9E7154B41462046019300F0B9
S21402A5D8B5FC20B140F61901114819F046FD01AA4A
S21402A5E80B4998F80C0013F0D4FE32781AB90948C9
S21402A5F8FFF7F0FDC1E701990648FFF7BFFEBCE783
S21402A608FFF78AF80028BED102B0BDE8F08100BF85
S21402A618C8660020C26D002092740020E50304007C
S21402A62834E504001FB5144B04461B88DB0707D421
S21402A6384FF6FF700021FFF705FE002004B010BD9C
S21402A6480A230E4A012001A9FDF77AF84FF6FF738E
S21402A658BDF80C209A42EBD00822FF2101A815F07B
S21402A6682CFB0028E4D10CB90120E7E7BDF80C0062
S21402A67801A9FFF7E7FDF7E7DA6D002026E10100FA
S21402A68838B50C46154615F092FB03F0AFFE294680
S21402A6982046FFF7D7FD00F07DFC48B1074BDB7973
S21402A6A80E2B28BF0E230133DBB2054A137038BDC2
S21402A6B8044B1B78013B18BF0123F6E7C26D002046
S21402A6C8497500209374002038B5002208210446F4
S21402A6D815F0F3FA0546C8B915F05DFB2A464FF69B
S21402A6E8FF71FFF7CDFF2046217CFFF72BFC62693E
S21402A6F8E189207C01F076FF054B1B78012B01D1FE
S21402A70807F0F6F8FFF76AFB002038BD0120FCE7E1
S21402A7189374002038B51D46FFF7CEFD0446C8B927
S21402A7282B7B2846032B03D1BDE83840FFF7CCBF66
S21402A738FFF798F8084B25469C8115F0F5FA012193
S21402A748064B81401A780620FDF770FF044608B1CA
S21402A758034B1D70204638BDC8660020737F002054
S21402A7689274002030B5012087B0FFF75BFF6B4676
S21402A7780446144A1068516803C384B905F0BCFE3F
S21402A78802A8FFF78DF84FF6FF752246BDF80E00B1
S21402A7982946FFF775FF13F03AF907B030BD6B4646
S21402A7A8094AD2F86A00D2F86E10B2F8685003C3A3
S21402A7B805F0A2FE02A8FFF773F86A46BDF80E0077
S21402A7C8E6E700BFD86D0400DC65002073B53A4B97
S21402A7D804461B781BB10224204602B070BD19F04D
S21402A7E89BFB0028F7D100F0E5FB14B12288334B17
S21402A7F81A8000210DF10700FDF7ACF8002856D1A3
S21402A80815F0D2FD04460028E6D12D4D9DF8070026
S21402A818FFF772FB2B785A1E012A1FD8FFF7A2FFF2
S21402A8282B78033B012B01D801F014F9FFF7D6FA6F
S21402A838012015F040FA034600283AD12A78033A4E
S21402A848012AC9D81D4A108810F0020521D005220F
S21402A85801201C49FFF744FC0446BDE7033B012BD5
S21402A86804D82046FFF7DEFE0028D7D12B78053B12
S21402A878012BB1D8FFF776FFFFF7B0FA2B78052B36
S21402A8880CBF04200520FCF7E1FF012015F013FA9F
S21402A898E2E70D4E0223314601200C4AFCF750FF30
S21402A8A833885B0798D5284601F0E8F894E717241A
S21402A8B892E7044690E700BF92740020DA6D002003
S21402A8C89374002000F8FF078C6D002027E1010032
S21402A8D87FB50024184E194D3278E3B29A4201D851
S21402A8E804B070BD4FF6FF73B5F868209A421AD0C6
S21402A8F8134B1B88DB0714D5124AB5F86830106864
S21402A9085168ADF80C3001AB03C30F4A0A23002086
S21402A91801A9FCF715FF022300200C4A0C49FCF794
S21402A9280FFF0134D8E700220821064815F0C5F9BA
S21402A9380028F6D1DCE700BF4F7F0020DC65002048
S21402A948DA6D00204666002026E1010027E10100B4
S21402A9588C6D002010B501F0CFF802F013F8D8B1CC
S21402A9680E48FCF773FE0E480E4C017A0E30FFF7BF
S21402A978E9FA23781BB100F0BFFA002323700022FD
S21402A988094B1A73FFF72AFA08F056FD01F044F944
S21402A998BDE81040FFF79CBF10BD00BF147D002025
S21402A9A8C26D002033750020C866002010B5254801
S21402A9B8FCF74CFE01F0E6FF30B1234B1B781BB9BF
S21402A9C8BDE81040FFF7C6BF01F0DCFF78B11F4CA8
S21402A9D8237E83B1C8211B4819F0BAF80021237ECA
S21402A9E80846013B2376BDE81040FBF7E3BEFDF7B9
S21402A9F827F80028EBD1FDF723F8154B1B7858B932
S21402AA08112B03D003F0FD03412B19D1BDE81040EA
S21402AA180E4B5869FFF716BA332BF7D10D4B188829
S21402AA2815F0C5F90C4B188815F0DEF90B4B0C49D6
S21402AA381888FFF707FC0B4B1878FFF739FBE5E792
S21402AA4810BD00BF147D00208E740020C86600204A
S21402AA5892740020C06D0020BE6D0020BC6D0020E0
S21402AA682A750020327500202DE9F04F0F4685B072
S21402AA7802AD044629463846914617F08EF94FF03D
S21402AA88000B82463846CDF804B014F0E4FF467848
S21402AA98022C804606F0020609D85CB1FCF7D0FF05
S21402AAA80446002848D1754B01241B7865E0043C0F
S21402AAB8022C3AD9FCF7C4FF384614F045FF0024A6
S21402AAC80546A046DFF8D8A1384614F0C4FF50F869
S21402AAD809300DF10500019319F0A5FB9DF807B0A2
S21402AAE80746B8F1000F4DD1BBF1000F5BD0DFF877
S21402AAF88C9199F800300BB1002E63D0002C61D0EF
S21402AB085F4B1B78022B5DD1BBF1000F53D1384641
S21402AB1815F04DF958465946FFF714FA08F08CFC1A
S21402AB2840F6074013F030F834E015F00CFCFCF75A
S21402AB3887FF0446F8B15C464EB1524B1B78012B90
S21402AB4802D0043B012B0BD805B0BDE8F08F4B4B67
S21402AB581B782BB14B4B1B7803F0FB03022BF3D06D
S21402AB68BAF1000F404608BF002517F009F94FF062
S21402AB7801088246A8E7414B1B78002BF0D0002E2E
S21402AB88EED1E1E7BAF1000FAED05046FDF73AFB38
S21402AB980028A9D1002018F0E5FD0028D4D000200E
S21402ABA814F067FFD0E74FF6F7739F429FD9172036
S21402ABB8FFF748F9EEE7FCF743FF48B13248FCF7DF
S21402ABC845FDF4E7FCF73CFF10B1BBF1000FF5D1E9
S21402ABD8FCF736FF0028DDD02846FDF767FFFF287A
S21402ABE8DFF89CA0294C03D09AF80030012B04D138
S21402ABF82946B4F86800FEF7C5F8FEF781F92A4632
S21402AC083846B4F86810FFF73BFD214B214A93F902
S21402AC1806301B0213809AF80030012B19D0312B0C
S21402AC2814BF432311238AF800301B4B16481968B1
S21402AC3818F08EFF00F00EFF0023124C99F8001051
S21402AC48237641B9104818F083FF40F61B43636128
S21402AC58A0E71123E7E7B8F1000F03D016B1FFF714
S21402AC6879FEF2E70D4B1B78042BEED10521064838
S21402AC7818F06EFF09232376E7E700BF8E740020DC
S21402AC8892740020C8660020147D0020DC6500202F
S21402AC98C26D0020D86D0020347D002093740020F9
S21402ACA8187500202DE9F043084693B00E4614F0B6
S21402ACB8D2FE09220021804618F09EFD0446304640
S21402ACC814F042FE052207460DF1090330460AA98A
S21402ACD812F0B4FF022881461DD09DF8093031468D
S21402ACE81C440023E4B204F1100218F804500120B0
S21402ACF80093D2B210F0FDFD68B1072D09D855B100
S21402AD08013D062D07D8DFE805F00918068A06254C
S21402AD1841007C2D45D013B0BDE8F0835B4B1B7811
S21402AD28013B012BF7D8304614F08DFD002332463E
S21402AD381946009415F00BFBEDE7554B1B78012BD3
S21402AD48E9D1544B18780028E5D122463146FFF758
S21402AD588BFEE0E74D4B1B78013B012BDBD83846D0
S21402AD6809F0DCFF4FF6FF739842044606D03046D9
S21402AD7814F069FD2246394615F075F8444B1B78DF
S21402AD88022BC8D1384612F0C1FEC4E73F4B1B78E7
S21402AD98013B012BBFD8494630460AAA00F01EF9E5
S21402ADA8B9E73A4B1B78013B012BB4D8A04498F874
S21402ADB8012098F80230652AADD16D2BABD130460A
S21402ADC818F0F6FD1334E4B28442A4D208223946B7
S21402ADD803A8F4F7EFFB214630460DF10A0216F0F7
S21402ADE81FFF002897D1BDF80A30002B93D005A87C
S21402ADF809F0B0FA0123284DBDF80A002B7018F0A6
S21402AE08D7FD0446BDF80A0018F0B6FDE2B20346BE
S21402AE1805A903A812F014FE00232B707BE71B4B30
S21402AE281B78013B012B3FF676AF062200214046EF
S21402AE3818F0E2FC404419F0F6F90746FCF758FE0B
S21402AE48044600287FF467AF304614F0F7FCC304C4
S21402AE587FF561AF46F204030121ADF81430384697
S21402AE680223CDE9004405AA16F029FF0546002864
S21402AE783FF451AF394614F025FD304614F0E3FC92
S21402AE8822462946FDF706FA45E700BF93740020D6
S21402AE9892740020C86600206475002008B5084B26
S21402AEA8187050B1074B1B883BB14FF47A710648AD
S21402AEB8594318F04DFE002008BD0120FCE700BFEC
S21402AEC885740020DA7E0020D0570020014B1878BF
S21402AED8704700BF85740020014B18800020704719
S21402AEE8DA7E002008B5FCF7B1FB0022014B1A7087
S21402AEF808BD00BF8574002010B50024044B054821
S21402AF081C80054B1C70FCF7A1FB204610BD00BF39
S21402AF18DC6D0020387D00203D75002008B503480A
S21402AF28FCF794FBBDE80840FFF7E6BF387D002033
S21402AF380148FCF79BB800BFDC6D0020F7B5134B41
S21402AF4804461B780E46EBB183421DD900211048F1
S21402AF5819F0D1F9002501460D4F09B9012009E07B
S21402AF68AC4209D10024162322463046009419F032
S21402AF785FFA204603B0F0BD384619F0E0F901350D
S21402AF880146EAE71820F5E72720F3E73D75002093
S21402AF98DC6D0020014B1878704700BF3D75002015
S21402AFA825289DBF024B187000202120704700BF3D
S21402AFB8767F0020012307B51846064A0DF10701D9
S21402AFC8FCF7BEFB9DF80720034B1A7003B05DF82A
S21402AFD804FB00BF29E10100DC7E0020F8B5074625
S21402AFE80E46144614F0B0FC1A4B05461B78022B84
S21402AFF82FD1194819F0ADF958BB284612F03BFE76
S21402B00838B322463146384612F031FE08B312F0FB
S21402B018E9FC0446384614F016FC104B012E1A7842
S21402B0284FF00F0303FA02F39BB2B4FBF3F203FBEF
S21402B038124404F10104A1B206D1094B094A1E7052
S21402B0482B6813606B6853600348BDE8F84018F035
S21402B0587FBDF8BD92740020F0580020757F00204E
S21402B0683C7500203475002084B010B502AC84E824
S21402B0780F00082227480DF11601089CF4F794FDE4
S21402B08808BB9DF815309A0705D4234B1B7803F0A6
S21402B098FD03312B1DD121496378097803F00F028D
S21402B0A88A4203D0012922D1022A12D1227882B9F1
S21402B0B81B09022B0DD11A4BA0781B78022B1AD12A
S21402B0C8C0F3800006E000220821124814F0F5FDBD
S21402B0D820B90020BDE8104004B07047114BBDF8F7
S21402B0E808205B889A42CCD0002BCAD0F1E7022906
S21402B0F8EFD1012AD9E7030609D40B4BB3F8682027
S21402B108BDF80A309A42E4D1FEF714FCE2E70120C1
S21402B118E0E700BFCC66002092740020437F002040
S21402B12893740020C8660020DC650020284BF0B522
S21402B1385D88002387B08DF80830264B0DF10B008A
S21402B1481B7805F0010743F020038DF8093015F047
S21402B1583AF96FF07F43ADF813308DF8153015F0D5
S21402B168B0F91D4B8DF816001B7805F01006DB00AB
S21402B178DCB2F1F719F8194B1B7883422CBF44F05E
S21402B188040344F084032FB1A9061ED426B143F063
S21402B198020301E0AA07F9D4002108468DF80A300E
S21402B1A818F05EFCADF8060058B101230F2202A97A
S21402B1B80DF10600FCF79EF918B90DF1060013F01A
S21402B1C8E5F8BDF8060007B0F0BD43F00103DDE779
S21402B1D8DC7E0020437F0020497500208B74002007
S21402B1E810B5FCF733FA0A4B1B78022B0CD1094B25
S21402B1F81B78033B012B07D9074C207828B100207F
S21402B20812F03CFD0023237010BD14F0FFFDF9E791
S21402B21892740020937400203C75002084B02DE9B7
S21402B228F0478EB016AC84E80F00DFF878C1594BA9
S21402B238BCF802009DF85DA010F001049DF962209A
S21402B248BDF870E09DF875909DF976709DF8785077
S21402B2589DF97A109DF95E809DF860601B7835D05E
S21402B2689DF87D00C0F34004C0F38000002B4AD04E
S21402B278494B1B78022B09D18A4244DB24D1A81BEE
S21402B288C0B280288CBF0020012016E0434B1B78F2
S21402B298012B01D1002C7AD078B19CF800301E33ED
S21402B2A85BB29F42D4BF002701279845D4BF00232C
S21402B2B80123BB4206D18A42E0DA0EB0BDE8F04767
S21402B2C804B070473846F8E70020F6E710F0020F99
S21402B2D818D0C3B1490814BF01200020520814BF71
S21402B2E8012300238342E8D1AB1BDBB2802B0AD9A9
S21402B2F8AE42E9D1B84506DB49D1CA452CBF002083
S21402B3080120DAE70BB90120D7E7AE4216D002AC25
S21402B3181CAF0FCF0FC497E8030044F8040B218034
S21402B328DDE91A0116AB0090ADF804100FCB13F046
S21402B33827F80028E7D1AE42A1D1BEE7BDF85830BB
S21402B34873451ED008AC0DF1700CBCE80F000FC494
S21402B3589CE8030044F8040B2180114C638873456B
S21402B3680FD10822211D0DF12E00F4F71DFC02460E
S21402B37838B90821201D14F0A0FC10B96388002BE8
S21402B388C1D1B845BFDBC2D1CA45BCD3BFE7204648
S21402B39893E700BF3D750020937400209274002046
S21402B3A8C8660020DC7E002084B02DE9F04F8FB0FE
S21402B3B86A4E18AC08AD84E80F001622002128460B
S21402B3C8F4F7A6F833783BB90024654B32781B7835
S21402B3D89A4239D2002726E00021624818F08BFFED
S21402B3E800270446B846DFF87C91002C45D13FB1C9
S21402B3F8224639465B4814F0C3FB3378013B337068
S21402B4083378002BE0D0002156484FF0000918F098
S21402B41872FF4F468046CA46DFF848B1B8F1000FB9
S21402B4286CD1002FD1D01621002218A814F02EFBBA
S21402B438014648B1002F00F08B802246494814F096
S21402B44845FB337801333370454B32781B789A4282
S21402B45807D944480022018814F092FB3378013B4E
S21402B46833703378012B03D13F49404818F070FBFC
S21402B4780FB0BDE8F04F04B07047002221461623ED
S21402B4882846CDF8008018F0D3FF1622294618A8B9
S21402B498F4F78AFB0028EBD09DF864209DF8243048
S21402B4A89A4225D1BDF86020BDF820309A421FD1B5
S21402B4B808220DF12E010DF16E00F4F775FBB8B9EE
S21402B4C802AF0DF1600CBCE80F000FC79CE8030042
S21402B4D847F8040B39800EAB13E903000090ADF869
S21402B4E8041095E80F00FFF799FE0028C0D02746FB
S21402B4F82146484618F023FF044676E7162300221C
S21402B50841462846CDF800A018F092FF02AF0DF18A
S21402B518600CBCE80F000FC79CE8030047F8040B52
S21402B52839800EAB13E903000090ADF8041095E8D5
S21402B5380F00FFF773FE074620B1B9F1000F04BFEC
S21402B548444681464146584618F0F9FE804665E765
S21402B5583A46044818F0D5FE73E700BF3D7500204A
S21402B568767F0020DC6D002020BF0200387D002098
S21402B5782DE9F04F002104469FB00DF1400816222F
S21402B58840460E91CDE90C11CDF83B10F3F7C0FFFB
S21402B598052220460DF11F0316A912F04FFB0228BA
S21402B5A8074600F0F880204614F055FA064618F0CA
S21402B5B83AFE8146F01C18F036FEADF84000701DC3
S21402B5C818F031FE012FADF84200204640F0E68022
S21402B5D814F041FA0546204618F0CEF90D35022336
S21402B5E82D1A0093214643460820EAB210F081F944
S21402B5F8002800F0D080204614F032FA012F834645
S21402B6089DF84D3040F0E38000252F4643F00103B5
S21402B6188DF84D3016AE3388022B4DD1F178204680
S21402B62802310CF00FF81B2846D1F1782046033178
S21402B6380CF008F819283FD1F178204604310CF0AE
S21402B64801F84A2838D14FF0050AF1782046013128
S21402B65851440BF0F7FFF1780590514420460BF061
S21402B668F1FF059B00EB032083B200F03F02932B09
S21402B678059240F09B800023F7782146023757440C
S21402B688FFB23A4600930CA80F2318F0D1FE07F132
S21402B6980F01204616F05AFA07F111010546204610
S21402B6A816F054FAADF84200059B023353445FFA8B
S21402B6B883FA33795345C8D806360DF17603B34272
S21402B6C8A9D19DF84D20C5F3C03363F34102204645
S21402B6D88DF84D2014F056F98DF84400204614F0E3
S21402B6E846F98DF84500204614F046F99DF83230A2
S21402B6F8BBF1190FC3F3C3028DF84720DDF83320D8
S21402B7088DF84600CDF84E20DDF83720CDF85220C9
S21402B71894BF00229DF83E208DF8482003F00302CD
S21402B7288DF84A206E4A1278022A9DF84D200CBFE0
S21402B738C3F38003DB0963F382026A4B8DF84D205C
S21402B7481B78022B57D1BDF8406014F041FB8642A5
S21402B75851D108A814F037FEBBF1190F48D90822B0
S21402B7680DF14E0108A8F4F71FFA00283DD1B9F5E5
S21402B778004F02D0B9F5624F0DD140F6FF7325F49B
S21402B78840459D4207D1002208210DF14E0014F0D3
S21402B79894FA00283FD01FB0BDE8F08F14F05BF98A
S21402B7A80546204618F0E8F8073518E7412B7FF4D7
S21402B7B87BAFF1782046023151440BF043FF4A4BE7
S21402B7C81B78C3F1B30318448DF849006CE76FF38E
S21402B7D80003F01D8DF84D3018F025FD0CA905461E
S21402B7E8204614F024FE0B276BE700F0B3FFBEE7F3
S21402B7F800F0B0FFCFE7B9F5004F02D0B9F5624FB7
S21402B808C9D140F6FF7325F440459D42C3D1BBF12A
S21402B818190FC0D9B7E7BBF11A0F06D007F11F01F7
S21402B82842462046C9B212F0B3FD304C304D637B17
S21402B838DBB12B78012B1DD1012323730CAB0293AA
S21402B84814AC94E803000090ADF8041098E80F00D2
S21402B858FFF70AFC90B194E803000090ADF80410D4
S21402B86898E80F00FFF7A0FD08E0FCF7E9F80028C3
S21402B878DFD0E1E703F0FD03042BDDD02B78012BA4
S21402B88801D0042B87D11B4BDDF84E001B78DDF860
S21402B89852108DF82230BDF84030ADF820309DF8B1
S21402B8A84D30C3F340038DF823309DF8313003F052
S21402B8B80F038DF82C309DF848308DF82D3009ABE3
S21402B8C803C30D4B1B681BB1414608A8984762E79D
S21402B8D89DF946209DF8451008A812F015F95AE772
S21402B8E8937400209274002044750020C8660020D5
S21402B8F82175002043750020BC6600202DE9F04320
S21402B908424B434C1B7885B0033B012B22D818F0D8
S21402B918A5FB2378022B31D13E4A1468A0422DD0CB
S21402B9283D4910600A68121B10443C4A08601278A7
S21402B93872B1013A93403C2253434FF47A7253430E
S21402B94898421BD9032005B0BDE8F043FBF77EBF3B
S21402B9580A23F2E718F082FB2378022B0ED12D4A2F
S21402B9681568A8420AD00027DFF8BC802C4E106063
S21402B978451B98F80030FCB2A34202D805B0BDE8D1
S21402B988F08356F8243020462B4446F8243018F024
S21402B9986BFAC3074FF0000910D5204609F0FEF9E6
S21402B9A870B156F82430242B08D9102200232046DA
S21402B9B8CDF8009009F00CFA46F824900137D8E73B
S21402B9C8184B1B5D13F00F031FBF03F1FF32022350
S21402B9D893403C220CBF0A2353434FF47A725343D4
S21402B9E856F824209A42E9D9204609F067F902A9AE
S21402B9F815F034FD28B1204609F060F902A912F0C4
S21402BA0801F8204615F0C0FDD8E700BF9374002061
S21402BA18927400201C590020185900203E7F0020EE
S21402BA283457002037740020557F0020064B1B88A9
S21402BA38DB0708D50022054B43F82020044A135C8E
S21402BA4863F00F0313547047DE6D0020345700204E
S21402BA583774002008B518F001FB0022024B186064
S21402BA68024B1A6008BD00BF1C5900201859002056
S21402BA78014B1868704700BF1859002008B50C48D3
S21402BA88FBF7E4FDFBF736FF80B10A4B0322B3F857
S21402BA986810012012F09EFC4FF47A71064B044897
S21402BAA81B885943BDE8084018F052B808BD00BFC5
S21402BAB8587D0020DC650020BC7E0020014B1880E3
S21402BAC800207047E07E0020044A054B1870138851
S21402BAD823F003031843108000207047DE6D002011
S21402BAE83F7F0020034B1888C0F30E00003818BFAB
S21402BAF8012070478C6D002008B5FFF7F3FF30B1C0
S21402BB08002004490223044A0880FBF719FE002095
S21402BB1808BD00BF8C6D002027E10100024B188883
S21402BB28C0F30E00704700BF8C6D00200023084A41
S21402BB3801201370074A08491370084B084A1B78F5
S21402BB4843F0040313800223064AFBF7F9BD00BF3D
S21402BB58407500203F7500208C6D00203F7F002036
S21402BB68DE6D002027E1010013B514468DF8071094
S21402BB78DAB9CAB20E2A18D80E4B1B881341DB074D
S21402BB8813D518F019F9FF2811D09DF807200A4B8B
S21402BB980DF107011A5400F58330012200F5807072
S21402BBA8E5F74AFA204602B010BD0124FAE7022455
S21402BBB8F8E700BFE07E00203774002030B5012188
S21402BBC800240B2385B0104D019400918DF80C309B
S21402BBD88DF80D000323B5F8680003AA8DF80E4009
S21402BBE816F06DF868B1B5F8681014F009FD40B1A2
S21402BBF80522064B64211A70054B06481C7017F07E
S21402BC08A7FF05B030BD00BFDC6500203F750020E9
S21402BC1840750020787D0020064B1B78033B012BDD
S21402BC2806D8054B1B781BB9044B1878FFF7C6BF16
S21402BC38704700BF937400203E7500203E7F0020A8
S21402BC4810B51548FBF702FD144B1978F9B9144AD2
S21402BC5813787BB1013B1370124B1B78042B02D16D
S21402BC680846FAF7A7FDBDE810404FF496710A4851
S21402BC7817F06EBF0C4A128802F00302022A0AD193
S21402BC88BDE81040032201200849FEF729BABDE89C
S21402BC981040FFF7C1BF10BD787D00204075002018
S21402BCA83F750020937400208C6D002000F8FF0773
S21402BCB81FB50C238DF80C300B4B0C461B88012144
S21402BCC823F004038DF80E3000238DF80D00CDE91D
S21402BCD800132046032303AA15F0F1FF10B12146EC
S21402BCE814F08EFC04B010BDDE6D0020F8B50646D2
S21402BCF813F014FE0546304616F005F8411C0446B5
S21402BD0889B230460BF09EFC02340746A1B2304692
S21402BD180BF098FC394602462846FFF725FF02280C
S21402BD2816D02946FFF7C4FF0A4B1B8803F0030305
S21402BD38022B0DD1284618F03FF8FF2808D000221B
S21402BD48054B43F82020054A135C63F00F0313548F
S21402BD58F8BD00BFDE6D002034570020377400207F
S21402BD68084B1A785AB10223013A93404EF66022DB
S21402BD78534303210448B3FBF1F117F0E9BE42F23C
S21402BD881073F6E73E7F0020787D002070B50546E2
S21402BD981748FBF75BFC0122164B28461A7015F06B
S21402BDA8B2FF411C044689B228460BF04BFCA11C84
S21402BDB8064689B228460BF045FC0F4C0223208023
S21402BDC8214600200D4AFBF7BBFC86B9238803F000
S21402BDD80303022B03D1FFF73DFEFFF7C1FF2388BB
S21402BDE85B0704D5BDE870400548FFF747BE70BD3F
S21402BDF8787D0020407500208C6D002027E1010028
S21402BE08587D00202DE9F0431F4C0546238889B04B
S21402BE18002B33D01D4E00214FF4807009F09CFA97
S21402BE283378DB0728D50121208817F0DDFD074681
S21402BE38208813F010FE023018F0F5F905A980469E
S21402BE48208816F066F83378384613F0020F104B3F
S21402BE5818BF0025B3F8009017F0AAFD0646384624
S21402BE6817F08AFDF6B20290424606212846CDE928
S21402BE78009605AB11F006FE00232380054809B09C
S21402BE88BDE8F043FBF7E2BBE66D002041750020F3
S21402BE98E26D0020987D00202DE9F047304F80465D
S21402BEA83D880E4614469946ADB3104613F0E1FC9B
S21402BEB8B0F5006F2FD1204613F0EEFC824617F03D
S21402BEC87BFFFF2827D02EB1264A32F810302B43A4
S21402BED822F81030B5F5007F36D0B5F5806F33D02E
S21402BEE8B5F5807F17D1204B1B88A3421CD14FF68D
S21402BEF8FF718A450FD0204613F0E4FC284609F065
S21402BF0859FA50B93046FFF77DFF0023174A1380C7
S21402BF18174A3B801370BDE8F0870220002108F01C
S21402BF28AFFF0028EED1F0E7104D2B88A342F2D1DE
S21402BF384FF6FF718A45EED024B1204613F0C2FCB4
S21402BF4800232B800023E3E70023094A3B80137073
S21402BF5831464B4622464046BDE8F04714F0D8B86C
S21402BF68E06D00207A6D0020E66D0020E46D00206A
S21402BF782675002010B5044640F62140FFF742FF1A
S21402BF8801214FF4807009F0E7F978B10022084BD6
S21402BF981C80084B1A700BF0D5FCBDE81040064B07
S21402BFA81880064B0648198817F0D2BD10BD00BF88
S21402BFB8E66D002041750020E26D0020BE7E00205E
S21402BFC8987D0020044A137818B943F001031370C9
S21402BFD8704743F00303FAE7417500202DE9F04F56
S21402BFE8DFF84C9187B099F80060002E40F08C80FC
S21402BFF8DFF840B1DFF840A19BF80030F4B2A34264
S21402C00807D80022424B1A8007B0BDE8F04FFDF76A
S21402C018ABBB20463AF8145008F0C0FE804600280B
S21402C02860D0204608F04AFE15F40071074645D04F
S21402C03801464FF6FF720E2014F005FC054600284E
S21402C04850D0394613F03EFC4FF400730027304EAA
S21402C058204633803AF8142022EA03032AF81430DA
S21402C06810220023009708F0B3FE2A4B1B88DB0732
S21402C07807D5294B294A43F82470135D63F00F034A
S21402C0881355182000216043254B264C0093019136
S21402C09801232A46205CFAF7B1FB002814BF0123C5
S21402C0A8002389F8003005D13388B3F5807F01D1A3
S21402C0B81D4B1880404607B0BDE8F08F680513D5BB
S21402C0C8059114F03DFB01220599034600920720CC
S21402C0D83A46CDE90111FDF765FC4FF48063054643
S21402C0E8002DB3D1013687E7104B18880028F9D0FF
S21402C0F8EA05F7D5394613F0E5FB0C4B1D880A4BC3
S21402C1081D804FF48073EBE74FF00008D2E700BFBC
S21402C118E06D0020DE6D00203457002037740020C2
S21402C128A1BE020018140020E46D0020E66D00206F
S21402C13826750020557F00207A6D0020042230B52F
S21402C14801F0400387B0002B054614BF01240024E3
S21402C1588DF80C208DF80D1004D004A915F07EF980
S21402C16838B304ABCDE9004301210223284603AACB
S21402C17815F0A5FD0446F0B1104B1B78033B012BC6
S21402C18804D80F4BB3F8681013F09CFB4FF6F773FE
S21402C1989D4209D9322202212046FDF74BFA80F049
S21402C1A80100C0B207B030BD2946204614F028FA6E
S21402C1B8F5E70120F6E71920F4E700BF937400209C
S21402C1C8DC65002010B5FFF797FC04F0DBFF14F0DF
S21402C1D870F8002015F03DF917F09EFE08B1FCF73E
S21402C1E8B7FA204C2378532B12D10323237000234B
S21402C1F8FF2219460120FDF773FF002017F0B2FA56
S21402C20810B1002013F035FCBDE8104012F0E6B875
S21402C218062B01D0212BF0D10120FDF705FF4FF6A2
S21402C228FE7013F0C4FD4FF6FF7013F0DDFD00201C
S21402C238FDF732FE0020FDF75FFEFDF7AFFD00F0CA
S21402C24887FB12F0CEF82378212B02D1FDF782FB6A
S21402C258D3E70020FBF7FAFA00214FF4004014F067
S21402C268FAFECAE79274002010B50A4C0A48FBF791
S21402C278EDF92378062B02D10120FDF7D5FE2378A7
S21402C288062B01D0532B03D1BDE81040FFF79ABF07
S21402C29810BD00BF92740020B87D00202DE9F84F2B
S21402C2A8DFF8CC8004460E461746FFF725FC98F8BA
S21402C2B8005015B90220BDE8F88F212DFAD0DFF814
S21402C2C8B49099F80030012B01D1A306F2D427487E
S21402C2D818F03FF80028EDD114F02004394630460D
S21402C2E8DFF894B0DFF894A005F00F051BD011F024
S21402C2F887FB012D8BF80070AAF8006033D1212342
S21402C30888F80030FFF75EFF0020D4E7212388F87C
S21402C3180030FFF757FF00214FF6FE70FDF792FF39
S21402C328FEF7D6FAF0E711F06AFB012D8BF80070DB
S21402C338AAF80060EAD0062321464FF6FD7088F870
S21402C3480030FFF7FBFE40F6020240F2262199F87B
S21402C35800300648033B012B88BF114617F0F8FB4E
S21402C368002CD1D1D7E75323E6E700BFB87D0020DB
S21402C378927400209374002042750020E27E00200A
S21402C3882DE9FF410F460546511C38460BF05AF96F
S21402C3980446384613F05FFB0646023017F043FFA2
S21402C3A8424B80461B7804F04002022B02D0043B24
S21402C3B8012B06D83E4B1B68580205D5A10603D4A6
S21402C3C852B304B0BDE8F08132B33A4A1278D11EAD
S21402C3D8012917D8384BB3F86830AB42F1D17378D5
S21402C3E8180714D5304615F0CBFCFBF70BFF0028D0
S21402C3F8E7D00122294604F0200004B0BDE8F04147
S21402C408FFF74CBF022ADCD1DF01DAD4E7E713F0E4
S21402C418C2FC4045D5D1ECE7264B1B78013B012BE5
S21402C428CFD87378D906CCD502A9384615F0B5FC0C
S21402C438002002A917F090FCFF2806460BD0A20699
S21402C44801D414F023F8304608F038FC04F0BAFE9B
S21402C458304615F099F8284617F0C6FFFF280DD083
S21402C468FCF766FB14F0200608D113F094FC28B1FA
S21402C47833460222284602A905F0E0FF13F08BFC99
S21402C48800289ED1A3069CD402A94FF6FF73022267
S21402C49828460FF0EFF94FF6FF7203460092284639
S21402C4A8022202A911F09EFB8BE700BF92740020BD
S21402C4B82459002093740020DC65002038B5044611
S21402C4C80D4617F079FCFF28034615D00B4A12785A
S21402C4D842B10B4A32F81020520403D515F054F82C
S21402C4E8002038BD184613F0D1FF204645F040011B
S21402C4F8BDE83840FFF722BE0120F2E78E7400201E
S21402C5087A6D002038B5054613F0A5FA0446284683
S21402C51815F0F9FB411C89B228460BF093F842063F
S21402C5280DD563781B070FD5204615F029FC014662
S21402C538002017F011FCBDE8384015F025B803486E
S21402C548BDE83840FFF790BE38BD00BFB87D002072
S21402C55838B54FF6FF75A842044617D013F038FCD4
S21402C568A04213D04FF6FD72094B198891420DD995
S21402C578084A1288AA4201D0A24207D11C804FF468
S21402C5887A71BDE83840044817F0E2BA38BD00BFF1
S21402C598C87E0020E47E0020B058002008B5044873
S21402C5A8FBF754F84FF6FF72024B1A8008BD00BF1D
S21402C5B8B0580020C87E002037B505460C4608232A
S21402C5C869460120064AFBF7BBF815B19DF8063006
S21402C5D82B700CB1009B2360BDF8040003B030BD7D
S21402C5E825E1010007B508238DF80600ADF804100A
S21402C5F8009269460020034AFBF7A2F803B05DF8EA
S21402C60804FB00BF25E10100024A13780BB1013B87
S21402C618137070478174002008B513F0E5FB0021FB
S21402C6284FF6FF72054B08461A80FDF78BFCBDE8ED
S21402C638084040F6164011F0A7BA00BFC87E002090
S21402C64808B5FBF703F80A4B1B78023B032B08D8FE
S21402C6584FF6FE73074A108898424FF6FF7301D1C9
S21402C668138008BD9842FCD0BDE80840FFF7D4BF47
S21402C67892740020C87E002010B5084B1B78042B45
S21402C6880AD013F088FB002104460846FFF794FFF9
S21402C698231A5842584110BD0020FCE79374002024
S21402C6A8F0B5002689B00546CDE90566ADF81C60EA
S21402C6B815F029FB0A23024604462946009605A8D1
S21402C6C817F0B6FE9DF815309DF814701F2B27D864
S21402C6D803A813F078FE08220DF1160103A8F3F753
S21402C6E863FA0646E0B9092F1CD1FFF7C5FFB8B1B1
S21402C6F8144B1B78A3B1144B1A884FF6FD739A4253
S21402C7080ED9124C124A23780433DBB223701278FD
S21402C718013AB3EB820F03DD58B20FF000FB267026
S21402C72809B0F0BD0A34E4B2214628460AF08AFF68
S21402C73813F0D2FE611C284615F008FAFFF708FF28
S21402C748EEE700BF577F0020C87E002081740020D5
S21402C7583D7F002038B5134B1B78033B012B20D9AD
S21402C768114B4FF6FF711B78ABB1104D2B888B42DD
S21402C77817D113F02DFB4EF6602104460C4817F02D
S21402C788E7F94FF6FE7322462B800021BDE83840B3
S21402C798092013F0AFBE074A13888B421CBF013329
S21402C7A8138038BD93740020577F0020C87E00206F
S21402C7B8B0580020886D002010B5044661B1FF21EC
S21402C7C813F0EAF80021204613F0ECF813F01AF8F2
S21402C7D80146204613F0ECF82146BDE81040002238
S21402C7E8014817F08EBD00BFEA6D00202DE9F04122
S21402C7F80D461746044613F02EF906782846FBF728
S21402C80877F929468046204613F05CF813F0C3FAF7
S21402C818A84206D120460121FFF7CEFF0120BDE837
S21402C828F0812846B8F1000F0AD0FBF7EFF950B9A5
S21402C838144B3A462046BDE8F0411978FCF7FABE92
S21402C84814F031FEF3E706F00306012E08D013F0C3
S21402C858A2FA00232246294602F030FF0028D9D140
S21402C868204612F0EBFF430505D52046BDE8F04109
S21402C878002113F0D2BB204614F0E8FDB0FA80F08F
S21402C8884009CCE73B7F002010B586B0044615F079
S21402C8983AFA104B0246186819790290D3F805003E
S21402C8A85B7A01328DF8143000238DF80C10049050
S21402C8B82146009392B2052304A817F0B9FD052273
S21402C8C804A902A8F3F770F9B0FA80F0400906B096
S21402C8D810BD00BF5049050008B50748FAF7B6FE6E
S21402C8E8064B1B78033B012B05D8BDE80840002100
S21402C8F80846F9F75FBF08BDD87D0020937400206C
S21402C90808B5114813F076F9104B1B78012B06D898
S21402C918FF2009F0FDFBFCF751FD08F09DFCFCF733
S21402C9286BF902F06BF9FFF701F915F083FB0BF0D0
S21402C9385BFBFCF7F9FE0BF085F811F065F8BDE82D
S21402C948084003F0B1B900BFA46600203C7F00206F
S21402C95808B5EFF777FDFF2803D0094B1B78012BA4
S21402C96806D9002009F0D4FBFCF728FD08F074FC71
S21402C978FCF742F902F042F9BDE8084003F094B920
S21402C9883C7F0020064B1878112806D000F0FD00E0
S21402C998A0F141035842584170470120704700BF32
S21402C9A8927400202DE9F0410446FCF7AFFC18B15A
S21402C9B800263046BDE8F0811D4B1B78033B012B51
S21402C9C809D81C4BB3F868104FF6FF739942EFD09C
S21402C9D8204612F077FF184B022120461A88FCF7E9
S21402C9E829FE06460028E3D0204613F034F890F8CD
S21402C9F807800546043017F016FC074613F0CBF9F5
S21402CA08414602463846FCF799FCA81C17F00BFC70
S21402CA184FF6FF73984202D12046FFF7ABFA2B78FF
S21402CA289B07C6D101212046FFF7C6FEC1E700BF15
S21402CA3893740020DC650020E86D00202DE9F04F95
S21402CA48002585B00746039513F005F80646043018
S21402CA5817F0E9FB8046B01C17F0E5FB337804466E
S21402CA684046009317F0A8F982464046FBF740F87E
S21402CA783378BAF1FF0F0CBF83464FF0010B9A07C3
S21402CA880AD113F088F9404514BFD9464FF0010978
S21402CA98B3791BB90320B9E0A946F9E713F07BF985
S21402CAA8A04205D113F077F90446994B1B7836E075
S21402CAB8984B1B78052BF8D0033B012B03D8964BD3
S21402CAC8B3F86840F1E7204617F0ABFC737840B33A
S21402CAD813F00402DFF838820BD198F800301A44B3
S21402CAE821463846D2B2FFF781FE0028D2D000206F
S21402CAF88CE0384615F0C9F80146054638460AF06D
S21402CB08A1FD421C52002946384602F0FE0213F0E6
S21402CB1837FD737823F00403737098F80030002208
S21402CB28DDE75B0726D5384615F0AFF80146064618
S21402CB3838460AF087FD824606F101091FFA89F986
S21402CB48494638460AF07EFDDFF8C481BAF1000F7E
S21402CB5801D0FF2805D10022494638460AF086FD4C
S21402CB68DBE7B11C01EB4001C9B2384614F0EEFF10
S21402CB780446D2E7204603AA02A914F0E4FD0546B5
S21402CB88B9F1000F4AD0009B03F0C003802B0ED1E8
S21402CB98FF2320468DF809300BF03EFAFF281BD0FB
S21402CBA80DF109020DF10A010BF02AFC14E0402BE4
S21402CBB834D19DF808308BB3FF2320468DF8093010
S21402CBC80BF02AFAFF2807D00DF109020DF10A0127
S21402CBD80BF016FC2D281CD13378404603F03F0391
S21402CBE8337017F01EFC10B913F0D5F880460023F0
S21402CBF842461946204608F04FFE00283FF44AAF40
S21402CC08C822072138460AF055FF012005B0BDE8BC
S21402CC18F08F9DF80930FF2BDED12546039838B9E8
S21402CC289DF80820002A62D1394B2C461B7856E715
S21402CC3809F032FA039AFF280346127908D1CDE999
S21402CC4800204FF4E171354817F00FFADDE90023AA
S21402CC58B9F1000FE4D002F03002102A0AD0202AD6
S21402CC68DED1BBF1000F24D05146184609F016FC57
S21402CC780028D5D1DFF8A89099F80030012B45D0C6
S21402CC88204611F087FB28B92A4621464046F37902
S21402CC9814F0DCFCA54212D1039A137923F00C0394
S21402CCA813719DF80830ABB92C46194B1B78302205
S21402CCB815E7039B1B7913F00C0FDBD1B0E799F845
S21402CCC80030022BE8D0039A137923F00C0343F0C2
S21402CCD80403E5E70121204613F0A1FA20B920460D
S21402CCE80BF09AF9FF280FD0094B1B78DFE70121D2
S21402CCF8204613F094FA00287FF4D7AE20460BF0AD
S21402CD088BF9FF287FF4D1AE02207FE7A542D9E748
S21402CD18E86D002093740020DC650020AAE5040074
S21402CD284675002038B50E4B04461B780D46033B65
S21402CD38012B10D900F108039BB2012B0DD813F072
S21402CD482AF8002302462946204608F0A5FD80F068
S21402CD580100C0B238BD0120FCE70220FAE700BF96
S21402CD68937400202DE9F041064610460D4614F04D
S21402CD78CAFFA0F11004E7B256FA84F42146EA1B69
S21402CD8804F10E00F2F716FC2823DFF84480F35568
S21402CD9898F80030637301F045FF611C02460120D3
S21402CDA811F032FB08220949601DF2F703FC98F8D5
S21402CDB8000014F0BEF905F10E0130463B4600228B
S21402CDC8C9B201F0E1FF1220BDE8F0811875002013
S21402CDD88D7400202DE9F04F89B0044612F03BFE10
S21402CDE80546204612F09AFD0746281D17F01BFA3C
S21402CDF88146A81C17F017FA0390384695F807A03C
S21402CE0817F00FFB2B780490990761D1214604206E
S21402CE1802F0C2F800285BD0204614F074FF0146E0
S21402CE2820460AF00FFC820752D1204614F06BFF08
S21402CE38014620460AF006FC10F00303059347D184
S21402CE482046FFF721FD002842D0204615F050F86C
S21402CE58461C204616F0ACFDF6B206F10A0B8345D0
S21402CE6880F29F80504A06AB1068516803C3711C53
S21402CE7820460AF0E7FB3146804620460AF0E2FBE7
S21402CE88594600EB082820460AF0DCFB8346059B39
S21402CE982146B21C009306A8082317F0C9FA1FFAFF
S21402CEA888F8204612F03AFD5A46414611F0A0FA92
S21402CEB80122404606A901F09BFB002871D10220F8
S21402CEC80BF036F8013003D1404606A9EFF788FB87
S21402CED812F061FF48453A46514608D113F0CDF99B
S21402CEE800285ED109B0BDE8F04F01F077BB48468E
S21402CEF813F0C3F9002854D12C4B1B781BB93946BA
S21402CF08484613F057FB3A4651464846FCF716FA87
S21402CF18002846D0297811F0030102D12046FFF7EF
S21402CF284BFCAB79002B3CD0214B1B78DA1E012A2E
S21402CF3837D9062B35D06B78DB070DD503982E7AB2
S21402CF4814F096F910B3F30803F01C0326F01F0634
S21402CF58334343F001032B724FF6FF71204612F05B
S21402CF68B1FC049BDBB910F03DFD00F03F02022144
S21402CF782046FCF75FFB4FF6FF73039A9A4210D1DE
S21402CF88204609B0BDE8F04FFEF7F4BF06F01C03D2
S21402CF981C2BE1D0042B04D9043E2E72DCE70022B7
S21402CFA8E5E709B0BDE8F08FD86D04008974002063
S21402CFB8937400202DE9F04385B004460E461746C2
S21402CFC812F046FC0C2820467BD112F044FD0922BA
S21402CFD8002116F011FC00F11005EDB22946204694
S21402CFE80AF030FB042853D006D8012815D00228A8
S21402CFF822D005B0BDE8F0837C28FAD1204616F088
S21402D008D7FC0546204616F0B7FC02463046E9B27B
S21402D01805B0BDE8F04310F011BD46B9132120460D
S21402D02814F094FD05B0BDE8F04312F0DDBE05B07D
S21402D038BDE8F043FCF7ACBE9D4B1B78013B012BC9
S21402D048D7D82046E91C0AF0FDFA074686B978B909
S21402D058691C204614F07AFD0546214614F057F856
S21402D0683A462946102005B0BDE8F04317F0A4B8A2
S21402D078002508232146152200950DEB030017F01C
S21402D088D7F9284602A916F067FE14F07DFAB0E72B
S21402D098884B1B78022BACD146B9FEF73FFDC20778
S21402D0A80AD5FEF7D7FC002F08BF3F26304605B044
S21402D0B8BDE8F04310F0CEBCFEF714FD0028F0D011
S21402D0C8F1E712F0C8FC8046043017F0ACF80746C1
S21402D0D808F1020017F0A7F84FF6F77398420546CC
S21402D0E80CD8754A138801339BB213800BB9734A5E
S21402D0F813801EB1714A13880133138098F8009082
S21402D10809F00309B9F1010F40F08380204614F0B4
S21402D118FAFD014620460AF095FA043809283FF631
S21402D12868AF01A353F820F059D10200FBCF0200E2
S21402D138FBCF02007DD10200FBCF0200FBCF02002C
S21402D148FBCF020065D10200FBCF020065D10200C8
S21402D158204605B0BDE8F043FFF7D4B9544B1B7818
S21402D168042B7FF446AF0021084605B0BDE8F0431D
S21402D178F9F720BB4E4B1B78013B012B3FF639AF24
S21402D188404614F0FDFD00274D4B01465B898DF89D
S21402D1980A70ADF8083000283FF42BAF384616F070
S21402D1A8DBFD0546204614F0AEFD421C032321464D
S21402D1B8009792B202A817F03BF99DF80A30E6B932
S21402D1C83C4A1278022A18D1BBB9FF2DBDF808408E
S21402D1D80AD03C4A214632F81530284623F48063A2
S21402D1E822F8153014F0AFF9204614F08DFA002212
S21402D1F82146102016F0E0FFFBE6022B3FF4F9AEBC
S21402D2082BB9304B33F815305B053FF5F2AE28469E
S21402D2183BE7B9F1000F7FF4ECAE3146204604F046
S21402D228BBF8002E3FF4E5AE4FF6F7739D423FF685
S21402D238E0AE98F80160284616F0040620D114F0ED
S21402D248B0FA044628467CB114F02DF90346F0B924
S21402D2580C2200902946384613F00AFB0C220023BB
S21402D26839462846009308E014F01DF90346B8B973
S21402D278154A009012782946384613F0F9FAB8E6A5
S21402D28814F011F9034678B90B220090F3E7062248
S21402D298334629463846009613F0EAFA0622DEE7AF
S21402D2A8234600940622E6E74B46CDF80090F9E7B7
S21402D2B89374002092740020906D00208E6D0020DA
S21402D2C8504905007A6D0020787F00202DE9F04F3E
S21402D2D805888BB00446284612F0BDFB804604300B
S21402D2E816F0A1FF074608F1020016F09CFF05A9F2
S21402D2F80190284614F051FD284614F004FD014614
S21402D308064628460AF09EF998F80030029003F07E
S21402D3180303012B0CBF82464FF0FF0A16F099FE54
S21402D328B4F806B0814612F036FD98F80730009039
S21402D3383846039301F08AF8002838D1019801F09C
S21402D34885F8002849D1FCF7B9FAA9EB0B0B1FFAA6
S21402D3588BFB8146FAF774FB002844D1FFF712FBD1
S21402D368002840D1A14B1B78033B012B42D8BAF1C7
S21402D378060F00F0BE80BAF1040F00F0BA80FFF77D
S21402D38801FB20B1029B03F00303012B32D0FAF70C
S21402D398B1FA28B9964B1B7803F00F03062B6FD108
S21402D3A8944B2846B3F8681012F08CFA22E0284606
S21402D3B812F051FB023016F036FF4FF6F77398421A
S21402D3C806D9039B23B92846FFF75EFA0028B5D18B
S21402D3D8A37823F00F03A37054E0019817F021F8FE
S21402D3E80028B0D1F4E7A9F104095FFA89F9B9F17E
S21402D3F8020FB7D8BAF1010F40F0A280284612F001
S21402D4084BFA4FF6FF7398426AD1002331462846F4
S21402D41807AA14F0DCF880460028D9D042799DF88D
S21402D4282530934209D9711D284689B20AF01EF999
S21402D438A37823F00F030233A37010F0D3FA7E23E7
S21402D448B0FBF3F202FB130303F58073A3809DF887
S21402D458263013F0180F0BD0A378190708D1009BB3
S21402D468BB4205D0384698F8052005A910F002FBFD
S21402D4789DF82700003818BF01200BB0BDE8F08FD2
S21402D4882823A3800020F8E7584B1B78033B012B80
S21402D4985FD940F6B8339B459AD810F0A3FAFF2313
S21402D4A88DF81330002300F03F00C0F5FA70A08014
S21402D4B807A90DF113008DF81C30FBF7A3FF0546EC
S21402D4C898F80710384612F0CCFE002D80D09DF84A
S21402D4D81C20013A032A7BD8DFE802F0807A697DAD
S21402D4E84FF6F773019A9A4224D898F80130DA0769
S21402D4F820D4284612F0D0F916F030FF012808BFCB
S21402D5083D4BA27809BF1B78FA2303EB830303EB90
S21402D518830302BF9B00FA339BB212097FF458AF0B
S21402D5285B45FFF455AF10F05DFA00F01F001030AF
S21402D538A08053E02D4B1B78033B012BA9D8D8E7D4
S21402D5484FF6F773019A9A429ED898F80130DB078D
S21402D5589AD4BAF1020F53D10123314607AA2846B4
S21402D56814F035F8074612F016FCBDF82230984239
S21402D57836D1002F3FF42CAF01227B88314628464D
S21402D58808F00EFB1D4A13780133DBB288F8073021
S21402D59813707B88BDF81E209A421FBFA37823F01B
S21402D5A80F030233A3704FF4C873A38016E0009BE0
S21402D5B8BB4213D000283FF40BAF426801323FF457
S21402D5C807AFC2789DF813309A42BFF401AF05E060
S21402D5D8009BBB4202D0A2781209EBD101204CE78D
S21402D5E8184616F01EFF0028C3D182E7937400205F
S21402D5F892740020DC6500204D7F00209074002085
S21402D608BAF1030F7FF475AF009BBB427FF471AF8C
S21402D618711C284689B20AF015F80C287FF469AFFF
S21402D628FBF7E2FC4FF6FF73984201463FF461AF00
S21402D638284612F047F95CE72DE9F34104460088CC
S21402D64812F009FA0546043016F0EDFD0646A81C47
S21402D65816F0E9FD074616F0FCFC05463046B4F817
S21402D668068000F0F3FE064648B9384600F0EEFE9D
S21402D67858B9194AA3781278033A012A0BD8A3781C
S21402D688002623F00F03A37021E0384616F0C9FEE1
S21402D6980028EED1F3E71B09F1D1A5EB0805ADB2D8
S21402D6A8B5F5C86FEBD80DF10301384601AA019308
S21402D6B814F049F89DF80350014645B94FF6FF7332
S21402D6C8984204D00126208812F0FCF8A58030463D
S21402D6D802B0BDE8F08100BF937400202DE9F04146
S21402D6E805460C4612F0B4F8082802D10120BDE817
S21402D6F8F081201D16F097FD0646284694F8078006
S21402D70812F00CF90746284612F098F8010612D5C8
S21402D718184B1B78042B0ED1174B1B78022B0AD1F9
S21402D728164BB3F868204FF6FF739A4203D00021CF
S21402D7380846F9F73FF8124B1B78002BD6D1A01CE7
S21402D74816F071FD4FF6F773984202D86378DA0737
S21402D7580DD523789B070AD13A464146304612F041
S21402D7688CFD80F00100C0B200F00100BFE7012086
S21402D778FAE700BF9374002092740020DC6500204C
S21402D788487500202DE9F04F9DB0044612F060F867
S21402D7980546204612F05CF808285AD14FF4004392
S21402D7A8102200212046ADF8503012F0E9FE20463D
S21402D7B816F0E2F80EF0D8FA002321461A460C2094
S21402D7C800930EF096F898B3204616F0D5F814A9EA
S21402D7D802461020FAF7D6FD0501204616F0CCF8C8
S21402D7E814A902464020EDB2FAF7CCFD10B1204645
S21402D7F810F00CF9204616F0BFF814A9024680204D
S21402D808FAF7C0FDB8B99DB1102517A806F0A2FD13
S21402D8182046BDF8507016F0CBF80646204616F09D
S21402D828ABF829460090F3B2384617AA10F08CF9DE
S21402D8381DB0BDE8F08FBDF8503017A8ADF85E40B1
S21402D848ADF85C3010F0CEFD0028DCD145F080053E
S21402D858DBE7204612F04FF8B0F5006F40F005817E
S21402D868204612F05BF80646042D40F00181204659
S21402D87811F0E4FF80F40060C0F3C02000223146B5
S21402D888400016F099FC954B1A78022A0DD0FFF73D
S21402D89879F850B902F0FD03312B06D0043A012A72
S21402D8A803D98F4B1B78002BC2D02146022001F0E9
S21402D8B873FB05900028BBD02046ADF8464012F010
S21402D8C8CAF80446BDF8460012F028F80546201D98
S21402D8D816F0A9FCA31C83461846039316F0A3FC6D
S21402D8E812A90746BDF8460014F057FA6378069060
S21402D8F8BDF8460094F80080099314F004FA637899
S21402D908064608F0030828460C93FAF7F1F8B8F129
S21402D918010F0CBF032302230E93724B08BF4FF06E
S21402D9280B091D80237818BF4FF00A0903F03C0341
S21402D938082B0D907FF47CAFBDF8460016F038F839
S21402D948B0427FF675AFB8F1010F03D02378980777
S21402D9587FF46EAF644BB3F86830AB420DD1634ABE
S21402D968634BB2F9001093F90030002900F0A58045
S21402D97801EB0313A3EB211313804FF0010AA6F160
S21402D9881003DBB207938DF8453010224846BDF8DF
S21402D9984610CDF800A00DF145030DF0AAFF0028A9
S21402D9A83FF446AF099B13F002030A9300F00A817C
S21402D9B8504B1B78002B3FF43BAFBDF846904846C9
S21402D9C814F0A1F9002308904846CDE917331993B5
S21402D9D8ADF8683011F0A2FF089B039003F10E0120
S21402D9E8484689B214F062F9002870D000234946E6
S21402D9F8089A009317A80E2316F01AFD50460DF142
S21402DA085D0110F00FFD9DF869300B9004939DF8A8
S21402DA185C30282B5BD10DF16100FAF7F3FB0F900F
S21402DA28002854D1049813F084FB0F9B002867D172
S21402DA38314B049A1B78D31A190648D404F04CFDC5
S21402DA4850453CD116F00AFB2C4E0546346824B1E4
S21402DA5804F048FD2C1B844239D30023FF221946C2
S21402DA681846FCF73DFB356031E04FF6FD76FBE6DF
S21402DA784FF6FF70301A18BF0120002231464000C8
S21402DA8816F09AFB0C2D0DD12146012001F084FADE
S21402DA9800283FF4CDAE214600201DB0BDE8F04F69
S21402DAA8FDF700B92DB920461DB0BDE8F04FFDF7C9
S21402DAB85FBD042D7FF4BCAEE5E61B025CE704F00E
S21402DAC80BFD022803D104F0E9FC0028BAD0002294
S21402DAD81920039916F070FBAAE600BF927400207C
S21402DAE848750020066E0020DC650020D86D0020F0
S21402DAF8447500208E7400208D740020EC66002089
S21402DB0810214846089ACDF800A013F050F90028CC
S21402DB18DDD0A64B049A1B78934240F0AA8003995C
S21402DB280DF1610214A816F0E3F8012114A8FAF719
S21402DB3843F8824648F2030114A8FAF749F9BAF1FB
S21402DB48000F03D0082114A810F007FC484614F06A
S21402DB58F8F803990DF16100FBF7E6FAFE2882460B
S21402DB68B5D0FF280AD1039816F03EFCFF28824655
S21402DB7800F087800DF16101FBF750F98B4B049A90
S21402DB881B78934200F0A38050460B99FBF7B2FA33
S21402DB9800283FF44DAE50460B99FBF7BDFA2378A2
S21402DBA89A070FD1484614F0AEF80146484609F0DF
S21402DBB849FD00F00300012804D103980DF1610124
S21402DBC8EEF70EFDBDF8460011F038FE030440F1EC
S21402DBD88580204616F027FB40F4007189B220465D
S21402DBE816F023FB00224FF40041BDF8460011F060
S21402DBF816FEDDF81490012310220093BDF8461095
S21402DC080E980DF145030DF074FE00283FF410AE91
S21402DC18032866D1204616F006FB40F4007189B246
S21402DC28204616F002FB284616F0FBFB002840F0BA
S21402DC38B780DDF81490B8F1010F40F0C1800320D8
S21402DC48BDF8461001F0A8F9002840F0B980314620
S21402DC58BDF8460009F0F6FC0F2801467FF6E8AD47
S21402DC684FF6F7739F423FF6E3AD284612F0ECFCF8
S21402DC78DEE55046049903F049FD00287FF44FAFCD
S21402DC8825E7237803F00303012B08D1484614F04E
S21402DC983AF80146484609F0D5FC082892D0444B83
S21402DCA81A78444B1B789A4209D20DF161010398FF
S21402DCB8FBF768F8039816F097FB82465EE7A01C07
S21402DCC816F0B1FA4FF6F7739842EED9FFE65046C9
S21402DCD8FBF79AFA00283FF457AF5CE74FF00009C3
S21402DCE889E7284616F09DFB0028A4D00A9B002B3D
S21402DCF858D1B9F1000F53D1B8F1010FBDF846005B
S21402DD089DD0314609F09EFC8246DFF8B09099F81D
S21402DD180030002B5FD012F03EF887427FF488ADC1
S21402DD28B8F1010F40F08280BAF1070F78D8BAF13D
S21402DD38050F7FF67DAD204B1B78022B02D0043BE5
S21402DD48012B03D899F80030002B4BD00C9B980671
S21402DD5840F1BB800D9B002B40F0B380284616F09E
S21402DD682BF8FF2840F0AD805D457FF461AD069B39
S21402DD78002B00F0A48012AB46F204020124ADF890
S21402DD885C200193214602232846009417AA13F022
S21402DD9896FF00283FF44CAD214612F03EF947E5BF
S21402DDA8DDF81490284607F053FD44E78D740020EA
S21402DDB88C7400204E7F0020927400208E740020FF
S21402DDC83146BDF8460009F03DFC0A9B824613B967
S21402DDD8B9F1000F99D0A84B1B78022B02D0043B4E
S21402DDE8012BB3D8284600F031FB814600287FF481
S21402DDF81FAD11F0D0FF854222D1A04B1B78033B02
S21402DE08012B19D89E4BB3F8684011F0C4FF4B4655
S21402DE1801460D222046CDF8009012F029FD07E5AE
S21402DE28AAF10E03DBB2012B85D901E50AF003033A
S21402DE38012B7FF4FDAC7EE7012000F0A5FBF7E49A
S21402DE48284616F0EEFA58B911F0C2FF4FF6FF73DD
S21402DE58984205D016F060F810B92846FAF738FF47
S21402DE68284616F0DEFA88B111F0B2FF4FF6FF73B5
S21402DE7898420BD016F050F840B9B8F1010F02D10B
S21402DE88BAF1060F02D0284607F04CFA069BA3B949
S21402DE9819460122584600F0ABFB814600287FF45B
S21402DEA8C7AC204613F06CFF4A460146384600F0D7
S21402DEB89FFB00283FF44AAFBAE412A9E9E7069B9B
S21402DEC85AE7637823F0200363704FF6FC739F4289
S21402DED875D16A4B1B78033B012B7FF6A9ACA37955
S21402DEE80BB1013BA3716378590727D5002358461F
S21402DEF817AA14A9179313F026FC1798F0B108F07E
S21402DF08CBF88146384615F057FF179A014613791B
S21402DF1803F03000102806D003F00C0008281CBFB7
S21402DF2823F00C031371137903F03303202B05D166
S21402DF38FF2903D00122484608F078FA284615F049
S21402DF483BFFFF281EBF00224E4B43F82020099BAA
S21402DF5803F001094FF6F7739F4200F21381B9F1F5
S21402DF68000F40F01C812946584612F023FB11F098
S21402DF7812FF874200F0DF80384616F052FA002871
S21402DF884AD0B8F1010F30D1BAF1010F20D14A4672
S21402DF983146BDF8460007F05FFE384616F041FAED
S21402DFA8394B1B78002B78D1584616F03AFA0028D7
S21402DFB870D1384616F035FA00286BD138E44FF699
S21402DFC8FD739F428BD12D4B1B78042B87D12FE4F0
S21402DFD8384616F026FA50B3BAF1030F27D131465F
S21402DFE8BDF8460012F07CFC22E4384616F019FA10
S21402DFF8384613F058FA002848D0002339465846BF
S21402E008BDF8462001F05AFB00283FD00021BDF893
S21402E0184600FEF7D1FB0BE4384616F002FA18B1B2
S21402E028B8F1010FD8D0E3E7B8F1010FE0D1164BEB
S21402E0381B78002BB8D0BAF1050F2ED111F0ABFE23
S21402E0488DF85C0011F0A7FE000A8DF85D0001232A
S21402E058022217A90DF14600F9F74CFA00287FF4B8
S21402E068E7AB711CBDF8460089B209F0D9FA037805
S21402E0780133037011E000BF9274002093740020ED
S21402E088DC65002034570020547F00209A4B1B780A
S21402E098002B89D0B8F1010FCDD063785A070CD57A
S21402E0A8BDF84640204613F0F0FD411C89B22046D2
S21402E0B809F0B6FA0378013B0370904B1B78033BD2
S21402E0C8012B30D8B8F1010F06D1BAF1050F1FD1CE
S21402E0D811F061FE834522D1BDF84600FEF7AEFC7C
S21402E0E802281CD10021584617AA08F021F930B197
S21402E0F80379458003F03C0343F040030371002391
S21402E1087F4A009339465846127812F0B1FB06E069
S21402E118BDF84600FEF792FCBAF1030FE0D10022E2
S21402E12839461C20D6E4BDF84600FEF787FCB8F14F
S21402E138010FD5D1F0E7B8F1010F7FF467AF0AF106
S21402E148FF330C2B00F2AA8001A252F823F000BF7C
S21402E158BBE10200BBE10200E7DF0200D1E10200F8
S21402E168E1E1020005E2020027E2020053E20200B1
S21402E17869E2020069E2020075E202008DE202002C
S21402E18899E20200B8F1010F00F09480B9F1000F8D
S21402E19808D1BDF84600FEF71DFEFFF749BBB8F1E9
S21402E1A8010FCCD0237A03F00303012B7FF440AB94
S21402E1B8EFE7AAF102035A423146BDF846005A4131
S21402E1C807F04AFDFFF734BB32465846BDF84610FC
S21402E1D8FEF7D6F8FFF72CBB711CBDF8460089B2CD
S21402E1E809F030FA0236F6B20246BDF8463058460C
S21402E1F8009612A90AF054F8FFF71ABB3F4B1B7891
S21402E208013B012B3FF614AB079B0121009300202C
S21402E2182346BDF8462012F09AF8FFF709BB374B9B
S21402E2281B785A1E012A07D90120079ABDF84610FC
S21402E238FCF71AFCFFF7FCBA022B7FF4F9AAF9F7E7
S21402E248FFFB0028F0D1FFF7F3BABDF8460006F048
S21402E25869FEFFF7EDBABDF84600FEF721FA98E721
S21402E268BDF84600FEF71CFAFFF7E2BA234B1B7806
S21402E278013B012B3FF6DCAABDF84600FDF736FD4A
S21402E288FFF7D6BABDF84600FDF780FDFFF7D0BA0D
S21402E298BDF8460010F0A0F8FFF7CABA3346224681
S21402E2A85046BDF8461010F069F800287FF4C0AA58
S21402E2B85146DAE40AF1FF330C2B3FF6B9AA01A25B
S21402E2C852F823F0BBE10200BBE10200E7DF0200DE
S21402E2D8D1E10200E1E1020005E2020027E20200C3
S21402E2E853E202005FE202005FE2020075E2020009
S21402E2F88DE2020099E20200547F00209374002007
S21402E308787F002010B50021114811F01AFC044647
S21402E318E8B111F02CFB0F4B1870204611F02CFBBD
S21402E3280D4B1870204611F02DFB0C4B187020462A
S21402E33811F02DFB0A4B1860012015F093FE2046BB
S21402E348FFF720FABDE81040002015F08BBE10BD7E
S21402E358B66D0020457500204475002043750020E0
S21402E368E466002070B5164E044633680D46E3B1DF
S21402E37811F06EFA0C2818D1204611F06CFB09220F
S21402E3880021044615F038FA235C042B0DD10D4BF8
S21402E3981B78033B012B08D80B4C25B10B4B227874
S21402E3A81B789A4203D300232370002070BD0848C6
S21402E3B8316815F0CDFB2378012001332370F5E789
S21402E3C8E86600209374002047750020777F0020B7
S21402E3D8D87D0020014B93F901007047D86D0020C4
S21402E3E8014BB3F868007047DC65002070B500245E
S21402E3F8124D2C70EDF7D8FEE6B2B04212D8104B8A
S21402E4081B78013B012B04D800214FF6FF70FBF75F
S21402E41819FF00220B4B1A700B4B198801B11A8090
S21402E428012070BD304615F01FFDC30748BF2B7884
S21402E43804F1010444BF01332B70DBE78B74002020
S21402E44893740020827400208A6D002038B50B4B26
S21402E45805461B7873B101335C08094B188815F01A
S21402E4688BFA002330F81320AA4205D00133DAB219
S21402E478A242F7D3002038BD0120FCE782740020B0
S21402E4888A6D002030B5054685B008460C4615F05C
S21402E498C4FFFF280CD012F053F9012200210346CC
S21402E4A8CDE90112009221462A460720FBF77AFA9E
S21402E4B8284615F081FCFF2804460FD015F0D4FC38
S21402E4C8C2070DD5204615F0CFFC830708D40B4AA1
S21402E4D832F8143043F4806322F8143005B030BDA5
S21402E4E812F02EF9012200210346CDE9011200920C
S21402E4F807202A46FBF756FAF0E700BF7A6D002097
S21402E5084FF6FA72431E9BB2934270B504462AD857
S21402E518FFF79CFF38BB194B1B78042B23D02046E9
S21402E52815F062FFFF2801D0FAF702FB204613F027
S21402E538E3F808B107F0C6FD2046114E04F046FA85
S21402E54820460FF095FA31780E4D69B1288815F0F5
S21402E55813FA054601461E220230F1F72BF82C80E4
S21402E56833781E2B07D970BD202015F079FA28803B
S21402E5780028EBD1F7E702333370F4E793740020F0
S21402E588827400208A6D002037B5134B05461B7827
S21402E598022B1FD111F0FFFB044611F0FCFBFFF71C
S21402E5A8AFFF12F0CDF811F002FC0020FBF73CFD9D
S21402E5B840F607400FF0E8FA3DB100230D22214647
S21402E5C84FF6FD70009312F053F903B0BDE83040E1
S21402E5D804F032BF03B030BD93740020034B1B789F
S21402E5E813B90120FFF7D0BF704700BF8974002017
S21402E5F8F7B504460D46174611F0CDFB0646002D24
S21402E60847D04FF6FB739C4243D82046FFF71EFFBF
S21402E61830B1A64204D1204B1B78033B012B38D9D4
S21402E6282046FFF713FF10B1012003B0F0BD2046C5
S21402E6380FF0EEF9C0B1A642F6D00CB369462046F2
S21402E648F9F758FD0246D8B90821684611F035FB95
S21402E658B0B9082269462846F1F7A6FA80B12946D3
S21402E668204612F09DF8DFE7A642E6D12846F9F7DB
S21402E678C9FD28B90120FFF787FF06F0DFFDD3E7BB
S21402E6883FB121462846FAF7E7FB2146284604F01A
S21402E698B9F90020C9E700BF93740020044A13782A
S21402E6A82BB1013BDBB213700BB9024A13807047D9
S21402E6B8827400208A6D00200148F8F7D7BC00BF94
S21402E6C88A6D00202DE9F047804617460D468CB025
S21402E6D861B903AE00211B4815F00DFE4FF0000984
S21402E6E80446DFF860A01CB920461DE00E46F1E796
S21402E6F80022214624233046CDF8009015F098FED5
S21402E708082241463046F1F74FFAA8B9337C9BB93E
S21402E7186FB945B92A4621460A4811F031FA0A4A1B
S21402E7281388013B138001200CB0BDE8F0873B88B4
S21402E738B28953405B06ECD52146504615F0FFFDDC
S21402E7480446D0E7EE6D0020EC6D0020024B1888D8
S21402E758003818BF01207047EC6D002040232DE9D1
S21402E768F04397B0074611A88946ADF80E300FF069
S21402E77895FA02238DF84430002304AE3146384613
S21402E78804937360F9F7B6FC0546002840F09580B6
S21402E79838460FF0FFFD804611F0FDFA04460028C1
S21402E7A840F0BB8099F80130042B40F0B980EDF7B1
S21402E7B807FD022840F08480EDF702FD022840F0AB
S21402E7C88B8096E8030003238DF8443012AB83E867
S21402E7D803009DF85130002143F00603102209A8D1
S21402E7E88DF85130F0F794FE09A911A80FF0EBFB4B
S21402E7F840B111A80FF052FA30460DAB09AA11A97A
S21402E8080FF0E6FCBDF846300DA943F0040311A844
S21402E818ADF846300FF030FC102209F10A010DA8B7
S21402E828F1F7C2F90546002872D1EDF7C9FC0228AD
S21402E83806D13146FF2009AA0FF0ECFB00286AD160
S21402E84834240025EDF7BCFC022808D19DF8513087
S21402E8581B0704D430460DF10E0112F0C1F9214609
S21402E868304612F0E6F910238DF8183004238DF896
S21402E8781A303346002203CBCDF81B00CDF81F1002
S21402E88806A80B218DF8195011F000F9024638B186
S21402E898002D14BF012303233146384603F078F8C7
S21402E8A8B8F1000F09D0342C07D106A832463946EB
S21402E8B815F01EFA06A80FF053FD17B0BDE8F08350
S21402E8C8234621463046009411AA01F05FFE00282E
S21402E8D83FF472AFAD25C6E7EDF772FC012891D179
S21402E8E8104B1B6803F08403842B8BD196E8030035
S21402E8F802238DF844301023ADF8463012AB83E875
S21402E90803009DF8513043F002038DF8513079E741
S21402E9183324AD2596E7052494E72C46A325A2E7DB
S21402E928AA25A0E7245900202DE9F04336488DB0E1
S21402E938F8F78CFE15F092FB344D2B68C41A4FF488
S21402E9487A73B4FBF3F4A4B214B115F087FB28600B
S21402E9582F4F4FF6FF763B88DFF8B880ADF80A30BF
S21402E96800233B8000210DF10A0011F0EAF8054663
S21402E97858B9284B1B882BB14FF47A712248714339
S21402E98815F0E6F80DB0BDE8F0834FF00009242331
S21402E9984A462946CDF8009003A815F049FDBDF869
S21402E9A81A30A34294BFDB1A1B1B9BB2ADF81A306F
S21402E9B8CBB911F0F0F9BDF8183003F0400318434C
S21402E9C880B218B9322103A80FF0C4F8BDF818307F
S21402E9D81B0602D508980FF0CAFAB8F80030013BB1
S21402E9E8A8F80030BEE79E4228BF1E4601234A46C4
S21402E9F82946009303A8242315F01AFD4A462946F9
S21402EA08384615F07EFCADE730580020F066002048
S21402EA18EE6D0020EC6D0020F0B50446304A8DB04D
S21402EA281068516801AB03C3A378012B54D1162290
S21402EA3800210DF11A00F0F76BFDD4F82110D4F876
S21402EA481D0003AB03C32388190644BF62680892F5
S21402EA58DA050BD5221D08AE04F1140735461068F0
S21402EA685168083203C5BA422E46F7D1ADF81830B7
S21402EA7813F0040318BFA3690593EDF7BFFB002341
S21402EA88ADF81A008DF81C3011F085F9E0B906A920
S21402EA9803A812F0A5F80022242103A810F0F6FF16
S21402EAA80446D8B10020FFF73FFF002221460D4852
S21402EAB815F027FC0C4A0020138801331380FFF751
S21402EAC833FF00200DB0F0BD082201A903A8F1F714
S21402EAD86BF80028DFD0DAE70220F3E71920F1E71F
S21402EAE8D86D0400EE6D0020EC6D0020F7B50446E4
S21402EAF800200E46FFF718FF104B1B88A34202D8C9
S21402EB08212003B0F0BD00210D4815F0F4FB0025C6
S21402EB1801460B4F0029F3D0A54208D1002424232E
S21402EB2822463046009415F083FC2046E9E738462C
S21402EB3815F005FC01350146ECE700BFEC6D002038
S21402EB48EE6D00200148F8F791BA00BFEE6D00207E
S21402EB58014B1888704700BFEC6D002030B5154A87
S21402EB688DB051680546106801AB03C307A80FF0BD
S21402EB7895F8DDE90101032308AC84E803008DF863
S21402EB881C309DF8293003A943F0020307A88DF824
S21402EB9829300FF018FA10B12D200DB030BD2346DB
S21402EBA82868696803C303A907A80FF0F1F90028C3
S21402EBB8F3D0F1E7D86D040070B50C4611460E4A3C
S21402EBC823781278064613F0200542EA03022270DA
S21402EBD818BF611D0822F0F7EDFC002D0CBF0520BA
S21402EBE80D20D4F80130B3602378337303F018038A
S21402EBF8082B08BF013070BD8E740020042307B5A9
S21402EC0801200DEB0301054AF8F79AFD019B044A19
S21402EC181B03136003B05DF804FB00BF63E5110035
S21402EC281459002010B5064C2368C3F30B0313B916
S21402EC380448E2F7C5F92068431C236010BD00BFEC
S21402EC481459002063E51100014B1868704700BF8D
S21402EC581459002007B50020054B064A18600423FD
S21402EC680DEB03010190F8F76BFD03B05DF804FBAA
S21402EC781459002063E511007FB511230A4A0120C2
S21402EC8801A9F8F75DFD094B9DF814201A70084B88
S21402EC981B780BB1052B05D10EF0A3FE012007B099
S21402ECA85DF804FB0020FAE779EB01008D7400207A
S21402ECB88E7400202DE9F04F0646CBB088460088B1
S21402ECC80121174614F090FE2E4B3A463188ADF8CD
S21402ECD8160006A812F040F80DF1280B5A464146CF
S21402ECE8C419308811F0C2FFE4B208EB0003A3424D
S21402ECF808BF044605464FF004091CBFA4EB0804E7
S21402ED08E4B223465A460121CDE900090BEB050A6F
S21402ED18CDF808B02D1B06A8EDF7BCFEEDB20BEB3E
S21402ED2804030093019523465A464146308811F05B
S21402ED38CBFF34883946204608F084FC394600F072
S21402ED48F802204608F092FC0121308814F04CFEA6
S21402ED5801234A46514680B10DF11600F8F7CAFB60
S21402ED6801210446BDF81620308814F051FEB4FA84
S21402ED7884F040094BB0BDE8F08F3046F8F7BAFB8E
S21402ED880446F4E7187500202DE9F04FC9B004468A
S21402ED9888469246C118224A04A81F46FFF70CFF67
S21402EDA84FF00409C519EDB208AB0293A5EB0A0B9E
S21402EDB8A8EB0A035FFA8BFBA8EB0506DBB2F6B2F2
S21402EDC804EB0A02009301215B46CDF8049004A8DE
S21402EDD8EDF760FE06F590730DEB03025A44A2F5B2
S21402EDE88072136808A844F80830E35D324623F0B8
S21402EDF80703E3552C442146F0F71AFD08ABCDE984
S21402EE08019308AA00230121009604A8EDF742FE02
S21402EE183246204608A9F0F70BFD49B0BDE8F08F48
S21402EE2818750020F8B5064613F062F8811C0546E8
S21402EE3889B2304612F03AFFF0B1EDB129463046B3
S21402EE4808F000FC1228074616D80C4B691C1C5CF6
S21402EE5889B2304608F0F6FB2C44052FE4B205D1F9
S21402EE68052809D8064B1B5C1C44E4B221463046EA
S21402EE78BDE8F84012F01ABF0020F8BD9649050012
S21402EE8890490500F8B5054612F03DFF04462846A7
S21402EE9810F0E1FDA11C074689B2284612F006FFCB
S21402EEA800283ED0002C3CD02146284608F0CAFB53
S21402EEB80646611C284689B208F0C4FB0F2E30D8D5
S21402EEC8194B9B5DE118731E89B2092B0ED8DFE831
S21402EED803F009050D0D120D0D181E1EC40644BFBB
S21402EEE8083189B2820601D5083189B22846BDE8BA
S21402EEF8F84012F0DBBE7B78DB0612D501EB400148
S21402EF08F3E700F01F0000EB40000144EDE71F287E
S21402EF1805D8092E0ABF4000022080B2F5E7C828A5
S21402EF28E4D00020F8BD00BFA9490500F8B506469A
S21402EF3810F091FD09220021054614F05DFC00F14F
S21402EF481004284615F06FF9E4B207462146304603
S21402EF5808F078FB0546304614F02AFDBA05A0EB01
S21402EF680403DBB20AD47C2D0AD0082D0AD8064A36
S21402EF78505D98428CBF00200120F8BD1220F8E7A9
S21402EF880320F6E7FF20F4E7BA490500014B187894
S21402EF98704700BF797F002038B5114B04461B78AE
S21402EFA808469BB9012038BDA24205F101050FD1DA
S21402EFB803EBC1035B6898470028F3D11E2022465C
S21402EFC84FF6FF7115F0F8F80020ECE70025054B20
S21402EFD8E9B213F83120002AE6D11446EEE700BF5C
S21402EFE8797F0020604905004FF6FF7307B50222B5
S21402EFF80DF106010348ADF80630E2F71DF803B036
S21402F0085DF804FB603202E0002307B5ADF8043071
S21402F018134B984221D10B88DA0703D5232003B075
S21402F0285DF804FB9B0748BF4FF47F434FF002028C
S21402F0380C480DF1060148BFADF80430E1F7D0FFE1
S21402F0484FF6FF73BDF806209A42E7D1022205481A
S21402F05801A9E1F7F1FF0020E1E72120DFE700BF81
S21402F0681FD1BACA603202E0002313B50222038017
S21402F07804460DF106010F48E1F7B2FF2D2801D02C
S21402F088112805D14FF6FF73ADF80630FFF7ACFF2F
S21402F0989DF80630BDF806201BB1238843F001030D
S21402F0A823800020FF2A82BF238843F0020323809E
S21402F0B802B010BD603202E0034B1B78002B14BF6F
S21402F0C8442056200E3070478E7400202DE9F04FEB
S21402F0D88DB0179C06468946CDE90223BDF85870BE
S21402F0E8D588ADF816103CB9EC0605D500970EF093
S21402F0F8CCFD0DB0BDE8F08FC5F380242B054FEA92
S21402F108043448BF44F40064A80511D544F08004CA
S21402F1180A2E00F26981DFE816F09A002F0017001F
S21402F128370067016701370010009A0037009E0013
S21402F138E90548BF44F04004EAE74FF001084FF0FB
S21402F148020B4FF0000A14E008A95FFA89F012F0E1
S21402F15850F8DDF82500DDF8291006AB03C3A44BEA
S21402F16833F81930ADF816304FF00008C3460DF1E3
S21402F178180A002F5DD125E006AA0DF116015FFADE
S21402F18889F003F003FCEFE74FF6F773994540F270
S21402F1982B8115F4026F40F02781964B1B78022BC1
S21402F1A803D0043B012B00F2218147BB032E4FF00C
S21402F1B801080CBF4FF00C0B4FF0080BBA4624F4AC
S21402F1C8C074A4B28C4B18884FF6FF73984206D0C8
S21402F1D88A49F8F78FFF10B124F48054A4B2039B2F
S21402F1E838460093BDF81620534644F4027108F0D8
S21402F1F851FAADF82000002838D1192079E73846A8
S21402F20814F0D6FB0246FFF757FF032E08BF013855
S21402F218824201DD38206CE7032E4FF001080CBF4E
S21402F2284FF00C0B4FF0080B4FF0000A24F4C07492
S21402F238A4B2029B1B889BB91A463946062000933D
S21402F2480CF07AFB0028BDD140F6014051E74FF09A
S21402F2580008C34675E74FF001084FF0030B70E746
S21402F268002339461A4607200093E9E74FF6FF734C
S21402F278614A118899421CD010F0EDFB03465E4A9B
S21402F28804301188039314F0D0FF5D49039B097874
S21402F29814F4805FD9715949574A1FBF08689860A5
S21402F2A84868D8604FF6FF7313804FF0FF330B6041
S21402F2B84B605946029A08A808F0A8FA00289CD07B
S21402F2C8504C2378002B3CD1A7B1384614F070FB7B
S21402F2D80746BDF8200014F06BFB23780744002B82
S21402F2E814BF12220022EB1003F0040317443B4417
S21402F2F8842B8FDC15F400570AD0BDF82040204630
S21402F30810F09CFA40F4806189B2204610F081FA27
S21402F318A6F10803012B05D801221021BDF820000A
S21402F32810F07DFA179BBDF8204043B32046BDF87F
S21402F338161010F0C7FABDF82030179A002013806E
S21402F348D7E6AA06C0D56B0103F020030A2E14BF1F
S21402F35843F0010363F07E03DBB2B8F1000F08D076
S21402F36800215246009108A800F086FE0028ABD07D
S21402F378BFE61A46514608A811F019FEF6E72046D7
S21402F38812F0C1FC179B02462146042000930CF09B
S21402F398D3FA00283FF458AF0A2E18D84FF4D96388
S21402F3A8F340DB0713D5072E0AD00A2E08D0BDF87D
S21402F3B8200011F00FF980F00100C0B2800098E634
S21402F3C808A80EF0EAFF0028F1D0042091E617B14B
S21402F3D825F04005ADB22B463146BDF820005FFA4F
S21402F3E889F201F01BFF84E6012082E6162080E6F9
S21402F3F8D26A002092740020E67E00207A7F0020DF
S21402F408537500208E740020F7B50F469DF8281015
S21402F4180446DDE90B061D46F1B94FF6FF739C421A
S21402F4281CBF174B1C804FF000041CBF154B1A70EC
S21402F438BDF8240008F080FA00232A46CDE90043E6
S21402F448394606209DF82030FFF740FE10B90EB167
S21402F458AB7A337003B0F0BD78B14FF6FF739C42B7
S21402F4681FBF074B1C80074B1A70002210F00EFBBA
S21402F47804460028DCD11920ECE72120EAE700BF81
S21402F488E67E0020537500202DE9F04788469DF851
S21402F4982810074616461D469DF820A0BDF824905B
S21402F4A80B9839B158B3002210F0F0FA044610B996
S21402F4B8192025E00C464FF6FF739D421FBF114BDD
S21402F4C81D80114B83F800A04FF6F7739E4208D8AA
S21402F4D80E4B4FF6FD761A784FF6FF73002A18BFC2
S21402F4E81E46484608F028FA00233A46CDE908435D
S21402F4F831464346BDE8F0470320FFF7E7BD212023
S21402F508BDE8F087E67E002053750020317400209F
S21402F5182DE9F04786B09DF838600546DDE90FA864
S21402F5280C4617469946B6BB374B1B78022B1DD19D
S21402F53825BB4FF6F7739C4214D80026484608F0B7
S21402F548FBF900233A46CDE900632146FF23284605
S21402F558FFF7BCFD38B9B8F1000F04D0BB7A88F8BB
S21402F568003000E0012006B0BDE8F087043B012B1E
S21402F578DED908460EF00EFF10B31DB3022D31D1A8
S21402F588ECF70CFEA042EDD9204B33F814204FF6C8
S21402F598FD739A4219E0BAF1000F32D01A4B1B7863
S21402F5A8022B05D1FFF788FDB042E6D23820DAE70B
S21402F5B8043B012BF6D908460EF0ECFE0028F1D1E2
S21402F5C81620D0E74FF6F7739C42CBD8002EB4D05D
S21402F5D831460022504610F059FA06460028ADD1A8
S21402F5E81920C0E7012DBDD104AA0DF10E01E0B223
S21402F5F803F0CCF9064B1B78A342B3D9BDF80E200C
S21402F608C5E72120AFE700BF92740020D26A002027
S21402F618487F002030B5104B87B005460C46186860
S21402F628596803AA03C298680C4910609A88DB884E
S21402F63852BA23F04003ADF812300023CDE9004356
S21402F648ADF81020FF23098803AA0720ADF80E504C
S21402F658FFF73CFD07B030BDFA6D0020066E0020AD
S21402F66838B50C461146124A124D108022682A6096
S21402F67862686A60A268AA60E288500616D5EA88B6
S21402F688520613D561B10022184610F0FFF901465A
S21402F69850B16088FFF7BEFF0522074B1A7038BDC7
S21402F6A8084612F071FAF2E71920F5E70220F6E7A3
S21402F6B8066E0020FA6D0020647500202DE9F04FD2
S21402F6C8074689B0104615461C468A4612F01BFBAA
S21402F6D80146284607F0B6FF0646284610F0BBF94C
S21402F6E8043014F0A0FD804610F055FB804550D03B
S21402F6F8B2074ED1DFF8AC80284605A9B8F800B0A4
S21402F70812F007FC9DF81930A8F8007003BBBDF884
S21402F7181430EBB9284610F09EF9023014F083FD37
S21402F7284FF6F773984294BF4FF000094FF001095D
S21402F73801230134E4B22A463846CDF8009005A9DA
S21402F748039303F0C5FE039B40B901339C421ED2C5
S21402F7580020A8F800B009B0BDE8F08F022CF8D156
S21402F768012BF6D10C4A0D4BA3F800A01378591CAE
S21402F77811700B4A7F3B16F00C01137007D1BDF8C7
S21402F7881A305B0603D5BDF81600FFF743FF0223BF
S21402F798D1E70020DFE700BF90740020E67E002055
S21402F7A853750020066E00202DE9F04FABB00F46C9
S21402F7B8ADF81E0010F04FF900F1020A0646504650
S21402F7C814F031FDBDF81E400546204612F09BFA9D
S21402F7D80146204607F036FF814600F00308301D32
S21402F7E814F021FD434C208010F0D5FAA8422DD003
S21402F7F84FF6F7739D4229D87378DA0726D4284637
S21402F80811F051FE30B101232946BDF81E2020888A
S21402F818FFF754FF10F0BFFA364B1B8883420FD10E
S21402F828BDF81E40204612F06EFA0146204607F042
S21402F83809FF10F00C0103D1BDF81E0001F0ACFD63
S21402F84800222D4B1A602BB0BDE8F08F2B49BDF86D
S21402F8581E0012F05EFB2A49BDF81E0012F09DFA41
S21402F8680028274B08BF0023234ABDF81E00136052
S21402F87810F07DF8234B1870BDF81E0010F07CF8C7
S21402F888214B1870BDF81E0010F081F81F4B186047
S21402F89800238DF82230002F3ED0184BDB889B06BB
S21402F8A83AD510F078FA10B3194B1B689D071ED488
S21402F8B8B8F1010F14BF082318230DF12202009293
S21402F8C800220DF11E00114600F0D6FB20B3B8F157
S21402F8D8010F9FD10F4B1B78112B9BD111F006FC01
S21402F8E8002897D140F61D40F9F7E2FF92E7082371
S21402F8F8E3E700BF066E0020F8660020FA6D0020D7
S21402F9084B7500204575002044750020E4660020EB
S21402F9182459002092740020504614F084FC824633
S21402F928BDF81E0014F044F8A0F11005EDB22A4600
S21402F93831460AA8EFF77CFFFF238DF82F304FF6E3
S21402F948F7739A4540F2DF80B8F1010F00F0E780BE
S21402F958B8F1020F00F04681B8F1000F7FF45AAFF3
S21402F968A44DBDF81E00EB88ADF82400049310F0F1
S21402F97872F8BDF824600746304612F0C4F901460C
S21402F988304607F05FFE8DF82300B81C7E7814F028
S21402F9984AFC074610F0FFF906F00106B4F8009094
S21402F9A803906C88002E7FF435AF4FF6F77A4246FE
S21402F9B8494657458CBF0620082014F0FDFBBDF8C3
S21402F9C824B0584612F09FF9594602464346042088
S21402F9D8CDF800800BF08DFF574583460AD8B5F957
S21402F9E80620EB88002A05DB580603D54146204642
S21402F9F8FFF710FEBBF1000F3FF40CAF2B88002B6D
S21402FA085AD16B79002B57D14FF6F7730DF12601B1
S21402FA189F42BDF8240094BF4FF0000B4FF0010B35
S21402FA2811F046FCDFF8D8A100F1FF38BAF800302A
S21402FA381FFA88F10593EB88BDF82600069307F0AF
S21402FA4801FE069B04990190009322465B460598A0
S21402FA58C1F340110EF0ABFC00283FF4DBAE0423E2
S21402FA6806200093BDF82610624B5FFA88F20BF068
S21402FA7840FF00283FF4CEAE48F202036A889A4254
S21402FA8805D1BDF82410BAF8000000F08DFF594DD4
S21402FA9809AA29460DF123000EF087FC0346002822
S21402FAA87FF4B8AE2104BAF80000BDF8242060D569
S21402FAB82346294611F011FC9DF823304D4D03F0DC
S21402FAC80C030C2B75D1288911F0D2FB00283FF4C1
S21402FAD8A1AE039B002029894B4514BF02260326A4
S21402FAE802F02CFE444B18704FF6F7739F42BDF88F
S21402FAF8240075D8A4F138025342534132463D4990
S21402FB0804F066FC86E6B8F1020F6BD0394BB3F9FF
S21402FB180630002B26DAB8F1010F7FF41DAF10F07D
S21402FB283AF9238883423FF475AE0520BDF81E10C5
S21402FB38FFF732FA00283FF46DAE2E4AD3885B06EA
S21402FB4807D50023CDE900330A20FF232188FFF7D3
S21402FB58BDFA3A469DF822302188BDF81E0002F00A
S21402FB6823F957E629460AA800F070F80028D2D0EA
S21402FB7850E60221DFF88C8088F800102946CDF876
S21402FB8800B003F0A5FC132C96D0EB885D0493D442
S21402FB981A4B1B78D80703D598F80020022A8BD070
S21402FBA899077FF537AE98F80030012B7FF432AE0E
S21402FBB882E700222B79124800936B791146008857
S21402FBC802F0E4FD0C4B18709DF8233003F00C038A
S21402FBD8082B89D1039B4B4514BF0426052683E7C9
S21402FBE801238BE74846BDF81E20024901F048FB70
S21402FBF810E600BFFA6D00206375002033740020FB
S21402FC08066E00205475002010B5002108480FF033
S21402FC1898FF044650B101460420FFF7BDF928B103
S21402FC282046BDE810400121FFF7BEBD10BD00BF4B
S21402FC38EA6D0020034BFF211A7803489200EFF77B
S21402FC4867BC00BF497F00204C55002070B5451898
S21402FC5804464FF0FF31AC4212D1104B10481A78C6
S21402FC6805460023934211DB0E4C2078431CB3FB57
S21402FC78F2F602FB163345F82010237000200CE03B
S21402FC8814F8010BE0F70CFB0146E4E750F8044BC6
S21402FC98A14201D00133E5E7012070BD497F00206B
S21402FCA84C55002055750020042307B501200DEB9E
S21402FCB80301054AF7F744FD019B044A1B03136038
S21402FCC803B05DF804FB00BF23E11100F4660020D0
S21402FCD8014B1868704700BFF4660020014B18688D
S21402FCE8704700BFF466002010B5064C2368C3F3BD
S21402FCF80B0313B90448E1F763F92068431C236031
S21402FD0810BD00BFF466002023E111002DE9F04F74
S21402FD1893B003930023DDE91C79069399F8003023
S21402FD2883460DA804930E4615460DF0B7FF99F8BC
S21402FD38003013F003043ED0039B0DF1250A8DF81C
S21402FD4824300022082138460FF0B7FF002870D06A
S21402FD5828880FF080FE99F800301C074CBF043044
S21402FD68023014F060FA07A98046F7F7D7FE9DF826
S21402FD7824300446980633D5288806F10D0111F07A
S21402FD8895FFA8B100230093384608232988721DD8
S21402FD9814F04EFB99F8003003F01803182B4AD1DA
S21402FDA8B8F1000F47D0A94BB3F86830434542D0A4
S21402FDB840F60A4327E02888711D11F077FF0028CD
S21402FDC8F6D0009405233246298809A814F030FB99
S21402FDD89DF824300DF1240A03F018030393B0E7C4
S21402FDE814BB39464046F8F785F90028D2D099F868
S21402FDF800309907DCD0402322462146404611F0BF
S21402FE081AFB40F6094399F8002012F0030440F062
S21402FE18F780288803930FF081FD224601461A20B0
S21402FE2814F0CAF9039BEBE007AB03CB38607960A2
S21402FE38B0E74FF6FF780EF09BFA044620B104218D
S21402FE483846F7F793FE04461E9B002B5AD0092322
S21402FE581E990DA88DF834300EF09AF8209B0BB137
S21402FE68209B0693039B002B40F08E800DA8ECF790
S21402FE7873FE99F800309A0700F09880FFF734FF6F
S21402FE885146024601200EF0BFFA99F800309B0749
S21402FE9810D55946288812F002F80BF1090350FAD1
S21402FEA883F35FFA83FB5946288811F0CFFF00EBED
S21402FEB80B06F6B299F8003013F0C20F0AF10403E3
S21402FEC80DD09DF82420624942F020028DF82420A5
S21402FED80A68CAF804204A685A600AF10C03012222
S21402FEE809A800921B1A324629889BB214F0A0FA77
S21402FEF8324659462846FEF7DDFE002800F0A48062
S21402FF0800237DE01F9B5BB19E460DF1340CBEE8D4
S21402FF180F00ACE80F00DEF80030CCF800309DE7A2
S21402FF28049B594603F020032888049307F08AFBAB
S21402FF3810F0030F0CBF012300230593049B059AB8
S21402FF48003B18BF012342EA430300930DAA06ABFF
S21402FF5838461F9900F01AFB049A034682B1002815
S21402FF6880D0059B0DAA0093384606AB1F9900F071
S21402FF780DFB034699F8002022F0200289F800209B
S21402FF88002B3FF46FAF3EE7039B102B06D1BDF85C
S21402FF98363043F00103ADF8363067E7039B182B7B
S21402FFA84FD1BDF8363043F00203F4E701200DF1D5
S21402FFB825010EF037FA99F80030824613F0040F3E
S21402FFC8288821D1069B1BB3002C35D00FF0A6FC3F
S21402FFD800220146162014F0EFF884B17FB14FF6DE
S21402FFE8FF7398450BD000230DA91A4638460EF023
S21402FFF8EFF8394640469DF835200EF0D1F9012330
S214030008184613B0BDE8F08F002CDFD1104F01E07F
S214030018002CDBD100233246009359463B4610F0AA
S214030028C6FE00283FF4C4AE002C3FF469AF069A18
S2140300380AF10103136063E71B685345C6D8012416
S214030048E8E740F60A43DBE71923D9E7DC6500202F
S21403005818750020002307B5054A064813600422CE
S2140300680DEB02010193E0F7E7FF03B05DF804FB2D
S214030078F466002023E111002DE9F04F0446B1B0E1
S21403008800888DF82F3016468A4611F03CFE014646
S2140300988146208811F0DAFE00EB0908208811F063
S2140300A827FF00239DF82F505FFA88F815F00107FD
S2140300B80790ADF8363008D101460DF13602208890
S2140300C811F0AEFD08B1ADF8367016B9CDE90E6677
S2140300D80EAEFEF73BFB18B145F020058DF82F5002
S2140300E80023CDE9033302930DF12F03CDE9006313
S2140300F82246534641464846FFF708FE054600286B
S21403010800F0CA809DF82F3013F0010747D123F07B
S21403011820038DF82F300FF03EFE68B17C4A10ABF3
S2140301281068516803C3184600F002FA0546FEF73E
S2140301380FFDBBB298423BD83A9B13B100233A9AB9
S2140301481370BDF83630CBB10121208813F04CFC70
S21403015827880546002800F0CA800121384613F090
S21403016843FCBDF836700546384613F021FC0023D9
S21403017800903A461946284611F0D5FC0023CDE9E7
S214030188033302930DF12F03CDE90063224653464A
S21403019841464846FFF7BAFD054600287CD00FF0CF
S2140301A8FAFD002840F0BA80284631B0BDE8F08F43
S2140301B818AB14AA26A9F8B20EF05FF8002840F088
S2140301C89480082210A927A8EFF7EEFC8346ADB162
S2140301D89DF8A53013F0020F08930FD0082212A932
S2140301E827A8EFF7E1FC48B9089B590706D53A9BB9
S2140301F813B101233A9A1370089507E03A9B002B2C
S21403020861D1BBF1000F70D1002308930DF1740C74
S21403021814AB0FCB8CE80F00BDF83630CBB10121F9
S214030228208813F0E1FBB4F800B000284FD0012172
S214030238584613F0D9FBBDF8362083461046099274
S21403024813F0B6FB00231946099A0090584611F096
S2140302586AFC304B0DF1740B0493002303930DF1E2
S2140302682F03CDE900632246534641464846CDF858
S21403027808B0FFF74BFD002837D1002D33D012AA5C
S2140302885B464FF482714FF4005000F0D9F8089B90
S21403029813B126A80DF0FDFD0FF07DFD88B11E4BAA
S2140302A81B689A070DD4FEF751FA50B1184A18ABD3
S2140302B81068516803C3002226A918A810F054FC36
S2140302C800BB002570E700233A9A137099E7BDF838
S2140302D836200A901046099213F06AFBDDE90923D3
S2140302E807990090B2E72A46CAE701371FE7BDF821
S2140302F836B0584613F05CFB2B4600905A463846F1
S214030308079939E726A918A810F06AFCD3E700BFAF
S214030318D86D040020590020245900209DF82F305A
S21403032803F01103102B7FF43FAF3E4B1B78432B90
S2140303387FF43AAF3C4B1B685B067FF535AF2088E6
S21403034808F1050111F0B2FC834600283FF42CAFF0
S2140303584146208807F076F9344B10F0200F08BF83
S2140303681E4612A800F0E4F80822314612A8EFF752
S2140303781BFC002852D0314612A80DF0D2FF0123E9
S21403038826AE00933246002314A912A800F0FEF8FE
S21403039800287FF409AF12AB0DF12F07CDE90360F0
S2140303A80290009322465346414648460197FFF774
S2140303B8ADFCA8B3BDF89A30102043F0080318AA7A
S2140303C814A9ADF89A3010F0ACFB00287FF4ECAE15
S2140303D812ABCDE90360CDE901700093224653467C
S2140303E841464846FFF792FC054600287FF4DCAEF4
S2140303F818AB4FF49071002012AA00F021F84FF0C2
S2140304080051002010F027FEBBF1000F3FF459AF50
S2140304184FF08051002010F01EFE52E78346AEE7E9
S21403042814ABE6E7927400202459002046660020A1
S21403043801461A230120014AF7F782B924E101008D
S214030448F0B5164691B0074609A80D461C46FFF7B1
S214030458EFFF3EB1336845F04005CDF826307368A4
S214030468CDF82A301B4B1A6822EA070242EA05012E
S21403047819604B040DD5BDF824200B0A03F4E24398
S214030488C9B222F4E3420B4322F07F021343ADF8CA
S21403049824301A230020104A09A9F7F751F9B4B1F2
S2140304A804A80DF0FBFB02236A468DF810301546A8
S2140304B8234604F11006144618685968083303C41B
S2140304C8B3422246F7D1294604A80DF061FD11B0C0
S2140304D8F0BD00BF2459002024E1010047F2FF10B5
S2140304E8044B196841F48042014041F480411A6084
S2140304F810F0B1BD2459002000B589B0FEF7BCFB47
S21403050801A8FFF795FF0948BDF804200168130200
S21403051821F0FF0103F4E2030B43D2B2134343F47F
S2140305288043036009B05DF804FB00BF245900202C
S21403053810B50C4B0446186888B0830706D54FF0E9
S214030548FF3323600120636008B010BD10F040003D
S214030558FAD001A8FFF76CFFDDF806302360DDF854
S2140305680A30EFE72459002008B5074B02461B68F4
S21403057813F0400305D118461946FFF761FF01201B
S21403058808BD0020FCE700BF245900202DE9F047EA
S2140305989EB080460C461D4691469DF898A0A2B18B
S2140305A8164630460DF07AFB1AF0020F0FD004B940
S2140305B817AC22463146404601AB0DF03CFE0DB162
S2140305C800232B601EB0BDE8F0870DAEE9E701AB4C
S2140305D83146404605AA0DF0FBFD73780AF0010A7A
S2140305E8FF2B26D0002840F0B68054B105AA09AFE1
S2140305F8134603CBBB42206061601A4604F1080425
S214030608F6D125B17278554B03EB82032B60BAF10A
S214030618000F01D10020D5E7BDF80430D906F9D478
S21403062818204FF6FF71727813F0C6FD40F60E4099
S214030638C8E74B4F3DB10FF0AEFB10B13B689A07C6
S2140306482BD500232B603B6803F03003102B01D017
S214030658202B24D117A8FFF7EBFE082240460DF1FE
S2140306685E01EFF7A1FA20B13B6803F04403402B81
S21403067815D0BAF1000F15D109A810F0F0FC022323
S2140306883370002C4CD1B9F1000FC3D00FF083FBA5
S21403069860B3301DFFF74CFFBCE7324BD2E740F69A
S2140306A80A408FE73B68DB03E6D509A810F0D7FCBA
S2140306B80223337074BBB9F1000FB1D00FF06BFB94
S2140306C8F0B1301DFFF734FFAAE73B6803F0840355
S2140306D8842B2CD009AB0DAF1A4603CABA42206046
S2140306E86160134604F10804F6D105E025463B6825
S2140306F803F08403842B28D0301DFFF719FF26E068
S2140307083B68012503F08403F4E73B68012503F0FF
S2140307188403DDE70FF03FFB0028F6D00125D9E771
S2140307280FF039FB05460028CFD00025D2E712A8DC
S2140307380DF0B4FA022312A88DF84830ECF70CFA39
S214030748224608214046ECF75FF910237380002DF4
S2140307583FF460AF64E72D2034E700BFA8540020B9
S214030768245900202059002049B9084B197849B163
S2140307784EF66023594328B1054813F0E9B941F208
S2140307888831F8E70248F6F761BF00BF32740020E5
S2140307987058002070B586B005460FF0FCFA10B9FD
S2140307A8022006B070BDF7F745F80028F8D001A870
S2140307B8FFF7BEFE06460028F2D08DB92E4B1C68FE
S2140307C814F0020406D02D4B1B78112BE8D12C4BC2
S2140307D8B3F868404FF481630221ADF80C3023E088
S2140307E82846F7F70FFD0028DAD1234B1C6814F0C8
S2140307F8020406D0214B1B78112BD1D1204BB3F81A
S21403080868400822294601A8EFF7CEF90028E1D068
S2140308184FF4027300260A21ADF80C302B68CDF886
S2140308280E306B68CDF81230002203A80FF02EF9AD
S214030838024608B91920B4E70F4B196801F03003CC
S214030848102B17D0202B14BF01230323490001F0D4
S21403085804010B432046002101F09AF80028E9D04A
S21403086800210120FFF780FF16B10122054B1A70FD
S214030878002096E70323E9E7245900209274002012
S214030888DC6500204A75002030B5002585B0CDE923
S2140308980055F6F7DBFE0FF07EFA1E4C60B905F03E
S2140308A8AFFF0D25002108462170FFF75DFF294697
S2140308B868460DF04FF918E023784BB316491748E6
S2140308C80A780078904223D90132012B0A700ED198
S2140308D82A464FF4A071284602F012FDC0B2B8B9F2
S2140308E841F288310E4813F033F905B030BD022BB8
S2140308F809D1284602A9F7F7FDFB0028EED102A87E
S214030908FFF748FFEAE7032B02D101F0FBF9E5E717
S2140309180425C7E75675002057750020827F0020F8
S2140309287058002070B51B4A1B4D04465168106862
S21403093886B02E7801AB03C31EB10224204606B048
S21403094870BDF6F7CFFF0228F7D10FF024FA002878
S214030958F3D003A800F03AFE082201A90DF10E0011
S214030968EFF722F9A0B10D4B32464FF4A07130468B
S2140309781C7002F0C5FC04460028DFD10123084A90
S21403098841F2883107482B70137013F0E1F8D5E766
S2140309982324D3E7C349050056750020827F002029
S2140309A85775002070580020F0B50C4600219BB000
S2140309B82B4F0646492207A80691EEF7A9FD3B7872
S2140309C8012B34D19EBB0DF10E01204610F070FCAE
S2140309D80546BDF80E0012F0EBFF441BE4B2BDF863
S2140309E80E1023462A46009606A813F021FD304625
S2140309F804A9F7F77FFBD0B9CCB19DF81920B2B993
S214030A08BDF8233003F47E43B3F5285F1ED3B3F54E
S214030A18385F0ED31349BDF80E000B6843F4000382
S214030A280B6029460DF097FC18B104233B701BB0E6
S214030A38F0BD01220C4B04A81A70FFF7ABFE41F277
S214030A4888310A4813F084F80223EFE711463A7010
S214030A58FFF78AFE1E2104A80DF07CF8E7E700BF1F
S214030A68567500202459002057750020705800201A
S214030A78014B1870704700BF57750020014B187854
S214030A88704700BF56750020014B1870704700BFAB
S214030A98567500202DE9F04F0446408891B00E297C
S214030AA88846ADF81A0079D094F80890A7790EF01E
S214030AB8D2FF09A90546BDF81A00E67911F029FA06
S214030AC8BDF81A000EF0BAFE420542BFBDF82A303A
S214030AD843F40053ADF82A30E379DB0642BFBDF88A
S214030AE82A3043F48053ADF82A30BDF82A309806E6
S214030AF813D5022F57D10CA9207A10F07AFBDDF80C
S214030B083500DDF8391007AB03C307AA0021042311
S214030B1800910DF11A00FFF7AFFA0121BDF81A008C
S214030B2812F062FF022F824649D1474B33F8195019
S214030B38B8F1000F7ED0BDF82A2051067AD54FF6B5
S214030B48FB739D4276D8414B1B78033B012B04D895
S214030B583F4BB3F86830AB426CD0D30502D5284672
S214030B6810F029FDBDF82A30D80463D5002F33D1F9
S214030B78BDF81A000EF062FEC10663D548F23403C8
S214030B88BDF826209A4209D1324E3078FF2805D080
S214030B9803222946FBF782FBFF23337000232360D7
S214030BA811B0BDE8F08F012F01BF237A2A4A03EB61
S214030BB8430302EB830314BF00229A1CA6E7012F04
S214030BC805D10C2303FB09F3234AD55AB0E7A81C1F
S214030BD813F029FB0546ABE7284601F0F7FEBDF8F8
S214030BE81A000EF02BFEC206C8D463895046059336
S214030BF812F0DEFE8346504612F0BEFE059B0290B8
S214030C085FFA8BF04A46394601900093404609AB93
S214030C180CF038FFB8F1000F14BF0B20092016F0AC
S214030C28030218BF02F1FF32294618BFD2B213F0E7
S214030C38C3FAA3E7BDF81A000EF000FEC3069DD458
S214030C48002FD2D1A946D0E7D26A00209374002099
S214030C58DC650020867F0020126A002038B5002451
S214030C680F4B104D2A78A24205D8C2B9BDE83840C2
S214030C780D48F6F7EBBC598869B9013AD2B2A242D5
S214030C882A70EFD0121B184603F110011201EEF773
S214030C9891FC0346E6E701341033E4B2E2E738BDD5
S214030CA8AC5400205A750020F87D002070B51A4B06
S214030CB81A4A1D780023DCB2A54200D870BD144634
S214030CC866880133864202F11002F4D1E379A588D7
S214030CD8E16003F040028DB9CAB123F00403E3715F
S214030CE80EF0B9FE037803F07F030370218800290A
S214030CF8E4D1BDE870400A4812F02ABF0021658097
S214030D08A180002AE9D1BDE87040FFF7A7BF2046B7
S214030D18FFF7C0FEF7E700BF5A750020AC54002063
S214030D28F87D00202DE9F047044686B040880F4634
S214030D3815460EF090FEA3798046082B52D8DFE8B6
S214030D4803F0052E1851515151510500023013F086
S214030D586AFA002D4ED06946F7F7CCF9002841D138
S214030D68684601F0DDFEB0FA80F0400906B0BDE83B
S214030D78F08702A9207A10F03CFA6B466E46DDF837
S214030D880D00DDF81110334A03C3237A32F81390A3
S214030D98314AD05C75B1314610F04FFAE6E7237A4C
S214030DA82E4903EB430301EB830231F82390907A31
S214030DB8961CEFE74FF6FB7AD14515D9304603F074
S214030DC8ADFF4FF6FF739842054615D001463046E9
S214030DD801F018FE554508D9E379DA060ED440F62D
S214030DE82243E3600020C1E74D46294608F1020086
S214030DF813F01BFA0120B9E74D46EDE74FF6FC78EA
S214030E08454512D103F00C030C2B1CD1DFB1304639
S214030E184FF6FD7101F0F6FD40F61F412046E160EE
S214030E28FFF738FEFFF71AFFDCE74FF6FD739D4220
S214030E3809D10023304619461A4602F02DFB4146CF
S214030E48304601F0DFFDE37943F00C03E37140F627
S214030E582343C6E7D26A00203E740020126A0020A5
S214030E6873B5044640880E460EF0F5FD023013F0BF
S214030E78DAF90DF08FFA18B1A11C201D0DF08FFAC0
S214030E88E6B1E5790135EDB2E57115F0400514D004
S214030E98EBF77EF90122054600212046FFF742FFBD
S214030EA818B1394B1B882B449DB2384B1B78042B3F
S214030EB801BF354B1B885B199DB22580002231463E
S214030EC82046FFF72FFF20B360880EF0C4FDE279B3
S214030ED82F4922F00C03E3710B7805460133DBB286
S214030EE80B70C3712B4BA61C1B780BB3E3799806C0
S214030EF81ED52949097871B159060CD592070AD522
S214030F0800220423114630460092FFF7B5F810B1C5
S214030F18E06002B070BD00220123114630460092FD
S214030F28FFF7AAF820B1E37943F00303E371EFE789
S214030F3830460DF032FA0028EAD16088FBF77EFDCA
S214030F480328E6D8DFE800F0020D1D19E37943F01D
S214030F580403E3711B06DCD5104B1A78104B1A7082
S214030F68D7E740F62443E360E37943F00803E371E5
S214030F782B7803F07F032B70CBE740F62543E3601B
S214030F88C7E740F62643FAE7BE7E002093740020A0
S214030F98907400208E740020837F0020367400200F
S214030FA8597500202DE9F74F064613F052F85F4BA4
S214030FB80546B3F8009018805D4BA0EB09041B7830
S214030FC8A4B2A34298BF00234FF000084FF6FF775A
S214030FD888BF1B1B564A88BFDBB21370DFF864B1A1
S214030FE8A9EB00030093534B5FFA88F219789142F2
S214030FF80ED80EB1FFF732FE4FF6FF739F4200F08E
S2140310088E8039464C4803B0BDE8F04F12F0A0BDB9
S214031018BBF80220002A3CD0484B9BF807201878D8
S214031028BBF800A0042818D00020BAF1000F08BFA8
S214031038A2462044504523D2BBF80010009B19440F
S214031048ABF80010002E4ED002F04802482A4AD1C8
S21403105800215846FFF704FF45E00192F6F790FF94
S21403106830F01003019ADFD1FAF702FD344B019AE8
S214031078B3F800C08445D7D9ACEB000080B2D4E7F8
S21403108802F00C00042807D10022ABF800200BF16D
S214031098100B08F10108A6E7510602F0030C02F04C
S2140310A808000ED528B3BCF1030F25D1DEB1DBF853
S2140310B80C105846002908BF4FF44261FFF7EAFCB4
S2140310C811E040B3BCF1010F25D11206EED44FF45C
S2140310D8C862ABF800209BF8072022F0030242F010
S2140310E802028BF80720BBF80020974228BF174652
S2140310F8CDE703208445D9D213060ED50C4B1A78B0
S2140311080AEB0200844208DA4A44521B0AEB02013D
S214031118ABF80010E7E70120ECE7012199E706485A
S21403112803B0BDE8F04FF6F791BA00BFF06D0020A4
S214031138597500205A750020F87D00209374002006
S214031148BE7E0020AC540020F8B500250A4E0B4F8F
S2140311583378ECB2A34204D8BDE8F8400848F5F75C
S21403116885BF07EB0414A01CF5F780FF201DF5F7D1
S2140311787DFF0135ECE700BF5A750020AC5400200C
S214031188E66D002070B500240B4D0C4E2B78A34259
S21403119808D81B1BDBB22B706BB9BDE87040084838
S2140311A8F6F754BA06EB041040F621410134FFF76C
S2140311B871FCE4B2EAE770BD5A750020AC5400200F
S2140311C8F87D00202DE9F041002506462F46114CF0
S2140311D8DFF8448098F80020EBB29A4203D8BDE8BB
S2140311E8F041FFF73BBD60880EF035FC023013F084
S2140311F81AF8B0420AD16088F8F74AFA00230E2193
S2140312081846628803F086F927806780103401350C
S214031218E0E700BFAC5400205A750020F8B5154E19
S214031228DFF858E035789EF800E0134FAE454FEAEE
S214031238051C07EB051419D0002503F4835343EA6A
S2140312481323A1712272E371608027F80C50A580DE
S21403125806F078FB40F60243E36033786081013397
S21403126828463370FFF79EFE2846F8BD40F603402F
S214031278FBE700BF5A750020AC540020477F0020C8
S2140312882DE9F04F344B0D461C78174685B05CB9EC
S214031298B1F90680DFF8C890DFF8C8A0DFF8C8B051
S2140312A899F80030A34202D805B0BDE8F08F0AEBE0
S2140312B80416B08800B9708801A910F02AFEAA7A25
S2140312C89DF80E309A4244D1B8F1000F0FDA297A06
S2140312D89DF80C202B89914209D8204800780844A9
S2140312E8824236DA521A1B0A1341D90731D53846D1
S2140312F810F0FEFDBDF80A3004469A0602D5EB88C0
S2140313089B06D1D5F37903F00C03042B08D1708818
S214031318F8F7BEF9002372881946184603F0FAF858
S21403132800213046FFF7B6FBFFF798FC384612F065
S2140313383FFB844208D2337A01228BF800302946D1
S2140313480023384603F044F8B8F1000FACDA00245B
S214031358A6E70134E4B2A3E758750020467F0020C9
S2140313685A750020AC5400206375002008B512F0A7
S21403137870FE074B1B88C01A80B2B0F5807F05D96C
S214031388BDE808400021034812F0E2BB08BD00BFD1
S214031398F06D0020F87D00202DE9F04788B004465C
S2140313A80D4610F0B0FC0146204606F04BF910F047
S2140313B8030340F0848010F00C0F06D1294620461C
S2140313C808B0BDE8F047FFF771BC20460EF036FAC2
S2140313D8C10659D4204610F096FC0146204606F06E
S2140313E831F9074620460EF036FB0646023012F061
S2140313F81AFF05A98046204607F00C0796F806A0AC
S21403140810F087FD73780C2F0CBF032706270121DE
S21403141813F0010F204618BF032712F0E5FA2B4BEB
S21403142881461B78033B012B1DD9BAF1010F1AD944
S2140314384FF6F773984502D8337A1F2B13D9301D06
S21403144812F0F1FEF17982460EF00BFF064650467F
S214031458F7F726FDDEB173685A1C04D0834340F6BB
S214031468284308BF1D461A4B1B88A34212D1B5FA58
S21403147885F04009FAF7A6FD20460EF00DFA00227D
S2140314880146072012F098FE08B0BDE8F08740F63C
S2140314982845E8E706F056FA8246484612F088FAE0
S2140314A80646484612F068FAF6B2029042463946AD
S2140314B82846CDE900A605AB0CF0E4FADCE7012BD9
S2140314C8E2D110F00C0FDFD178E700BF9374002049
S2140314D8E66D0020002210B5094B1C78094BD1B2E3
S2140314E88C4201D8002010BD197A814202D199791D
S2140314F8022902D010330132F1E70120F3E700BFD7
S2140315085A750020AC5400200146002210B5084B3B
S2140315181C78084BD0B2844201D8002010BD187A34
S214031528884202D198790128F8D010330132F1E7BE
S2140315385A750020AC540020002210B40A4B1C78BD
S2140315480A4BD1B28C4203D85DF8044BFFF786BB2F
S214031558197A814205D19979012902BF0021198098
S214031568598010330132ECE75A750020AC5400203A
S214031578044B1B6813F0300F03D0202130200FF0E4
S2140315886ABD704724590020002310B5044608494D
S2140315981A4601EA00414FF07F60FEF751FFE30762
S2140315A803D5002130200FF056FD002010BD00BFE4
S2140315B800007207044B5B8823F4784323F08D03FB
S2140315C803800020704700BF2459002008B5002276
S2140315D80346C3F80220C3F806200B4A02301268F3
S2140315E8D1B212F0200F18BF41F0100119809307EB
S2140315F801D4FEF79DFF054B1B78023B032B8CBFDC
S2140316081720002008BD00BF24590020927400202C
S21403161838B505460C46FDF72FFB98B10E4B1878E0
S21403162878B10E4B1B681A040FD58CB113F0420F12
S21403163800D17DB103F44073B3F5407F0CBF00209F
S214031648232038BD40F60840FBE740F60B40F8E792
S2140316582046F6E72320F4E78E740020245900205A
S214031668F0B504468DB007A80D4616460CF016FBD3
S2140316781022002103A8EDF74BFF5CB1234603AC09
S21403168803F11007224618685968083303C2BB4299
S2140316981446F7D1012703A986EA070307A88DF896
S2140316A81C708DF81D300CF064FC80EA070401A852
S2140316B8E4B2EBF7AFFAB6B101A88DF80650EBF72C
S2140316C8D5FA64B1002303A907A88DF81D300CF0DA
S2140316D85FFC0C4B1B78432B01D1F7F7CFFC0A4B67
S2140316E81D700DB0F0BD01A88DF80750EBF7BEFAD4
S2140316F8002CF6D003A907A88DF81D700CF048FC3B
S214031708EFE700BF927400208D740020F0B5012522
S21403171893B007460DA80C460CF0C0FA05A90DA809
S214031728ADF834500CF04FFC01A8EBF773FA09A98F
S2140317380DA88DF835509DF806600CF044FC0DA8EE
S2140317489DF807500CF0D5FB70BB731BDBB2802BE0
S21403175828D91FB1A64225D0A54223D105A90DA88D
S2140317680CF016FC03A8EBF755FA03A88DF80F60E0
S214031778EBF77CFA0122294609A8FFF771FFF7F76A
S21403178833FD01214FF4007003F0E6FDFDF75CFA24
S214031798B0F1004F01D9FDF75DFA044B18780CF049
S2140317A8D7F9012013B0F0BD0020FBE78D740020A5
S2140317B870B50E46144605460320FFF765F946F04E
S2140317C80402294620460CF03DFC0022014B1A6011
S2140317D870BD00BF20590020F0B587B007880546BE
S2140317E81022002102A8EDF793FE3E4B1B78002B30
S2140317F876D1BC055ED407F08403842B63D000221D
S214031808394C11461046FFF72BFF17F4045F276081
S21403181805F102061CD0B9040AD5304605F0A4F92A
S21403182800284ED1236823F4005343F480732360BF
S21403183830460FF09EFC002842D10CF02BFA18B95C
S214031848236843F480332360236843F0200323602C
S21403185822680DF1060042F400432360FFF7AAFE50
S21403186812F4805FBDF8063031D043F02003ADF89C
S21403187806302168334611F0400218BF05F12302EB
S2140318884FF07F60FEF7DCFDBDF80630DA0703D5B8
S214031898002130200FF0DFFB23689B0506D50122C5
S2140318A895F8221005F11200FFF7DAFE00200F4B19
S2140318B8186006E005F112000FF05BFC00289AD0CA
S2140318C8292007B0F0BDB80799D52320F9E723F0F8
S2140318D82003ADF80630FDF7BDF9FEF7BBFBC8E7F6
S2140318E80220EEE792740020245900202059002095
S2140318F808B5054B1B7833B1FFF73AFEBDE8084039
S2140319080248FEF731BE08BD8E7400201875002005
S21403191810B5154B1B78D3B1144B1B78033B012B1F
S21403192815D900200FF0E8FE044698B1EAF760FCE4
S214031938237913F0300F0AD148B1012803F0CF02F8
S21403194806D0811E4B424B415B011343237110BDE6
S2140319581023FAE7F7F7DAF80028F8D021462046E6
S214031968BDE8104004F096B88E74002093740020E7
S21403197808B50EF010FA054B18B91868C0F38000BE
S21403198808BD1868C0F30050FAE700BF24590020C2
S2140319982DE9F04F064689461046002189B01546BC
S2140319A8984605F04FFE102807460AD86A4B0341A7
S2140319B8DB0706D4C8F340049DB9002009B0BDE888
S2140319C8F08F664B1C78002CF6D0FFF7D1FF002863
S2140319D80CBF4FF4F0744FF4D074FC4004F00104C9
S2140319E8EAE74FF0000A18F0010F53465246294615
S2140319F84FF00500CDF800A00CBF4FF0080B4FF4CE
S214031A08027B09F099FF0028D7D0C82332460093F3
S214031A1859465346284605F03DFEADF80E00002805
S214031A28CBD018F0080A4AD14FF6F773A7F10F027E
S214031A38D2B29E428CBF09230123012A01D843F060
S214031A484003474A8DF810301378591C11708DF8E7
S214031A581130002C4FD09DF81030052F43F020038B
S214031A688DF8103033D03F4B1D78002D5AD04FF6E3
S214031A78F77300259E424FF00F0248D9012304A9A5
S214031A880DF10E00F5F736FD002896D1002C4DD142
S214031A98BAF1000133463A4618BF0121BDF80E00D5
S214031AA8CDF800900CF080FCADF80E00002884D02A
S214031AB818F0040F4DD031460EF0A2FD7EE74946D6
S214031AC80DF10E0005F02AF80028ADD175E70121BF
S214031AD8BDF80E0011F088FF012105F0B3FD0123C0
S214031AE8834013F0620F1CD11E4B1B78E3B14FF6ED
S214031AF8F7731825BEE71B4B25461B780222002BD7
S214031B08BCD04FF6F7739E42B8D8052FB6D0BAF1B5
S214031B18000FB3D19DF8103043F040038DF8103012
S214031B28ACE710250F22A9E71825FBE7BAF1000F43
S214031B380AD002234A46009029460DF10E00FEF706
S214031B489BFA0028A4D038E741235246CDF800A0D4
S214031B58F2E70EF03FFD31E79FFEFEFF8E7400208E
S214031B688F740020807400202DE9DF431E46144B33
S214031B7880461B680F469B0791460A9C1BD4204643
S214031B8814B10CF0F9FBC0B20622CDE902403B467D
S214031B980020CDE900890B4910F035F8024650B10C
S214031BA80021002E0CBF01230323084604B0BDE81A
S214031BB8D043FFF7EDBE002004B0BDE8D08300BFD6
S214031BC82459002042E504002DE9F04F8DB08146E4
S214031BD88A461F4693469DF85C803AB903A8FEF7E3
S214031BE8A7FCB0BB00200DB0BDE8F08F1546002259
S214031BF8232110460DF04AFFADF80A000028F1D05D
S214031C0811F0BAFE0523044618F0100F00F8023B3D
S214031C18677020D011220021EDF77AFC04F1130631
S214031C28032F4FF0080237D159463046EDF7C2FC6A
S214031C38C8F3801306F1090533720CF099FB0028E4
S214031C483ED000232B706B700123033505F8013C47
S214031C5836E003ADCBE7012610221699EDF7AAFC6A
S214031C6806FA07F313F0620F02D104F11206D7E758
S214031C7807A80CF013F805A88DF81C60EAF7CAFF46
S214031C889DF8162018F0200F9DF8173008BF134646
S214031C9804F11306A374C3E751463046EDF78AFCEE
S214031CA8012306F10802121B28460093BDF80A1002
S214031CB8082392B212F0BCFB042F06F11005BCD021
S214031CC82D1BA9B20DF10A000FF005FF002889D1D4
S214031CD818F0040F0BD0484612F06EF8FF281FBF03
S214031CE8074A32F8103023F4804322F8103043466C
S214031CF851464846BDF80A20FFF74AFE73E700BF79
S214031D087A6D002070B5032690B08DF807600EF044
S214031D1842F818B90224204610B070BDF5F78AFDBC
S214031D280028F7D002AD2846FEF702FC0028F1D0BB
S214031D381B4B1C6814F00204ECD140F20F43194AFB
S214031D48ADF82430136804A8CDF826305368CDF8C8
S214031D582A300BF0A3FF95E8030005AB83E80300DE
S214031D68062304A88DF81D308DF81060EAF7F4FEF4
S214031D7801210DF12E020DF10700EAF745FE224672
S214031D881A2109A80DF082FE024608B91924C2E7EB
S214031D98012329462046FFF7FBFD0028BBD1F5E7BC
S214031DA824590020187500202DE9F04F06460F46E3
S214031DB8002199B01F2210A803930F91EDF7A8FBF3
S214031DC830460FF0A0FF0146304605F03BFC8DF881
S214031DD81B0030460DF03FFE9DF81B3045788146C4
S214031DE8C5F340059806304648BF45F0020510F08F
S214031DF87FF80446304611F0DBFD0023001B5FFA2C
S214031E0880FA00935346232B28BF232322463146C2
S214031E180FA812F00DFB002840D19E4B9DF83C807E
S214031E281B789DF83DB0002B3BD0FFF7A1FD00289B
S214031E380CBF4FF4F0734FF4D07323FA08F3D907A3
S214031E482FD5AA072DD4B8F1080F24D1BBF1040F58
S214031E5824D1FAF797FD08BB01232246009331469F
S214031E6805200DF11B0309F044FDB8B1A8F10508D8
S214031E78B8F10D0F12D8DFE818F02800A001C70143
S214031E88EC01F5011100110011001100FB019D0280
S214031E98A902D702D702B8F1050F08D019B0BDE8D2
S214031EA8F08FB8F1100F05D1039B002BF6D0FAF785
S214031EB869FDD1E7FAF766FD0028CDD0B8F1050F1E
S214031EC8CAD0B8F1110FC7D0E8E7BBF1050FE5D8BC
S214031ED830460DF023FD059009F1020012F0A3F930
S214031EE881460DF11E00FFF765FB01239DF83D7043
S214031EF8BB4013F06203039305D0BDF81E309B075F
S214031F0801D5AE07CAD50DF046FF0028C6D0FAF7A6
S214031F1839FD08B9002DC1D00DF13E0A50460FF021
S214031F2828F9039B0490BBB1032F9DF84EB01AD132
S214031F380DF14F040DF02FFF814540F01781032D57
S214031F48ACD19DF856105246003918BF01210DF141
S214031F584E000CF036FAA1E7032FDDF80CB07BD160
S214031F680DF14E04E6E74C4B1B689C0729D5FF2268
S214031F7808210DF157000DF0A0FE804608BB034666
S214031F8801460DF157020220FEF75AFA0DF003FF39
S214031F9881450DF157060DF14F0422D04FF6F7731E
S214031FA8994540F2E8800022082120460DF085FE78
S214031FB8002800F0E080002259465046FFF750FB01
S214031FC86CE70DF157060DF14F0430460FF06BF82A
S214031FD8002846D00DF0DFFE814540F0C8804FF05C
S214031FE800082046F6F70EF9002800F0C080012FF7
S214031FF858D0042F7FF452AF0FF078F810B1032DA2
S2140320087FF44CAF049B002B7FF448AF3246022183
S2140320185046FFF7CDFB214B1B7863B1FFF772FEE3
S214032028FEF72CFD022806D10120FEF721FD01212B
S2140320380846FEF799FB1A4B1B78022B1FD1032180
S21403204830460BF087FDFEF719FD014600287FF49E
S21403205825AFFEF789FB21E70DF156060DF14E0471
S214032068B3E70F4B1B78432B7FF418AF012F7FF48E
S21403207815AF0DF090FE814579D1B846B1E7412BEF
S2140320887FF40CAF044B1B6858057FF507AFF8F7CA
S21403209861FC03E78E740020245900204A7500204B
S2140320A892740020B64C2378022B22D02378412B37
S2140320B83FF4F4AE049B33B9FAF764FC5946024678
S2140320C85046FFF7CDFAFAF75DFC00283FF4E6AE74
S2140320D80FF00CF8AB4F98B13B681A0502D4237877
S2140320E8432B0DD1AB070BD440F61A40F7F7E0FBAA
S2140320F8D4E60EF0FBFF0028D8D0A907D6D4CDE641
S214032108386810F0020002D1059903F0C3FC23785F
S214032118112B16D13B685F0513D50020FEF73AFB53
S214032128044600287FF4BAAE0EF00DF940F61C40BC
S214032138F7F7BEFB21462046FEF716FBF7F7C4FB68
S214032148ACE6AC0701D5FFF713FAB8F1000F9ED03B
S2140321580BF0A0FD18B94FF480310EF07CFF002277
S214032168894B30461A600EF095FF90E70026039BCE
S214032178002B7FF413AF4FF6FF73204608A9ADF87C
S2140321882030F5F791FF20B120460DF0DFFDADF8BE
S21403219820004FF6FF73BDF8200098423FF47EAE4A
S2140321A8049B3246002B0CBF042315232146CDE996
S2140321B800A33B46FFF708FD70E60DF0ECFD00288C
S2140321C87FF46CAE714B1B78002B3FF467AEA80701
S2140321D804D46C4B1B6899013FF560AEBAF10C0F3B
S2140321E80DF1450094BF002412AC12F01CF8024609
S2140321F89DF8470003283FF651AE394600940DF183
S2140322083D0304F00BFA49E60DF13D00F5F7FAFF36
S21403221828B1022239460020FAF740F83EE65C4B1E
S2140322281B78013B012B3FF639AE0DF13D0002F05A
S21403223875FD4FF6FF739842044606D10DF13D002F
S2140322480DF084FDA0423FF429AE0021FAF736F9D3
S21403225824E6EA077FF522AE2A4638460FA904F095
S214032268DBFA1BE69DF83D100120FFF74FFA15E64B
S214032278474B1B78013B012B3FF610AEEB077FF568
S2140322880DAE0DF13D0002F049FD4FF6FF7398427F
S2140322980546804640F080800DF13D000DF056FD62
S2140322A840450546074677D10DF13D00F6F71CFC79
S2140322B8B84205463FF4F2AD304611F079FB0022EA
S2140322C80934E4B2071BFFB2394610460DF0DEFBAD
S2140322D8ADF81C0000283FF4E1AD4FF001090023D8
S2140322E82A460821CDF8009005F0D4F9ADF81E006B
S2140322F800283FF4D3AD214630460FF0D0FD4FF00B
S214032308000A80461622514609A8CDF820A0EDF704
S214032318FFF8434622463146CDF800A008A812F037
S21403232887F84B46424608A90DF11E00F5F7E2F872
S21403233800287FF4B3ADA7EB0807FFB2394607A812
S2140323480FF0C9FB284611F037FDFF2818BF114ABE
S214032358444418BF32F81030E4B21CBF23F4804359
S21403236822F81030BDF81C00234632460021009799
S2140323780FF0D9FB2946BDF81E000EF041F98DE58E
S2140323889274002024590020205900208E740020BF
S214032398937400207A6D0020284611F00DFDFF285F
S2140323A8074689D0F6F7C6FD002885D0384603F0D9
S2140323B899F881E71E4B1B78013B012B3FF66EAD60
S2140323C82A4638460FA9FCF7C9F967E5194B1B785F
S2140323D8022B20D1002F7FF461AD08A8FEF7A8F8DA
S2140323E800283FF45BAD144B1F709DF83D30002B5F
S2140323F814BF64246524FEF741FB032806D1384638
S2140324083946FEF7B1F93846FEF73EFB214608A8DB
S2140324180BF0A0FB42E5043B012BDBD938460BF057
S214032428B9FF0028D6D139E530460BF0B5FF35E5B8
S21403243893740020927400204A7500202DE9F34116
S21403244805460E46174698460EF050FE044640B11B
S21403245801233A4631462846CDF80080FFF784FB29
S21403246804460EF043FE30B1FFF782FA78B10A4B02
S2140324781B689B010BD400233A4631462846CDF801
S2140324880080FFF771FB002C0CBF0446012404F000
S214032498010002B0BDE8F0812459002070B58AB067
S2140324A805A80BF0FBFB022301AA15468DF814308A
S2140324B8084B03F11006144618685968083303C412
S2140324C8B3422246F7D1294605A80BF052FD0AB0B7
S2140324D870BD00BFCB490500014B1878704700BF95
S2140324E8847F0020014B1888704700BFE87E0020D1
S2140324F84FF6FF732DE9F043994280460D4685B0A3
S2140325080BD000274FF6FD791C4EE9F747FEFCB2C1
S214032518A0420BD84FF6FF701DE0F5F773FE0028B0
S214032528EFD005B0BDE8F0430DF035BC36F81430EF
S2140325384B4517D8694620460EF01FFE082241462B
S2140325480DF10500EDF730FB4FF6FF7360B99D42BA
S21403255804D136F8140005B0BDE8F08326F8145005
S2140325680EF0D4FD0137D0E79D42FBD036F8143081
S214032578AB4208BF26F81490F4E700BFD26A0020DF
S2140325882DE9FF4706460F4600254FF6FD79DFF887
S2140325983C80DFF83CA0E9F701FEECB2A04202D883
S2140325A804B0BDE8F08738F814304B450CD86946B4
S2140325B820460EF0E2FD082231460DF10500EDF740
S2140325C8F3FA08B90AF804700135E4E7D26A00207A
S2140325D83E740020014B33F810007047D26A00207F
S2140325E8F0B5064600250D4F85B0E9F7D7FDECB2E2
S2140325F8A04201D805B0F0BD37F81430B3420BD16A
S214032608694620460EF0F5FD9DF80030022B1CBFE8
S2140326184FF6FD7327F814300135E6E7D26A002033
S21403262830B585B004460D46E9F7B8FDA0420FD984
S214032638084B33F814204FF6FD739A4208D86946B8
S21403264820460EF0D6FD29460DF10500FFF750FF8C
S21403265805B030BDD26A002030B585B00446E9F728
S2140326689DFDA04219D92046FEF734FF0546B0B9AA
S214032678694620460EF081FD9DF800302BB1694669
S21403268820468DF800500EF096FD4FF6FF72002098
S214032698044B23F8142005B030BD2820FBE740F68A
S2140326A80440F8E7D26A00202DE9F0410B78054686
S2140326B80E461BB9BDE8F041FFF7CEBFE9F76EFD3E
S2140326C8A84231D92846FEF705FF78BB374617F8E0
S2140326D8058B4FF6FF713846FFF70AFF0446384660
S2140326E800F01EFAB0FA80F04009B8F1000F15D0D2
S2140326F8B8F1030F15D04FF6FF724FF6FD739442E9
S21403270808BF1C460B4B314623F815400A4B585551
S21403271828460EF050FD0020BDE8F0814FF6FF7402
S214032728F0E74FF6FE74EDE72820F5E740F6044099
S214032738F2E700BFD26A00203E7400202DE9FF416D
S2140327480D4604464FF6FE780F4F0E0AE9F726FDA8
S214032758A04204D8FF24204604B0BDE8F08137F829
S214032768143043450CD1694620460EF006FD9DF805
S2140327780520EBB29A4203D19DF80630B342EAD05D
S2140327880134E4B2E2E700BFD26A00202DE9F04F35
S2140327980C461746984600254FF6FD7B87B09DF8EE
S2140327A840A0DFF85C900190E9F7F8FCEEB2B0427F
S2140327B801D8FF2616E039F816205A451ED83046A3
S2140327C802A90EF0DAFC3FB99DF80920424515D157
S2140327D89DF80C20524511D144B939F81620019BAF
S2140327E89A420BD1304607B0BDE8F08F0822204640
S2140327F80DF10D01EDF7D8F90028F3D00135D3E72D
S214032808D26A002010B514460EF0B7FC2046BDE881
S214032818104008220149ECF7CDBE00BF187500200A
S2140328282DE9FF47074615460846082224491E464B
S214032838EDF7BAF9044600283FD14FF6FF7ADFF8DA
S2140328488490E9F7ABFC5FFA84F880450BD385B32D
S214032858384609F02FF901250C9B187001203570AE
S21403286804B0BDE8F08739F8183053451FD06946D9
S21403287840460EF082FC7A789DF801309A4216D1CB
S2140328887A88BDF802309A4211D13A799DF8043015
S2140328989A420CD108220DF10501781DEDF784F94B
S2140328A828B9002DD7D1404609F01FF9D3E70134DC
S2140328B8C7E7FF2009F019F9CEE70020D0E700BFE5
S2140328C818750020D26A0020F0B50025154E164F5D
S2140328D885B0E9F763FCECB2A04201D805B0F0BDB9
S2140328E8694620460EF049FC9DF80030032B06D9AE
S2140328F80023694620468DF800300EF05CFC9DF8F0
S214032908002062B14FF6FD734FF6FE71032A08BF27
S2140329180B4626F81430002301353B55D9E74FF606
S214032928FF73F6E7D26A00203E740020F8B50E4619
S21403293804464FF6FF770C4B0C4D1B7803EB43030B
S21403294805EB8305A54202D800242046F8BD238854
S214032958BB4206D008223146A01CEDF725F900280D
S214032968F3D00C34EEE700BF487F0020126A00203D
S214032978044BFF211A78044802EB42029200ECF754
S214032988C7BD00BF487F0020126A0020F8B504467A
S2140329980C4B0D461B781046A3420DD90C27022173
S2140329A817FB04117C43084E08223144ECF702FE59
S2140329B8335B00202B80F8BD0023136053604FF66B
S2140329C8FF73F6E7487F0020126A002038B50446EE
S2140329D84FF6FD75FFF704FE0022084B1878084BE0
S2140329E8D1B2884200D838BD33F80C1C0132A14254
S2140329F808BF23F80C5C0C33F2E700BF487F0020BF
S214032A081E6A002070B505460E460846FFF7DEFF29
S214032A1831462846FFF76CFD29460648FFF786FF2A
S214032A2800B970BD044624F80C6B0EF06FFB2946FC
S214032A382046F3E7126A002010B5082286B0234919
S214032A480446EDF7B1F820B906B0BDE810400DF01E
S214032A58A2B9082220461E49EDF7A6F820B91D4B51
S214032A68B3F8680006B010BD0023012221464FF6CE
S214032A78FF700093FFF78AFEFF2806D0164B33F83D
S214032A8810004FF6FB739842ECD903A8FEF79EFD99
S214032A9858B9BDF80C305B0607D5082221460DF158
S214032AA80E00EDF781F80028DCD021460B48FFF727
S214032AB83DFF40B14FF6FB724FF6FF730088904216
S214032AC888BF1846CEE74FF6FF70CBE71875002089
S214032AD846660020DC650020D26A0020126A0020C1
S214032AE870B5002204464FF6FB7608460A4B1D7857
S214032AF80A4BD1B28D4201D8002009E01988B142A9
S214032B0807D8A14205D10822991CECF753FD0120EA
S214032B1870BD0C330132ECE7487F0020126A0020B0
S214032B2837B5014605460E48FFF700FF044640B191
S214032B38807A29460EF081FB80F00100C0B203B00C
S214032B4830BD03460090012229464FF6FF70FFF773
S214032B581DFEFF2816BF034B2046185CE9E700BF97
S214032B68126A00203E7400202DE9F341224B0446E6
S214032B781B780F468342154638D9FEF7C5FCB8BB03
S214032B884FF6FD739D421D4E0ED004EB440326F804
S214032B9823504FF6FF739D421FD12046FEF7CCFC09
S214032BA8002002B0BDE8F0810DF106013846F5F7BE
S214032BB87BFA4FF6FF72BDF806303846934218BFC5
S214032BC81D460C236343F55206EB0308FFF7A8FFDD
S214032BD8B0FA80F0400988F80A000C2303FB046067
S214032BE8082239460230ECF7E5FCD9E72820D8E76F
S214032BF840F60540D5E700BF487F0020126A00204C
S214032C0838B504460D46FFF7BBFC21460448FFF7D4
S214032C188DFE00B938BD857221460C30F7E700BF34
S214032C28126A00200023074A1370074A1370074ADC
S214032C38118801B11380064B1A880AB100221A803C
S214032C48704700BF5C7500205B750020F66D00209A
S214032C58F46D00202DE9F04F4C4C9846238889B034
S214032C6805900F4610469DF848A05BB952B10EF082
S214032C784BFF20804FF4FA61454809B0BDE8F04F92
S214032C8810F066BFDFF81C91B9F80050002D69D024
S214032C98284610F08DFEC0F34704284610F06CFE55
S214032CA8DFF804A10294BAF80030DFF800B1019304
S214032CB8BBF80030054600930022434601203549F9
S214032CC80EF0A1FFADF81E0010B305EB440801246F
S214032CD8454512D1E4B9BDF81E50CDB12E4B1B782D
S214032CE82BBB2B4600223946059800F043FA0023EF
S214032CF8ABF80030AAF800300AE0012329461A4642
S214032D080DF11E00F4F7F6FB023504460028DFD063
S214032D180023224AA9F800301378013BDBB213706C
S214032D28002BA7D109B0BDE8F04FFFF77BBF0CF027
S214032D38FBFF0146284604F085FC0A218046284600
S214032D4804F080FC0646A64202D8FF2CCFD1C8E77B
S214032D58284604F10B0104F075FC8045C1D80134FC
S214032D68E4B2F0E70E4C237823B911F0D5F808B986
S214032D7801232370524641460520F5F757FC0028E1
S214032D88D0D1207009B0BDE8F08F00BFF66D0020E3
S214032D98187E002048E504005D7500205C75002059
S214032DA85B750020F46D00208E6D0020906D00206A
S214032DB830B5154D87B02C889CB923464FF4A072BE
S214032DC848F2380103A80EF01BFB21462046F9F704
S214032DD8F3FB22460D4B009403A9FFF73BFF07B00E
S214032DE830BD20460CF037FE043011F01CFA03A958
S214032DF8044628880FF08DF80023009320462A8877
S214032E0803A900F065FBEAE7F66D002000F8FF0764
S214032E1837B5002001A9F9F7CFFB0D4C01462378F7
S214032E280C4D7BB10C4B019A1878F9F7DBFB20782D
S214032E38F7F716F9002323702B700848F4F706FCF7
S214032E4803B030BD2B78002BF7D0FFF7B1FFF4E7BC
S214032E585F7500205C7500205E750020187E0020D4
S214032E6808B50548F4F702F90448F4F7FFF8BDE88F
S214032E7808400348F4F7FAB8F66D0020F46D00200E
S214032E88F26D00202DE9F04F89B089460446CDE956
S214032E9805239DF84870139E30B316F801ABBAF1B4
S214032EA8000F23D00AF1FF34A400E4B23146012010
S214032EB80BF0B8FAC00E1BD1DFF838B13146012043
S214032EC80BF0B0FA9BF8005034442279BDB1002FBA
S214032ED847D180234846CDE90277CDE900773E4AB5
S214032EE8059900F047F93CE08246DFE75446DDE7FC
S214032EF81B28ECD9314601200BF094FAE7E7DFF8F4
S214032F08F880FF2A00EA08080BD14246E379A1793C
S214032F18607901EB032189B209B0BDE8F04FF9F7F0
S214032F2861BB2E4909688B070AD5FE2A35D10123CA
S214032F380135EDB2202D4FEA43030AD1FF250AE0F7
S214032F48294628460792F9F737FB4845BFD1079A1B
S214032F58EBE79845ECD1224B1B78FF2B04D0AB420A
S214032F6804D009B0BDE8F08FFF2DFAD0294600201B
S214032F78F3F774F80028F4D09BF800306479002B34
S214032F88EFD1FFF74FFE17484FF4105110F0E0FD4E
S214032F98154B8BF800501C70E3E7052A97D8BAF14F
S214032FA8010F94D8B8F1000F91D0002FD9D17379B7
S214032FB8002BD6D00D49098821B9082B28BF08232A
S214032FC80B490B70434648461292DDE9051209B0D1
S214032FD8BDE8F04FFFF73EBE48E50400245900203D
S214032FE8857F0020187E00205E750020F66D002081
S214032FF85C7500205F75002000F8FF07014B1880FA
S214033008FFF7D6BEF46D002037B5184B1B78022B96
S21403301803D01725284603B030BD00210DF107005D
S214033028F4F798FC05460028F3D1114B1B78013BAF
S214033038012B01D90225EDE7F4F7F6FB0028F9D0B2
S2140330480AF0D0FC0446F4F7EFFB0A4B4FF47A7108
S21403305818700B23B4FBF3F203FB12440A34A4B22E
S2140330686143054810F074FDD4E700BF927400204E
S2140330789374002083740020505800202DE9F043F1
S214033088384B00241E784FF4F813374FA5B0039334
S2140330983D78ADF81040F7F78FF8BDF90E30ADF868
S2140330A81200A342ADF8144006DB304B1C780134FB
S2140330B8E4B21C7044F080048DF82C40A946022420
S2140330C84FF000088DF82D60B14529D3002221461C
S2140330D80BA83D708DF82D800CF0D8FCE8B1B8F13C
S2140330E8000F09D000234FF6FC71CDE9000303AAAD
S2140330F8FF230620FBF7EAFFB5422FD20AF072FC3D
S2140331080B23B0FBF3F24FF47A7102FB13000A3079
S21403311880B24143164810F01BFD25B0BDE8F08386
S214033128484606A902F004FA98B9512C11D804F1B6
S21403313890030DEB0302083406AB013508F10108CA
S21403314803CBE4B242F8640C42F8601CEDB25FFAB3
S21403315888F809F101095FFA89F9B5E70448F4F72D
S21403316875FADAE7837400208474002061750020FA
S214033178505800200CB42DE9F04F8BB014AA0E4615
S21403318852F8041B07460992002940F08F80BDF8C1
S2140331985400ADF82200002800F0A18033794FF6DA
S2140331A8F778002B40F0868047458CBF4FF0090818
S2140331B84FF008084C4B1C78FF2C40F08380B6F978
S2140331C80230002BA9BF494B347A1C780134A2BFBE
S2140331D8E4B21C7044F08004DFF81CB122460021D8
S2140331E804F044FA9BF80030BDF82200002B6CD09C
S2140331F8DFF808A14FF00009BAF80030079310F07B
S214033208D7FB0546BDF8220010F0B6FBEBB2CDE9B6
S2140332180193FF23CDE90309009322463346394633
S2140332280798FCF7F1F84FF6FF7305468BF80090FE
S214033238AAF80030382D33D13246394640460DF1C8
S21403324822030BF0AFF800284BD04FF6F7739F42D4
S21403325826D8B6F902307088002B21DA48F2040221
S2140332682349244B4FF00008904214BF89469946D9
S2140332780CF091FD494603468A220120CDF80080CA
S2140332880EF0C1FC814658B12246414604F0EEF9D9
S214033298FF23324639464046CDE90098FBF716FF2A
S2140332A828460BB0BDE8F04F02B0704701200EF079
S2140332B887FC6EE7002347458CBF4FF00608984601
S2140332C8337177E7FF221A7086E7CDE900033246A3
S2140332D8FF2339464046FBF7F9FE0546AAE71925B4
S2140332E8DEE70546DCE700BF877F00206175002020
S2140332F859E504004EE5040060750020F86D0020CB
S21403330870B54FF4003300240546164688B0ADF86A
S2140333181A100DF10F0204A90593ADF81840ADF87D
S2140333281C4004948DF80F400BF013F89DF80F30EB
S21403333828460193049B044A009305A93346FFF7DE
S21403334819FF08B070BD00BF52E5040030B54FF44E
S2140333588035002487B00395BDF82850CDE90012C0
S2140333688DF81030074A034603A9BDF82C008DF8DC
S2140333781140ADF81250ADF81440FFF7FBFE07B046
S21403338830BD00BF5EE50400B1F1006F2DE9F043E0
S21403339814462CBF392238228BB01D464FF0000343
S2140333A8ADF81E204FF480022CBF4FF00109994652
S2140333B8FF2C0646ADF81C300892ADF824304FEAC9
S2140333C811471FFA81F80FD10DF07BF8B9F1000FFA
S2140333D819D1154ACDE9020543463046CDE90074AE
S2140333E807A9FFF7C7FE1AE0FE2C0AD10DF069F805
S2140333F80130C0B20DF070F8B9F1000F12D00B4AC5
S21403340802E0E8B2F8E70A4ACDE9030501233046A5
S214033418CDE90174CDF8008007A9FFF7ABFE0BB022
S214033428BDE8F083034AD5E756E504005CE50400E7
S21403343855E504005DE504004FF498124FF08063E9
S21403344810B586B0CDE903230023ADF814300CF08D
S214033458A2FC0446F6F7B0FE054B01900093054A16
S214033468234603A94FF6FD70FFF784FE06B010BD8A
S2140334781875002062E5040008B5064B1B78022B76
S21403348802D0043B012B03D8FFF7D6FF002008BD64
S2140334980220FCE79274002030B500244FF48065C0
S2140334A887B0CDE900128DF81030084A034603A901
S2140334B84FF6FD708DF811400394ADF81250ADF831
S2140334C81440FFF757FE07B030BD00BF66E504009B
S2140334D82DE9F04F9BB00E4605460EA91046CDE9DA
S2140334E80A329DF890700DF0E3FEBDF838A08046CA
S2140334F8504610F05DFAB6F902300446002BB6F8CB
S2140335080690B6F802B004DA0022B24B1A7000200E
S21403351849E0504610F04CFA4045F5D3A4EB0804AE
S214033528E3B2002F18BF4FF4A079152B099328BFD1
S21403353815230024013308F1FF325146DBB292B259
S214033548009414A810F074FF6FEA4B436FEA5343D2
S214033558A1499DF8502008684968ADF846300FAB76
S21403356803C3ADF84840ADF84440ADF84A90ADF80B
S2140335784C20BBF1000F24D10DF15100F4F742FEA5
S214033588A0B10CF008FC5C4606460DF1590A0DF18D
S21403359851030A9A9AF80080012A2DD157B384F06A
S2140335A8010404F001001BB0BDE8F08F0DF15100D3
S2140335B801F0B4FB4FF6FF74011B4C4206464C4120
S2140335C8E3E7BBF1010F40F09480BDF851600CF0BF
S2140335D8E2FB86420AD030460FA90DF03FFF80F083
S2140335E80104E4B20DF1530A0FABD2E77B4B0DF19E
S2140335F8530ACEE70A9CD4E797B3002C75D1B8F1E3
S214033608010F72D837D10CF0C6FB0CF0C4FB224668
S21403361806469AF80170714B00210120CDE9006136
S21403362802976F490EF0EFFAADF83A0000285CD01F
S214033638002C53D1B8F1010F50D12646DFF8B8A1B4
S2140336489AF800305FFA84F8434538D9404610F0B4
S2140336580BFCC20702D5BFB1013FFFB20134EFE747
S214033668B8F1010F05D1002CCDD081229AF801704C
S214033678D2E7002CF9D1B8F1010F94BF002201223A
S2140336889AF80170D201C7E7404601F017FB0123F9
S214033698ADF8340002220DA90DF13A00F3F72AFF1C
S2140336A818BBBDF83A0010F083F9804648460DF07B
S2140336B871FC08F1010801368045F6B2CEDBB6B1D7
S2140336C832460C21BDF83A0003F0D0FF0022284604
S2140336D8BDF83A3011A9FFF74DFD06E00C210DF1B0
S2140336E83A000EF0F8F90028F0D001205BE70D2128
S2140336F8F5E70A9B002B7FF40AAF7388342B57D160
S214033708099B092B7FF403AF002F7FF400AF9DF9C5
S21403371859603A46B41008210DF1510004F020040C
S2140337280CF0CBFAD0B12F4B1B78012B3FF4EFAE3E
S214033738022B27D12C4B1B6813F0807F25D12A4BED
S2140337481B685B0201D5002E30DA00232846274A79
S21403375811A9FFF70FFD264B1C70D8E60DF1510093
S214033768F4F750FD0028DED10DF1510001F0D6FA2A
S2140337784FF6FF73984208D02146F8F79FFE034694
S21403378818B903E0033B012B06D9C8232846174A72
S21403379811A9FFF7EFFCBAE6164BB3F86830AB424D
S2140337A8CDD0114B1B6813F0805FC7E78D23EDE779
S2140337B8099BCDE9059204930DF15103CDE90283E4
S2140337C831462846CDE9007A0B9B11AA00F058F833
S2140337D89DE600BF54750020D86D040018750020B8
S2140337E86AE504009374002024590020DC9B040037
S2140337F8867F0020DC650020557F0020024B187862
S21403380840F08000704700BF6175002038B50A4B4A
S21403381805461C7824B10CF0BEFAB0FA80F46409A5
S214033828F8F72AFF08B144F04004E8F7C3FC44EA73
S2140338384020284038BD00BF8E740020014B1880F6
S21403384800207047F07E00204FF6FF71034602887B
S2140338581B798A4217BF074901200A8041881EBF81
S214033868054A00201180FF2B1EBF044A0020137050
S214033878704700BFEC7E0020EA7E002062750020B9
S2140338882DE9F04FB7B09946BDF80431439C0D9324
S2140338989DF8083183460E93BDF8143120460F93DE
S2140338A89DF81831B1F802A00F4690469DF80051CE
S2140338B8109310F0B8FCBAF1110F064600F28A808E
S2140338C80CF069FAB04200F08F80BAF1060F19D1EE
S2140338D84FF6FD739E423ED0DDB9BC4B1B78033BC7
S2140338E8012B36D9304610F067FAFF2814BF892310
S2140338F8812300224146CDE900625846B44AFFF7C1
S21403390839FC06E02DB9BAF1030F08D8BAF1010F4E
S2140339180AD80022AF4B1A7037B0BDE8F08FAAF169
S2140339280403022BF5D8D8E7A84B1B78033B012BD7
S2140339380DD9304610F040FAFF2814BF8923812397
S21403394841465846A44A0096FFF714FCE1E780234D
S214033958F6E78023CDE7A14B1B7859074CD40CF028
S2140339681AFA0026034632460120994900960EF0B5
S2140339784AF92379ADF86C000F930028CCD0DDE91B
S2140339880E320D9803EB420910F012F85FFA89F924
S21403399809F10507FFB28742BED239460D9803F0F0
S2140339A851FE109007EB40070D9810F001F8874278
S2140339B8B2DADDE90F321343DBB2002B40F0328272
S2140339C8002DA9D12F463A460421BDF86C0003F012
S2140339D84DFE76E1814BBAF13A0F1B7811D948F2BE
S2140339E83B039A4508D014E07C4B1B785A070BD543
S2140339F8AAF10403022B07D8FB8843F48043FB8011
S214033A088AE7BAF11B0F1ED8AAF102039AB2132A41
S214033A185ED9109B494602930F9B5046CDE9005347
S214033A280E9A5B460AF0A2FC0F287FF475AF0122B4
S214033A38684B1A70694B1B789B0740F1D982002D97
S214033A487FF46AAFD8E7AAF11C021E2AE1D801A1BF
S214033A5851F822F0814203001B3A03001B3A030085
S214033A68A13E03001B3A0300813F0300813F030086
S214033A781B3A03001B3A03001B3A03001B3A0300D6
S214033A881B3A03001B3A03001B3A03001B3A0300C6
S214033A981B3A03001B3A03001B3A03001B3A0300B6
S214033AA81B3A03001B3A0300B13F0300B13F030070
S214033AB81D4203001B3A03001B3A03003742030068
S214033AC81B3A0300D1420300E7420300F542030012
S214033AD8132B9ED801A252F823F000BF353B0300F0
S214033AE8FD3B03001B3C0300F93C03006739030056
S214033AF81B3A03001B3A03001B3A03001B3A030056
S214033B081B3A03001B3A03001B3A03001B3A030045
S214033B181B3A03001B3A03001B3A03001B3A030035
S214033B283B3E03001B3A0300AD42030000241BABD5
S214033B385A4648460E9900931DAB1D948DF86C4063
S214033B480AF008FC0CF027F9204B05461B78012BD6
S214033B5803D0022B14BF02240124E8F72BFB1628F4
S214033B6894BF0020012044EA4014F6F725FB1C4BBB
S214033B780646B3F800A0FBF79FFA1A4B07464FF61C
S214033B88FF70B3F80090FFF741FE174B9DF86C20C3
S214033B981988124B1B7813F002031CBF134B1B78B0
S214033BA80B921D9ACDE90701CDE909324023414618
S214033BB8CDE9014358460023CDE90579CDE9036AE3
S214033BC80B4A0095FFF7D6FAA6E600BF93740020C3
S214033BD84EE504005475002059E5040033740020AC
S214033BE8F07E0020EC7E0020EA7E0020627500202E
S214033BF870E504000CF0CFF8A34BA44A1B88CDE964
S214033C08400300234146584637B0BDE8F04FFFF758
S214033C18B1BAA4781DA9631EDBB2EF2B204610D9D0
S214033C28F22C0ED008F092FE82240CF0B4F800238F
S214033C384146CDE90003964A23465846FFF79AFAC3
S214033C486AE608F083FE002850D00CF0A4F89DF826
S214033C5878209DF87A100492BDF8762049000392DE
S214033C68BDF87420C9B2CDE901429DF87920034610
S214033C785200D2B208320A44009201200022854933
S214033C880DF0C1FF9DF87930ADF86C008DF86730FC
S214033C9800283FF441AE002601230DF167011A46BA
S214033CA81BA8F3F727FC054600287FF435AE9DF8D6
S214033CB86730EAB2934209D89DF87A308DF86730B0
S214033CC816B1BDF86C3033E00126E5E731462046E9
S214033CD808F03EFE0123ADF8680002221AA91BA8C5
S214033CE8F3F708FC01350028E1D015E683249CE7A2
S214033CF80CF051F8044608F04AFE234600900022CA
S214033D08012063490DF07FFF00283FF405AE002528
S214033D182C46ADF8740008F03AFEEEB2B0420DD861
S214033D2822460421BDF8740003F0A0FCBDF87430E5
S214033D38002241465846FFF71DFAEDE5304608F0DF
S214033D4803FEFF288DF86C000AD0012301341A46B7
S214033D581BA91DA8E4B2F3F7CDFB00287FF4DCAD5E
S214033D680135D8E75046B4F8029008F0EDFDFF2871
S214033D788DF8680000F0CF821DA908F0E7FDBDF8AE
S214033D8874304B4507D04FF6FF72914540F0C38217
S214033D981B0400F1C0829DF8793012930E9B0533FD
S214033DA8DBB213930F9B1493002311934FF0000970
S214033DB84B4613E017934900139BC9B219440D9851
S214033DC889B20DF0C3FE4FF0000A179B159012999F
S214033DD85FFA8AF28A4217D309F10109149A5FFA3D
S214033DE889F19142E6D39DF87A201292169A139295
S214033DF8002B40F08582119B002B40F08C82012318
S214033E081193109B1493D1E711999DF868001793A3
S214033E1808F09EFD159A179B0AF1010A824208BF0D
S214033E280123D4E709F106095FFA89F3374616939F
S214033E3872E2A71C39463046A57A09F0EBFD012243
S214033E4839463046FAF7D4FB30460DF05DFC384663
S214033E5800F064FF2288824207D04FF6FF72904232
S214033E6803D00FF0A9FF0DF08FFB85F00804C4F309
S214033E78C00421463846FEF7C3FE2146384637B007
S214033E88BDE8F04F0AF09FBAEE7E00207DE50400F9
S214033E984EE5040081E50400AD4B1B78033B012B7C
S214033EA87FF63AAD0BF077FF58453FF435AD09F08A
S214033EB899FD0B23B0FBF3F24FF47A7102FB130060
S214033EC80A3080B24143A3480FF042FEF3F7ACFC36
S214033ED800283FF421AD0123002218469E4994F892
S214033EE800A00DF090FEADF8680000283FF414AD6E
S214033EF80026354634460E9B1BAF01330E93F2B2AB
S214033F08524514D3002C3FF407AD01232A461DA9B6
S214033F181AA8F3F7EFFA00287FF4FEAC224602212C
S214033F28BDF8680003F0A2FBBDF8683000E74FF061
S214033F3800090E99D200D2B20A4408230D993846CE
S214033F48CDF8009010F074FA394648460FF004FF8F
S214033F58FF280FD0814B1B5C0F2B0BD997E8030068
S214033F6805F1D8036B44643B83E803000835013442
S214033F78EDB2E4B20136C2E7002D7FF4CDAC1807E4
S214033F883FF53AAD534622464146584603F066FE89
S214033F9800287FF4C1AC842341465846704A37B09C
S214033FA8BDE8F04FFFF7E6B823780F9810930CF0A8
S214033FB8F1FF00210646584604F0BAF9644BBAF1F5
S214033FC8310F1B780746A3F103030BD1012B13D933
S214033FD8644B654A1B7812781344DBB20D93162399
S214033FE80E930DE0012B03D9604B1B780D9353BB3F
S214033FF8002D7FF491ACCEE701231621CDE90D31D0
S2140340080024109B22460093012023465849019416
S2140340180DF0F9FD00283FF47FACF61BF3B22646F5
S214034028544FDFF85C911193ADF86C000F940D9B19
S214034038E5B2AB4209D832460221BDF86C0003F05C
S21403404815FB0F9AC0E40523CAE7162200211DA80C
S214034058EBF75EFABAF1320F3DD13B7903F0030270
S214034068032A21D18DF87620109B0136F6B2B34287
S21403407815D2BDF86C000FF09BFC0E9B1844119BE1
S21403408898420CDC01230E9A1DA91BA8F3F732FAF3
S21403409800287FF441AC0F9B0133DBB20F93013446
S2140340A8083709F11209C2E7B9790029DCD1324980
S2140340B8C3F3C203CB5C1DA8012A08BF43F0010360
S2140340C839888DF8763010F0B0F879880DF17700D6
S2140340D810F0ABF8C8E71DA80CF075F94FF0FF33DE
S2140340E8CDE91F331F4B1B78AB4261D999F80430CF
S2140340F86F2BD4D828461FA9F4F7D0FF0028CED0B4
S2140341081E4BB9F80020B3F8683092B9003B18BFC5
S21403411801235B0143F004038DF8863002238DF8F0
S2140341288730B9F802301B0A11468DF8893021A862
S214034138CEE79B1A18BF01235B0143F005038DF8EE
S214034148863002238DF887300F238DF88830E8E70A
S21403415893740020505800208BE504003774002021
S214034168DC9B04008C7400208B740020537F002093
S21403417889E50400E46C0020DC490500DC650020C2
S2140341886A6B00200132D2B2551EEDB2284613934D
S21403419812920FF069FEDDE9122310F0010FF1D039
S2140341A863490978611A994205D00133DBB2E9E716
S2140341B801220023E8E75F4B1FA918782844C0B2FA
S2140341C8F4F76CFF00283FF46AAF284600F076FD44
S2140341D8129028460FF048FE10F0010F129A0FD1DE
S2140341E816238DF88630544B1B780133DBB20F2B1E
S2140341F828BF0F238DF88830504B33F8153092E7D5
S214034208284612920FF030FE10F0020F129AE7D1EA
S2140342181223E6E71A073FF5EFAB23465A4641460D
S2140342280F9803F073FD00287FF476ABE0E695B1AC
S214034238434B1B78033B012B7FF66EAB0BF0ABFDB2
S21403424818B9BBF1000F7FF467AB207837B0BDE829
S214034258F04FF5F721BE0BF09EFD20B1384B1B78C7
S214034268033B012B01D8802396E62B464146584646
S214034278344AFEF77FFFE8E70BF08DFDB0427FF484
S2140342884BABA01CF3F7BEFF00283FF445AB0BF07F
S21403429882FD04460BF07FFD2B4B2C4ACDE94003E9
S2140342A82346AFE420460FF0BEFFFFF7AFFA002819
S2140342B83FF432AB4090002341465846244A37B071
S2140342C8BDE8F04FFEF756BF4B4642465946002018
S2140342D8CDE9405437B0BDE8F04FFEF7D3BD4B46A3
S2140342E8424659460120CDE94054F3E72B464A4651
S2140342F841465846409437B0BDE8F04F0AF068B8D0
S21403430801231AA91A461BA8F3F7F4F800287FF422
S21403431803AB0137FFB2013608F039FB5FFA86FABA
S21403432850453FF61FAD002F3FF44AABFFF74BBB94
S2140343388C7400204E7F0020497500206C6D002089
S21403434893740020DC9B0400187500208EE5040097
S21403435859E50400F8B5164B04461D88154B20F896
S214034368025B196879B10822EBF724F9124B0C2083
S2140343781B78124EA372124B19780023DAB29142B5
S21403438805D8FF2209E0C4F802104160EEE70133BE
S21403439800FB03F7F75BAF42F0D10A4BE2721B78D8
S2140343A82373094B1B786373084B1B682361F8BD9B
S2140343B8066E0020F866002063750020066A002053
S2140343C8487F00204575002044750020E4660020D9
S2140343D8F0B589B006460C4615460DF089FD0DF175
S2140343E80A02014630460DF01BFC144F0346F0B98B
S2140343F801223A702288BDF80A102AB102460090B4
S214034408072007F076FA90B103A8FFF7A3FFBDF8D5
S2140344180A000FF0CDFA0646BDF80A000FF0ACFA0C
S21403442821460090F3B2284603AA09F025FB002389
S214034438034A3B70136009B0F0BD00BF64750020E3
S214034448F866002073B5ADF806000DF106000BF00C
S2140344582FFB014608B102B070BD0DF106000BF044
S21403446870FB04460FF088FAC67A002EEDD1204674
S2140344780DF005F8FF28E8D00FF0DEFC054BD3F85F
S2140344888850002DE1D03346224641213046A847BE
S214034498DBE700BFDC65002073B5002200210C2093
S2140344A800F0C2FC002119480FF025FF0125044639
S2140344B8164E84B120460CF0E2FFFF2805D12146AC
S2140344C830460FF03CFF0446F3E70422002300952A
S2140344D800F07EFCF3E721460D480FF00CFF01259C
S2140344E804460B4E0CB902B070BD20460CF0C7FF4D
S2140344F8FF2804D008220023009500F069FC214613
S21403450830460FF01CFF0446ECE700BF0A6E002097
S2140345180C6E00202DE9F84F10460E4617469946AE
S2140345280BF0A7F9254A264B0021B0F5006F14BFF8
S2140345389046984640460FF0DEFE4FF0000A0446C3
S214034548DFF880B00CB9BDE8F88FBC4228D1204606
S2140345580FF012FA857A80F80BA0013DEDB285724A
S21403456816B13F2E00D02DBB0FF0F8FC05462046AB
S2140345780BF07FF9B0F5006F4FF00002214615D116
S2140345880F480BF0FDFAFFF787FF28460FF0E1FC0C
S214034598DBF8885025B14B463A4631460020A847F3
S2140345A8214640460FF0CBFE0446CBE703480BF004
S2140345B8E7FAEAE7FFF770FFF2E700BF0C6E0020A2
S2140345C80A6E0020DC65002000232DE9F347064623
S2140345D80F464FF6FF78284CDFF8A090ADF8063064
S2140345E820460BF065FA054648B9294620460FF0DB
S2140345F882FE82460FF0C0F90389B34217D94C45A9
S21403460801D1FFF749FF002120460FF074FE054647
S21403461807F1FF3A5FFA8AFAD5B94C4516D1BDF8C1
S2140346280600FFF70FFF404602B0BDE8F0877B1E83
S214034638DBB2FD2BD4D9294620460BF082FA2A464C
S21403464851460DF106000FF05CFEC9E74C46C7E776
S214034658BAF1FD0F09D928460FF08EF903899B1B7B
S2140346689BB2984528BF98460381294620460FF0F3
S21403467866FE0546D0E700BF0C6E00200A6E0020D3
S21403468808B50FF0E6FC0B4AFF2113881080C31AFF
S21403469898B2FFF799FF4FF6FF730146994206480B
S2140346A803D1BDE80840F2F7D1BFBDE808400FF0D4
S2140346B84FBA00BF0E6E0020387E0020174B002826
S2140346C82DE9F041164D18BF1D460F4628464FF0F4
S2140346D800010CBF4FF008084FF002080FF00BFE5E
S2140346E8044610B92046BDE8F08120460FF044F989
S2140346F8C37A064623B1214628460FF020FEEFE785
S21403470820460BF0E5F8424601463846EBF74CFAE6
S2140347180028F0D1B378002BEDD1E3E70A6E00202A
S2140347280C6E0020014B1860704700BFFC66002023
S21403473810B504460548F2F789FF0023044A138098
S214034748044A1380044B1C8010BD00BF387E00202B
S2140347580C6E00200A6E0020086E002008B5044878
S214034768F2F784FCBDE808400248F2F77FBC00BFB6
S2140347780C6E00200A6E00202DE9F3410446884695
S2140347880FF067FC324B074620461E880CF077FE70
S214034798054620460BF06DF8B0F5006F32D1FF2DB5
S2140347A806D00123042200932846002300F010FBBA
S2140347B8B8F1000F1DD10FF0D1FB21460546254859
S2140347C80BF07BF928460FF0C4FB23480FF0C1FD16
S2140347D8224BA8B31988711A17FA81F086B22046B5
S2140347E80FF0CAF8032306818372002002B0BDE8DF
S2140347F8F0810FF0B3FB00222146054615480FF05B
S21403480880FDDFE716480BF08AF904281ED8FF2D2B
S21403481806D00123082200932846002300F0D8FA7E
S214034828B8F1000F05D10FF099FB214605460C4851
S214034838C6E70FF093FB0022054621460848DEE745
S214034848314605481F800FF083F9C8E71C20CDE7DB
S214034858086E00200A6E0020387E00200E6E0020A8
S2140348680C6E00202DE9FF4708460C460AF0E6FFC3
S21403487800F4805820460BF067F8054620460BF0F0
S2140348883AF8B0F5404F1BD1B8F1000F14D02946BB
S2140348980020FFF713FF054670B10FF06DF80023ED
S2140348A8404A81780446009218462A460193F1F74F
S2140348B8A5FF08B90123E372012004B0BDE8F08719
S2140348C828460FF0B0FC81460FF076FAFF28074615
S2140348D837D00125A0F12006C0F12003324925FA76
S2140348E803F305FA06F61E438540D1E900232A4357
S2140348F83343C1E900230FF079FA044638B1384642
S2140349080FF0B2FA10F00C0F14BF01240024B8F10C
S214034918000FD1D04FF0000A03A90120ADF80C9080
S214034928FFF7CCFE81460FF027F88046B9F1000F53
S2140349381ED1BAF1000F14D1FF2FBDD0002CBBD166
S21403494828E01A4B1B684BB148469847044628B1DB
S214034958B8F1000FB0D000252E46DBE7B8F1000FFC
S21403496801D10020A9E7002501242E46A246D3E755
S21403497874B100230B4A8178009218464A4601937D
S214034988F1F73CFF002897D1012388F80B3093E70B
S214034998FF2F91D0064BD3E9001229433243C3E9CC
S2140349A8001289E71D45030000170020FC66002057
S2140349B8F816002038B504460AF05BFF054620467D
S2140349C80AF086FFA5F50063044601465842584197
S2140349D8FFF774FEB0B9B5F5006F01D0002038BDF7
S2140349E820460FF020FC0FF0E7F9FF28F6D0064B19
S2140349F800B21B6833F8100000F4E260003818BFF2
S214034A080120ECE70120EAE7006700202DE9F743D9
S214034A184FF000090746ADF804900FF025FA10F09A
S214034A280C0F29D04FF00208154D2B88A5F80090D7
S214034A38ADF806300DF106000BF03AF8044630B12F
S214034A48B8F1010F14D04FF001080E4DEDE72146DB
S214034A580DF106000BF075F806460CF010FDB8428B
S214034A682246314614BF284601A80FF04AFCE1E760
S214034A78BDF80400FFF7E6FC03B0BDE8F08300BF0B
S214034A880C6E00200A6E00202DE9F04FDFF8208117
S214034A9885B0D8E9003213437CD105B0BDE8F08F62
S214034AA802EA040103EA0700014327D022EA0402C4
S214034AB823EA0703C8E90023DAE9002304EA020520
S214034AC807EA030C55EA0C056FEA04006FEA0701C8
S214034AD824D130460FF0C8F9C2070FD530460FF079
S214034AE8ABF9DBF89C30002B45D11D46304600F069
S214034AF8E5F8DBF884300BB12946984724197F413B
S214034B0809F10109284B5FFA89F61B78B342C4D921
S214034B18D8E9002352EA0301C2D1BEE702400B409C
S214034B283046CAE900230FF09FF9C307E6D51F4BA3
S214034B3830461B6833F8163003F48873102B10D0EE
S214034B480FF07AF9DBF89C3013BB1D4601231022BD
S214034B5800933046002300F03BF90020F1F7BCFD34
S214034B68C4E70FF069F9DBF89C300125002BBDD0AC
S214034B780122039502E000252A46039503920021A5
S214034B8830469847039A002AB0D0002DAED1DDE709
S214034B980025EDE74FF0000901244F46DFF814A07F
S214034BA8DFF814B0AEE700BF887F00200067002058
S214034BB800170020F8160020DC650020F8B5034629
S214034BC8084613B309B3402A1FD8114900260B60B9
S214034BD810490027086010494FF0FF350A70002176
S214034BE80C460433914205DB00215200EAF790FC99
S214034BF80020F8BDC3E9036703F8044C23F8024C06
S214034C081D605D6001311833ECE72120F1E700BF32
S214034C180467002000670020887F0020F0B5144C46
S214034C28DDE905672568EDB1F0B9124800788842D2
S214034C381AD901EB41014FEAC10C05EBC10415F87B
S214034C48311011B92169C90710D4002005F80C00E2
S214034C5862801A6846F0010662605A68C4E9046707
S214034C68A260F0BD0220FCE72120FAE72E20F8E731
S214034C7804670020887F00200E4B30B51A68A2B15F
S214034C880D4B1B78834212D900EB400002EBC0039E
S214034C98C100002400200025C3E9044550544FF002
S214034CA8FF3258805A609A6030BD0220FCE7212004
S214034CB8FAE700BF04670020887F0020094B1B68BB
S214034CC863B1094A1278824208D900EB400003EB25
S214034CD8C0031A69D20701D5588870474FF6FF7084
S214034CE8704700BF04670020887F0020094A0346F0
S214034CF8106870B1084A12789A4209D903EB43033D
S214034D0800EBC303186910F0010002D0181D7047A2
S214034D180020704704670020887F0020F8B50E4BF4
S214034D2805461C6834B128B100260C4B1F78F3B22D
S214034D389F4202D84FF6FF7009E008222946201D35
S214034D48EAF732FF20B92369DB0701D56088F8BD87
S214034D5801361834EBE700BF04670020887F00207D
S214034D680C4B1B689BB14FF6F77291420DD80A4A53
S214034D781278824209D900EB400003EBC0031A6994
S214034D88D20704D500205980704721207047022097
S214034D98704700BF04670020887F00200A4A03463E
S214034DA8106878B1094A12789A420AD903EB430382
S214034DB800EBC300036913F0010003D0C3F300102C
S214034DC870470020704700BF04670020887F0020D4
S214034DD870B51C46124B9DF810601968D1B1114B7B
S214034DE81B78834218D900EB4000551E01EBC0011F
S214034DF82543D1E9040301D0C5070FD52EB11043C7
S214034E082343C1E90403002070BD20EA020023EA15
S214034E180403F6E70220F7E72120F5E72D20F3E75A
S214034E2804670020887F0020134BF0B51B6803B384
S214034E3800266FEA000C6FEA010E104C2778F4B2CE
S214034E48A74201D80020F0BDD3E9044514F0010FAA
S214034E5807D014F0020F04D132B104430D43C3E95B
S214034E68044501361833EAE70CEA04040EEA050596
S214034E78F5E70220E7E700BF04670020887F0020E5
S214034E880B4B70B51B682BB100240A4A1678E2B29E
S214034E98964201D8002070BDD3E9042502400D4090
S214034EA82A4304F1010403F11803F0D00120F2E7C2
S214034EB804670020887F00202DE9F0470026FF2797
S214034EC8B246164DDFF8588098F800305FFA86F930
S214034ED84B4502D83846BDE8F0872B792F2B0FD9D8
S214034EE828460BF087F92B796C7903F0070304F04F
S214034EF8030483422CBFE4182418E4B2A24506D957
S214034F085446B946A2464F4612350136DCE728888A
S214034F1801F0A6F80028F3D1F4E700BF6A6B002077
S214034F288C7400202DE9F04F89B081460AF0F6FC10
S214034F38029048460CF0E7FE0024411C054689B259
S214034F48484602F07FFBA246A346A046274600F043
S214034F581F00023500EB4000EAB27D4E50FA85F595
S214034F68EDB2AA4274D9DFF8FCA19AF8003033B13F
S214034F78A400E4B2B4FBF3F4042C08BF0324029899
S214034F88F3F7C4FD054600283CD1FFF795FFFF2835
S214034F985BD0704B05B2049018780BF012F9874271
S214034FA82CBFE1192118002F14BF01230223684ED2
S214034FB805EBC50506EB450553FA81F32846039327
S214034FC80BF018F995F804C06B790CF0070103F099
S214034FD8030388422CBF1B185B18039ADBB29A425A
S214034FE833DA049A2FB921B19AF80030033B5B45AC
S214034FF82BDC104602990BF0A5F805B205EBC505A0
S21403500806EB45052B791E09002F00F081803946EB
S21403501828460BF019F9032128460BF01BF9B8F1BB
S214035028000F09D1002E40F0868008F0DBFCC0F3A1
S2140350380B0149480EF08CFD6B79484623F00303B1
S2140350481C446C710AF0FFFBA87309B0BDE8F08F27
S21403505850D0424B49461B8807A8ADF81C304FF082
S21403506800038DF81E3000230093032303920FF0EA
S214035078DFF99DF81E30BDF81C101B09039A18BFEC
S21403508808F10108CDE9041318BF5FFA88F80392FC
S2140350980AF081FE0499039A8842059B03D19DF87A
S2140350A81E7007F00F072E4890F800C016E016F893
S2140350B80E0C10F0070003D00BF1010B5FFA8BFB05
S2140350C8AA4207D036F812EC8E4503D113B108B1BD
S2140350D80134E4B20AF1010A5FFA8AFAAA4206F12F
S2140350E812060BD1D4450FD916F80E0C10F007008C
S2140350F8E2D1EFE700234FF6FF71D4E736F8120C38
S214035108884201D8D445D2D80332123ED2B228E711
S214035118022E14D95B0707D0394628460BF09AF8AF
S214035128B8F1000F81D087E7032128460BF092F8E1
S214035138B8F1000F80D1062E3FF677AF7CE73146ED
S21403514828460BF087F858EA06063FF46EAF73E76F
S2140351586A6B00204575002090580020E449050036
S2140351688C7400204E7F00202DE9F043082300248A
S21403517885B08DF808300646022301214FF6FC70E9
S214035188CDE9004402AA0CF09AFDADF80A00D8B19E
S2140351982746DFF8A080DFF8A09099F80020E3B24E
S2140351A89A4224D8BDF80A4020460CF0ACFD411CB0
S2140351B847F06002204689B202F058FA0022BDF88A
S2140351C80A001146F4F736FA08F00CFC184AC0F33E
S2140351D80B01137801F55A51013113B1013B8908C4
S2140351E81370304605B0BDE8F0430EF0B1BC18F8AE
S2140351F80E5C6F2D17D8404630F8123D2D01ADF8DA
S2140352080C300AF0F7FF05F0700528448DF80E00F9
S2140352180123032203A90DF10A00F2F76BF900280C
S214035228D2D10137FFB2013408F11208B5E700BF3F
S214035238887400207C6B00208C74002010B5054C05
S2140352482046F2F703FA2046BDE8104000210EF088
S2140352587FBC00BF905800202DE9F0432A4D87B045
S214035268F6F7F8FB2A7829492948FFF7A7FC092106
S2140352782A782848EAF74CF90026244FDFF89C805A
S214035288DFF89C902B78F4B2A34202D807B0BDE8A7
S214035298F08304F582300B2203A900F5C070DBF710
S2140352A89FFE4FF6F670BDF814209DF81630511E73
S2140352B889B2814215D80020C3F3C003DB1840EB3C
S2140352C80001CDE90031214603ABFFF7A7FC002810
S2140352D8DCD14FF4805327F8143048F8240029F813
S2140352E8140004F5833001220DF10A0100F58070DD
S2140352F8DBF776FEBDF80A20064B01361A558022E0
S214035308054B1A55BEE700BF557F00207A6D00206F
S21403531818140020377400207974002034570020AE
S2140353286C6D002010B50A4B1C780EF045FDFF285F
S2140353380DD0012C38BF0124064A230232F8101078
S21403534819B101EB1313A3EB111322F8103010BD98
S214035358457500206C6D00202DE9F04700250646AC
S2140353680F46AA46DFF84490DFF8448099F80030E1
S214035378ECB2A34202D85046BDE8F08720460EF0AA
S21403538873FDC2070CD520460EF06EFD830707D4BF
S21403539838F8143037B133434FF0010A28F814307D
S2140353A80135E3E723EA0603F6E700BF557F002047
S2140353B87A6D002010B5084B084A1C780023D9B22A
S2140353C88C4201D8002010BD32F8021B013330EAA4
S2140353D80101F4D10120F6E7557F00207A6D0020FD
S2140353E8F0B50C464FF6F77187B08A4286461D46D7
S2140353F89DF8306002D9002007B0F0BD59681868D8
S2140354080DF10C0CACE803002C49ADF81420097810
S214035418A142F0D900218DF81660B61006F00206F0
S2140354280191704621460096FFF7F8FB0028E2D163
S214035438234B244A43F824009DF83830224E1B0297
S21403544822F814304FF4A04304F582300B2226F8D2
S214035458143003A900F5C070DBF7EEFD9DF8343071
S2140354681A4913F0040F17BF0123194B0B5536F8C7
S21403547814300CBF1B7843F0080304F583300CBFC5
S2140354880B5526F814300122214400F58070DBF70B
S214035498D3FD00210F4B104A1B782846234442F8B5
S2140354A82310E7F789F80D4B1855284608F0E5FB4F
S2140354B80B4A01201378013313709DE7557F0020AC
S2140354C8345700206C6D00207A6D00203774002056
S2140354D83E7F00204E7F002060560020797400200F
S2140354E88B740020054B1B78834206D90021044B96
S2140354F8044A1B78034442F823107047557F00205C
S2140355084E7F002060560020074B084A1878002371
S214035518D9B2884200D870471188013321F48051E4
S21403552822F8021BF4E700BF557F00207A6D00209F
S21403553830B585B004460D46E6F736FEA04202D8D7
S214035548172005B030BD20460EF08EFCC007F7D5F1
S21403555804F582300B2201A900F5C070DBF740FD85
S2140355689DF80E2001AB03CB69609107286030D401
S21403557812F0080F0CBF042303232B722046FFF7F1
S2140355889DFB154B68811B5D20466B730EF054FC20
S214035598124A2873135D4FF47A7103F00F03AB7343
S2140355A8135D002013F00F031FBF03F1FF3202231E
S2140355B893403C2218BF5343094A08BF0A2352F8AC
S2140355C82420B2FBF1F29A422CBF00239B1A2B61CC
S2140355D8B7E70223D1E700BF7974002037740020A9
S2140355E834570020F8B51F4E04463378834237D025
S2140355F8FFF764FB4FF6FF77B84231D02046347086
S214035608FFF704FA2046FFF759FB05460AF0C3FBE3
S214035618012301461A4628460CF00EFD2046FFF7DE
S2140356282BFB0546E0B9104A1378013B1370F4F7D1
S214035638B5FB294620460BF086FF80220B4B2046F7
S21403564823F814500A4B1A550A4B23F814500AF039
S2140356582DFB2A46394611200EF0AEFDFF23337084
S214035668F8BD00BF897F00208B7400207A6D002068
S214035678797400206C6D00202DE9F04F0E46154610
S2140356884FF000098BB01F469DF854309DF850A084
S214035698DFF84CB1049005939BF800205FFA89F471
S2140356A8A24207D84FF6F7739D421CD817F0020B91
S2140356B83FD01AE02046FFF701FB804604F5823008
S2140356C80B2207A900F5C070DBF78AFC4FF6FF72BA
S2140356D87EB9904516D14FF6F7729DF82630954257
S2140356E803F0EF0311D94FF6FF7528460BB0BDE854
S2140356F8F08F904506D00822304607A9EAF754FAF1
S2140357080028E8D009F10109C6E79F4207F0020816
S2140357182CD0F3F70FFC002857D12D4B2D4A1B78B6
S214035728234412F823B020460BF02EFFB8F1000FDF
S214035738DBD1E6F739FD284B1B788342D3D000210B
S21403574808460EF009FBFF280446CCD0059B014605
S214035758CDE901A32A46334604980097FFF740FE8F
S2140357680028C0D0F4F71AFBD8460FE02046FFF708
S214035778A5FAA842CDD1B8F1000FB6D13046E6F760
S2140357881BFF164B1855304608F077FA5146204645
S2140357980BF0ADFE2046FFF791FA05460AF0FBFA32
S2140357A800230146012228460CF046FCF3F7C2FB09
S2140357B828B9074B074A1B78234442F82380204618
S2140357C80BB0BDE8F04FFFF779BA4FF0000BAAE726
S2140357D84E7F0020605600208B74002079740020CA
S2140357E8557F0020F8B50026104F3C78F5B2AC423A
S2140357F80FD800250E4B6400224629460D481D7017
S214035808E9F786FE22462946BDE8F8400A48E9F73E
S2140358187FBE2846FFF7FAF8002128460BF093FECA
S2140358282846FFF729FA0136DFE700BF557F002031
S2140358388B7400207A6D00206C6D0020024B80214B
S2140358481A780248E9F764BE557F00207974002069
S21403585838B50EF0B1FAFF28044616D00B4D35F8C6
S21403586810301B0711D50A4B0A491B7801220B5423
S214035878014400F5833000F58070DBF7DDFB35F86F
S214035888143023F0080325F8143038BD7A6D002049
S2140358983E7F0020377400202DE9F04F794B0546EC
S2140358A81B788946022B17468BB004D00026304651
S2140358B80BB0BDE8F08F0EF0B4FD06460028F5D110
S2140358C84FF6F9739D4262D04FF6F8739D4276D031
S2140358D82B0A28460DF11E018DF81C308DF81B5037
S2140358E8F2F708FC002814BFB0464FF02008B3466A
S2140358F814BF06230E23022229463846039300F0D4
S214035908EBFC01220446039B002840F0B880DFF82E
S21403591880A18DF818209AF800204946CDE90000A2
S2140359288DF81A208DF81D0006AA4FF6FC708DF820
S21403593819800CF0C4F981460028B7D00AF02BFA70
S214035948B8420FD048460AF086F8394604300EF0B7
S2140359586CFC384604A90BF081FD70B1484604A9CF
S2140359680CF03BFA484B1B78033B012B2BD84FF61E
S214035978FF7148460AF044FE06469AF80030FF2BA5
S2140359880EBF01230133DBB28AF800308FE74FF0EE
S21403599808084FF0200B3C4B1B78033B012B85D99B
S2140359A80AF0F9F9B84281D10AF0F5F9FC238DF823
S2140359B81B30FF2305468DF81C3006239BE74FF064
S2140359C81008C346E7E70BF0A8FE80460028D4D0A5
S2140359D80AF0E1F9A8422DD12C4B1A7852BB0321C1
S2140359E84846F3F727FE0028C7D09AF80030A8F8E9
S2140359F8007088F80430002388F8053088F80830E3
S214035A080AF0C9F9A84202D1204B1B7853B10AF011
S214035A18C2F9B84206D12CB1237923F0030343F025
S214035A280103237100224FF6FF710C200EF0C4FB0E
S214035A380126A2E75946284608F1070200F078FC33
S214035A480446002899D0002203214846F3F7F2FDBE
S214035A580028CAD1237903F00303012B8DD10AF05A
S214035A689AF9A84203D1094B1B78002B85D02379D2
S214035A7843F0030323714FF6FF7323807DE716462F
S214035A8815E700BF92740020937400208A7F0020D5
S214035A986575002037B50E4B05461B780C46033B49
S214035AA8012B11D9E6F7A4FB01280FD0821E534217
S214035AB85341590128460DF1070200F039FC18B185
S214035AC8002144800BF010FE03B030BD1021F1E72F
S214035AD8937400202DE9F0438BB0857AB0F80690CE
S214035AE804460E4617460AF056F98145804605F0E1
S214035AF8400541D1002160880AF091FB0246002E3A
S214035B0844D1082304A9C14501EB03060CBF234966
S214035B1802A90868496803C6A2B3022100268DF8BD
S214035B28172001228DF81010217A45F020058DF8EC
S214035B381210A18808338DF81310090A8DF814106B
S214035B48E188CDE900268DF81510090A8DF8161098
S214035B586088314604AA8DF811500CF0B0F8054653
S214035B6880B1618809F0AEFE79003246284601F016
S214035B78FE01F3F75FFD06E0E08802A90BF06EFC72
S214035B880028B7D100200BB0BDE8F08330687168F1
S214035B9806AB03C345F010051023B3E718750020BA
S214035BA82DE9F74389461E460746904609F053FFF4
S214035BB80021044630460AF032FB054609F1070180
S214035BC8384601F02DFD7DB1B8F1000F02D10378F8
S214035BD81D44EDB2057063781A0716D56946304634
S214035BE8F2F788FA024618B1002003B0BDE8F0833E
S214035BF8082168460AF061F80028F5D120460CF01B
S214035C08BFF808226946E9F7D5FC0AF0C4F8014646
S214035C18201D0EF00AFB6378DB0603D538460C49CD
S214035C280CF0DBF83146A01C0EF0FFFA3146384676
S214035C3809F048FE074A13780133DBB21370E371A1
S214035C48A3790BB10120D0E70123A371FAE700BFBC
S214035C581875002090740020FF232DE9F04F8FB0AD
S214035C688146164605918DF822301AB301230BAAEE
S214035C780BF0ADFC9DF836500446EF0625D50027F5
S214035C88059BBDF8308003F108024946D2B20823C3
S214035C98009709A8CDE909770EF0CAFB3A464046AD
S214035CA809A9F8F7A5FC002840F08C80A90627D593
S214035CB810220DE013460BAA0BF089FC9DF836500C
S214035CC80446A80663D5062202E0AA0618D50822C3
S214035CD800230599BDF832700A44CDE909334946CD
S214035CE80093D2B2082309A80EF0A2FB384686F022
S214035CF8010209A9F8F77CFC002863D1002E46D0D8
S214035D08BDF830700AF047F8874249D038460EF097
S214035D1888FB8046002E45D1BDF82EB00021584694
S214035D280AF07DFABDF82C300390184606930EF059
S214035D3878FB06460AF02FF8069B834242D0B64BFA
S214035D481B78033B012B3DD915F04003049339D147
S214035D58039B0BB9002E35D09DF83570039B05F0D1
S214035D6818051F44FFB2082D8DF835706CD1202313
S214035D780493002C40F041810BF0CFFC054608B392
S214035D88002E40F0B28033460126B24674E0BDF8D2
S214035D9832700AF000F88742B8D14FF00108BBE723
S214035DA84FF00108002C43D09C4BE279678803EB3D
S214035DB8C20633F83220BDF832309A4205D04FF681
S214035DC8FF7323800FB0BDE8F08FBDF82EA0B8F19F
S214035DD8000F08D0002130460BF086FCA6F802A078
S214035DE80BF094F9EEE7BDF830000BF085FC05469A
S214035DF8414630460BF078FCA6F802A0884E2DB133
S214035E08414628460BF070FC63886B800BF07EF9DE
S214035E183378002BD6D03B46002248460599FFF731
S214035E28BFFE0028CED0394648460AF0E9FBC9E744
S214035E380BF06CF97A4B1B78002BC3D0B8F1000F24
S214035E48C0D14FF6FF77E6E7102D01D1049590E70A
S214035E58B8F1000F8DD1002C3AD0C2460021BDF808
S214035E6832000DF1220200F063FA03460028A9D097
S214035E78002E40F0CA8025460499BDF830000DF17F
S214035E882302079300F054FA044600289AD0644A7B
S214035E98079B1278002A78D0BAF1000F26D102465B
S214035EA82C466179B9427ED92546A4F802B06771B3
S214035EB81446002B00F09E809DF82230EA799A4219
S214035EC800F09880002E40F08E80EB7100253FE0AE
S214035ED80BF023FC044600283FF474AF4FF0010A86
S214035EE8BCE7002201261346DBE70126B8F1000FBC
S214035EF81ED107F077FD7E23B0FBF3F202FB1300F7
S214035F0805993A4605315FFA80FA484601F0AEFB32
S214035F184FF6FF71484609F0D5FC039B032B2CD993
S214035F28AAF17E0A022148465FFA8AF2F3F782FB51
S214035F38069BA5F802B02B809DF834306F712B7141
S214035F4800232B72002E42D19DF82230EB710125D7
S214035F58B8F1000F3FF436AF484609A90BF01DFF0A
S214035F6800283FF42FAF2A4609A90BA8FFF7B2FD6E
S214035F7828E7002625463446BBE7039B012B94BF38
S214035F880AF1020A0AF1420ACCE7BAF1000FCFD1A6
S214035F986979B94209D9A5F802B06F71002B8BD17C
S214035FA8002E93D024E025461446049A002A3FF48C
S214035FB809AF8F427FF406AF039307F013FD8307F9
S214035FC87FF400AF039BA5F802B06F7171E7FF2358
S214035FD8EB71002CBBD001252379A4F802B023F07B
S214035FE803032371B4E7FF23EB71002C3FF46EAF72
S214035FF80025F1E7002CD3D168E7002E7FF471AFB4
S214036008B24625460126534636E7BAF1000FB0D105
S2140360185646524645E700BF93740020E46C0020BA
S214036028547F002070B50C4B4FF6FF751C78002381
S21403603802460A489C4201D1002005E0068896429B
S21403604806D1AA4201D10B7070BD8679002EFAD00C
S21403605801330830DBB2EDE7537F0020E46C002001
S214036068002210B50A4B1C780A4BD1B28C4201D8D1
S214036078002010BD5988814204D11979890701D1B6
S214036088997911B108330132EFE70120F1E700BF30
S214036098537F0020E46C002010B5084B01461C789B
S2140360A80023074AD8B2844201D8FF2010BD914284
S2140360B803F10103FAD00832F4E700BF537F002048
S2140360C8E46C002038B50446FFF7E6FFFF280546CC
S2140360D803D13F210B480DF0C8FF4FF6FF73204648
S2140360E82380A37103210BF0FFFA074B07481A789E
S2140360F800210732D21002FB0500BDE83840E9F755
S21403610807BA00BF92E50400557F00206874002094
S214036118F8B504460026124D124F3A78F3B29A425F
S21403612809D800224FF6FF710F4B1D780F4BD0B2DC
S21403613885420BD8F8BDFF2C02D0AB79A34202D117
S2140361482846FFF7BFFF08350136E6E7FF2C02D0DF
S214036158187AA04201D1198019720A330132E6E788
S214036168E46C0020537F0020527F0020BC6C002084
S214036178FF28F8B504462CD0164B1B78834203D861
S214036188802115480DF071FF4FF6FF75134A32F854
S214036198341002EBC4000379A94203F0030318D0B2
S2140361A8012B16D100220E4B1F780E4BD6B2B742E0
S2140361B803D8BDE8F840FFF785BF1E88AE4205D072
S2140361C893F807C0A44504D0B14202D00A3301327B
S2140361D8ECE7F8BD537F002092E50400E46C00204A
S2140361E8527F0020BC6C00202DE9F74304F0BDFE67
S2140361F8324B1B78033B012B21D9314B1D88451B9A
S214036208ADB2E5B118804FF6FF7700202D4A137814
S2140362182B44C3F3C81403F07F0313702A4B2B4A8B
S2140362281E78C3B29E420DD800264FF6FF77284C39
S214036238DFF8A09099F80020F3B29A4216D803B074
S214036248BDE8F0831388BB420DD0137999070AD1AA
S21403625804EB9311022928BF022103F03F0389B2F6
S21403626843EA8113137108320130DAE734F80A8CEB
S214036278B84506D014F8043CAB4205D95B1B04F8B2
S214036288043C01360A34D5E709F085FD804534F821
S2140362980A3C04F8027C24F80A7C09D018460DF157
S2140362A80701FFF7BFFE18B19DF80700FFF760FF69
S2140362B814F8030CFFF75CFFE3E700BF93740020B2
S2140362C8106E002066750020537F0020E46C0020C3
S2140362D8C66C0020527F0020F0B500244FF6FF77E7
S2140362E803461048DFF844C006780F48E5B2AE42C6
S2140362F801D800200FE005889D4210D13AB1012A43
S21403630816BFC57905793CF83550A94207D1BB4273
S21403631802D114238371F0BD057A002DFBD00A3011
S2140363280134E3E7527F0020BC6C0020E46C0020B5
S214036338F8B50D46114607461646FFF773FE0028BE
S21403634836D102464FF6FF7C1E4B1F4C1978D3B244
S214036358994206D800231C4C8B4221D1F8BD083439
S214036368F5E7B4F800E00132E645F8D133700123C7
S214036378278023710021A17165B1144B45F00805E8
S2140363881A782571D31DDA103078114B02FB0030CA
S214036398E9F7BEF82379204603F03F032371DDE7C8
S2140363A822799209022AE1D001330834DBB2D3E713
S2140363B8037904469A071EBF23F0030343F0010339
S2140363C80371D7E7537F0020E46C0020557F002035
S2140363D86874002073B50DF107010546FFF722FE22
S2140363E840B103799A0705D113F0300404D043F07B
S2140363F80303037102B070BD28460BF085F9094BF9
S2140364084FF6FF711D7823469DF80760064AD8B2F3
S2140364188542EFD9D0790133B04204BF1180117297
S2140364280A32F4E7527F0020BC6C002030B50A4BD2
S214036438CC081B78094D0733DB1000FB0340012308
S21403644801F007018B402C5CDBB212B11C432C54C1
S21403645830BD24EA0304FAE7557F00206874002059
S21403646870B50B4B04461B78834204D840F24B2185
S21403647808480DF0FAFD0025074E3378E8B2834244
S21403648800D870BD00222146FFF7D0FF0135F4E798
S214036498557F002092E50400537F0020FF2810D084
S2140364A8FF290ED0084BCA081B7801F007010733EB
S2140364B8DB1000FB0323054AD05CC84000F001004C
S2140364C870470020704700BF557F0020687400207F
S2140364D80148F0F7CBBD00BF126E00202DE9F04748
S2140364E81E464D4B8CB01B681546074688469DF8D6
S2140364F8509003F0080A09F04EFCA8423FD1B9F1C0
S214036508000F14D06EB9ADF806603D460424224643
S214036518414628460BF094F900F001000CB0BDE89C
S214036528F0870023ADF806303D4606243AE03846A1
S2140365380DF042FCFF28044605D0F2F7FBFC10B129
S2140365482046FEF7CFFF96B10023ADF80630F8F7DE
S214036558FDF80028E8D0062440460DF1060202A9F5
S2140365680AF002FBD8B94046F8F7F8FA17E0ADF890
S2140365780660F8F7EBF80028C7D00424ECE73EB328
S214036588BAF1000F2ED000230B24ADF80630B9F16C
S214036598000F0AD1F8F7DAF82F460028DCD13D4673
S2140365A8002EB4D0BAF1000FB1D004F0040241466D
S2140365B842F0110228460BF043F9224606464146A6
S2140365C828460BF03DF9002814BF30460020A3E701
S2140365D8BAF1000F14D00124ADF80660B9F1000F24
S2140365E895D1D7E70B24284602A9F1F783FD07467A
S2140365F868B902A807F065FE20B9ADF80600EDE70E
S2140366080124F0E744F00204ADF80670E6E7002339
S214036618ADF80630E2E700BF245900202DE9F0471D
S2140366281E46744B8CB01B7807460D461446DDF899
S2140366385080002B3ED009F0AEFB30B36E4B1B6880
S214036648980722D44FF6F7739C4233D843463A4604
S21403665831462046FBF7F2FE09F09DFB854200F023
S214036668C5803046FEF75AFBA04203D10DF0A4FBC3
S2140366780AF08AFFBA1E534253412946002220468F
S2140366880CB0BDE8F0470BF0D7BCE7B1F91ED1F163
S214036698000949EB01094FF6F7739C4216D9032103
S2140366A8204607F0B0F903233A46314620460095BC
S2140366B807F098FA09F06FFBA84200F097804FF6A8
S2140366C8FF739C42CBE74FF00109E4E72B463A46B3
S2140366D83146204605F0CEF82146CDE900082B467C
S2140366E83246384607F03DFE80460146204607F008
S2140366F88AF9B8F1000F61D1B9F1000F12D100235E
S2140367083A4631462046009507F06CFA88F00103AE
S2140367182A4631462046CDF8009003F00103FFF7DA
S214036728DDFE99E7002FEAD003AA9246334B03F11E
S214036738100E9446186859680833ACE80300734586
S2140367486246F6D107A807F0A9FA032330687168EA
S2140367588DF81C3008AB03C39DF8293007A843F00F
S21403676802038DF8293007F0C4FB90B130687168CE
S21403677808AB03C3042307A88DF81C3007F0B9FB3E
S21403678838B1022307A88DF81C3007F0B2FB00289F
S214036798B5D1514607A807F0ECFB0028AFD0F4F7AD
S2140367A895FB0028ABD103233A463146204600958D
S2140367B807F018FA09F0EFFAA84250E743463A46B4
S2140367C831462046009507F00DFAB8F1010F9DD023
S2140367D8B8F1020F7FF440AF284607A9F1F78AFC01
S2140367E820B93246284607A90AF0F1FF0CB0BDE8DF
S2140367F8F08700BF8E74002024590020EE49050058
S214036808044B1A880AB100221A8000210846F9F7B1
S214036818ABBF00BF126E002000232DE9F0478EB0F1
S21403682804460D46CDE903334F7809F0B4FA50B160
S214036838B64B1B689A0706D4092103A807F08AF9FA
S2140368480EB0BDE8F087204603A9F1F753FC0646C9
S214036858002840F05781022F3DD0042FECD1E5F7EE
S214036868AFFC002846D0E5F7ABFC022840F02281AF
S2140368780DF12408334632464146304607F0A8FC55
S214036888012103A89DF8255007F095FD2840FF2809
S21403689800F0348105AD284609F01AFA002840F0BE
S2140368A82F8195E80F0088E80F003A46414603A86B
S2140368B807F0C8FB0246002840F02081032303A9FB
S2140368C8CDE9005320463B46FBF77EF900280CBF6C
S2140368D813210621B1E78D4B1B689B07ACD4023501
S2140368E8082229468A48E9F75FF90028A4D0E5F77D
S2140368F873FC08B91121A0E7864B874E1B78FBB9B2
S214036908FFF77EFF3088002860D103AF2946384654
S21403691807F0C2F9002800F0CA8028460DF10A01DC
S214036928F1F7C2FB40B90DF1240A504609F0D0F935
S2140369388046002800F08780FFF762FF0F217CE778
S2140369483088002842D101460DF08AF830800028A6
S2140369583AD001230822304603A9F0F7CBFD98BBAB
S2140369680123082229463046F0F7C4FD60BB0123FD
S2140369780222694809A9ADF82440F0F7BBFD03468F
S214036988308823B1002848D04FF0100920E00DF0D6
S2140369980FF861490746204601F0CAFC30880DF017
S2140369A807F8FFB2874209D1FF238DF82430012365
S2140369B859481A4609A9F0F79DFD28B90021012070
S2140369C8F9F7D2FE0C2138E73088DBE74FF00709E2
S2140369D80CF0D2FF074630880CF0CEFF348811211E
S2140369E800F10808204600F02DFE102182462046B6
S2140369F800F028FE0822044603A94046E9F7D4F81F
S214036A08002840F08180082229463846E9F7CCF862
S214036A18002879D1B9F1070F01D010210DE704EB4F
S214036A280A244546A4B271E730884FF0010828B116
S214036A38122100F007FEFF2881461ED12A46B946D2
S214036A482046402304E03A46A9464346BDF80A00D2
S214036A5843F00303CDE900A349460323FBF7B4F841
S214036A6800283FF469AF0721484607F073F8B8F1E2
S214036A78000FD9D0FFF7C4FEE2E6002108460CF063
S214036A88EFFFADF8140048B1204605A901F050FC05
S214036A98BDF814000CF08CFF0028CFD11423009304
S214036AA84A4639462046338801F0FAFBC6E7FFF71D
S214036AB8A7FE1FE7E5F784FB012801D00621BCE6FD
S214036AC805AD324633462946009603A8F9F75EFD18
S214036AD8024608B10A21B0E60C4B20461B6803A9F8
S214036AE85B0003F0040343F00303CDE900533B467E
S214036AF8FBF76AF80028E1D113219EE605219CE6F8
S214036B0812219AE60B2198E60E2196E624590020D0
S214036B181875002032740020126E0020012330B549
S214036B280D4C85B022788DF80430D5188DF80520DD
S214036B380E228DF806200A682570CDF807204A68C5
S214036B4801A9CDF80B200B22F0F7D4FCB0FA80F09D
S214036B58400905B030BD00BF8F740020014B18787C
S214036B68704700BF67750020142230B58BB0054602
S214036B780DEB02011548DAF733FA10BBBDF81430EB
S214036B88DA0720D413F0060FC3F3410208BFC3F392
S214036B9841220F4B0DF116019C5C68462246E8F726
S214036BA847FEBDF8263004F128026A4402F8283C5A
S214036BB802341B0A02F8273C69462A46E0B209F063
S214036BC8B0FF0BB030BD2320FBE700BF703214E0E4
S214036BD8FE49050010B58AB0ADF826200022CDE997
S214036BE8052204920CAA02924FF6FF720446AC21C1
S214036BF801200192064A039004FB012260320092A8
S214036C084CF620010DF126020AF03CFE0AB010BD30
S214036C18DC65002000B58BB0ADF824309DF8303025
S214036C2803208DF82630002303900A4909A8CDE9E6
S214036C380130CDE90533049301F160030093B1F8FD
S214036C485C3002204CF660410AF01CFE0BB05DF87F
S214036C5804FB00BFDC65002010B54FF6FF741E4A20
S214036C688AB0B2F86800B2F85E10A042ADF8260003
S214036C78B2F85C304FF6FD70ADF8241018D0814298
S214036C884FF0000094BF48F660014CF66001CDE96A
S214036C980500CDE90300CDE9010094BF09AA6032D7
S214036CA800920DF1260204200AF0ECFD0AB010BD8E
S214036CB881424FF000008CBF603209AA00928CBF55
S214036CC84CF6604148F66041CDE90500CDE903007E
S214036CD8CDE90100014AE6E7DC65002046660020A8
S214036CE800B50E4B0022B3F85E308BB0ADF82430F7
S214036CF84FF6FF73CDE90522CDE90322CDE901223C
S214036D0809AA00924FF400610DF126020720ADF898
S214036D1826300AF0B7FD0BB05DF804FBDC650020EF
S214036D2830B58BB08DF825301B0A8DF82630002336
S214036D380D4991F85840CD6DB1F85C00CDE905339F
S214036D48049307236031039308ABCDE9010300914D
S214036D584FF6FF734CF62041082008958DF824401B
S214036D680AF090FD0BB030BDDC65002070B54FF619
S214036D78FE76294C1D46B4F85E10B4F85C30B14272
S214036D8894F85C00A2B04FEA132321D14FF4404194
S214036D986034ADF808108DF80B008DF80C3003CC72
S214036DA80DF11504CDF80D00CDF811102270120A56
S214036DB86270002211461046A270E270ADF80620F3
S214036DC808F027FEADF8060090B9002022B070BD83
S214036DD84FF400448DF80D10090AADF808408DF8F5
S214036DE80B008DF80C308DF80E100DF10F04DDE74F
S214036DF8043402A9621A012392B20DF10600F0F7D1
S214036E0879FB0028E1D1BDF806002A4601210CF0DB
S214036E18FFFDBDF80600D9E7DC650020202A10B57B
S214036E28144614D8012A04D10C88B4F5004418BFB4
S214036E380124620030B10748E8F7BCFB064B002084
S214036E481C7010BD0548E8F7B5FB054BF7E721208E
S214036E58F7E700BF146E002068750020546E002004
S214036E68697500202DE9F047104617460DF0DBF943
S214036E78DFF814A1DFF814919AF8003099F8002087
S214036E880546134302D10020BDE8F08710F4406896
S214036E9800F0400619D186BBB0F5804F5CD24FF49C
S214036EA8807400239AF80000344AD9B288425DD821
S214036EB8002399F80000324AD9B28842E3D932F857
S214036EC8021B0133A142F7D155E0F81C0DF0ABF9CC
S214036ED84FF6FF73984214BF0124022486B1052691
S214036EE805F44043B3F5004F44F0080424D0B5F541
S214036EF8804F23D244F4807420E044460326EFE709
S214036F08B5F5804F4FF00506F4D3B8F5406F14BFB8
S214036F1802200820304438440DF085F9194B05F44F
S214036F284045B3F85C3083420CBF44F0080444F091
S214036F380404B5F5004F01D144F08004B8F5006F9A
S214036F480ED1B8190DF06FF90E4BB3F85E308342C5
S214036F58A7D144F01004A4E7444603260220D9E741
S214036F68B8F5406F08BF44F020049AE732F8021BCE
S214036F780133A14299D1012086E700BF546E002051
S214036F88146E0020DC6500206975002068750020F3
S214036F982DE9F04F104685B0164698460DF043F98E
S214036FA85D4F00F00803B7F85C10044600F00709C5
S214036FB8F01C02930391B7F85EB00DF034F906F1AE
S214036FC8050A054650460DF02EF903464FF6FF70A0
S214036FD8854218D00399A1EB050CDCF1000545EBB7
S214036FE80C056D004FF6FF718B420ED145F0040574
S214036FF80CF092FF029B6BB1B9F1000F11D042203F
S21403700805B0BDE8F08F0125ECE79B4508BF45F0C2
S2140370180805EDE7B9F1030FF1D8DFE809F0021B1D
S214037028795D0CF079FF08B9A807E8D524F00804B9
S214037038A4B2B4F5004F05D0B4F5624F02D0B4F548
S214037048404FDCD10025294697F8A820002008F0F1
S214037058E0FC3CE0D7F88030E3B900213246084626
S214037068FFF700FFD8B948F6410224F038039BB26D
S2140370789342C4D10A2D49D0062DC0D197F877304C
S214037088023B012BBBD8EEF7AFFF0028B7D140F67B
S214037098040505E04146304698470028DDD0082514
S2140370A8E20648BF45F08005A30648BF45F4805569
S2140370B805F00C03042BC6D1F01D0DF0B4F897F8B1
S2140370C8A8303246009341462B4608F077FC08B3AF
S2140370D80E9B1880002093E7A90705D14FF6FF7388
S2140370E8B7F85C209A428AD104F44063B3F5006F7C
S2140370F80AD0B3F5406F82D1082250460749E8F70D
S21403710853FD00287FF47BAF0C25C9E70425C7E7A2
S214037118432075E7192073E7DC6500203C660020EA
S214037128034B1A781AB1FF2A04BF00221A70704755
S2140371386B75002070B5084C084E2378F55C1DB1B6
S2140371483E2107480CF091FFFF2223782846F25485
S2140371580023237070BD00BF6A7500206B7500207E
S214037168A0E50400034B044A1B78D05CFF3818BF1D
S214037178012070476A7500206B7500200023074AB4
S21403718807491360074A1360074A1360074A1160E2
S2140371980121074A1170074A1360704714670020D5
S2140371A8171A0400106700200C670020587E00207A
S2140371B88B7F00201C6700200E2A70B50C460646F7
S2140371C81546194603D9FFF7D9FF502070BD012885
S2140371D807D10020EEF722FFB0B1FFF7CFFF21203B
S2140371E8F4E780220021224B1A70224B1960224BA7
S2140371F81B684BB134200CF033FC204B188018B9AD
S214037208FFF7BCFF0120E1E724F0FF6323F4FF2325
S2140372181BB1FFF7B3FF4F20D8E774B92046EEF744
S21403722817FF0124032510F0800F43B21BBF00F09D
S2140372381F039C409C4044F078440020104B24F0E5
S21403724878441E700F4B10491D70104B1C60104B72
S2140372581870104B1A68EFF797FA18B1FFF78EFFF6
S2140372680420B3E79DF810200B4B1A70AEE700BF57
S2140372786C750020186700200C670020946E0020A9
S214037288717500206F750020857503001C67002044
S21403729870750020146700206D7500207FB5244B99
S2140372A800251A7801232348234903FA02F20078B3
S2140372B81A440A60ADF80E5020B3984236D11F4CD4
S2140372C81F4B20781B680DF10E0198471D4EBDF81D
S2140372D80E20307092B11C4B294600932846022391
S2140372E80195EFF78BFA3278237822B1012A12BF79
S2140372F81B230133DBB2237004B070BD013818BFFB
S2140373080120F0E778235A43013A0A6008220F4916
S2140373180CF0ECFA0B49094A0978137821B10129CC
S21403732812BF1B230133DBB21370E5E71846E3E706
S2140373386F75002071750020206700207075002087
S214037348587E00208B7F0020C1750300AD3E0400E5
S214037358024B1868003818BF012070470C670020D6
S21403736837B505461C460CF0D7FD68B974B1084B0B
S2140373781A60084B0A461C60012329460093032318
S214037388FFF71AFF03B030BD4D20FBE72520F9E7CA
S214037398086700201067002013B504460CF0BCFDF0
S2140373A858B962B1074B1A6001230A46009321466F
S2140373B80323FFF701FF02B010BD4D20FBE725208E
S2140373C8F9E700BF0C6700202DE9F0410446DDE924
S2140373D806861D469DF820700CF09EFD88B99EB162
S2140373E8A2B10B4B01201A600A4B0A46C3F8008069
S2140373F8094B21461E602B460697BDE8F041FFF76A
S214037408DBBE4D20BDE8F0812520FBE72120F9E708
S214037418587E002014670020106700200148EFF705
S21403742825BE00BF946E00202DE9F0410020EFF73B
S21403743819F9114B114C1E68114B20881D68114B06
S214037448114FD3F8008010B13978EFF7E9FF002021
S2140374583870FFF793FEEFF723FC0EB14046B047AC
S2140374683DB12088A84700232380BDE8F0410CF0EF
S21403747877BEBDE8F08100BF10670020946E002039
S2140374880C6700201C67002072750020F8B52F488B
S214037498F0F7DCF82E4B187830BBEEF7D9FD2D4FF6
S2140374A806463B6803B32C4B2C4D1C6824B195F950
S2140374B800301A461946A047294B1B6883B1294C46
S2140374C82378312B0CD8284B18880CF055FA2378D8
S2140374D85A1C22702A78C25423785A1C2270C6541F
S2140374E880232B7000233B60204C23781A2B22D84A
S2140374F81F4A1278012A09D100211E4A156825FA5F
S21403750803F0C007DAB20ED501B122700020EEF7F9
S2140375189FFD2178884212D10022174B1A70FFF775
S214037528BDFE40B9F8BD0133D8B21A284FF00101A1
S214037538E5D90A442270BDE8F840FFF775BF002076
S214037548EEF798FD0028E7D0F5E700BF5C7E00203D
S2140375587175002018670020086700206C750020E6
S2140375680C67002072750020946E0020707500204A
S2140375788B7F00201C6700206E75002008B50B4B18
S214037588187880B90221EEF737FD094B1B782BB123
S21403759800214FF6FF720846EEF710FDBDE80840D7
S2140375A80448FFF773BF00210846ECE7717500200F
S2140375B86D7500205C7E002038B5144B0C461D788C
S2140375C8012D21D181B90846EEF742FD104A05FA86
S2140375D800F013680F4923EA0003136020462A467F
S2140375E8BDE838400CF082B90B4A13780133DBB296
S2140375F8022B137004D9BDE838400848FFF746BF86
S214037608FFF74CFE0028F6D138BD00BF7175002081
S2140376181C670020AD3E04006E7500205C7E0020CB
S21403762838B50C4605460CF0C3F9A04203D82D21FD
S21403763803480CF01AFD28460CF09EF9204438BD82
S214037648B4E5040070B506460D460CF095F90446F5
S21403765848B130460CF0ACF9A84203D835210248A5
S2140376680CF003FD605D70BDB4E5040070B50C4610
S214037678064615460CF09CF9A04203D83E2104485A
S2140376880CF0F3FC30460CF077F900B1055570BDE5
S214037698B4E504002DE9F0431E46574B8FB01B781C
S2140376A80746033B012B0C4615469DF8588007D81A
S2140376B8F4F718FA20B1F0F71DF908B144F40054AA
S2140376C84E4B1B7813B924F40074A4B2200509D5CD
S2140376D846B9284604A9F0F70DFD002846D024F439
S2140376E80064A4B2ADF81840ADF81A5008F053FB7E
S2140376F8434BADF81C00B8F1000F02D01A78424588
S21403770801D293F800803F4AE105137848BF0DF18C
S214037718210103F10103DBB2137058BF08A9220540
S2140377288DF81E808DF81F3006D53368083141F86A
S214037738083C736841F8043CE30407D5324A083129
S214037748136841F8083C536841F8043C0DF11808DF
S214037758A1EB08005FFA80F9002148460CF080F98F
S214037768064628B900200FB0BDE8F08304AEB9E793
S2140377780CF002F941464A46E8F75AF830460CF048
S21403778817F9804630460CF0F7F8002302460093B4
S2140377984FF6FF7004235FFA88F108F00FF9ADF887
S2140377A80E000028DED040F201131C421AD14FF611
S2140377B8F7739D4216D80CF0FBF80DF10E0104463C
S2140377C8284600F0B5FDBDF80E000CF0F1F8E4B25B
S2140377D8A04207D9BDF80E0008F03DF9437843F0F8
S2140377E804034370BDF80E003A4601210CF010F965
S2140377F8BDF80E00B7E700BF937400208E74002010
S214037808407F00209074002018750020F0B50829E2
S214037818D58889B028D00C2926D0AE0424D405F000
S21403782840030B43424C267816B105F02004234345
S2140378382FB2002FB8BF43F08003032920D11223A9
S214037848AC068DF80430937A10D48DF805300DF114
S214037858060401A9621A012392B2EFF74BFEB0FAA7
S21403786880F0400909B0F0BD0B46DBE732228DF8FD
S21403787805308DF80420002EE9D00DF11304E8E74F
S2140378880C298DF804300ABF138953798DF805300F
S214037898548805BF1B0A8DF806308DF805300DF1A0
S2140378A8070318BF0DF106031C70240A5C701488BE
S2140378B802399C70240ADC70147901291C7111D8CA
S2140378C8917A002F597131DA022112899971DA7186
S2140378D8120A03F109041A72002EBAD0AB06B8D5F9
S2140378E80534B6E7A9071AD4002F0CDA117A51B172
S2140378F8917A59711189127A03F1080492B1022216
S2140379089A71D971E8E70B4C217801F1010C84F8D8
S21403791800C091729C1D002F5971DDDAEAE7917A4F
S2140379289C1DF8E70122090A9A71EAE79C1DD3E72A
S2140379388E7400208F740020014B1880704700BF98
S214037948966E0020014B1888704700BF966E00207D
S2140379582DE9F84307460CF081FB05461B480CF057
S214037968F8FC1B4B60B31C683C1B2C44A4B20022D7
S214037978184BDFF868901B78174D03EB830399F8C9
S214037988006005EB43055FFA82F846450AD9AB88DB
S21403799805F10A00A34216D90A23B21A29465A43FE
S2140379A8E7F708FE013689F80060AC80B8F1000FE7
S2140379B803D1394605480CF0CBF82846BDE8F883CA
S2140379C83C461D60D3E705460132DCE77C7E002093
S2140379D82467002073750020386B00207475002018
S2140379E81FB5154A154C1378013BDBB21370616853
S2140379F8206801AA03C221891180114A1278D21875
S214037A0805D00A2320465A43E118E7F7D3FD9DF825
S214037A1806301B070DD0BDF80C00FFF799FF034689
S214037A288288ADF8082001AA03CA1288186059602C
S214037A381A8104B010BD00BF73750020386B002090
S214037A4874750020002108B5084B09481970094BBE
S214037A581970094B1A7802EB82025200E7F758FDB1
S214037A68BDE808400548EFF7F1BD00BF7475002070
S214037A78386B0020737500204C7F00207C7E002026
S214037A88F8B50024084D094F094E3B783178E2B221
S214037A980B449A4204F1010400DBF8BD2846EFF7CD
S214037AA8E5FA0A35F1E700BF386B00207475002045
S214037AB873750020F8B516460C4B0D4A1B781278DA
S214037AC8074613440B4A0D46127893420CD03046A9
S214037AD8FFF73EFF013506810780857004460CF0E4
S214037AE8B8FAE0800120F8BD0020FCE77375002093
S214037AF8747500204C7F002010B5064C207828B1FA
S214037B080548F5F799FD10B1034B188810BDFFF724
S214037B1867FFF3E773750020386B002008B50A4A39
S214037B280346107860B1094A1088984209D121B9EA
S214037B389378103323F00F039370FFF751FF012058
S214037B4808BD0020FCE700BF73750020386B0020D3
S214037B582DE9F74F00260CF081FADFF8F890B246C5
S214037B6899F80070B3463A46DFF8EC801FFA80FEB1
S214037B78B8F800C0344CAEEB0C039BB201932378E1
S214037B88324D009303EB830305EB4303ACEB0E0C78
S214037B985FFA86FEBE4515D3BAF1000F01D0009BE7
S214037BA82370BA422AD3002F37D00A222378C8F87C
S214037BB8000002FB03532648998803B0BDE8F04F3C
S214037BC80BF0C6BFB3F804E001998E4512D84FF000
S214037BD8010A009993F802E001310EF1FF3EC9B29B
S214037BE8013AA3F804B083F802E00091D2B20A334C
S214037BF80136CDE7E644A3F804E0F8E789F8002061
S214037C084AB10A222378C8F8000002FB0353104837
S214037C1899880BF09DFF237813B903B0BDE8F08F5E
S214037C28FFF76AFF06460028F5D007F035FE01463B
S214037C38304608F0E5FC20B100212888FFF76EFFE0
S214037C48E9E740F60241F8E773750020386B002031
S214037C587C7E002074750020246700202DE9F041FF
S214037C6892F808801F4608F1FF33DBB2EF2B054670
S214037C780E46144688B00BD982238DF80E3031464B
S214037C8828469DF80E30204AFBF774FA012037E0A1
S214037C980E22002104A8E7F73BFCB4F809308DF858
S214037CA81180ADF81230E37A03F07F02032A08D076
S214037CB8012B24D103238DF81030A389ADF8153092
S214037CC80EE0032B14BF022301238DF81030E3685C
S214037CD8CDF815302369CDF81930237D8DF8143087
S214037CE8A7F121014A420DF10E034A4100932146AA
S214037CF80DF10F0304A8FAF793FD0028BFD100205F
S214037D0808B0BDE8F08100BFDC9B04002DE9F04F06
S214037D1800241D7895B0CDE9020104922346224635
S214037D280120CDE90054404909F06DFFADF81E0067
S214037D38F8B1A346264627460DF120090DF1380A61
S214037D48E4F72CFA5FFA84F8404516D83A46022137
S214037D58BDF81E00FFF78AFC32460421BDF81E0054
S214037D68FFF784FCDDE903100022BDF81E30FBF79D
S214037D7801FA012015B0BDE8F08F4A4640460AA925
S214037D88FAF740FD9DF8282022B12DB1013DEDB24A
S214037D980137FFB20134D3E7BBF1000FF8D199E8F6
S214037DA803009DF829308AE803008DF84030BDF8B3
S214037DB82A30032A8DF841304FEA13238DF84230D0
S214037DC817BF032301238DF843309DF82C30DDF8C5
S214037DD83110DDF82D0014BF8DF84C308DF8433084
S214037DE811AB03C302980CBF4FF00E084FF01508EB
S214037DF809F0D0F80590BDF81E000BF0D9FD0599DB
S214037E0800EB080399420BDB0123424651460DF16A
S214037E181E00EFF76FFB0028ABD10136F6B2B7E7C3
S214037E284FF0010BB4E700BF89E5040038B50546F3
S214037E380D4B0E481C88EFF7F5FB012D0CD10C4BA8
S214037E481C88FA21614358B1884209D28408012C58
S214037E58204638BF012038BD022D08BF0224F0E7AC
S214037E6802480BF075FEF2E7346B0020F05700204B
S214037E78326B0020012208B5054B06481A7000210C
S214037E880BF066FEBDE808400020FFF7CFBF00BF33
S214037E985F740020F05700201E4B73B51A8802F152
S214037EA808039BB2012B02D81B4B1B7823B902B0DD
S214037EB8BDE87040EFF7CABB0024184B184D1C707A
S214037EC8184B1C702B787BB14FF6FC73164E009339
S214037ED8224623462146308809F09AFA4FF6FD7360
S214037EE82C70338001200FE0104B10461978F4F7F6
S214037EF819FF0028F6D10C4B1A884FF6FD739A42E1
S214037F08F0D0012302202B7002B0BDE87040FFF7C3
S214037F188DBF00BF366B00205F740020627400209C
S214037F286074002061740020306B002063740020A6
S214037F38012808B50AD002280CD020B9084B1870B7
S214037F480848EFF783FB4FF0FF3008BDBDE808404D
S214037F58FFF790BF0020BDE80840FFF767BF00BFE4
S214037F685F740020F057002002280CD859B1064A3F
S214037F7813780133DBB21370044A12789A4202D894
S214037F880220FFF7D5BF7047617400206474002091
S214037F9838B5A0F61343012B04460D4615D80E4AEA
S214037FA813780133DBB213700C4A12789A420CD852
S214037FB84FF6FD720A4B00201988914201BF002232
S214037FC81D80084B1A70FFF731FF29462046BDE887
S214037FD8384005F055BD00BF627400206574002064
S214037FE8306B00206074002000234FF6FD71054AAD
S214037FF81370054A1370054A1180054A1370054A1B
S214038008137070476274002061740020306B002080
S214038018607400205F74002030B5094B02461B7855
S21403802833B1084B084C19780023D8B2884201D3D9
S214038038FF2004E0013334F823509542F5D130BDD0
S2140380484B7F002067740020106B00200022FF215E
S214038058044B05481A70054B1970054B1A7892009D
S214038068E7F756BA67740020146B0020667400207E
S2140380784B7F0020F7B58DF807100DF1070104466E
S21403808803F0A3FC234B1D78002D41D02046FFF7B1
S214038098C3FF214EFF283178204B05D1204A10789C
S2140380A885422DD9451C1570884219D01C4A1B4D8C
S2140380B892F800C00022D7B2BC450CD92F4697F8D1
S2140380C803E00132864505F10405F4D102B203EB59
S2140380D88202D278FA7002B203EB8202D170307051
S2140380E802B203EB820123F82240FF228A709DF82E
S2140380F80720FF2A02D003EB8203987003B0F0BD73
S2140381080A46104603EB8202D278FF2AF9D1CBE758
S214038118FF20F3E74B7F002066740020146B0020D3
S214038128677400202DE9F843FFF776FFFF28044617
S21403813869D04FF6FF72354F03B2DFF8DC80344E52
S21403814827F8232098F80050A54202D10020BDE85E
S214038158F883337820B28100A34207EB800090F8B7
S21403816803E010D00023294A5FFA83F94D45944665
S21403817806D99CF803900133A14502F10402F3D112
S2140381888CF803E001E086F800E0013DEDB22A1B17
S214038198D2B2043192003944E7F70CFA88F8005053
S2140381A83378FF2B04D0A34224BF03F1FF33337085
S2140381B800214FF6FF70154BCAB2AA420CD3002310
S2140381C84FF6FF71134ADCB2AC42BBD2013332F826
S2140381D823008842F7D1B5E79A78A2420BD11880D4
S2140381E8DA78FF2A04D0A24224BF02F1FF32DA70FB
S2140381F801310433E0E7FF2AF2D0A24224BF02F19A
S214038208FF329A70ECE72D20A1E700BF146B00201D
S21403821866740020106B002067740020F8B51C4BAA
S21403822805461B78084673B3FFF7F6FEFF28044691
S21403823829D02846FFF7F0FEFF2806D0154B164E22
S2140382481A780023D9B2914218D3FF212846FFF79C
S21403825811FFFF28014616D00546104F23B207EB39
S214038268830237F823009678FFF704FFA84208BF6F
S214038278FF25FF2E214608D12846F8BD013316F8F8
S21403828823108142DED1FF25F6E73446E6E700BF32
S2140382984B7F002067740020126B0020146B0020AD
S2140382A82DE9F04180460E461F46002386B001A8F6
S2140382B814469DF830508DF80330FCF74BF8ADF8AC
S2140382C804802EB13368CDF806307368CDF80A30CB
S2140382D838460BF051FB0DF103034219214601A85A
S2140382E805F0DAFB9DF8033093B931464046E4F7C8
S2140382F877F90E4B1B785BB10B2C09D8FF21404648
S214038308FFF7B8FE064605EB4404E4B2A54202D1DD
S21403831806B0BDE8F0812946384609F017FC314611
S214038328FFF7A8FE02350646EDB2EFE74B7F0020BF
S21403833800232DE9F3470DF107028DF807300446AD
S2140383480E4603F02DFB9DF80730054663B9204615
S214038358FFF762FE04465EB130880BF029FB5FFA2E
S21403836880F8FF2C45D10025284602B0BDE8F087E3
S214038378B046F6E701320C2AF5D02DB207EB850591
S214038388AD78FF2DF6D112F0FF0AECD04FEA4A0576
S2140383980235EDB2002EE7D0304605EB080109F0AA
S2140383A89AFB0028DFD1524641463088FFF75EF92C
S2140383B80AF1FF3208F1010108F102093088D2B246
S2140383C8C9B25FFA89F9FFF751F924B207EB8404B7
S2140383D8A478FF2CC8D023B2494637F82320308820
S2140383E809F0C4FB0028BED109F102095FFA89F92E
S2140383F8EBE725460022014FBFE700BF146B0020BA
S214038408FF2818BF064B10B51BBF03EB800433F8D1
S21403841820302D200B801EBFA3780020137010BDBC
S214038428146B002008B5D0F7F5F9CFF7F5F900F087
S2140384380BFDD1F7EBFEBDE80840CEF7A7BC10B599
S214038448044601880120D0F7A5FAE3880BB9C823A8
S214038458E38010BD70B50C46088800F0F3FB94F86B
S2140384684430054683420FD004F11C06304600F01C
S2140384782CFC84F8445000F02CFC618BA064304636
S214038488BDE8704000F01CBC70BD38B5044690F8D3
S21403849844108378826CCB1A59425941CEF742FD71
S2140384A8E37893B1257985B900F013FC0346A268EF
S2140384B8218A04F11C009C1A8C4236BF521829469E
S2140384C8D11ABDE8384000F0FBBB38BD10B590F8AC
S2140384D89E30CA1802F03F02024492F85D404A1CD6
S2140384E802311A440B4402F03F0203F03F030244EE
S2140384F8034492F85D2093F85D301B0443EA022395
S21403850843EA040010BD0023C0E903337047836AB7
S2140385180B60C36A4B60036B8B6070470B4610B5E2
S21403852804461C2200211846E6F7F2FFA2880280BA
S214038538E288428022898280E2688260227E027311
S21403854810BD30B50A44914200D130BD90F89D3035
S21403855890F89E40013303F03F039C42F5D090F811
S2140385689D4011F8015B044484F85D5080F89D3003
S214038578E9E7CEF74FBE00B1A030704738B50446DA
S21403858800F089FB204600F082FB0546204600F0F3
S21403859880FB204600F07EFB284638BD30B129B163
S2140385A8436D0B60836D4B60C36D8B60704790B1F2
S2140385B889B1C38D0B80038E4B80438E8B80436BB0
S2140385C88B60036C0B61436C4B6190F83C300B7605
S2140385D890F83D300B73704738B5044638B190F8B9
S2140385E8893013B190F83D3013B9B4F9320038BD69
S2140385F800F06FFB236AC51AB5F57A7FF5D394F9AD
S214038608060000F044FB41F28833584347F23053E0
S214038618B0FBF5F0984228BF1846E36D584300F5BB
S2140386280040000CE3E77047CEF776BECEF784BE6D
S21403863810B590F888300446052B0BD194F83C30D7
S214038648808843B100F0F4FA002384F83C30002312
S21403865884F8883010BD00F0E1FA0123F5E770B519
S214038668044600285BD090F88930002B57D000F0DA
S21403867830FB064694F90600FFF780FF054694F993
S2140386880700FFF77BFF47F23052954288BF002565
S214038698904294BF03460023C82202FB05F15A43BF
S2140386A86264E26D21646A4302F50041090C61863F
S2140386B8A16B1144A163A26BB2F1347F0FD294F875
S2140386C888102565C9B194F88A0094F83C2068B1E7
S2140386D872B1A26DE3645A43120C22860DE0A2F12E
S2140386E83472A263626B01326263E4E7002AF0D055
S2140386F8626DA3645A43120CE2850123194420468B
S21403870884F8881084F83D302662FFF791FF04F159
S214038718600041F28831BDE8704000F0D1BA70BD00
S21403872810B5044660B10023C0E90D3390F906007E
S214038738FFF724FF94F90700BDE81040FFF71EBFB4
S21403874810BDFFF7EDBF28B190F889300BB18C3018
S2140387587047184670477047034690F8340028B1A8
S21403876893F8350083F83A10D0F72ABB18889B7815
S21403877811B11BB900F05CBA002BFBD100F04EBA5E
S21403878810B590F83A2090F83B3004469A421FD02A
S21403879800F09FFA236C228FC01A904294F83B107D
S2140387A804D32046BDE81040FFF7D6BF94F83C3004
S2140387B8C91A414391FBF2F119442046C9B2FFF79F
S2140387C8CBFF04F144001421BDE8104000F078BA4A
S2140387D810BD38B58388044633B3C37800F10C0557
S2140387E88BB10021C170FFF7B7FF4FF6FF72A3885E
S2140387F8218993421CBF03F1FF33A3802846BDE8B3
S214038808384000F05DBA0123C37090F834304BB19A
S21403881890F83610002908BFFF212046FFF79CFF73
S214038828E188EBE7FF21F8E738BD0122C270002292
S214038838828090F8342003461AB190F83610CEF7A3
S2140388489DBD9B7800880BB100F0E8B900F0F0B93D
S214038858002190F834200346C17081800AB1CEF710
S2140388688DBD9B7800880BB900F0D8B900F0E0B945
S21403887810B590F834300446A3B190F8363013B9DF
S214038888FF2380F83630A1782088B1FA81F14909A8
S214038898D0F7F2F900230028B2BF84F8343084F8FE
S2140388A8350063872046BDE81040FFF7D1BF90F830
S2140388B8342080F836101AB1C3780BB1CEF75EBDF4
S2140388C8704701877047F8B5044607460025012612
S2140388D83B4657F8040B10B11B1B0C2B00DDF8BDE9
S2140388E8227C8580002AF3D0627C42B1A27C9B104E
S2140388F806FA03F3134202D0FFF797FFE8E7FFF7FA
S214038908A7FFE5E7FFF7DFBFF8B5044605460126E8
S2140389184FF6FF772B4655F8040B10B11B1B0C2B91
S21403892800DDF8BDA27C9B1006FA03F3134202D1BE
S214038938FFF78EFFEEE78388BB42EBD04FF4FA725D
S2140389484FF6FF731146CEF743FDE3E788B139B117
S214038958E623418059434FF47A73B1FBF3F1018060
S2140389683AB1E623C2815A434FF47A73B2FBF3F261
S21403897882817047F0B5059E9DF818409DF81C50F7
S214038988002858D0477C002F35D0002C33D000243D
S214038998C0E90444846184890CB1B4424DDDC489BA
S2140389A80CB19C4249D90488002C61D14688002E14
S2140389B871D00CB99E4270D8436923B901290B4676
S2140389C838BF01234361C4F1020404744FF47A7474
S2140389D84369CA1A838863439A422CD30123437490
S2140389E800234361C37C042B2ED8002D45D043892E
S2140389F804FB031338E090F812C0BCF1000F05D04F
S214038A0806230374201E18BF0120F0BD7FB1002C77
S214038A18C1D185B1836973B1CB1A002B0BDBC37C39
S214038A28C0E905440133C37444740220EDE7002CFF
S214038A38B1D1446104740020E7E70123437400239B
S214038A484361C37C042B07D9012383740623037469
S214038A58002383610120D8E7032303746DB14FF421
S214038A687A72438902FB0313012B38BF0123F0E70D
S214038A78B442CCBF0024012498E78561EAE703895A
S214038A883BB141F288318A4203D9934201D905237F
S214038A980BE0002309E0002C8ED100234361C38832
S214038AA8002BECD09342EAD204230374C3E709B13C
S214038AB800F0B4B800F0BCB810B50446C06008307F
S214038AC8D0F798F921792088B1FA81F14909FFF797
S214038AD8EEFFA37943B121796088B1FA81F1BDE845
S214038AE810404909FFF7E3BF10BD00F0DFB838B5FB
S214038AF804460D4600F0F2FE28B129462046BDE896
S214038B083840CEF7A1BD38BD0346184613F8012BE7
S214038B188A4201D0002AF8D1704738B50D46044674
S214038B2869212846FFF7F0FF037828465B1A18BF23
S214038B3801237021A370FFF7E7FF03788B4201BF79
S214038B48012384F83430FF2384F8363038BD10B553
S214038B583B2104460068FFF7D7FF0022034603F8C5
S214038B68012B2068236010BD10B540B1421E0A24AD
S214038B78002012F8013F303BD9B2092900D910BDAD
S214038B8804FB0030F5E708B500F08DF808B540F2A9
S214038B98BA4200211020CFF779FE41F2E823584362
S214038BA840F6FF7300F2FF70B0FBF3F080B208BD27
S214038BB8012070474FF6FF70704750F80C3C23B1FE
S214038BC850F8041C30F80E0C18477047084619B1BD
S214038BD8FF21103002F0E1BD70470020704773B5DF
S214038BE805460E466DBA1446CFF77CFFADF804501B
S214038BF87EB1012C04D0032C09D00022012101E008
S214038C082246022101A8D3F77DF802B070BD0022E0
S214038C18F7E7042132460DEB0100F4E707B540BA3F
S214038C28ADF8040001A8D3F7A1F803B05DF804FB78
S214038C3807B540BAADF8040001A8D3F7C3F803B0E4
S214038C485DF804FB002307B540BAADF804000DF140
S214038C58030101A88DF80330D3F7E0F89DF8030065
S214038C6803B05DF804FB007800F0DF03552B07D04C
S214038C78642807D0663818BF4FF0FF30C0B2704775
S214038C8801207047032070474FF0FF3070470020DD
S214038C98704770477047704718B12D280CBF0120DE
S214038CA802207047704708B502F069F908B500F066
S214038CB88CF8BDE8084004F0B5BE50E90230184702
S214038CC80A460830FF2102F05FBDFF21083002F094
S214038CD86CBD08B50BF021FABDE8084009F000BFE3
S214038CE8D0F796B82DE9F041044600274FF00C0E4E
S214038CF88F4202DB0020BDE8F0812078904204D141
S214038D08002594F80780454502DB01370C34EFE766
S214038D180EFB05F6D4F808C00CEB06003CF8066014
S214038D289E42E8D00135EEE7F8B50446BDF818507C
S214038D3840B1FFF7D7FF80B100230C27C6789E42C1
S214038D4802DC00242046F8BD07FB03F241688C18B2
S214038D588A5AAA42F6D00133F1E70446F2E7F0B599
S214038D6885B005460E461746D0F77AF90446A0B1ED
S214038D7831462846D0F72CF983783A46002BA36861
S214038D8831460293A378284601934FF000030093D5
S214038D980CBF80234023DFF737FE05B0F0BD08B5C8
S214038DA81288D0F75DF950B10279BDF80C309A42B3
S214038DB807D881680298E6F7FDFB002008BD8620E1
S214038DC8FCE78920FAE7D0F74DBA002004F0AEBED8
S214038DD810B5044688B1E0F7EFF902280FD120460C
S214038DE8D0F7C8F821780846E1F7A2FD04F01CFA84
S214038DF8002814BF0320002010BD0220FCE7012032
S214038E08FAE710B5044698B1E0F7D6F9022811D167
S214038E182046D0F7AFF801212078E1F789FD002135
S214038E28084604F004FA002814BF0320002010BDE7
S214038E380220FCE70120FAE708B504F0E7FE00285D
S214038E4814BF0320002008BD704708B502F081FB55
S214038E58FFF7E8FAD0F762FA642004F030FA6420E1
S214038E6804F02CFA02F077FBCDF7BCFF09F062FAA0
S214038E78F8E7F8B5D0E90176437B04460D4613B107
S214038E8833463E461F46FFF724FF012D2064384627
S214038E980ED1CEF725FB3046CEF746FB2573607812
S214038EA84FF47F42BDE8F8404FF48171FFF757BF90
S214038EB8022D05D1CEF738FB3046CEF711FBEDE78A
S214038EC8CEF732FB3046CEF72FFB0025E6E738B55C
S214038ED8037B04468B420D4607D190F844305BB3B8
S214038EE8BDE838404830FFF7F0BEFFF7F2FE216CC6
S214038EF8431AC72B0CD80123C83184F8455084F885
S214038F084430091A04F14800BDE83840FFF7D8BED4
S214038F180DB1237B2BB929462046BDE83840FFF719
S214038F28A8BF00212046FFF7A4FF0123C82184F821
S214038F38455084F84430E5E738BD90F84510FFF708
S214038F48C6BF0121FFF7C3BF0221FFF7C0BF002139
S214038F58FFF7BDBF4FF60173994210B5044602D119
S214038F680021FFF7B4FF2046BDE81040D0F702BC47
S214038F78032910B504462BD0007B30B9012903D04A
S214038F8802290CBF0120FF2010BD032A07D8DFE8FB
S214038F9802F00208101401291CD002291FD0FF2052
S214038FA8F2E70029FBD1B4F85C20012A12D0022A82
S214038FB8F4E704290ED00529F0E7042914D0052977
S214038FC814D00029EBD1B4F85C20111F0129ECD882
S214038FD80220D9E75A1E534253415800D4E7022BBE
S214038FE80CBF02200120CFE70020CDE70120CBE706
S214038FF830B587B005460C46D0F722F9012820D1AC
S2140390081CB1611E4B424B4158006B784FF480727B
S2140390188DF804304FF48273ADF806304FF481733D
S214039028ADF8083001238DF80B30002385F890003F
S21403903801A8CDE903238DF80A408DF81430FFF70D
S214039048C7FE07B030BD41680346C978027B99B9A5
S2140390588168C97899B9002A08BF0321D0F74EBC9E
S2140390689B7B002B0CBF01210221F7E79B7B002B80
S2140390780CBF02210121F1E7012AF1D17047012A29
S214039088F4D17047042910B5044604D831B1BDE8B5
S2140390981040D0F7B7BC05290DD010BD037B552269
S2140390A8002B08BF0321A0F85C1040781221FFF7B5
S2140390B856FE2046EBE743681A8A83681A82E6E771
S2140390C8012303730378013343734FF44073C38157
S2140390D8032303740023A0F85C3080F890307047AD
S2140390E828B103681BB1DB680BB1406818474FF01B
S2140390F8FF30704728B103681BB11B690BB1406882
S2140391081847704710B440B1046834B1646924B191
S214039118A44640685DF8044B60475DF8044B704707
S214039128F0B5002305460A2785B01C46B2FBF7F6BA
S21403913804F110000DEB000407FB1620303004F88A
S2140391480C0C1046013309283246DBB2EDD8194415
S214039158C8B2C11AC9B20BB905B0F0BD5A1E04ACE1
S214039168D3B254FA82F212F80C2C6A54F1E730B5EB
S214039178044685B001A94068FFF7BCFF2546562379
S21403918805F8353F019A01212846FFF7C9FF412311
S214039198411C2044029A80F83530C9B22846FFF7A6
S2140391A8BFFF5723411C204480F83530039A2846CE
S2140391B8C9B2FFF7B5FF84F8340005B030BD82891D
S2140391C8C389002A08BF4FF46662002B08BF4FF412
S2140391D87A530188914288BF028042889A4288BFA0
S2140391E843804389042B9CBF05234381704700B102
S2140391F88167704770B5044692B000285DD043680F
S214039208002B5AD01A6822B1126812B1586804A9FA
S21403921890479DF81C50D5B1089BBDF810006362B3
S214039228099BBDF81210A3629DF82830BDF91420D7
S21403923884F82C3004F11603A081E181228201937D
S21403924804F11403009304F11203D0F7DBFCA66FB2
S214039258002E32D08DB36368002B3DD01D6825B130
S214039268AA6962B3586890470546FFF732FDB37894
S21403927801460293F36CBDF810205B7904F15C0099
S214039288CDE90053BDF81230FFF774FB012825D14A
S214039298F36C5B7913B1304600F020F994F86C3020
S2140392A894F888209A4208D04FF6367240F604316E
S2140392B8207884F88830FFF752FD12B070BD2D6809
S2140392C8002DD2D058680BA9A8479DF83850002D12
S2140392D8CBD0BDF93050C8E71D46C6E70228DDD116
S2140392E8F36C5B79002BD9D1304600F0EDF8D5E75F
S2140392F87047F8B5057B044683787DB9A378EEB244
S214039308B34200D8F8BD04EB8606218A7068FFF7D7
S214039318D8FA7068FFF79CFA0135EFE7012B406827
S214039328218A0AD1FFF7CDFA6068617BFFF7BFFA97
S2140393386068BDE8F840FFF778BA40F24D13E58950
S2140393484FF47A779D4228BF1D46A72D38BFA72519
S214039358A623A73D7D43B5FBF3F5667BFFF7B1FA76
S2140393687543B5FBF7F7FFB2F61B218AA068F6B27A
S214039378FFF7A7FA31466068FFF799FAA0683946F7
S214039388FFF795FA60684EB1FFF74FFAB5F57A7F9F
S214039398A068CED2BDE8F840FFF75ABAFFF758FAE6
S2140393A8F4E71FB50446FFF7A4FF002206216078FA
S2140393B8FFF7D5FC002208216078FFF7D0FCA378D6
S2140393C8012B05D907224FF440716078FFF7C7FCD5
S2140393D8A37C20788DF80430237B34308DF8053051
S2140393E8637B0C218DF80630E38901AAADF80830B3
S2140393F8238AC0B2ADF80A30238BADF80C30A37EAF
S2140394088DF80E30CFF7F2FB04B010BD01230373BB
S214039418FFF7C7BF00220273FFF7C3BF037BB3FA86
S21403942883F35B090373FFF7BCBFFE2928BFFE213E
S214039438012938BF01214173FFF7B3BF012908B5D6
S21403944804D0022909D029B1012008BDFFF7DEFFA1
S2140394580020FAE7FFF7DEFFFAE7FFF7DFFFF7E795
S21403946838B50D46044660B159B198220021E6F78F
S2140394784FF84FF47A730122C4E905232B2365605A
S214039488237738BD704710B50446006DD8B1E27827
S214039498022A04D0E36C5B7972B984F8543094F8E2
S2140394A854306BB1FFF7C1F960784FF60272BDE826
S2140394B810400621FFF753BCB3FA83F35B09ECE7C6
S2140394C8FFF7C6F9F0E710BD10B50446C06CCEF733
S2140394D807F82046BDE81040FFF7D5BF10B5044689
S2140394E8C06CCEF721F82046BDE81040FFF7CBBF87
S2140394F810B50446C06CCEF73DF82046BDE81040CC
S214039508FFF7C1BF13B50446007804212D3001AA1E
S214039518C0B2CFF75BFB38B99DF8043084F85530F2
S214039528BDF80630A4F8563002B010BD07B590F85B
S214039538553004218DF80430B0F85630007801AA67
S2140395482D30C0B2ADF80630CFF750FB03B05DF848
S21403955804FB10B50446002206214078FFF7FFFBFC
S214039568A378022B01D0FF2B04D12046BDE8104078
S214039578D1F736BB10BD38B54FF602739942044689
S2140395880D4601D1FFF77FFFE378022B02D0204672
S214039598FFF779FF206D68B190F8343053B14FF672
S2140395A803739D420BD194F85510FFF780F92046B4
S2140395B8FFF7BCFF2046BDE83840D1F711BB4FF68E
S2140395C804739D42F6D1B4F85610FFF77AF9EEE71E
S2140395D8FF2808B505D1D1F731FC003818BF01209C
S2140395E808BD0020FCE710B542791046FFF7F0FFE8
S2140395F878B1D1F723FC01210446A14201D9002002
S21403960810BD0846D1F7DCFB0028F9D10131C9B2F1
S214039618F3E71046BDE81040D1F7D2BB38B5427918
S2140396280D461046FFF7D4FF78B9BDE83840104614
S214039638D1F7E4BB20462946D1F7E0FB0134E4B270
S214039648D1F7FCFBA042F5D238BD0124F8E708B5EC
S21403965842791046FFF7BCFF38B942B1D1F7EEFBA3
S214039668904234BF0020012008BD0120FCE71046C5
S214039678FAE710B5D0F8CC4084B1027A72B1037910
S21403968813B1FFF7E4FF48B9A3883BB93222204653
S214039698BDE8104001231146CDF79ABE10BD10B59C
S2140396A80446FFF7D4FF30B1E378012B0AD003D979
S2140396B8023B022B08D910BD01212046BDE8104005
S2140396C8FFF7ACBF0021F8E72046BDE81040D1F706
S2140396D8C1BB10B50446FFF7BAFF30B1E1780129DC
S2140396E805D003D90239022906D910BD0021204620
S2140396F8BDE81040FFF792BF2046BDE81040D1F7FB
S214039708A9BB30B587B00446CFF79AFD01282CD1FC
S214039718E578042D29D8DFE805F00F2A2C03030083
S2140397282046FFF794FF20B32046FFF75CFF032D80
S21403973802D080F00100C0B263784FF480728DF8CF
S21403974804304FF48273ADF806300623ADF80830BC
S21403975801238DF80B3000238DF80A0001A8CDE904
S21403976803238DF81430FFF733FB07B030BD002012
S214039778E2E70220E0E710B50446FFF77AFFD4F8DD
S214039788D00010B10121D0F703FEA278237982B95D
S21403979813B12046FFF783FF2046FFF7B2FF0323E4
S2140397A86078A4F894305522BDE810401221FFF7DC
S2140397B8D6BA012B02D12046FFF771FFA379012BF6
S2140397C802D12046FFF79DFF0123E9E730B587B0AE
S2140397D80546CFF735FD01282DD1EC78042C2AD879
S2140397E8DFE804F010102B0303002846FFF72FFFCB
S2140397F818B32846FFF7F7FE032C0EBF044680F07F
S2140398080100C4B26B784FF480728DF804304FF4BD
S2140398188273ADF806300623ADF8083001238DF8B9
S2140398280B30002301A8CDE903238DF80A408DF8F1
S2140398381430FFF7CDFA07B030BD0224E2E710B5BF
S2140398480446D0F8D00010B10021D0F7A1FDA378C4
S214039858B3B92046FFF70DFFA3788BB9237913B165
S2140398682046FFF736FF2046FFF7B0FF042360784D
S214039878A4F894305522BDE810401221FFF76FBABA
S214039888B4F89430022B0DD02379032B02D120464B
S214039898FFF705FFA379032B02D12046FFF731FF15
S2140398A80023E4E72046D1F721FBF9E78278C3686B
S2140398B85AB9DB78002B14BF03230423A0F894308B
S2140398C8552212214078FFF74ABA1A7922B9DB786B
S2140398D8003B18BF0123F1E70223EFE718B1C0796D
S2140398E8003818BF0120704707B5C3790321003B2A
S2140398F818BF01238DF80430037A01AA003B18BF6A
S21403990801238DF80530437A00788DF80630393010
S214039918C0B2CFF76BF903B05DF804FB13B5044682
S21403992800780321393001AAC0B2CFF74FF970B9CE
S2140399389DF80430003B18BF0123E3719DF80530FA
S214039948003B18BF012323729DF80630637202B0EA
S21403995810BD7FB500239E6A0446B6F5C04F0D4674
S2140399680CD201A8D1F7E6FC039B5B0506D529466E
S2140399782046336C04B0BDE87040184704B070BD89
S21403998800239B6AB3F5C04F05D21B6BB3F5C04FD4
S21403999801D29B6818474FF4817070471FB50023A0
S2140399A89A6AB2F5C04F04D340F2011005B05DF8C9
S2140399B804FB126BB2F5C04FF6D2012201A8CDE91B
S2140399C802338DF80420D1F7B5FC039BDB03EBD5F4
S2140399D8029B1A0EE8D0012A03D1C3F307430A2BC6
S2140399E8E2D900239B6A1B6B1B6C9847DEE70023B0
S2140399F80360704703680B600160704710B538B1A1
S214039A0832B129B100230139D45C14B90023037099
S214039A1810BD8B42FAD200F8014B0133F4E7034634
S214039A2838B10020814204D01A5C02B9704701306D
S214039A38F8E770474FF0FF31FFF7F1BF70B50C46F4
S214039A481646054660B15AB151B1FFF7F3FF844293
S214039A5806D9211A32462844BDE87040FFF7CEBF20
S214039A6870BDFEE7FEE700239A4200D1704710B5A3
S214039A7850F8234041F8234001339A42F8D110BDE9
S214039A88D2F724B94369426CD91C143AB1FBF2F1F4
S214039A9803EBC1000330B0FBF2F00230704738B571
S214039AA805460C46FFF7EEFF6A6CE31D143AB3FB54
S214039AB8F2F3013304EBC30402FB004038BD38B5A8
S214039AC8054644692146FFF7EAFF6A6CE31D143A24
S214039AD8B3FBF2F3013304EBC304204438BDF7B5F4
S214039AE807460E4600257C6CA819644280EA0603DE
S214039AF81C4003D02C46204603B0F0BDFB6B012266
S214039B085B6901A99847019B0133F4D10435EAE759
S214039B1870B505460C46D3F7B3FEEB6B2046BDE897
S214039B287040DB68184770B50025044686B00562A2
S214039B38E369AB4202D8206A06B070BD666C20683B
S214039B48E36B05225B6901A906FB0500984701A894
S214039B5800F023FC00F046FC10B1236A01332362AD
S214039B680135E5E738B50446456C006804F140035B
S214039B7805FB0101E06B00F042FC05462046FFF7B3
S214039B88D2FF284638BDF0B50546002687B0EC69EF
S214039B98013CB44203D80C46204607B0F0BD01B1D9
S214039BA84C1E6F6C2868EB6B05225B6901A907FBE3
S214039BB80400984701A800F0F0FB00F013FC002807
S214039BC8EAD121460136E2E7F0B504460D46466C6F
S214039BD8E36B006887B005225B6901A906FB0500ED
S214039BE8984701A800F0D9FB00F0FCFB20B101A8B8
S214039BF800F0AAFB07B0F0BD29462046FFF7C3FFCF
S214039C080646676C2068E36B05225B6901A907FBB8
S214039C180600984701A800F097FB431CEAD0B54214
S214039C2838BF0130E6E72DE9F0434FF6FF79D0F861
S214039C38248004460E46C84514BF4546002500271B
S214039C4887B0E369BB4202D807B0BDE8F083E26B8E
S214039C582368606CD2F814C000FB0530052201A9FE
S214039C68E04701A800F099FB022806D0C8450CD1A6
S214039C78721C29462046FFF775FFE3690135B5FBD5
S214039C88F3F2013703FB1255DBE729462046FFF7B5
S214039C989BFFB0F1FF3F14BF024632460132E8E7A6
S214039CA80368F0B5CC1A436C0646B4FBF3F40025F8
S214039CB887B0F36937685A1E9542706C08D3706C80
S214039CC8336800FB043007B0BDE8F04000F095BBEE
S214039CD80134B4FBF3F203FB1244F36B05225B690E
S214039CE801A900FB0470984701A800F056FB00F092
S214039CF879FB0028E3D10135DBE710B423F003042E
S214039D0822449B070A44436C18BF04325B4281EA29
S214039D180204234203D05DF8044BFFF7C1BF104685
S214039D285DF8044B70472DE9F041D0E90A369E42A8
S214039D38044686B028D11422C369456802FB135526
S214039D48284606B0BDE8F0812068676C331AB3FB73
S214039D58F7F3E26B07FB0300D2F8148001A9052288
S214039D68C04701A800F019FB012804D0636C1D4402
S214039D78013B3340ED1A31462046FFF791FF06466E
S214039D88A36AB342E0D1DBE70025F9E708B5083054
S214039D981346D1E90012D3F7F9FC012008BD13B521
S214039DA80C46002121760093616813462246D2F7B3
S214039DB8E7F818B1E37D03B1A07EA075A07D02B0D5
S214039DC810BD73B5164600F108050C462846096803
S214039DD80DF1070200F098F9032E06D16368834253
S214039DE803D12846216800F076F9012002B070BD39
S214039DF8D01E009B42424241187E824211D11A6805
S214039E088A420ED85A688A420BD35A6901325A6173
S214039E18D3E9030282423FBF986840F82210013212
S214039E281A610120704710B5032A029C07D1A26A5B
S214039E385340626C5242134201D100F04CF90120A0
S214039E4810BD08B5C36800209847BDE80840D3F797
S214039E581FBD012814BF0420022070B50024424306
S214039E681C70CC7D101D02F002024CB91AB10122F7
S214039E7820F003001A7000F108034868184470BD00
S214039E881AB1012220F003001A7000230C7E01F198
S214039E982005DAB2A24201D30020F0E735F83320D2
S214039EA85E1C824206D901EBC30300F10802D86997
S214039EB81044E4E73346801AEBE773B5054690F893
S214039EC842601C4630460DF10303FFF7C2FFEB6BF7
S214039ED8012E5B690DD1324601A998479DF80330D8
S214039EE813B1BDF806300193BDF80430236002B001
S214039EF870BD0122214602B0BDE870401847F0B590
S214039F08054600244868EB6B87B00E4601225B695A
S214039F18029402A908309847274695F84230012B41
S214039F2840F0AC80632C00F2AB80612C08D805ABFC
S214039F38224631462846FFF7C0FF9DF814305BB328
S214039F4805AB2246314628468DF81070FFF7B5FF55
S214039F5895F84230012B059B7FD14FF6FF7293424B
S214039F6856D0082205A904A800F063FA059B9DF8B5
S214039F781010C3F3072291424AD1DBB2029A1A445D
S214039F88029245E0DCD005AB224631462846FFF769
S214039F9894FFBDF81430D2E795F84230012B39D137
S214039FA8612C2ED822463146284603ABFFF785FF99
S214039FB83146284604AB621CFFF77FFF3146284626
S214039FC805ABA21CFFF779FF102208230DEB02014D
S214039FD80DF107008DF8073000F02BFA102205A9BB
S214039FE80DF1070000F025FA039BDAB24AB99DF88B
S214039FF80720B2EB132F04D1DDE9043203EB024347
S21403A008029395F84230012B14BF012302231C4404
S21403A018013482E7302CF4D822463146284603AB6F
S21403A028FFF74BFF3146284604AB621CFFF745FF94
S21403A038102320220DEB03010DF107008DF80730DE
S21403A04800F0F7F9039B9AB2002ADAD19DF80720A5
S21403A058B2EB134FD5D1049BD2E70133D8D01022E5
S21403A06805A90DEB020000F0E4F9059B9DF8101016
S21403A078C3F307429142CBD19BB27FE7312C81D9F8
S21403A088029807B0F0BD13B500240194049C00940D
S21403A098D2F752FC02B010BD13B501240194049CF8
S21403A0A80094D2F749FC02B010BD00234FF0FF32EC
S21403A0B830B544689C4202D10023037230BD016860
S21403A0C801EBC30541F833206A600133F2E7C0E9C0
S21403A0D80012FFF7EABF0023F0B545689D4210D08B
S21403A0E80468DF0054F8332004EBC306B2F1FF3FDD
S21403A0F808D0C2F31302914204D14FF0FF33E35161
S21403A1087360F0BD0133E9E70023F0B545689D4267
S21403A11802D14FF0FF300EE00468DE0054F83340F7
S21403A128671C09D0C4F31307B94205D1240D14706C
S21403A138036833445868F0BD0133E8E7704770B5E1
S21403A1489400224605460E460AF0B2F9431C0AD086
S21403A15858B9224631462846E5F726FD002814BF97
S21403A1683D20002070BD6E20FCE77120FAE713B58A
S21403A178044601A8D4F71CFE9DF8063023804FF446
S21403A18880736380D4F72EFE6060002002B010BD93
S21403A198D4F78EBD08B5D4F77BFD002008BD10B5EF
S21403A1A8044644EA010313F00303084609D193421D
S21403A1B801D1002010BD54F8231040F823100133B2
S21403A1C8F5E721469200E5F733FBF2E710B50446B8
S21403A1D80AF072F9431C10D088B9D4F703FE234655
S21403A1E820F003002044984201D1002010BD53F804
S21403A1F8042B0132F7D03E20F8E76E20F6E77120ED
S21403A208F4E7704713B50023044601461B220DF1F5
S21403A21807008DF8073000F00CF922689DF8073020
S21403A228B3EBD26F0CBF0120002002B010BD13B5EC
S21403A23800230446014620220DF107008DF8073057
S21403A24800F0F7F80DF107001A22211D00F0F1F8C7
S21403A25862689DF80730B3EB926F0CBF01200020AD
S21403A26802B010BD0068431C584258417047006846
S21403A27810F07E0F0CBFC0F3C16000207047006863
S21403A288C0F3D3107047006800F07F0001288CBF26
S21403A298002001207047036813F07E0F14BF0420C4
S21403A2A808207047036813F07E0F03D1406820F038
S21403A2B87C40704713F078001CBF03F07F03D81F59
S21403A2C87047006800F07F007047032809D002280B
S21403A2D803D1C1F10201C8B2704700290CBF072099
S21403A2E80020704737B5054601F10C0443696946F3
S21403A2F8012220469847BDF80030012201932046E4
S21403A308AB6901A9984703B030BD37B501F10C0412
S21403A3184369012269460546204698474FF6FF7269
S21403A328009B99B291420DD16FF30F0343F4254373
S21403A33843F0A503019301222046AB6901A9984778
S21403A34803B030BD0020FBE737B5044600251B22C3
S21403A358011D0DF107008DF8075000F06AF86068D4
S21403A3689DF80720B2EBD06F03D120F0784003B0F6
S21403A37830BD0DF107001B2204F108018DF80750C4
S21403A38800F057F8A0689DF80730B3EBD06F01D1FB
S21403A398C043EAE74FF0FF30E9E74BF29A22036837
S21403A3A810B5B2EB134F044613D19BB2012B13D14E
S21403A3B8FFF7CAFF01300CD04FF6FF72E068B2EB26
S21403A3C8104F4FEA104309D180B2C01A18BF0120B4
S21403A3D810BD2368013303D00420F9E70220F7E70A
S21403A3E80320F5E701288CBF0020012070470338B7
S21403A3F801288CBF002001207047143070472DE9D0
S21403A408F04105469846036908460E461746984798
S21403A418044638B943463A4631462846D3F7A8FA97
S21403A428044618B131462846FFF75CFF2046BDE8C8
S21403A438F0811F2A0B689EBF4FF0FF3191408B4374
S21403A448590801F055315B1A03F033319B0803F0C2
S21403A45833330B44017803EB13130A444FF00131EB
S21403A46803F00F334B43A2EB13620270704708B531
S21403A47807F02CFEBDE808400021D3F777BC002977
S21403A488CCBF01210021D3F771BC02214FF4207001
S21403A498D3F742BF704770470020D3F7DDBF0120CC
S21403A4A8D3F7DABF704770B5054614460E4609F06B
S21403A4B848FD2B685C4034405C402C60BDE8704027
S21403A4C809F03ABD4369DB01FCD4012300F50050CB
S21403A4D843607047022A10B54FF0000405D9033AC3
S21403A4E8022A0CD90360047110BD11F4000218BFC8
S21403A4F84FF07F4221F07F4313430C0EF2E721F01F
S21403A508FF03CCB2EEE730B4012500F58053446868
S21403A5185D60CB784D785B0443EA05230D7889782C
S21403A5282B43090401F480310B43C0F89830E30742
S21403A53802D430BCFFF7C6BF30BC704738B50C46EC
S21403A5480546FFF7BFFF23781146627803F0070333
S21403A55843EAC203E278284643EA0223A2781201B2
S21403A56802F0300213432B67EB6AA27923F48B338A
S21403A57823F4807343EA02432279120202F4E06268
S21403A58813436279120302F480521343EB62FFF714
S21403A598BAFF012305F580525360E27902B1EB60F6
S21403A5A838BD08B50A6FC96F02F00702FFF792FFB6
S21403A5B808BD4FF050234FF400321A6770474FF028
S21403A5C8B0435A6812B19A6A002AFAD17047036BE5
S21403A5D8DA0702D503695B06F9D4704710B5FFF7A7
S21403A5E8F6FF0122044600F500531A630B794888E0
S21403A5F81B0243EA8043887A0343487843EA801376
S21403A608C87A43EAC013087B43EA4013487B43EA05
S21403A6180013887B43EAC003C87B43EAC0238879D0
S21403A62843EA0043C87943EA4043636004F580532A
S21403A6381A630A780AB90223E360002363624B7934
S21403A648087A1B01497A43EA80030B43A3600AB1DD
S21403A6580123E36010BD70B51446FFF7B8FF012267
S21403A66800F500531A63637AE2791B0143EA02533F
S21403A678A27900EB41151343E27A064643EAC2433E
S21403A6882B66237A0BB3237B2A6E42EA43422A6657
S21403A698013B18BF0123A278D4F7AEFB012306F5C6
S21403A6A880563363637822781B0643EA8263E2782C
S21403A6B843EA0233227943EA8223627943EA02238E
S21403A6C8A27A43EA82036B6670BD2B6E2B66E5E7B8
S21403A6D8012200F580535A60CB43934003F00A03E4
S21403A6E84361416111B900F50050426070478369C0
S21403A6F85B06FCD5C163704770B5054614460E461F
S21403A70809F01FFC2B685C4034405C402C60BDE8B5
S21403A718704009F011BC0122417803788A40302141
S21403A7284B4342F2100103F1A04303F570335A502A
S21403A738704721FA00F2D20730B5034600F0FC044E
S21403A7480FD500220132D2B2042A02D14FF0FF30CD
S21403A75808E0831803F00303234421FA03F5ED07FF
S21403A768F0D4184630BD00207047002070470020FC
S21403A77870470020704701207047012070470F205C
S21403A7887047E5F733BD00207047FFF7FCBF00208E
S21403A798704770470020704700207047C368194405
S21403A7A8836853F8210030F8023B1360704701238F
S21403A7B810B580F888300378044653B100F061FA80
S21403A7C821462046D4F77AFF2046BDE8104000F01D
S21403A7D84DBA10BD38B50D460446D4F757FF6B6817
S21403A7E82046C4F8B032A96800F096F94FF0FF3354
S21403A7F82046C4F8B432FFF7CDFF38BDD0F8B432DC
S21403A80810B50133044601D0002010BD00F0BCFA91
S21403A818C4F8B4020130F7D194F8B80280F0010006
S21403A828F3E708B5D4F76EFF08BD0A7801382D2A72
S21403A8380ABF012200228918D4F7C0BF07281BD8ED
S21403A848DFE800F0060A0D101315041701207047F9
S21403A85800220820D4F7B2BF00221020FAE700220D
S21403A8682020F7E70820FFF7E0BF1020FBE72020AB
S21403A878F9E70846D5F704B8002070472DE9F743EB
S21403A88807280C46DDE90A7690461D4608D801389F
S21403A89806280AD8DFE800F01D27303A44574A004E
S21403A8A8212850D003B0BDE8F08300222046114685
S21403A8B8E4F7FAFD3368C0B205EB83013A6845F856
S21403A8C82300013348F8221033603B6801333B60AA
S21403A8D8E8E7002220461146E4F7E6FD336880B22F
S21403A8E805EB8301EAE7002220461146E4F7DCFD80
S21403A8F8336805EB8301E1E7002220461146E4F7B7
S21403A90881FF336840B205EB8301D7E70022204670
S21403A9181146E4F777FF336800B205EB8301CDE70A
S21403A928002220461146E4F76DFFE1E70023894637
S21403A9381E461D468DF8063019F8013F7D2B06D1B5
S21403A94825702D0A65703B6848F82340BDE7202B21
S21403A958F2D006F00102013612B98DF80430EBE79F
S21403A9681022002101A88DF80530E4F74BFF631980
S21403A97801359870ADB2DFE72DE9F04F9B4600230B
S21403A98885B08B45814688469246CDE902336BDC13
S21403A9981A461E4619F80340212C09D81F2C04D83A
S21403A9A8103C072C98BF012200E001260133F1E78B
S21403A9B8FF2CFBD15B4436B1013B43450ADD2B2014
S21403A9C805B0BDE8F08F62B1013B4345F7DC354679
S21403A9D8374602E000252F462E46454504DB002071
S21403A9E8EEE79845F3D0EAE75D453BDB19F8073011
S21403A9F8202B18D109EB07035B78FF2BDFD1CEB9E1
S21403AA0820465AF82510FFF719FF78B303AB0193CE
S21403AA1802AB00932046DDE90E235AF82510FFF70C
S21403AA282DFF0135D9E7212B0ED109EB07035B78F8
S21403AA38FF2BC4D1029B5AF825200E99012641F80C
S21403AA48232001330293ECE7A3F11004072C02D961
S21403AA581C460137D3E709EB07035B78FF2BAED118
S21403AA68E4B2CCE70624CAE72120A9E72620A7E70D
S21403AA782DE9F04F07460E4615469846044685B018
S21403AA88DDF84490DDE90FAB206808B3DAF8002058
S21403AA98D8F800108A421BDA0E9B53F82210D1F717
S21403AAA849F848BBDAF800200132CAF80020626881
S21403AAB8117BFE291BD10E9B1068012100932A46A1
S21403AAC84346CDE902B9CDF804A0FFF7D1FF044603
S21403AAD82B7843B999F800302BB97EB101233C464D
S21403AAE889F800302B70204605B0BDE8F08F0123A7
S21403AAF88BF800302B70EBE70C34C5E73446F2E7E7
S21403AB0810B50446236803B910BD237A13B9204643
S21403AB18D4F7ECFE0C34F5E710B541B10A7932B92F
S21403AB2801249C300C71FEF765FF204610BD0020FB
S21403AB38FCE72DE9F041BAB005460AAA084603A978
S21403AB4800F05FF90446B0B90DF10A0301930DF15D
S21403AB580B038DF80A0000930AAA284604AB03A938
S21403AB68D5F774F89DF80A20B2B19DF80B2048B1C2
S21403AB782AB1D4F7BBFE20463AB0BDE8F081FFF70A
S21403AB88BFFFF8E7D5F89C50002DF4D0A86808B1A5
S21403AB98FFF7B6FF2D68F7E700B346681AAB06F16A
S21403ABA80C082AAF01934046049B039900970AAA08
S21403ABB8FFF7E2FE04460028DDD1039B05A8CDE98E
S21403ABC80637049B0595CDE90838D6F72FFB05A865
S21403ABD83368984705A800F03FFDCCE72D24CAE75D
S21403ABE810B50446AC30E4F78FFB04F1AB031A1830
S21403ABF80020934200D110BD13F8011F0029FAD094
S21403AC080A2908BF0130F4E70023F0B50B60136088
S21403AC180646D0F8AC0278B196F8AC0060B10124C9
S21403AC2806F1AC07D6F8AC02844210D306F1AC00A2
S21403AC38B3F5007F10D30120F0BD0D6801350D6014
S21403AC48156801351560F85C01330A2802D0B3F598
S21403AC58007FF2D30134E5E7C15C0A29EBD000296B
S21403AC68E9D01168013301311160E1E710B500211D
S21403AC78D0F88C200446E4F74BFC0023C4E92433BD
S21403AC8810BD73B5044600F1AC0580212046FEF7D7
S21403AC98C6FE4FF4007106462846FEF7C0FE013688
S21403ACA8C0F50070864220461FD8E4F72DFB0646FB
S21403ACB82846E4F729FB01362946421CA819E4F777
S21403ACC879FC2046E4F720FB214602462846E4F7AB
S21403ACD8AFFD2046E4F718FB0A23204480F8AC307F
S21403ACE80023C4F8AC3202B070BDFFF779FF01AA9F
S21403ACF8C4F8AC0269462046FFF786FF0022009B8D
S21403AD08234483F8AC20C0E773B50D460446FFF723
S21403AD1867FF6B1C19D1D4F8AC3213B1013BC4F8E6
S21403AD28AC3200252046E4F7EFFAA84215D82046A9
S21403AD38FFF79CFFD4F8AC322BB16946204601AA2C
S21403AD48FFF762FFA0B902B070BD012DFBD1D4F89E
S21403AD58AC328342F7D20133E1E7082000F023F848
S21403AD68202000F020F8082000F01DF80135D9E768
S21403AD78009D04F1AC06019BAB42E4D9715D204605
S21403AD88D5F792F80135F6E707B500200DF1070168
S21403AD9800F0E7F820B99DF8070003B05DF804FB58
S21403ADA84FF0FF30F9E710B5C1B20446002000F0B3
S21403ADB8C8F800280CBF20464FF0FF3010BD0FB46C
S21403ADC807B504AA52F8041B00200192D5F710FA17
S21403ADD8002003B05DF804EB04B0704710B54C1CB4
S21403ADE80B460119045D222C03D07B2C01D05C2C66
S21403ADF805D1D21A1844E4F7DDFB012010BD002064
S21403AE08FCE72DE9F047054691468846E4F77CFAC1
S21403AE182A4606461346197801322029FAD0C9F875
S21403AE2800305C1B01236FF0404AC8F80030A64286
S21403AE3801D8002014E02F5D29197B2F12D0222F6A
S21403AE482ED1D8F80030621C53442A4449F82320EC
S21403AE58012C09D911F8013C13F0DF0F04D0212087
S21403AE68BDE8F0877D27F3E701342B5DBB4209D1A4
S21403AE782B195B7813F0DF03F1D1222F00D12B5562
S21403AE880134D4E75C2B07D1324621462846FFF720
S21403AE98A5FF0028E3D0013E0134A642E5D8DEE745
S21403AEA85C2F08D1324621462846FFF797FF00282D
S21403AEB8D5D0013EE4E7202FE2D10022631CB3423B
S21403AEC80A70DDD2EA18EB5C202BD9D0D8F800300C
S21403AED80F2B05DC49F823200133C8F80030CFE7E9
S21403AEE81E20BDE700F000B800207047D0F710BE5C
S21403AEF870B50C46154610B9D5F76EF938B14368E0
S21403AF082BB12A462146BDE870400068184723201F
S21403AF1870BDF7B50D4616461C4638B9D5F75CF925
S21403AF2804B901AC20B9232003B0F0BD03B901ACC2
S21403AF38C768002FF7D02346324629460068B84725
S21403AF48F2E707B501228DF807100DF10701FFF7A1
S21403AF58CFFF03B05DF804FB0B4601461846FFF720
S21403AF68F0BF00230122FFF7D4BF08B509F076F82F
S21403AF78FA23B0FBF3F080B208BD0420704740F212
S21403AF880160D5F71FBA7047012070470020704745
S21403AF9849BA89B280EA0103C3F30312534018037C
S21403AFA880B258405B0103F4FF535840704708B516
S21403AFB8D5F70AFE58B1A0F15903042B06D8042B7B
S21403AFC804D8DFE803F00404040304005C2008BD87
S21403AFD8D5F73CBF7047F8B50C468D18073552426F
S21403AFE81540A5F108070646384600F0DFF9A1889C
S21403AFF8381B628801EBE00189B2A2EBE00225F870
S21403B008041C25F8062CA288C310AAB1A4EBC20216
S21403B018B2F802C0D18003EB0C015180E28892B1EA
S21403B028D31A9BB204EBC20425F8023CA380B36888
S21403B0380344B3603846F8BD15F8082C42F00202FC
S21403B04805F8082CEAE725F8022CF0E72DE9F04F77
S21403B0584FF0000887B09946531C109B05461746C1
S21403B06814BF14460824CDF81480002B00F0C580BE
S21403B078C3F80080002900F0C28042688A4240F282
S21403B088BE80073121F0070608F068FF05AACDE958
S21403B098008282463A464B463146284600F08AF9ED
S21403B0A8059F834607B130B9504608F052FF19206A
S21403B0B807B0BDE8F08FB7F8028029694FEAC802DF
S21403B0C8C0EBC8080139B8F1270F29617AD9B9F155
S21403B0D8000F51D1864206F1080848D02246394661
S21403B0E82846FFF778FF04460590059B9844404694
S21403B0F800F05CF9059906F10F004A88C308A2EB2D
S21403B108D002A8F80220CA88A8F80430002A30D04B
S21403B118D31A9BB201EBC202A8F8063093808B8839
S21403B128F608A380B8F804303A46E380414600237D
S21403B1382846668000F0A6F9AB680833AB60237828
S21403B14843F0010323702B6901332B616288AB68D4
S21403B158504603EBC203EA68AB60934288BFEB60D2
S21403B16808F0F7FE109B083400201C60A0E73C4656
S21403B178BBE7A8F80620D2E707EB080420460392A5
S21403B18800F014F90BF10703DB080599638008F14F
S21403B1980703DB08A380CB8893B1DB00039AD81D8B
S21403B1A8821A5A44C2F3CF020B44E2809A80A388D9
S21403B1B808F1FF384FEAD808A1F80280CB80BBE72E
S21403B1C8E380F4E7B9F1010F1BD107F10803B3FBDA
S21403B1D8F4F204FB1233B3B1224639462846FFF786
S21403B1E8FAFE044623783A4643F0010323702146C1
S21403B1F80123284600F046F9A8E7222058E721202D
S21403B20856E78642E8D13C46ECE707B500224FF0FE
S21403B218FF3101AB0192D5F759FA019803B05DF8EF
S21403B22804FB2DE9F74F04460D46002900F0AB80D2
S21403B238D0E9056808F092FE15F8087C35F8061C70
S21403B248FB07009000D531B9009808F082FE01206C
S21403B25803B0BDE8F08FA368D4F8109035F804EC73
S21403B268A3EBC10B09F10103A5F1080C4A1CC4F8AA
S21403B27808B02361BEF1000F7BD0ACEBCE03D888B1
S21403B288B3F802A00190187807F00207C00765D440
S21403B298002F64D10198A0EB0A07012F69D18A1CF5
S21403B2A8ABF108075244C4F81090A76035F802ECCF
S21403B2B8BEF1000F61D0D4E900700CEBCE0A07EBA1
S21403B2C80009CA4559D21CF83EC057461CF0010C63
S21403B2D815D1AEEB0101012911D1BAF80210AAF86B
S21403B2E802C001310A44BAF80610002943D00AEB13
S21403B2F8C107216901392161A1680839A16015F8D8
S21403B308081C013A21F0010105F8081C002125F85C
S21403B318061C5A801A7861F300021A707FB3C3F1C9
S21403B32807023A44C2F3CF02DA80BA804EB3B34276
S21403B33827D37288002A08BF1E46B8F1000F06D026
S21403B348434504D8B8F80220002A18BF4346009895
S21403B358C4E9056308F0FDFD002079E74FB115F849
S21403B368087C724427F0020705F8087C00279F80AC
S21403B3789CE763469AE70F46BBE70027BFE7DF80ED
S21403B388D4E71E46D9E7222062E710B50446D5F768
S21403B398B5F92146BDE81040FFF743BFFFF7F5BFF1
S21403B3A80846FFF732BF0846FFF7F8BF00230360D7
S21403B3B843607047F0B5D0E90554561C08BF082209
S21403B3C8002B4FF0000008BF2C46DDF818C0CCF859
S21403B3D80000002C37D09DF814706588FF0007EB33
S21403B3E8C505C2F1000E2078C00708D51BBBE08848
S21403B3F8A0B104EBC004658807EBC505F3E78D42E7
S21403B408F4D363B904F10806B6FBF2F002FB106640
S21403B41870180EB1A842EAD8CCF80040F0BD082A46
S21403B4280FD06088013004EBC000461A06EA0E0601
S21403B438801B8542F0D2A0880028EFD0A4EBC00476
S21403B448D9E70846E8E72046E8E703460069C0B1B7
S21403B4580AB951B91A6810460378DB0711D531B90A
S21403B468C3885BB100EBC300F6E79A69F3E70129E3
S21403B47804D1838823B1A0EBC300EDE7002070470F
S21403B488184670472DE9F041D0E905540746884623
S21403B4981646ABB1954200D00ABB42460021384651
S21403B4A8FFF7D3FFB442054600D02EB94246012122
S21403B4B83846FFF7CAFF0446C7E90554BDE8F081D6
S21403B4C8954208D08D4228BF0D46B44205D0444560
S21403B4D838BF4446F0E70D46F7E74446ECE79442A0
S21403B4E8EAD1E3E770B500261C46C3E90001C3E9C1
S21403B4F80266C3E905001E611A775E62FFF756FF08
S21403B50823690139C908013341802361A36830469A
S21403B5180833A360E3680833E36070BD002307B508
S21403B528684600938DF80430D3F728F803B05DF81F
S21403B53804FB10B508F005FD044606F035FE204664
S21403B548BDE8104008F0F8BC70474FF4C870D5F74C
S21403B5585DB9D5F745BA00F01CB87047704708B50B
S21403B56803F08FFA03F097FA03F09EFA03F0ADFAA6
S21403B578BDE8084003F0BABA704708B503F07CFA8A
S21403B58803F07BFA03F07AFA03F07AFAFFF7F4FF8C
S21403B59808BD08B503F0ABFA03F0AAFA03F0AAFA53
S21403B5A8BDE8084003F0ADBA7047012070472DE99F
S21403B5B8F34112F001050446884622D110F003052C
S21403B5C825D12F465208BA4209D1D3F761FB002684
S21403B5D8B74204EB860008D1D3F76AFB11E054F8A8
S21403B5E8273001330CD10137EDE7042258F826300B
S21403B5F80DEB0201019308F05BFF30B1D3F758FB5C
S21403B6083D25284602B0BDE8F0810136E0E701256E
S21403B618F7E77047B0F1006F0FD300F07843B3F144
S21403B628006F0CD000F06040B0F1404F09D0B0F185
S21403B638604F14BF04200320704700207047012082
S21403B648704702207047002070471AB111B180B2C4
S21403B658D5F7FCBB2120704701F094BEDEF7ACBAE1
S21403B668FFF78DBCD0E9023253F822300021187850
S21403B678DDF7F4BE704702F0D5B901F015BEC3680E
S21403B6888268013BDBB252F823305B78652B02D124
S21403B6980020E0F733BA6E2B01D10120F9E7662BB9
S21403B6A801D10220F5E7704710B5D0E90232044607
S21403B6B853F82230187802F09FFAE368A268013339
S21403B6C852F82330BDE81040187802F093BA10B544
S21403B6D80446C0B2D6F788FD200ABDE81040D6F760
S21403B6E883BDD0E9023253F822301878D6F784BEE1
S21403B6F802F032BADEF700BF08B501F0F6FEBDE881
S21403B7080840E0F7E9B8D0E9023253F8223018685F
S21403B71801F0E9BE0020E0F7E5B90120E0F7E2B959
S21403B7280221D6F7FFBD0321D6F7FCBD0521D6F7C0
S21403B738F9BD08B501460C20D6F7D0FDBDE808408C
S21403B748D6F75EBD08B501460020D6F7C7FDBDE8A7
S21403B7580840D6F755BD07B5C2688368043253F860
S21403B768223001211B880DF10602ADF806300023AE
S21403B778D7F75CFB03B05DF804FB08B508F082FC5A
S21403B788BDE80840ECF74CBC10B51446D7F76AFE7C
S21403B7982146BDE8104008F0DBB908B5D7F762FEC6
S21403B7A8BDE80840002108F0D3B908B5D7F75AFE14
S21403B7B8BDE80840EBF74ABF08B5D7F753FEBDE820
S21403B7C80840EBF72FBF7047704708B508F05AFCD8
S21403B7D8FFF7FAFF03F0EFF9BDE80840D7F78EBE88
S21403B7E87047012070470120704708B5D7F722FF36
S21403B7F800280CBF0420012008BD70472DE9F3413B
S21403B80804460D4616461F46DDF8208008F0D2FC8F
S21403B8183B46324629462046CDF8008003F0CCF94D
S21403B8283B46324629462046CDF80080FFF7E5FF1B
S21403B83802B0BDE8F04101F0A5BD2DE9FF47044677
S21403B8480D4616461F46BDF830809DF83490DDF841
S21403B85838A008F0AFFC3B46324629462046CDE9D9
S21403B868019ACDF8008001F040F804B0BDE8F0472F
S21403B87801F088BDF8B504460D4616461F4608F07F
S21403B88899FC3B46324629462046DDF721FB04460B
S21403B89801F078FD2046F8BD70472DE9F3410446CC
S21403B8A80D4616461F46BDF8208008F083FC3B4627
S21403B8B8324629462046CDF8008003F080F9334601
S21403B8C84246294620460097FFF7E6FF02B0BDE842
S21403B8D8F04101F057BD704708B508F06BFC03F05C
S21403B8E86FF9FFF7F8FFBDE8084001F04BBD0120EC
S21403B8F870472DE9F74304460D4616461F469DF83E
S21403B908289008F057FC3B46324629462046CDF891
S21403B9180090FFF7ECFF80463B4632462946204612
S21403B928CDF8009003F04DF901F02CFD404603B026
S21403B938BDE8F083012070472DE9F74304460D461A
S21403B94816461F469DF8289008F034FC3B463246B8
S21403B95829462046CDF80090FFF7ECFF80463B4685
S21403B968324629462046CDF8009003F02BF901F01D
S21403B97809FD404603B0BDE8F083F8B504460D4616
S21403B98816461F4608F016FC3B463246294620460E
S21403B99803F019F9BDE8F84001F0F4BC002070473D
S21403B9A8F8B504460D46164608F004FC3246294602
S21403B9B82046FFF7F3FF074632462946204603F09C
S21403B9C803F901F0DFFC3846F8BD38B504460D46E2
S21403B9D808F0F0FB2946204603F0F7F8BDE83840A0
S21403B9E801F0D0BC10B5044608F0E4FB204603F08B
S21403B9F8EDF82046FDF7E7F9BDE8104001F0C2BCB4
S21403BA08704738B504460D4608F0D4FB2946204649
S21403BA1803F0EBF829462046FFF7F2FFBDE8384067
S21403BA2801F0B0BC704770B504460D46164608F0DC
S21403BA38C1FB32462946204603F0D9F83246294642
S21403BA482046FFF7EFFFBDE8704001F09BBC704748
S21403BA5838B504460D4608F0ADFB2946204603F0E4
S21403BA68C8F829462046FFF7F2FFBDE8384001F03C
S21403BA7889BC70472DE9F34104460D4616461F4612
S21403BA889DF8208008F096FB3B463246294620461A
S21403BA98CDF8008003F0AFF83B46324629462046E9
S21403BAA8CDF80080FFF7E5FF02B0BDE8F04101F0EE
S21403BAB869BC704738B5054608F07CFB284600F095
S21403BAC8E1FE04460146284601F0AAFF01F05AFCA7
S21403BAD8204638BD38B504460D4603F08DF829468A
S21403BAE82046FFF7E6FF38BD704738B5054608F029
S21403BAF861FB2846DEF70CF804460146284601F0A3
S21403BB088DFF01F03FFC204638BD38B504460D4688
S21403BB1803F073F829462046FFF7E6FF38BD70475B
S21403BB2810B5044608F046FB204603F067F820469F
S21403BB38FFF7F5FFBDE8104001F024BC704738B5A1
S21403BB4804460D4608F036FB2946204603F057F808
S21403BB5829462046FFF7F2FFBDE8384001F012BC3D
S21403BB68704770B504460D46164608F023FB324662
S21403BB782946204603F044F8324629462046FFF76E
S21403BB88EFFFBDE8704001F0FDBB704738B50446CB
S21403BB980D4608F00FFB2946204603F032F82946DF
S21403BBA82046FFF7F2FFBDE8384001F0EBBB7047CD
S21403BBB838B504460D4608F0FDFA2946204603F034
S21403BBC821F829462046FFF7F2FFBDE8384001F082
S21403BBD8D9BB704710B5044608F0ECFA204603F0C4
S21403BBE812F82046FFF7F5FFBDE8104001F0CABB80
S21403BBF8704710B5044608F0DDFA204603F004F84B
S21403BC082046FFF7F5FFBDE8104001F0BBBB7047C1
S21403BC18704770B504460D46164608F0CBFA32460A
S21403BC282946204602F0F3FF324629462046FFF708
S21403BC38EFFFBDE8704001F0A5BB704710B504469A
S21403BC4808F0B8FA204602F0E3FF2046FFF7F5FFB0
S21403BC58BDE8104001F096BB704738B504460D465C
S21403BC6808F0A8FA2946204602F0D3FF29462046BC
S21403BC78FFF7F2FFBDE8384001F084BB7047F8B51C
S21403BC8804460D4616461F4608F094FA3B463246C7
S21403BC982946204602F0BFFF3B4632462946204641
S21403BCA8FFF7ECFFBDE8F84001F06CBB704770B5D2
S21403BCB804460D46164608F07DFA324629462046BF
S21403BCC802F0AAFF324629462046FFF7EFFFBDE8F3
S21403BCD8704001F057BB70472DE9F34104460D4603
S21403BCE816461F46DDF8208008F064FA3B463246BF
S21403BCF829462046CDF8008002F08FFF3B463246A1
S21403BD0829462046CDF80080FFF7E5FF02B0BDE8D8
S21403BD18F04101F037BB0E2070470E20704738B548
S21403BD28044608F047FA2046FFF7F7FF054620467D
S21403BD3802F074FF2046FFF7EEFF01F023FB2846C8
S21403BD4838BD704710B5044608F034FA204602F0AA
S21403BD5866FF2046FFF7F5FFBDE8104001F012BB6B
S21403BD68002070470020704738B5044608F022FACA
S21403BD782046FFF7F7FF0546204602F051FF204608
S21403BD88FFF7EEFF01F0FEFA284638BD704708B500
S21403BD9808F010FA02F045FFFFF7F8FFBDE8084081
S21403BDA801F0F0BA002070477047704708B5D7F718
S21403BDB813FD00280CBF0420012008BD70470B683C
S21403BDC8DA7B1AB9DB7C0BB9D7F72ABD8120704713
S21403BDD808B5D7F73DFDBDE80840D7F747BD704718
S21403BDE8D7F736BDD7F742BD082808D84FF48B7364
S21403BDF8C34013F0010F0CBF2120002070472120F9
S21403BE0870470121D7F724BE0221D7F721BE0421A4
S21403BE18D7F71EBE0821D7F71BBE1021D7F718BEC3
S21403BE2801207047D0E9023253F822301878D7F742
S21403BE38BBBF0868C37B1BB9C37C0BB9D7F7E4BF82
S21403BE4881207047D0E9023253F822301878D8F7A1
S21403BE581DB8704730B50546044615F8100B85B06F
S21403BE68029565691D44CDE900250B46A21D618828
S21403BE7801F036FE05B030BD704710B492F80A419B
S21403BE8892F8053103EB04230B8100235DF8044B7A
S21403BE981A4601F023BE1FB50446084671B1217839
S21403BEA8FF290BD0238B029363690193237C0093AA
S21403BEB86288A31DDDF748FEFF23237004B010BD78
S21403BEC80868C37B73B9C37C032B0BD8DFE803F07E
S21403BED802080406D8F7DABAD8F70ABBD8F73ABB83
S21403BEE8D8F7E8BA81207047704770470020704734
S21403BEF8137810B5032B0CD15479CBB29C4208D1D6
S21403BF089379B3EB112F04D153781B1A584258412F
S21403BF1810BD0020FCE77FB505460E46002469469B
S21403BF28E0B201F083FD28B96A4631462846FFF792
S21403BF38DFFF18B90134202CF1D1002004B070BDFE
S21403BF48FFF7E9BF0868C37B9BB9C37C052B10D8EA
S21403BF58DFE803F0030D070B0905D8F79FBBD8F7EF
S21403BF68DBBDD8F735BCD8F787BDD8F705BDD8F7F6
S21403BF78D7BB812070470020704730B5102587B09F
S21403BF8801AA00210195FEF709FC04462A4600216A
S21403BF9802A8E3F7BDFA2A46214602A8E3F70AFBF6
S21403BFA8012102A8D8F796FF07B030BDD8F724BFFB
S21403BFB87047FFF7FDBF0B68DA7B5AB9DB7C012BAA
S21403BFC804D0022B04D02BB9D9F7A8BBD9F7B2BB38
S21403BFD8D9F7BCBB81207047002307B5012101A808
S21403BFE80193CFF7C9FB08B9CFF7BAF9012003B015
S21403BFF85DF804FB08B502F06EFA052803D000388E
S21403C00818BF012008BD0220FCE77047D0E90232BA
S21403C01853F822301878003818BF0120DAF716BF0D
S21403C028DAF71ABF00207047002070477047FF20D2
S21403C0387047FF2070470020704700207047002095
S21403C0487047704706207047DAF7BEB90868DAF70C
S21403C05897BE70B50D46044600212846164601F0DD
S21403C06876F9324620800221284601F070F93246D6
S21403C07860800421284601F067F90023A360E36083
S21403C0886060082070BD034641B181424FF06400EA
S21403C09805D94343B3FBF1F0C0B27047084670476F
S21403C0A8DAF7E8BEDBF7DEBCDBF7E6BDB0F5807F84
S21403C0B805D0A0F500735842584140017047082040
S21403C0C8704730B599B00D4669461446DBF738FD18
S21403C0D830B915B1BDF802302B600CB10D9B236047
S21403C0E819B030BD2DE9F04788B00E46904604A92E
S21403C0F805AA07461D46FFF7E4FF044638BB288013
S21403C1080DF10C09DDE904A39A4520D2062251460F
S21403C1183846CDF8009006ABDBF72EFDD8B9039B5F
S21403C128062B18D12A88DDF81A3042450ED2BDF8F8
S21403C138181026F832102A8806EBC20253602A889B
S21403C1485344013206332A800493DBE7F7D92046A3
S21403C15808B0BDE8F0870124F9E72DE9F0438FB06E
S21403C1680F46904601A9002204469946FFF7A9FF01
S21403C17818B101200FB0BDE8F083062220460DF162
S21403C188020302A9FFF7AEFF0028F2D105460246CE
S21403C198BDF80210019CEEB28E42EAD20EAB03EB58
S21403C1A8C60656F82C3C36F8306C0634BE4217BF23
S21403C1B8E418012213460022013522B1C8F80040CC
S21403C1C8C9F80030D6E71A46E5E770B50024012615
S21403C1D802F05BF9E5B2C26806FA05F5954223460E
S21403C1E804F10104F4D3D8B270BD70B586B0DBF79A
S21403C1F8F5FA00F11006E0F7E9FE002405461422D6
S21403C20801A9301902F048F91CB99DF80430FF2B30
S21403C21816D0002303F118026A4412F8142CFF2AD6
S21403C22806D11C44601E90FBF5F080B206B070BDC4
S21403C2382B44DBB2132BEDD91434B4F5826FDED15D
S21403C2484FF0FF30F2E7DBF7FFB807B504220DEB34
S21403C258020102F021F9019803B05DF804FB37B533
S21403C268054608460C46FFF7F0FFA84206D0042208
S21403C27820460DEB02010195E0F7FAFE03B030BD48
S21403C28807B50B460092002102460120DBF76EF93C
S21403C29803B05DF804FB08B50121DBF79FF8BDE89A
S21403C2A80840E1F791B8DBF7DDBB08B5FFF7F3FF06
S21403C2B8002008BD08B513460A4601461846DBF7AC
S21403C2C8E9F980F00100C0B208BD00207047704746
S21403C2D808B1DBF7E7BC704730B4DDE902451DB1AA
S21403C2E8029430BC00F0C6B930BC70471F2804D887
S21403C2F8142200F5A030D4F773BE70471F2804D85D
S21403C308142200F5A030D4F797BE7047152808B551
S21403C31805D1FFF7DCFFBDE80840DBF709BE08BD1B
S21403C32810B5142486B02246002101A8E3F7F0F8D6
S21403C3382023224601A94FF4A03001F095FC06B04D
S21403C34810BD0020704713B500230C461A46014655
S21403C358CDE90033E0B2DCF7AFFB02B010BD13B58E
S21403C36800231446019001220093E0B2DCF7A4FBF5
S21403C37802B010BDD0E9023253F822301868DCF751
S21403C38813BD194491420ADC4218002003B97047CA
S21403C39812F8011D013B01EB0020DBB2F6E7002093
S21403C3A870472DE9F04F4FF0000A85B00193814698
S21403C3B80F4615465346019A11785FFA8AF2914258
S21403C3C803D8002005B0BDE8F08F019909EB0508EE
S21403C3D801EB4202517892F802B011F04004009142
S21403C3E801F03F061BD0AC19BC42D4BF002401247D
S21403C3F833466400A20740F18880009B1B0640F181
S21403C40892800E9B324603EB0B000021E3F780F87D
S21403C4183D4600231D44ADB20AF1010ACBE7042EBC
S21403C42807D866B1B31E022B0BD8DFE803F0122138
S21403C43830003E2E37D03F2E5BD03D2E4BD0032008
S21403C448C0E7BD4234BF00240124012664003346F6
S21403C458D0E7AB1CBB4250DC02233A462946484683
S21403C468FFF78FFFADF80A0002230DF10A08C1E7AC
S21403C478EB1CBB4243DC03233A4629464846FFF7F0
S21403C48880FF0390042603230DF10C08B2E72B1D47
S21403C498BB4236DC04233A4629464846FFF771FF73
S21403C4A803900423F0E77A1E95422CDA02233A46D1
S21403C4B829464846FFF765FF4FF6FF7380B2984252
S21403C4C80EBF0223023083B25C19A742B4BF03240B
S21403C4D8012404268EE7BD4215D298F80030FF2BB8
S21403C4E80CBF01230133EC18BC42CCBF0324012440
S21403C4F8EFE70124042600237CE73446B4E7022446
S21403C508C0E70224CDE70324E3E70E9A02EB0B0009
S21403C51814B142F80B807DE7324641460093E3F7B1
S21403C52887F9009B76E702204CE710B5144686B0D9
S21403C53818811A460A9B0291CDE903430123019306
S21403C548099B014600930320BDF82030DCF74AFD1B
S21403C55806B010BD1FB500240294079C0194BDF8CD
S21403C56818400094FFF7E1FF04B010BD2DE9F04131
S21403C5780E461746054686B098B391B38AB34FF06E
S21403C588000802A95FFA88F001F050FA044640B999
S21403C5989DF80830032B08D008F10108B8F1200FDE
S21403C5A8EFD1204606B0BDE8F0819DF809202B7927
S21403C5B89A42F1D1BDF80A206B889A42ECD19DF8CD
S21403C5C80C30BDF80D006B7128812B4622464FF6BA
S21403C5D8FF71CDE90067FFF7BDFF0028DCD00446EE
S21403C5E8DFE72124DDE710B586B00A9C04949DF89E
S21403C5F824400394BDF8204002940124CDE9003476
S21403C60813460A4601460620DCF7ECFC06B010BDC6
S21403C6181FB504460846194600230094CDE90123AE
S21403C628079BBDF81820FFF7DEFF04B010BDF0B572
S21403C638022805460E4614461F468BB00AD106A99D
S21403C648F0B201F0F3F998B99DF8193023719DF803
S21403C6581C306371119B224604930023CDE90233F1
S21403C6680193109B3146009328463B46DCF7BAFCF9
S21403C6780BB0F0BD13B500240194049C0094FFF797
S21403C688D6FF02B010BD2DE9F04506468846144687
S21403C6989A46002701258BB006A9F8B201F0C6F919
S21403C6A820BB9DF81830012B19D19DF81920337932
S21403C6B89A4214D1BDF81A2073889A420FD19DF86E
S21403C6C81C3032467371B9B2CDE9030ACDE90100CD
S21403C6D8434602200094DCF785FC054610B901376B
S21403C6E8202FD9D128460BB0BDE8F0850546F9E7D3
S21403C6F80023FFF7C8BF10B50446DDF751FA00213B
S21403C708631E04F10F0213F8010FFF2808BF197000
S21403C7189342F8D10023237410BD0020704770B5E8
S21403C72806461D46DDF7B0F8044608B9212070BD55
S21403C7383046DDF777FB0028F8D0A0682A46FF21A5
S21403C748FFF722F89DF81030002063719DF8143027
S21403C758A371ECE713B59DF81040CDE900341346F2
S21403C7680122FFF7DCFF02B010BD08B5DDF78CF831
S21403C77828B18068FF21FFF718F8002008BD21209C
S21403C788FCE70122FFF7F1BF1FB50B466A460146D1
S21403C798184601F041F96A460823002032F8021BBE
S21403C7A8013B13F0FF0380EA0100F7D1012838BFE5
S21403C7B8012080B205B05DF804FB2DE9F04F87B081
S21403C7C8DDE9109B05468846484619461F46144623
S21403C7D8BDF848609DF84CA0FFF7D6FF042D034626
S21403C7E8ABF800001AD8022D1DD9042D07D04FF236
S21403C7F8F222A188914222D1E28891071FD5E17AD5
S21403C8080022CDE9013720463346CDE90392CDF819
S21403C81800A001F056F907B0BDE8F08F6A1F012A99
S21403C82811D92120F7E700224146CDE9119228467F
S21403C8382246109707B0BDE8F04F01F051B94FF6FE
S21403C848FF760C21DCE7052D0ED10023E17A0022C2
S21403C858CDE90137CDE90392009123465246414676
S21403C868304601F021F9D6E74FF2F222A188914229
S21403C87804D1E288920701D5E17AE8E74FF6FF7616
S21403C8880C21E4E7F0B585B00546DCF7BDFC48B1F6
S21403C8986B88B3F5006F05D1681D05B0BDE8F04099
S21403C8A800F0EFBC284600F003FD0446C8B9E7B21B
S21403C8B86946384601F0BAF878B99DF8006066B953
S21403C8C82946384601F0B6F820B140F604439842A4
S21403C8D807D08C26304605B0F0BD0134202CE6D1AF
S21403C8E8F7E78D26F6E7DCF775BE2DE9FF4704461E
S21403C8F80D460146184617461E46BDF830809DF875
S21403C9083490DDF838A0D7F701FCD0B9214628467D
S21403C91801F036F933463A4629462046CDE9019AC8
S21403C928CDF80080DCF7FAFE33463A462946204619
S21403C938CDE90D9ACDF8308004B0BDE8F04702F093
S21403C9483DB904B0BDE8F087DDF792B8DDF74AB81D
S21403C958DDF76EB810B5044601F01EF90822014645
S21403C9682046BDE81040E2F725BE01F017B90021BE
S21403C97801F014B901F026B900207047202070474B
S21403C988EAF70EBBEAF758BBECF7FABF7047DDF7D2
S21403C998BBB970B506460C46154600F04CF850B1C0
S21403C9A83CB135B1204600F0D8FC013080B2A8422D
S21403C9B800D9002070BD304600F043F840B1002C83
S21403C9C8F7D0012DF5D9204600F0CCFC0230EDE770
S21403C9D83046DDF7F9F8EAE7F8B5BDF8185010B3AE
S21403C9E8967855B9D478A6F14107012F07D8621E61
S21403C9F8D2B200F0D1FD0020F8BD2C46F3E7433E43
S21403CA08012E04D8A21E92B200F0DEFDF3E7D27818
S21403CA1813B90DB1AA4206D811B9E2F779FDEAE7C8
S21403CA28E2F7C8FDE7E78920E6E7413803288CBF25
S21403CA38002001207047413801288CBF00200120C0
S21403CA487047433801288CBF002001207047002018
S21403CA587047002070470388B3F57C4F01D3FFF770
S21403CA68F8BF0846FFF7F3BF10B54A880488A24202
S21403CA780DD1037B0C79234009D0B2F57C4F08D33C
S21403CA88FFF7E7FF0B891B1A5842584110BD0020D1
S21403CA98FCE70120FAE738B50D88D488A5420AD101
S21403CAA80388B3F57C4F08D2FFF7D5FF13891B1A03
S21403CAB85842584138BD0020FCE70120FAE72DE923
S21403CAC8F04715460446B8B149B1EAB100264FF017
S21403CAD8140AB04690F80490F3B2994501D8002496
S21403CAE80AE027680AFB06773846FFF7BDFF0136D4
S21403CAF828B13C46A5F800802046BDE8F0877B8928
S21403CB0843441FFA83F8E7E71446F5E72DE9F047A9
S21403CB180E4615460446B8B149B112B300274FF07E
S21403CB280C0AB846B0F80890BBB2994501D8002459
S21403CB380AE06368324620460AFB0731FFF7ABFF75
S21403CB4828B10C46A5F800802046BDE8F0870B7987
S21403CB58013713F0300F02BFCB7843441FFA83F82C
S21403CB68E2E71446F0E72DE9F04186B00D46144691
S21403CB78984604AA05AB03A90646DDF7FBF840B3B7
S21403CB880DB1049B2B6034B3049D03982946FFF725
S21403CB9862FF2B88074602467188307800F050FB00
S21403CBA8D8B1297911F010030BD0EB782A46CDE9D2
S21403CBB800433B4671883078FCF7F1F806B0BDE8C9
S21403CBC8F0812A4620460599CDF80080FFF704FF32
S21403CBD8F4E78620F2E72046F0E77E20EEE71FB567
S21403CBE81C460023ADF80A20BDF818208DF804006B
S21403CBF8ADF80610ADF80C2069461A4601A800934E
S21403CC088DF80840FFF7AFFF009804B010BDF0B5E5
S21403CC1887B00E4605AB04AA03A90446DDF7AAF8AF
S21403CC2808B3049D03982946FFF715FF2B88074684
S21403CC3802466188207800F005FBB0B1297911F027
S21403CC48100108D000963B462A4661882078CCF720
S21403CC58DBFA07B0F0BD009101232A463146059852
S21403CC68FFF7BAFEF5E78620F3E77E20F1E72DE91E
S21403CC78F041064600254FF014080779E8B28742C4
S21403CC8801D800241AE008FB05F0D6F800C00CEB20
S21403CC9800043CF8000081421AD132B1802A10D130
S21403CCA894F90CC0BCF1000F12DAB0F57C4F05D32B
S21403CCB82046FFF7CEFE834200D04BB92046BDE898
S21403CCC8F081402A04D194F80CC01CF0400FECD134
S21403CCD80135D3E70121DCF789BF08B513460022DF
S21403CCE8DDF7B2F8003818BF012008BD08B51346AB
S21403CCF84022DDF7A9F8003818BF012008BD08B59B
S21403CD0813468022DDF7A0F8003818BF012008BDB7
S21403CD1808B540220023DDF797F8003818BF01202E
S21403CD2808BD08B580220023DDF78EF8003818BF43
S21403CD38012008BD0023DDF787B80021DDF7F4B826
S21403CD4810B504460121DDF7EFF82046BDE810408C
S21403CD5801F068BF7047F8B516461F469DF81820B9
S21403CD68BDF81C300546DDF76FF878B10421DDF70A
S21403CD7859F9044650B1284600F010FB3A463146A6
S21403CD882846A047BDE8F84000F0FCBAF8BD2DE9F0
S21403CD98F74F1E46DDE90C9B074688461446BDF842
S21403CDA838302AB3B9F1000F22D00EB392F804A094
S21403CDB899F80020504612F0080F0CBF8022402234
S21403CDC86188DDF741F898B10821DDF72BF90546A8
S21403CDD870B1504600F0E2FA3346224641463846DA
S21403CDE8CDE9009BA84703B0BDE8F04F00F0CABAE8
S21403CDF803B0BDE8F08FF8B5BDF8187016461A46A6
S21403CE083B460446DDF720F8E0B177B90221DDF7A3
S21403CE1809F90546B0B1204600F0C0FA3146204667
S21403CE28A847BDE8F84000F0ADBA1021DDF7FAF8D8
S21403CE38054638B1204600F0B1FA3A463146204650
S21403CE48A847EEE7F8BD73B5BDF8184016461A4668
S21403CE5823460546DCF7F8FFB8B1C4B92021DDF749
S21403CE68E1F8044670B1284600F098FA099B314663
S21403CE78009328469DF820309DF81C20A0470446BA
S21403CE8800F080FA204602B070BD8624FAE7002434
S21403CE98F8E72DE9F04186680446007800F07EFA44
S21403CEA8002514273279EBB29A4203D8BDE8F0413D
S21403CEB800F068BA7B4332682078D15A02EB03083D
S21403CEC800F0C2F901214046DDF7ACF8034608B185
S21403CED8207898470135E5E72DE9F04F1C4689B0D9
S21403CEE89DF84C30BDF8488001939DF85030924623
S21403CEF802932246434607460D46DCF7A5FF8DF800
S21403CF0814700646ADF816508DF81840ADF81AA0FA
S21403CF18ADF81C8018B9012009B0BDE8F08F05A943
S21403CF28FFF7A2FD0028F6D000252F46A8462C4674
S21403CF3834E00C231FFA85F903FB09F93188736873
S21403CF48B1F57C4F33F8092003EB090B1AD333F8F2
S21403CF58090050452CD3019BA3422DD900F0BAF9FA
S21403CF689BF80200DDF70AFD029B43B19BF80430E9
S21403CF7813F0010F0CBF05200720DDF7FFFC013473
S21403CF88A4B219E0ADF81A205946304605AA039309
S21403CF98FFF781FD039B0028D9D101353289ABB24F
S21403CFA89A42C6D804EB0800C31B58425841B3E755
S21403CFB808F101081FFA88F80137BFB2EDE710B584
S21403CFC8012488B006949DF83C4005949DF83840A3
S21403CFD804949DF8344003949DF8304002940B9CC7
S21403CFE80194BDF828400094DDF760F908B010BD39
S21403CFF82DE9F04786B0BDF83880DDF83C909DF8FB
S21403D00840A0CDF80080CDE9019A04460D461646A1
S21403D0181F4600F013F9B8B1431EDBB2012B10D834
S21403D02800230122811E48424841CDE90432CDE956
S21403D03802A03B46324629462046CDE90089FFF73B
S21403D048BEFF06B0BDE8F0870120FAE730B5002436
S21403D058012587B0CDE9044503959DF82C50029524
S21403D0680A9DCDE90045FFF7AAFF07B030BD30B5E6
S21403D0780024012587B0CDE9044503959DF828507B
S21403D0880094CDE901354023FFF799FF07B030BD7B
S21403D09810B5012486B0CDE90444002403949DF812
S21403D0A828400294099C0194BDF820400094FFF799
S21403D0B886FF06B010BD1FB5089C03949DF81C4058
S21403D0C80294069C019400240094DDF7EBF904B05F
S21403D0D810BD70472DE9F84F0229074688460C9D70
S21403D0E804D84FF0000A5046BDE8F88F1BB1042950
S21403D0F8F7D942F004023A702BB303247B701B0A59
S21403D108BB70DEF7E5FC4FF000099DF8283038556C
S21403D11804F1020A01343B550B9A5FFA89F3D45C8F
S21403D128002CE0D0732C10D82E464C2C56F804BB93
S21403D1383DD0532C15D0622C45D1AC8805F1080692
S21403D14800231A4616E00124DBE7A4F17503032B34
S21403D158C7D8763C2E1D022C52D8DFE804F0565A60
S21403D16858006A6805F1080694B2D2B2B2F1FF0312
S21403D17818BF01230AEB040119448845B1DB50465E
S21403D1881946002947D153441FFA83FA5CB1BBF109
S21403D198000FA6D0224607EB0A005946E2F748FBDB
S21403D1A854441FFA84FA354609F10109B4E74FF6E1
S21403D1B8FF736A6805F1080694B222469C4214BFB8
S21403D1C802230023D6E76C2C05D1584600F0CAF88C
S21403D1D8841CA4B2B4E7732C04D1584600F0BDF8F7
S21403D1E8441CF6E7A4F13003DAB2092A01D89CB244
S21403D1F8A6E7A4F14103062B3FF673AF373CE8E7EF
S21403D208012300242A68A346B4E70223F9E7032385
S21403D218F7E70423F5E700F1010C01393A54C9B2DC
S21403D228120A1FFA8CF0ACE70020DDF72FBB0022AA
S21403D238DDF74CBB0023DDF75FBB70470120704763
S21403D2480120704701207047704700207047002070
S21403D2587047002070470020704700207047002062
S21403D268704770470E2070470020704700207047AD
S21403D27800207047002070477047FF2070470E2035
S21403D2887047842070477047704700207047002017
S21403D2987047002070470020704700207047002022
S21403D2A870470020704770470E207047002070476D
S21403D2B800207047704700207047704770477047D4
S21403D2C870470E20704770470020704781207047CC
S21403D2D87047704738B50546C0B2DDF74FFB0446BE
S21403D2E8280ADDF74BFB14B1002808BF00242046A4
S21403D2F838BDF8B50546C0B2DDF740FB0446C5F3AE
S21403D3080720DDF73BFB0746C5F30740DDF736FB8B
S21403D3180646280EDDF732FB24B12FB136B10028B6
S21403D32808BF00242046F8BD3C46FBE73446F9E729
S21403D33810B4CC18944203DC5DF8044BFFF721B80D
S21403D34800205DF8044B70470423FFF7F1BF08B5C8
S21403D3580223FFF7EDFF80B208BD0078FF2808BF59
S21403D3680020704708B502220021FFF7F0FF4FF6AA
S21403D378FF73984208BF002008BD003818BF012075
S21403D388400070470020704708B5FFF7A3FCFF2846
S21403D3984FF0FF3018BF0020C0B208BD08B5FFF72E
S21403D3A8F3FFFF280CBF2120002008BDF8B506466A
S21403D3B80C4615461F4600F011F810B12544AC423A
S21403D3C800D1F8BD3946304614F8012BDDF7C8FB03
S21403D3D8F5E7014600220220DDF752BB012070471D
S21403D3E837B50546DBF7DCFD044601950CB9812005
S21403D3F81CE0237823B12046DBF7DAFD0446F5E77D
S21403D4082B6862685B889A42F5D1A368EA7B99B26F
S21403D41872B12A8A9142EED16A7DB2EB134FEAD1F2
S21403D4280020E36801A998478128E4D003B030BDFB
S21403D4384FF6FF72EEE72DE9F84304460F4690468B
S21403D44899460BB3012A1FD80C20E2F767FA06465B
S21403D45810B91920BDE8F8831020E2F75FFA18B967
S21403D4683046E2F763FAF4E70123002547EA08475C
S21403D47870600570C0F80C9044608760338030464F
S21403D488DBF786FD2846E5E72120E3E738B50446BB
S21403D498436808460D469847B4F90830002B02DB64
S21403D4A82B78042B06D1002320466360BDE838405A
S21403D4B8DDF7E8BE38BD30B54FF48A5587B0ADF80A
S21403D4C816200DF116041A46029543B100230122CD
S21403D4D8CDE90033234600F01EFA07B030BD0194A9
S21403D4E801240094F7E7FFF7EBBEFFF7BDBE002065
S21403D4F8704708B500F014FB20B900F05BFB08B9C9
S21403D508DAF7E4FEFFF7CFFEBDE80840FFF7DBBE19
S21403D5180020DEF71FBB0021DEF7BCBB0022DEF7C8
S21403D5287BBB1FB5D2880B4612F0200F4FF6FD7152
S21403D53814BF49245224ADF80610510544BF083CCD
S21403D548E4B2110544BF083CE4B2120444BF023CEB
S21403D558E4B2032805D8DFE800F0020F161CADF87E
S21403D5680630BDF80600FFF788FEFF281CBF241AFE
S21403D578E4B2204604B010BD02AA0DF10601D8B2E3
S21403D58800F08CFAEDE7D8B200F052FAADF80600D0
S21403D598E7E7013CE4B2E4E7F8B5064617460D4666
S21403D5A881B10C78FF2C0BD00846FFF7D6FEB8429D
S21403D5B828BF3846C4B22246691C701CE1F7FAFF36
S21403D5C83470F8BD0C46FBE770B5044615460E46A0
S21403D5D811B94170017070BD0B78FF2B05D14B78DC
S21403D5E8FF2B02D103704370F5E73046FFF7BAFE08
S21403D5F8A84228BF284685B22A46B11CA01CE1F7D4
S21403D608D9FF25702D0A6570E5E7F0B523B9013A09
S21403D618531C2FD1002020E0042AFBD800231C46E5
S21403D628551E6E1C1AD1042A10D00121D200501E92
S21403D63801FA00F020421EBF914049420C431842AB
S21403D6481EBF4FF0FF3101FA02F213439C421EDC61
S21403D658B4BF4FF0FF30002040B2F0BD40B1465D86
S21403D668EF00BE4034434E5D013DBE403343D8E72A
S21403D6780646F5E78C5C38B90346A34202F1FF3247
S21403D688C6D24FF0FF30E8E7835CA342F5D9012002
S21403D698E3E7283807288CBF0020012070471D2899
S21403D6A810D004D840B11C2804D0552070471E3823
S21403D6B80128FAD81A2901E00B390F298CBF5520FF
S21403D6C8002070470829F9E7002000217047F7B5BE
S21403D6D89DF820400546082C104619469DF82460F8
S21403D6E836D8002213462C44AC4208D106F0FD0473
S21403D6F8382C0ED10096FFF7E7FF03B0F0BD14F8F9
S21403D708017D1B0243EA12631202BA1843F10003AF
S21403D718EAE7392E10D107EE100A07EE902AB4EE80
S21403D728E77AF1EE10FACCBF77EE677A77EEC77A28
S21403D738002117EE900AE0E7824273EB010403D256
S21403D748801A61EB0301D8E7101A63EB0101D4E7EB
S21403D75800200146D1E738B5C368144619448368E0
S21403D76853F821501AB12846E1F7CEFD2070284613
S21403D77838BD2DE9F3411C4616460DF107029DF800
S21403D7882050FFF7E8FF9DF807308046A34288BF7E
S21403D7988DF807409DF807700DB1E41BE5B22A46DD
S21403D7A800213046E1F7B4FE3A4641467019E1F7E0
S21403D7B801FF384602B0BDE8F0812DE9F3411D4666
S21403D7C8164601AA9DF82040FCF7E8FF019B804611
S21403D7D89D4238BF0195019F04B1EC1B22460021E8
S21403D7E83046E1F795FE3A4641463019E1F7E2FE40
S21403D7F8F8B202B0BDE8F08173B50024154601AA55
S21403D8081E460194FCF7CAFF019B072B0AD921463B
S21403D818CCB216B1C4F10704E4B2425C013108295C
S21403D8282A55F5D1D8B202B070BD1FB5030A8DF8D4
S21403D8380E300323009303AB8DF80D0000F0BBF8FE
S21403D84805B05DF804FB1FB58DF80F100421030A15
S21403D8588DF80E30009103AB8DF80D0000F0ABF891
S21403D86805B05DF804FBF0B589B016689DF83C5022
S21403D878CDF809608DF811305668BDF83830012D9B
S21403D888109FBDF84440CDF80D60ADF812308DF802
S21403D898145014D0032D19D13B68CDF815307B6886
S21403D8A8CDF819309DF848308DF81D3016230093AF
S21403D8B8BDF84C2002AB00F07EF809B0F0BD8DF839
S21403D8C81540240A0F238DF81640F0E70120F4E7E5
S21403D8D81FB50446084611461A4602238DF80D104E
S21403D8E80093214603AB00F066F804B010BD10B5EC
S21403D8F814461A460B6886B0CDF80D304B683421AB
S21403D908CDF811300A23009303AB8DF8154000F0C9
S21403D91852F806B010BD2DE9F041B6B014461D46C0
S21403D92806460F469DF8F080DEF7D8FB03AA8DF867
S21403D9380C001046330A8DF80F703F0A8DF80E3028
S21403D9488DF80D602B468DF810708DF8114005EB99
S21403D9584405AB4202F102021FD16200D2B2931D04
S21403D968DBB23D99D8336B44073203F8CC8C01EB12
S21403D9784805D3B250FA82F2A94202F1020212D142
S21403D98803EB4803009006213046BDF8F820DBB2C7
S21403D998DEF7AEFB36B0BDE8F08133F8021B117133
S21403D9A8090A5171D5E731F8024B02F8024C240AEA
S21403D9B802F8014CE0E72DE9F0411C4605460E4601
S21403D9C817469DF81880DEF789FB207043463A46CB
S21403D9D8314628460694BDE8F041DEF789BB0020A9
S21403D9E870477047D2F746BE08B5E8F7D7FD002854
S21403D9F840F6124018BF002008BD704770477047AE
S21403DA0870477047704770470020704770477047E5
S21403DA18002070477047704703F083B8FEF775B861
S21403DA28FEF758B803F0F4BBF4F716BE03F0E1BBF1
S21403DA38F4F7D0BDF4F738BEF4F7F2BDFEF737B9FE
S21403DA48FEF71DB910B49DF8044001945DF8044B25
S21403DA58FEF710B8FEF764B8FEF771B8F0F7BABC6D
S21403DA68F0F7BEBCEEF72AB8EEF72EB8E9F7B2BE63
S21403DA78FEF7B0B8FEF775B8FDF7C0BEFEF798B860
S21403DA88FEF784B830B4BDF808409DF80C50CDE9CD
S21403DA98024530BCFDF7D1BEFDF76FBFF4F776BF7E
S21403DAA8DEF776BBF5F73CB870B49DF80C40BDF8C6
S21403DAB810509DF814600394CDE9045670BCF1F732
S21403DAC8A3BC70B49DF80C40BDF810509DF81460C4
S21403DAD80394CDE9045670BCF1F7D6BCF1F7C0BD84
S21403DAE810B49DF8044001945DF8044BF1F710BD9B
S21403DAF810B49DF8044001945DF8044B02F0D7B8BF
S21403DB0802F0D7B8FDF77DBFFDF78DBFFEF71AB94C
S21403DB18FDF79EBFECF7E4BAEDF73CBAEDF70EBA9D
S21403DB28EBF708BF02F06EBCECF7C0BC02F0C4BC4F
S21403DB38ECF74CBEECF7B0B9EDF732BAEDF7AEB981
S21403DB48EDF7CAB9EAF772BDFEF7C6B8FEF761B8CD
S21403DB58FEF774B8FEF781B800F036BC00F02FBCA9
S21403DB68F3F734BDF1F780BAF3F70EBDF3F734BE17
S21403DB78F1F74ABAE9F71ABEF2F7D4BEFFF732BF8F
S21403DB88FAF7F2B9FEF703B9FDF72CBFFEF731B87B
S21403DB9801F03DBEDEF75ABAEAF730BBE9F7DABE5C
S21403DBA802F0F9B802F0D0B8E9F728BFEAF776BA70
S21403DBB8EAF7A0BAE9F796BEDEF764BADEF776BAEE
S21403DBC8DEF74EBAE9F736BEDEF754BAF5F73CBECB
S21403DBD802F0B8B802F07FB8E9F732BEEAF7F8BA47
S21403DBE8E9F788BE10B4BDF8044001945DF8044B09
S21403DBF8FDF753BEDEF7F6BADEF7E8BAF5F7C4BBA9
S21403DC08F5F7FCBD03F017BC03F01DBCF5F734BCF1
S21403DC18F5F714BE00F06DB900F0ABB900F0D3B950
S21403DC2800F0B9BA00F029BB00F092BADEF7F2BFEB
S21403DC3800F0F0B900F01DBA00F030B810B51C4675
S21403DC4801F009FF06F0EFFA0023C0F34020237023
S21403DC58400010BD002208B50B461146FFF7EEFF3D
S21403DC68023818BF012008BD002070477047B1FA74
S21403DC7881F04009704701207047704770470020BD
S21403DC88704770470020704770470E207047012082
S21403DC9870477047012070470120704714220021FF
S21403DCA8E1F736BC704770B505460C468AB02522A0
S21403DCB800210DF10300E1F72BFC6B68CDF81D304E
S21403DCC8AB68CDF82130234601AC03F11006224693
S21403DCD818685968083303C2B3421446F7D10123B8
S21403DCE86A7B8DF8023012F0040F0CBF4FF4807372
S21403DCF84FF4A073110748BF43F48063ADF80030B0
S21403DD08930748BFBDF80030684644BF43F008038E
S21403DD18ADF80030F0F780FE0AB070BD30B5427B30
S21403DD280D46D10704468BB007D5407801A9F0F70E
S21403DD38DDFED8B12D200BB030BD9307FAD5C2F35C
S21403DD48800310074FEA8313ADF8023044BF43F449
S21403DD588063ADF80230BDF80220201D0AB10DF12C
S21403DD68020201A902F0FAFE0028E3D001AB03CBB6
S21403DD789DF81430A1602373BDF81030606059060F
S21403DD8842BF627B42F0040262735A0542BF627B5B
S21403DD9842F0080262731B0742BF637B43F0020329
S21403DDA863732B4606AC0AAD224603CAAA4218601A
S21403DDB85960144603F10803F6D10020BBE7F0B513
S21403DDC804460D4693B0252200210DF12300E1F702
S21403DDD89FFB636804F1040CCDF83D30A36809AED5
S21403DDE8CDF841302B4605F11007324618685968B6
S21403DDF8083303C2BB421646F7D105238DF82230F3
S21403DE08637B5B0103F40073ADF820306378FF2B64
S21403DE181AD1002360461A4601A900F0D9F99DF8DD
S21403DE280530FF2B0DD1002301A91A46184600F02A
S21403DE38CFF99DF80530FF2B03D11C26304613B0C7
S21403DE48F0BD9DF8053063700020617808AA00F0DD
S21403DE58B4FA06460028F1D1607801A900F03EFA24
S21403DE682B4603AD2A4618685968083303C2BB42D3
S21403DE781546F7D1637B6078DB0648BF9DF81C30F0
S21403DE8801A944BF63F07F038DF81C3000F03DFA08
S21403DE98D4E710B504468AB02422002101A8E1F786
S21403DEA837FB637B590744BF4022ADF810201A0797
S21403DEB842BFBDF8102042F48062ADF81020DB079D
S21403DEC80FD5607801A9F0F711FE10B12D200AB01E
S21403DED810BD01AB03CB637B606043F00203A16014
S21403DEE8637304A9201D02F03BFE0028EED0002031
S21403DEF8EDE71FB5694600F066F8002818BF2D2021
S21403DF0805B05DF804FB73B50D4614460646DEF702
S21403DF18A9FA6B881A071AD522463146102002F04A
S21403DF2800FE2046DEF79EFA6B88D90717D500232E
S21403DF38224601210DF107008DF80730DEF764FD50
S21403DF486B88002B0CBF2120002002B070BDDE06B4
S21403DF58EAD522460821281DDEF756FDE1E79A078B
S21403DF6801D50223E4E75B07EAD50323E0E70F209E
S21403DF7870471FB50C46694600F025F8102221465F
S21403DF886846E1F711FEB0FA80F0400904B010BD08
S21403DF98B8B1B1B14388A3B90378013B082B10D8AD
S21403DFA8DFE803F00507090B0F0F0F0F0D00DEF769
S21403DFB82DBCDEF787BCFFF776BEFFF700BFDEF79C
S21403DFC815BE2120704738B50D4609B300B303784C
S21403DFD8013B082B1AD8DFE803F0050D10131919AF
S21403DFE819191600DEF74AFC0446284602F0B6FF5F
S21403DFF8204638BDDEF786FCF6E7FFF78FFEF3E725
S21403E008DEF7B6FCF0E7DEF7FBFDEDE72124ECE7E9
S21403E0182124EDE770B586B0064601A80C461546DA
S21403E028FFF73CFE04238DF804301CB120686168B2
S21403E03802AB03C3294601A88DF80560FFF7A8FFBE
S21403E04806B070BD70B586B0044601A80D461646E0
S21403E058FFF724FE0323206861688DF8043002ABBB
S21403E0688DF8116003C3294601A8FFF791FF06B090
S21403E07870BD0022FFF7E6BF30B585B00D4669468A
S21403E0880446FFF7A0FF20B92A4621466846FFF74D
S21403E0983AFF05B030BD30B5437B044613F00102A2
S21403E0A80D468BB007D0407801A9F0F71FFD70B175
S21403E0B82D200BB030BD9B07FAD5ADF8022001A979
S21403E0C80DF10202043002F049FD0028F0D00021C9
S21403E0D80E22A81CE1F71CFABDF810302B80039B10
S21403E0E8AB60BDF81230AB819DF81430237301ABD7
S21403E0F803CB6060A1600020DBE770B5437B044672
S21403E108DB070E468AB003D42D2528460AB070BD11
S21403E1186946407800F04DF905460028F4D1DDF845
S21403E1281D300E226360DDF821300146A360637B51
S21403E138B01C43F002036373E1F7EAF9BDF8003055
S21403E148069A43F004033380059BB2607360DCE7EA
S21403E1580B4610B50446102200211846E1F7D8F9F5
S21403E1682278032A09D0042A0DD0022A11D101469F
S21403E1782046BDE81040DEF7A9BD01462046BDE8A7
S21403E1881040FFF788BF01462046BDE81040FFF75A
S21403E198B4BF262010BDF8B5074608460C461646F3
S21403E1A81D46FFF77BFD04232370637B314643F04C
S21403E1B80103204667706373FFF705FF08B12D2038
S21403E1C8F8BD29462046FFF7C3FF0028F8D0F6E730
S21403E1D8F8B5054608460C461F461646FFF75EFD85
S21403E1E80423237025B108222946E018E1F7E2F94B
S21403E1F8637B43F0020363734EB932460121284614
S21403E20800F0E4F8FF28607007D12D20F8BD3146EA
S21403E2182046FFF7D8FE0028F7D1637B43F00103B7
S21403E22863730DB90020F1E7002FFBD0394620466B
S21403E238FFF78EFFF6E7F8B50C4607460846164678
S21403E2481D46FFF72BFD03232046394600F8043BFB
S21403E2580822E1F7AFF9637B314643F00203204611
S21403E2686373FFF7B0FE08B12D20F8BD2946204694
S21403E278FFF76EFF0028F8D0F6E7F8B50746084616
S21403E2880C4616461D46FFF709FD03232370637BDA
S21403E298314643F00103204667706373FFF793FE26
S21403E2A808B12D20F8BD29462046FFF751FF002860
S21403E2B8F8D0F6E718B18022012100F087B8FF20CE
S21403E2C87047002307B51A4619460093F2F75EF916
S21403E2D8B0FA80F0400903B05DF804FB0B4610B5AE
S21403E2E819220446FF211846E1F712F97E2C014647
S21403E2F88CBF04F5C43004F583304FF01902BDE82B
S21403E308104088BFAD30D2F76BBE7E2888BF00F5B5
S21403E318C4304FF0190294BF00F58330AD30D2F7FE
S21403E3288BBE30B589B00D46FFF7C4FFFF280446F9
S21403E3380DD001A9FFF7D2FF2868696801AB03C3AC
S21403E348204601A9FFF7E1FF002009B030BD2D20C4
S21403E358FBE7704770470020704770470F207047E9
S21403E36870479DF8000070470F2070470F207047CE
S21403E378002070470F207047002070470020704722
S21403E38884B08DE80F00002004B070470020704763
S21403E39870477047002070477047002070477047E3
S21403E3A800207047012070477047002070470120FF
S21403E3B870470E207047FF2070470E2070470E20C8
S21403E3C870470020704770470E207047FF2070473D
S21403E3D870477047002070477047704770470020A3
S21403E3E8704770470020704700207047002070472A
S21403E3F8704770470020704770470020704700201A
S21403E408704770470020704710B50024E3B210B970
S21403E418C3F10303DBB20134042CCA544FEA1222B5
S21403E428F4D110BD10B50B784C788A78C97828B91A
S21403E43810462246044608461946034642EA012081
S21403E44843EA042343EA004010BD7047DEF7F2BCF4
S21403E45808B5CDF7CFF8002814BF8620002008BDDE
S21403E46808B5CDF797FA003818BF012008BD08B5D8
S21403E478CDF750FA003818BF012008BD08B5CDF708
S21403E488D5FA003818BF012008BD08B5DEF7B2FD77
S21403E498BDE80840DEF760BD70B504460D4616466F
S21403E4A8DEF7A8FD0420DEF749FD32462946204656
S21403E4B8FFF7DDFF04460220DEF740FD204670BD69
S21403E4C808B5DEF797FDBDE80840CDF707BADFF7CE
S21403E4D8C9B8DFF7A9B808B5DFF7A6F820B1BDE8CD
S21403E4E808400020DFF7DEB9112008BD08B5DFF7BE
S21403E4F8BBFADFF7C1FADFF7C9FABDE80840DFF76A
S21403E508D9BA10B5044622F0704210306060216014
S21403E518A26039B1A26803F070431343A360029B59
S21403E528E36010BDA36843F08043F7E70123436025
S21403E538C36843F02003C360836843F000538360D3
S21403E548704737B515464A6804463AB18C6800934F
S21403E558096845EA0403FFF7D4FF0446204603B0D8
S21403E56830BD2DE9F04FD3B0CDE90123DDE9608551
S21403E57800230390042003ACCDE9050307C907ABC2
S21403E58883E80700214618465D9E0494DFF7AAFA37
S21403E5980746002840F0BA805C9A0AAB07CA83E8A5
S21403E5A80700494201F00F0900215E9B5F9A5B68EA
S21403E5B852680D9113445B4203F00F0AD8F80430EF
S21403E5C812915B420093B368DA0048BF73684FF052
S21403E5D8100242BF033323F003037360AB68DB0008
S21403E5E841BF6B68033323F003036B605E9BD3F86A
S21403E5F804B05F9B5C680BEB04035344CDE90E3110
S21403E60873685B4203F00F03CDE910136B685B4234
S21403E61803F00F03CDE9131316AB18461591E0F76D
S21403E62877FF5C9A516851B9D8F804100C4354EA3A
S21403E6380B0401BF10229146CDE90B240A9011233F
S21403E6484FF0005204A932A8FFF77BFF40F61103E8
S21403E6584FF0005207A9FFF774FF42F611034FF075
S21403E66800520299FFF76DFF44F611034FF000526C
S21403E6780199FFF766FF412300225E99FFF761FFC2
S21403E6884FEA0A234FF000525F9943F04103FFF71E
S21403E69858FF4FEA09234FF0005243F001030AA933
S21403E6A8FFF74FFF009B4FF000521B0203F4706303
S21403E6B8414643F00103FFF744FF1038FFF736FFE0
S21403E6C800230DA91A461AA8FFF73BFF0023314675
S21403E6D81A46FFF736FF002310A91A46FFF731FF3D
S21403E6E8002329461A46FFF72CFF002313A91A46C8
S21403E6F8FFF727FF002362991A46FFF722FF103811
S21403E708FFF714FF1AA932A8FFF7F0FE384653B0EE
S21403E718BDE8F08F10B5044608B1DFF7C5FA204602
S21403E728BDE81040FCF73ABE10B50446006A10B1BF
S21403E738616AFFF7EFFF0020C4E9080010BD38B58B
S21403E7480546FFF7F1FF2B7E0446012B0ED0023B4E
S21403E758012B0ED8EB69012B18BF6FF096042822FD
S21403E76800212846E0F7D4FE204638BDEB69002B87
S21403E778F2E76FF09604F2E718220021E0F7C8BE26
S21403E78870472DE9F84F9846DDE90B490D9B15466A
S21403E7989A0706460F4623D02A460A9B03EB040A23
S21403E7A81444A24220D10D9B9B0705D5A2EB050A6C
S21403E7B8D14505EB0A0420D82046BDE8F88F434622
S21403E7C839462020B0470AF1010ACA450AEB0B026C
S21403E7D8F5D3A9EB04024C4588BF00222A44DCE79C
S21403E7E8A246A5EB040BF0E702F1010B43463946B4
S21403E7F81AF8010DB0475A46D3E743462246394628
S21403E8082020B0470AF1010AD2E72DE9F047DDE9EF
S21403E8180D7616F0020F9DF82880DDE90854DDE929
S21403E8280BCE1FD106F001094FB1B9F1000F06D080
S21403E838B8F1000F02D116F00C0F00D0013F4FF0CD
S21403E848300A04E0202C04D005F804A001347445EB
S21403E858F8D3B9F1000F05D04FF03009A74201D914
S21403E868202C2DD116F0100F1FD016F4806F2CD144
S21403E8785CB3744501D0BC4227D1B4F1010E23D052
S21403E888BCF1100F46D1023C16F0200F28D1202CDD
S21403E89828D04FF0780C05F804C00134202C21D07A
S21403E8A84FF0300C05F804C00134202C1AD0B8F108
S21403E8B8000F23D04FF02D0C05F804C0013412E0E6
S21403E8C805F804900134C9E77446BCF1100FDBD091
S21403E8D8BCF1020FE2D1202C04D04FF0620CDAE729
S21403E8E8202C08D12024CDE90A76CDE90854BDE8C2
S21403E8F8F047FFF746BF4FF0580CCCE716F0040F67
S21403E90802D04FF02B0CD7E716F0080FEBD04FF0DA
S21403E918200CD1E7BCF1020F7446C1D1DDE72DE91F
S21403E928F04391B0189D1A9E1D9F0DB927F0100746
S21403E9387C0500D515B317F0200F14BF4FF0410E12
S21403E9484FF0610EAC4600250DF12008AEF10A0E15
S21403E958BCFBF6F906FB19C95FFA89F4B9F1090F86
S21403E96894BF30347444E4B2B44508F8014B05F157
S21403E9780105BCFBF6F401D3202D10D11C9C069789
S21403E98805941B9CCDE903649DF86440CDE90154C6
S21403E99808AC0094FFF739FF11B0BDE8F083A4462E
S21403E9A8D6E72DE9F04F95B0269ECDE90A23DDE993
S21403E9B81E74DDE9229B57EA040308BF26F01006F7
S21403E9C87205CDE9080102D557EA040337D016F0D5
S21403E9D8200F14BF4123612300250DF1300AA3F14C
S21403E9E80A0821464A465B463846E0F725FAD2B275
S21403E9F8092A94BF303242444F45D2B274EB0B0413
S21403EA0805F101050AF8012B01D3202D14D1259B06
S21403EA1806960593249BDDE90801CDE903939DF843
S21403EA288030CDE901530CAB0093DDE90A23FFF7E9
S21403EA38ECFE15B0BDE8F08F07460C46D1E7002577
S21403EA48E5E708B100F014B8704710B1D1E9003112
S21403EA581847704738B5441E14F8015F25B90A20CD
S21403EA6800F006F8284638BD284600F001F8F3E714
S21403EA7801460020FCF765BA70477047E8F7AABA5C
S21403EA88704708B5FCF72EFACCF7B4FDBDE8084086
S21403EA98CEF7ECBE704708B5CDF718F9FAF7F0FFCE
S21403EAA8BDE80840DEF7A6BA08B5FBF76EFEDFF743
S21403EAB82FF9FBF768FEDFF7D9FCDFF7C5FCDFF7AE
S21403EAC83BFCBDE80840D2F765BA08B5D0F740FC6A
S21403EAD8FBF757FED0F748FCD4F76EFCD4F714FDC3
S21403EAE8D4F71CFEBDE80840D4F73ABD7047704714
S21403EAF8DFF748BC08B5FCF740FEBDE80840FCF75E
S21403EB0864BE704707B500220346114601200092EB
S21403EB18D3F7CCFD03B05DF804FB07B500920B46AC
S21403EB28027D81898068FDF73CFC003818BF012008
S21403EB38C00103B05DF804FB08B50020DAF7C4FE8D
S21403EB480020DCF755FC0020D5F790F90020D5F710
S21403EB587DFC0020D6F7A6F90020D8F7D5FC0020C0
S21403EB68D9F740FA0020DAF735F8BDE80840002060
S21403EB78DAF720B908B50120FDF72AF9BDE80840F9
S21403EB880120D5F763BC08B50220DAF791FF022007
S21403EB98DAF72AF90220DCF739FF0220FFF799FC97
S21403EBA80220FDF780FB0220D9F71CFABDE80840CF
S21403EBB80220DAF71DBC7047FDF795BE704770470D
S21403EBC870477047704770477047704710B50446DC
S21403EBD8DAF728FB2046D6F777FC2046D7F7CAFB92
S21403EBE82046BDE81040FDF791BBFDF7ACBBFDF72B
S21403EBF8B6BBD9F7F9BF7047704770477047704779
S21403EC087047704770477047704705F0D2BA704729
S21403EC187047DAF783B8704770477047704770478E
S21403EC28704770477047CAF741BAFEF736BB704756
S21403EC3800207047FEF733BBFEF73DBBE1F780BD08
S21403EC4838B504460D4600F097F850B129462046D5
S21403EC58E6F728FF30B929462046BDE83840E1F7ED
S21403EC6837BD0E2038BD08B5E6F762FD18B1BDE816
S21403EC780840E5F7D9B808BD70B516460C4605F042
S21403EC8860F9314605462046E4F7AAFC04462846BA
S21403EC9805F052F9204670BD00F032B970B5044647
S21403ECA800200E4600F039FBD4F8F0503DB100239F
S21403ECB831462046AC46BDE870401A4660472B46A8
S21403ECC8012231462046E1F783FF284670BD38B552
S21403ECD8044648880D4600F020FBD4F8F0302BB9DC
S21403ECE829462046BDE83840E1F784BE022038BDF1
S21403ECF800F015BB00F03CB9E1F7B8BB00F01BBB4E
S21403ED0870B5BDF81060054606B16BB133442846A6
S21403ED189BB200F073F9044620B91EB13146284663
S21403ED2800F0ADF9204670BD2124FBE7E3F72CBAC3
S21403ED38C0F8EC1000207047E2F76AB8E2F75AB951
S21403ED4810B4BDF8044001945DF8044B00F09FB876
S21403ED580B4610B514461846A1689288E0F768FD76
S21403ED68E168034631B1A0886288121A92B2184441
S21403ED78E0F75EFD002010BD0346408A18B1188AE6
S21403ED88003818BF012070470846E3F779BD00F03E
S21403ED98D6BA00F0D4BAE3F78BBF084708B5E1F74D
S21403EDA8ADFBC0B208BD022A01D800F00CBA212078
S21403EDB87047022A01D800F017BA21207047022AA2
S21403EDC801D800F023BA21207047E2F793BE08461D
S21403EDD8E2F7AEBE00F033BA002070470020704753
S21403EDE87047D0F8903003F06003402B0DD0602BAB
S21403EDF803D0203B58425841704749B10B68012B52
S21403EE0806D9486940F00100704740F20110704780
S21403EE1800207047F7B504461046D4E952C7DDE923
S21403EE2808268CEA020587EA06010540194085EAA2
S21403EE380C057940C4E95251002523F4004106EA3B
S21403EE48010320F0010043F40073024043F0020379
S21403EE58CDE90055E5F7BAFA94F824309A0713D59E
S21403EE68D4F84C319B050FD54FF48811204600F093
S21403EE7834FC94F82430024665F3410384F82430BE
S21403EE8820460B46E1F70EFB002003B0F0BDF0B5B5
S21403EE9887B01C461746BDF830601AB900242046CA
S21403EEA807B0F0BD002BF9D00029F7D001AAE3F785
S21403EEB86BF90028F2D0BDF80630A2199A42BDF8BD
S21403EEC80850C4BF9B1B9CB2B54212D90399AD1B0D
S21403EED8ADB23144A5420391ADF808500DD22A4687
S21403EEE83846E0F7A5FC0499621B7819E0F7A0FCFE
S21403EEF8D5E70499761B3144049122463846F5E74C
S21403EF080846E4F715BB0220E3F7C8BE08B5D0F8F1
S21403EF18E4304BB11A68022A06D993F825204AB179
S21403EF28186AB0FBF2F008BD4FF446624C21002085
S21403EF38E6F7E6FD0020F6E7D0F8E42008B57AB150
S21403EF481368022B0CD9536A13F47F4FC3F30721B4
S21403EF5806D0126ADBB253438B42B3FBF1F006D2F8
S21403EF68002040F67F424C21E6F7CAFD002008BD84
S21403EF780346D0F824010860B3F8283100208B80B4
S21403EF88704790F824310C2B14BF90F82900FF2003
S21403EF98704738B50C464FF400610546E6F7F8FAAD
S21403EFA870B17CB195F81E3173B94FF480724FF483
S21403EFB880712846E6F7D8FA003818BF012038BD0E
S21403EFC82202F4E72246F2E70020F8E74FF48071BE
S21403EFD8E6F7DEBA08B54A024FF40071E6F7C4FA54
S21403EFE8002008BD08B58A024FF48061E6F7BCFA2C
S21403EFF8002008BD4FF40071E6F7CABA2DE9F041C0
S21403F008884618F0030706461546194633D1B2F55F
S21403F018805F30D89A422ED33F2A28D9B2FA82F490
S21403F02801220120C4F11F03DBB29A4092B2AA421E
S21403F0382CBFC4F11904C4F11A04E2B2931DDBB25F
S21403F048984080B2A84214D096F8F530ABB90120A0
S21403F05896F8243060F3C71386F824304046E2F760
S21403F06845FEC6F82080B5823846BDE8F0813A46A4
S21403F078EAE70020ECE72127F6E70E27F4E7084639
S21403F08800F02EB9F8B511F0030607460D461446E8
S21403F09821D102B313883F2B1DD9B3FA83F3C3F1E7
S21403F0A81901C9B2062901D8192B12D0062928BF77
S21403F0B8062101238A1DD2B293402846238000F0F6
S21403F0C815F923883846FD617B82E2F71FFF304631
S21403F0D8F8BD3146EDE72126F9E738B5148811F06F
S21403F0E803054FEAC4041ED13F2C1CD9B4FA84F492
S21403F0F8C4F11903DBB2052B01D8192C11D0052B43
S21403F10828BF052301240633DBB204FA03F3C3F34B
S21403F118CF041480816104820387E2F7F7FE28464A
S21403F12838BD2B46EEE72125F9E710B51446084601
S21403F1380121E4F7CFF82046BDE810400121E4F7A3
S21403F148C9B8F8B504460E46174604F0FAFE3A461A
S21403F158054631462046E4F77BFB0446284604F07A
S21403F168EBFE2046F8BD0220704703207047E3F7FE
S21403F1788DBD10B50023E2F7D9F9044608B9E5F7BB
S21403F1885DFB204610BD70B505460E46144600F0D6
S21403F198C9F83146284600F04CFA00F0C3F82307AE
S21403F1A844BF24F00804A4B221462846E1F7ACF984
S21403F1B800224FF400312846E6F7D6F9002070BD42
S21403F1C88021E6F7E5B97FB5531C05AAADF81410F8
S21403F1D8029202210022DBB2CDE900211146E6F7AE
S21403F1E8E1F907B05DF804FB7FB5531C05AAADF833
S21403F1F81410029204210222DBB2CDE90021002278
S21403F2080121E6F7CFF907B05DF804FB1FB5531CD9
S21403F218029100220821CDE900210122DBB2114622
S21403F228E6F7C0F905B05DF804FB10B50446E1F748
S21403F23865F901462046BDE81040E1F765B900299F
S21403F24814BF21200020704738B5054610460C46E3
S21403F258E2F79AFC65B1D5F8E0304BB15B693BB190
S21403F2682268013204BF6FF00102226022681A6026
S21403F278002038BD002070472DE9F74F01251C46AE
S21403F2889DF83030064601930368174603F00703D4
S21403F29806339D4005F1FF380B46A1B1416804EAE1
S21403F2A8080BA5EB0B0A41F00059524509EB0B0175
S21403F2B814D952461846E0F7BBFA49467A1B5A440D
S21403F2C85044E0F7B5FA019B2BB13C4448EA0508DD
S21403F2D804EA0804F46003B0BDE8F08F1846F0E7C4
S21403F2E84FF03A43022298615A6370474FF03A4305
S21403F2F801225A6740F6FF72D96418651A67704781
S21403F30837B5002514460095FFF7B6FF204603B029
S21403F31830BDE2F7ABBA00207047002070470020E4
S21403F32870477047704710F0FD0F14BF4FF0FF305B
S21403F3380020C0B27047704700200021704708B508
S21403F348E3F7F6FDBDE80840E3F71ABE38B504460A
S21403F358FFF7F5FF0546FFF7F2FF431BA342FAD371
S21403F36838BD38B50D460446E3F7E2FD35B18442A9
S21403F37800D90139204601F0030138BD844238BF5D
S21403F3880131F7E708B50121FFF7EBFFBDE80840B1
S21403F398E3F7F6BD08B521B19200E0F749FA002075
S21403F3A808BD2120FCE700F06F43B3F1804F02D07D
S21403F3B8B3F1204F02D120F07040704700F060434D
S21403F3C8B3F1204F08BF20F0805070470B0C23F48E
S21403F3D88053B3F5284FF7B50D468FB2064699B254
S21403F3E816D04AF60103994214D04AF60203994204
S21403F3F812D0B1F5204F14BF04240324D6F8E03006
S21403F4080BB1196851B9D6F8DC3093B928680EE001
S21403F4180024F3E70124F1E70224EFE723466846CE
S21403F4283A46E3F721FEDDE90003002BEBD103B0F0
S21403F438F0BD19680029E9D0234668463A46E3F73B
S21403F44813FEDDE90003002BE0D1F0E70204C0F366
S21403F458891307D56FEA83536FEA935313F5007F2F
S21403F46818B206D0A3F1C8006FF4FF739842B8BF6A
S21403F478184670474FF0384359699A6903F500539D
S21403F4880A405A6170470E207047E5F7E7BBE5F771
S21403F498E5BBE5F7E3BBE5F7E1BB08B50846E5F7E3
S21403F4A8CFFF08BDE5F7DABB022070470220704796
S21403F4B80020704701207047002070470E207047D1
S21403F4C800207047E2F73ABA08461146012200F0D0
S21403F4D886B870B505460C4611461A46E6F7E6F8AA
S21403F4E806682B462046B446BDE87040604710B50C
S21403F4F8E6F7DCF8BDE8104083681847FFF739BE1F
S21403F508E2F726B9FFF79CBBE1F724BE70B50446BD
S21403F5180D4616464FF4881100F0F4F8324629468D
S21403F5282046BDE87040E2F73FBB7047431E012BF9
S21403F53803D9031F58425841704701207047FFF705
S21403F548EABE4FF4D4720021DFF7E2BF70B5044673
S21403F558E1F798FE0546A8B9A169F1B1238AD3B1A4
S21403F568204604F11002FFF7B8FD38BBE16919B36A
S21403F578638AA3B1204604F11202FFF783FD78B12C
S21403F588054603E00023A3612361E36100232846BD
S21403F5986361236270BDA061E8E72082E6E7E36162
S21403F5A8216A0029F2D0A28A002AEFD02046E38AED
S21403F5B8BDE87040FFF722BD6182F1E76582E56129
S21403F5C8DEE711B9D0F8DC1021B1CB6813B18B682C
S21403F5D8D88970474FF6FF707047E0F775BF10B5C8
S21403F5E80C461146E0F796FFE2F7A8F9012801D181
S21403F5F8002010BD002CF7D10520FAE7FFF786BCDC
S21403F608FFF79ABC70B500232425D0F8DC00C4683D
S21403F6189C4201D1212070BD826805FB0322D6894E
S21403F6288E4202D8128A8A4201D20133F0E70020BA
S21403F638F1E7F8B506460D46E6F79AF8D8B94FF651
S21403F648FF734FF0240CEF68C1B28F4208D81C46EC
S21403F65821463046E6F726FAFFF763FE2046F8BD4E
S21403F668AA680CFB0122D4899C4202D2002CEFD054
S21403F67823460130E8E70024F0E7808D70470A78D0
S21403F68838B505461046FFF751FF60B14C7820465B
S21403F698FFF74CFF38B12243530704D42846BDE886
S21403F6A83840E1F76FB9212038BD10B5044608780D
S21403F6B8FFF73CFF58B14A781046FFF737FF30B1DB
S21403F6C8042A04D02046BDE81040E1F779B9212082
S21403F6D810BDFFF79FBBE1F79FBC38B505460C4640
S21403F6E804F02FFCD5F88C301C40D5F8883023431B
S21403F6F8C5F8883004F020FC211E18BF012100201D
S21403F708490238BD38B504460D4604F01AFCD4F849
S21403F7188C301D40D4F8883023EA0505C4F8885091
S21403F72804F00AFC284638BD38B504460D464FF49F
S21403F7388811FFF7E7FF29462046BDE83840E2F779
S21403F74853BA73B50D7806460C4635B304238DF8BD
S21403F75804302379304601A98DF80530FFF7A5FF55
S21403F7680546B8B92278A37952BB8DF80430E379F5
S21403F778304601A98DF80530FFF781FF054648B9DD
S21403F78823783BB161883046E1F708FB0121304610
S21403F798FFF7FFFB284602B070BD2946FFF7F9FBC3
S21403F7A829463046FFF716FC29463046FFF71AFC6B
S21403F7B82378002BCAD123798DF804306379C9E7F7
S21403F7C802228DF80420D3E7FFF704BCFFF712BC28
S21403F7D800207047704710B50446E6F7F3F921464C
S21403F7E80020E7F751F8BDE81040002000F03EB9C6
S21403F7F870470120704708B5E7F774FE80F00100EC
S21403F808C0B208BD4FF0FF30FFF7C1BA70470020FB
S21403F818704710B50C4604F0AFF8048010BD38B531
S21403F8280C46154604F0A8F803881DB11C43A1B27C
S21403F838018038BD23EA040189B2F9E708B504F064
S21403F8489BF8008808BD08B504F096F8C07808BD8C
S21403F85808B504F091F8008800F00C0008BD08B558
S21403F86804F08AF8008800F00C00031F5842584139
S21403F87808BD38B5054604F07FF804462846FFF762
S21403F888EEFF30B904F1100004F0CDFC00F440603C
S21403F89838BD4FF40060FBE738B5054604F06CF84E
S21403F8A804462846FFF7DBFF014648B910342046CE
S21403F8B8042203F0A1FF2044BDE8384004F0B3BC9B
S21403F8C8A08838BD10B50C4604F056F8848010BDE1
S21403F8D838B5054604F050F804462846FFF7BFFF38
S21403F8E8014608B1201D38BD10340422204603F013
S21403F8F883FF2044F7E738B5054604F03DF8044689
S21403F9082846FFF7ACFF30B904F1100004F08BFC6F
S21403F91800F4404038BD4FF40060FBE738B50546B1
S21403F92804F02AF804462846FFF799FF014648B923
S21403F93810342046062203F05FFF2044BDE8384013
S21403F94804F071BCA08838BD38B5054604F014F831
S21403F95804462846FFF783FF014608B1201D38BD35
S21403F96810340622204603F047FF2044F7E708B57D
S21403F97804F002F8007A08BD08B503F0FDFF90F915
S21403F988090008BD08B503F0F7FF807A08BD08B577
S21403F99803F0F2FFC06808BD10B50C4603F0ECFF91
S21403F9A8047210BD10B50C4603F0E6FF447210BD92
S21403F9B810B50C4603F0E0FFC46010BD2DE9F8430C
S21403F9C80F468046002107F110001646994604F0B4
S21403F9D847F80446D0B103F0CFFF0546204603F0A8
S21403F9E8E7FF002102462846DFF792FD002320465C
S21403F9F8AB7049F00401FFF70CFFA5F804802EB19D
S21403FA083A46314605F11000DFF712FF2046BDE8F7
S21403FA18F883F8B505460F461020002104F020F8B1
S21403FA280446B0B103F0A8FF0646204603F0C0FF1D
S21403FA38002102463046DFF76BFD00233946204691
S21403FA48B370FFF7E6FE25B12A460121204603F0E8
S21403FA58DFFF2046F8BD08B503F08EFF103008BD5B
S21403FA6808B503F0A5FF1038C0B208BD0020E6F7B6
S21403FA7833BE08B5E7F78EF8002008BD4088C0F304
S21403FA880C000330800840000430704770B50E46FB
S21403FA9805461146304603F0E3FF044635B128B160
S21403FAA803F06AFF32462946DFF784FD204670BD19
S21403FAB80088B0FA80F04009704738B505880022F8
S21403FAC8044604F01EFC05B1258038BDF8B5074684
S21403FAD80D4600880021164603F086FFB04204460A
S21403FAE805D129463846BDE8F840FFF7E6BF0021AA
S21403FAF8204603F079FFB04205D02046002103F0E4
S21403FB0873FF0446F3E72A462046002103F080FFE6
S21403FB1832462846BDE8F840002103F079BF38B5D9
S21403FB28044638B1002104F0E6FB002301465D1CB9
S21403FB3809B998B238BD204604F001FC2B460146A5
S21403FB48F5E7F8B5058807467DB1CCB221462846C1
S21403FB5803F04AFF8542064609D100233B8000226C
S21403FB682146304603F054FF35462846F8BD21465D
S21403FB7803F03AFF21460246284603F049FFEEE71C
S21403FB882DE9F04707888246884614465FB3384609
S21403FB9803F00EFF3D460646E4B22146284603F028
S21403FBA823FF4045814616D1214603F01DFF214613
S21403FBB80246284603F02CFF474504D1454508BFAF
S21403FBC80025AAF8005000222146404603F020FFED
S21403FBD83046BDE8F0878742FAD003F0E9FE3044A2
S21403FBE84D4686B2D9E73E46F2E700220123C0E92E
S21403FBF800237047F8B504460127002604F0AEF93B
S21403FC0823683BB904F0A5F900226368012B0ED1DB
S21403FC186360F8BD1D691F61266004F09AF9012D1B
S21403FC28F2D02B462D691E61012DFAD1E6E7196934
S21403FC381A610B46EAE7036823B94068012803D02C
S21403FC48E7F7F0BC002070474FF0FF307047F8B571
S21403FC58054604F003FA012306460027A8602B731B
S21403FC6804F07CF92B6802467BB11C692169A14222
S21403FC780CBF2F6019612761104604F06AF9012C3E
S21403FC8808D0204663689847EAE76C68012C04D1D5
S21403FC9804F05FF900232B73F8BD6169711AB1F19B
S21403FCA8004FF5D8216969602361E5E770470220AC
S21403FCB8704702207047002070470144884201D1EC
S21403FCC80120704710F8013B9342F7D00020704795
S21403FCD80821FDF789BE70B50146064692B0002096
S21403FCE8E6F79CF9044670B9FDF779FE0546014622
S21403FCF86A462046E6F7E6FC6A46294620468DF815
S21403FD080260E6F795FF204612B070BD00B593B0C3
S21403FD18FDF765FE6A4601460020E6F7D3FC9DF923
S21403FD28020013B05DF804FB00B593B0FDF757FE69
S21403FD386A4601460020E6F7C5FC9DF8000013B0A6
S21403FD485DF804FBE6F782BC012070477FB54FF6E3
S21403FD58FF7101AAE7F742FF20B1BDF80C0007B010
S21403FD685DF804FB4FF6FF70F9E708B504F026FBC9
S21403FD78003818BF012008BD08B51046E9F702F891
S21403FD88BDE80840E9F7BCB8704770477047704746
S21403FD98704770477047002100B593B06A46084617
S21403FDA8E6F790FCBDF8060013B05DF804FB0021E7
S21403FDB810B592B004466A460846E6F783FC002167
S21403FDC86A460846ADF80640E6F732FF12B010BD9D
S21403FDD8002100B593B06A460846E6F773FCBDF8FB
S21403FDE8040013B05DF804FB002110B592B0044676
S21403FDF86A460846E6F766FC00216A460846ADF8F2
S21403FE080440E6F715FF12B010BD704773B50646F3
S21403FE18E8F70AFA04463046EBF788F9224603461B
S21403FE2800213046F6F7A2FF0546D0B1FFF713FECA
S21403FE380446284603F0A0FD0023E21D121A2946AD
S21403FE4808200093D2B2FBF777FD0138C0B2012829
S21403FE5807D801222946304602B0BDE87040E8F7C5
S21403FE6819BA02B070BD134610B50A4600210446F7
S21403FE78F6F756FF014628B12046BDE81040022291
S21403FE88E8F708BA012010BD07B5009313460A46DB
S21403FE980021F6F7BFFE28B1002103B05DF804EB96
S21403FEA8F4F76ABC012003B05DF804FB2DE9F04FB4
S21403FEB887B00C4691460746FFF7CAFC0546661CFC
S21403FEC8304604F0B0F9042D40F090803846FFF72A
S21403FED8C2FD0378092203F00303012B14BF022390
S21403FEE8032301212046039303F086FC09220021FD
S21403FEF80546204603F080FC21788DF81700013963
S21403FF080022204689B2FFF7C1FD04EB09088346A1
S21403FF18F0B14FF0010A2A460146CDF800A003982F
S21403FF280DF11703FBF708FD0228054626D15846A8
S21403FF3803F03EFD00222070C0B2431E00929BB21F
S21403FF4852465946304604F073FA237853442370CE
S21403FF583846FFF773FC020424D498F80130217856
S21403FF689B071FD50139A1EB09013A464046C9B29A
S21403FF78ECF7F8FE23781844207013E020B92070B5
S21403FF88284607B0BDE8F08F032809D1404604F099
S21403FF984AF920F4007189B2404604F046F9D7E7D7
S21403FFA80428D5D10125002220462178FFF76EFDC7
S21403FFB807460028E4D04FF00008014643460122CE
S21403FFC84046CDF80080FBF7B7FC022819D138461F
S21403FFD803F0EEFCC2B2013A207093B2394601220E
S21403FFE83046CDF8008004F023FAC9E780F0800590
S21403FFF820F0800081B23046C5F3C01504F015F929
S214040008D1E70028BCD12070BAE708B50020FFF76E
S214040018F2FB80F00100C0B208BD0A4608B50146E6
S2140400280020E8F737F9B0FA80F0400908BD002048
S214040038E6F732BF00210846E6F7D6BB0020FFF7EE
S214040048D8BB70B5044604F0EEF804220021064630
S214040058204603F0D1FB204404F0E5F803220546C5
S2140400680021204603F0C8FB204404F0DCF84FF6D1
S214040078FF730540ADB29D4214D1F30712D506228C
S2140400880021204603F0B8FB204404F0CCF80446CC
S214040098E8F772F9844214BF02240624E8F766F9DE
S2140400A8204070BD2046FBF75FFEC400E4B2F5E7C7
S2140400B808B5FFF7C6FF003818BF012008BD0120A1
S2140400C8704710B50446FEF798F908B9FEF797F98D
S2140400D803050FD40C231B2B01D1002009E020FABA
S2140400E803F1C90703F1010206D5DBB2E31A584245
S2140400F8584110BD0B23F9E71346ECE710B50C4638
S214040108098819B90846F6F7EBFD2080012010BDCA
S21404011808B510461A4600F0B8FABDE8084004F0D8
S21404012820B870B504460D46164692B06A46E6F7F9
S214040138C9FA6A46294620468DF81F60E6F778FD10
S21404014812B070BD10B50C46E8F7F2FC2046BDE8C0
S2140401581040E8F703BC0129F8B505460C461DD03F
S21404016803291ED0052920D0072922D000260024DA
S21404017800270120E6F7EAF9304485421DDA032011
S214040188E6F7E4F92044854219DA0520E6F7DEF9AD
S21404019838448542B4BF07200520F8BD6FF004062E
S2140401A8E5E76FF004040526E2E700266FF0040787
S2140401B8DFE7002405272646DBE70120EDE70320D2
S2140401C8EBE738B5054600242046E6F7BFF90134C0
S2140401D8A842E4B202D9062CF6D10724204638BD34
S2140401E838B14379490023F00C0301F00C010B43A2
S2140401F84371704710B5044678B141794088490878
S21404020801F006010131000AFFF7A5FF0246014680
S2140402182046FFF7E5FF104610BD0722FBE738B572
S2140402280D46E8F773FC044608B9002038BDFFF706
S214040238E1FF002DFAD1237913F00703F5D098428D
S21404024838BF1846C0B2F1E7037923F00703194309
S21404025801717047037903F00F0343EA011303712E
S21404026870470022E8F7F6BF0021012208B5E8F730
S214040278F1FF401A18BF012008BD38B51546FFF728
S214040288F0FF0446284604F0AFF884B1FF2804D0EB
S214040298626822FA00F3DB0701D5012038BD012382
S2140402A8834013436360E3780133E370F5E720463D
S2140402B8F4E7E9F739BA10B503F05EFB00F1100469
S2140402C8204603F0B0FF20F4007189B22046BDE84A
S2140402D8104003F0AABF2DE9FF41154601910121FC
S2140402E88DF80D301B0A8DF80E309DF82C308DF8DD
S2140402F80C008DF80F3028460423009103AA9DF8B5
S21404030828809DF830709DF8346001F0D8FC0446C7
S21404031870B12946FFF7D6FAB8F1000F02D1204685
S214040328FFF7C9FF2FB146B931462046F4F724FA39
S2140403380024204604B0BDE8F08100222046114679
S214040348E9F778F9F4E74FF47A70E9F7CDBAF0B537
S214040358064687B010461C460F461546FFF77BFB35
S2140403689DF83030184443789CB16178012211F026
S214040378020F0CBF032100210020CDE90142CDE97C
S21404038803100722394630460095E9F749FB07B0BB
S214040398F0BD22462146EFE708B5E7F757F9BDE86A
S2140403A808400020E9F778BD00B58BB06846E9F741
S2140403B877FA009BBDF8060004A90693E9F716FA2F
S2140403C80BB05DF804FB1FB504466846E9F768FAFF
S2140403D802AB03CB2060616004B010BD1FB50623D2
S2140403E804468DF80C30E9F7E7FE00238DF80D0077
S2140403F8CDE9003301210223204603AA01F05FFC5D
S21404040804B010BD70B50C4605460120EAF7C8FDD1
S214040418237B4BB1FFF7BFFC014623462A46BDE8BB
S21404042870400120EAF776B94FF6FE71F5E7F8B59D
S2140404380E460746FFF70FFB054603F0F4FE00F4E6
S2140404484040B0F5404F14BF0022062202F10A03CA
S214040458EB5C0B325C0004F00E045B08144403F0F7
S214040468380338461C44FFF7FBFA844208D2001BBC
S214040478C2B20F2A28BF0F2230462919DFF7D8F947
S2140404882046F8BD40F62740EBF7BCBC13B5F4F796
S21404049815FC6946044600F0E1FF58B1FFF77BFCFB
S2140404A840B1E7F7C7F928B1002302226946204677
S2140404B8F1F7C4FF02B010BDFF224FF6FF71EBF749
S2140404C8EDBE07B500210DF10700ECF775F89DF8A9
S2140404D8070003B05DF804FB13B5044601A9002021
S2140404E8ECF76AF8019A01462046ECF77BF82046B2
S2140404F802B010BDF0B50F46002187B00446084682
S2140405081646ECF759F8012305460DF10A008DF84E
S21404051808408DF80930FFF756FF092C1DD13146DF
S2140405280DF1120003F081FE05AB002102AA9B1A06
S2140405382846CDE90011DBB2642101F0C0FB05466C
S214040548E0B1092C15D1ECF797F8044688B128468B
S214040558ECF7A6F8204607B0F0BD31460DF11300B7
S2140405688DF812704FF6FF7503F05FFE0DF1150354
S214040578DBE7284600F02EF80446EBE70446E9E7EE
S2140405887FB50D461646ADF80E0003F011FA841B27
S214040598E4B2BDF80E20631B9BB2104629460093AE
S2140405A8731901F0C0FA21460DF10E0001F093FA12
S2140405B804B070BD38B504460D4603F032FF40B1AA
S2140405C8AC4206D0204603F0F7FBBDE8384000F0FE
S2140405D8DBBF38BD10B50446FFF73DFA023003F01A
S2140405E822FE4FF6F7739842204603D9BDE810401A
S2140405F8ECF7D8B9ECF722FAB0FA80F0400910BD47
S2140406080022ECF7F3B870B50546FFF724FA064659
S214040618284601F078FB01462846F7F713F80446FF
S2140406282846FFF739F94FF6F773984208D833780F
S21404063803F00303012B05D1A31E5842584170BD8D
S2140406480120FCE70020FAE741F2033330B585B011
S2140406580D46ADF808300446FFF79DFB8DF80A00F2
S214040668FFF799FB0021000A8DF80B0005232046A6
S214040678CDE9001102AA8DF80C5001F020FB10B148
S2140406882146FFF7BDFF05B030BD2DE9F04104460D
S21404069817460D46E1B13F294FF0000600D135460E
S2140406A82046FFF7D5F8082814D10121204603F080
S2140406B89BF9064603F07CF90446304603F05CF9D9
S2140406C83B4601462A46E0B2BDE8F041FDF73EBA8D
S2140406D80126E5E72046FFF7BBF8024630B9BDE831
S2140406E8F0414FF6FF71012003F066BD2046FFF780
S2140406F8C0F8B0F5006F0ED12046FFF7CDF84FF6D8
S214040708FF739842014617D0002D0CBF032005201E
S214040718002203F051FD29462046E9F743F868B954
S21404072829462046EDF71EFE40B93246294620469D
S214040738BDE8F041ECF73EBC0120E9E7BDE8F081EE
S21404074837B54FF6F675FDF74DF9431E9BB2AB4227
S2140407580446F8D8E8F7DAF90028F4D169462046BA
S214040768E7F7C8FC0028EED0204600F0DCFF002897
S214040778E9D12046FFF778FD0028E4D12046EDF7B6
S21404078865FE0028DFD1204603F04BFE0028DAD1A8
S2140407982046FDF73DF90028D5D1204603B030BDE4
S2140407A873B504460E46EDF751FE054688B920464D
S2140407B8EDF7A6FE21462B460D224FF6FD70009552
S2140407C800F056F83146204602B0BDE87040EDF712
S2140407D859BE02B070BD37B5054614460C2914D860
S2140407E8DFE801F02C132C13131307131313132425
S2140407F824006946E7F77EFC18B901216846F2F733
S214040808FFF941202946F7F7C3FBD4B12046FFF782
S21404081822F9023003F007FD4FF6F773984210D911
S214040828204603B0BDE83040ECF7D4BA40F614408E
S21404083840F613430B2908BF1846E3E7F5F7CAFD45
S214040848E3E703B030BD1FB50346084603218DF819
S2140408580D308DF80C1001230021ADF80E20CDE9DB
S214040868003103AA042301F02AFA05B05DF804FB54
S2140408782DE9F34106460F4614461D469DF820808A
S214040888FFF789FAB04207D100222146384602B05B
S214040898BDE8F041FFF79FBF3A4631462046FFF7CA
S2140408A8D2FFADF8060060B10D2C05D100224FF634
S2140408B8FF71282003F080FC35B9BDF80600FFF761
S2140408C889FE02B0BDE8F0810123424629460DF1AF
S2140408D80600E6F70FFEBDF80630002BEDD1F0E76C
S2140408E8F7B50C460546FFF7B6F8611C06462846D3
S2140408F8F6F7A8FEA11C0746284601F027F9014684
S21404090804463846FDF7BAF80D2F34D12046EDF7DD
S2140409189DFD78B1301D03F086FC04462846F6791A
S214040928FEF7FCFF31460246204603B0BDE8F04019
S214040938FFF7A3BCB01C03F076FC4FF6F773984297
S21404094802D92846ECF746FA2046EDF7D9FDFFF714
S21404095822FAA04205D1002003B0BDE8F040EDF726
S21404096813BE6B46B068F16803C369462046EDF7C4
S21404097889FD03B0F0BD2A463946204603B0BDE8D3
S214040988F040FFF728BF14220021DEF7C1BD2DE989
S214040998F04F11F00F0704460E4615468FB05CD18B
S2140409A80120DCF707F909A8FDF778F9092309A84F
S2140409B88DF82430FDF776F909A8DCF7CDF801A9F7
S2140409C809A8FDF700FB26F00F08A84404F110094F
S2140409D804F10F0A454511D1236901A9334423615B
S2140409E809A8FDF7D5FA0020DCF7E4F8B6F1005FAD
S2140409F828BF272738460FB0BDE8F08F05AA234638
S214040A0896469446186859680833ACE803004B457C
S214040A186246F6D12B46224605F1100B53F8041B02
S214040A285B4542F8041BF9D1714609A8FDF7B0FAEC
S214040A3809A8DCF791F8224621460120DCF776F867
S214040A48013D631E13F8012F15F8011F534582EA6A
S214040A5801021A70F6D15D46BCE70227CAE7F0B56C
S214040A68174685B005460C46102200216846DEF770
S214040A784FFDBFB3C4B30F2C04F00F0608D924F0F7
S214040A880F043A4621462846FFF781FF40BB274411
S214040A98324639466846DEF7CBFE80222F6906F1D1
S214040AA8100337446B44B7F5005F03F8102C2F6126
S214040AB8C6F110061AD3062E1FDDFB001A0E8DF893
S214040AC80A201A0C5BBA8DF80B20ADF80C306A466F
S214040AD810212846FFF75BFF00202B69103B2B618B
S214040AE805B0F0BD3E46D8E72646D6E7022E04DD16
S214040AF8FB005BBAADF80E30E9E76A4610212846D3
S214040B08FFF745FF2B691022A3F11004002168465D
S214040B182C61DEF7FDFCB7F5005F4FEAC403CDD2BF
S214040B28E7E770B50E46054686B001A81446FFF7F3
S214040B382AFF3246294601A8FFF791FF22460546B2
S214040B4801AB05AE1C4603CCB44210605160234684
S214040B5802F10802F6D1284606B070BDEDF7B2BD1C
S214040B680A460021EDF7AEBDF0B58BB00C4601A9D8
S214040B78EDF7A8FD054680B325220021E01CDEF724
S214040B88C7FC0123A3700E23BDF810702380FA0552
S214040B9810D523464FF4877206AE23F8042B0DF1BE
S214040BA8280C324603CA624518605960164603F193
S214040BB80803F6D13B0605D5238843F08003238033
S214040BC8069B636001AB03CB039BC4F81D00C4F803
S214040BD82110A361EFF782F8606128460BB0F0BDD8
S214040BE830B505460C4687B001A8FDF757F82868BF
S214040BF8696802AB03C39DF8113043F002028DF80E
S214040C08112074B12288510644BF43F006038DF8B8
S214040C181130530542BF9DF8113043F008038DF890
S214040C28113001A8FDF735F9B0FA80F0400907B08D
S214040C3830BD70B58AB00D46002201A90446EDF70A
S214040C4841FD88B1204604A9FFF7CAFF60B1BDF884
S214040C581060FFF7A0F838B9720601D5730503D5F6
S214040C6829462046FCF776FF0AB070BD2DE9F34105
S214040C780F460546164602F09BFE4FF00008C41BB6
S214040C88E4B2294623463A463046CDF8008003F0B7
S214040C98CFFB0121284602F0A7FE88B10121284689
S214040CA802F0A2FE074602F083FE0546C3B2424699
S214040CB830193946CDF8008003F0BAFB2544ECB267
S214040CC8204602B0BDE8F0812DE9F04F85B00C4609
S214040CD8054691461F464FF0010ADDF838809DF810
S214040CE83CB002F065FE22463B4629460646CDF849
S214040CF800A0484603F09CFB5146284602F074FEC2
S214040D083C4418B35146284602F06EFEF6B2B44286
S214040D18814610DAE7B2F31BDBB240462246294680
S214040D28CDF800A003935F4403F082FB039BBF1B2C
S214040D38984407F0FF0B012300220E9349465B46AE
S214040D48404605B0BDE8F04F03F072BB5B4622464A
S214040D582946CDF838A0F3E72DE9F041002686B0F9
S214040D68074608460C4615469846CDE90266049694
S214040D788DF8146002F01CFE411BCBB20D2B28BF65
S214040D880D232A462146009602A803F051FB424644
S214040D9802A93846EDF710FF0646294620469DF870
S214040DA80820F6F763FC304606B0BDE8F0812DE966
S214040DB8F04F0E46CBB00121054617461C4602F0F6
S214040DC813FE23463A462946814606A8FFF7C4FF7B
S214040DD80DF1280A00EB070B5246314628465FFAFF
S214040DE88BFBFFF743FFB34503D200204BB0BDE8A7
S214040DF8F08FABEB06085FFA88F808F1040398420C
S214040E08F3DB331F18440423C4B20193A31BDBB2D9
S214040E180093524643460021CDF808A006A8DBF7FF
S214040E2839FE0028E1D1A4EB0B040AEB0803E4B26C
S214040E38524628463146009301944346FFF744FF3A
S214040E4839462846F6F7FEFB394600F0F8022846E7
S214040E58F6F70CFC0121284602F0C6FD002818BF48
S214040E684D462846ADF8165002F0A2FD011FC9B239
S214040E780DF1160000F02FFE0120B7E72DE9D84142
S214040E88064600F040FF411C044689B2304600F08E
S214040E980DFF98B394B321463046F6F7D3FB00F01B
S214040EA80C03042B074629D000F00308B8F1020FF8
S214040EB800D11BBB384600F0AFFF3B060444A4B27F
S214040EC816D5611C304689B200F0F0FEB0B1214652
S214040ED83046F6F7B7FBB8F1010F014600F00303F6
S214040EE80CD0032B0AD0384600F0A5FF03199CB291
S214040EF821463046BDE8D84100F0D8BE0020BDE8FB
S214040F08D881F8B5064600F0C0FE054604463046C5
S214040F18FEF7A1FD43785B0718D5AC1CA4B221469E
S214040F28304600F0C3FEB8B129463046F6F78AFBC9
S214040F380746691C304689B2F6F784FB1FB1874218
S214040F4801D8FF2808D104EB4704A4B2214630464A
S214040F58BDE8F84000F0AABE0020F8BD13B5044664
S214040F6801A8EEF781F8BDF80430DA0710D49B0719
S214040F7807D410220021204602B0BDE81040DEF750
S214040F88C7BA224621461020FFF7CBFD0028F0D129
S214040F9802B010BD024608B5EEF78EF8510544BFF8
S214040FA80838C0B2130544BF0838C0B208BDF0B547
S214040FB8D30705460C468BB04AD5008800F0A3FE36
S214040FC800230646029314B9CDE9034403AC002271
S214040FD808212046FEF771FEA8B12888FEF73BFDD7
S214040FE8023003F020F921460746E7F783F850B1A4
S214040FF8002240231146384600F01DFA40F60945FB
S21404100828460BB0F0BD31462888F6F71BFB10F0CF
S214041018030F0CBF01260026EDF798FB46EA4000AE
S214041028C0B200900021204602AB05AAEFF7AEFA3C
S2140410380546EDF78BFB0028E2D0002DE0D0002112
S2140410482046009602AB05AAEFF7A0FA0546D7E7AE
S21404105840F60A45D4E700231A46EFF7F1B930B547
S2140410688BB005AD04462846FCF718FE022328462E
S21404107801A98DF81430FCF7A6FF234601AA1446E6
S21404108803CCAC4218605960224603F10803F6D133
S2140410980BB030BD08B50023024619461846EFF7CC
S2140410A8CFF9012008BD37B504466846EFF740FA7D
S2140410B8054648B1082221466846DEF775FDB0FAAB
S2140410C880F0400903B030BDFF2208212046FEF711
S2140410D8F4FD034628B106212846FFF7BCFF012085
S2140410E8F0E722460146EFF7ABF9F8E707B5684696
S2140410F8EFF71EFA10B16846FDF7E3F800F00100B2
S21404110803B05DF804FB0120EFF74CBF704737B512
S21404111804460846FEF7DCFB0546FEF73CFE0023BD
S2140411280146009322462B460120F5F777FA03B0CA
S21404113830BD30B50124054689B003A8FCF7AEFDDA
S21404114801A88DF80C40DBF765FD9DF806209DF890
S2140411580730AA4209D0AB4209D103A88DF80D403E
S214041168DBF7FAFC012009B030BD0024F5E70020BF
S214041178F9E700221021FEF7A0BD7FB50D4600F55D
S21404118882300D22694600F58070CFF729FF6B463A
S2140411982A4602AE1C4603CCB4421060516023466D
S2140411A802F10802F6D1206810602379137100232F
S2140411B86B7304B070BDF0B585B06A4605460B4639
S2140411C8164601F10807144618685968083303C414
S2140411D8BB422246F7D118680D2220601B7905F514
S2140411E882303146237100F58070CFF725FF05B0AD
S2140411F8F0BD38B504460D46DAF7D0FFA04205D947
S21404120820462946FFF7B9FF002038BD2820FCE70A
S21404121830B5002485B08DF80040DAF7BFFFE5B294
S214041228A84204D8F1F750FB002005B030BD694643
S2140412382846FFF7C0FF0134EFE738B50446002018
S21404124802F08AFDFF2805460FD002F00DFE10F0C6
S214041258010009D0284602F007FE400840EAC1709B
S21404126880F0010000F0010038BD04F00100FBE73F
S2140412780146F8B506460020F1F760FAFF2801D0C3
S2140412880120F8BDDAF77AFF00240546871CDAF74A
S21404129879FFE3B2984201D80020F2E735F8243003
S2140412A8B34203D117F82430002BE9D10134EEE712
S2140412B838B50D460121044602F096FB30B10121EB
S2140412C8204602F091FB2880012038BD20462C8059
S2140412D800F00EFE0130C0B2F7E72DE9F04788B0FB
S2140412E80746894610460DF10A011D469046FFF743
S2140412F8DFFF4FF0000ABDF80A6004463046CDE921
S21404130805AACDF81BA002F053FB031BDBB20B2B7C
S21404131828BF0B2322463146CDF800A005A803F0C3
S21404132887F848F21F039D4243D00BD885F4004340
S214041338012B15D923464246494628460097FDF709
S21404134813F833E048F23A039D42F3D1FEF723FD3F
S214041358B8422BD02246414605A8FDF73AF825E0C0
S2140413689DF8143013BBBDF81D40DDF81500DDF8F4
S214041378191003AB03C3204603A9DBF731F901228E
S214041388204603A9EDF734F9A74206460ED00121F4
S21404139803A8F1F735FC48F201039D4206D12EB99D
S2140413A8334632463946204600F046FE08B0BDE8C5
S2140413B8F0879DF81450002DF8D12F469DF8158017
S2140413C80234EAB24245F1D2D200D2B22244082309
S2140413D8314692B2009703A8CDE9037703F028F8BC
S2140413E803A8F3F79BFC02F0E7FC00F0CDF8013500
S2140413F8E7E708B5E6F72AF9BDE80840F1F73EBE80
S21404140810B50024418084800480C280038110BD06
S21404141813B5BDF81040CDE900340023F1F796FF64
S21404142802B010BD13B5BDF8104001900094F1F752
S2140414388DFF02B010BD07B500930123FFF7F2FF36
S21404144803B05DF804FB0123F2F726B80121F3F78D
S21404145893B901464FF6FF70F3F7B6B810B50C46C5
S21404146802F0AAFCFF2808D0F3F740FC20B1036872
S214041478236043680120636010BD0020FCE710B5B4
S2140414880446FEF7F6F9B0F5006F204605D1FEF7D8
S21404149803FABDE8104002F08FBCFEF719FABDE85F
S2140414A8104002F0BABF08B502F086FCFF280CD03C
S2140414B802F0DAFC10F0010309D0400840EAC170D3
S2140414C880F0010000F0010008BD0020FCE7184683
S2140414D8FAE71FB500F582300B2201A900F5C070A3
S2140414E8CFF77EFD9DF80E0005B05DF804FB30B519
S2140414F889B001F0010503A90446F4F719F89DB16B
S21404150890B9204602F0B0FC10F0010109D020463C
S21404151802F0AAFC430843EAC17383F0010303F00C
S214041528010103A8F1F76CFB2046F4F799FF9DF830
S2140415381430294600932046BDF8162003ABFCF762
S21404154881FA09B030BD7FB50C460546F3F7B6FBFD
S214041558A04217D04FF6F7739C4213D805F5823687
S21404156806F5C0760B2201A93046CFF739FD01A946
S2140415780B223046ADF80C40CFF75EFD21462846D0
S214041588F3F7EEFB04B070BD10B50446DAF70CFEAC
S214041598A0420FD92046F3F791FB4FF6FF73984203
S2140415A808D020460021FFF7A2FF2046BDE81040D9
S2140415B8F4F718B810BD10B50446FEF7ECFB002384
S2140415C8024619462046BDE81040F4F765B92DE9E9
S2140415D8F04114460F4605469846FEF73CFA06467A
S2140415E8043002F020FE20802846FEF797F9608033
S2140415F8B379791CE372C9B22846F6F723F8B91CFE
S214041608A072C9B22846F6F71DF8FE1C2072F6B278
S214041618B8F1000F18D03146284600F097FA053777
S214041628FEB23146A080284600F090FAB11CE0804D
S214041638C9B22846F6F706F86072217AA08801220D
S214041648BDE8F041F4F748BE2088EAE72DE9F04102
S21404165886B090461E4604460D46FEF79CFB4FF69B
S214041668F7739845074632D80523A0428DF80C3000
S2140416784FF0010214BF012300234FF0000118BFE6
S2140416888DF80D30CDE9002114BFADF80E008DF8A5
S2140416980D30284614BF0423022303AA00F00FFBC8
S2140416A80546A0B1A7421AD0FEF7D5F90746214643
S2140416B80430803E02F0B9FD2046FE7104A9FFF707
S2140416C8CDFE40B9204604A9E6F728FA18B9002042
S2140416D806B0BDE8F081284604A900F07EFB414622
S2140416E82846FEF78DFFF3E7037923F0030319432F
S2140416F801F03F010171704707B50DF10701F4F7D2
S21404170891FC03B05DF804FB08B5FFF7F5FF18B1C4
S214041718BDE80840F4F7D6BC08BD00224FF6FF70B3
S2140417281146F4F7D9BD10B50446FFF7E5FF02469F
S21404173838B901462046F4F7CFFD003818BF012013
S21404174810BD0120FCE7F8B5174604460E46FFF719
S214041758D3FF0546386068B1037903F00303337092
S21404176823B93A68137903F03F0313713B685C881E
S2140417782046F8BD01462046FEF751FD074628B127
S214041788E7F7D2FB874201D83570F1E731462046A1
S214041798FCF7E4FD0028EBD003234FF6FF74337000
S2140417A8E6E707B501AA0DF10301FFF7CCFF9DF89C
S2140417B8033053B9019828B1037913F0300F14BFD6
S2140417C80120002003B05DF804FB0020FAE72DE9A9
S2140417D8FF410646104688461546F3F79FFA07461D
S2140417E8FEF7D9FA044648BB4FF6FF739E4225D047
S2140417F89F4206D00146384604B0BDE8F041EAF7F1
S2140418085DBE07238DF804302B680246CDF80530F4
S2140418186B68092101A8CDF80930FEF737F90246A6
S21404182818B9192004B0BDE8F081012341463046B2
S214041838F0F7AEF80028F4D02046F3E70220F1E7E4
S2140418482DE9F04390460F4606464FF0010991B03D
S2140418580BA803ADFCF722FA07AC29460BA8ADF88B
S2140418682C90FCF7B0FB95E80F0084E80F004B4675
S214041878002239463046CDE90048F0F7A5F911B0FC
S214041888BDE8F0832DE9F04F002785B081460C4665
S2140418987E2039469846BDF83CB09DF844A0BDF86D
S2140418A84C500192ADF80E7002F0DAF8064600289D
S2140418B800F0AA8002F060F839467E22DDF728FE9A
S2140418C8304602F059F80090304602F055F8B9F15F
S2140418D8FF0F0CBF274644F003073B0A14F4406284
S2140418E8077043705FD14FF00808C31C1846424679
S2140418F80199DDF75FFE034604F44044434484B18B
S214041908790606D419464FEA1B2201F802BB5A7018
S2140419180B46B4F5004F56D0A4F540425442544101
S214041928E400224618460E99DDF744FE009A03465C
S2140419382044A0EB02085FFA88F89DB14FF47C5265
S2140419481A53841C284602F017F88346284602F0E1
S2140419582FF8C5B22A4659462046DDF769FF6019AE
S2140419680235EDB2B9F1FF0F2FD05246109900F8A0
S214041978019BDDF75DFF08F101015AFA81F129445C
S2140419883046E5F74DFD0C210022FF0007F08007DE
S21404199810463943FEF73DF8ADF80E00E8B90020C6
S2140419A805B0BDE8F08FB2F5006F80F803804FEA03
S2140419B8182880F8048000F1050314BF4FF00808BF
S2140419C84FF0020892E70224ABE708EB0A01294421
S2140419D83046E5F725FD0821D6E7304601F0CCFF6A
S2140419E80446304601F0E4FF0123024621460DF181
S2140419F80E00E5F77FFD0028D1D10121BDF8482067
S214041A08BDF80E0002F004F8BDF80E00C8E710B5DD
S214041A180C46098821B90846F5F762F9208008B10A
S214041A28012010BD0220FCE72DE9F04780460F464A
S214041A380646002402F1FF39BC4202D219F8015FB7
S214041A4825B9A6EB080080B2BDE8F0879A46A5F14A
S214041A583102012A5AF8041B10D83246322D02F8ED
S214041A68011B06D10134A4B2A74232D30912B21C10
S214041A787170013453461646A4B2DDE7342D0CD1F2
S214041A880334BC42DDDA0B0A317073700B0C090E92
S214041A98B370321DF170A4B2EBE7A5F13302062A3F
S214041AA80DD8303DADB22B19BB42CADA2A463046A9
S214041AB8013CDDF77FFD15FA84F47219EBE7A5F10E
S214041AC84102062A01D8373DECE79D8803F1080A47
S214041AD8E9E71646B5E770B5054600880C4601F0F2
S214041AE867FFA04228880AD201F062FF0023221A60
S214041AF819462846BDE8704092B2E5F7FBBC214675
S214041B08E5F78EFC002070BD38B5054601F034FFB5
S214041B180446284601F04CFF002201462046BDE84C
S214041B283840FDF7B3BFF8B516460C461D46BDF853
S214041B38187001F021FF0444304601F01DFF3A46B0
S214041B4841192046BDE8F840DDF734BD70B50C46AB
S214041B58013189B20646F5F775FD21460546304635
S214041B68F5F770FD00EB052080B270BD1FB50123A4
S214041B78ADF80C2000930A460223014603A802F097
S214041B8857FC05B05DF804FB0FB437B5069D002175
S214041B98A8B201F065FF044601F0EEFE2CB100225F
S214041BA807AB0193D1B28D4205D8204603B0BDE8F1
S214041BB8304004B0704753F8041B81540132F1E7EF
S214041BC873B504460D4640200021164601F048FF2A
S214041BD8ADF8060001F0D0FEBDF8063013B90020B3
S214041BE802B070BD402133462A462044FFF71CFF46
S214041BF8211889B20DF10600FFF76DFF0028EED113
S214041C08BDF80600ECE70EB403B503AA52F8041BA5
S214041C180192FFF7D5FF02B05DF804EB03B07047F6
S214041C282DE9F7430F4601218146164601F0DCFEEE
S214041C38054658B1FFF768FF308088B9284601F092
S214041C48B7FE68B1192003B0BDE8F083484601F032
S214041C58AFFEFF2FA0EB0704E4B214D014B9348007
S214041C680020F0E72A4621462846FDF70FFF80465F
S214041C780028E7D03B464A4629460094FFF753FF18
S214041C88A6F80080ECE70120DDE708B5FDF7E3FEDB
S214041C98437803F001001A074CBF10300830DB06FF
S214041CA844BF0830C0B21030C0B208BD10B50C46E8
S214041CB801F07EFEA04234BF0020012010BD7FB58F
S214041CC814460091024641F2092141F609209DF87E
S214041CD820601D46002E18BF0146099B0020F5F714
S214041CE8D9FCADF80E0010B9002004B070BD01236D
S214041CF82A4621460DF10E00E5F7FCFB0028F3D131
S214041D08BDF80E00F1E738B50546FFF7BEFF0446F2
S214041D18284601F04DFE631C9BB283420FD8284622
S214041D28FDF799FE43785B0707D521462846F5F75D
S214041D3889FC013004EB4004E4B2204638BD002494
S214041D48FBE71FB5ADF80E0001F032FE0446BDF8F9
S214041D580E00FFF7D8FF00F10E03DBB2BDF80E2025
S214041D680146E01A80B200901046FFF7DCFEA4F1A4
S214041D780E0189B20DF10E00FFF7ADFE04B010BDDA
S214041D884278034612F0080006D0D20702D403F1BC
S214041D980800704703F10900704737B505460C4636
S214041DA8FDF759FE437813F0100212D09CB103F0E5
S214041DB801021B074FF000032946009320464FF004
S214041DC8080354BF1832203202F032FB012003B055
S214041DD830BD1046FBE72046F9E773B505460C46C2
S214041DE8FDF739FE437813F0100211D094B101269A
S214041DF803F001021B0729464FF00803204654BF88
S214041E0818322032009602F013FB304602B070BD3A
S214041E181046FBE72046F9E700F00303012B08D039
S214041E28C30606D400F00C000C2814BF08200920AA
S214041E38704702207047034611F0030005D003F0EC
S214041E480303022B14BF022003207047F8B50C4680
S214041E58064601F0ADFD631C834202D900252846D8
S214041E68F8BD21463046F5F7EDFB0746FFF7D4FFE5
S214041E783B060546F3D50444304601F099FDA4B262
S214041E88631C9BB28342E9D821463046F5F7DAFB51
S214041E9801463846FFF7CFFF2844C5B2DFE770B5DA
S214041EA806460D46FFF7D2FF044610B9002420461E
S214041EB870BD29463046F5F7C5FB8206F7D5304689
S214041EC801F076FD2544ADB26B1C9BB28342EDD877
S214041ED829463046F5F7B6FB00F01803082B14BF5E
S214041EE805340634E4B2830644BF0834E4B2DEE7B5
S214041EF838B50546FFF707FF044608B9002038BD7D
S214041F0801462846FFF7CBFF0028F7D02044C0B286
S214041F18F5E72DE9F04387B005460C46FDF79BFD2B
S214041F28804602F080F907462846FFF7ECFE064688
S214041F3801462846FFF78AFF0022034600922946F0
S214041F48324602A802F074FA9DF8086006F00C03FC
S214041F580C2B06F003090BD0B9F1010F59D0F10682
S214041F6857D49DF809300DF10A050020637107E07F
S214041F78FF230DF10900637102F055F90DF10B0505
S214041F88208198F80130DA0704D508F1020002F037
S214041F984AF92081B9F1010F5FFA89F83DD0F306B2
S214041FA83BD4284602F03FF96080A81C02F03BF9AF
S214041FB8053515F8013C208023712B78B006A372EA
S214041FC806F0400348BF43F02003390627D543F4F8
S214041FD80073F80448BF43F48063390548BF43F4E4
S214041FE800633206E38011D56A7812F003020DD036
S214041FF86FEA43436FEA5343A978B8F1020FE380C4
S2140420080B4611D1EB7841EA0321218107B0BDE8DC
S214042018F083FF230DF10905A7E7FF23CCE77A062B
S21404202848BF43F48073D4E7012A04BF0B029BB26B
S2140420382381EBE7F6F70AB80BB1F6F773B80AB9D3
S214042048F6F7ECB8FF21F6F715B8431C08BF0020CE
S214042058DEF734BB034B5868C0F30800003818BFD3
S2140420680120704700ED00E0014B1868704700BF78
S21404207840790020084B1B6F03F00703022B04D09B
S214042088032B05D0012B05D0FEE7044B18687047D0
S214042098034BFBE703487047008000504079002054
S2140420A848790020002D310108B5FFF7E3FF054BFA
S2140420B81B6FC3F303330133B0FBF3F0024B186012
S2140420C808BD00BF008000503C79002000487047D7
S2140420D800B4C40400487047002D3101014B186849
S2140420E8704700BF48790020014B1868704700BF46
S2140420F844790020B8B1036813F4E07F03F03F0086
S214042108C3F382120AD0012A0DD1084B41B103F554
S2140421188053012282401A6000207047044BF5E77A
S21404212803F50053F5E70E20704700BF688000509B
S2140421386480005007B500F095FC6A4600F0F2FC8F
S21404214818B14721034801F090FFDDE9000103B008
S2140421585DF804FB305104000229F8B596BF104B0D
S21404216800245C5C012805460E4608D0022809D0DF
S21404217808B944F002040B4B1F6837B9F8BD44F09D
S2140421880804F8E744F02004F5E77B681A68144264
S21404219803D0314628465B6898473F68EDE700BF9A
S2140421A862EA0400984E002038B5104D2B78ABB17F
S2140421B80F4C23781BB100F04FFA0023237000203D
S2140421C801F066FF0B4C50B100F098FA0023012189
S2140421D820782B70FFF7C0FF0123237038BD012237
S2140421E8054B1A702278054B1A70F7E7D36E002051
S2140421F8D16E0020D96E0020D46E0020D56E002043
S2140422080E490B78FF2B01D198B170470BB990B9DA
S2140422187047002814BF0122FF2213440B7060B1D4
S214042228074B1B78012B08D9064B1B782BB9FFF7ED
S214042238BBBF1A46F1E70122EFE77047D86E0020C5
S214042248D96E0020D46E002010B501F07AFE064B35
S21404225804461B781BB1BDE8104001F06DBEFFF7BD
S214042268A3FF2046F7E700BFD06E002002282DE91A
S214042278F04147D029480378FF2B41D1002941D1A2
S2140422881A461344DBB2037000293BD0244E327836
S214042298012A37D9002B3ED001F053FE214F0446BD
S2140422A83B780BB3204D2B781BB901222A701F4AA2
S2140422B81370DFF87C8098F8003023B100F0CCF96E
S2140422C8002388F80030204601F036FE012001F08D
S2140422D8DFFE01F036FE2B7804461BB100F00EFA3A
S2140422E800232B7000233B70204601F025FE0124B2
S2140422F83078A04206D02146FFF72EFF347001E05E
S21404230813B931B9BDE8F081002914BF0122FF22B0
S214042318B7E70122B5E70224EAE700BFD86E002033
S214042328D96E0020D36E0020D06E0020D46E002014
S214042338D16E00202DE9FF47EFF3108572B6AFF390
S214042348008001F07AFF002800F0A4806B4E6C4FE2
S214042358337823B10020FFF753FF0023337038780F
S21404236878B903A900F04EFB044650B9654B039AA6
S2140423781B689A4200F296800120FFF741FF01236A
S21404238833703B78002B40F0AB805F4B1B78002BF8
S21404239800F0A3804FF002085C4CDFF89091207898
S2140423A8DFF88CA140450AD0002389F800309AF853
S2140423B8003013B94146FFF7CFFE84F8008099F839
S2140423C800303BB12378022B04D1002389F800306F
S2140423D801F07DFFB8F1020F0FD1DFF82C8198F8D1
S2140423E8003053B94A4B1B7823B900F02FF9012261
S2140423F8484B1A70012388F80030207800F0FEF85D
S2140424089AF8003013B1444B1B782370AFF300805E
S214042418284601F038FEEFF3108572B63F4B1A785B
S21404242852B100221A703C4B20781B78984203D18C
S21404243801212170FFF790FE394800F0A3FA01F055
S21404244810FF8046002883D12F4F89F800003B7878
S2140424589BB1DFF8C0908AF8000099F800301BB1E9
S21404246800F0FAF889F80080002001F011FE002830
S21404247839D000F043F900233B70337823B10020A9
S214042488FFF7BEFE0023337000212078FFF764FEB2
S21404249800232370AFF30080284604B0BDE8F04755
S2140424A801F0F1BD1F4BD3F8008000F061F9039BDF
S2140424B880449845BFF460AF00F054F9820003994D
S2140424C842F0020292B2CDE900422346164AA1EB34
S2140424D80801134801F0DEFD53E700F0A1F859E7B8
S2140424E84FF0010858E7012000F088F8284601F064
S2140424F8CAFDEFF3108572B6B6E700BFD26E0020A9
S214042508D86E0020A04E0020D36E0020D96E00207E
S214042518D76E0020D16E0020D56E0020CE6E002027
S214042528A44E00209C4E002051220400D66E0020A3
S214042538D46E002010B501F004FD0022054B1C786B
S2140425481A7001F0F9FC00F021FBE4B22043C0B293
S21404255810BD00BFCF6E002038B501F0F2FC094B61
S21404256805461B78012B04D801F0E6FC0024204617
S21404257838BD054B1C6800F0FBF80444284601F0F7
S214042588DBFCF4E7D96E00209C4E00201649174A57
S2140425980B6F10B503F007031360154A154C9269C0
S2140425A8032B02F00200C2F3400222701AD0D1F8BC
S2140425B8203103F00303022B14D0D1F8243103F09E
S2140425C807039C1E634263410B4A137048B143B920
S2140425D8054BD3F8003103F00303591E4B424B4115
S2140425E8137010BD0123EFE700800050004F002051
S2140425F800C00150DE6E0020DF6E0020012805D0E2
S2140426080238012808D80020CBF784BF034A136988
S21404261823F00403136130BF704700BF00ED00E0E9
S214042628074A0849D2F8203103F003030B60D2F8AE
S2140426382431054A03F007031360F7F72DBF00BFDC
S214042648008000500C4F0020084F00200122014B48
S2140426581A707047DD6E0020F8B51F4B1B78002BE8
S21404266839D01E4C2378B3B91D4B9A6DD10302D5C5
S214042678DA6D92072FD49B6DDB072CD401F04DFD41
S214042688184B194A1860136F23F0070343F0030323
S2140426981367FFF709FD01F040FD124B134D1B6845
S2140426A8134EC01A2B78134F56F8232046F82300E7
S2140426B8111A3A681048521A0A213A600932B2FBCB
S2140426C8F1F20133DBB20260B3FBF1F201FB123321
S2140426D82B7000232370F8BDDF6E0020DC6E00200C
S2140426E800C00050F84E002000800050DB6E00202A
S2140426F8D04E0020CC4E0020C84E002008B5F7F770
S214042708CEFE124B12491A6F096822F007020A43D2
S2140427181A671049D3F82021096822F003020A43ED
S214042728C3F820210C49D3F82421096822F00702AB
S2140427380A43C3F82421094B1B7813B10122084B1A
S2140427489A62BDE80840FFF7AFBC00BF008000509F
S214042758004F00200C4F0020084F0020DF6E00209A
S21404276800E00050014B1878704700BFDF6E002069
S214042778054B187818B1054B186800EBD000044BC5
S2140427881B681844704700BFDF6E0020C84E002040
S214042798FC4E002008B5104B1A78C2B100221A70F5
S2140427A80E4B1A6F22F0070242F001021A67D3F89A
S2140427B8202142F00302C3F82021D3F8242122F072
S2140427C8070242F00302C3F82421FFF76DFC012236
S2140427D8034B5A6708BD00BFDD6E0020008000501A
S2140427E800E000500D490B68A0B10022A3B1834253
S2140427F803D1836822B90B6003E01A469B68F5E7A1
S214042808936083680BB9002070475A6941690A4483
S2140428185A61F8E72220704702207047184F0020B4
S21404282810B501F096FC0A4C0A4B19682368C31ABB
S21404283809B9206010BD002BFBD04A699A423ABFFA
S2140428489B1A0022D21A4A6128BF00238968EFE738
S214042858144F0020184F002038B5154D2B682BB39D
S2140428685B69B3B1134A022014681C4400F088FA62
S214042878204600F047FA00220F492B680A70012AFE
S21404288805D823B1D88880070AD501230B70002001
S21404289838BD022000F074FA022000F093FAEAE742
S2140428A89B68002BF3D058690244E8E72220EFE738
S2140428B8184F0020144F0020E16E0020C38870B51E
S2140428C804460D463BB9FFF747FE8542064602D244
S2140428D8F8F72FFE35460E4A656113689BB91460EF
S2140428E8A3600FE02D1A986819466561034618B167
S2140428F85869A842F6D941B18C60A36013B15A69E5
S214042908521B5A6170BD0021F2E71460F5E700BF58
S214042918184F002070B516469DF81420C0E90336F3
S2140429280271049ABDF818300260002204460D4667
S2140429388260C38006BB01F00CFC2844A0613DB944
S214042948E368656113B120462168984796B1354611
S21404295801F0F7FA0646FFF763FF29462046FFF715
S214042968ADFF074B1B68A34201D1FFF775FF30463E
S21404297801F0E2FA002070BD01F0EBFB3044DDE71D
S214042988184F0020F8B50546D0B101F0DAFA064625
S214042998FFF746FF0B4B28461F68FFF723FF04463E
S2140429A820B1304601F0C8FA2046F8BDAF42F8D147
S2140429B8FFF752FF2228F4D1022000F0EDF9F0E7E1
S2140429C82224F1E7184F002038B50C460546A8B16E
S2140429D8A1B100230B7001F0C1FA0121084B1B6852
S2140429E833B901F0B6FA002038BD9D4204D12170EF
S2140429F82278002AF9D0F4E79B68F1E72220F3E767
S214042A08184F0020F8B506460F4601F0A7FA002529
S214042A180446124B1B6823B9204601F09AFA1B2079
S214042A2811E05A691544DA88B2420DD101F091FBD7
S214042A380B4E3368C01AA8420AD3002320463B60CC
S214042A4801F087FA0020F8BDFF2EEFD09B68E2E776
S214042A5801F07FFB33682B441B1AEFE7184F00205E
S214042A68144F002070B501F079FA064601F071FBA0
S214042A78084B044601201D6801F05BFB18B101F001
S214042A8868FB04460135304601F063FA20462946B9
S214042A9870BD00BF204F0020014B1868704700BF68
S214042AA81C4F0020F8B50C4B05461B680E4683429F
S214042AB80FD3002440F2E7302146084B4FF47A72CD
S214042AC81F680023E5FB0701DCF7B6F930602046EB
S214042AD8F8BD2120FCE700BF104F00201C4F002043
S214042AE80F4B10B51A689AB14FF47A71531E1342F5
S214042AF8A0FB01010ED1B2FA82F2C2F11F04531CE4
S214042B08D243E04001FA03F3184321FA02F20243DF
S214042B18104610BD0023DCF78FF90246F8E700BF1D
S214042B281C4F002038B5164B14468342154B8B4170
S214042B3823D3154B1A6802B34FF47A75A0FB050322
S214042B4805FB0131531E134211D1B2FA82F3C3F1C5
S214042B581F055A1CDB4301FA02F2E84021FA03F384
S214042B6810431843E940C4E90001002038BD002397
S214042B78DCF762F9C4E90001F7E72120F6E700BFAD
S214042B88EFA7C64B378941001C4F002010B501F04B
S214042B98E5F9034B1C7801F0DCF9E4B2204610BDD5
S214042BA8E06E002008B5084B1B7803F0FF004BB115
S214042BB801F0B3FA054B1B689B69C01A02288CBF40
S214042BC80020012008BD00BFE16E0020184F002039
S214042BD8C2072DE9F843044607D5474A1368013364
S214042BE81360FFF71DFEFFF737FEA30740F1818049
S214042BF801F0B4F94FF0000805464646FFF710FE04
S214042C083E4F3C680CB16369A3B100223C4B012ECD
S214042C181A7003D118F0020F18BF1E70FFF71CFEB7
S214042C28222802D1022000F0B7F82846BDE8F84367
S214042C3801F08FB923465A693AB91A79217991422B
S214042C4888BF1C469B68002BF5D1284601F081F9FD
S214042C58D4F81080B8F1000F3FD001F07AFAA269D0
S214042C68851AEB17454573F1000337DB23691344CC
S214042C78A36101232269CAB1C3B9A38BB8EB0508BB
S214042C8833B1E28B13449BB2B3F57A7F1CD2E38349
S214042C9801F064F9054641462046FFF70FFEA3698E
S214042CA8226928461344A36101F053F9E36813B173
S214042CB8204621689847B4F8068001F04FF9013693
S214042CC80546FFF7ADFD9CE7A3F57A73E383A3698E
S214042CD818F1FF38013BA361DAE7454601F03EF9EF
S214042CE881462046FFF77EFD484601F032F9002368
S214042CF8C0E7BDE8F88300BF204F0020184F002027
S214042D08E06E002010B5044601F01BF94FF0B042FF
S214042D18936A1907FCD4136A116C5269520604D4D0
S214042D28CA1A032A01D899420ED1E21A022A98BF6F
S214042D38DC1CB4F1FF3F38BF013C4FF0B0434022DF
S214042D481C6403F580539A6101F0F6F8054A137873
S214042D583BB14FF0B041CB6B43F00203CB63002387
S214042D68137010BD087F002007B5044B01A9187915
S214042D7801F010F9019803B05DF804FBACE8040010
S214042D8800F001038207034A48BF43F040039361F7
S214042D98704700BF00100058820700F001030AD5E8
S214042DA80121064A43F0400311704FF0B041CA6B44
S214042DB822F00302CA63024A93617047087F002020
S214042DC800200058830742BF4022014B5A617047CF
S214042DD80010005873B502AB164603E9060004460D
S214042DE800F052FF0546204600F05EFF9DF80020DE
S214042DF88DB1202C33780ED8012B2ED84FF6FF75BC
S214042E082D4803EB4313234430F81310A94202D089
S214042E18013120F81310294B294E33F8141036F8CC
S214042E281400814232D34FF6FF75A9424FF00105CC
S214042E3802D0013123F8141004F0FD01092927D122
S214042E48998AB68A0A44B242B4BF9A829E8233F8F2
S214042E581430834227D202B070BD022BDBD14FF662
S214042E68FF704FF6FF75144B33F81410814218BFE1
S214042E78013104F1210018BF23F8141033F8101098
S214042E88A9421CBF013123F81010C4E70025D0E777
S214042E981D2CDCD1598F8E18864203DA01390A4470
S214042EA85A87D4E75887002DD5D1204602B0BDE806
S214042EB8704001F069B900BFE6680020BE690020CA
S214042EC86A69002038B50D46044601F047F8064AF4
S214042ED813889BB22DB123431380BDE8384001F014
S214042EE838B823EA0403F7E7AC6D00200022034B46
S214042EF801214FF480701A70FFF7E4BF12750020A2
S214042F0808B5054B1868FCF7DDFA00F00300C31E85
S214042F185842584108BD00BFD865002038B5044655
S214042F2801F0D0F90C4B05461978187981420FD070
S214042F38631E082B0CD8DFE803F0050D0B0D0B0DEC
S214042F480D0D0D0000220146044B1868FCF7B8FA6C
S214042F58284638BD0022F7E7367F0020D8650020CB
S214042F6838B54FF0FF300C46FFF76FF80A4B0546A6
S214042F781868FFF76AF8641B241A20B210F1630F66
S214042F8806DB10F1240F05DA64308000C0B238BDC1
S214042F980020FCE7FF20FAE7D865002008B5134BA5
S214042FA81B78062B04D040F62101114801F05DF881
S214042FB8104B1B881B0704D440F622010C4801F06A
S214042FC854F80D4B2A201978FFF7A8FF002108208B
S214042FD8FFF778FF0222094B1A70094B1868E2F7C4
S214042FE8AFFBBDE8084001F0BCB800BF127500206E
S214042FF8C6E40400AC6D00200F750020687F00202E
S214043008D865002010B50E4C236823B940F6A341B2
S2140430180C4801F02AF82068013001F004F900F0A1
S214043028070003280AD1246809220121204600F053
S214043038E3FB205C031F5842584110BD0020FCE700
S214043048C8650020C6E4040038B50C4640B1002123
S2140430580420FFF737FF01F084F8012C1DD038BD93
S214043068244B1B889B07F6D50129234A2FD11178B0
S21404307869B30139C9B2117011B92020FFF722FFCC
S21404308800210220FFF71EFF04221C4B00211C48C7
S2140430981A7000F05DFD01F064F81A4C20680130DF
S2140430A801F0C1F800F44060B0F5006F1FD1246841
S2140430B801210422204600F09FFB204401F0B3F8C7
S2140430C80146BDE838400022202001F075B80021EA
S2140430D80D4D02201170FFF7F5FE2B78FF2B04D058
S2140430E840F29961094800F0C0FF2C70B3E74FF628
S2140430F8FF71E6E7AC6D00201175002012750020FC
S214043108507C0020C8650020697F0020C6E40400BF
S21404311838B5134C05462388580709D5FFF7F0FE3B
S21404312801460720FFF7FAFEFF210120FFF78CFF70
S214043138238899070BD50B4B284619788A1F5142C2
S2140431485141FFF7EBFE01210020FFF77DFF23889E
S2140431581B0703D5BDE83840FFF720BF38BD00BFBE
S214043168AC6D002012750020F7B5124CD4E9006542
S21404317886EA020C85EA03070CEA000C0F405CEAB0
S214043188070E15D086EA0C067D40C4E90065CDE92D
S21404319800230B46084902460868FCF79AFA38B131
S2140431A84FF4FD71054803B0BDE8F04000F05DBF7C
S2140431B803B0F0BDF0160020D8650020C6E404006D
S2140431C808B50A4B1B88DB0604D440F647010848B2
S2140431D800F04BFF00211020FFF774FE002000F0DB
S2140431E86BFBBDE8084000F0BCBF00BFAC6D002018
S2140431F8C6E404002DE9F04F5706804614461D46DB
S21404320891B005D5FFF77CFE01460120FFF786FE40
S214043218EE0403D500212D20FFF780FEA00224D556
S2140432284046FCF7D3FA0146F8B94020FFF74AFEB1
S21404323840460AA9FBF7CBFDB8B99DF83030022BF7
S21404324840F0D980BDF8280000F0B6FDFF2808D164
S2140432584046FBF7BAFD40B901214020FFF732FE8D
S21404326803E000F0C3FD0028F2D1A10305D5FFF75B
S21404327847FE01460320FFF751FEE20104F080767C
S21404328840F1C080854B1B889B072DD5844E30683B
S214043298FBF732FD40BB834B834F18703B78FF2BFC
S2140432A804D040F25761814800F0DFFE4FF0000971
S2140432B800210220FFF706FE87F800907C4F3B7833
S2140432C8062B07D101210820FFF7FCFD49462820D4
S2140432D8FFF724FE3B78052B06D100212B20FFF7A9
S2140432E81DFE3068E2F72CFA00F03BFF220717D5DC
S2140432F86B4F0321386805AAFBF718FD064620B964
S21404330840F2C961694800F0B0FE9DF81430072BF6
S21404331800F0D080FFF7F4FD01460420FFF7FEFD19
S214043328E10505D5FFF7ECFD01460420FFF7F6FD99
S21404333814F4863F05D0FFF7E3FD01460220FFF7A5
S214043348EDFDA20113D5FFF7DBFD01460820FFF7C4
S214043358E5FD00210420FFF7B5FD554B1B78012B2E
S21404336803D14F4B1868E2F7EBF900F0FAFE14F0B5
S214043378084F09D0FFF7C4FD01460720FFF7CEFD26
S214043388FF210120FFF760FEA30009D5FFF7B8FD6B
S21404339801460620FFF7C2FDFF210120FFF754FE71
S2140433A8A70705D53D4B1B881E0701D5FFF7F6FD75
S2140433B86C0603D500210A20FFF7B0FD280602D5BF
S2140433C80120FCF715FAE90540F1858140460AAA6A
S2140433D805A9FCF773F89DF81430222B00F06D81CC
S2140433E800F28281152B40F26A8140F60A112F48B2
S2140433F800F03BFE6FE1032B7FF437AF0AA801F019
S21404340800F830E705F0020756EA07030DD0284B04
S21404341826201978A1F1060EDEF1000141EB0E0113
S214043428FFF77CFD0121304611E004F0805656EA89
S21404343807030FD01E4B26201978A1F1060CDCF1E1
S214043448000141EB0C01FFF769FD02213846FFF73E
S214043458FBFD4BE704F0884151EA060309D0144BF8
S214043468272019788F1F79427941FFF757FD0221E3
S214043478D9E705F008030B4302D02320FFF74EFDD7
S214043488680703D500212420FFF748FDE9077FF5E0
S2140434982DAF00212520FFF741FD27E7AC6D00205E
S2140434A8D865002011750020697F0020C6E4040052
S2140434B812750020314638680AAAFBF73DFC20B18D
S2140434C84FF4DA619E4800F0D0FDBDF8163038682F
S2140434D802330AA9ADF82C30FBF730FC20B140F2D1
S2140434E8DF61974800F0C1FD0023009331460423AA
S2140434F8386804AAFBF724FC042804D040F2E461E4
S2140435088F4800F0B2FDDFF8589299F80030C3BB34
S2140435180DF1110000F087FE00F00700022830D1F4
S214043528FFF7EEFC01460920FFF7F8FC854B1B78ED
S214043538062B23D1844B9DF813201B789A421DD161
S2140435489DF8353023B940F2FA617D4800F08DFDC8
S2140435580DF1110000F067FEC0F30016314629206D
S214043568FFF7DCFC00210820FFF7ACFC774B1E7045
S214043578FFF748FD10B93868E2F7E2F800F0F1FD05
S214043588CEE6BDF816000121083080B200F068FACD
S214043598039030B9FFF7B4FC01460420FFF7BEFCDD
S2140435A8ECE700F0E9F905AA014606463868FBF791
S2140435B8CFFB99F800A0BAF1000F22D106F1010B4F
S2140435C8584600F030FE83065AD53868FCF7FEF8ED
S2140435D80746FFF795FC05370146F8B2FFF79EFC49
S2140435E8584600F020FE00F007000328584F2DD058
S2140435F801210420FFF766FC4FF0FF30FBF7C7FBFA
S214043608386000225349BDF816300978F718F15483
S2140436189DF83630BB709DF83730FB700A9B190E40
S2140436283971190C7971FB71190A99F80030B97156
S21404363823B9737892B343F020037370002000F024
S21404364869F97870039800F071FA97E7012109225E
S214043658304600F0D1F8305C01210428C9D1FFF7C0
S21404366831FC4FF0FF30FBF792FB3B4B38601B886E
S2140436785806C6D551464020FFF724FC0122C1E768
S214043688FFF73EFC01460920FFF748FC2D4B1B7844
S214043698012BB6D13868E2F753F8B2E723F02003D3
S2140436A8CBE701227E33DBB202FA03F313F00A1FD8
S2140436B831D113F0011F3FF498AE27202CE00122E5
S2140436C802FA03F3254A1A402ABB13F0041FF4D15E
S2140436D8DA077FF58AAEAB052FD50121802011B015
S2140436E8BDE8F04FFFF7EEBB652B1AD8622B12D84D
S2140436F8452B0CD8422B0ED8352B06D8322B0AD895
S214043708252B08D9322BD8D06FE6422BFBE7552B4E
S21404371805D8522BF7D92620FFF7FAFCDBE7622BED
S214043728F1E7952B3FF661AE812BBAD8722BC4D03D
S214043738733B022B3FF659AEEDE711B0BDE8F08FA8
S214043748C6E40400127500200E750020687F002069
S214043758C46500206A7F0020AC6D00203A0038005B
S21404376815750020024B1878B0FA80F040097047A7
S2140437781275002008B5064B4FF0FF311868FBF7A2
S214043788C3FE0028B8BF033040F3870008BD00BF57
S214043798D865002008B5074B1868FBF72FFF30B12B
S2140437A8054BB3FBF0F083B20BB1184608BD0120F5
S2140437B8FCE700BFD865002040420F0038B510204B
S2140437C80C460121FFF77EFB064B1D68FFF7E2FF58
S2140437D8012200FB04F1044B2846FBF77AFE00207E
S2140437E838BD00BFD8650020C9310400014800F080
S2140437F83CBC00BFE0E40400032A70B5144602D8B3
S2140438082C4B985C70BD81F0010519B90D2A07D1B7
S214043818FF20F7E70D2A03D100780538C0B2F1E790
S214043828084400F000FDC5F1040110F440660246A1
S214043838C9B209D1042C0846E4D0052C16D112F0D6
S214043848400F18BF0846DDE7C5F10603042CD8B2B6
S214043858D8D0B6F5006F03D1C5F10805E8B2ECE791
S214043868B6F5406FE9D1C5F10E05F7E712F4404105
S21404387807D1062CC6D0072CC4D0082C13D1013087
S214043888CCE755065CBF831CD8B2062CBAD0B1F573
S214043898004F02D1831CD8B2EDE7B1F5404FEAD108
S2140438A800F10803F7E7130744BF0530C0B20C2C31
S2140438B8A8D9ADE728480500AC2370B5094C0546D9
S2140438C803FB00435E6D26B940F2FD31064800F05E
S2140438D8CCFBAC2303FB0544002363653346BDE8F1
S2140438E870401847DC6500201DE5040010B40C463B
S2140438F81146AC22064B02FB0033586D20B95C65B2
S2140439085DF8044BFFF75ABF02205DF8044B704776
S214043918DC650020AC22034B02FB003393F8A800B6
S214043928704700BFDC65002028B1034B1B68C01A2B
S2140439384010013080B270479C66002030B1044BBA
S21404394800F100401B68013803EB4000704700BFD5
S2140439589C660020064B1B68834206D8054B1B68EA
S214043968834294BF0020012070470020704700BFA0
S2140439789C6600209866002010B5044608B9002006
S21404398810BD00F0B1FC20B940F2CD41074800F064
S2140439986CFB2046FFF7D2FF0028F0D00388DB0B29
S2140439A814BFD0F80A000830EAE700BFF4E40400BD
S2140439B810B508B9002010BDFFF7C0FF044600F094
S2140439C88AFC20B94FF49D61064800F04EFB002C93
S2140439D8F0D02388DB0B0ABF60882089C0F30C006C
S2140439E8E9E700BFF4E4040038B5FFF7A7FF0D467F
S2140439F8044650B100F06FFC20B940F24151034828
S214043A0800F033FB023534F8150038BDF4E404003E
S214043A1870B5FFF793FF0C4616460546B0B100F09E
S214043A285AFC20B940F24D510C4800F01EFB3046B3
S214043A38FFF784FF00F04FFC20B940F24E510748C8
S214043A4800F013FB023425F8146070BD40F252519E
S214043A58BDE87040014800F008BB00BFF4E4040069
S214043A682DE9F8430746884600F0A1FB20B940F242
S214043A788E512A4800F0F9FAFC1CA408284B640066
S214043A880434B7F5005F1E68A4B204D340F2955117
S214043A98224800F0EAFA00F061FA224981460B68E7
S214043AA87BB9214B1D68761BC6F34F06B44227D94B
S214043AB80025484600F04DFA2846BDE8F843FFF7C7
S214043AC833BFB8F1000F11D0174A15685A1BC2F352
S214043AD84F029442ECD81448620005EB4404046090
S214043AE8B8F1000F0FD113440B600CE0F61AC6F3B6
S214043AF84F0676B940F2A651084800F0B6FAD7E75A
S214043B0805EB44041C6000236F80AB80EB802B809D
S214043B18CFE7B442CCD8044A1568DCE7F4E40400DA
S214043B28A0660020886600209866002038B50546FA
S214043B3800F014FA044629460448002200F0E1FB83
S214043B482046BDE8384000F004BA00BFB26D002035
S214043B5882684B4B2DE9F0419A4204460E460568A6
S214043B6815D121B140F21311464800F07EFA00F050
S214043B78F5F923691BB92B682BB924612C60BDE8B9
S214043B88F04100F0E6B91A6922611C61F6E700F014
S214043B9865FA8046FEF75EFA20B14FF49571394807
S214043BA800F063FA6FF000439E4221694BD22B7BE8
S214043BB808EB0602002B4DD0AB6893424AD1531C3F
S214043BC8002949D06169994242D01EB9521AB2F105
S214043BD8004F3DD9636123696E689C4203D19D21D9
S214043BE8284800F042FA2F460023B4420BD0002B94
S214043BF841D172696169891AB1F1004F32D83269C4
S214043C08374694422CD12269BD420CBF6A603A6199
S214043C187BB92669B44203D1B8211A4800F025FABC
S214043C283B46012E05D062697169521AB2F1004FFB
S214043C3823D99D420BBF6B681A69236122610CBFA6
S214043C486C601C6104E0434431B162699342C1D19B
S214043C58BDE8F0811346B3E76A6822616C60B9E789
S214043C681646C6E7A8EB0202B2F1004FC7D93B4690
S214043C7837463669B9E71F46F9E733463669D0E763
S214043C882176020008E504000823064A12F8011BF8
S214043C98814205D0013B13F0FF03F7D1184670475D
S214043CA801207047D94805000823064A12F8011B64
S214043CB8814205D0013B13F0FF03F7D1184670473D
S214043CC801207047D148050010B508220749044664
S214043CD8DBF76AFFB0FA80F04FF6FF7322894009D3
S214043CE840009A4208BF40F0010010BDEA480500AB
S214043CF830B504460D4685B002B9084A10685168BE
S214043D0801AB03C301AB03CB20602046ADF80C50CF
S214043D181B886160238105B030BD00BFD86D0400E0
S214043D28002270B50A4B1C780A4BD5B2AC4202D8AE
S214043D3800200C7008E01E880132864205D30D70F8
S214043D481B881B1A5842584170BD1233EDE700BF52
S214043D588C7400206A6B0020F8B5154B04461D6861
S214043D680E46E5B1134B1F78874218D900EB40037B
S214043D7805EBC30526B92B69DA0712D42046F8BD25
S214043D8808223146281DDBF70FFF50B92B69DB07DD
S214043D98F4D40134E4B2A74205F11805F0D1FF249F
S214043DA8ECE70134E4B2A74205F11805E2D1F6E7D8
S214043DB804670020887F00200A4B01461B6830B53C
S214043DC82BB1094A14780022D0B2844201D8FF20C5
S214043DD830BD5D888D4202D11D69ED07F8D40132E5
S214043DE81833F1E704670020887F00200F4A03464B
S214043DF81068D0B10E4A12789A4215D919B203EB54
S214043E08430300EBC300036913F001000DD0094A0D
S214043E18126832F8112002F4E2622AB913F00C0F81
S214043E2814BF012000207047012070470467002053
S214043E38887F002000670020094B1B686BB1094A7D
S214043E481278824209D900EB4000C20003EBC00096
S214043E580169C90701D5985C7047FF20704700BF01
S214043E6804670020887F00200C4A0346106890B137
S214043E780B4A12789A420DD903EB430300EBC300AE
S214043E88D0E9043213F001004FF0000104D01846BC
S214043E981146704700200146704700BF046700209B
S214043EA8887F002010B5164B187860B1154C236827
S214043EB8CBB14FF4707200201349FFF717FD23683F
S214043EC8013B236010BDFFF755FC1049104A91F9D1
S214043ED80040136884420B4C03F101031360236803
S214043EE8B8BF087053B90B4800F033FA0028E9D174
S214043EF8BDE8104001460748FFF72ABE0822DAE75D
S214043F087175002020670020AD3E04006C75002003
S214043F18186700205C7E0020054B1B682BB9054BF0
S214043F281868003818BF012070470120704700BF82
S214043F38106700200C67002010B962B6BFF36F8FB5
S214043F487047EFF3108072B67047302383F31188F6
S214043F58704780F31188BFF36F8F7047EFF31180B3
S214043F68302383F311887047002070474FF40040CD
S214043F7870474FF47A7070470122417803788A4074
S214043F8830214B4341F2100103F1A04303F570338B
S214043F985A50704709B100F008B82220704701212A
S214043FA8FEF7A8B80021FEF7A5B870B506460D4674
S214043FB8FFF7D4FF04461D2E48D8DFE806F00F188E
S214043FC8471D20234726292C47472F32473538478D
S214043FD83B473E474744474747474741FEF74AF863
S214043FE8002628602046FFF7B4FF304670BD4FF41D
S214043FF8C070C9F7FBFEF3E74FF42070F9E74FF4F7
S2140440084070F6E74FF46070F3E74FF40070F0E79B
S2140440184FF48060EDE74FF49060EAE74FF4C06031
S214044028E7E74FF4F060E4E74FF4B060E1E74FF4F5
S214044038D060DEE74FF4E060DBE74FF4A060D8E733
S2140440484FF48070D5E74FF40860D2E700202126A5
S214044058C7E708B5FEF76EF880B208BD08B5FEF7E0
S21404406869F808BD704742DE704738B504460D4601
S21404407800F008F8FFF769FF29462046BDE83840EF
S214044088FFF7F1BF704710B962B6BFF36F8F70477A
S214044098012070472DE9FF410D4616461F46044683
S2140440A8A8B14FF00008C0F81C80FEF76BFCBDF8FA
S2140440B82C30424602939DF828302946CDE90073F1
S2140440C820463346FEF726FC04B0BDE8F0812220DD
S2140440D8FAE7F0B51F46002387B00D461646044691
S2140440E88DF81730A8B1C3610DF11701FEF76CFC03
S2140440F89DF817207AB9BDF83430294602939DF8FE
S21404410830302046CDE900733346FEF703FC07B08B
S214044118F0BD2220FBE70320F9E738B5FFF71EFFBA
S214044128054600F016F804462846FFF712FF204610
S21404413838BD4FF0B04301285B6904D0022805D186
S214044148C3F38010704703F00100704700207047DF
S21404415870474FF0B0439A6A1207FCD4186A70473F
S214044168704708B5FFF7FCFF00F01DF808BD10B54A
S214044178FFF7E7FE012104460846FEF777F82046CF
S214044188BDE81040FFF7D8BE10B5044600F012F894
S2140441982046FAF73AFD2046F7F739FDBDE8104001
S2140441A8F9F7F0B8704708B5FFF7FCFF08BD01201B
S2140441B8704770470020704730B589B00446ADF89C
S2140441C806108DF81020FFF75FFD05462046FFF71A
S2140441D86BFD03469DB1BDF80600ABB900F0BEF80A
S2140441E8FF2808BF00200DF10F038DF80F001A46AC
S2140441F8204604990593FEF7EDFD09B030BD002866
S214044208F5D00DF10603F2E700F0A8F8FF2808BF7A
S2140442180020BDF806308DF80F00ADF81A308DF87A
S214044228180006ABE3E7008870470170090A417076
S2140442387047012070470120704738B5DAF79CF8B4
S2140442480446CFF7F7F9051E18BF2546CFF7C4FA74
S214044258041E18BF2C46FFF7ECFF002818BF20469C
S21404426838BD38B5FEF766F90446F6F786FE042820
S2140442781ED002284FF0000508BF0124F7F796FD64
S214044288042817D0022808BF0124F7F7AEFA042832
S21404429812D0022808BF0124FFF7CDFF04280DD04A
S2140442A8022808BF0124002D18BF0024204638BD64
S2140442B80125E3E70125E8E70125EDE70024F5E70E
S2140442C8FF20704708B5FFF7FBFF002008BD022152
S2140442D80120DBF793BE08B520B1FFF73BFB00F0DF
S2140442E8010008BD0120FAE708B5FFF727FBBDE87B
S2140442F80840FFF7F0BF008810B1C9B2FFF774BBD7
S21404430870472DE9F041B0F8008006460C46D5B251
S214044318B8F1000F11D029464046FFF765FB224640
S214044328074629464046FFF773FB3A462946204681
S214044338FFF76EFB3480BDE8F0810F46F5E70346C9
S2140443481B8808468B4202D00021FFF74DBB00208D
S21404435870470069003818BF01207047002070476E
S214044368F8B506460D46FFF7AFFC0328044621D0E9
S2140443782846FFF7A9FC032807461BD010F00203BB
S21404438818D1A0070DD5F90716D401233C43E20734
S21404439804D431892A89914218BF002303F0010006
S2140443A8F8BD082229463046DBF7FEFBB0FA80F350
S2140443B85B09EBE70020F3E71846F1E770B50D460E
S2140443C800210646FFF797FF044630B1FFF7D4FAF4
S2140443D801462846FFF7C4FF08B1204670BD2146AB
S2140443E83046FFF7ACFFEFE707B50DF10701FFF717
S2140443F897FC20B19DF8070003B05DF804FBFF2086
S214044408FAE708B500F009F8FF2804D0FFF72CFDF2
S214044418C0F3C00008BD0120FCE701460020FFF7F2
S2140444289BBC08B5FFF7C8FCFF3818BF012008BDB9
S2140444382DE9F84307460846154688461C469DF85F
S2140444482090FFF799FA4619A4B19EB14046FFF7A3
S214044458AFFA254485420FDC2246B9F1000F06D18F
S21404446831463846DBF7A6F80020BDE8F883394617
S2140444783046F7E72120F8E71D20F6E7000000009D
S214044488000000000000000000000000000000001B
S2140444980000000000000000F8B500BFF8BC08BC27
S2140444A89E467047F8B500BFF8BC08BC9E467047E1
S2140444B85FF800F0757700205FF800F0CD760020EE
S2140444C85FF800F015760020446576696365207405
S2140444D8797065206368616E6765206465746563D2
S2140444E87465643A202564202D3E2025640D0A0050
S2140444F850726573732064657465637465640D0A25
S214044508004D756C746920707265737320646574E5
S21404451865637465643A2025640D0A0052656C6503
S2140445286173652064657465637465640D0A004C7C
S2140445386F6E672070726573732064657465637440
S21404454865640D0A00424C303934323A2063616C93
S2140445586962726174656420636820257520746FC7
S21404456820726566202575202872617720257529AE
S214044578203D3E206D756C742025750D0A00424C4E
S214044588303934323A205541525420696E697420C1
S2140445986661696C6564202854583D253034782053
S2140445A852583D25303478290D0A00424C303934A7
S2140445B8323A20496E697469616C697A6564206F59
S2140445C86E2054583D253034782052583D253034D2
S2140445D87820626175642025750D0A00424C3039CE
S2140445E834323A2063616C6962726174696F6E2052
S2140445F8563D257520413D257520573D25750D0AE0
S21404460800484C57383031323A20496E697469612B
S2140446186C697A6564206F6E2043463D253034788D
S214044628204346313D253034782053454C3D2530CB
S21404463834780D0A00696E766572746564202842BB
S2140446484C3039333729006E6F726D616C202848F8
S2140446584C57383031322900484C57383031323AC2
S2140446682053454C20706F6C6172697479202573E9
S2140446780D0A00484C57383031323A2063616C6969
S21404468862726174696F6E20563D257520413D251A
S2140446987520573D25750D0A00484C573830313279
S2140446A83A2063616C696272617465642063682089
S2140446B8257520746F207265662025752028257553
S2140446C82070756C73657329203D3E206D756C7477
S2140446D82025750D0A0072656C61795F73746172C2
S2140446E8745F6C61746368696E675F70756C736514
S2140446F83A20616E6F746865722070756C736520F5
S2140447086973206163746976650D0A0072656C6165
S214044718795F6F6E0D0A0072656C61795F6F666605
S2140447280D0A0072656C61795F746F67676C650D56
S2140447380A0057726974696E6720636F6E666967E4
S21404474820746F206E763A2025730D0A0053697A12
S214044758653A2025640D0A004661696C6564207410
S2140447686F207772697465204445564943455F430C
S2140447784F4E4649475F4441544120746F204E5675
S2140447882C207374617475733A2025642E2028626D
S214044798797465733A202564290D0A007375636372
S2140447A8657373210D0A004661696C656420746F2D
S2140447B82072656164204E565F4954454D5F4445F2
S2140447C8564943455F434F4E4649472C20757369FF
S2140447D86E672064656661756C7420636F6E6669BF
S2140447E86720696E73746561642C207374617475CC
S2140447F8733A2025642E202862797465733A202536
S21404480864290D0A005573696E6720636F6E6669BE
S214044818673A2025642063686172732066726F6D38
S2140448280D0A25730D0A00736F6E6F66663B5A424F
S2140448384D494E494C322D637573746F6D3B424136
S21404484830753B4C4335693B534136753B524135CD
S21404485841343B00436F6E666967206E6565647312
S214044868206D6F7265207468616E20256420257338
S2140448782C20726573657474696E6720746F20647F
S214044888656661756C740D0A004E6574776F726B95
S21404489820737461747573206368616E6765642039
S2140448A8746F2025640D0A00426174746572792059
S2140448B870696E2063616E6E6F74206265206D6524
S2140448C861737572656420616E64206E6F746869BE
S2140448D86E6720697320667265652C206469736147
S2140448E8626C696E6720626174746572790D0A0079
S2140448F8426174746572792070696E2063616E6EA5
S2140449086F74206265206D656173757265642C200A
S2140449187573696E6720612066726565206F6E65BB
S21404492820696E73746561640D0A004D616E756660
S2140449386163747572657220746F6F206269670D9F
S2140449480A004D6F64656C20746F6F206269670D8A
S2140449580A00627574746F6E73006C656473007213
S214044968656C61797300636F766572207377697412
S21404497863686573006C6967687473006C69676854
S21404498874206368616E6E656C7300636F76657217
S2140449987300436F6E6669673A20466F756E6420C7
S2140449A8656E65726779206D6F6E69746F72696E6D
S2140449B86720656E7472793A20272573270D0A00D6
S2140449C8436F6E6669673A20484C57383031322050
S2140449D86F6E2043463D25303478204346313D25C6
S2140449E83034782053454C3D253034780D0A00433E
S2140449F86F6E6669673A20424C30393432206F6EDF
S214044A082054583D253034782052583D2530347883
S214044A180D0A00436F6E6669673A206F7665726C96
S214044A286F6164206C696D69747320736F66743D76
S214044A3825756D41207065616B3D25756D410D0AC0
S214044A4800496E697469616C697A696E67205A6987
S214044A5867626565207769746820256420737769BA
S214044A6874636865732C2025642072656C61797399
S214044A782C20256420636F766572207377697463C7
S214044A886865732C20256420636F766572730D0A37
S214044A9800436F6E666967206E65656473202564D7
S214044AA820656E64706F696E74732C206D6178204F
S214044AB869732025642C20726573657474696E673F
S214044AC820746F2064656661756C740D0A00436F04
S214044AD86E666967207061727365642073756363B4
S214044AE865737366756C6C790D0A0072656164206B
S214044AF876657273696F6E20666F726D206E657761
S214044B08206C6F636174696F6E0D0A004661696C88
S214044B18656420746F207772697465206C61737499
S214044B285365656E56657273696F6E20746F204E92
S214044B38562C2073743A2025640D0A004F6C6420A2
S214044B4876657273696F6E3A2025640D0A0043759C
S214044B587272656E742076657273696F6E3A202574
S214044B68640D0A00524553455420414C4C210D0A05
S214044B780068616C5F6770696F5F63616C6C626123
S214044B88636B3A2065787469206C696E6520256CB9
S214044B98642073746174757320256C750D0A006837
S214044BA8616C5F6770696F5F63616C6C6261636B8D
S214044BB83A206E6F20667265652045585449206C05
S214044BC8696E65730D0A002F686F6D652F72756EB2
S214044BD86E65722F776F726B2F747579612D7A698B
S214044BE8676265652D7377697463682D7769746879
S214044BF82D6D65746572696E672F747579612D7A83
S214044C0869676265652D7377697463682D77697457
S214044C18682D6D65746572696E672F73696C616259
S214044C28735F746F6F6C732F73696D706C696369E7
S214044C3874795F73646B2F2E2E2F2E2E2F73726348
S214044C482F73696C6162732F68616C2F7A69676267
S214044C5865652E630044726F7070696E67206F6CAA
S214044C6864204F544120696D6167652C2063757212
S214044C7872656E74206F66667365743A20256C7563
S214044C880A00456E6572677920646961673A20454B
S214044C982563204D25630D0A00556E6B6E6F776E7F
S214044CA820636F76657220636F6D6D616E643A205B
S214044CB825640D0A00556E6B6E6F776E20636D64FF
S214044CC82025640D0A00427574746F6E2070726530
S214044CD873732064657465637465642C20627574E4
S214044CE8206E6F20627574746F6E206973207072FC
S214044CF865737365640D0A00427574746F6E206C70
S214044D086F6E672070726573732064657465637468
S214044D1865642C20627574206E6F20627574746FD7
S214044D286E206973206C6F6E672070726573736586
S214044D38640D0A004E6F20636F7665722073776978
S214044D4874636820636F6E66696720696E204E56C2
S214044D582C207573696E672064656661756C747358
S214044D680D0A00456C65634D6561733A2072657378
S214044D78746F7265642063616C6962726174696FCA
S214044D886E20563D257520413D257520573D2575D1
S214044D980D0A0041747472696275746520636861EB
S214044DA86E6765642C2065703A2025642C20636C35
S214044DB875737465723A2025642C20617474723A8B
S214044DC82025640D0A0049415320656E726F6C6D88
S214044DD8656E7420726566757365643A2025640D7D
S214044DE80A0049415320656E726F6C6C65642061D5
S214044DF873207A6F6E652025640D0A004941532096
S214044E0843494520616464726573732077726974D4
S214044E1874656E2C20656E726F6C6C65640D0A0082
S214044E28556E68616E646C6564204C6576656C4383
S214044E3874726C20636F6D6D616E643A2025640D20
S214044E480A00556E68616E646C656420436F6C6F07
S214044E58724374726C20636F6D6D616E643A2025BC
S214044E68640D0A004D65746572696E673A204C6F66
S214044E786164656420656E6572677920256C6C7557
S214044E882057682066726F6D204E564D0D0A004DE9
S214044E9865746572696E673A204E6F20656E657232
S214044EA8677920696E204E564D2C2073746172748F
S214044EB8696E672066726F6D20300D0A004D657442
S214044EC86572696E673A20416464656420746F206D
S214044ED8656E64706F696E742025642C20656E6533
S214044EE87267793D256C6C752057680D0A004D6508
S214044EF8746572696E673A20536176656420656ED8
S214044F086572677920256C6C7520576820746F2045
S214044F184E564D0D0A004D65746572696E673A20E3
S214044F28456E6572677920636F756E746572207254
S214044F38657365740D0A00556E6B6E6F776E204C3C
S214044F486576656C4374726C20636F6D6D616E6410
S214044F583A2025640D0A00556E6B6E6F776E204FE7
S214044F686E4F666620636F6D6D616E643A202564C5
S214044F780D0A00496E646578206174207772697436
S214044F886520617474723A2025640D0A004E6F20F9
S214044F9873776974636820636F6E66696720696EE1
S214044FA8204E562C207573696E6720646566617595
S214044FB86C74730D0A00496E76616C6964207265B8
S214044FC86C61795F696E64657820256420696E2053
S214044FD84E562C20726573657474696E6720746FF8
S214044FE82064656661756C740D0A003E2000556E73
S214044FF86B6E6F776E206572726F7200496E70758D
S21404500874206275666665722069732046554C4C32
S214045018004D6178696D756D206E756D62657220D8
S2140450286F6620617267756D656E74732065786344
S21404503865656465640054686520617267756D65A6
S2140450486E74206973206E6F7420666F726D617457
S21404505874656420636F72726563746C7900496E54
S214045068636F727265637420617267756D656E74BA
S214045078207479706500496E636F72726563742074
S2140450886E756D626572206F6620617267756D65F0
S2140450986E7473004E6F20636F6D6D616E64206668
S2140450A86F756E640075696E74380061646469743B
S2140450B8696F6E616C002A00756E6B6E6F776E0092
S2140450C877696C6463617264006865786F707400ED
S2140450D8737472696E676F70740075696E743332B0
S2140450E86F70740075696E7431366F707400756904
S2140450F86E74386F70740068657800737472696EBD
S214045108670075696E7431360075696E74333200DB
S2140451182E2E2E200068656C70000A25730A2573E7
S21404512825730025732008002F686F6D652F727528
S2140451386E6E65722F776F726B2F747579612D7A20
S21404514869676265652D7377697463682D77697412
S214045158682D6D65746572696E672F747579612D2F
S2140451687A69676265652D7377697463682D7769EC
S21404517874682D6D65746572696E672F73696C61E2
S21404518862735F746F6F6C732F73696D706C696389
S2140451986974795F73646B2F706C6174666F726D73
S2140451A82F736572766963652F6C65676163795FCB
S2140451B868616C2F7372632F626173652D726570F4
S2140451C86C6163656D656E742E63002F686F6D651C
S2140451D82F72756E6E65722F776F726B2F74757972
S2140451E8612D7A69676265652D7377697463682DBE
S2140451F8776974682D6D65746572696E672F747542
S21404520879612D7A69676265652D73776974636851
S2140452182D776974682D6D65746572696E672F736A
S214045228696C6162735F746F6F6C732F73696D70EA
S2140452386C69636974795F73646B2F706C617466E8
S2140452486F726D2F736572766963652F746F6B65FD
S2140452586E5F6D616E616765722F6C6567616379F1
S2140452682F7372632F736C5F746F6B656E5F6D61FB
S2140452786E616765722E63002F686F6D652F727591
S2140452886E6E65722F776F726B2F747579612D7ACF
S21404529869676265652D7377697463682D776974C1
S2140452A8682D6D65746572696E672F747579612DDE
S2140452B87A69676265652D7377697463682D77699B
S2140452C874682D6D65746572696E672F73696C6191
S2140452D862735F746F6F6C732F73696D706C696338
S2140452E86974795F73646B2F706C6174666F726D22
S2140452F82F736572766963652F746F6B656E5F6D61
S214045308616E616765722F6C65676163792F737266
S214045318632F736C5F746F6B656E5F6D616E756615
S2140453286163747572696E672E630043757272657D
S2140453386E7420436F6E6669673A2025307800538A
S214045348657420434341206D6F646520746F20257F
S214045358643A2025307800656E61626C6564006482
S214045368697361626C6564006F757428636C69653B
S2140453786E742900696E2028736572766572290032
S2140453884D464720537472696E673A202573004168
S21404539870704275696C646572204D464720436F89
S2140453A864653A20307825303458006E6F6465207A
S2140453B85B004164646974696F6E616C20696E741D
S2140453C86572666163657300202025643A20007060
S2140453D8616765205B25645D206368616E205B25D4
S2140453E8645D20707772205B25645D006E6F7420A0
S2140453F8616374697665006572726F722030782509
S2140454083038580070616E4944205B307825303453
S214045418585D206E6F64654944205B3078253034C7
S214045428585D20007870616E205B30780070617279
S214045438656E744944205B3078253034585D207096
S2140454486172656E7452737369205B25645D006EC1
S2140454586F646554797065205B005365637572697B
S2140454687479206C6576656C205B253032585D004F
S2140454786E6574776F726B207374617465205B2530
S2140454883032585D2000427566666572206279740B
S21404549865733A202564202F202564004570206310
S2140454A86E743A202564006570202564205B656E5A
S2140454B864706F696E742025732C2064657669633E
S2140454C8652025735D20006E776B205B25645D2060
S2140454D870726F66696C65205B3078253034585D69
S2140454E8206465764964205B3078253034585D201E
S2140454F8766572205B3078253032585D002020208F
S21404550820257320636C75737465723A2030782589
S21404551830345820004E776B20636E743A20256426
S214045528006E776B202564205B25735D00507269D6
S2140455386D617279202870726F290020206E6F645E
S2140455486554797065205B3078253032585D0020C4
S21404555820736563757269747950726F66696C65D1
S214045568205B3078253032585D0045502025643A53
S21404557820257320004572726F723A2020556E6B90
S2140455886E6F776E20656E64706F696E742E004554
S2140455986E61626C65206576656E742064656275F6
S2140455A86720696E666F20696E20436F72652043B4
S2140455B84C4920636F6D706F6E656E74006F6E6C09
S2140455C87920636F6F7264696E61746F7273206397
S2140455D8616E20666F726D0A006A6F696E20307895
S2140455E8253038580A006C656176650025732030C6
S2140455F878253032580A0072656A6F696E4469669F
S2140456086644657669636554797065006578742EB2
S2140456182050414E2049443A20004E574B206F7084
S214045628656E3A20257520736563004E574B2063D4
S2140456386C6F7365640066696E64206A6F696E6170
S214045648626C653A203078253032580066696E6494
S21404565820756E757365643A2030782530325800A4
S2140456684368616E67696E6720746F206368616E4D
S2140456786E656C2025643A203078253032580069E7
S2140456886E76616C6964206E6574776F726B2069D8
S2140456986E6465780053686F72742049443A203003
S2140456A878253034582C2045554936343A20002C71
S2140456B82050616E2049443A20307825303458000A
S2140456C853746172746564206D756C74692D7068A2
S2140456D87920696E74657266616365004661696CF3
S2140456E8656420746F202573202573203078253050
S2140456F83258005465726D696E617465642025734A
S21404570820307825303258004B65657020616C6906
S214045718766520737570706F727420656E61626C3E
S21404572865642E006661696C656420746F20736511
S21404573874206B65657020616C697665206D6F648E
S214045748652E007375636365737366756C6C792070
S21404575873657420746865206368696C642074696A
S2140457686D656F7574206F7074696F6E206D6173E4
S2140457786B2E006661696C656420746F20736574AB
S21404578820746865206368696C642074696D656F45
S2140457987574206F7074696F6E206D61736B2E005C
S2140457A8646973636F766572004D61746368202557
S2140457B873792066726F6D203078253034582C2023
S2140457C86570202564004E574B20416464726573E7
S2140457D87320726573706F6E73653A20307825305F
S2140457E834580049454545204164647265737320FE
S2140457F8726573706F6E73653A20005365727669C6
S21404580863652025737920646F6E652E0023202037
S214045818747970652020206E776B20206C6F632067
S214045828202072656D202020636C75732020206EFE
S2140458386F64652020206575690020202564202073
S21404584820203078253034582020307825303458B5
S21404585820203078253034582030782530345820A5
S21404586800736C5F7A69676265655F6765745F6213
S214045878696E64696E67204572726F723A20307872
S214045888253038580A002564206F6620256420626F
S214045898696E64696E6773207573656400656E6106
S2140458A8626C6564207072696E7400646973616200
S2140458B86C6564207072696E7400616464206C6937
S2140458C86E6B206B6579004552523A2043616C63CF
S2140458D8756C617465642043524320646F65732055
S2140458E86E6F74206D61746368004552523A20499D
S2140458F86E7374616C6C20436F6465206D75737485
S21404590820626520382C2031302C2031342C206F2E
S2140459187220313820627974657320696E206C654C
S2140459286E677468004552523A204145532D4D4DD2
S2140459384F2068617368206661696C65643A203034
S214045948782530325800536574206A6F696E696E1C
S21404595867206C696E6B206B6579007365742062CA
S214045968696E642025643A203078253032780045FC
S2140459784D50545900554E494341004D324F4E45FB
S214045988004D554C5449003F2020202000496E64A1
S21404599865782049454545204164647265737320DB
S2140459A820202020202020204E574B496E646578FE
S2140459B82020496E204643202020202054544C287A
S2140459C8732920466C6167202020204B65792020A7
S2140459D82020002564202020202000202025642064
S2140459E82020202020200020202530385820200081
S2140459F820307825303458202000496E6465782095
S214045A084945454520416464726573732020202007
S214045A182020202020496E20464320202020205481
S214045A2879706520204175746820204B6579002DAF
S214045A3820202020200025632020202020256320E5
S214045A482020202000696573005741524E494E476E
S214045A583A202052454144494E47204F46204B455C
S214045A68592056414C5545532044495341424C45C8
S214045A7844204259204D464720544F4B454E004E2D
S214045A88574B204B6579002573206F757420464361
S214045A983A202530385800257320736571206E75B2
S214045AA86D3A20307825303258002573206F757487
S214045AB82046433A2025303878005443202573205E
S214045AC8002573205461626C650025642F256420C4
S214045AD8656E747269657320757365642E005472F6
S214045AE8616E7369656E74204B657900256420655C
S214045AF86E7472257320636F6E73756D696E672096
S214045B082564207061636B657420627566666572C9
S214045B1825732E0057494C4C0057494C4C204E4F81
S214045B28540054727573742043656E746572202528
S214045B387320616C6C6F7720747275737420636558
S214045B486E7465722072656A6F696E732075736900
S214045B586E672077656C6C2D6B6E6F776E206B6541
S214045B68792E005365742074696D656F75742066A4
S214045B786F722054727573742043656E7465722050
S214045B8872656A6F696E73207573696E67207765C8
S214045B986C6C2D6B6E6F776E206C696E6B206B6504
S214045BA87920746F202564207365636F6E64732E82
S214045BB8004552524F523A20002573737461636B42
S214045BC8206D75737420626520646F776E2E00529C
S214045BD8656164696E6720416C6C6F77656400481C
S214045BE8617368696E67206F6E6C7900736C5F7A90
S214045BF869676265655F6B65795F73657474696EFA
S214045C0867735F743A203078253034580020205063
S214045C1865726D697373696F6E733A2025730045F0
S214045C2872726F723A204661696C656420746F20DC
S214045C3867657420636F6E6669672C207374617475
S214045C4875733A20307825303858004661696C6593
S214045C58643A20307825303858004D73673A206304
S214045C686C7573203078253034582C20636D642086
S214045C783078253032582C206C656E2025640062F6
S214045C8875666665723A2000454D4245525F0025A2
S214045C987353454355524954595F4C4556454C3AF7
S214045CA820253032580025736572617365206B654C
S214045CB8792025643A2030782530385800636D6496
S214045CC8206E6F74206275696C7400737263206545
S214045CD87020253032782C20636C75732025303478
S214045CE8780073656E64696E6720746F206D756CD2
S214045CF87469636173742062696E640025733A205C
S214045D0865703A2025642C20636C3A203078253058
S214045D1834582C20617474723A20307825303458FC
S214045D28002C207376723A2025630025733A207275
S214045D386561643A20307825303278002C207376F2
S214045D48723A2025632C2064747970653A2030787A
S214045D582530325800417267756D656E742061741B
S214045D6820696E6465783A202564206973206F7507
S214045D7874206F662072616E676500436F6D6D618F
S214045D886E6420616C7265616479206275696C74EE
S214045D982E202043616E6E6F7420736574204D4602
S214045DA84720737065636966696320636F6465205A
S214045DB8666F7220636F6D6D616E642E004D464784
S214045DC820436F64652053657420666F72206E6581
S214045DD8787420636F6D6D616E643A203078253070
S214045DE8345800557365204E65787420536571756C
S214045DF8656E63652053657420666F72206E6578D9
S214045E087420636F6D6D616E643A20307825303285
S214045E18580044697361626C652044656661756CF4
S214045E287420526573706F6E7365205365742066AC
S214045E386F72206E65787420636F6D6D616E643A58
S214045E4820307825303258004552523A207265611F
S214045E5864696E6720617474726962757465202556
S214045E68303278004552523A206174747269627509
S214045E7874652073697A6520256420746F6F206CB6
S214045E886172676520666F72206275666665720061
S214045E984572726F723A20617474726962757465B9
S214045EA820494420307825303458207265706F7243
S214045EB87461626C65206368616E67652069732027
S214045EC873697A65202564422C20627574202564DB
S214045ED84220656E74657265640A006E6F20636D91
S214045EE864004572726F723A20434C492053656EBB
S214045EF864206661696C65642C20737461747573B8
S214045F083A20307825303858004572726F723A2035
S214045F1820455549363420617267756D656E742060
S214045F28697320656D70747920616E64206C6F6F78
S214045F386B7570206279206E6F646520494420660C
S214045F4861696C65642E0047726F757000556E69DA
S214045F586361737400556E62696E64202573202528
S214045F687330782530325800526571756573743A03
S214045F7820005A444F2073696D706C6520646573FD
S214045F8863207265712025303278005A444F206E9B
S214045F986F646520646573632072657120253032EA
S214045FA878005A444F206D6174636820646573638F
S214045FB8207265712025303258005573696E672043
S214045FC86D79206C6F63616C2045554936342066BC
S214045FD86F72206465737420455549363420696E9B
S214045FE82062696E64696E67005A444F2062696E5F
S214045FF86420726571202530327800636C7573747A
S2140460086572206C696D697420726561636865647D
S21404601800696E76616C696420706167653A20254C
S21404602864206F72206368616E6E656C3A2025641E
S214046038004368616E6765206368616E6E656C20F0
S2140460487374617475733A20307825303278006436
S21404605875726174696F6E206D757374206265203D
S214046068696E2072616E67652030202D20350063C6
S2140460786F756E74206D75737420626520696E2062
S21404608872616E67652031202D2038007363616E57
S2140460982073746174757320307825303258006E16
S2140460A86574776F726B20757064617465207365A8
S2140460B874207374617475732030782530325800F0
S2140460C841637469766520455020726571756573F9
S2140460D874207374617475733A2030782530325896
S2140460E8004C5149205461626C652072657175656F
S2140460F873743A203078253032580042696E6469E1
S2140461086E67205461626C65207265717565737478
S2140461183A20307825303258004C6561766520255B
S2140461287330782530325800506F7765722044658E
S2140461387363726970746F722025733078253032F1
S21404614858005573696E67206D79206C6F63616CAF
S21404615820455549363420666F722064657374206A
S214046168455549363420696E20756E62696E6469D1
S2140461786E6700526F757465205461626C652025DD
S21404618873307825303258002F686F6D652F727516
S2140461986E6E65722F776F726B2F747579612D7AB0
S2140461A869676265652D7377697463682D776974A2
S2140461B8682D6D65746572696E672F747579612DBF
S2140461C87A69676265652D7377697463682D77697C
S2140461D874682D6D65746572696E672F73696C6172
S2140461E862735F746F6F6C732F73696D706C696319
S2140461F86974795F73646B2F70726F746F636F6CF6
S2140462082F7A69676265652F6170702F6672616D93
S21404621865776F726B2F636F6D6D6F6E2F736C5F20
S2140462287A69676265655F73797374656D5F636FB2
S2140462386D6D6F6E2E6300457874656E64656420B4
S214046248526573657420696E666F3A203078253017
S21404625834582028257329002F686F6D652F7275AA
S2140462686E6E65722F776F726B2F747579612D7ADF
S21404627869676265652D7377697463682D776974D1
S214046288682D6D65746572696E672F747579612DEE
S2140462987A69676265652D7377697463682D7769AB
S2140462A874682D6D65746572696E672F73696C61A1
S2140462B862735F746F6F6C732F73696D706C696348
S2140462C86974795F73646B2F70726F746F636F6C25
S2140462D82F7A69676265652F6170702F6672616DC3
S2140462E865776F726B2F636F6D6D6F6E2F7A696744
S2140462F86265655F6170705F6672616D65776F72FF
S2140463086B5F736C6565702E6300537461792061E6
S21404631877616B65207768656E206E6F74206A6F88
S214046328696E65643A20257300466F726365642057
S21404633873746179206177616B653A202020202088
S2140463482020202020257300466F7263696E67201C
S21404635864657669636520746F2073746179206157
S21404636877616B6500416C6C6F77696E672064654E
S2140463787669636520746F20676F20746F20736C6A
S214046388656570002F686F6D652F72756E6E657221
S2140463982F776F726B2F747579612D7A69676265CA
S2140463A8652D7377697463682D776974682D6D65D0
S2140463B8746572696E672F747579612D7A69676278
S2140463C865652D7377697463682D776974682D6DB0
S2140463D865746572696E672F73696C6162735F743E
S2140463E86F6F6C732F73696D706C69636974795F0A
S2140463F873646B2F70726F746F636F6C2F7A696730
S2140464086265652F6170702F6672616D65776F724D
S2140464186B2F636F6D6D6F6E2F7A69676265655F44
S214046428737461636B5F736C6565702E6300525892
S2140464383A205265736574546F466163746F727953
S21404644844656661756C747343616C6C6261636BF6
S21404645800657A737020636F756E74657273206650
S21404646861696C656420257500657A7370205265C9
S214046478736574205468726573686F6C64206572FB
S214046488726F7220257500657A73702053657420C0
S2140464985468726573686F6C64206572726F7220D4
S2140464A82575002575292025733A2025750053651A
S2140464B87474696E67205468726573686F6C6420B8
S2140464C8636F6D6D616E64003F3F3F004D616320EE
S2140464D85278204263617374004D616320547820B7
S2140464E84263617374004D6163205278205563617A
S2140464F87374004D61632054782055636173740087
S2140465084D61632054782055636173742052657412
S2140465187279004D61632054782055636173742042
S2140465284661696C00415053205278204263617377
S21404653874004150532054782042636173740041B8
S2140465485053205278205563617374004150532089
S2140465585478205563617374205375636365737345
S2140465680041505320547820556361737420526553
S21404657874727900415053205478205563617374BB
S214046588204661696C00526F7574652044697363AC
S21404659820496E69746961746564004E6569676844
S2140465A8626F72204164646564004E656967686258
S2140465B86F722052656D6F766564004E656967680C
S2140465C8626F72205374616C65004A6F696E204965
S2140465D86E6469636174696F6E004368696C6420ED
S2140465E84D6F76656400415348204F766572666C35
S2140465F86F7700415348204672616D652045727274
S2140466086F7200415348204F76657272756E204546
S21404661872726F72004E574B204643204661696C6F
S21404662875726500415053204643204661696C756F
S21404663872650041534820584F66660041505320FF
S214046648556E617574686F72697A6564204B6579EE
S214046658004E574B2044656372797074204661690E
S2140466686C75726573004150532044656372797083
S21404667874204661696C75726573005061636B6556
S214046688742042756666657220416C6C6F6361742B
S21404669865204661696C757265730052656C61792C
S2140466A865642055636173740050687920746F209C
S2140466B84D4143207175657565206C696D69742054
S2140466C872656163686564005061636B657420561F
S2140466D8616C69646174652064726F7020636F7599
S2140466E86E74004E574B207265747279206F766507
S2140466F872666C6F7700434341204661696C757215
S21404670865730042726F61646361737420746162B6
S2140467186C652066756C6C00505441204C6F205094
S214046728726920526571005054412048692050729D
S214046738692052657100505441204C6F205072698C
S2140467482044656E696564005054412048692050A9
S21404675872692044656E69656400505441204C6F24
S2140467682050726920547820416272740050544153
S2140467782048692050726920547820416272740057
S2140467884164647265737320436F6E666C696374E0
S2140467982053656E740043534C2052782073636804
S2140467A86564756C65206661696C6564000D0044F3
S2140467B865627567207072696E742067726F75708B
S2140467C82025730A0057726F6E6720706172616DB8
S2140467D8657465720A0046696E6420616E642042B8
S2140467E8696E6420496E69746961746F723A2043ED
S2140467F86F6D706C6574653A2030782530325800B1
S2140468085374617274207461726765740046696EA5
S2140468186420616E642042696E6420546172676500
S214046828740025733A2025733A2030782530325878
S21404683800467261676D656E746174696F6E205286
S214046848582077696E646F772073697A6520736554
S2140468587420746F202564002F686F6D652F727519
S2140468686E6E65722F776F726B2F747579612D7AD9
S21404687869676265652D7377697463682D776974CB
S214046888682D6D65746572696E672F747579612DE8
S2140468987A69676265652D7377697463682D7769A5
S2140468A874682D6D65746572696E672F73696C619B
S2140468B862735F746F6F6C732F73696D706C696342
S2140468C86974795F73646B2F70726F746F636F6C1F
S2140468D82F7A69676265652F6170702F6672616DBD
S2140468E865776F726B2F706C7567696E2F66726149
S2140468F8676D656E746174696F6E2F667261676D15
S214046908656E746174696F6E2E630052583A20413E
S214046918646447726F7570526573706F6E73652022
S2140469283078253032582C203078253034580052A8
S214046938583A205669657747726F75705265737052
S2140469486F6E7365203078253032582C20307825C1
S2140469583034582C20220052583A2047657447721F
S2140469686F75704D656D626572736869705265738C
S214046978706F6E7365203078253032582C20307846
S214046988253032582C00205B3078253034585D008A
S21404699852583A2052656D6F766547726F75705215
S2140469A86573706F6E7365203078253032582C20E6
S2140469B83078253034580065705B253032585D20B1
S2140469C869645B253034585D00436C656172696E92
S2140469D86720616C6C2067726F7570732E00455261
S2140469E8523A204661696C656420746F2063726548
S2140469F86174652062696E64696E6720283078253C
S214046A0830325829004552523A2042696E64696EFB
S214046A1867207461626C652069732066756C6C0007
S214046A284552523A2077726974696E67206E616DB2
S214046A386520737570706F72742025303258005252
S214046A48583A2041646447726F7570203078253050
S214046A5834582C20220075760052583A2056696518
S214046A687747726F757020307825303458007576FD
S214046A787300766965775F67726F75700047726F23
S214046A887570733A206661696C656420746F207348
S214046A98656E6420257320726573706F6E73653A2D
S214046AA820307825303258006765745F67726F75D2
S214046AB8705F6D656D626572736869702072657360
S214046AC8706F6E73650064656661756C745F726575
S214046AD873706F6E73650052583A20476574477230
S214046AE86F75704D656D626572736869702030786D
S214046AF8253032582C007575620047726F757073AE
S214046B083A206661696C656420746F2073656E64E8
S214046B182025733A203078253032580052583A20C7
S214046B2852656D6F766547726F75702030782530BC
S214046B383458004552523A204661696C656420749C
S214046B486F2064656C6574652062696E64696E6737
S214046B582028307825303258290072656D6F76659E
S214046B685F67726F75700052583A2052656D6F767B
S214046B7865416C6C47726F7570730052583A2041C1
S214046B88646447726F757049664964656E746966AD
S214046B9879696E67203078253034582C20220061B5
S214046BA86464004368616E6E656C206E6F7420764C
S214046BB8616C69643A202564005072696D61727963
S214046BC8002573206D61736B206E6F7720307825EF
S214046BD8303858005365636F6E64617279004D618E
S214046BE8736B206E6F742076616C69643A20256432
S214046BF8007072696D617279007365636F6E6461A3
S214046C0872790025733A20536574202573206D61C4
S214046C18736B20746F2030782530385800537461AD
S214046C287475730025733A2025733A004368616EB9
S214046C386E656C206D61736B3A0020202020283125
S214046C482920307825303858205B0020202020283A
S214046C58322920307825303858205B005374617404
S214046C68653A203078253032582028257329004381
S214046C78757272656E74206368616E6E656C3A2010
S214046C88256400546F74616C20626561636F6E736B
S214046C983A202564004A6F696E20617474656D70C5
S214046CA874733A202564004E6574776F726B20738C
S214046CB8746174653A203078253032580053746FFE
S214046CC8700025732053746F702E2020436C656102
S214046CD86E696E672075702E0042726F6164636118
S214046CE87374696E67207065726D6974206A6F695B
S214046CF86E0054727573742063656E746572206CC6
S214046D08696E6B206B657920757064617465207391
S214046D1874617475730025733A205741524E494E70
S214046D28473A20736C5F7A69676265655F73657452
S214046D385F696E697469616C5F736563757269749B
S214046D48795F7374617465206661696C65642E2066
S214046D58436F6E74696E75696E6720776974686FB9
S214046D68757420696E7374616C6C20636F64652E29
S214046D78004572726F723A20696E7374616C6C2087
S214046D88636F6465207365747570206661696C65E5
S214046D98642E20497320616E20696E7374616C6C6E
S214046DA820636F646520666C6173686564206F6E23
S214046DB8746F20746865206465766963653F00D0DF
S214046DC8D1D2D3D4D5D6D7D8D9DADBDCDDDEDF000A
S214046DD8FFFFFFFFFFFFFFFF005A69674265654133
S214046DE86C6C69616E636530390025733A20697383
S214046DF87375696E67207363616E206F6E202573E2
S214046E08206368616E6E656C7320286D61736B20F1
S214046E183078253038582900257320697320616C2A
S214046E28726561647920696E2070726F6772657323
S214046E3873005374617274004578616D696E696E87
S214046E486720626561636F6E206F6E206368616E8B
S214046E586E656C20256420776974682070616E49B5
S214046E686420307825303458005468697320626585
S214046E7861636F6E206973206E6F7420706172741C
S214046E88206F66207468652063757272656E742058
S214046E986368616E6E656C206D61736B202830784C
S214046EA825303858292E2047657474696E67206E15
S214046EB865787420626561636F6E2077686F7365A2
S214046EC8206368616E6E656C206269746D61736BAD
S214046ED8206973207365742E004572726F723A20A7
S214046EE8257320636F756C64206E6F7420617474E8
S214046EF8656D7074206A6F696E3A20307825303272
S214046F0858004E6F20626561636F6E73206C656609
S214046F1874206F6E2063757272656E74206D61736B
S214046F286B2E204D6F76696E6720746F206E6578B9
S214046F3874207374617465002573206A6F696E69BA
S214046F486E6720307825303458206F6E2063686169
S214046F586E6E656C20256400257320537461746511
S214046F683A202573004572726F723A20257320639F
S214046F786F756C64206E6F742073657475702073F7
S214046F88656375726974793A20307825303258000A
S214046F984572726F723A205363616E20636F6D7028
S214046FA86C6574652068616E646C657220726574BD
S214046FB875726E6564203078253032580025732043
S214046FC87363616E20636F6D706C6574652E204202
S214046FD86561636F6E732068656172643A20256420
S214046FE800257320737461636B20737461747573FE
S214046FF820307825303258002573206E6574776FF4
S214047008726B206A6F696E65642E0025732074722D
S21404701879696E67206E657874206E6574776F720A
S2140470286B2E004E6F6E65005363616E2050726956
S2140470386D617279204368616E6E656C7320616E4B
S214047048642075736520436F6E6669677572656438
S214047058204B6579005363616E205072696D6172C6
S21404706879204368616E6E656C7320616E64207562
S214047078736520496E7374616C6C20436F64650095
S2140470885363616E205072696D617279204368613A
S2140470986E6E656C7320616E642055736520436557
S2140470A86E7472616C697A6564204B657900536303
S2140470B8616E205072696D617279204368616E6EE4
S2140470C8656C7320616E6420557365204469737417
S2140470D872696275746564204B6579005363616EE2
S2140470E8205365636F6E64617279204368616E6EBF
S2140470F8656C7320616E642075736520436F6E66D5
S214047108696775726564204B6579005363616E2000
S2140471185365636F6E64617279204368616E6E6549
S2140471286C7320616E642075736520496E73746190
S2140471386C6C20436F6465005363616E205365630B
S2140471486F6E64617279204368616E6E656C732035
S214047158616E64205573652043656E7472616C694C
S2140471687A6564204B6579005363616E20536563C2
S2140471786F6E64617279204368616E6E656C732005
S214047188616E642055736520446973747269627508
S214047198746564204B6579005363616E2050726988
S2140471A86D617279204368616E6E656C7320616EDA
S2140471B8642055736520416C6C204B6579732028D0
S2140471C8696E7374616C6C20636F64652C206365E8
S2140471D86E7472616C697A65642C2064697374725F
S2140471E869627574656429005363616E2053656328
S2140471F86F6E64617279204368616E6E656C732085
S214047208616E642055736520416C6C204B657973F8
S2140472182028696E7374616C6C20636F64652C2017
S21404722863656E7472616C697A65642C206469732C
S214047238747269627574656429004F6E2F4F6666AA
S214047248207365742076616C75653A20253032584B
S2140472582025303258004552523A207265616469D6
S2140472686E67206F6E2F6F66662025303258004F83
S2140472786E2F6F666620616C72656164792073652B
S2140472887420746F206E65772076616C756500547B
S2140472986F67676C65206F6E2F6F66662066726F01
S2140472A86D202530325820746F202530325800451A
S2140472B852523A2077726974696E67206F6E2F6F20
S2140472C86666202530325800496E7374616C6C65A6
S2140472D8642054797065202842617365293A202011
S2140472E8307825303258004361706162696C69747D
S2140472F86965733A20202020202020202020203072
S214047308782530345800426F6F746C6F6164657208
S2140473182056657273696F6E3A20202020203078D4
S214047328253034580053656375726520426F6F7450
S2140473386C6F61646572204B65793A2020202020A2
S2140473482000426F6F746C6F6164696E67206661B3
S214047358696C65642100446F776E6C6F616420669F
S21404736861696C65642E0044656C6574696E672093
S2140473786661696C656420646F776E6C6F61642CF3
S214047388207374617475733A203078253032580047
S214047398496D61676520646F6573206E6F7420633A
S2140473A86F6E7461696E20616E20557067726164D1
S2140473B86520496D61676520546167202830782503
S2140473C8303458292E20536B697070696E6720759F
S2140473D87067726164652E00457865637574696EB6
S2140473E86720626F6F746C6F61642063616C6C6293
S2140473F861636B2E005374617274696E672045422C
S2140474084C20766572696669636174696F6E0045B7
S214047418424C206661696C656420766572696669A3
S214047428636174696F6E2E0045424C2070617373F5
S214047438656420766572696669636174696F6E2E21
S214047448002573696E67204F544120636C69656E26
S21404745874207374617465206D616368696E650071
S21404746873746F7070004572726F723A204E6F2094
S214047478696D61676520617420696E646578202586
S21404748864004E6F7420737570706F727465642E22
S21404749800436C69656E7420696D61676520717553
S2140474A865727920696E666F004D616E756620494F
S2140474B8443A2020202020202020203078253034EC
S2140474C85800496D61676520547970652049443AC7
S2140474D82020202030782530345800437572726591
S2140474E86E742056657273696F6E3A20203078255C
S2140474F83038580048617264776172652056657240
S21404750873696F6E3A20004E410051756572792092
S21404751844656C6179206D733A2020202020202051
S2140475282020202020256C6400536572766572201E
S214047538446973636F766572792044656C61792053
S2140475486D733A20256C6400446F776E6C6F6164C3
S2140475582044656C6179206D733A20202020202011
S214047568202020256C640052756E20557067726161
S21404757864652044656C6179206D733A2020202068
S2140475882020256C64005665726966792044656C0B
S2140475986179206D733A2020202020202020202086
S2140475A820256C6400446F776E6C6F6164204572A6
S2140475B8726F72205468726573686F6C643A202020
S2140475C82564005570677261646520576169742084
S2140475D85468726573686F6C643A202020202564AA
S2140475E8004F544120446F776E6772616465733A3E
S2140475F82044697361626C6564004F544120446F8B
S214047608776E6772616465733A20456E61626C656D
S2140476186400426F6F746C6F616420737461746580
S2140476283A20257300496E76616C696420455020BB
S2140476382564207768656E20747279696E6720748D
S2140476486F2073656E64204F5441206D65737361B3
S21404765867652E0053656E64696E67205570677299
S21404766861646520456E6420726571756573742E51
S2140476780025733A20696E76616C696420636D64CC
S214047688496420307825303258004572726F723A51
S21404769820204661696C656420746F2073656E6487
S2140476A8204F544120636F6D6D616E6420307825D9
S2140476B83032582C207374617475733A20307825E8
S2140476C83032580053657276657220756E6B6E6F2D
S2140476D8776E2C2066616C6C696E67206261636BDA
S2140476E820746F20646973636F766572792E004D13
S2140476F86178696D756D2071756572792065727229
S2140477086F72732068697420282564292C20737482
S214047718617274696E672073656172636820666F48
S21404772872206E6577204F544120736572766572B1
S2140477382E0A004170706C79696E672075706772DE
S2140477486164650025733A20696E76616C69642005
S2140477586F66667365742063757272656E745469B1
S2140477686D652830782530385829203E207570678E
S2140477787261646554696D652830782530385829EF
S214047788004F544120436C75737465723A207761D0
S214047798697420666F7220256420730052586564E5
S2140477A82074696D654F75742030782530385820F4
S2140477B8732C204D41582074696D654F75742030BC
S2140477C878253038582073004D6178696D756D20BA
S2140477D87570677261646520726571756573747314
S2140477E8206D616465202825642920776974686F8C
S2140477F8757420726573706F6E73652066726F6D2C
S214047808207365727665722E0055706772616469B6
S2140478186E6720616E79776179004F54412053650D
S214047828727669636520646973636F766572792016
S21404783870726576656E746564202D20616E6F744B
S21404784868657220697320616C7265616479206961
S2140478586E2070726F6772657373004661696C6533
S2140478686420746F20696E69746961746520736531
S214047878727669636520646973636F766572792EB8
S214047888004F5441205365727669636520446973D2
S214047898636F7665727920696E2070726F67726599
S2140478A8737300436C69656E7420766572696669DD
S2140478B8636174696F6E206661696C65642E005333
S2140478C869676E617475726500437573746F6D00CD
S2140478D8706173736564004641494C4544004E6FB5
S2140478E8207369676E617475726520766572696659
S2140478F869636174696F6E20737570706F72742C27
S21404790820617373756D696E6720696D616765209C
S2140479186973206F6B61792E00257320766572690A
S2140479286669636174696F6E2025733A203078251A
S214047938303258004D6178696D756D206E756D62CC
S2140479486572206F6620646F776E6C6F616420655D
S21404795872726F72732072656163682028256429C1
S2140479682C2061626F7274696E672E004F54412032
S214047978436C75737465723A2073657474696E67BC
S21404798820494545452061646472657373206F66B3
S214047998204F544120636C7573746572005061728D
S2140479A87469616C2066696C6520646F776E6C6FA9
S2140479B8616420666F756E642C20636F6E74696EDE
S2140479C875696E672066726F6D206F666673657478
S2140479D82030782530385800466F756E64206675F2
S2140479E86C6C7920646F776E6C6F6164656420666E
S2140479F8696C6520696E2073746F726167652028E8
S214047A0876657273696F6E20307825303858292E5B
S214047A1800466F756E642066696C6520696E20730F
S214047A28746F72616765207769746820646966662E
S214047A386572656E742076657273696F6E20283079
S214047A48782530385829207468616E2063757272F8
S214047A58656E742076657273696F6E202830782593
S214047A68303858290046696C6520696E2073746F2F
S214047A78726167652069732073616D652061732080
S214047A8863757272656E742072756E6E696E6720A1
S214047A9876657273696F6E202830782530385829D1
S214047AA8004E6F20696D61676520666F756E642089
S214047AB8696E2073746F726167652E004F54412097
S214047AC85365727669636520446973636F76657275
S214047AD87920756E626C6F636B65640049676E6FB8
S214047AE872696E67207365727665722066726F6D4A
S214047AF8206C6F6F706261636B2061646472657377
S214047B08730049676E6F72696E6720307825303463
S214047B1858204F54412073657276657220696E202A
S214047B28736561726368206F6620544300536574F6
S214047B3874696E67204F54412053657276657220C7
S214047B48746F203078253034580044656C61796940
S214047B586E67202564207365636F6E6473206265A0
S214047B68666F7265207374617274696E67204F5409
S214047B784120636C69656E740054696D656F75742D
S214047B882077616974696E6720666F72206D657305
S214047B98736167652E00426164204F544120636F09
S214047BA86D6D616E643A20307825303258004F5433
S214047BB84120636F6D6D616E6420307825303258CD
S214047BC820746F6F2073686F727420286C656E203B
S214047BD82564203C206D696E20256429004F544195
S214047BE820636F6D6D616E642066726F6D20756EAE
S214047BF87265636F676E697A656420736572766505
S214047C0872203078253034582E20204D79204F5451
S214047C1841207365727665723A2030782530345878
S214047C2800496D616765204E6F7469667900476F11
S214047C387420756E65787065637465642025732E84
S214047C482020537461727420646973636F76657256
S214047C58792E0064656661756C74004F54413A2049
S214047C686661696C656420746F2073656E6420258C
S214047C787320726573706F6E73653A20307825309A
S214047C88325800496D616765206E6F7469667900BD
S214047C98476F7420756E657870656374656420250F
S214047CA8732E202049676E6F7265642E004F544108
S214047CB83A2044656661756C7420726573706F6EDD
S214047CC8736520666F7220496D616765206E6F74F0
S214047CD86966792C2073746174757320307825303E
S214047CE8325800496D616765206E6F74696679203D
S214047CF8636F6D6D616E6400257320756E696361CC
S214047D0873742C207175657279696E6700496E768E
S214047D18616C6964002573202573207061796C6F23
S214047D2861642074797065203078253032580025CF
S214047D38732025733A206F7574206F662072616EFF
S214047D486765206A69747465722025640025732043
S214047D5825733A207061796C6F6164206C656E6770
S214047D68746820646F65736E2774206D6174636825
S214047D782074797065203078253032582028256498
S214047D88203C202564290025732025732064756506
S214047D9820746F206E6F6E2D6D61746368696E67EC
S214047DA8206D616E756661637475726572204944E8
S214047DB80025732025732064756520746F206E6F04
S214047DC86E2D6D61746368696E6720696D61676599
S214047DD8207479706520494400257320257320642F
S214047DE8756520746F206D61746368696E672066B4
S214047DF869726D776172652076657273696F6E0055
S214047E0825732025732C2052782764204A697474B5
S214047E1865722028307825303258292C205069631A
S214047E286B6564204A697474657220283078253036
S214047E38325829005175657279206E657874206900
S214047E486D61676520726573706F6E736500257360
S214047E582072657475726E656420307825303258E1
S214047E682E20204E6F206E657720696D6167652029
S214047E78746F20646F776E6C6F61642E00257320B0
S214047E88746F6F2073686F727420282564203C20F2
S214047E982564290025733A204E657720696D616745
S214047EA86520697320617661696C61626C65206619
S214047EB86F7220646F776E6C6F61642E0025732072
S214047EC86973206E6F74207573696E67206D7920E8
S214047ED8696D61676520696E666F2E004552524F5C
S214047EE8523A204E65787420496D61676520697337
S214047EF820746F6F2062696720746F2073746F72C2
S214047F08652028307825303858203E2030782530AB
S214047F183858290025732072657475726E65642056
S214047F2873616D652046696C6556657273696F6E14
S214047F382061732063757272656E746C7920696E3D
S214047F487374616C6C65642E004F544120446F77DB
S214047F586E6772616465732044697361626C6564F4
S214047F683A2046696C6556657273696F6E20626559
S214047F7868696E642063757272656E7420696E73C0
S214047F8874616C6C6174696F6E00537461727469A1
S214047F986E6720646F776E6C6F61642C205665720A
S214047FA873696F6E20307825303858004572726FC2
S214047FB8723A204661696C656420746F2064656C47
S214047FC865746520696D6167652E004572726F7207
S214047FD83A204661696C656420746F206572617323
S214047FE865206F6C642074656D7020646174612EFE
S214047FF800496D61676520626C6F636B20726573F8
S214048008706F6E7365004F54413A20496D61676519
S214048018426C6F636B5265706F6E736520636F6E28
S2140480287461696E7320696E76616C6964206F7218
S21404803820696E636F6D706C657465206461746125
S214048048005570646174696E67204D696E20426CD1
S2140480586F636B2052657175657374205065726919
S2140480686F6420746F202564206D7300446F776EE8
S2140480786C6F61642064656C61792062792073652D
S21404808872766572202564206D7300446F776E6C73
S2140480986F61642061626F7274656420627920730C
S2140480A865727665722E0053657276657220646F03
S2140480B865736E277420737570706F7274207061A0
S2140480C8676520726571756573742C206F6E6C799C
S2140480D8207573696E6720626C6F636B20726571B6
S2140480E8756573742E0053657276657220726574AE
S2140480F875726E65642027756E737570706F72740A
S214048108656420636C757374657220636F6D6D6146
S2140481186E64272E00556E6B6E6F776E202573205F
S21404812873746174757320636F64652030782530C2
S2140481383258002573206861732064617461207363
S214048148697A65202825642920736D616C6C6572CC
S214048158207468616E2061637475616C2070616355
S2140481686B65742073697A6520282564292E002592
S21404817873206572726F723A204578706563746509
S21404818864206F6666736574203078253038582CFA
S2140481982062757420676F74203078253038582E1E
S2140481A8202049676E6F72696E6700257320696EB2
S2140481B8666F20646964206E6F74206D61746368EA
S2140481C8206D7920657870656374656420696E66C9
S2140481D86F2E202044726F7070696E672E00466199
S2140481E8696C656420746F20777269746520746F8F
S2140481F82073746F726167652064657669636521A8
S21404820800446F776E6C6F616400557067726164C2
S2140482186520656E6420726573706F6E73650053AF
S21404822865727665722061626F7274656420757013
S21404823867726164652C207374617475733A2030B0
S2140482487825303258004572726F723A20257320AA
S21404825868616420696E76616C69642025733A20C7
S2140482680066696C652076657273696F6E00416492
S21404827864696E67202564206D732E2064656C61BE
S2140482887920666F7220696D6D656469617465200E
S214048298757067726164652E00436F756E74646FDB
S2140482A8776E20746F20757067726164653A20254E
S2140482B864206D73002053746174653A2020202569
S2140482C873002057616974696E6720666F7220723E
S2140482D86573706F6E73653A20257300204E657853
S2140482E874204576656E742054696D65723A202547
S2140482F864206D73002043757272656E7420446F33
S214048308776E6C6F6164204F66667365743A2030C6
S2140483187825303858202825642525290025733AD9
S214048328206661696C65642070617273696E672083
S2140483384F544120636D6420307825303258004FFE
S21404834854412044656661756C7420726573706F59
S2140483586E736520746F20636F6D6D616E6420495B
S21404836844203078253032582C2073746174757321
S2140483782030782530325800496D61676520626C74
S2140483886F636B2072657175657374207465737496
S214048398206F6E6C7920776F726B73207768656EC2
S2140483A820737461746520697320424F4F544C4F90
S2140483B841445F53544154455F4E4F4E4500526105
S2140483C86E646F6D2044656C6179206265666F72B1
S2140483D86520737461727400446973636F7665729A
S2140483E8696E67204F54412053657276657200475C
S2140483F86574204F5441205365727665722045553E
S21404840849004F627461696E206C696E6B206B65F7
S21404841879005175657279696E67204E657874209F
S214048428496D61676500446F776E6C6F6164696E49
S2140484386720496D61676500566572696679696E75
S2140484486720496D6167650057616974696E6720BE
S214048458666F722055706772616465206D65737304
S21404846861676500436F756E74646F776E20746F0A
S21404847820557067726164650057616974696E6730
S21404848820746F2075706772616465207669612050
S2140484986F75742D6F662D62616E64206D656368F2
S2140484A8616E69736D0025733A202564252520635B
S2140484B86F6D706C65746500496D61676520256429
S2140484C80020204552524F523A20436F756C642060
S2140484D86E6F74206765742066756C6C20686561B9
S2140484E864657221002020486561646572205665BB
S2140484F87273696F6E3A203078253034580020201D
S214048508486561646572204C656E6774683A202015
S21404851825642062797465730020204669656C6456
S21404852820436F6E74726F6C3A202030782530348E
S214048538580020204D616E75662049443A20202054
S21404854820202020307825303458002020496D61BA
S214048558676520547970653A2020202020307825D5
S21404856830345800202056657273696F6E3A20209E
S2140485782020202020203078253038580020205A03
S21404858869676265652056657273696F6E3A20304E
S2140485987825303458002020486561646572205375
S2140485A87472696E673A20202573002020496D612D
S2140485B867652053697A653A2020202020256C6454
S2140485C82062797465730020205365637572697434
S2140485D87920437265643A20203078253032580072
S2140485E820205570677261646520446573743A2068
S2140485F820200020204D696E2E204857205665728C
S2140486083A202020203078253034580020204D6128
S214048618782E204857205665723A20202020307835
S21404862825303458002020546F74616C20546167D8
S214048638733A20256400202020205461673A2030AD
S2140486487825303458002020202020204C656E677A
S21404865874683A20256C64004572726F723A204337
S2140486686F756C64206E6F74206F627461696E2017
S21404867874616720696E666F2066726F6D20696D17
S2140486886167652E000A256420696D616765732035
S214048698696E204F54412073746F726167652E00AB
S2140486A8496D6167652064656C65746525732E007D
S2140486B84572726F723A2020436F756C64206E6F31
S2140486C874207265616420626C6F636B3A2030783C
S2140486D8253032582E0A005374617274696E672006
S2140486E865726173652066726F6D206F6666736562
S2140486F8742030782530385820746F203078253028
S214048708385800436F756C64206E6F7420737461F8
S214048718727420455241534521202830782530323A
S214048728582900454550524F4D20457261736520BF
S214048738636F6D706C657465002F686F6D652F7256
S214048748756E6E65722F776F726B2F747579612DDF
S2140487587A69676265652D7377697463682D7769C6
S21404876874682D6D65746572696E672F74757961A2
S2140487782D7A69676265652D7377697463682D77E2
S2140487886974682D6D65746572696E672F73696C94
S2140487986162735F746F6F6C732F73696D706C6945
S2140487A8636974795F73646B2F70726F746F636F29
S2140487B86C2F7A69676265652F6170702F667261BF
S2140487C86D65776F726B2F706C7567696E2F6F7433
S2140487D8612D73746F726167652D73696D706C654E
S2140487E82D656570726F6D2F6F74612D73746F725B
S2140487F86167652D656570726F6D2D706167652D8F
S21404880865726173652E63002F686F6D652F7275C8
S2140488186E6E65722F776F726B2F747579612D7A09
S21404882869676265652D7377697463682D776974FB
S214048838682D6D65746572696E672F747579612D18
S2140488487A69676265652D7377697463682D7769D5
S21404885874682D6D65746572696E672F73696C61CB
S21404886862735F746F6F6C732F73696D706C696372
S2140488786974795F73646B2F70726F746F636F6C4F
S2140488882F7A69676265652F6170702F6672616DED
S21404889865776F726B2F706C7567696E2F6F74616E
S2140488A82D73746F726167652D73696D706C652DB1
S2140488B8656570726F6D2F6F74612D73746F726156
S2140488C867652D656570726F6D2E63004F54412081
S2140488D853696D706C652053746F726167652045C3
S2140488E84550524F4D207761726E696E673A206321
S2140488F86F756C64206E6F742067657420736C6F74
S2140489087420696E666F20666F7220736C6F7420AD
S214048918256420286572726F7220307825303258A4
S214048928292E2044656661756C74696E6720746FB9
S214048938207370656369666965642061646472653A
S2140489487373206F6666736574730053746F72610D
S2140489586765204472697665723A202020202020B4
S214048968202020202020204F54412053696D706C0D
S214048978652053746F7261676520454550524F4DA4
S21404898820506C7567696E0052656164204D6F648B
S21404899869667920577269746520537570706F72AA
S2140489A8743A20206E6F00534F4320426F6F746CE6
S2140489B86F6164696E6720537570706F72743A20BD
S2140489C820202079657300426F6F746C6F6164654C
S2140489D8722053746F7261676520537570706F7276
S2140489E8743A2055736520666972737420736C6FC5
S2140489F87400536C6F7420746F207573653A202066
S214048A08202020202020202020202020202025640C
S214048A180043757272656E7420446F776E6C6F616E
S214048A2864204F66667365743A20202020307825C3
S214048A383038580045424C205374617274204F668F
S214048A48667365743A2020202020202020202020C9
S214048A5830782530385800454550524F4D205374C9
S214048A686172743A202020202020202020202020F4
S214048A7820202030782530385800454550524F4D30
S214048A8820456E643A202020202020202020202004
S214048A9820202020202030782530385800496D6161
S214048AA8676520496E666F2053746172743A202095
S214048AB820202020202020202030782530385800F8
S214048AC853617665205261746520286279746573EB
S214048AD829202020202020202020202030782530FF
S214048AE83858004F6666736574206F6620646F771F
S214048AF86E6C6F6164206F66667365742020203020
S214048B087825303858004F6666736574206F66207B
S214048B1845424C206F66667365743A2020202020F0
S214048B282020307825303858004F666673657420E0
S214048B386F6620696D6167652073746172743A2084
S214048B48202020202030782530385800736C5F7A2F
S214048B5869676265655F61665F6F74615F73746F8A
S214048B68726167655F6472697665725F726561646F
S214048B785F63622829206661696C65642100426126
S214048B8864206D61676963206E756D62657220691D
S214048B986E2066696C653A20307825303258203065
S214048BA878253032582030782530325820307825C9
S214048BB8303258004261642076657273696F6E209D
S214048BC8696E2066696C652030782530345800450F
S214048BD872726F723A2072656164416E6456616C93
S214048BE8696461746553746F726564496D61676519
S214048BF8282920747269656420746F20726561641C
S214048C08206D6F72652064617461207468616E20DB
S214048C18697420636F756C6420686F6C642E0073C7
S214048C286C5F7A69676265655F61665F6F74615FCA
S214048C3873746F726167655F6472697665725F7272
S214048C486561645F63622829204641494C4544218E
S214048C58004C617374206F666673657420646F775E
S214048C686E6C6F616465643A203078253038580035
S214048C7853746F72616765204D6F64756C653A202E
S214048C884F54412053696D706C652053746F72613C
S214048C98676520506C7567696E00496D6167657312
S214048CA82053746F7265643A20202564206F66200A
S214048CB8310A00253032583A00657020253032587B
S214048CC820636C75732025303458206174747220C0
S214048CD8253034582073767220256300206D666725
S214048CE8202530325800207265706F7274206D69C2
S214048CF86E2025303458206D61782025303458206D
S214048D087270742D636867202530385800207265A1
S214048D1863656976652066726F6D20253034582041
S214048D28657020253032582074696D656F75742017
S214048D38253034580072656D6F766500636C65611E
S214048D4872696E67206C617374207265706F7274D2
S214048D582074696D65206F6620616C6C206174747C
S214048D68726962757465730074657374696E6720D6
S214048D7874696D696E67206F6620766172696F75AF
S214048D8873207265706F7274696E67206F7065728F
S214048D986174696F6E73002D2D2D2D2D2D2D2D2D9F
S214048DA82D2D2D2D2D2D2D2D2D2D2D2D2D2D2D2DE2
S214048DB82D2D2D2D2D2D2D2D2D2D2D2D2D2D2D2DD2
S214048DC82D2D2D2D2D2D002D2D7461626C65207290
S214048DD865616473202D2066756C6C207461626C02
S214048DE8652D2D00726573756C74203D20256420EE
S214048DF86D73002D2D696E6974202F207363686562
S214048E0864756C65207469636B2D2D2D002D2D6C8F
S214048E186F616420636F6E66696775726174696FE3
S214048E286E2064656661756C74732D2D002F686FEB
S214048E386D652F72756E6E65722F776F726B2F74F1
S214048E487579612D7A69676265652D7377697463C8
S214048E58682D776974682D6D65746572696E672FF9
S214048E68747579612D7A69676265652D7377697497
S214048E7863682D776974682D6D65746572696E67A5
S214048E882F73696C6162735F746F6F6C732F736989
S214048E986D706C69636974795F73646B2F70726F35
S214048EA8746F636F6C2F7A69676265652F6170707B
S214048EB82F6672616D65776F726B2F706C75676954
S214048EC86E2F7265706F7274696E672F7265706F35
S214048ED87274696E672E6300524541445F5250545B
S214048EE85F43464700726561645F7265706F7274AB
S214048EF8696E675F636F6E66696775726174696FBA
S214048F086E005265706F7274696E673A206661699E
S214048F186C656420746F2073656E642025732072F4
S214048F286573706F6E73653A203078253032580052
S214048F384552523A2072656164696E6720636C759F
S214048F4873746572203078253034582061747472CE
S214048F586962757465203078253034583A2030783C
S214048F6825303258004552523A207265706F727432
S214048F78696E67206F66204C4F4E4720737472697B
S214048F886E6720617474726962757465207479708A
S214048F9865206E6F7420737570706F727465643AAA
S214048FA820636C75737465722030782530345820C5
S214048FB86174747269627574652030782530345823
S214048FC8005265706F7274696E6720456E747279A4
S214048FD82046756C6C202D206372656174696E6713
S214048FE8206E6577207265706F7274004346475F1B
S214048FF852505400202D20646972656374696F6E3C
S2140490083A253032582C20617474723A2530345814
S21404901800202020747970653A253032582C206D4B
S214049028696E3A253034582C206D61783A253034E8
S21404903858002020206368616E67653A0020202067
S21404904874696D656F75743A2530345800636F6EAD
S2140490586669677572655F7265706F7274696E6744
S214049068002054434C4B2075706461746520616C11
S214049078726561647920696E2070726F67726573B1
S21404908873004D616E75616C2054434C4B207570AB
S21404909864617465206661696C65642E2573005383
S2140490A874617274696E672075706461746520747F
S2140490B8727573742063656E746572206C696E6B62
S2140490C8206B65792070726F6365737300557064DE
S2140490D8617465205443204C696E6B204B65790097
S2140490E8204E6577206B65792065737461626C69B8
S2140490F8736865643A00204572726F723A0050616C
S21404910872746E65723A20005A434C20676C6F621C
S214049118616C20636C757374657220636F6D6D6122
S2140491286E647300646972656374696F6E0064695B
S21404913873632D636F6D2D67656E00646973632DA5
S214049148636F6D2D726563006578706563742D7240
S21404915865706F72742D66726F6D2D6D6500757708
S21404916872697465006E7772697465007265706FEB
S21404917872742D726561640073656E642D6D652D59
S214049188612D7265706F72740043726561746573DD
S214049198206120676C6F62616C20646973636F7604
S2140491A8657220636F6D6D616E6420666F722074DD
S2140491B86865206173736F6369617465642076619A
S2140491C86C7565732E00636C757374657249641FD9
S2140491D861747472696275746549641F6D61784E4A
S2140491E8756D626572546F5265706F72741F0043B2
S2140491F8726561746573206120676C6F62616C20A8
S21404920873656E64206D652061207265706F727474
S21404921820636F6D6D616E6420666F722074686576
S214049228206173736F6369617465642076616C7515
S21404923865732E00636C757374657249641F617474
S2140492487472696275746549641F646174615479DB
S21404925870651F6D696E5265706F727454696D65BA
S2140492681F6D61785265706F727454696D651F72EC
S21404927865706F727461626C654368616E67651FBA
S2140492880043726561746573206120676C6F626160
S2140492986C2072656164207265706F7274696E679B
S2140492A820636F6D6D616E6420666F7220746865E6
S2140492B8206173736F63696174656420636C757386
S2140492C87465722C206174747269627574652061A1
S2140492D86E64207365727665722F636C69656E7446
S2140492E820646972656374696F6E2E00636C7573A7
S2140492F874657249641F6174747269627574654929
S214049308641F646972656374696F6E1F00476C6FC7
S21404931862616C207265706F7274696E6720636F21
S2140493286D6D616E6400656E64706F696E741F633C
S2140493386C757374657249641F61747472696275B6
S214049348746549641F6D61736B1F004372656174AD
S2140493586573206120676C6F62616C207265616456
S21404936820636F6D6D616E64206D657373616765E8
S21404937820746F20726561642066726F6D2074684D
S2140493886520636C757374657220616E64206174FD
S2140493987472696275746520737065636966696555
S2140493A8642E00636C757374657249641F61747403
S2140493B872696275746549641F00437265617465F1
S2140493C873206120676C6F62616C207772697465BC
S2140493D820636F6D6D616E64206D65737361676578
S2140493E820746F20777269746520746F20746865BA
S2140493F820636C757374657220616E64206174747E
S21404940872696275746520737065636966696564F4
S21404941800636C757374657249641F617474726949
S2140494286275746549641F747970651F6461746134
S2140494381F004372656174652061206578706563F2
S214049448742D7265706F72742D66726F6D2D6D65EE
S214049458206D657373616765207769746820617326
S214049468736F6369617465642076616C7565732EC1
S21404947800636C757374657249641F6174747269E9
S2140494886275746549641F74696D656F75741F0029
S214049498437265617465206120446973636F7665F9
S2140494A87220436F6D6D616E64732047656E6572D6
S2140494B86174656420636F6D6D616E64207769748A
S2140494C868206173736F6369617465642076616C80
S2140494D87565732E00636C757374657249641F73BF
S2140494E874617274436F6D6D616E6449641F6D6157
S2140494F878436F6D6D616E6449641F0053657473B9
S2140495082074686520646972656374696F6E206682
S2140495186F7220676C6F62616C20636F6D6D616E2D
S21404952864732C2065697468657220636C69656E5B
S2140495387420746F20736572766572206F72207358
S214049548657276657220746F20636C69656E742E16
S2140495580053657473206120666C616720736F20FE
S2140495687468617420746865206170706C696361DE
S21404957874696F6E206672616D65776F726B2057BB
S214049588494C4C204E4F5420726573706F6E64209D
S214049598746F20746865206E657874205A434C206E
S2140495A86D657373616765207468617420636F6D95
S2140495B8657320696E206F7665722074686520610D
S2140495C869722E0053657473206120666C61672087
S2140495D8736F207468617420746865206170706C99
S2140495E869636174696F6E206672616D65776F7200
S2140495F86B2057494C4C20726573706F6E642074E8
S2140496086F20746865206E657874205A434C206D04
S214049618657373616765207468617420636F6D652C
S2140496287320696E206F7665722074686520616998
S214049638722E0053657473207468652044697361D8
S214049648626C652044656661756C74205265737037
S2140496586F6E7365204672616D6520436F6E747213
S2140496686F6C2062697420746F2075736520666F4A
S2140496787220746865206E65787420636F6D6D61FA
S2140496886E642069662074686520636F6D6D616E0C
S21404969864206973206E6F7420616C7265616479E6
S2140496A8206275696C742E0064697361626C654423
S2140496B8656661756C74526573706F6E73651F00AA
S2140496C8536574732074686520666C616720746FCC
S2140496D8207573652074686520696E6372656D65A8
S2140496E86E7465642073657175656E6365206E7542
S2140496F86D6265722066726F6D2074686520667286
S214049708616D65776F726B20666F7220746865206A
S2140497186E6578742072617720636F6D6D616E6410
S2140497282E007573654E65787453657175656E633A
S214049738651F00436C6920636F6D6D616E642074E9
S2140497486F2063616C6C20736C5F7A696762656509
S2140497585F61665F7365745F74696D652066756EB0
S2140497686374696F6E20646F63756D656E74656483
S21404977820696E2061662E680075746354696D6589
S2140497881F0053657473207468652074776F2062AD
S214049798797465206D616E75666163747572657239
S2140497A8207370656369666963206964656E7469A5
S2140497B86669657220746F2075736520666F7220FB
S2140497C8746865206E65787420636F6D6D616E6469
S2140497D82069662074686520636F6D6D616E642009
S2140497E86973206E6F7420616C7265616479206297
S2140497F875696C742E006D6667537065636966696F
S2140498086349641F0054727573742043656E7465E7
S21404981872204A6F696E2048616E646C65723A20DD
S214049828737461747573203D2025732C20646563F6
S2140498386973696F6E203D202573202825303258B9
S214049848292C2073686F7274696420307825303444
S2140498585800554E73656375726564206A6F696E41
S21404986800646576696365206C65667400554E7396
S2140498786563757265642072656A6F696E007573D0
S2140498886520707265636F6E6669677572656420B5
S2140498986B65790073656E64206B657920696E2044
S2140498A874686520636C6561720064656E79206A05
S2140498B86F696E006E6F20616374696F6E00616C09
S2140498C86C6F772072656A6F696E73206F6E6C7939
S2140498D8006E6F742000534C5F5354415455535FC5
S2140498E84E4554574F524B5F5550203078253034E8
S2140498F8580054727573742043656E7465722045F7
S2140499085549206861732025736368616E676564CA
S2140499182E00534C5F5354415455535F4E45545789
S2140499284F524B5F444F574E00534C5F5354415469
S21404993855535F4E4F545F4A4F494E454400534C67
S2140499485F5354415455535F5A49474245455F4E01
S2140499584554574F524B5F4F50454E45443A202581
S214049968642073656300534C5F5354415455535FE6
S2140499785A49474245455F4E4554574F524B5F43F5
S2140499884C4F5345440025733A2025730064697385
S21404999874726962757465640063656E7472616C6A
S2140499A8697A656400466F726D002573696E672070
S2140499B86F6E2063682025642C2070616E496420CD
S2140499C8307825303458004572726F723A204465F0
S2140499D87669636520646F6573206E6F742073758B
S2140499E870706F7274202573206E6574776F726B4F
S2140499F820666F726D6174696F6E004A6F696E00D7
S214049A08496E76616C696420536563757269747906
S214049A182050726F66696C653A2030782530325863
S214049A2800704A6F696E20666F722025642073651D
S214049A38633A20307825303258004C696D69746969
S214049A486E67206475726174696F6E206F66207025
S214049A5865726D6974206A6F696E2066726F6D2010
S214049A68666F726576657220283235352920746FDC
S214049A78203235340052583A205A444F2C20636F0B
S214049A886D6D616E64203078253034582C207374DC
S214049A98617475733A203078253032580053696DEE
S214049AA8706C650052583A20257320446573632009
S214049AB852657370004D61746368002C204D6174A0
S214049AC8636865733A20256400446576696365208F
S214049AD8416E6E6F756E63653A203078253034585B
S214049AE80052583A204945454520416464726573D6
S214049AF87320526573706F6E73650052583A20412E
S214049B08637469766520455020526573706F6E736A
S214049B18652C20436F756E743A202564004E6F6476
S214049B2865002C204D6174636865733A2030782587
S214049B3830345800737461636B207665722E205B2C
S214049B4825642E25642E25640020257320627569F5
S214049B586C642025645D005A444F00534500484110
S214049B6800436C757374657200476C6F62616C00B1
S214049B7825737478203078253038582C2000507295
S214049B886F66696C653A202573202830782530344A
S214049B9858292C20436C75737465723A20307825DE
S214049BA83034582C2025642062797465732C002080
S214049BB85A434C20257320436D642049443A202593
S214049BC864005072652D52656C6561736500416C5E
S214049BD8706861203100416C706861203200416C05
S214049BE870686120330042657461203100426574F0
S214049BF86120320042657461203300474100526593
S214049C0873657420696E666F3A203078253032584A
S214049C1820282573290064656C6574652062696E5E
S214049C2864696E673A202530325820253032580049
S214049C380102030405060708090A0B0C00010101C2
S214049C48010101010101010101005752495445204F
S214049C584552523A20002573657020253032582024
S214049C68636C75732025303458206174747220250B
S214049C78303458206E6F7420737570706F72746504
S214049C8864002573696E76616C6964206461746126
S214049C98207479706500257361747472206E6F740D
S214049CA8207772697461626C650057524954453A64
S214049CB8206E6F2077726974652C206A7573742019
S214049CC861207465737400524541443A2061747483
S214049CD87269627574652073697A6520746F6F207B
S214049CE86C6172676520666F722063616C6C65725E
S214049CF800636C6E74007372767200525700524F8B
S214049D0800202052414D20200020746F6B656E2081
S214049D180065787465726E2000454E44504F494E6F
S214049D2854202530325800636C7573202F207369CD
S214049D386465202F2061747472202F206D66672056
S214049D48202F74797065286C656E292F2072772009
S214049D582F2073746F72616765202F2064617461A5
S214049D682028726177290025303458202F2025733F
S214049D78202F2025303458202F2000202F2025304F
S214049D88325820282530325829202F202573202F92
S214049D98202573202F2000556E737570706F7274AB
S214049DA86564004F544120524541443A2065703A50
S214049DB825303258206369643A2530345820617453
S214049DC87469643A25303458206D736B3A253032FA
S214049DD858206D66636F64653A25303458005245DA
S214049DE841443A20636C757320253034582C20611E
S214049DF87474722025303458206661696C65642052
S214049E082530325800524541443A20636C75732015
S214049E18253034582C206174747220253034582C1C
S214049E2820646174614C656E3A20253032582C20C3
S214049E384F4B0028256329253032582530325825BB
S214049E483032582530325825303258253032582585
S214049E58303258253032580064697361626C650084
S214049E682573642C2064726F7070696E6720657041
S214049E782030782530325820636C75732030782566
S214049E8830345820636D64203078253032580047C3
S214049E98656E6572617465640052656365697665A6
S214049EA86400446973636F76657220436F6D6D61F1
S214049EB86E647320726573706F6E73652028636FA3
S214049EC86D706C6574653A202563292C20257320EB
S214049ED84944733A200030782530325820005F45CC
S214049EE8585400524541445F41545452005752490D
S214049EF854453A20636C75732025303458206174B1
S214049F087472202530345820004641494C202530A8
S214049F1832580057524954453A20746F6F20736874
S214049F286F727400444953435F4154545200257376
S214049F3825733A20636C757320253034580053769D
S214049F486320446973633A2000257357616974690A
S214049F586E672025642073656320666F72206469C3
S214049F6873636F7665727920746F20636F6D706C97
S214049F7865746500537461746520636F72726573E3
S214049F88706F6E64696E6720746F207468652074D9
S214049F9868652072657175657374206E6F742066C3
S214049FA86F756E640A002573636F6D706C657465EF
S214049FB82E0A0025735365727669636520446973AF
S214049FC8636F76657279205374617465206C696D65
S214049FD869747320726561636865640A0025734949
S214049FE86C6C6567616C2062726F6164636173741C
S214049FF820616464726573732C2072656D61707079
S21404A008696E6720746F2076616C6964206F6E656C
S21404A0182E0025734661696C656420746F20736529
S21404A0286E64206D6174636820646973636F766513
S21404A03872793A2030782530325800257353746183
S21404A0487274696E6720646973636F7665727920C3
S21404A058666F7220636C7573746572203078253069
S21404A06834580025734661696C656420746F2073E0
S21404A078656E642073696D706C65206465736372BD
S21404A0886970746F7220726571756573743A2030DE
S21404A09878253032580025734661696C65642074E7
S21404A0A86F2073656E642049454545206164647273
S21404A0B865737320726571756573743A20307825F4
S21404A0C83032580025734661696C656420746F20C5
S21404A0D873656E64204E574B2061646472657373AF
S21404A0E820726571756573743A2030782530325855
S21404A0F8004572726F723A20257320626164207379
S21404A108696D706C652064657363726970746F72C8
S21404A118206C656E6774682E0025734D65737361CD
S21404A128676520746F6F2073686F72740025734DAB
S21404A13865737361676520746F6F2073686F7274D4
S21404A14820666F72206E756D2E20656E64706F695A
S21404A1586E74730025734D61746368257320666F87
S21404A168756E642066726F6D203078253034582EEC
S21404A178004572726F723A20257320696E76616C98
S21404A1886964206C656E6774682028256420213D00
S21404A1982025642920666F722041637469766520D9
S21404A1A8456E64706F696E7420726573706F6E7333
S21404A1B865002573676F7420616374697665204546
S21404A1C85020726573706F6E73650055544320741F
S21404A1D8696D653A2025642F25642F256420256437
S21404A1E83A25643A25642028253038582900285505
S21404A1F86E6B6E6F776E20636C75732E205B30788B
S21404A208253034585D29000D0A54253038583A004C
S21404A2185258206C656E2025642C206570202530E5
S21404A22832582C20636C75732030782530345820C7
S21404A23800206D666749642025303458002046435C
S21404A2482025303258207365712025303258206313
S21404A2586D642025303258207061796C6F61645BB8
S21404A268004261736963004F7665722074686520DE
S21404A27841697220426F6F746C6F6164696E67001F
S21404A2882573525820706B7420746F6F2073686F30
S21404A29872743A202564203C20256400257352589D
S21404A2A820706B74206D616C666F726D65643A20FD
S21404A2B82564203C202564002020486176652052C9
S21404A2C86F7574657220537570706F7274002020F1
S21404A2D8456E6420446576696365204F6E6C790024
S21404A2E82020456E61626C656400202044697361B1
S21404A2F8626C6564004572726F7220726574726966
S21404A3086576696E6720696E666F20666F72206C64
S21404A3186962726172792049442025640025732095
S21404A3286C69627261727925732070726573656EE2
S21404A33874005A69676265652050726F0042696ED8
S21404A34864696E6700536563757269747920436F30
S21404A3587265005365637572697479204C696E6B0F
S21404A368204B6579730043424B45203136334B31D5
S21404A3780043424B4520445341205369676E0045C9
S21404A38843430043424B4520445341205665726973
S21404A3986679005061636B65742056616C69646104
S21404A3A87465005A4C4C0043424B45203238334BB4
S21404A3B83100454343203238334B310043424B4542
S21404A3C820636F7265004E4350004D756C746920A7
S21404A3D86E6574776F726B00456E68616E6365644C
S21404A3E820426561636F6E205265710043424B4597
S21404A3F8203238334B3120445341205665726966FF
S21404A40879004D756C74692D50414E002F686F6D38
S21404A418652F72756E6E65722F776F726B2F7475F3
S21404A42879612D7A69676265652D737769746368DF
S21404A4382D776974682D6D65746572696E672F74F7
S21404A4487579612D7A69676265652D7377697463B2
S21404A458682D776974682D6D65746572696E672FE3
S21404A46873696C6162735F746F6F6C732F73696D55
S21404A478706C69636974795F73646B2F70726F7438
S21404A4886F636F6C2F7A69676265652F737461638F
S21404A4986B2F636F6E6669672F736C5F7A69676282
S21404A4A865655F636F6E66696775726174696F6EFA
S21404A4B82E63002F686F6D652F72756E6E65722F2A
S21404A4C8776F726B2F747579612D7A696762656523
S21404A4D82D7377697463682D776974682D6D657450
S21404A4E86572696E672F747579612D7A6967626516
S21404A4F8652D7377697463682D776974682D6D653F
S21404A508746572696E672F73696C6162735F746FC2
S21404A5186F6C732F73696D706C69636974795F7394
S21404A528646B2F70726F746F636F6C2F7A696762CF
S21404A53865652F737461636B2F6672616D65776FDB
S21404A548726B2F6165732D6563622E63002F686FC7
S21404A5586D652F72756E6E65722F776F726B2F74BA
S21404A5687579612D7A69676265652D737769746391
S21404A578682D776974682D6D65746572696E672FC2
S21404A588747579612D7A69676265652D7377697460
S21404A59863682D776974682D6D65746572696E676E
S21404A5A82F73696C6162735F746F6F6C732F736952
S21404A5B86D706C69636974795F73646B2F70726FFE
S21404A5C8746F636F6C2F7A69676265652F7374613D
S21404A5D8636B2F73656375726974792F7A6967621A
S21404A5E865652D73656375726974792D6D616E6121
S21404A5F86765722D6E6F2D7661756C742E630045D3
S21404A60872726F723A20204661696C656420746FB2
S21404A61820726561642066726F6D20454550524FFE
S21404A6284D2061742030782534582C207374617456
S21404A63875733A20256400454550524F4D20496E9F
S21404A648697469616C697A65643A202563004545CE
S21404A65850524F4D20427573793A20256300506155
S21404A668727469616C20576F72642053746F7261D8
S21404A678676520436F756E743A20256400416464E8
S21404A688726573733A2030782534582C20506172DA
S21404A6987469616C20576F72643A203078255800C4
S21404A6A8636F6E6669726D656400617373756D6554
S21404A6B864000A454550524F4D20496E666F004E59
S21404A6C86F7420617661696C61626C6520286F6CB2
S21404A6D864657220626F6F746C6F616465722900BA
S21404A6E850617274204465736372697074696F6E1E
S21404A6F83A20202020202020202020257300436193
S21404A708706162696C69746965733A202020202038
S21404A7182020202020202020203078253258005061
S21404A7286167652045726173652074696D652028C4
S21404A73873293A2020202020202564005061727452
S21404A7482045726173652074696D65202873293AFB
S21404A7582020202020202564005061727420457231
S21404A7686173652074696D6520286D73293A202005
S21404A77820202020256400506167652073697A6567
S21404A78820286279746573293A2020202020202006
S21404A7982020256C00506172742073697A6520281D
S21404A7A86279746573293A202020202020202020EE
S21404A7B8256C00576F72642073697A65202862795D
S21404A7C8746573293A202020202020202020256420
S21404A7D8202825702900454550524F4D20696E693A
S21404A7E8743A2030782558002F686F6D652F727577
S21404A7F86E6E65722F776F726B2F747579612D7A0A
S21404A80869676265652D7377697463682D776974FB
S21404A818682D6D65746572696E672F747579612D18
S21404A8287A69676265652D7377697463682D7769D5
S21404A83874682D6D65746572696E672F73696C61CB
S21404A84862735F746F6F6C732F73696D706C696372
S21404A8586974795F73646B2F7574696C2F706C7583
S21404A86867696E2F706C7567696E2D636F6D6D6F93
S21404A8786E2F656570726F6D2F656570726F6D2EBD
S21404A8886300556E61626C6520746F20626F6F7426
S21404A89820696D61676520617420736C6F74202568
S21404A8A86C640A00536C6F74204D616E6167657240
S21404A8B8206661696C656420746F206572617365CF
S21404A8C820736C6F740A004D617820726561642089
S21404A8D86C696D69742073657420746F2025642010
S21404A8E862797465730A0041646472657373202020
S21404A8F82020202020202020446174610A0030781B
S21404A90825346C7820202020202020307825780ACA
S21404A918004661696C656420746F20726561642002
S21404A92866726F6D20666C6173680A00536C6F7488
S21404A93820256C640A2020416464726573732020A1
S21404A9482020203A20307825346C580A20204C657C
S21404A9586E6774682020202020203A20307825341A
S21404A9686C582028256C64206279746573290A005B
S21404A97820205479706520202020202020203A208A
S21404A988004E6F2047424C2070726573656E740AD9
S21404A998005A69674265650A005468726561640A04
S21404A9A800436F6E6E6563740A00426C7565746F57
S21404A9B86F74680A00426C7565746F6F74682061FA
S21404A9C870706C69636174696F6E0A004D43550A4A
S21404A9D8004F7468657220283078256C58290A0058
S21404A9E8202056657273696F6E20202020203A2036
S21404A9F83078256C580A0020204361706162696CBF
S21404AA0869746965733A20307825346C580A0020CE
S21404AA182050726F6475637420494420203A2000DD
S21404AA28307825582000536C6F74204D616E61672A
S21404AA3865723A206661696C656420746F20696E75
S21404AA48697469616C697A6520626F6F746C6F618A
S21404AA5864657220286572726F722030782534789F
S21404AA68290A0056657273696F6E20202020203AE2
S21404AA782025640A0050617274202020202020209B
S21404AA88203A2025730A004361706162696C697410
S21404AA986965733A20307825780A00506172742004
S21404AAA873697A652020203A20256420420A0050DB
S21404AAB86167652073697A652020203A202564201A
S21404AAC8420A00576F72642073697A652020203A18
S21404AAD820256420420A00536C6F747320202020BB
S21404AAE82020203A2025640A004661696C656420A3
S21404AAF8746F20726561642066726F6D2073746F5C
S21404AB087261676520666C61736820286572726F67
S21404AB1872202564290A00496E76616C696420737C
S21404AB286C6F7420256420286D617820736C6F74AC
S21404AB38202564290A004661696C656420746F20C0
S21404AB4867657420696E666F20666F7220736C6F13
S21404AB58742025640A00536C6F74204D616E616717
S21404AB6865723A20736C6F74207772697465206610
S21404AB7861696C7572652E2041646472657373200E
S21404AB886F66667365742028256429202B207772DF
S21404AB98697465206C656E677468202825642920A6
S21404ABA867726561746572207468616E20746F7468
S21404ABB8616C20736C6F74206C656E6774682028EB
S21404ABC82564290A00536C6F74204D616E616765AD
S21404ABD872207761726E696E673A20736C6F7420A0
S21404ABE82564206C656E6774682028256429206EA1
S21404ABF86F7420616C69676E656420746F20706179
S21404AC0867652073697A6520282564292E20546888
S21404AC186520656E7469726520736C6F7420776935
S21404AC286C6C206E6F74206265206572617365644F
S21404AC382E0A00536C6F74204D616E616765723A14
S21404AC48206661696C656420746F2065726173653B
S21404AC5820256420627974657320696E20736C6F8E
S21404AC68742025642061742061646472657373209B
S21404AC78307825347820286572726F7220307825EB
S21404AC8878290A0045726173656420256420627910
S21404AC9874657320696E20736C6F742025640A00CB
S21404ACA84661696C656420746F2073657420736CE0
S21404ACB86F7420746F20626F6F7420286572726FC9
S21404ACC872203078253478290A004661696C6564F0
S21404ACD820746F20736574206C697374206F662003
S21404ACE8736C6F747320746F20626F6F742028659A
S21404ACF872726F72203078253478290A00466169A2
S21404AD086C656420746F20676574206E6577206CA4
S21404AD18697374206F6620736C6F747320746F2065
S21404AD28626F6F7420286572726F722030782534CB
S21404AD3878290A00426567696E6E696E6720696DD0
S21404AD4861676520766572696669636174696F6EA2
S21404AD582E2E2E002E6661696C65642120284572A5
S21404AD68726F72203078253478290A002E70617341
S21404AD787365642120426F6F74696E6720736C6F05
S21404AD88742025640A00666E692B00666E69006E78
S21404AD98616E00666E692D006C6962730062736585
S21404ADA86E64007265736574007261770073656E0D
S21404ADB8645F6D756C7469636173740073656E643F
S21404ADC82D7573696E672D6D756C7469636173741C
S21404ADD82D62696E64696E670074696D6573796E51
S21404ADE863006765742D7074692D726164696F2DCC
S21404ADF8636F6E66696700636F6E6669672D636363
S21404AE08612D6D6F6465006576656E747300736591
S21404AE18637572697479007A69676265655F7072CA
S21404AE28696E7400706C7567696E006E6574006B85
S21404AE38657973006F7074696F6E00706C7567005F
S21404AE486368616E67656B6579006368616E6765DC
S21404AE586B007A646F007072696E742072656C6138
S21404AE6874656420636F6D6D616E64732E0061741F
S21404AE787472005A646F2072656C6174656420632A
S21404AE886F6D6D616E64732E00726F7574650070F5
S21404AE986F776572006D676D742D6C7169006D67E8
S21404AEA86D742D62696E64006E6F64650073696DF7
S21404AEB8706C650069656565006E776B00756E6213
S21404AEC8696E64006E776B2D757064006F75742DEB
S21404AED8636C2D6C69737400696E2D636C2D6C69D4
S21404AEE87374005A646F20696E2D636C2D6C6973D5
S21404AEF8742072656C6174656420636F6D6D616E31
S21404AF0864732E005A646F206F75742D636C2D6CF1
S21404AF186973742072656C6174656420636F6D6D03
S21404AF28616E64732E005A646F206E776B2D75708D
S21404AF38642072656C6174656420636F6D6D616E00
S21404AF4864732E007363616E2D6368616E2D6D6184
S21404AF58736B007363616E006368616E50670063A9
S21404AF6868616E005A646F20756E62696E6420723A
S21404AF78656C6174656420636F6D6D616E64732EB1
S21404AF8800756E6963617374006368616E67656BE8
S21404AF9865792072656C6174656420636F6D6D6194
S21404AFA86E64732E006C696E6B004F7074696F6EF6
S21404AFB82072656C6174656420636F6D6D616E6480
S21404AFC8732E0072656769737465720064697363C7
S21404AFD800696E7374616C6C2D636F6465006269D6
S21404AFE86E64696E672D7461626C65007072696E52
S21404AFF8742D72782D6D736773006170737265743F
S21404B00872790041505320726574727920666C61B7
S21404B0186720666F72636520636F6D6D616E647317
S21404B02800456E61626C65732F44697361626C6572
S21404B03873207072696E74696E67206F6620527822
S21404B048206D657373616765732E00656E61626C47
S21404B058650042696E64696E67207461626C652077
S21404B06872656C6174656420636F6D6D616E64737C
S21404B0782E005365637572697479206B657973203D
S21404B08872656C6174656420636F6D6D616E64735C
S21404B0982E0064656C657465004E6574776F726B14
S21404B0A82072656C6174656420636F6D6D616E648F
S21404B0B8732E00666F726D0072656A6F696E2D6412
S21404B0C86966662D6465766963652D7479706500AE
S21404B0D865787470616E69640069736F70656E0074
S21404B0E862726F61642D706A6F696E006368616E60
S21404B0F867652D6368616E6E656C00696E697400B9
S21404B1086368616E67652D6B6565702D616C69761D
S21404B118652D6D6F64650074696D656F75742D6F44
S21404B1287074696F6E2D6D61736B006D756C7469E0
S21404B1382D7068792D7374617274006D756C7469FA
S21404B1482D7068792D73746F700066696E64006E6E
S21404B1586574776F726B2066696E6420636F6D6DB5
S21404B168616E64732E006A6F696E61626C65007541
S21404B1786E7573656400736C6F742D6D616E6167AC
S21404B188657200636F756E746572730066696E64C3
S21404B1982D616E642D62696E6400667261676D6502
S21404B1A86E746174696F6E0067726F7570732D7351
S21404B1B86572766572006E6574776F726B2D73743C
S21404B1C8656572696E67006F74612D626F6F746C63
S21404B1D86F6164006F74612D636C69656E74006FCB
S21404B1E874612D73746F726167652D636F6D6D6F0F
S21404B1F86E006F74612D73746F726167652D656573
S21404B20870726F6D0069646C652D736C656570008B
S21404B2187570646174652D74632D6C696E6B2D6B23
S21404B2286579007570646174652D74632D6C696E38
S21404B2386B2D6B65792072656C6174656420636F29
S21404B2486D6D616E64730074696D6572006E6F77F8
S21404B25800436F6D6D616E647320746F20636F6E48
S21404B26874726F6C2069646C696E672F736C65659D
S21404B27870696E67206F66207468652064657669F1
S21404B288636500666F7263652D6177616B6500613F
S21404B29877616B652D7768656E2D6E6F742D6A6F92
S21404B2A8696E6564007265706F7274696E67207281
S21404B2B8656C6174656420636F6D6D616E64732E6E
S21404B2C800636C6561722D6C6173742D7265706FA2
S21404B2D872742D74696D6500746573742D74696D64
S21404B2E8696E67006F74612D73746F726167652D7C
S21404B2F8656570726F6D2072656C61746564206331
S21404B3086F6D6D616E64732E0077697065006F7477
S21404B318612D73746F726167652D636F6D6D6F6EE3
S21404B3282072656C6174656420636F6D6D616E640C
S21404B33873007072696E74496D616765730072652F
S21404B3486C6F61640073746F726167652D696E66ED
S21404B3586F00646174612D7072696E74006F746135
S21404B3682D636C69656E742072656C6174656420FF
S21404B378636F6D6D616E64732E00766572696679A7
S21404B38800626C6F636B2D74657374007061676517
S21404B3982D7265717565737400757067726164657E
S21404B3A82D726571756573740064697361626C6582
S21404B3B82D646F776E67726164657300656E61628B
S21404B3C86C652D646F776E677261646573006F745D
S21404B3D8612D626F6F746C6F61642072656C617442
S21404B3E8656420636F6D6D616E6473006E65747753
S21404B3F86F726B2D7374656572696E672072656CFF
S21404B4086174656420636F6D6D616E64732E00707D
S21404B41872652D636F6E666967757265642D6B65F4
S21404B428792D736574006D61736B2072656C617435
S21404B438656420636F6D6D616E642E007375627447
S21404B448726163740067726F7570732D73657276B4
S21404B45865722072656C6174656420636F6D6D61D6
S21404B4686E64732E00667261676D656E74617469C6
S21404B4786F6E2072656C6174656420636F6D6D61B0
S21404B4886E64732E007365742D72782D77696E64F6
S21404B4986F772D73697A6500617274696669636982
S21404B4A8616C2D626C6F636B2D64726F70004669F5
S21404B4B86E6420616E642062696E642072656C61D5
S21404B4C874656420636F6D6D616E64732E00696EB7
S21404B4D869746961746F7200656E61626C655F7425
S21404B4E879706500737461636B00617070007A63C9
S21404B4F86C006C65676163795F61665F6465627535
S21404B5086700636F756E746572732072656C617418
S21404B518656420636F6D6D616E64732E0070726966
S21404B5286E742D636F756E7465722D74797065000C
S21404B53873696D706C652D7072696E7400707269CB
S21404B5486E742D7468726573686F6C6473007365C3
S21404B558742D7468726573686F6C640072657365BD
S21404B568742D7468726573686F6C64730073656EA3
S21404B578642D726571756573740073656375726995
S21404B58874792072656C6174656420636F6D6D618F
S21404B5986E6473007365742D616C6C6F772D7472AA
S21404B5A87573742D63656E7465722D72656A6F693A
S21404B5B86E2D7573696E672D77656C6C2D6B6E6F63
S21404B5C8776E2D6B6579007365742D616C6C6F7777
S21404B5D82D74727573742D63656E7465722D726539
S21404B5E86A6F696E2D7573696E672D77656C6C2D39
S21404B5F86B6E6F776E2D6B65792D74696D656F75D7
S21404B60874007365742D6B65792D72657175657331
S21404B618742D706F6C696379006D66672D746F6B33
S21404B628656E00617073005365637572697479207A
S21404B6386170732072656C6174656420636F6D6DE8
S21404B648616E64732E004765742F736574204D46C7
S21404B6584720746F6B656E2E00656E64706F696E36
S21404B668742072656C6174656420636F6D6D616EB9
S21404B67864732E00656570726F6D207574696C69E5
S21404B68874792072656C6174656420636F6D6D618E
S21404B6986E647300536C6F74204D616E61676572D7
S21404B6A82072656C6174656420636F6D6D616E6489
S21404B6B87300626F6F742D736C6F740065726173B8
S21404B6C8652D736C6F74006578742D666C61736889
S21404B6D82D696E666F00736C6F74732D696E666F72
S21404B6E8005072696E74732074696D652E0050720A
S21404B6F8696E7473206174747269627574652E0059
S21404B708436C6561727320746865205A444F206CD4
S21404B718697374206F6620636C69656E7420286983
S21404B7286E2920636C7573746572732E00416464A5
S21404B7387320636C75737465727320746F207468F1
S21404B74865206B6E6F776E20636C69656E7420284F
S21404B758696E2920636C757374657273206F6E2026
S21404B76874686973206465766963652E00436C653E
S21404B77861727320746865205A444F206C69737428
S21404B788206F6620636C69656E7420286F7574294B
S21404B79820636C7573746572732E00416464732039
S21404B7A8636C75737465727320746F20746865208F
S21404B7B86B6E6F776E20636C69656E7420286F7580
S21404B7C8742920636C757374657273206F6E2074A5
S21404B7D8686973206465766963652E0053656E64CC
S21404B7E87320616E20757064617465206368616E89
S21404B7F86E656C20726571756573742E0063686176
S21404B8086E6E656C1F0053656E647320616E2075DA
S21404B8187064617465206368616E6E656C2070611F
S21404B8286765207265712E20546865207374616399
S21404B8386B2073656E6473206E776B20656E686123
S21404B8486E63656420757064617465207265712022
S21404B858666F72206E6F6E2D7A65726F20706167E0
S21404B868652E006368616E6E656C1F706167651F80
S21404B87800506572666F726D7320616E20656E6522
S21404B888726779207363616E2E00746172676574DB
S21404B8984E6F646549641F7363616E4475726174A0
S21404B8A8696F6E1F7363616E436F756E741F004213
S21404B8B8726F6164636173747320746865204944A5
S21404B8C8206F6620746865206E6577206E657477C9
S21404B8D86F726B206D616E6167657220616E64209D
S21404B8E8616374697665206368616E6E656C732E31
S21404B8F8006E776B4D676549641F6368616E6E6595
S21404B9086C4D61736B1F00506572666F726D7320A1
S21404B918616E20656E65726779207363616E206F49
S21404B9286E20676976656E206368616E6E656C2046
S21404B9386D61736B2E007461726765744E6F64650F
S21404B94849641F7363616E4475726174696F6E1F10
S21404B9587363616E436F756E741F6368616E6E659C
S21404B9686C4D61736B1F0053656E64732061206EA3
S21404B9786574776F726B2061646472657373207282
S21404B98865717565737420666F72207468652067C0
S21404B9986976656E20494545452061646472657319
S21404B9A8732E00696565651F005265717565737445
S21404B9B87320616E20494545452061646472657349
S21404B9C873206261736564206F6E206120676976F0
S21404B9D8656E206E6F64652049442E006E6F64653C
S21404B9E849641F0053656E647320612073696D7023
S21404B9F86C652064657363726970746F722072650F
S21404BA08717565737420666F722074686520736830
S21404BA186F7274206164647265737320616E642047
S21404BA28656E64706F696E742073706563696669A1
S21404BA3865642E00646573741F7461726765744563
S21404BA486E64706F696E741F0053656E647320614C
S21404BA58206D6174636844657363726970746F7289
S21404BA68735265717565737420746F2074686520E5
S21404BA78676976656E2064657374696E6174696F48
S21404BA886E20776974682074686520676976656EC1
S21404BA982070726F66696C652E006E6F6465496403
S21404BAA81F70726F66696C651F0053656E64732039
S21404BAB861206E6F64652064657363726970746F61
S21404BAC872207265717565737420746F20612067BF
S21404BAD86976656E20746172676574206465766934
S21404BAE863652E007461726765741F0053656E641F
S21404BAF8732061205A444F2042696E6420636F6D38
S21404BB086D616E6420746F20612064657669636570
S21404BB182073706563696669656420696E20746855
S21404BB286520636F6D6D616E6420617267756D65FF
S21404BB386E74732E0044657374696E6174696F6EEF
S21404BB481F536F7572636520656E64706F696E74D3
S21404BB581F44657374696E6174696F6E20656E64DC
S21404BB68706F696E741F636C757374657249441FCD
S21404BB7872656D6F746545554936341F646573740C
S21404BB8845554936341F0053656E647320616E202C
S21404BB9861637469766520656E64706F696E742077
S21404BBA87265717565737420746F20746865206493
S21404BBB865766963652077697468207468652067A4
S21404BBC86976656E2073686F72742049442E005334
S21404BBD8656E647320616E20756E62696E64207289
S21404BBE865717565737420666F72206120756E6959
S21404BBF8636173742062696E64696E6720746F206B
S21404BC087468652074617267657420646576696310
S21404BC18652E007461726765741F736F7572636549
S21404BC282065756936341F736F7572636520656E93
S21404BC3864706F696E741F636C75737465724944B7
S21404BC481F64657374696E6174696F6E4555493609
S21404BC58341F64657374696E6174696F6E20656EEB
S21404BC6864706F696E741F0053656E647320616E2A
S21404BC7820756E62696E64207265717565737420CA
S21404BC88666F722061206D756C74696361737420C5
S21404BC9862696E64696E6720746F207468652074C0
S21404BCA86172676574206465766963652E007461DD
S21404BCB8726765741F736F75726365206575693678
S21404BCC8341F736F7572636520656E64706F696E72
S21404BCD8741F636C757374657249441F67726F7555
S21404BCE870416464726573731F0053656E647320D1
S21404BCF861205A444F204D616E6167656D656E74A8
S21404BD08204C6561766520636F6D6D616E64207482
S21404BD186F2074686520746172676574206465763C
S21404BD286963652E007461726765741F72656D6F4A
S21404BD3876654368696C6472656E1F72656A6F69B6
S21404BD486E1F0053656E64732061205A444F204D5D
S21404BD58474D542D42696E64202842696E64696EA4
S21404BD6867205461626C6529205265717565737421
S21404BD7820746F2074686520746172676574206423
S21404BD8865766963652E007461726765741F7374DB
S21404BD98617274496E6465781F0053656E64732017
S21404BDA861205A444F204D474D542D4C5149202864
S21404BDB84C5149205461626C652920526571756539
S21404BDC8737420746F207468652074617267657470
S21404BDD8206465766963652E0053656E6473206116
S21404BDE8205A444F20506F776572204465736372F7
S21404BDF86970746F72205265717565737420746FF8
S21404BE082074686520746172676574206465766951
S21404BE1863652E0053656E64732061205A444F2070
S21404BE28726F757465207265717565737420636FB7
S21404BE386D6D616E6420746F207468652074617219
S21404BE486765742E007461726765741F696E64652D
S21404BE58781F00696E6465781F65756936341F69CE
S21404BE686E7374616C6C436F64651F00696E6465F9
S21404BE78781F65756936341F6B65791F005443202F
S21404BE886C696E6B206B6579207265717565737461
S21404BE9820706F6C6963791F417070206C696E6BD3
S21404BEA8206B6579207265717565737420706F6C84
S21404BEB86963791F00426F6F6C3A20616C6C6F7708
S21404BEC82074727573742063656E74657220726567
S21404BED86A6F696E207573696E672077656C6C2D5A
S21404BEE86B6E6F776E206B65791F0070726F66696C
S21404BEF86C6549641F636C757374657249641F00C6
S21404BF0874617267657449641F00456E61626C6586
S21404BF1873207072696E74696E67206F6620527833
S21404BF28206D657373616765732E0053657473209B
S21404BF387468652062696E64696E67207461626CF1
S21404BF486500696E6465781F636C75737465721F23
S21404BF586C6F63616C45701F72656D6F74654570B0
S21404BF681F65756936341F00436C656172732074E7
S21404BF7868652062696E64696E67207461626C65C0
S21404BF882E005072696E7473207468652062696E38
S21404BF9864696E67207461626C6520746F207468C7
S21404BFA86520636F6D6D616E64206C696E652E0026
S21404BFB8436C6561727320616C6C2073656375727B
S21404BFC8697479206B6579732E0044656C657465AD
S21404BFD82074686520737065636966696564206C97
S21404BFE8696E6B206B657920696E6465782E0050DF
S21404BFF872696E747320616C6C20736563757269FC
S21404C0087479206B6579732E005465726D696E6158
S21404C01874657320746865206D756C74692D504852
S21404C0285920696E74657266616365005573656444
S21404C03820746F207374617274206D756C74692D26
S21404C04850485920696E74657266616365206F741A
S21404C058686572207468616E206E617469766520FE
S21404C068616E6420666F726D20746865206E6574F0
S21404C078776F726B2E2054686520737461636B2027
S21404C088757365732073616D652050616E4964200D
S21404C0986173206E617469766520726164696F20C5
S21404C0A86E6574776F726B2E00706167651F6368C0
S21404C0B8616E6E656C1F706F7765721F6F7074693A
S21404C0C86F6E734D61736B20284269742030203D6F
S21404C0D820526F757465727320616C6C6F77656433
S21404C0E82C204269742031203D2042726F616463BB
S21404C0F861737420616C6C6F776564291F004174E2
S21404C10874656D70747320746F206368616E6765F8
S21404C11820746865206368696C642074696D656F4B
S21404C1287574206F7074696F6E206D61736B2074FC
S21404C1386F2066696C746572206F757420756E64FA
S21404C1486573697261626C652076616C75657320C7
S21404C15828652E672E206E6F206D6F7265207468B2
S21404C168616E20332064617973292E0074696D65C5
S21404C1786F7574206F7074696F6E206D61736B1FB2
S21404C18800537769746368657320626574776565B8
S21404C1986E20646966666572656E74206B65657084
S21404C1A820616C697665206D6F646573207375709D
S21404C1B8706F72746564206279206120726F75747A
S21404C1C865722E004B65657020616C697665206D16
S21404C1D86F64651F005072696E74732074686520F6
S21404C1E863757272656E74204E6F64652049442CBC
S21404C1F82045554936342C20616E642050616E20E3
S21404C20849442E00496E697469616C697A657320BD
S21404C21861206E6574776F726B3B2074686973204F
S21404C22869732061207465737420636F6D6D616E25
S21404C23864207573656420666F722074632D737743
S21404C24861702D6F75742074657374696E672E003B
S21404C2585365747320746865206E6574776F726BA3
S21404C26820696E6465782075736564206279206138
S21404C2786C6C2066757475726520434C4920636F30
S21404C2886D6D616E64732E20204265666F7265203C
S21404C298657865637574696E67206120434C492028
S21404C2A8636F6D6D616E642C2074686520667261B8
S21404C2B86D65776F726B207377697463686573202E
S21404C2C8746F2074686973206E6574776F726B2E4A
S21404C2D8202041667465722074686520636F6D6DEE
S21404C2E8616E642066696E6973686573206578652F
S21404C2F8637574696E672C20746865206672616D50
S21404C30865776F726B2073776974636865732062E8
S21404C31861636B20746F2074686520707265766933
S21404C3286F7573206E6574776F726B2E2020546851
S21404C3386520434C492075736573207468652073BB
S21404C348616D65206E6574776F726B20696E6465BF
S21404C3587820756E74696C207468652064657669DF
S21404C368636520726573657473206F722069742020
S21404C3786973206368616E676564207468726F7594
S21404C3886768207468697320636F6D6D616E642EC8
S21404C39800417474656D70747320746F20636861EB
S21404C3A86E676520646576696365206F76657220B6
S21404C3B8746F206120646966666572656E742063AE
S21404C3C868616E6E656C20676976656E20696E2096
S21404C3D8746865206368616E6E656C206172677543
S21404C3E86D656E742E00546865206368616E6E65AC
S21404C3F86C20746F206368616E676520746F1F0015
S21404C40866696E64556E7573656450616E4964003A
S21404C41866696E644A6F696E61626C654E657477A8
S21404C4286F726B005065726D697473206A6F696EFB
S21404C438696E67206F6E20746865206E6574776F02
S21404C448726B20666F72206120676976656E206E4F
S21404C458756D626572206F66207365636F6E6473AC
S21404C46820414E442062726F616463617374732062
S21404C47861205A444F204D676D74205065726D696B
S21404C48874204A6F696E696E672072657175657384
S21404C4987420746F20616C6C20726F757465727387
S21404C4A82E00412073696E676C6520627974652076
S21404C4B8696E6469636174696E6720686F77206C57
S21404C4C86F6E672074686520646576696365207393
S21404C4D8686F756C642068617665207065726D692E
S21404C4E874206A6F696E696E67207475726E656407
S21404C4F8206F6E20666F722E20412076616C7565FB
S21404C508206F662030786666207475726E73206FA6
S21404C5186E207065726D6974206A6F696E20696E24
S21404C528646566696E6974656C792E1F0043686570
S21404C538636B73206E6574776F726B20706A6F69AD
S21404C5486E207374617475732E00577269746573FC
S21404C5582074686520657874656E64656420706107
S21404C5686E20494420666F72207468652064657678
S21404C5786963652E0065787470616E69641F00527D
S21404C588656A6F696E7320616E206578697374696D
S21404C5986E67206E6574776F726B20696E206120F3
S21404C5A8736563757265206F7220696E736563754B
S21404C5B87265206D616E6E65722077697468206195
S21404C5C820646966666572656E7420646576696358
S21404C5D86520747970652E00426F6F6C65616E20F5
S21404C5E86E6574776F726B206B6579206176616906
S21404C5F86C6162696C6974791F4368616E6E656CF8
S21404C608206D61736B1F416E20656E756D65726172
S21404C61874696F6E20696E6469636174696E6720F5
S21404C6287468652064657669636520747970652026
S21404C638746F2072656A6F696E2061732E5468651C
S21404C64820737461636B206F6E6C79206163636515
S21404C65870747320534C5F5A49474245455F454EAC
S21404C668445F44455649434520616E6420534C5FF5
S21404C6785A49474245455F534C454550595F454ED0
S21404C688445F4445564943452E1F0052654A6F6920
S21404C6986E732061206E6574776F726B2E00426F1E
S21404C6A86F6C65616E206E6574776F726B206B6550
S21404C6B87920617661696C6162696C6974791F4373
S21404C6C868616E6E656C206D61736B1F004C6561E6
S21404C6D87665732061206E6574776F726B2E0054CE
S21404C6E875726E73207065726D6974206A6F696EF0
S21404C6F8696E67206F6E20666F72207468652061A5
S21404C7086D6F756E74206F662074696D6520696E2A
S21404C718646963617465642E00412073696E676C8E
S21404C72865206279746520696E6469636174696EEC
S21404C7386720686F77206C6F6E672074686520645E
S21404C74865766963652073686F756C6420686176BE
S21404C75865207065726D6974206A6F696E696E67A4
S21404C768207475726E206F6E20666F722E204120BC
S21404C77876616C7565206F662030786666207475F9
S21404C788726E73207065726D6974206A6F696E20A4
S21404C798696E646566696E6974656C792E1F004AED
S21404C7A86F696E732061206E6574776F726B206F85
S21404C7B86E206120676976656E206368616E6E65B3
S21404C7C86C2C2077697468206120676976656E200A
S21404C7D8545820506F77657220616E642050414E1D
S21404C7E82049442E00546865206368616E6E656C43
S21404C7F8206F6E20776869636820746F206A6F6993
S21404C8086E20746865206E6574776F726B1F4F6E42
S21404C818652D62797465207369676E656420766130
S21404C8286C756520696E6469636174696E672074E3
S21404C838686520545820506F776572207468617450
S21404C8482074686520726164696F2073686F756CFC
S21404C858642062652073657420746F1F54686520AD
S21404C86850414E204944206F6E20776869636820DB
S21404C878746F206A6F696E20746865206E657477B5
S21404C8886F726B1F00466F726D732061206E65743D
S21404C898776F726B206F6E206120676976656E20ED
S21404C8A86368616E6E656C2C2077697468206120F5
S21404C8B8676976656E20545820506F7765722061D4
S21404C8C86E642050414E2049442E00546865206307
S21404C8D868616E6E656C206F6E2077686963682081
S21404C8E8746F20666F726D20746865206E65747741
S21404C8F86F726B1F4F6E652D627974652073696756
S21404C9086E65642076616C756520696E646963611A
S21404C91874696E672074686520545820506F77656C
S21404C9287220746861742074686520726164696F23
S21404C9382073686F756C6420626520736574207450
S21404C9486F1F5468652050414E204944206F6E205E
S21404C958776869636820746F20666F726D207468E0
S21404C96865206E6574776F726B1F00546869732050
S21404C978696E6974696174657320612054434C4B0D
S21404C988207570646174652070726F63656475726F
S21404C998652E00537065636966792074686520613E
S21404C9A86D6F756E74206F662074696D6520746F7C
S21404C9B82077616974206166746572206F6E6520DD
S21404C9C854434C4B20757064617465206F706572AF
S21404C9D86174696F6E20636F6D706C65746573201F
S21404C9E86265666F726520626567696E6E696E67F2
S21404C9F82061206E65772054434C4B207570646123
S21404CA087465206F7065726174696F6E2E00546861
S21404CA186520616D6F756E74206F662074696D6528
S21404CA28206265747765656E2073756273657175C3
S21404CA38656E742074727573742063656E7465729B
S21404CA48206C696E6B206B657920757064617465FB
S21404CA587320696E206D696C6C697365636F6E64A8
S21404CA68731F00536574206F7220636C65617220AF
S21404CA7873746179206177616B65207768656E20C9
S21404CA886E6F74206A6F696E656400536574206FF0
S21404CA987220636C65617220666F726365206177C5
S21404CAA8616B6500446973706C61792074686520ED
S21404CAB8736C6565702073746174757300464F52A1
S21404CAC82054455354494E4720505552504F5345C9
S21404CAD853202D206761746865722074696D696EC9
S21404CAE867206D65747269637320666F7220726559
S21404CAF8706F7274696E67207461626C65206F70FB
S21404CB0865726174696F6E732E00436C6561727327
S21404CB1820746865206C617374207265706F727413
S21404CB282074696D65206F66206174747269627515
S21404CB387465732E00416464732061206E657720E3
S21404CB48656E74727920746F2074686520726570D7
S21404CB586F7274207461626C652E00546865206C6C
S21404CB686F63616C20656E64706F696E742066729C
S21404CB786F6D2077686963682074686520617474CB
S21404CB88726962757465206973207265706F727451
S21404CB9865641F54686520636C75737465722077C2
S21404CBA86865726520746865206174747269627554
S21404CBB87465206973206C6F63617465641F5468B8
S21404CBC865204944206F6620746865206174747211
S21404CBD86962757465206265696E67207265706F30
S21404CBE8727465641F3020666F7220636C69656EA4
S21404CBF8742D7369646520617474726962757465EA
S21404CC0873206F72203120666F72207365727665A2
S21404CC18722D7369646520617474726962757465CB
S21404CC28731F546865206D696E696D756D2072652D
S21404CC38706F7274696E6720696E74657276616C5B
S21404CC482C206D6561737572656420696E20736542
S21404CC58636F6E64732E1F546865206D6178696D02
S21404CC68756D207265706F7274696E6720696E746C
S21404CC78657276616C2C206D6561737572656420C7
S21404CC88696E207365636F6E64732E1F546865201F
S21404CC986D696E696D756D206368616E676520746D
S21404CCA86F2074686520617474726962757465208F
S21404CCB8746861742077696C6C20726573756C741B
S21404CCC820696E2061207265706F727420626569CF
S21404CCD86E672073656E742E1F0052656D6F7665D9
S21404CCE87320616E20656E7472792066726F6D208B
S21404CCF8746865207265706F7274207461626C65FE
S21404CD082E0054686520696E646578206F66207402
S21404CD186865207265706F727420746F206265206F
S21404CD2872656D6F7665641F00436C656172732067
S21404CD38616C6C20656E74726965732066726F6DBB
S21404CD4820746865207265706F7274207461626CF2
S21404CD58652E005072696E74732074686520726557
S21404CD68706F7274207461626C652E005769706502
S21404CD787320616C6C206461746120696E20746829
S21404CD88652073746F726167652064657669636588
S21404CD982E005072696E74732061726269747261CF
S21404CDA87279206279746573206F662074686520CA
S21404CDB84F544120696D616765206F6E20646973FE
S21404CDC86B2E0054686520696E646578206F66204B
S21404CDD874686520696D61676520746F2070726970
S21404CDE86E742069747320646174611F54686520C6
S21404CDF86F666673657420696E746F207468652040
S21404CE084F544120696D61676520746861742077A2
S21404CE18696C6C206265207072696E7465641F00A4
S21404CE285072696E747320696E666F726D61746988
S21404CE386F6E2061626F7574207468652073746FF2
S21404CE4872616765206465766963652E0052656C51
S21404CE586F6164207468652073746F7261676520F7
S21404CE686465766963652E0044656C65746573202D
S21404CE7874686520696D61676520617420746865E7
S21404CE882073706563696669656420696E6465788D
S21404CE982E0054686520696E64657820617420776E
S21404CEA86869636820746F20626567696E206465C4
S21404CEB86C6574696E672074686520696D6167655A
S21404CEC81F005072696E74732074686520696D61FA
S21404CED86765732E00456E61626C6573204F544116
S21404CEE820646F776E6772616465732E0044697395
S21404CEF861626C6573204F544120646F776E677265
S21404CF08616465732E0053656E647320616E2055E4
S21404CF18706772616465456E64526571756573748D
S21404CF2820746F20616E204F5441207365727665B5
S21404CF38722E0043616E20626520757365642074E2
S21404CF486F2064796E616D6963616C6C79207475A1
S21404CF58726E206F66662073656E64696E672070ED
S21404CF68616765207265717565737473206F6E20CA
S21404CF7874686520636C69656E7420736964652CCF
S21404CF882069662074686520736572766572206405
S21404CF986F65736E277420737570706F727420745F
S21404CFA868697320666561747572652E00426F6FD2
S21404CFB86C65616E2076616C7565207475726E6931
S21404CFC86E67206F6E20283129206F72206F666680
S21404CFD8202830292074686520706167652072658A
S21404CFE8717565737420666C61671F0053656E649B
S21404CFF87320616E20696D61676520626C6F636B70
S21404D008207265717565737420666F722061206678
S21404D018696C65207468652073657276657220731A
S21404D028686F756C64206E6F7420686176652E2050
S21404D0382054657374206861726E657373206F6E0E
S21404D0486C79202874657374206361736520392E9F
S21404D058352E36202D204D697373696E6720466910
S21404D0686C6529005072696E747320696E666F72F7
S21404D0786D6174696F6E206F6E20746865206375C1
S21404D0887272656E74207374617465206F6620749A
S21404D0986865204F544120636C69656E7420646F1C
S21404D0A8776E6C6F61642E0053746F7073207468A7
S21404D0B865204F5441207374617465206D616368FC
S21404D0C8696E652E005374617274732074686520E3
S21404D0D84F544120636C69656E742073746174657B
S21404D0E8206D616368696E652E20546865207374C4
S21404D0F8617465206D616368696E6520646973632D
S21404D1086F7665727320746865204F544120736582
S21404D118727665722C207175657269657320666F00
S21404D12872206E657720696D616765732C20646F5D
S21404D138776E6C6F6164732074686520696D6167C7
S21404D148657320616E6420776169747320666F72F4
S21404D158207468652073657276657220636F6D6DDA
S21404D168616E6420746F20757067726164652E0042
S21404D1785072696E747320746865206D616E756686
S21404D188616374757265722049442C20496D616721
S21404D1986520547970652049442C20616E642056B5
S21404D1A8657273696F6E20696E666F726D617469F5
S21404D1B86F6E207468617420617265207573656487
S21404D1C8207768656E2061207175657279206E65B2
S21404D1D8787420696D6167652069732073656E7459
S21404D1E820746F2074686520736572766572206291
S21404D1F8792074686520636C69656E742E005065C2
S21404D20872666F726D73207369676E617475726582
S21404D21820766572696669636174696F6E206F6EDD
S21404D2282074686520696D61676520617420746878
S21404D238652073706563696669656420696E6465EC
S21404D248782E0054686520696E64657820617420B9
S21404D258776869636820746F20626567696E2076EC
S21404D2686572696669636174696F6E206F66207497
S21404D278686520696D6167651F00426F6F746C6F1F
S21404D2886164732074686520696D616765206174DC
S21404D29820746865207370656369666965642069C7
S21404D2A86E6465782062792063616C6C696E6720A9
S21404D2B8746865204F544120626F6F746C6F6164A4
S21404D2C82063616C6C6261636B2E00546865206928
S21404D2D86E64657820617420776869636820746F63
S21404D2E820626567696E20626F6F746C6F6164692B
S21404D2F86E672074686520696D6167651F005072E3
S21404D308696E747320696E666F2061626F75742027
S21404D31874686520696E7374616C6C656420626FEA
S21404D3286F746C6F616465722E00537562747261F3
S21404D3386374732061206368616E6E656C20667220
S21404D3486F6D2065697468657220746865207072EC
S21404D358696D617279206F72207365636F6E64619C
S21404D3687279206368616E6E656C206D61736B20DC
S21404D3786F6620746865206E6574776F726B2D739C
S21404D38874656572696E6720636F6D706F6E656E1F
S21404D398742E00546865206368616E6E656C206D33
S21404D3A861736B20746F2073756274726163742082
S21404D3B8746865206368616E6E656C2066726F6D4E
S21404D3C81F546865206368616E6E656C20746F20F0
S21404D3D8737562747261637420746865206D617312
S21404D3E86B2066726F6D1F0041646473206120634E
S21404D3F868616E6E656C20746F2065697468657202
S21404D40820746865207072696D617279206F722065
S21404D4187365636F6E64617279206368616E6E65A6
S21404D4286C206D61736B206F6620746865206E656A
S21404D43874776F726B2D7374656572696E67206393
S21404D4486F6D706F6E656E742E0054686520636821
S21404D458616E6E656C206D61736B20746F206164F9
S21404D468642061206368616E6E656C20746F1F5457
S21404D4786865206368616E6E656C20746F206164ED
S21404D4886420746F20746865206D61736B1F005385
S21404D498657473206569746865722074686520709D
S21404D4A872696D617279206F72207365636F6E643A
S21404D4B8617279206368616E6E656C206D61736B4A
S21404D4C82E00546865206368616E6E656C206D6115
S21404D4D8736B20746F20737562747261637420743E
S21404D4E86865206368616E6E656C2066726F6D1F72
S21404D4F85468652076616C756520746F207365744E
S21404D50820746865206368616E6E656C206D61734F
S21404D5186B20746F2E1F005365747320746865201F
S21404D5287072652D636F6E66696775726564206BC5
S21404D538657920736F207468617420746865206A3E
S21404D5486F696E696E6720646576696365206361D2
S21404D5586E20656E74657220746865206E657477CF
S21404D5686F726B2E0053657473207468652070722E
S21404D57865636F6E66696775726564206B65791F87
S21404D5880053746F707320746865206E6574776FC3
S21404D598726B207374656572696E672070726F6348
S21404D5A86573732E005374617274732074686520EF
S21404D5B86E6574776F726B207374656572696E67CF
S21404D5C82070726F636573732E0041206D61736BF0
S21404D5D8206F66206F7074696F6E7320666F722092
S21404D5E8696E6469636174696E67207370656369DC
S21404D5F8666963206265686176696F722077697404
S21404D60868696E20746865206E6574776F726B2D12
S21404D6187374656572696E672070726F6365737379
S21404D6282E1F00446973706C6179732074686520D2
S21404D63863757272656E7420737461747573206F83
S21404D6486620746865206E6574776F726B207374D1
S21404D658656572696E672070726F636573732E00F2
S21404D668436C65617273207468652067726F7570A1
S21404D67873207461626C65206F6E206576657279B6
S21404D68820656E64706F696E74005072696E747388
S21404D69820696E666F726D6174696F6E2061626F61
S21404D6A875742074686520636F6E74656E74732071
S21404D6B86F66207468652067726F7570732074616E
S21404D6C8626C652E004172746966696369616C6C84
S21404D6D8792064726F70732074686520626C6F6357
S21404D6E86B206E756D62657220646566696E656426
S21404D6F8206279207468652070617373656420619C
S21404D7087267756D656E74206F6E6C79206F6E63C4
S21404D718652C20616E64207468656E20616C6C6F7D
S21404D72877732069742075706F6E20612072657433
S21404D73872792E0054686520626C6F636B206E7570
S21404D7486D62657220746F206172746966696369B4
S21404D758616C6C792064726F7020746F20666F72C7
S21404D76863652061207265747279202D2073657450
S21404D77820746F203078464620746F20646973617D
S21404D788626C651F0053657473207468652072653F
S21404D79863656976652077696E646F772073697A3E
S21404D7A8652E2020427920646566696E6974696FFF
S21404D7B86E20696E2074686520536D617274204506
S21404D7C86E657267792070726F66696C6520697415
S21404D7D8206D7573742062652073657420746F20D9
S21404D7E83120627574207468697320616C6C6F7775
S21404D7F87320697420746F206265206368616E679D
S21404D80865642E00546865206D6178206E756D62B7
S21404D8186572206F662074686520626C6F636B732C
S21404D828207265636569766564206265666F7265ED
S21404D83820616E204150532061636B206973206712
S21404D848656E6572617465641F004D616B6573204F
S21404D85874686973206E6F646520737461727420CB
S21404D8686964656E74696679696E67206173206198
S21404D8782074617267657420666F722062696E64CC
S21404D888696E67207769746820616E20696E6974AA
S21404D8986961746F72206E6F64652E005468652023
S21404D8A8656E64706F696E74206F6E20776869633E
S21404D8B86820746F20626567696E20746865204600
S21404D8C8696E64696E6720616E642042696E646975
S21404D8D86E67207461726765742070726F6365730F
S21404D8E8731F004D616B65732074686973206E6FCF
S21404D8F864652073746172742074686520696E693F
S21404D908746961746F722070617274206F66207413
S21404D91868652066696E64696E6720616E64206255
S21404D928696E64696E672070726F636573732E0020
S21404D93854686520656E64706F696E74206F6E2017
S21404D948776869636820746F20626567696E2074F7
S21404D95868652046696E64696E6720616E64204255
S21404D968696E64696E6720696E69746961746F723A
S21404D9782070726F636573731F00456E61626C6511
S21404D9882F64697361626C652064656275672060DC
S21404D9986C656761637920617070206672616D6575
S21404D9A8776F726B20646562756760207072696E43
S21404D9B87420747970652E00456E61626C652F64F8
S21404D9C8697361626C651F00456E61626C652F64DD
S21404D9D8697361626C6520646562756720607A6342
S21404D9E86C60207072696E7420747970652E0045B8
S21404D9F86E61626C652F64697361626C6520646528
S21404DA08627567206061707060207072696E742039
S21404DA18747970652E00456E61626C652F6469734F
S21404DA2861626C652064656275672060636F726501
S21404DA3860207072696E7420747970652E00456E65
S21404DA4861626C652F64697361626C6520646562E3
S21404DA5875672060737461636B60207072696E7496
S21404DA6820747970652E0053656E64732061207285
S21404DA7865717565737420666F72204F5441206310
S21404DA886F756E746572732E0052657365747320B1
S21404DA98616C6C207468726573686F6C6473207646
S21404DAA8616C75657320746F203078464646462E3A
S21404DAB800536574732061207468726573686F6CAC
S21404DAC8642076616C756520666F722061207061CB
S21404DAD872746963756C61722074797065206F66F8
S21404DAE820636F756E7465722E0054797065206FA6
S21404DAF86620636F756E7465721F54687265736802
S21404DB086F6C642056616C75651F005072696E747C
S21404DB187320746865207468726573686F6C6473C0
S21404DB28206F6620616C6C2074686520636F756E60
S21404DB38746572732E00436C6561727320616C6C35
S21404DB4820636F756E7465722076616C7565732EC6
S21404DB58005072696E747320616C6C20636F756E06
S21404DB687465722076616C7565732E005072696EE2
S21404DB787473207468652076616C7565206F6620FA
S21404DB887468697320706172746963756C61722055
S21404DB98636F756E7465722E0054686520636F75BE
S21404DBA86E746572207479706520746F207072695B
S21404DBB86E741F005072696E747320616C6C2063F7
S21404DBC86F756E7465722076616C75657320616E08
S21404DBD86420636C65617273207468656D2E0053E7
S21404DBE86574204D464720746F6B656E2C20434140
S21404DBF84E4E4F5420424520554E534554204259C4
S21404DC0820434C492E005072696E74204D464720B6
S21404DC18746F6B656E2E005072696E74206163743F
S21404DC28697665206576656E74732E00446973613B
S21404DC38626C652074686520656E64706F696E74BE
S21404DC4820666F72205A434C206D6573736167654E
S21404DC58732E00456E64706F696E7420696E646511
S21404DC68781F00456E61626C65732074686520656C
S21404DC786E64706F696E7420666F72205A434C2007
S21404DC886D657373616765732E005072696E7420D0
S21404DC98737461747573206F6620656E64706F693B
S21404DCA86E74732E0053686F7773207468652076D5
S21404DCB8657273696F6E206F662074686520736F6B
S21404DCC86674776172652E005365742074686520DF
S21404DCD8636F6E66696775726564203830322E31F4
S21404DCE8352E3420434341206D6F646520696E20C9
S21404DCF874686520726164696F2E205365652064B4
S21404DD086F63756D656E746174696F6E207265678E
S21404DD18617264696E67205241494C5F49454545BE
S21404DD283830323135345F4363614D6F64655F74F0
S21404DD382E0041205241494C5F494545453830320A
S21404DD483135345F4363614D6F64655F7420766173
S21404DD586C75651F0052657475726E73205054494D
S21404DD6820726164696F20636F6E66696720696EE6
S21404DD78666F726D6174696F6E20746F2064657463
S21404DD8865726D696E6520746865205048592074FC
S21404DD98797065206265696E6720757365642062AC
S21404DDA879205241494C2E2072657475726E20761D
S21404DDB8616C756520697320656E756D20524149DE
S21404DDC84C5F494545453830323135345F507469BF
S21404DDD8526164696F436F6E6669675F7420652E67
S21404DDE86720205241494C5F494545453830323111
S21404DDF835345F5054495F524144494F5F434F4E50
S21404DE084649475F32503447485A203D20307830D8
S21404DE183055205241494C5F4945454538303231E2
S21404DE2835345F5054495F524144494F5F434F4E1F
S21404DE384649475F32503447485A5F414E5444492E
S21404DE4856203D203078303155205241494C5F49A0
S21404DE584545453830323135345F5054495F524170
S21404DE6844494F5F434F4E4649475F32503447480C
S21404DE785A5F434F4558203D20307830325520525B
S21404DE8841494C5F494545453830323135345F5051
S21404DE9854495F524144494F5F434F4E4649475F92
S21404DEA832503447485A5F414E544449565F434FAC
S21404DEB84558203D2030783033550053656E6473DA
S21404DEC820612072656164206174747220666F72C2
S21404DED8207468652074696D65206F6620746865AB
S21404DEE82064657669636520737065636966696529
S21404DEF8642E2049742073657473206120666C61EF
S21404DF086720736F207768656E2069742067657468
S21404DF18732074686520726573706F6E7365206904
S21404DF287420777269746573207468652074696DE3
S21404DF386520746F20697473206F776E2074696D1A
S21404DF486520617474722E0049641F737263456E8B
S21404DF5864706F696E741F64657374456E64706F5D
S21404DF68696E741F005768656E2073656E64696E03
S21404DF7867207573696E6720612062696E64696ECE
S21404DF88672C2073706563696669657320776865AE
S21404DF98746865722061206D756C74696361737446
S21404DFA82062696E64696E672073686F756C642096
S21404DFB8626520757365642E007573654D756C749B
S21404DFC8696361737442696E64696E671F0053659A
S21404DFD86E64732061207072652D6275666665725C
S21404DFE86564206D756C746963617374206D6573FC
S21404DFF87361676520746F206120676976656E2093
S21404E00867726F75702049442066726F6D206120B0
S21404E018676976656E20656E64706F696E742E0027
S21404E02867726F757049641F7372632D656E6470CA
S21404E0386F696E741F00437265617465732061208E
S21404E0486D657373616765206279207370656369AB
S21404E0586679696E672074686520726177206279CC
S21404E0687465732E20557365207468652073656E11
S21404E0786420636F6D6D616E6420746F2073656EC3
S21404E0886420746865206D657373616765206F6EB8
S21404E098636520697420686173206265656E206311
S21404E0A87265617465642E2045783A20726177201B
S21404E0B8307830303046207B3030203041203030C5
S21404E0C82031312032322033332034342035357D24
S21404E0D82073656E64732061206D6573736167656C
S21404E0E820746F20636C757374657220313520282C
S21404E0F830783030304629206F66206C656E677439
S21404E10868203820776869636820696E636C75646C
S21404E118657320746865205A434C20686561646595
S21404E128722E00436C757374657249641F44617477
S21404E138611F0052657365747320746865206E6F7A
S21404E14864652E005772697465732061206D657363
S21404E158736167652E00456E64706F696E741F433D
S21404E1686C75737465722049441F417474726962CD
S21404E1787574652049441F4D61736B1F446174614F
S21404E18820747970651F4461746120627974651F10
S21404E1980052656164732061206D657373616765F9
S21404E1A82E00456E64706F696E741F436C757374C5
S21404E1B865722049441F41747472696275746520D7
S21404E1C849441F3120696620736572766572206437
S21404E1D86972656374696F6E2C20302069662063E3
S21404E1E86C69656E7420646972656374696F6E1F02
S21404E1F80053656E64732061206D6573736167658B
S21404E2082E0044657374696E6174696F6E1F536F6C
S21404E2187572636520656E64706F696E741F4465F5
S21404E2287374696E6174696F6E20656E64706F6965
S21404E2386E741F00536F7572636520656E64706F25
S21404E248696E741F004C6973747320776869636811
S21404E258206F7074696F6E616C206C69627261728B
S21404E268696573206F662074686520737461636BD0
S21404E2782061726520696D706C656D656E74656481
S21404E288206F6E2074686973206465766963652EEA
S21404E298005072696E747320696E666F726D61746D
S21404E2A8696F6E2061626F757420746865206E6588
S21404E2B874776F726B2073746174652C20636C7545
S21404E2C873746572732C20616E6420656E64706F57
S21404E2D8696E74732E006F66667365741F005072D9
S21404E2E8696E747320696E666F726D6174696F6E99
S21404E2F820666F7220616C6C20617661696C61625D
S21404E3086C6520736C6F74732E0052656164732099
S21404E31872617720646174612066726F6D20666C22
S21404E3286173682073746F726167652E0041646454
S21404E3387265737320746F20726561641F4E756D01
S21404E348626572206F6620627974657320746F2024
S21404E358726561641F005072696E747320666C611E
S21404E36873682073746F7261676520696E666F726E
S21404E3786D6174696F6E2E004572617365732074DF
S21404E38868652073706563696669656420736C6F75
S21404E398742049442E0053746F7261676520736C49
S21404E3A86F74206E756D6265721F00426F6F7473AA
S21404E3B82074686520696D61676520696E207468D5
S21404E3C8652073706563696669656420736C6F7429
S21404E3D82049442E00434C4920696E7374616E6369
S21404E3E865206578616D706C650064756D6D795F20
S21404E3F8696E7374005A434C20636F6D6D616E6466
S21404E4087300626173696300676C6F62616C006DA8
S21404E41866672D636F6465007573652D6E6578741D
S21404E4282D73657175656E636500782D6465666120
S21404E438756C742D7265737000746573742D7265CB
S21404E44873706F6E73652D6F6E00746573742D72BA
S21404E4586573706F6E73652D6F6666005A434C203D
S21404E468626173696320636C757374657220636F85
S21404E4786D6D616E6473007274666400436F6D6DCF
S21404E488616E6420746861742072657365747320A1
S21404E498616C6C2061747472696275746520766147
S21404E4A86C75657320746F20666163746F72792067
S21404E4B864656661756C742E005241494C006C6F35
S21404E4C87765722D6D61632D7261696C2D383032F3
S21404E4D82E31352E342E63006C69627261696C2E97
S21404E4E86100756E636C61696D6564006275666665
S21404E4F865722D6D616E6167656D656E742E630059
S21404E5086576656E742D71756575652E63007A6912
S21404E518676265652D75707065722D6D61632E630F
S21404E528006E65696768626F722E63006173736F45
S21404E53863696174696F6E2E630031383231730013
S21404E54831343232310031323100327300313232F2
S21404E558313132003132323131003238310038311B
S21404E56831003138323131003132313131323132E1
S21404E5783232317300313232003132313132323193
S21404E58800313131310032323800726F7574652DBE
S21404E5987461626C652E63006D61632D6D756C74B1
S21404E5A8692D6E6574776F726B2E63006C65676190
S21404E5B863792D7061636B65742D62756666657222
S21404E5C82E630000B80B6400860B5F00540B5500DE
S21404E5D8220B4600F00A3700BE0A2A008C0A1E00E0
S21404E5E85A0A1400280A0C00C40906006009030025
S21404E5F89808000058AA0000258503000F85030024
S21404E60800000000D56F0000178503007B85030013
S21404E61800000000B78503004B8703002F8603001D
S21404E62835860300A585030031860300E1850300CB
S21404E638000002000000000000000000BA04000009
S21404E64800000000000002000000000000000000B7
S21404E658BA040000000000000001020305000000E0
S21404E6680000000000C201000005000000100000C1
S21404E678000000000000000001000002030301007F
S21404E6880600000000150000282B00000000000DFE
S21404E69800000000000000002D2A0300000000000F
S21404E6A813B779FAC925DDB7ADF3CFE0F1B614B8D8
S21404E6B80102000000000000FFFFFFFF0100000049
S21404E6C80100000000000000000000000000000038
S21404E6D80000000000000000000000000000000029
S21404E6E80000000000000000000000000000000019
S21404E6F8073F03009DA1030099A1030077A1030027
S21404E70845A10300D5A10300A7A1030047A1030060
S21404E7182C000000020202030000000000000000B3
S21404E7286480005068800050000201000009007FE1
S21404E7386CE704000100000F4CE70400000000002A
S21404E74800000000E1FE59FF8FFFADFFC1FFD0FFB8
S21404E758DCFFE4FFEBFFF2FFF6FFFAFFFDFF000025
S21404E768030005005500EDFEFF0064001E000000CF
S21404E7787F001B0DD063FDFF3600B7034DDAFFFF9D
S21404E7881C005901EC3600001100BD00C83B00000F
S21404E7980B0071001435000007004900352C0000F2
S21404E7A8050037000526000003001400FF140000C7
S21404E7B8519C0400F64F0400F64F0400F64F04007C
S21404E7C8F64F0400F64F0400F64F0400F64F040014
S21404E7D8F64F0400F64F0400F64F0400F64F040004
S21404E7E8F64F0400F64F0400F64F0400F64F0400F4
S21404E7F8F64F0400F64F0400F64F0400F64F0400E4
S21404E808F64F0400F64F0400F64F0400F64F0400D3
S21404E818F64F0400F64F0400F64F0400F64F0400C3
S21404E82804500400F64F040019500400F64F040080
S21404E838F64F04003E500400F64F0400F64F04005A
S21404E848F64F0400F64F040066500400F64F040022
S21404E858F64F0400F64F0400F64F04007E500400FA
S21404E868F64F04009C500400010304010101090347
S21404E8780B0000000B00000002000000000020202F
S21404E88800000000030000008C8C3C000000000020
S21404E89800000000000000001E0000000A0000003F
S21404E8A81A0000000000005812000000A0E8040047
S21404E8B8554E4B00474F200042544C00474F3200F9
S21404E8C8474F3300474F3400474F3500474F36000D
S21404E8D8474F3700474F3800474F3900474F4100E6
S21404E8E8474F4200474F4300474F4400474F4500B1
S21404E8F8474F46004A4D5000424452005550520075
S21404E90842544D004D534D0046544C00554E4B0052
S21404E918474F200042544C004241440046544C00A1
S21404E928465243004F54410044534C004241500061
S21404E93855504700544D450046415500545A460024
S21404E948554E4B0050494E00454D3400554E4B002D
S21404E95848562000554E4B00455850004C574D001D
S21404E968554E4B005242540044534C00454D340017
S21404E978554E4B0041535400554E4B0056465900CD
S21404E988494E4800554E4B004C434B0058544C00D7
S21404E9984F424600554E4B00485244004D454D00E4
S21404E9A8425553005553470044424700444D4100DE
S21404E9B856435400554E4B005550200052502000E4
S21404E9C8415030004150310041502000445020004E
S21404E9D844454300B8E80400BCE8040014E904000D
S21404E9E848E9040054E904005CE9040068E9040002
S21404E9F878E9040080E904008CE904009CE9040032
S21404EA08BCE90400554E4B004649420042544C00AB
S21404EA18455854005057520057444700205357004F
S21404EA28435253004653480042414400464C54005F
S21404EA3842524F00010401030306010501050109BA
S21404EA480600060B0000070B050B0000000000007C
S21404EA58000000000400E40C020001041001000099
S21404EA680005000200000300F8EC0400F4EC0400BF
S21404EA78E0EC0400DCEC0400D8EC0400D4EC04005D
S21404EA88C2EC0400B2EC040098EC040090EC040019
S21404EA9886EC040084EC04006CEC040069EC0400C6
S21404EAA861EC040050EC040040EC04002EEC040076
S21404EAB814EC04000CEC040000EC0400FCEB04006A
S21404EAC8F8EB0400EAEB0400DFEB0400C6EB0400F2
S21404EAD8ADEB040051EB040050EB040040EB0400DB
S21404EAE818EB04000DEB04000CEB0400F8EA040031
S21404EAF80000000000000000000000000000000005
S21404EB08000000000F0000000000000000000000E5
S21404EB1800000000000000000000000000000000E4
S21404EB2800000000000000000000000000000000D4
S21404EB3800000000000000000100000000000000C3
S21404EB4800000000000000000F00000000000000A5
S21404EB5800000000000000000000000000000000A4
S21404EB680000000000000000000000000000000094
S21404EB780000000000000000000000000000000084
S21404EB880000000000000000000000000000000074
S21404EB980000000000000000000000000000000064
S21404EBA80000000000000000000000000000000054
S21404EBB80000000000000000000000000000000044
S21404EBC80000000000000000000000000000000034
S21404EBD80000000000000000000000000000000024
S21404EBE80000000000000000000000000000000014
S21404EBF80000000000000000FFFFFFFFFFFFFFFF0C
S21404EC08FFFF0000000000000000000000000000F5
S21404EC1800000000000000000000000000000000E3
S21404EC2800000000000000000000000000000000D3
S21404EC3800000000000000000000000000000000C3
S21404EC4800000000000000000000000000000000B3
S21404EC58000000000000000000FFFFFFFFFFFFFFAA
S21404EC68FF9C0000FF0000000000000000000000F9
S21404EC780000000000000000800000000000FFFF05
S21404EC88FFFFFFFFFFFFFFFF00000000FFFF00007D
S21404EC980000000000000000000000000000000063
S21404ECA800000000000000000000FFFFFF00000056
S21404ECB80000000000000000000000000000000043
S21404ECC80000000000000000000000000000000033
S21404ECD80000000000000000000000000000000023
S21404ECE80000000000000000000000000000000013
S21404ECF8FC030101010101010101010101010101F6
S21404ED0801000000000000010020060000000601C3
S21404ED180100002002041104040211101A080A0251
S21404ED281801081110111A080A04020D0B19195CA7
S21404ED380110280B01140000000000000000000069
S21404ED4800000000000101010101010001010101A8
S21404ED580101010000010101000100010100000099
S21404ED680000000000000000000000000001000091
S21404ED7800000000000000000000000001FF010081
S21404ED8823E1010075E4010063E2010063E5010084
S21404ED9862E1010079EB010064EE010024E1010060
S21404EDA825E1010026E1010027E1010028E1010030
S21404EDB829E101002AE101000000010080000100A9
S21404EDC80001010080010100000201008002010028
S21404EDD820E201000003010000050100800501008F
S21404EDE8000601002C8901008006010000070100C6
S21404EDF801E5010002E501000008010080080100A1
S21404EE080040010086321010FFFFFFFFFFFFFFFFE0
S21404EE18775904007D59040083590400895904006D
S21404EE288F5904005A6967426565416C6C69616E5E
S21404EE38636530394E574B205374656572696E673F
S21404EE48000095969595950507090D0000000000A5
S21404EE5800010203040600002B700400C6830400A5
S21404EE68E0830400F78304000A8404001A84040078
S21404EE782E84040040840400508404006C84040037
S21404EE88818404000208010D0D010101120100002D
S21404EE98FFFFFFFFFFFFFFFF000000000000000069
S21404EEA80109050100020000000000031EF1EE0B34
S21404EEB8C8EE040010910400519C0400FE000000F3
S21404EEC82C91040028F00400000000003691040089
S21404EED818F00400000000004391040008F0040041
S21404EEE80000000050910400F8EF04000000000041
S21404EEF86E910400E4EF040000000000669104002C
S21404EF08D0EF0400000000006D910400BCEF04007C
S21404EF18000000007B910400ACEF04000000000031
S21404EF28ED8F040098EF04000000000074910400BC
S21404EF3888EF0400000000008091040074EF0400C9
S21404EF4800000000A857040064EF04000000000056
S21404EF580000000000000000000000003BB70300AB
S21404EF6891910400CE910400010100FF9D2B01003D
S21404EF78F79104003C920400010100010107FF0018
S21404EF88592B010089920400F4920400010100FF41
S21404EF98992A0100159304002E9304000001010029
S21404EFA8FF0000004DB7030053930400AB9304001E
S21404EFB80101FF0035B70300C29304001994040046
S21404EFC801010207FF0000002FB70300C2930400E4
S21404EFD81994040001010207FF00000029B7030082
S21404EFE8C29304001994040001010207FF000000FC
S21404EFF84D2A01003A94040079940400010101FFA3
S21404F008ED29010098940400DD940400010000FF33
S21404F018A929010098940400DD940400010000FF67
S21404F028312A0100049504000A93040000FF000036
S21404F03823B703005995040004C10400FF00000028
S21404F0481DB70300CC95040004C10400FF000000AB
S21404F058892901003B960400B096040000FF0000CE
S21404F06861290100C89604002A97040000FF0000DE
S21404F0780FB703003B9704008197040002FF0000C3
S21404F088292901008A970400FE97040001FF00005E
S21404F098779804005A980400699804007598040040
S21404F0A8869804009C980400B2980400BC9804004F
S21404F0B8C698040000000000CA9B04001100000063
S21404F0C8D69B040012000000DE9B04001300000018
S21404F0D8E69B040021000000EE9B040022000000CA
S21404F0E8F59B040023000000FC9B0400AA00000013
S21404F0F8039C0400FF00000000000000FFFFFFFF61
S21404F108FFFFFFFF000000000000000000000108E9
S21404F1180109020A030B040C050D060E070F081056
S21404F12801180119021A031B041C051D061E071FD5
S21404F138082001210222032304240525062607277E
S21404F14808280129022A032B042C052D062E072F2E
S21404F15808300131023203380239043A08E004E17F
S21404F16804E204E802E902EA04F008F110000000E8
S21404F1780000000002050000E0F1040002000F0091
S21404F18808F2040002000F0030F2040002000F0028
S21404F19858F2040002000F0080F2040002000F0078
S21404F1A8A8F2040002000F00D0F2040002000F00C8
S21404F1B8F8F2040002000F0020F3040002000F0017
S21404F1C848F3040002000F0070F3040002000F0066
S21404F1D898F3040002000F0000000000C0F30400C7
S21404F1E803000000400000000000000019000000B2
S21404F1F8E4F3040004000F00800000000000000090
S21404F20800000000C0F304000300000040000000F3
S21404F2180000000019000000E4F3040004000F00D6
S21404F228800000000000000000000000C0F3040096
S21404F2380300000040000000000000001900000061
S21404F248E4F3040004000F0080000000000000003F
S21404F25800000000C0F304000300000040000000A3
S21404F2680000000019000000E4F3040004000F0086
S21404F278800000000000000000000000C0F3040046
S21404F2880300000040000000000000001900000011
S21404F298E4F3040004000F008000000000000000EF
S21404F2A800000000C0F30400030000004000000053
S21404F2B80000000019000000E4F3040004000F0036
S21404F2C8800000000000000000000000C0F30400F6
S21404F2D803000000400000000000000019000000C1
S21404F2E8E4F3040004000F0080000000000000009F
S21404F2F800000000C0F30400030000004000000003
S21404F3080000000019000000E4F3040004000F00E5
S21404F318800000000000000000000000C0F30400A5
S21404F3280300000040000000000000001900000070
S21404F338E4F3040004000F0080000000000000004E
S21404F34800000000C0F304000300000040000000B2
S21404F3580000000019000000E4F3040004000F0095
S21404F368800000000000000000000000C0F3040055
S21404F3780300000040000000000000001900000020
S21404F388E4F3040004000F008000000000000000FE
S21404F39800000000C0F30400030000004000000062
S21404F3A80000000019000000E4F3040004000F0045
S21404F3B8800000000000000000002001200000007B
S21404F3C808000000040042213000000058F404003D
S21404F3D800FF420030000000000000000000F008B3
S21404F3E84000000079F404000100230440000000F3
S21404F3F881F404000600300140000000000000000C
S21404F408FDFF21024000000001000000190000046E
S21404F4181900010119000204190003011900050462
S21404F4281900060119000704040041005D4601009E
S21404F43806004100BBBF0300190081004D630100AC
S21404F44819008400D96D0100008000000000000047
S21404F45806435553544F4D000000000000000000BA
S21404F468000000000000000000000000000000008B
S21404F47800FFFFFFFFFFFFFFFFFFFFFFFF00040182
S21404F4880401040104010401040104010401040143
S21404F498040104010401FFFFFFFFFFFFFFFFFFFF56
S21404F4A8FFFFFFFFFFFFFFFFFFFFFFFFFFFF000158
S21404F4B802030405060708090A0B1F1C1F1E1F1E45
S21404F4C81F1F1E1F1E1F07021F012F0037013F00A4
S21404F4D85701DF02E700FF020000000000000000FA
S21404F4E8000000000000000000000000000000000B
S21404F4F800000000000000000000000069A20400EC
S21404F508190000006FA20400FFFF000000000000BE
S21404F5183AA3040045A30400519C04004DA3040028
S21404F5285BA30400519C04006EA3040079A30400A2
S21404F53887A304008BA304009BA304003371040070
S21404F548ABA30400AFA30400BAA30400C4A3040036
S21404F558CEA30400D2A30400E0A30400F4A304008A
S21404F5680AA4040000800000000000000000000058
S21404F57800000000FFFFFFFFFF000000000000007F
S21404F588000000000000000000000040000000002A
S21404F5980100000019F50100000000000000F03F1B
S21404F5A8000000000000244000000000000059404D
S21404F5B80000000000408F40000000000088C340A0
S21404F5C800000000006AF8400000000080842E4115
S21404F5D800000000D01263410000000084D7974161
S21404F5E80000000065CDCD41AC740400E00B0500B6
S21404F5F800000000A0AD0400D00B050000000000C9
S21404F608A5AD0400C00B050000000000A6AD04006C
S21404F618B00B0500000000007B9104009C0B05005D
S21404F628000000006E910400880B0500000000002E
S21404F638ABAD0400780B050000000000B1AD040073
S21404F648680B050000000000B5AD0400580B050063
S21404F65800000000C4AD0400480B050000000000CC
S21404F668E1AD0400380B050000000000EAAD040014
S21404F678280B050000000000FFAD0400180B050069
S21404F688000000006E820400080B0500000000005D
S21404F6980FAE0400C80A05000000000006B2040005
S21404F6A8540205000000000052A1040014020500DC
S21404F6B80000000016AE0400540105000000000017
S21404F6C81FAE040058000500000000002CAE04001D
S21404F6D84CFC040000000000D8A3040024FB04002B
S21404F6E80000000033AE040024FB04000100000000
S21404F6F837AE0400E4FA0400000000003CAE040040
S21404F708A8F9040000000000E8500400A8F9040062
S21404F718010000002CAE04004CFC040000000000AD
S21404F72843AE04004CFC04000100000048AE04008C
S21404F73874F904000000000052AE040074F90400D2
S21404F748010000005AAE0400A4F7040000000000FC
S21404F758AD58040070F70400000000000000000024
S21404F768000000000000000080F704005EAE0400FD
S21404F778519C0400FE00000076AE0400FC0205005E
S21404F78800000000DBB20400EC02050000000000E4
S21404F798000000000000000000000000B4F70400A9
S21404F7A87BAE0400519C0400FE00000091AE0400E9
S21404F7B87C0405000000000097AE04006C040500F5
S21404F7C8000000009DAE04005C0405000000000074
S21404F7D8A6AE04004C04050000000000EE55040024
S21404F7E83C04050000000000F85304000404050067
S21404F7F800000000FF5C0400F003050000000000A1
S21404F808B0AE0400E003050000000000EC58040055
S21404F818D003050000000000B5AE0400C0030500D0
S21404F82800000000BCAE0400B003050000000000A1
S21404F838C1AE0400A003050000000000C5AE040025
S21404F84840F9040000000000CCAE0400E8F8040008
S21404F85800000000D4AE0400B4F804000000000061
S21404F868E0AE040080F80400000000000000000079
S21404F878000000000000000090F80400EBAE04004E
S21404F888519C0400FE000000A76B04001C0305003E
S21404F89800000000AC9804000C03050000000000FB
S21404F8A8000000000000000000000000C4F8040087
S21404F8B80CAF0400519C0400FE000000A76B040073
S21404F8C83C03050000000000AC9804002C03050067
S21404F8D80000000000000000000000000000000017
S21404F8E8F8F804002EAF0400519C0400FE00000043
S21404F8F84CAF04008C030500000000002AB4040082
S21404F9087C030500000000005BAF04006C030500E0
S21404F9180000000060AF04005C030500000000005F
S21404F92867AF04004C030500000000000000000058
S21404F938000000000000000050F904006CAF04004A
S21404F948519C0400FE000000696B040028040500AE
S21404F9580000000089AF040014040500000000003D
S21404F96800000000000000000000000084F9040005
S21404F97891AF0400519C0400FE000000ADAF0400E3
S21404F988BC04050000000000D8A30400AC0405006D
S21404F9980000000000000000000000000000000056
S21404F9A8B8F90400B2AF0400519C0400FE0000003D
S21404F9B8CBAF04006C050500000000000E680400C8
S21404F9C85C05050000000000D4AF04004C050500E3
S21404F9D800000000ADAF04009C0405000000000011
S21404F9E8D9AF04008C04050000000000E6AF04004C
S21404F9F8A4FA040000000000F4AF040070FA04003F
S21404FA080000000002B0040030FA04000000000001
S21404FA1816AE0400540105000000000000000000B3
S21404FA28000000000000000040FA04000BB00400C8
S21404FA38519C0400FE0000004FE404003C05050049
S21404FA480000000060E404002C0505000000000027
S21404FA585B7C04001C050500000000000000000094
S21404FA68000000000000000080FA040029B004002A
S21404FA78519C0400FE00000053B004008C050500E9
S21404FA8800000000609E04007C05050000000000DD
S21404FA98000000000000000000000000B4FA0400A3
S21404FAA85AB00400519C0400FE000000AD5804003F
S21404FAB8C005050000000000AC980400B005050069
S21404FAC8000000002AB404009C050500000000009D
S21404FAD8000000000000000000000000F4FA040023
S21404FAE87AB00400519C0400FE000000AD580400DF
S21404FAF8F0050500000000009AB00400E0050500C3
S21404FB0800000000AC980400D005050000000000C2
S21404FB1800000000000000000000000034FB0400A1
S21404FB28A1B00400519C0400FE000000BBB0040011
S21404FB382407050000000000649804001407050064
S21404FB4800000000EEB004000407050000000000F2
S21404FB58EE550400F4060500000000007F98040033
S21404FB68E406050000000000C0B00400D406050042
S21404FB7800000000D8B00400C40605000000000019
S21404FB88E1B00400B406050000000000E8B0040074
S21404FB98A406050000000000F4B00400740605007E
S21404FBA8000000002AB404006406050000000000F3
S21404FBB803B1040054060500000000001A7D040082
S21404FBC8440605000000000008B1040034060500D9
S21404FBD8000000001FB10400240605000000000011
S21404FBE833B10400100605000000000043B1040009
S21404FBF8000605000000000052B1040018FC0400CA
S21404FC0800000000000000000000000000000000E3
S21404FC1828FC040057B10400519C0400FE000000B0
S21404FC286EB10400940605000000000077B10400D5
S21404FC388406050000000000000000000000000024
S21404FC48000000005CFC0400519C0400519C040065
S21404FC58FE0000007EB104009402050000000000C7
S21404FC688BB10400D80005000000000094B104001D
S21404FC782400050000000000A2B10400F0FF040000
S21404FC8800000000B0B10400BCFF0400000000003F
S21404FC98BEB1040024FF040000000000CFB1040035
S21404FCA8FCFE040000000000DCB104005CFE040056
S21404FCB800000000E7B1040004FE04000000000091
S21404FCC8FAB10400DCFD0400000000005F900400A4
S21404FCD878FD0400000000000DB2040038FD04009E
S21404FCE80000000018B2040004FD04000000000030
S21404FCF800000000000000000000000014FD0400DE
S21404FD082BB20400519C0400FE0000004FB204000D
S21404FD18440705000000000055B204003407050037
S21404FD2800000000000000000000000000000000C2
S21404FD3848FD040059B20400519C0400FE0000006B
S21404FD48176D040074070500000000008BB2040059
S21404FD58640705000000000097B204005407050075
S21404FD680000000000000000000000000000000082
S21404FD7888FD0400ADB20400519C0400FE00000097
S21404FD88AD580400D807050000000000AC9804002D
S21404FD98C8070500000000003D8D0400B8070500EC
S21404FDA800000000A76B0400A4070500000000007C
S21404FDB8C9B204009407050000000000E0B204007D
S21404FDC88407050000000000000000000000000092
S21404FDD800000000ECFD0400ECB20400519C040092
S21404FDE8FE00000011B30400E80705000000000048
S21404FDF800000000000000000000000014FE0400DC
S21404FE0816B30400519C0400FE0000003AB3040034
S21404FE1838080500000000009AB004002808050009
S21404FE280000000046B3040018080500000000009F
S21404FE384DB3040008080500000000005AB3040087
S21404FE48F80705000000000000000000000000009D
S21404FE58000000006CFE040065B30400519C040016
S21404FE68FE000000D3B10400E80805000000000006
S21404FE7882B30400D808050000000000AC7404002F
S21404FE88C808050000000000DA830400B808050066
S21404FE98000000004DB10400A8080500000000009A
S21404FEA8176D0400980805000000000089B30400D4
S21404FEB8880805000000000094B3040078080500CC
S21404FEC800000000A1B30400680805000000000054
S21404FED8B1B304005808050000000000C4B30400C9
S21404FEE848080500000000000000000000000000AC
S21404FEF8000000000CFF0400D6B30400519C040064
S21404FF08FE000000AC740400F808050000000000B9
S21404FF1800000000000000000000000034FF040099
S21404FF28F4B30400519C0400FE000000176D04009E
S21404FF386809050000000000DA8304005809050073
S21404FF48000000004DB10400480905000000000048
S21404FF5817B40400380905000000000056AF040072
S21404FF687CFF040000000000000000000000000001
S21404FF78000000008CFF04002EB40400519C04000A
S21404FF88FE0000002AB4040028090500000000004A
S21404FF98A76B0400180905000000000044B4040018
S21404FFA8080905000000000000000000000000002A
S21404FFB800000000CCFF04004DB40400519C04006B
S21404FFC8FE000000AD580400880905000000000083
S21404FFD8AC98040078090500000000000000000042
S21404FFE80000000000000000000005006DB40400D6
S21404FFF8519C0400FE0000008DB40400A809050006
S21405000800000000A0B404009809050000000000E0
S2140500180000000000000000000000003400050095
S214050028B6B40400519C0400FE000000D6B40400D3
S214050038C8090500000000000E680400B809050098
S214050048000000000000000000000000000000009E
S21405005868000500519C0400519C0400FE00000041
S214050068E0B4040080000500000000000000000061
S214050078000000000000000090000500519C0400E8
S214050088519C0400FE000000ECB40400180A0500A4
S21405009800000000C9A30400080A050000000000C7
S2140500A8F2B40400F809050000000000F6B40400E0
S2140500B8E809050000000000FAB40400D8090500A0
S2140500C8000000000000000000000000000000001E
S2140500D8E80005000AB50400519C0400FE0000006F
S2140500E8AD580400980A05000000000025B5040070
S2140500F8880A05000000000038B50400780A0500DF
S21405010800000000AC980400680A0500000000001E
S21405011845B50400580A05000000000056B5040059
S214050128480A05000000000064B50400380A050002
S2140501380000000075B50400280A05000000000048
S2140501480000000000000000000000006401050033
S21405015882B50400519C0400FE0000009CB504000E
S214050168EC04050000000000CFB50400DC0405001B
S214050178000000000AB60400CC04050000000000D4
S21405018821B60400E0010500000000002BB60400B7
S214050198AC0105000000000000000000000000009B
S2140501A800000000BC0105002FB60400519C0400A1
S2140501B8FE0000004FE404000C05050000000000E2
S2140501C860E40400FC0405000000000000000000D0
S2140501D80000000000000000F00105004EB604000F
S2140501E8519C0400FE00000026680400B80A0500B5
S2140501F8000000002AB40400A80A05000000000054
S21405020800000000000000000000000024020500B1
S21405021861B60400519C0400FE000000AD580400B9
S214050228F80A05000000000053B00400E80A0500B7
S21405023800000000609E0400D80A050000000000C3
S2140502480000000000000000000000006402050031
S2140502587CB60400519C0400FE0000005AB3040056
S214050268100C050000000000176D0400000C0500C2
S21405027800000000AC740400F00B05000000000048
S214050288000000000000000000000000A4020500B1
S2140502989CB60400519C0400FE000000BAB6040093
S2140502A8600C050000000000C4B60400500C0500EC
S2140502B800000000CFB60400400C05000000000052
S2140502C87B910400300C050000000000DEB6040033
S2140502D8200C0500000000000000000000000000DB
S2140502E80000000001B70300E9B60400519C0400AD
S2140502F8FF000000FDB60300F6B60400519C040096
S214050308FF0000009D30010008B70400519C04005A
S214050318FF0000003930010035B70400FDBE0400B3
S21405032801FF00009D30010075B70400519C0400CC
S214050338FF00000039300100A3B70400FDBE040025
S21405034801FF0000D1300100E4B7040005B8040039
S21405035800FF0000D13001000EB804006BB8040099
S2140503680000FF004D31010079B8040092B804007A
S214050378010001FFB9310100B7B80400F9B8040057
S2140503880102FF004D3101000FB904003EB9040013
S21405039801000102FF000000C92E01006FB9040024
S2140503A8ABB9040007FF0000E92E0100B1B9040047
S2140503B8E4B9040001FF0000FD2E0100ECB90400B5
S2140503C83CBA04000100FF00592F010051BA040089
S2140503D8A2BA04000101FF002D2F0100B2BA0400DD
S2140503E8ECBA040001FF0000AD2F0100F4BA0400C2
S2140503F83DBB0400010000010707FF00E9310100C5
S2140504088FBB0400E4B9040001FF0000E9320100CF
S214050418D7BB04001BBC0400010700010700FF004A
S2140504285FB7030070BC0400B6BC040001070001F2
S21405043801FF000071320100F2BC04002DBD040066
S214050448010000FF413201004BBD04008FBD0400CA
S2140504580100FF0011320100A2BD04008FBD040093
S2140504680100FF00B9320100E1BD0400ECBA040042
S21405047801FF0000293301001CBE04004DBE040020
S2140504880100FF00591C0100519C04005BBE0400D6
S214050498000707FFFD1B0100519C040074BE0400FD
S2140504A8000707FF09210100519C040080BE0400CF
S2140504B807FF000009210100519C040080BE0400C6
S2140504C807FF0000B1B60300519C040085BE040072
S2140504D80000FF00E5200100519C04008F940400ED
S2140504E801FF0000AD200100519C0400BDBE0400BC
S2140504F800FF0000DD1B0100519C0400519C040010
S214050508FF000000DD1B0100519C0400519C0400FF
S214050518FF00000087B60300519C0400519C0400A8
S214050528FF00000087B60300519C0400519C040098
S214050538FF00000087B60300519C0400519C040088
S214050548FF000000AD1B0100519C0400F3BE04002B
S2140505580101FF00991B0100519C040008BF040017
S21405056801FF000083B60300519C0400519C04005B
S214050578FF000000611B010031B00400519C040017
S214050588FF000000611B010012BF0400519C040017
S214050598FF000000E11C010033BF04004ABF040049
S2140505A80001000007FF00007FB6030070BF0400C7
S2140505B8519C0400FF0000005D1A01008ABF040074
S2140505C8519C0400FF000000F9B60300B8BF0400FC
S2140505D8519C0400FF000000EBB60300D2BF0400E0
S2140505E854BE040000FF0000DD230100F7BF040029
S2140505F8519C0400FF0000003119010011C00400D9
S214050608519C0400FF000000C518010034C0040012
S214050618B1C0040000000310FF000000A119010086
S21405062806C1040074C1040001FF00007519010025
S21405063889C10400CCC1040000FF00008918010028
S214050648DDC10400519C0400FF0000007DB60300D0
S2140506580CC20400519C0400FF0000006518010048
S21405066858C2040054BE040000FF000031180100FB
S21405067899C30400EEC3040000FF00001518010026
S21405068808C40400519C0400FF000000F917010087
S21405069818C40400519C0400FF0000006DB6030052
S2140506A82CC40400AAC4040000FF0000C9170100F2
S2140506B835C50400519C0400FF000000851701009D
S2140506C852C504007DC5040007FF00004517010054
S2140506D887C50400E0C50400000500FFFD160100F7
S2140506E893C60400A6C604000002FF00D91601003A
S2140506F8D5C60400519C0400FF0000006DB6030033
S214050708E7C6040021C7040000FF00006D160100B7
S214050718A7C70400EDC70400000301FF5D16010026
S2140507288DC80400D3C80400000301FF518C0100DE
S21405073873C90400519C0400FF0000007DC3030034
S2140507489BC9040016CA040002FF00000937010009
S2140507586BCA040004C1040000FF0000D53601007A
S21405076893CA040004C1040000FF00008536010092
S214050778ACCA0400519C0400FF0000005D7E010021
S214050788C5CA0400519C0400FF000000357E010020
S21405079812CB0400519C0400FF000000C17D010037
S2140507A83DCB040063CB040000010100010102FFF4
S2140507B8997D0100E2CC04000ACD040000FF000084
S2140507C8797D010031CD0400519C0400FF0000002E
S2140507D8C17C01005BCD0400519C0400FF000000AD
S2140507E84FC2030074CD0400519C0400FF000000AE
S2140507F8917101009ACD0400CBCD04000002FF00DC
S214050808B1C0030028CE0400519C0400FF00000078
S214050818ADC0030055CE0400519C0400FF0000003F
S2140508284571010070CE04009ACE040000FF000052
S214050838056F0100CACE0400519C0400FF000000A5
S214050848815A0100DDCE0400519C0400FF0000001B
S214050858695A0100F5CE0400519C0400FF0000000B
S21405086829C003000ECF0400519C0400FF000000B9
S21405087815C003003BCF0400B5CF040000FF0000F9
S214050888116E0100F4CF0400519C0400FF0000001F
S214050898016D01006CD00400519C0400FF000000A7
S2140508A825590100B0D00400519C0400FF00000043
S2140508B809590100CDD00400519C0400FF00000032
S2140508C88159010078D10400519C0400FF000000FE
S2140508D87559010006D204004BD2040000FF00003B
S2140508E84159010082D20400D3D2040000FF00005B
S2140508F86D57010006D30400519C0400FF00000054
S214050908054C010032D304009BD304000000FF0009
S214050918054C0100F0D3040052D404000000FF0083
S214050928A54C010097D40400CAD404000002FF00B1
S21405093883BF03001FD504006DD5040007FF00001C
S214050948D94D010089D50400519C0400FF0000001C
S214050958ED4B0100ADD50400D2D5040000FF00001C
S214050968F94C01002BD60400519C0400FF0000003A
S214050978BD45010068D60400519C0400FF00000030
S2140509888545010092D60400519C0400FF0000002E
S2140509985BBE0300CDD604003CD7040000FF00006C
S2140509A8E13E01008DD704000CD8040000FF0000C6
S2140509B84DBE030052D80400A4D8040000FF00006A
S2140509C82DBE0300EBD8040038D9040000FF00004C
S2140509D823BE030082D90400C0D9040000FF000026
S2140509E81DBE0300D0D90400C0D9040000FF0000CE
S2140509F817BE0300F7D90400C0D9040000FF00009D
S214050A0811BE03001EDA0400C0D9040000FF00006A
S214050A180BBE030046DA0400C0D9040000FF000038
S214050A28E7BD03006FDA0400519C0400FF000000D0
S214050A38EDBD030091DA0400519C0400FF00000098
S214050A4889390100B9DA0400F2DA04000001FF006A
S214050A58B539010013DB0400519C0400FF000000B3
S214050A68E9BD03003EDB0400519C0400FF000000BE
S214050A787139010059DB0400519C0400FF00000091
S214050A882D39010074DB0400A1DB040000FF00001B
S214050A9815390100BCDB0400519C0400FF0000006A
S214050AA85D210100E7DB0400519C0400FF000000FF
S214050AB85D2101000EDC0400519C0400FF000000C7
S214050AC84D1601001FDC0400519C0400FF000000C1
S214050AD81916010034DC04005BDC040000FF000086
S214050AE8191601006BDC04005BDC040000FF00003F
S214050AF8B115010092DC0400519C0400FF000000BB
S214050B0865B60300ADDC0400519C0400FF00000038
S214050B180D120100D0DC04003ADD040000FF0000D9
S214050B28ED1101005DDD0400519C0400FF00000086
S214050B38D52D0100C3DE040050DF0400010000FFC8
S214050B48B92C01006DDF0400C1DF040000FF0000BA
S214050B58ED2C0100D6DF040028E004000100FF00A4
S214050B68592C01003EE004002BE104000107FF00B4
S214050B7869B603003BE10400519C0400FF00000031
S214050B88B92501004CE104005EE1040000010100FE
S214050B980007FF00B124010099E10400AAE104005A
S214050BA800010100FF000000ED2C0100F9E104003A
S214050BB80AE20400010000FF29240100F9E1040007
S214050BC83CE2040000FF0000A5BF01004DE204005A
S214050BD8519C0400FF0000004112010099E2040040
S214050BE8519C0400FF00000055E40300519C0400D6
S214050BF8519C0400FF000000C9CD0100519C04006B
S214050C08519C0400FF0000008DCD0100519C040096
S214050C18DEE2040002FF000039D50100E6E2040022
S214050C28519C0400FF000000C5D4010012E304002F
S214050C3835E304000200FF00D7E403005EE3040082
S214050C48519C0400FF000000A1D4010080E30400C5
S214050C589EE3040002FF000079D40100B3E3040014
S214050C689EE3040002FF0000010000001C5E002051
S214050C780000000000000000FFFF0000C7BD0300DD
S214050C880000000003000000FFFF01003BBE030054
S214050C980000000004000000FFFF0100C9BE0300B5
S214050CA80000000004000000FFFF00004DBF030021
S214050CB80000000006000000FFFF0000BFBF03009D
S214050CC80000000019000000FFFF010055C00300E2
S214050CD8F6B404007C7B002000000000000000003D
S214050CE800000000000000000AE404005C0D050092
S214050CF80000000010E40400B8EE04000000000040
S214050D0817E4040088F0040000000000DBB20400C5
S214050D1878F004000000000020E4040068F00400F1
S214050D280000000032E4040058F00400000000004B
S214050D3841E4040048F004000000000052E4040002
S214050D4838F0040000000000000000000000000065
S214050D58000000006C0D050064E40400519C0400C6
S214050D68FE0000007FE40400840D05000000000076
S214050D780000000000000000000000000DEB030066
S214050D8884E40400519C0400FF03010001013F04AC
S214050D980201003F040202003D040202003D040170
S214050DA8020001020003010002023D0402010002DE
S214050DB80202010002020000002020202020202038
S214050DC820202828282828202020202020202020E9
S214050DD820202020202020202088101010101010F9
S214050DE81010101010101010100404040404040445
S214050DF804040410101010101010414141414141DF
S214050E0801010101010101010101010101010101C0
S214050E1801010101101010101010424242424242D0
S214050E280202020202020202020202020202020290
S214050E380202020210101010200000000000000038
S214050E480000000000000000000000000000000090
S214050E580000000000000000000000000000000080
S214050E680000000000000000000000000000000070
S214050E780000000000000000000000000000000060
S214050E880000000000000000000000000000000050
S214050E980000000000000000000000000000000040
S214050EA80000000000000000000000000000000030
S214050EB8000000000000000000000002100000000E
S214050EC8B8620020C01400200000020800000000D8
S214050ED8FFFFFFFFFFFFFFFFFFFFFFFF000000000C
S214050EE800000000000000000000000000000000F0
S214050EF800000000200000008D0002001000000021
S214050F0805000200000000010000010100010101C2
S214050F1820C001B80000000000000000FFFFFFFF2A
S214050F28FFFFFFFFFFFFFFFFFFFFFFFFFFFFFFFFBF
S214050F38FFFFFFFFFFFFFFFFFFFFFFFF0304040898
S214050F480808080800B801B802B800B0B843050094
S214050F58030404080805000000000000000000005F
S214050F680000000000000000F8330000E003000061
S214050F78D837000014000000383E000008000000BE
S214050F88002F0000F8040000EC37000004000000FD
S214050F98343E00000300000000000000002F00009B
S214050FA8F037000001000000403E00003900000050
S214050FB8012F00000100000070B50822804B1A605A
S214050FC8804B1B68DC0302D50020088070BD0C88A2
S214050FD80019401E00787C4DA870641C0C804507D7
S214050FE86D0F052D05D8794E3668F60603D5022DFC
S214050FF80DD0032070BD9604AE401E4001D10820D2
S21405100870BD052D03D1104201D1641E0C80AA4877
S2140510184860002070BDF3B582B008886C49097829
S214051028491CC9B2814204D202990918491E097891
S21405103800E00021644A517093785B075B0F0193C3
S2140510483023019C052C28D1194232D19478E5081D
S2140510581E242C40CD0702D5250001242C43012546
S214051068A14EE6402E4072D0019FA04EE641402490
S21405107826403E434C0602D534002026264394785F
S21405108889080D40A7080C2139402943C025254065
S2140510980D4320212943967051704A490C685578A6
S2140510A8022123262E4008D0660302D52B40202B86
S2140510B801D0052082E0424B196093789B0601D43F
S2140510C8202203E09278120702D540223C4B1A608C
S2140510D83D4A92786B461A70C022854B1E680E40AC
S2140510E801D1154212D06E46377827263E40232E64
S2140510F803D1E60207D4012606E0252E03D0212EC5
S21405110804D1260302D504262D4F3E601B681940D8
S2140511182026019F002F1CD11E4027D02A4B5B781E
S2140511281A40402A13D00C221A40042A0FD02A0740
S2140511383BD40122002902D0E100CB0F5A4069466C
S2140511480978CB07DB0F1A422FD021012AD40720AE
S21405115834E0022FE2D11E4008D00029DED1CC2388
S2140511682B4003D16B461B785B0601D5032025E08B
S214051178A30311D59C4E73691B051B0D5B1C3668AE
S214051188F60205D5994E36683607B60F9B1B5B1EC5
S2140511989BB2052B04D1C1E7029B1B78052BBDD056
S2140511A806200BE08021064A1160E90702D4401C98
S2140511B803990880AB4803994860002004B0F0BD41
S2140511C8481002A8C83E0000343E0000440002A8A5
S2140511D8543E0000F2B586494978CA0705D4009AF0
S2140511E812888018401E037800E000239E4A10687F
S2140511F802249E4D2E68F60611D512695340DBB2B9
S214051208002B03D16E68D30973402340002B03D007
S214051218020204D40A20F2BDE206954E3260744AEC
S2140512281E02C0230B403343914E336093785E0706
S214051238760F022E06D16D682C4003D10020009942
S2140512480880F2BDA0250D409E08102737402F437D
S2140512583D090E0702D42E0010253543CC240C4034
S2140512681A262E400A2E04D1CC2C02D02E00FD2597
S2140512783540804EEE40F60705D4000416D5412BBA
S21405128810D1082912D17C48E84011210140214394
S2140512982020084310700D210140009808D000F062
S2140512A8A9F8F2BD0B2B01D10029ECD00720F2BD19
S2140512B800F020F8F2BD00005F2F000038B50C00DE
S2140512C86E490B781A0953399500491925881B075D
S2140512D81B0FEB1A9A1A8018FEF756FE010002D164
S2140512E8200000F007F832BDF300A3E39814406821
S2140512F8480002A8F8B50400614805683C4F3878E8
S214051308D026304202D00D21014005D008205D497F
S2140513180860EF20FEF7F6FD39782000314204D044
S2140513280909397000F066F8F2BD052129401FD075
S21405133802884D49CA60544BEC0705D5521C0280F5
S214051348690607D4514B05E043242C40422C03D1AB
S214051358521C028043600DE010224A4B1A604C4A24
S21405136809688B00DB0F1901D1628021090311601A
S214051378002101800020F2BD0A888018401E0078EA
S214051388830601D4121D0A801822024004D0088854
S21405139852088018C01E088039480068C00702D55C
S2140513A80888401C08803948486000207047344A39
S2140513B81368DB0708D51268920705D40A888018CB
S2140513C8401E007804280CD110202E4A106030489C
S2140513D8254A12689300DB0F1A01C262802212039F
S2140513E802600020088070470C4000A8080001A885
S2140513F8343E000031B581B0264900200090082209
S214051408254B1D7802230C24254202D100222349A8
S21405141803E02C40082C00D10222EC0703D50C006B
S2140514281E21614000931D4207D015490968090623
S21405143801D51B4901E00021C943019B194C2160D0
S2140514481949FF248C70009C15012543CD7008703A
S2140514581888009940188018188014485860002085
S21405146836BD00001D310000C83E0000440002A835
S214051478441002A80D0F0C0D071708504B3F000027
S214051488480002A8482002A8C1320000F73200002A
S2140514981C1002A8DE1B2501343E0000208410001F
S2140514A800FCFF01F43E0000483F0000053200003E
S2140514B8343E0000C1290000D9290000D9290000BA
S2140514C8D9290000D9290000D92900000000000004
S2140514D8000000000000000000000000D9290000F8
S2140514E8D9290000D9290000192E0000D92900009D
S2140514F85523000065230000F12300003924000069
S214051508B32400001D260000D3240000BD260000D5
S2140515181F2500005D250000D525000031280000A0
S2140515280129000027230000632B00004D2000003A
S214051538812B0000F52B0000D9290000D52C0000CA
S2140515489D2C0000D9290000D9290000212D00006E
S214051558D9290000D9290000D92900005D10000006
S2140515685310000067100000711000007B10000083
S2140515788C488068000200D4704780B580208002B9
S214051588A8490860CF2000F045FA01BDF8B5864899
S2140515980068864C802292032260854E31680905CC
S2140515A81DD5110BA023034001D0216017E002408A
S2140515B83FD180277F4A17607F4A1760084038D092
S2140515C8784D287A400705D501207C490860000231
S2140515D87B4908602878002801D0062801DB00200A
S2140515E8F2BD00F051FB716889684E6829780529AF
S2140515F807D1B905A1606E60B668CC218901704A25
S214051608116000F04AFB012E00DA0226BC20800590
S2140516188549086094208005844908606548002146
S214051628C94301647142416481490F6040210160E4
S214051638D5E7AE480160FFF79BFF0120F2BD5A4883
S2140516480168890504D5C06E0004000F022801D07C
S214051658002070470120704738B580245548046037
S21405166800F012FB05007348006800F05FF92800D3
S21405167800F013FBFFF77CFF4A48007A000705D5FC
S214051688A0004A49086000F0FEFB31BD6003974993
S2140516980860AD48046031BDFEB50500CC20800164
S2140516A893494860012693480660FFF7C8FF002857
S2140516B877D03C4C2078002873D031020195052850
S2140516C802D02A460A406CD1CC27BF01884A176043
S2140516D89E4A126853075B0F022805D1022B5ED374
S2140516E8080137490860F7BD4D01032804D1022BC8
S2140516F855D933480560F7BD042802D111404ED0A8
S214051708F7BD05284BD10198002848D0C005C10F5C
S214051718684641700198C004C10F6846017000F01C
S214051728B3FA0290606869464978002903D00668C6
S2140517388021214A11602C04A7496A461278002A96
S2140517480CD0C2680B68D21AA44B1B68234001D07C
S214051758066800E04668964200DD1600684640784A
S2140517686A461278024308D008684242B01E82428A
S21405177802DA7042886000E00026029800F08DFACA
S2140517880198800501D5964804600198054001D062
S21405179894480460002E02D009480760F7BDFFF795
S2140517A85BFFF7BD403E0000400002A8402002A8A7
S2140517B8C83E00000CC001A890E001A894D000A877
S2140517C8505201A838B58024874804600120494945
S2140517D80860864D2878052802D060008449086088
S2140517E8FFF72DFF002812D012480068000A80214E
S2140517F84140A868000EC9B2814208D2534800681D
S2140518084007400F022802D2FFF726FF31BD794868
S2140518180168C0220A4002D1C06F204001D00448A2
S214051828046031BD1C1002A808E001A808D001A86C
S21405183894D001A818C000A8F1B582B00F0080267C
S214051848B600A020384002D06B4806604CE000F091
S2140518581BFA009069480468F80202D5A068006972
S214051868029000F05FFBB102606800F069F9217824
S21405187820000022491C43788B4200D200211823F9
S2140518884B43C5180C352B78082BF3DA0C0001707A
S21405189885605648297801703E4007D0574909683B
S2140518A88968CA68F90201D403218A438260012639
S2140518B81046304003D100F0F6FB00F0B4FFF10403
S2140518C8686900F03DF93C2000F0A4F8E0B200F0A5
S2140518D8A1F8009800F0E1F930054749086048483E
S2140518E806603002024908600298FEBD401002A84C
S2140518F84C6201A894E000A810B542480068800527
S21405190801D4FE2010BDC02080033F49086000F0C2
S214051918BBF93A4909688A78D20702D589688C7866
S21405192800E00C7800F0B9F9200010BD33490968C5
S2140519388A688B78DB0704D5927818235A438A1861
S2140519480C32906070470000100002A8084001A8F5
S214051958F1B582B02D4F3C680026200F000702D14E
S214051968E00102902AE000F05EFF00F08DF9019094
S21405197880210903606800F0E3F825786D1C607817
S214051988A84200D20025E80020180C300090006810
S2140519980290802109030098406800F0D1F83D20A0
S2140519A800F038F8E8B200F035F825700098A06021
S2140519B8019800F072F902A800F09AFF144800682A
S2140519C8800407D5786901F050FC0299081802903A
S2140519D800D502960298FEBD48C001A8480002A890
S2140519E8481002A8482002A894E001A8403E000036
S2140519F8506201A814C001A8402002A8CC3E0000E9
S214051A0890E000A8400002A8401002A8D03E0000BA
S214051A18FC0302A841490968002901D54049086020
S214051A287047F3B581B03F4FB9683F4C4A004CD56F
S214051A380125090100D5212501003C4A106856688C
S214051A4822689206920E94463A68930080221340BE
S214051A5862461343802252001A4300920A0023D096
S214051A68890601D5012008E0F021014007D169461D
S214051A78097A0C220A4002D0022000F03FF82C49C9
S214051A88096809040AD53968090701D5022605E053
S214051A983968490301D5002600E003264835009A2B
S214051AA824490968890003E0009A2249C969090991
S214051AB84023194011439A00002E02D01643266685
S214051AC808352166024322662566E06D4407640FDD
S214051AD800F0C4F8A0070BD0052C09D0B868000498
S214051AE806D400F0D1F80221134A116000F0D5F8A3
S214051AF800F0BDF8002000F001F8F7BD0B490A68AC
S214051B08F0239A43000110430860C0B2704780204E
S214051B18C0020A4908607047000000004C0002A889
S214051B28884000A8440002A8284000A8683F00008E
S214051B38384101A8084001A87CD40350485000A89D
S214051B4880B5664A116001F0BBFBFFF7E0FF01BDF3
S214051B58FEB500F099F80290102061490860002348
S214051B68604803600220604908606048C068400510
S214051B78C20DD52A01D2D52204E0D12040008242E2
S214051B8800D9020010000100594C0194843C2468D1
S214051B9864011DD5574C0094251D574E36780627E3
S214051BA87E43AA530024019D2D7CE540ED070CD500
S214051BB8009D06266643AD19AD888FB2BD4200D294
S214051BC8290086B2AE4200D22800641C022CEAD34D
S214051BD889B246310904494C0C404638C005C00D43
S214051BE8204342490860C020000645490860404829
S214051BF8017D00290CD04349D52A02D98024E4055D
S214051C080C60D1246400A24202D2802424060C600B
S214051C1810213D4C21603D490B604188002900D1C3
S214051C280280029800F039F8F7BD80B5384839497A
S214051C3808603948C1680902090A192251434160F2
S214051C4805210160FFF784FF01BD33480068C0031E
S214051C5800D4704780B5FFF77BFF01BD8020C00222
S214051C681E4908602D4800684007FBD47047802049
S214051C78C0022B490860704701E02A4908602A49CE
S214051C8809680140F9D17047284800682021284A84
S214051C9811601021274A116070473021014002D192
S214051CA81020234908607047204800683021014005
S214051CB8102901D101207047002070471E4800787A
S214051CC80621014007D01D480068022803D00328CE
S214051CD801D001207047002070470000401002A878
S214051CE8F41302A8048002A8409002A87C4000507D
S214051CF8743F0000643E0000603E00000000FF01DF
S214051D08A0600050A4500050F42302A818E000E094
S214051D187F1A0601500002A810E000E0400002A85D
S214051D28402002A8282002A8280002A85C0002A8CD
S214051D385C2002A85C1002A8BC3E00006C3F0000B0
S214051D48F8B553488021490281610221514A5160FC
S214051D580021514A1160514A118003214D4A1160EC
S214051D680221016020204E49086080204D49086000
S214051D78CC2080014C49086001204C49086046483B
S214051D88806F00900F24070B274049480068C50553
S214051D98ED0D103DC0202843C0B2FFF73BFE3E4878
S214051DA8006980030AD5092F08D0FFF787FF0028A2
S214051DB802D040480068804701F0D8F800980440EB
S214051DC800943D4804680098032803D0022806D1E5
S214051DD8032F3AD000F002FA0098032803D0062FFE
S214051DE833D1062D31D0354800680104C90F01D016
S214051DF801F084FB32480068000109D5052D07D196
S214051E08012501202F4908604005FFF735FF00E04A
S214051E1800252100380000F0E3F904002A4E002DBD
S214051E2806D000F089FB01203060022027490860AB
S214051E38802080037065800925490860FFF73EFF06
S214051E48002802D0234800688047124880214902A6
S214051E58C161002F08D10221416000200E490861A2
S214051E68C020C0001C4908602000F2BD80B5FFF7F9
S214051E78F5FE1A480078800602D40220184908603C
S214051E88FFF7F5FE01BD02201649086070470000F9
S214051E982C1002A8282002A8340002A8743E0000C8
S214051EA894E001A80CC001A8506201A894E000A817
S214051EB804ED00E0E8370000B44000A800E200E0C2
S214051EC8F03E0000645000A8646000A82C4000A8F6
S214051ED880E200E0E43700002C6001A8C83E000058
S214051EE8081002A8082002A87B480068800700D4C6
S214051EF8704730B581480421904A0123E024E40060
S214051F088568254002D01360D160D3600068044018
S214051F1802D013605160536030BD89480121816045
S214051F280160704710B5012075498A680240FCD1E2
S214051F38844A0423D3600C680440FCD153601060BF
S214051F4810BD814908680122104200D1704710B5B6
S214051F58E023DB000340FF24A41CA34204D37B4BE9
S214051F681B689B0600D54868024001D000F0B6F805
S214051F7810BDFEB50700C8207549086006207549D6
S214051F880860802040037449086074480168744AEC
S214051F980A408021090111430160724CC020C00027
S214051FA820600225A56168036F4908606F4E704872
S214051FB8F0664C206F49C86638686F49896881425B
S214051FC801D2009100E000900099401A386001217E
S214051FD8380000F055FB01903868009940183860BD
S214051FE8FFF782FF6348006863490860634801682D
S214051FF8490601D5624900E0624931670199002919
S21405200808D10321E16100683068054002D08020C8
S214052018800220610198FEBDF1B55B4C8020C001A9
S21405202820605A4D0126AE62594F3E601D20286035
S21405203856206866072001F009FB0220286006215D
S214052048296654490968002902D40821296669665B
S21405205851492965C021C900504A1268F823DB0191
S214052068134001D1A96700E07961E16B314008D0DA
S214052078216BC90705D44A490968084001D101F00A
S214052088EDFA484848490860206B064001D1FFF735
S2140520982BFF009801F0C8FA206B8001FCD4206A53
S2140520A842490860F1BD30B53748414B0121026BFE
S2140520B80A4001D15961D9603E4A3F4C54663F4CA7
S2140520C8146503241C600023CE4D2B6014609162B2
S2140520D8C903016030BD00004C0002A8F0210901C3
S2140520E8374A1160014037480160202036490860A4
S2140520F8364909680840C849086070476C0102A84F
S214052108700102A880B532480821324A13680B4088
S21405211801D0016141611178C90602D586210901F8
S2140521280160FFF70EFF14202B490860BB480168BD
S214052138490701D0FF21416101BD0000681102A8C9
S2140521486C2102A8682102A8783F0000400002A872
S214052158548001A80C9001A8942002A8680102A83A
S214052168FFF1FFFF441102A8A01002A8E40002A888
S214052178294E0600300002A8A03F0000FC0302A86E
S214052188CC3F0000C43F0000100002A8E01002A8DB
S214052198442102A828C000A80C1E0000A88001A893
S2140521A8483E0000FFFF7F7FB46000A89C3F000004
S2140521B8602102A8E02002A85E060000041E0000B2
S2140521C82C6001A82C5001A8442002A8084001A8A4
S2140521D8301102A8F84F0000703F00007047000055
S2140521E8F8B586B005000C008D48866AFFF74CFDE5
S2140521F80590B00503D58B480068FFF797FB0020C8
S214052208019001227306DB0F87498F688860B8201E
S2140522184000864E30606608B82030400978F026BB
S2140522280E40402E02D10100402008430D2D02D154
S214052238390004270F43790704D5010014200843FD
S21405224810218C437A4909686D462A70049305005F
S214052258784EC80506D580204000774908602800CE
S214052268012505430498002811D10C202840082884
S2140522780DD028006A49496BCA0601D41022904336
S214052288890601D420218843B121014067D06846D4
S2140522980078002865D0B26BB06D0121012352077E
S2140522A8520F921D9340C004C00C181A80B2082815
S2140522B809D2802506205A4A106008049D4A1060EF
S2140522C800206A461070812028404DD00820049AC0
S2140522D8002A00D130623A000827174310208443A5
S2140522E8042003900005984A10604008974A106035
S2140522F89748016068460078002832D00398062873
S21405230838D39448806BC00634D593480068000EC9
S21405231801909048006880B202908F48006A0006CF
S21405232804D002988021490101430291FFF7C6FCB3
S214052338002809D089480078C00605D0029880216B
S214052348C901014389B202910298306102980012C8
S214052358306137480168C80500D57AE70AE00820DD
S21405236830620094049732E090A06906C90E405C76
S2140523780390BFE70094049703982949CB6A764AE1
S214052388126834686F463C8128241C400443980C20
S214052398C00120431C001B0E234010242340034382
S2140523A8900040221040184302AA9070086B000A55
S2140523B802A9C870FFF7A0FA02A908710198487122
S2140523C867480068C8800298F0660398F06605981E
S2140523D8FFF763FC08240098400601D55A48846030
S2140523E8FFF76CFC002805D05E480078002801D069
S2140523F85D4804600498C1B2E8B2FFF712FB00987E
S21405240807B0F0BD400102A8081A03D25749096863
S2140524184018401C70470000441002A80C4000A84D
S214052428180002A81CC000A8683F0000B46000A8F1
S2140524381C0100AA540000AA1C2100AAF8B54C4E97
S2140524480F2401254B491027706B38401BD00120F7
S21405245808704948006849490968FFF7D5FF48499B
S2140524680968401801284BDB01F0A4F945490968B5
S214052478090B0C40022C41D16905434A11604349B2
S214052488CF6335603AE0F06BC0001ED5404800685B
S214052498E0218905014033D03A4D286821030140DB
S2140524A8780281422CD1FFF7EFFB3A4A3A49096888
S2140524B8C90502D53949096811602968090B2140FB
S2140524C80229F3D0FFF7E9FBF1BD354E3068002841
S2140524D816D00D7001F0A8F8002811D101F06AF998
S2140524E828490968090B0C40022C07D12904264AF5
S2140524F811600221254A11600021316001F05EF95C
S214052508F1BD802080042749086070478020400474
S2140525182449086070478020C0042249086070472F
S214052528802000051F4908607047802040051D4922
S21405253808607047141100AA1B480168490701D0AE
S214052548FF21416170470000401002A8205001A8ED
S214052558006101A81C4000A8084001A8C43E000068
S214052568448001A8F0370000845000A838C001A8A8
S214052578100002A8773E00001CC101A820C001A8CB
S214052588E03E0000AC0002A81C1002A8082002A81D
S214052598204001A8800000AA084000A8904000A88E
S2140525A84C3E0000382002A80C4000A80301070688
S2140525B803010706050106060501060603020706C2
S2140525C8030207060502060605020606FF2807D0C3
S2140525D8032805D2A9490978C140C807C00F70471E
S2140525E800207047F0B5802000020821A44A116033
S2140525F80A230121A34A01249C400443B6A5ED5CA1
S21405260825439560F025A04E35609D4DB5A6F65C2C
S214052618022737432F6004262E609C4D2D680D40F3
S21405262806D1CD026D1E03D0966C3603FAD401E0AA
S2140526380220F0BD956CD66C6D036D0BAE4200D2CC
S21405264820005B1ED7D508238F4C23609060904BDF
S2140526581B685B0112D58F4C63785D1C01262E40DE
S21405266866701D000626754365191268AA80E880F7
S2140526782370824802789940114301700020F0BD06
S214052688F1B582B0FFF749FC00248148006840018F
S21405269802D4012001901DE07F48826B00207D4909
S2140526A8C3B206256B43CB189B8895B2AB4204D0BC
S2140526B8401CC3B2022BF3D3FF20087001200190FB
S2140526C873480068400105D50878FFF77FFF00289E
S2140526D800D001947148006871498861714D029867
S2140526E80068296D4618002E15DD00F072FD286075
S2140526F8C001301A00280EDDFFF714FC00F093F829
S21405270802980068296D401800F08EFF050002D073
S2140527180298046085E0644E802080003060604A38
S214052728106807282ED005210840052805D0116011
S2140527380C2000F08BFF050073D15C4D5C482862C1
S214052748FFF7F0FB02202860E020C0025949086020
S2140527580002594948608020800470600220306075
S214052768012000F073FF802040002862022000F058
S2140527786DFF902040012862022000F067FF802048
S214052788C00028624D4EE02040003060042000F06E
S2140527985DFF05003CD10220474908608002B0620B
S2140527A8C001B06210203C4908600127F76540263D
S2140527B84348006830401BD135480068400113D5AA
S2140527C8344800786946087068460078FFF7FEFEC4
S2140527D8002809D02F48694609780622514340182B
S2140527E8C0882D49086403E0FFF7FCFE05000FD1F5
S2140527F829480760C467022000F028FF314C266088
S214052808B0002060022000F021FF8120C002A062EF
S2140528180198002805D02A480068800101D4FFF7EA
S21405282814FA2800FEBD70B5FFF777FBFFF77AFBAD
S214052838022619480660244DF0022862C4082C6250
S214052848012000F003FF600828622E601F482862F2
S214052858E02040001B490860174D2E60FFF7FEF97B
S2140528681B4E3078002800D005200D490860FFF774
S214052878FEF92C6017480068706370BD843F000039
S214052888889001A8448001A888A001A8140002A879
S214052898F03E0000603E00000C8001A8F80302A880
S2140528A83C0102A88C3F0000941002A83C1102A81F
S2140528B8BD080000142102A8942002A82C9001A89F
S2140528C84C0002A82CA001A83C2102A8FD6800001F
S2140528D8603F0000300002A800000001010204085D
S2140528E81020200050505040404040302020200006
S2140528F8F8B50400FFF716FB2948C021C900294A80
S2140529081268F823DB01134002D1274A116000E05C
S214052918016000942549AC2252008A640A220A609E
S2140529282349802252030A60224C626A224B1340CE
S2140529388022D2001A436262802222600222426006
S2140529485003C8601D48E0601D4E4C20F0661D4DBE
S21405295868699621C901471800980068874200D318
S2140529680700C01B0099086000210098FFF788FE3D
S21405297800990968C919009A1160316829601249D1
S2140529880968490601D5114900E011492161F2BDDA
S214052998802000010F49086000010F49086070474C
S2140529A8582102A8AC8001A8581102A80C8001A8D5
S2140529B8941002A8440102A8FFF1FFFF286E06003E
S2140529C8300002A8903F0000FC0302A8CC3F000098
S2140529D8C43F0000401002A8685000A8F1B584B0AE
S2140529E8B44800680390B448006B9621C90140189E
S2140529F80499884205D2081A00F016FE002800D069
S214052A0813E2AE4C6068C00700D50EE20420AC4958
S214052A1888628003AB494862AB480568606B8607E1
S214052A28B60F032E03D01020A549886224E0084671
S214052A38802189024162A16B890601D5012062E0E1
S214052A48290610D5A26B02210A400CD19F4A0523F8
S214052A581360A36B10273B401943116000211160D2
S214052A68616B090A116004218162A06B002803D5F1
S214052A78C803934948620026606B400705D5606B16
S214052A88C00080214900084003E08B488068C107DC
S214052A9801D5FFF723FB0122154008D0B748B10139
S214052AA84018006AC004C00C401EB54908600020DE
S214052AB80021B44BDB6E1B0417D5B34B1B68002BE4
S214052AC813D40121AE4B5B69002B0ED0AF4B1A70A1
S214052AD8AF4A10601022AF4B1A60CA06AE4B9A670B
S214052AE80723AD4D2B60AB4B5A65AC4AC0239B00FC
S214052AF813603502002901D0190000E02900CC4EE4
S214052B08316053607560E16B942292050A401500A2
S214052B1800D0012580263602284300062CD06A48B0
S214052B282821405CC0210140402902D1FFF79EF9C3
S214052B3801E0FFF7A8F9202020602D0600D174E1F2
S214052B48944D606B400708D570085E4948620220B8
S214052B58686000F059FA002806D0042058498862AB
S214052B684002584948626E6057480078000600D407
S214052B785BE130015249FEE00125606828405AD1DC
S214052B88AC480068C005400F022803D0032801D0CA
S214052B98062802D169464D7005E00020694648704A
S214052BA8A548A6494860680446498862FFF756F866
S214052BB87348406EE16B0E4008D1C00606D5FFF790
S214052BC863F802219E4A1160FFF767F8FFF74FF88A
S214052BD8280320609B4EC02000067060280497498D
S214052BE80860606B4007C10F68460170302003997E
S214052BF849072CD54021A24A1162904F49013966EA
S214052C08032191640021116030607D658020706025
S214052C18062000F01BFD00280DD12802F8660220C4
S214052C2800F014FD28029749886618207060082069
S214052C3800F00CFD002800D0F7E024207060E020A6
S214052C48C0029049C865A020C00238666FE0E16BEF
S214052C58C90246D5BE4949680902090E01914909BE
S214052C68022901DB884A01E0B3229200019930293E
S214052C7837D311490B88E72B33D395277F00BB42FB
S214052C8805D8FB1A1B095A43920A534204E07F4F9C
S214052C98DB191B095A43930A5BB2019AD2180F6BC4
S214052CA8BC46CF6B7B436746FB180B639F2A0FD33F
S214052CB89F2210E0FC0302A8743F0000100002A83B
S214052CC81C2002A81C1002A8C83E0000E40000AAA2
S214052CD8202A00D821221102114312040A43294941
S214052CE80A606749AA020A629A4A8A6414220A602E
S214052CF83060524F7D65E020C0026249C865A8036A
S214052D08B86640027060062000F0A0FC002833D1A3
S214052D182D06FD66022000F099FC5A488566680966
S214052D287060082000F092FC002825D17560032005
S214052D3800F08CFC88481849886700F04AFA874DE1
S214052D48401DC001296B401801908548406F8021B9
S214052D58C901084002900846824908600198049906
S214052D6888421FD20846296B401A00F05DFC0028E9
S214052D7816D002987C49086057E000BF0C0000AAE8
S214052D88204000A8CC4001A8784201A8763E00005D
S214052D98703E0000645000A83C6000A8046100A8C6
S214052DA804980190206AE86204270398384001D001
S214052DB8402002E0F8057060C0087060012000F049
S214052DC845FCB8011D490860019800F02DFC8A4E9F
S214052DD868460078002805D161480068F06138051E
S214052DE886490860029860490860854885490860EC
S214052DF824487902416669464978002900D1076062
S214052E08206A686268460078002808D0012000F025
S214052E181DFC3078000602D5780492490860E06BF8
S214052E28C00202D54A480068286305B0F0BD00BF51
S214052E38045100A8204001A8040000FFB41002A809
S214052E487CE40350441102A810B5FEF71DFF864919
S214052E5800240C600A22CA61FEF71FFF8348C021BA
S214052E688902016082494160824810210160C905CE
S214052E7841654020804908608048047010BD000000
S214052E88400102A8B82002A833070000D6FEFFFFB7
S214052E987B48406B800300D47047F8B579480468CA
S214052EA80027002000257849E20706D5C0208002BD
S214052EB88025ED03EA0A0A6003E0A20701D4032089
S214052EC840252843C862012000F0C0FB802040004A
S214052ED86E49086708206E4908606E490968090240
S214052EE803D46D4909680140FBD0012000F0AEFB0C
S214052EF86A4EE00702D580208004306435640420D5
S214052F0800F0A4FB600702D5E020C002F060644824
S214052F183064012000F09AFB62483064C32000063E
S214052F2830645A488021490201671021B163890235
S214052F3871615D490F60012232603022F2638F624B
S214052F48802189014E4A116009010160F1BD000022
S214052F58F83F0000F3070000FFFF7F7F743F00007F
S214052F6820C001A894E001A894D001A8F8B54F4858
S214052F7800680D2707400424002F00D104274C4875
S214052F881025660308214B4A4B4B1B6823401268DD
S214052F9814D04260394004D00220FEF7AFFD4748FA
S214052FA806603C4007D04648006805434448056027
S214052FB8B008424908600220424915E002603940D7
S214052FC805D00220FEF79AFDA0023C4908603C4061
S214052FD806D03B4801680D43056070093749086007
S214052FE838480660300329490860FFF751FF002175
S214052FF80020FEF716FDF1BDC83E00001C1002A80D
S21405300803000300482102A810B580202E490A6847
S21405301802400AD02D4B1A680624144005D15C6E6A
S2140530282B4A22401B6D9C0101D5002010BD09685E
S21405303808400DD02748824203D1180501D501203E
S21405304810BD25480068C107C90F481E8041C00F36
S21405305810BD22480321C163A821816310210160A0
S214053068704700001C2002A8D80000AA402002A825
S21405307804000080646000A82C4000A8763E000086
S214053088100002A8FC0302A81C1102A8442002A8E6
S2140530984C6201A8C44001A84C4201A8082102A810
S2140530A82400000198008800600102A8B44000A822
S2140530B8E83E00001CC101A8440002A8401002A86A
S2140530C8683F0000685000A8400002A814C001A880
S2140530D81F1F0000010C000030C101A8082002A827
S2140530E86C4800680121084209D16B4A12686B4B87
S2140530F8000C1840F03291400B40984201D002204F
S214053108704700207047F8B507000F386A461080E4
S214053118604CA0680A0004D16B461B8882B29A42A6
S2140531283AD200226B461A80012502263A0013D0A9
S2140531382268324007D000292ED059480088401CFE
S2140531485749088000203900E16056490E6080B26C
S214053158B84201D369460D805348456000E030BF44
S2140531682068304003D1FFF7BBFF0028F7D04D484D
S2140531784560390010D02168314005D048490A888D
S2140531886B461B88D2180A8006600020E060A06897
S214053198B84201D244480660FFF7A2FFF2BD38B52B
S2140531A8050000F007FB0400012199204543A809FE
S2140531B83E4A12688018123880B2FFF7A4FF050049
S2140531C88020C0013A490860200000F0F7FA280078
S2140531D832BD334803883549096802889342F9D1D0
S2140531E8100408187047FEB51238070C694608809B
S2140531F800F0E0FA0190274C294D2888B8421ADADB
S21405320801202C490860274E30BF0220216801405E
S21405321806D030604003264908602888401C288068
S214053228FFF75EFF002802D12988B942ECDB0121A9
S214053238716000280DD12888B8420AD1A068694669
S2140532480988884205D2002168460088FFF75BFF93
S21405325801E0FFF745FF04008020C0011449086017
S214053268019800F0ABFA2000FEBD10B512490A68B1
S2140532780E4B1B680C689442FAD0DB014033141ACF
S21405328802D288692418641C0C4800684443181B35
S21405329810BD0000280002A804ED00E0FF3F00006E
S2140532A8743E0000282002A8281002A8300002A8AC
S2140532B880E200E02C1002A820C001A8B43F000058
S2140532C8F0B502E00A601C602E607EC84F1C07D069
S2140532D85F1C04D06F1CF5D10A601C60F0BD0A603F
S2140532E8F0BD000080B5FEF709FC01207F4908609F
S2140532F801BD80B5EB2000F001F801BD30B57C496D
S2140533080B6818401022134210D07A4B7A4C246862
S214053318224008D0A84A14682402FF252D02254015
S214053328DD6200241460802252031A60086030BDEE
S214053338F3B5010016001C00002500959F48019A64
S214053348330000270BE0BC464F5D4743AE009E5949
S2140533587E40575D47433740664637436D1CA54252
S214053368F1D3390939438A080A43510811430840F5
S214053378C10901430F208A0B0A4302405040F6BD97
S214053388F1B582B00E0000208B490860FD25AD0119
S214053398EF7AA87A01900F21394000910ED00B4696
S2140533A8874A88490298FFF7C3FF01990140824872
S2140533B80160854841438548084001D1012400E05D
S2140533C84401380915D032003B0929000298009EA9
S2140533D86D7A75194019FFF7ABFF01990911014078
S2140533E8754802680B0113430360002901D048009D
S2140533F8444377480068204001D10420FEBD0020DC
S214053408FEBD80B50A0000211180724952888018D1
S214053418FFF7B6FF02BD70B50F226F4B5C790578CE
S2140534280F202040C5402009284001259C79C44026
S2140534382C4001D1032070BD2F4C2468254005D0AB
S2140534489D684600AD5B6D1E644E3560DD78DE7999
S214053458C640F00711D5E0060FD5002D0DD06048FB
S21405346848600888488008881C7800192A4080180B
S2140534785A7880182A09801800E00020088000205D
S21405348870BD80B557480168574A0820014201D0E3
S21405349850611061C90602D5862109011160534994
S2140534A8534A126812040CD5524A1268530401D5B9
S2140534B8C00305E0C0239B0113404202934200D097
S2140534C808600D480078C022024002D180204005D9
S2140534D80860494800682022104008604748006888
S2140534E8C00101D4FFF705FF01BD00002C4000A868
S2140534F8703F00001C1002A8C83E0000F8B5404FF3
S21405350838687E6806403F4830403F490860802452
S214053518A4033E4DF00227D53D48016801200A065A
S21405352805D53C490968A9602870022014E00142BF
S21405353802D03949A9600FE00020C9060CD52849EC
S214053548A960364A91780B071B0F12789A1809094D
S2140535585118A980E880A888A880A888002801D0DE
S214053568264301E0FFF7C5FE264023D0264E7460A5
S2140535783460A88800280BD0F969814208D3291D2C
S2140535882748AA6890470100F3D0FFF7ABFEF1BDC0
S21405359801000CD0FC218902B161224902038A6127
S2140535A834604C60FA69824204D30C60F1BDEB20A6
S2140535B8FFF7A4FEF1BD0000503E00000101010121
S2140535C8F83E0000383F0000111100002184000075
S2140535D8F43E0000183F0000483F0000204000A8C1
S2140535E8531F0000F84F0000302102A8441002A817
S2140535F8384101A8204201A8084001A8CC4000A8E7
S214053608B44000A8FFFFDFFFB46000A8543E0000E2
S214053618C83E0000EC370000671F0000493F000061
S214053628D44000A8B45000A810B5C409FFF7D1FDCA
S214053638201A312806DAC000183801D4C01EFDD570
S214053648002010BD2000FFF7CEFD10BDC32148435E
S2140536586F3801D41E38FDD500207047FEB5C0204A
S214053668C0043649086036483649C86510243648C1
S21405367804601020FFF7EAFF00285ED1FF2000054A
S2140536883249086032483349086033482D4908608E
S21405369825042E480560314807680820FFF7D6FF39
S2140536A800284AD108262E4806600120FFF7CEFFD7
S2140536B82A48806802902B4806602B4821490860EE
S2140536C8224805600820FFF7C1FF002835D12448A1
S2140536D806600120FFF7BAFF204DA868019021482B
S2140536E80660184E214830600299019800F046F8A1
S2140536F80104FC208003084000900298C10B01983D
S214053708C00B00F03BF80006FC218905014000982F
S214053718014317480A0C4240FF239B1CD218104049
S214053728084330602F60E003084908602868286069
S21405373810480460104981640020FEBD20E000A8FA
S214053748F71700002C0102A8401102A8B02002A80D
S2140537580000380EB01002A810103030E04001A85E
S214053768E05001A8E06001A8303010102020202085
S2140537783F3F0000402102A8F7FFF00010B54904B6
S214053788CA104004C310991A00209A18D30F9A181D
S214053798521052188B115B0E5B18DB11D2182023BA
S2140537A8541A01D422001843CC0F611849105B0837
S2140537B8F6D110BDEFF3108072B67047002800D119
S2140537C862B6704780B5FEF779FA002802D0B74882
S2140537D80068804701BD80B5FEF7B2FAB4480068B0
S2140537E800030AD4FEF7FAFCFFF752FBFEF75BFC6C
S2140537F80120FFF729FBFFF716F880208005FEF75E
S2140538083BFA01BD80B5FEF79BFA80204002FEF71D
S21405381833FA01BDF8B5FEF721FA05209749086081
S214053828FEF725FA964806680124264201D1FEF7D2
S21405383874FBFEF785FA9F48016800919E4A406822
S2140538481060B105C80F002126420FD000919B4B8A
S2140538585D6815601D689A4A17687B1BBD4202D3CA
S2140538689769DB195B1C974FBB42F5D3964D2960C4
S214053878002804D031000098FDF7DEFF0090286880
S214053888204004D16846FEF774FB002802D100984C
S214053898FEF7C2FBA94804606004FEF7EDF9F1BD22
S2140538A838B5A74CE06BC00506D580200006206015
S2140538B800BF00BF40082060FEF724FCFEF740FA6C
S2140538C8FDF764FE05009F489F490860FFF77AFFE5
S2140538D88020C002FEF7D0F9002D01D08020206098
S2140538E801209A49087031BDF8B5FEF729FA984FB0
S2140538F82C20385C0521014002D0FEF7B7FA01E016
S214053908FEF7C1FA8E4C0225F86A284001D0012038
S21405391820601020C0438F4908600026A6638E489D
S2140539280660FEF7CBF9002803D08C480068804768
S21405393800E03E60FEF792F989480068E16B0904E5
S21405394807D4000705D5FEF79FF986490D60FEF7EB
S214053958A4F9FEF78CF9FFF794FDA804FEF78CF991
S214053968F1BD80B5FEF7ECF951480068000303D4AD
S214053978FEF799FBFEF757FF80204003FEF77CF914
S21405398801BD38B5FEF7DCF96D4C2025FFF73CFB85
S214053998002806D0206B000704D5FFF75AFBFEF76C
S2140539A8F7FF2560FEF77FFBFEF73DFF6E480078BC
S2140539B80C210140042902D1FEF758FA01E0FEF76A
S2140539C862FA6804FEF758F94020206031BD1CB538
S2140539D8FEF744F9052029490860FEF748F9FEF779
S2140539E8AFF9FFF736FBB848006800906846FEF75B
S2140539F87FFF0400FFF7E6FE002C02D10098FEF7CD
S214053A08EDFF80204004FEF737F913BDF8B5FEF73D
S214053A1897F9AE4C256A5020284002D0FEF726FABC
S214053A2801E0FEF730FA464FFFF7EEFA00281BD1FD
S214053A38786B40071DD4386BE0214901014018D141
S214053A48A80611D4FEF70AF9256AA14E354207D00D
S214053A58FF20C0432D182562802000059D49086073
S214053A68FEF705F92E4002D00120386001E0002057
S214053A78206080208004FEF7FFF8F1BD3C1102A8FF
S214053A88400002A880B5FEF75BF993480068400633
S214053A9801D5FEF708FB0120FFF7D6F9FEF7C3FEAA
S214053AA88020C004FEF7E8F801BD0000DC370000FA
S214053AB80C0002A8B83F00004C3E0000D43E0000AB
S214053AC820C001A801FF0000483E000010B52648A2
S214053AD80468FEF735F981490968090328D40321DE
S214053AE8C00601D5214001E0A0080140012902D100
S214053AF8FEF7BCF90BE0200107D50E20FFF7F2FB11
S214053B08A7480421016008210160FEF7BCF9A54C09
S214053B182069A5490860FFF755FE2068002807D0E4
S214053B284000122802D2FFF791FD01E0FFF737FBA8
S214053B3880208003FEF7A0F810BD0000402002A8EC
S214053B48100002A870012000B46000A8773E0000A7
S214053B58C43E0000442002A8503E0000E03700009E
S214053B68844000A87CE40350F03E0000F8B584B015
S214053B7801266846067000270297FEF7E1F80390C7
S214053B88564C2068000300D597E00320A849C8636B
S214053B9886480068FB25AD010F210F220240032A3F
S214053BA803D0000B014006294DD1A2480068A2495A
S214053BB88E6DE16B890701D59F49CE6DFFF755FBDD
S214053BC88619FEF77BF800280ED02879C1060BD093
S214053BD82868090D4143890B76189749096800290D
S214053BE802D10002400C3618002E01D5019700E0D8
S214053BF80196606B0107C80F03212A6B0A40022A43
S214053C081BD1039AD20618D5AA68D30513D5A66B71
S214053C188A4B1E409E4203D11021854AD1630CE08B
S214053C2892050AD4E26B2823134006D16B461F700B
S214053C38284A116001E06A461770029068460678B9
S214053C48002E03D10FE07C48406D0190FFF7DCF9A4
S214053C58002808D0FFF7FDF90298002802D0FEF7DD
S214053C6897FE00E00026022071490860002E10D055
S214053C783020285C0C210140042902D0A06BC00620
S214053C8802D5FEF7F3F801E0FEF7FDF820206060A0
S214053C9813E0FEF708FA802000060E490860684813
S214053CA86849086001A8FEF723FE0400FFF78AFDA9
S214053CB8002C02D10198FEF791FE80200004FDF73E
S214053CC8DBFF05B0F0BD0000CC3F0000D03E00008D
S214053CD800FFFF00441002A8440102A80C0002A831
S214053CE8FEB500240194FEF72BF8FFF76BFD564E3C
S214053CF8F06E564D0007000F072807D17068002894
S214053D0804D40020FFF7A0F8286841E00121032025
S214053D184F4A73685B070BD44E4B1B680B4007D09E
S214053D281368DF050BD55B0502D43368DB0503D4BA
S214053D380191916A890904E01021474B1960916A37
S214053D480909084000900020FFF77EF8009800282B
S214053D5805D17068C00602D4FEF795F801E0FEF7AF
S214053D6885F800200199002903D13C480068FFF72B
S214053D787CFA6969401801D5009400E00090684609
S214053D88FEF7F7F8002805D10098FEF745F9A86963
S214053D980549086080200005FDF76EFFF7BD0000A1
S214053DA880E200E0AC3F00004C3E0000AC0002A8F4
S214053DB8F8B5FDF7C5FF002400252948066B8027BA
S214053DC87F05300606D5300709D5FFF742F9FEF711
S214053DD8DFFD29E001251F480068284019D0002086
S214053DE8FFF732F80220064002D01E490C60C8616B
S214053DF81D480468002D03D02000FDF7A9FD040022
S214053E08FFF727F92000FEF7E9FD3800FDF734FF30
S214053E18F1BD16480078C0210140402902D1FEF7B9
S214053E2825F801E0FEF72FF820200D490860ECE795
S214053E38082002A80CC101A86C3F0000100000105D
S214053E48FFFF7F7FB46000A8400002A8BC3F0000C3
S214053E58C83E0000B44000A8441002A81CC101A82A
S214053E68100002A8180000AAD83F0000F03E00007F
S214053E7800F03CF802480349486000F052F800BFD5
S214053E88732A00000000000080B5EFF305800B28B4
S214053E9801D23A2100E02921FF221632002000F03F
S214053EA83FFAFEE710B5C20018231340FF249C40CE
S214053EB8E2438907090E9940030004D470489B0815
S214053EC89B00C01806E0AD4B0007000F08388008B1
S214053ED88000181803681A401143016010BD80B5A4
S214053EE873225421002000F01BFA01BD10B5FFF718
S214053EF861FC0121634A1160634B644A1360644A96
S214053F0813600323634C2360634C2360634B19607B
S214053F18634B19608023A44C2360D160FFF74EFCE1
S214053F2810BDFFF747FC05000024012160B2FFF726
S214053F38B9FF641C0E2CF8D301210F20FFF7B2FF3A
S214053F4801211120FFF7AEFF01211320FFF7AAFF75
S214053F5801211720FFF7A6FF03210120C043FFF71D
S214053F68A1FF01211B20FFF79DFF734873490860D1
S214053F787348C16AC1620168016002207149086018
S214053F8801208A49086047046F4C20693840FCD0F0
S214053F982068800101D4FDF748FE2800FFF70EFCCF
S214053FA8774D0AE000281BD0FDF76EFE18E020695D
S214053FB83840FCD03000FFF701FC206E0004000FE7
S214053FC8022801D1FEF73AFAFFF7F4FB0600FDF7DB
S214053FD86BFE0028A878E5D0002801D1FDF75DFE20
S214053FE801206978002909D12978002905D1704961
S214053FF80968890601D45349086030BF00216970ED
S21405400829780029D6D102214E4A116067490860E9
S214054018CDE76848016842680A40674810401B496A
S2140540280860800703D5A4480188491C01807047A5
S21405403870B56248016840680840000E0006604989
S21405404880221205104218D05E4B1C68641C1C6042
S2140540585D4C5E4D2D682D0407D5A568002D04D04A
S21405406807250D600125AC4E3560402525601B6883
S214054078012B02D910238B62CA67886770BD0000BA
S21405408800E400E0040002A80000FF3F282002A87C
S2140540982C1002A840E002A844C002A804C001A843
S2140540A8044001A8F8B5854C206B616B014000916A
S2140540B8834D0846286000988249014007D0FDF7D9
S2140540C8FDFD002803D00098944909688847802094
S2140540D8009901401CD0F821C90123680B4017D068
S2140540E8C0221201934213D880231B06EB6226686A
S2140540F80E40944F3F683F043F0F022F01D0032F11
S21405410803D1002E01D09642F1D38F490B60286063
S2140541188E48007806280DDA0098CC2189010140DA
S21405412808D0FFF747FB04000098FDF7B5FA20000E
S214054138FFF744FBF1BD0000FFFF9B0800E100E028
S214054148E04001A85C2002A84C0002A810B58048EB
S214054158016844680C407F48046080210C4205D0FD
S21405416841607D4801600020FDF796FA600403D596
S214054178802040057949086010BD00001CED00E068
S214054188763E000038B57648016844680C40E00776
S21405419807D5FFF70FFB0500FDF714FB2800FFF70B
S2140541A80DFB7048046031BD505201A85C1002A88A
S2140541B8F40302A8280002A8FFFF00C0B44000A820
S2140541C83C6000A8703E00002C4000A8384101A8B5
S2140541D8FEB5654C206C666C064001273E4216D037
S2140541E83D0662480560206861490F60002802D0D0
S2140541F80021FDF7A5FC5F480068A021C901884293
S2140542088041C043C00F5C4988705C480560FDF76F
S2140542183BFD029002210E4049D06068C2B2019269
S214054228000A009008224B4B4C03554D0020019E72
S214054238012E27D0022E38D1009E012E24D1EE78E5
S2140542480096504E2F780C2047430020F0512878CA
S214054258400590277F04C719032038434A4F38601E
S2140542681C604A480460301D2B780C246343484C70
S2140542782468009FE419C45028780C235843315005
S214054288444811E00091DCE7002E0ED1424E376017
S2140542983C4E361D2D780C277D4370515C601C609E
S2140542A8C8043E4B18603E480260314801600298D3
S2140542B8FDF7F3FCF7BD0000743E00001C4201A89C
S2140542C84C6201A80200060070B5FDF7DDFC040087
S2140542D8FFF770FA2C490A68D20717D5294A121D1E
S2140542E8304B5D7A0C2675435659294D2D681E6048
S2140542F8CE685E604968D9818021C9041B4E316045
S214054308197B69185B7A0C256B43D150FFF756FA6B
S2140543182000FDF7C2FC70BD3C5000A8D837000049
S214054328002800D0704710B50C00FDF7ADFC1E49F7
S2140543380C6001221D4B1A600B6C1340FCD1FDF76F
S214054348ACFC10BDAC0002A8785201A8403E00009F
S21405435890C001A890E001A80CC001A804ED00E0F3
S21405436890C000A890E000A800C002A8401002A8C7
S21405437840E002A8404000A8763E0000402002A87B
S2140543888D3E0000300000A860C101A894D001A8A1
S214054398200000A8F42302A860E101A880E200E056
S2140543A8F41302A8843E0000008002A8409002A8E4
S2140543B8F443050000000000D04305000100000096
S2140543C80000000000F04902000000004063598F15
S2140543D8404B4C000B000B001A00FF7F0C7C00209E
S2140543E80000000070470500000000000C400200B1
S2140543F8018014007F4000002040020000000000F5
S2140544080000000030400700000000000000000023
S214054418000000000000000000000000004000004A
S214054428A007040050400100000000005C400200A0
S2140544380000000000000000A8400100070000007A
S214054448BC4004000000000000000000000000005A
S214054458000000000441040000400000FF4C000076
S214054468FF5D0000FF4D000020C0011000F80700A2
S21405447820C00130F502080024C00110FF00000026
S21405448824C001300018000028C00700EC80B3835C
S21405449843754051A00F004830400000000000005A
S2140544A8000000002E02000050C004005111300420
S2140544B80E2D09E654060708D1B6020064C00A00A0
S2140544C80430001C403018090D647920EBFCFB010C
S2140544D87FF6E803BD4B721511A3180510325476FE
S2140544E8980A000000000000080001010407000003
S2140544F818000101000000002000010108840000E2
S2140545081C4008011000000020F9130407C05200DB
S2140545180000000000000000000000030000000086
S21405452800000000584006016402FF00410800002C
S21405453801000000B0070800A70000000000000002
S214054548804011014B01A0089BC34A74F003000084
S21405455800000000000000000101103050707F7F49
S2140545680000000000000000000000000000000039
S2140545780000000000000000000000000000000029
S2140545880000000000000000E040020133000000C3
S21405459800000000EC4001017DA8D98BF440050118
S2140545A8640483078813C83A9C200A000061200023
S2140545B8B75635120C410301F95412002030042968
S2140545C888BB40402441020100000000031000009B
S2140545D830410A016406660C0C010000E853FA002F
S2140545E800000000000000000000000000000000B9
S2140545F800000000000000000101000068410301FA
S2140546086404830788138200000000003042040112
S214054618000000000000000E00000000000000007A
S2140546284442020100000000F4811F0054420C01B8
S2140546380000000000003C0000000000000000002C
S21405464855555555170000000000000000000000ED
S214054658AAAA0600000000000000000000000000EE
S214054668108001010300000038800201114910007E
S214054678010000009C800301EB40020070780300EF
S214054688D5C00000A8800111F0010000A8800131FE
S2140546980542CB01AC800111F0010000AC80013168
S2140546A805228D00B08002010003000237000001D4
S2140546B898000202000C00044C000000A400010249
S2140546C800040000D0000202050040AA8801000088
S2140546D8E40001026C2C5111F400020200000000EF
S2140546E83D210811FC0001123F000000FC000132C4
S2140546F80054040030010102600051025401010211
S214054708C43F00006801010200040000FC4F0103D5
S21405471820470500FFFFFFFF1200000066666600DB
S21405472800000000D8470500C8470500000000003F
S214054738001A9A00005A620280841E000420F500BA
S21405474811495002000000007247050000000000ED
S2140547580000000000000000B1841E0000000000F4
S214054768000000000000000005020200000000F03E
S21405477849020614000000E0930405380000A00866
S21405478800000000580901040706100A0104070777
S214054798C80A00040807800B00040808380C00043B
S2140547A80908610800000000680800000000C7093D
S2140547B8010404032C0B01040404920C01040504EB
S2140547C8ED170000ED1700000000000000000000CF
S2140547D8193F010604100100000101060010270014
S2140547E8000900000000000000000000C5080200DF
S2140547F87508020081080200710902000FEF030020
S214054808B1F40300B5F40300B9F40300BDF40300DE
S214054818C1F4030000000000A801000048150020A8
S2140548280001030464EE01001000000024E1010005
S2140548381A00000079EB01001100000075E401007C
S2140548481100000063E511000400000023E11100D3
S2140548580400000025E101000800000026E101002B
S2140548680A00000027E10100020000000000000021
S21405487800000000EC490500DB49050000000000C3
S214054888ED49050077F504000000000071F5040001
S21405489873F504000000000075F50400B949050025
S2140548A8024A050078F5040072F5040000000000C9
S2140548B876F50400D04805006FF5040070F5040089
S2140548C874F504006EF50400000203040508090AD9
S2140548D80B0001020304051D2000B40108020200AE
S2140548E8AA00FFFFFFFFFFFFFFFFFFFF6547030067
S2140548F89D66020009960200897A03001999020046
S21405490895FD030097FD030099FD03009BFD030035
S21405491851110300C1E60200692E03002574030041
S2140549282986020091FD03004DEB0200D9640300B9
S2140549383D77020093FD03000BE40300357E020075
S214054948E1B80300000000000013000000000000A6
S21405495800000000000000000100000035EF02001E
S214054968020000000B0F0400030000008DEE020095
S21405497804000000850E0400050000002DEE020068
S21405498800000000000000000023001B2200FF00B6
S214054998000000000C090202000000001C1A0B03A8
S2140549A803FF06080402020204020A0B03030203B5
S2140549B80480FF0204FF0101010108000000000051
S2140549C80000005A6967426565416C6C69616E63EB
S2140549D865303980000018381030000000000000E7
S2140549E88F8E8C8081815A6967426565416C6C69D2
S2100549F8616E6365303906080C108000FF
S20C054A042023FB7F01000000E2
S210054A0C184A0500F0770020E9010000BC
S214054A180000000000000000FFFF00000100000085
S214054A280000000000000000000000000000000074
S214054A380000000000000000000000000000000064
S214054A480000000000000000000000000000000054
S214054A580000000000000000000000000000000044
S214054A680000000000000000000000000000000034
S214054A780000000000000000000000000000000024
S214054A880000000000000000000000000000000014
S214054A980000000000000000000000000000000004
S214054AA800000000000000000000000000000000F4
S214054AB800000000000000000000000000000000E4
S214054AC800000000000000000000000000000000D4
S214054AD800000000000000000000000000000000C4
S214054AE800000000000000000000000000000000B4
S214054AF800000000000000000000000000000000A4
S214054B080000000000000000000000000000000093
S214054B180000000000000000000000000000000083
S214054B280000000000000000000000000000000073
S214054B3800010F000000F00108000000A01000208A
S214054B480100230104000000A8100020060030011B
S214054B5801000000AC100020FFFFFFFFC0EA21019E
S214054B68C0EA21010080000000F0490250790020C3
S214054B7800600700008000004C470020C8000000C1
S214054B88FE00000000000000FCE60400B01000204F
S214054B98FFFFFFFF5CEA04003300000055350100FF
S214054BA833000000B1BD0300D0640400D4640400DB
S214054BB8E1640400EE640400FB6404000865040070
S214054BC81B6504002D6504003A6504004765040066
S214054BD854650400696504007C6504008E65040058
S214054BE8A3650400B2650400C3650400D265040025
S214054BF8E2650400EE650400FB6504000B66040028
S214054C081D6604002C6604003B6604004466040022
S214054C18596604006E66040083660400A3660400ED
S214054C28B1660400D0660400EB660400FE66040060
S214054C380B670400206704002F6704003E6704001E
S214054C4850670400626704007567040088670400F7
S214054C589E670400000000000F000000FF0000002B
S214054C680000000000000000000000000000000032
S214054C780000000000000000000000000030E70407
S214054C8800C818032B700400307004005D7004001B
S214054C9888700400B6700400E470040013710400FC
S214054CA84071040070710400A0710400F0710400DE
S214054CB8FFFFFFFF00F80300FFFFFFFF00000400EB
S214054CC800000400005C2605AC7A002006000000FB
S214054CD8780C05000000000001001900010000001E
S214054CE8D45200200100190001000000D45200200B
S214054CF80100190001000000D45200200100190027
S214054D0801000000D452002001001900010000002F
S214054D18D45200200100190001000000D4520020DA
S214054D280100190001000000D452002001001900F6
S214054D3801000000D45200200100190001000000FF
S214054D48D45200200100190001000000D4520020AA
S214054D580100190001000000D452002001001900C6
S214054D6801000000D4520020505700200000000023
S214054D7800000000F0F504001C5E0020607B0020A3
S214054D88DC600020F2E304000600000000000000D6
S214054D980000000000000000D80C0500F00C050017
S214054DA8FDE30400519C0400FE000000907B0020F3
S214054DB800000000EC60002054610020BC61002063
S214054DC800000000000000000000000000000000D1
S214054DD800000000000000000000000000000000C1
S214054DE800000000000000000000000000000000B1
S214054DF8000000000000000000000000E5ED0300CC
S214054E08E1ED0300FFFFFFFFE9ED0300FFFFFFFFEE
S214054E1841F303009DF30300FFFFFFFFFFFFFFFFBE
S214054E28FFFFFFFFFFFFFFFF2F2A0000FFFFFFFF23
S214054E380000000033F503001C480500FFFFFFFFD0
S214054E480000000020A1070000000000FD31040056
S214054E580000000000000000000000000000000040
S214054E680000000000000000000000000000000030
S214054E78A4660020915C020021760200519C04007D
S214054E880000000000000000000000000000000010
S214054E98A46600202963020000000000519C040057
S214054EA800000000000000000000000000000000F0
S214054EB8A46600206D6D020021760200519C040050
S214054EC800000000000000000000000000000000D0
S214054ED8EAE40400A4660020C57A02000000000083
S214054EE8519C0400000000000000000000000000BF
S214054EF800000000A4660020498F0200000000009C
S214054F08519C04000000000000000000000000009E
S214054F1800000000A4660020B99402000000000006
S214054F28519C04000000000000000000000000007E
S214054F3800000000A4660020B5A9020000000000D5
S214054F48519C04000000000000000000000000005E
S214054F5800000000B80B0000A466002025AF02007C
S214054F6800000000519C040000000000000000003E
S214054F780000000000000000A466002085BA0200B4
S214054F8800000000519C040000000000000000001E
S214054F980000000000000000A466002049BC0200CE
S214054FA800000000519C04000000000000000000FE
S214054FB80000000000000000A46600208D04040020
S214054FC800000000519C04000000000000000000DE
S214054FD80000000000000000A466002071C2020060
S214054FE800000000519C04000000000000000000BE
S214054FF80000000000000000A4660020E1C80200CA
S21405500800000000519C040000000000000000009D
S2140550180000000000000000A46600200F11040030
S21405502800000000519C040000000000000000007D
S2140550380000000000000000A4660020192E0300EA
S21405504800000000519C040000000000000000005D
S2140550580000000000000000A46600208946030042
S21405506800000000519C040000000000000000003D
S2140550780000000000000000171A0400A4660020BF
S2140550889574030021760200519C04000000000078
S214055098000000000000000000000000A4660020D4
S2140550A8597B030000000000519C04000000000026
S2140550B8000000000000000000000000FFFFD00709
S2140550C8B80B00000000FFFF10004D01A700FFFF0A
S2140550D8CEFAEFBEFFFFFDFFFDFF0C002C01001EFC
S2140550E82C01400680001027FFFF04F8FFFF0C0080
S2140550F80000000000004000FDFF2C019C00000099
S214055108FFFFFDFFFFFFFFFF60EA8000800010C17C
S214055118CDAB010A0F312E322E392D316634383291
S214055128393835340132020101FFFFFFFFFFFFFF63
S214055138FFFFFFFFFFFFFFFFFFFFFFFFFFFFFFFF6D
S214055148FFFFFFFFFFFFFFFFFF01FF05FFFFFF0153
S21405515801FFFF0201FFFF640250FF0F010208036B
S2140551681E0605021601010A0C0520070510100182
S2140551780F080410010601010104FF0301FF0CFFD7
S2140551880F7F7F0150403000FFFFFF0B03FF050B25
S2140551980101FF03010305020201FFFFFFFFFFFFF1
S2140551A8FFFF010102FFFFFF40FF0101056D00003B
S2080551B8DD6C0000A0
S80400BB9DA3
