S01B00006275696C642F72656C656173652F7A69676265652E73333714
S21400400008100020F9980000D9E2000031300300C3
S21400401031300300E1E20000E9E200003130030045
S21400402031300300313003003130030031300300FB
S214004030EDE20000F07A0400313003003130030076
S214004040313003003130030031300300119400009A
S21400405031300300313003003130030031300300CB
S2140040603130030031300300EDE70000B9230300D0
S21400407031300300313003003130030031300300AB
S214004080313003003130030031300300313003009B
S214004090313003003130030031300300313003008B
S2140040A031300300C19C0000A59C000031300300A5
S2140040B0313003003130030031300300D53B0200BD
S2140040C06D8C0300698C030039330200838C030077
S2140040D0718C0300953B0200758C0300C91F02001B
S2140040E0153C02003130030031300300313003004C
S2140040F0313003003130030031300300313003002B
S214004100313003003130030031300300313003001A
S214004110313003003130030031300300313003000A
S21400412031300300313003003130030031300300FA
S2080041303130030022
S214004134F0B5114A114C124E00F00105E3695F0711
S21400414413D40DB9334213D103EA00078F4207D1C3
S2140041540B4A1A40002A14BF6FF001000020F0BD7D
S214004164013AEBD16FF00200F9E74FF0FF30F6E7C3
S2140041746FF00100F3E700BF80969800000003503C
S214004184020001000B4B70B5D96911F480310DD1D2
S21400419401244FF48072084E084DF46020462C64C7
S2140041A41A61FFF7C5FF3464EC6070BD6FF0010060
S2140041B4FBE700BF0000035000100350002003502C
S2140041C438B541F6713301220C4C0021E569E363EE
S2140041D40B4B05F48035DA600223606121202361ED
S2140041E4FFF7A6FF10B92120FFF7A2FF0122054B17
S2140041F4DA600DB10023E36338BD00BF000003504E
S214004204001003500020035070B5134C6061E3693E
S2140042145B071ED40E4656F8043B8D18A361AE42C7
S2140042240BD10423002121202361FFF781FF58B915
S214004234BDE870402120FFF77BBF08210846FFF742
S21400424477FF10B10423236170BD56F8043BA361C5
S214004254E5E74FF0FF30F7E7000003502DE9F84399
S214004264154641F67132164B8946DF69DA63012238
S214004274064603F58053DFF8508007F48037DA608B
S21400428455B9284601220F4BDA601FB10022A3F568
S2140042940053DA63BDE8F88306F5005404EA08041C
S2140042A4A41BAC4228BF2C46494622463046FFF79C
S2140042B4ABFF0028E6D12644A1442D1BE0E700BF4F
S2100042C4000003500020035000E0FFFF45
S2140042D02DE9F04F4FF0FD0BC9B09A460DF11B09C2
S2140042E09DF8503108AFCDF80C90CDF808B0019786
S2140042F0059303890446009383790E4690464188C9
S2140043008288407814F0B2F9054650B10090A38830
S214004310002062883A4914F0EDFC284649B0BDE812
S214004320F08F99F8000031F0F3FF38B12846A388E3
S2140043306288344914F0DEFC8D25EEE75A4639468D
S21400434099F8000031F08CFF8346002851D0529B2C
S2140043501BB1BDF84C3198424BD8002399F8009019
S2140043600793A9F14102012A5FFA8BF123D8384658
S2140043700139254ADFF898C05FFA81FE734513DBE2
S214004380059B04210792C3B907AF18221F489FED6B
S2140043901A7B02FB060420460A460830394684ED9E
S2140043A0027B19F0CFF911E010F8011F01335140DC
S2140043B00CFB01F2E2E7059B33B123464A4638463A
S2140043C0009612F0D5F8A8E70829DED9B8F1000F54
S2140043D001D088F80090BAF1000F01D0AAF800B01A
S2140043E0529B002B99D05A46184608A919F0AAF9EC
S2140043F093E7012591E700BF0000000000000000E1
S2140044000C23040041230400C59D1C8118110020C4
S21400441093010001000000002DE9F04F93B0CDE9B4
S2140044200A32DDE91C530E9353EC102BCDE908013C
S214004430104619468DED060B1E9E18F00DFC80B139
S214004440DDE906014FF0FF32C54B18F02DFC40B9F0
S214004450DDE906014FF0FF326FF4801318F006FC1A
S21400446070B1DDE908019DED060B0E9B1E96CDE9A9
S2140044701C53DDE90A3213B0BDE8F04F00F088B9EE
S2140044800022DDE90601002318F0F0FB002800F00A
S2140044903381DDE906A303F1004BCBF30A5016F493
S2140044A08063A0F2FF3008BF06250F9318F002F9CC
S2140044B09BA3D3E9002318F067F99BA3D3E9002355
S2140044C017F0ACFFCBF31304894644F07F518046C7
S2140044D00022A44B504641F4401117F09DFF94A3D0
S2140044E0D3E9002318F050F902460B4640464946E9
S2140044F017F094FF18F0E2FB044618F0DBF88EA3E2
S214004500D3E900238046894618F03EF90022964BF0
S21400451017F084FF18F0D2FB89A3D3E900230746DF
S2140045204946404618F030F980463846894618F025
S214004530C1F885A3D3E9002318F026F902460B46F6
S2140045404046494617F068FF02460B46CDE90C2365
S21400455018F01AF9DDE90C238046894610461946FC
S21400456017F05CFF0022CDE91001804B404649461B
S21400457018F034FA00227E4B17F050FF02460B4626
S2140045804046494618F02AFA00227A4B17F046FFB2
S21400459002460B464046494618F020FADDE90C2351
S2140045A08046894600204FF0804117F035FF0246CE
S2140045B00B464046494617F031FF02460B46DDE9FA
S2140045C0100118F00BFA07F2FF3700226A4B17F0BB
S2140045D025FF00223B0518F0D7F852465B4680467A
S2140045E0894618F061FB002840F08980CDE90C89E7
S2140045F004F16303C62B8CBF0527042731051BD5A2
S21400460053A3D3E900235046594618F043FB00282D
S2140046107FD051A3D3E900235046594618F026FB15
S214004620002876D00027A542C6BF2C1B04F1FF3514
S21400463000253C4646F480660E9B9F422CBF4FF0FA
S2140046400008A3EB070816F0020903D0002F18BFD6
S2140046504FF000083CB1DDE90C235046594618F0EF
S214004660BDF982468B46DDE906010022002318F0DC
S214004670FDFA10B10BF100439B46DDE9080126F474
S2140046800063CDE90183DDE90A324BEC10AB0095FF
S21400469000F07EF802465FB3DDE9091316F0200F3E
S2140046A000F10105089E0CBF65204520B047DDE9F6
S2140046B008010523002205930A23002CCDE90232C7
S2140046C007F1FF374FEAD473B8BF64422A46019316
S2140046D004970A9B009433F037FC0246B9F1000FAA
S2140046E006D00B9BC41A0B9B1A190E9BA34245D8E7
S2140046F0104613B0BDE8F08FDDE906ABCDE600222C
S214004700404649461A4B18F069F9013CCDE90C01C0
S2140047106EE7002D90D00F9B002B8DD0013D8BE7D0
S214004720FB799F501344D33FB3C8608B288AC63F9B
S21400473061436F63A787D23F71A379094F930A40FD
S2140047401655B5BBB16B0240EF39FAFE422EE63F76
S2140047502D431CEBE2361A3F0000000080842E41F9
S214004760FFFFEF7F0000F83F0000E03F00002C4016
S21400477000002440000018400000F03F2020DDE943
S2140047800913089DA8470134ADE700BF00000000EC
S2140047902DE9F04F5BEC10AB97B0CDE90501DDE9F4
S2140047A02058CDE90723504652465B465946229F7D
S2140047B018F052FA70B90323CDE902870193AA4B89
S2140047C00093DDE90501DDE9072333F0EFFA17B0C2
S2140047D0BDE8F08F4FF0FF326FF480135046594615
S2140047E018F044FA28B10423CDE9028701939F4BC1
S2140047F0E6E74FF0FF32504659469D4B18F054FA04
S21400480068B19C4A07F00403002B08BF03229A4BAA
S2140048101CBF13460422CDE902870192D0E750461A
S2140048208DA3D3E90023594618F03EFA38B98CA375
S214004830D3E900235046594618F018FA68B1DDE966
S2140048400723DDE905014BEC10ABCDE92187209568
S21400485017B0BDE8F04FFFF7DFBD0022002350463B
S214004860594618F003FA002800F091805B4652463D
S2140048700020002117F0D0FD012382468B460993C5
S21400488017F4806400F08580092D40F285800024AE
S21400489030210EABA5F109020134202C03F8011BD0
S2140048A0A5EB040901D09442F6D15946504618F0BB
S2140048B005FA724B054603EBC90393ED007B8DEDBD
S2140048C00A7B17F0F7FE02460B465046594617F08D
S2140048D0A3FDDDE90A2317F057FF02460B46CDE994
S2140048E00C2318F013FA064617F0D4FE02460B46C1
S2140048F0DDE90C0117F090FD02460B46CDE90C23CE
S21400490000225F4B18F0D0F9002848D00136304618
S21400491017F0C0FE02460B46DDE90A0118F0B0F9B2
S21400492008B100260135B9F1000F45D1284617F029
S214004930C1FE02460B465046594617F06DFD002252
S2140049404F4B18F093F910B9E90700D501350A2145
S2140049500EAB1A19202C0AD095FBF1F001FB10556E
S214004960303502F8015B013405460028F2D107F025
S2140049700302012A55D1B8F1000F52D0099A12B994
S21400498017F00C0F01D008F1FF38302240E00990F4
S21400499076E74FF0060988E7A946002485E7002257
S2140049A0DDE90C01364B18F061F90028BBD10EB1D9
S2140049B0F007B8D50136B6E70A210EAB1A19202C37
S2140049C00DD0B6FBF1F001FB1063092E03F13003A6
S2140049D009F1FF3904F1010402F8013B11D8302136
S2140049E0A1440EAA202CB2D04C4504F101030AD1F2
S2140049F004F158020DEB02042E2204F8202C1C466B
S214004A00A5E70646DBE7A1541C46EBE71A5501343A
S214004A10444506D2202CF9D1CDE9028701940EAB8D
S214004A20CEE6202CF8D0099B3BB12D2204F158038A
S214004A306B4403F8202C0134EEE77A0704D504F122
S214004A4058032B226B44F4E73B07E5D504F15803E3
S214004A5020226B44EDE700BF0000000065CDCD418D
S214004A600000000065CDCDC19F400400A3400400B7
S214004A70FFFFEF7F964004009B400400288A040056
S214004A800000E03F0000000070B58EB02C22002130
S214004A9003A818F0C7FC64234FF002320893CDE950
S214004AA005230B2301218DF834305B4B8DF8101055
S214004AB01D880D4040F0A980084637F0A1FA0A226A
S214004AC0564B574C1A704FF42873ADF812304FF00F
S214004AD0FF332360534B54491B8820460B82534BAD
S214004AE0534A1B68CD828B61524B0D621B884B82EA
S214004AF0514B1B68CB611FF003F920B14FF41B71BB
S214004B004E4838F018FB0521206833F010FC20B121
S214004B1040F27D21494838F00EFB206817F038FC3B
S214004B20474B2068196833F0C5FC0C2537F0D0FEDB
S214004B306843099037F0CCFE68430DEB05010790FB
S214004B40206819F031FB20B140F295213B4838F03F
S214004B50F2FA256821F00CFB00220146284633F0C5
S214004B6021FD20B140F29721344838F0E4FA40F2B3
S214004B700353344D344E2B80052396F90000AB705A
S214004B807F2801D11FF0B2F93378EB7037F0A0FE22
S214004B9000EB80008000A88037F09AFE0023C0005B
S214004BA04FF0FF31E880AB604FF0FF3018A3D3E939
S214004BB0002337F077FB2549206833F0ACFC2068EB
S214004BC002A934F0C8F820B14FF434711B4838F00D
S214004BD0B2FA042220680DEB020133F040FC0428F0
S214004BE004D040F2D721154838F0A5FA01A90120D3
S214004BF033F041F809F0B4FB01201FF0FBFD2FF065
S214004C00A4F81FF021FE1FF009F90EB070BD00BF1A
S214004C100A0020FF42030000086800203D6F0020C5
S214004C2028620020D6A304000C760020DCA3040033
S214004C3029C00300D4A30400D8A3040068790400A4
S214004C40547300201C620020F87800209DC00300EA
S214004C500348044B834202D0034B03B11847704706
S214004C60247900202479002000000000064B074924
S214004C70C91A891048BF0131491003D0044B0BB143
S214004C8001481847704700BF247900202479002087
S214004C900000000010B5064C237843B9FFF7D8FF94
S214004CA0044B13B10448AFF300800123237010BDFA
S214004CB048160020000000005CC7040008B5044B3E
S214004CC01BB104490448AFF30080BDE80840CDE7B7
S214004CD0000000004C1600205CC70400A3F5803AD4
S214004CE0704700BF154B002B08BF114B9D46FFF7C2
S214004CF0F5FF00218B460F461148124A121A18F08B
S214004D0091FB0C4B002B00D098470B4B002B00D090
S214004D1098470020002104000D000B4818F0C8FE3C
S214004D2018F058FB200029002DF0EFFB18F0AEFE1F
S214004D30000008000000000000000000081000202E
S214004D4008100020946F002019DB010007B5012130
S214004D5020200DF1070201F051FE58B10223012177
S214004D6020200DF107028DF8073001F057FE03B042
S214004D705DF804FB9DF807100229F8D002220948C6
S214004D8017F03EFA022301210DF1070220208DF8CC
S214004D90073001F043FE2DF0F5FA4FF4FA6001F00B
S214004DA077FCE4E768D5030038B501F0EFFB03F0C5
S214004DB0D7FD02F025F9012805D002F021F90228D6
S214004DC001D002F043F9124D2B783BB902F018F9E6
S214004DD00128044602D12DF07BFB2C7002F010F95E
S214004DE00128044609D101F0B7FB2DF0DEFA094A86
S214004DF0094B117811B91470186038BD1A68074944
S214004E00821A8A42F9D91860BDE8384003F0D4BD4A
S214004E10E7680020E668002064160020DF930400A0
S214004E2010B5044600882DF079FAA37884F844007B
S214004E30834202BF0123E3702371074B04F11C0079
S214004E40C4E9073401F0E6FE224620880349BDE89F
S214004E50104001F06DBD00BF6F1B0300391B03003F
S214004E6070B5C37804460D461646002B34D1D1B132
S214004E70214817F0C5F90123E370E36CA6600BB177
S214004E80E06D9847E368F61A63699E4221D2217E58
S214004E901A480131C9B2217617F0B2F9A36D13B1E1
S214004EA0217EE06D9847E5702DF07FFA15B32379E3
S214004EB003BBA268238A801A83421BD801231048AA
S214004EC0237117F09DF9236DA3B1E06DBDE8704026
S214004ED0184701232376E6E70029E4D1094817F0AE
S214004EE08FF9636DE660E5702571002BDBD0E06D11
S214004EF09847D8E770BD00BF90D50300A1D5030042
S214004F00CFD50300BCD5030013B5C8B1C2B1012983
S214004F1010D0022911D099B9C369283083B114047E
S214004F20B4FBF3F404600848009417F069F9002015
S214004F3002B010BD036A2C30F0E7436A3030EDE76C
S214004F404FF0FF30F4E700BFE5D503000A460449FA
S214004F500346086810B119462CF065BE704700BFBE
S214004F606816002070B5044694F89D2094F89E308C
S214004F70D21A4032514201F03F0102F03F0258BFC0
S214004F804A42D2B2162A00D870BD03F03F0222442D
S214004F9092F85D20552A05D0013303F03F0384F8CC
S214004FA09E30E1E700205822191801F03F01214405
S214004FB091F85D1001300A441628D2B2F4D1D243DB
S214004FC003F1160101F03F01214491F85D10D2B2C1
S214004FD08A42E1D1012120462CF0EAFD0421054653
S214004FE020462CF0E5FD0A21064620462CF0E0FD82
S214004FF0A26AC4E907655643E26A030248BF434211
S21400500002FB05F5226B48BF23F07F4002FB00F34E
S21400501003F500431B0C360C2D0C23816062A68022
S214005020E5802DF0C2F9237E33B90123237694F868
S2140050309E3060611733B0E742F210726369C31A9C
S2140050409342F2D82269B4F9081003FB01222261C8
S214005050064A23699342E8D3A3F55B13A3F53A53B4
S2140050602361E3680133E360F3E700BF80EE3600B8
S21400507010B5044601F074FE2046FFF773FF0221C8
S214005080054801F059FE04F134004FF47A71BDE88A
S21400509010402DF081B900BF5F7A04002DE9F84377
S2140050A00D4616469846044610B3A8220021043042
S2140050B018F0B8F940F29D1240F20513C4E90A232D
S2140050C06923DFF8889023634246314628461A4B08
S2140050D025806680C9F8004001F0CAFD074660B129
S2140050E00023324629461548C9F8003017F088F8DC
S2140050F04FF0FF373846BDE8F8832DF056F9012308
S21400510084F85C300E4B6061C4E92834032384F8CD
S214005110A8300C4BC4E90D343434204601F07AFD37
S21400512020464FF47A712DF037F943463246294629
S214005130054817F065F8DDE74D4F00001ED6030062
S214005140647A0400715000004BD6030068160020F5
S21400515058B101B1816202B1C26203B10363816AD0
S214005160D0E90B23014817F04BB870477CD60300F4
S2140051702DE9F8430E4617461D460446002846D03D
S21400518092220021063018F04DF9224A224B304672
S214005190C4E9152343F273630022E36511462680B3
S2140051A06780A5802DF0DCF80022A07111463846F5
S2140051B02DF0D6F800224FF001081146E07128467F
S2140051C02DF079F828462DF095F884F83C802DF0DF
S2140051D0ECF8124B04F16009C4E91834206284F834
S2140051E08980484601F016FD0D4B3A463146C4E923
S2140051F023340C482B4684F8948017F001F8484670
S21400520041F288312DF0C8F80020BDE8F8834FF051
S214005210FF30FAE7305C020076CF0100431D030042
S214005220807A0400A1D6030060B1002914BF0123D0
S214005230002380F88A30044B0449054818BF1946F5
S21400524016F0DEBF704700BFD5D60300E7D60300D2
S214005250F8D6030058B101B1416502B1826503B1C9
S214005260C365416DD0E91623014816F0C9BF7047E3
S21400527013D7030013B5C8B1C2B1012910D0022953
S21400528011D099B9836C543083B11404B4FBF3F491
S21400529004600848009416F0B3FF002002B010BD6A
S2140052A0C36C5830F0E7036D5C30EDE74FF0FF302D
S2140052B0F4E700BF39D7030070B5044600F13C069A
S2140052C080F83B1030460D462DF06BF8238F1BB14F
S2140052D094F83A30AB4205D129462046BDE87040E6
S2140052E02CF0ACBD054B3046C4E90F3401F092FCFF
S2140052F03046BDE8704014212DF04EB8651E030000
S21400530070B51E46838804460D46C18002810BB1E7
S214005310868070BD3C302DF044F894F83430BBB134
S21400532094F83610002908BFFF2120462CF086FD91
S2140053300123E370074BA680C4E903340C342046EF
S21400534001F068FC29462046BDE870402DF024B8E0
S214005350FF21EAE7D31E030058B1064B064A074969
S214005360C0E90023064BC0E902130023C0E904335A
S214005370836170471E009065C409102708523C00E0
S214005380600E803E10B501790446B1FA81F10088BE
S21400539049092CF00CFF21796088B1FA81F149099E
S2140053A02CF005FF034B1A68A24204BF00221A60C5
S2140053B010BD00BF6C16002070B543790446A3B13B
S2140053C000880E4E04F10805336813B10C4B1B78A9
S2140053D06BB121792CF0EBFE64210A4B3460A3609C
S2140053E02846BDE870402CF0D7BF4088E9E706485D
S2140053F016F006FF054B3221A360F1E76C1600207D
S214005400EA6800208553000076D70300B9530000F1
S21400541010B50446E0B10F4816F0F2FE01236371A2
S214005420A37953B9217920882CF0C1FE236B7BB178
S214005430606B0121BDE8104018472046FFF7A2FF29
S21400544004F108002CF0ADFF2046FFF7B5FFEDE7AE
S21400545010BD00BFACD7030010B50446F8B1104825
S21400546016F0CEFE00236371A3796BB921792088EC
S214005470B1FA81F149092CF09AFE236B7BB1606B7F
S2140054800021BDE8104018472046FFF77BFF04F1D7
S21400549008002CF086FF2046FFF78EFFEDE710BDD4
S2140054A0B7D7030010B5044668B1074816F0A8FE43
S2140054B0637920461BB1BDE81040FFF7CDBFBDE8BD
S2140054C01040FFF7A5BF10BDC3D7030010B50E4CA4
S2140054D00E48214616F094FE82210D4816F090FEE6
S2140054E082210220A21E01F099FA014630B134F85A
S2140054F0022C0848BDE8104016F082BE0648BDE8FB
S214005500104016F07DBE00BF6E630020D2D70300A9
S214005510EDD70300F8D703003CD8030038B50E4C8F
S21400552082212246022001F069FAA51C014650B1EC
S21400553022880A4816F064FE45222846084918F0D4
S21400554001F94423238035F8021C064A0648BDE8C4
S214005550384016F055BE00BF6C63002047D80300E5
S214005560C7D803006E630020A5D80300034B1B7842
S2140055701BB18B4201D82CF005BF70478D780020F8
S214005580884208B504D3034816F03AFE01F074F8D2
S21400559008BD00BF0CD9030010B5044601460E48EE
S2140055A016F02EFE012C11D10C4B0D481A884FF622
S2140055B0FF739A421EBF0022094B5A742CF022FD3C
S2140055C003F0EEFBBDE8104003F010BA0448BDE857
S2140055D010402CF019BD00BF41D903003C780020D4
S2140055E0E07200202DE9F04704460D4616460027D7
S2140055F04FF06409DFF82C80DFF82CA098F8003014
S214005600BB4206DC324629462046BDE8F04702F09B
S214005610B5BD09FB07A033462A462146FFF770FEB4
S2140056200137EBE7F36800201C32002008B501F0D4
S214005630E7FC0128064807D12CF0E4FC03F0D6F975
S214005640BDE8084002F0C2BD2CF0DEFCF6E700BF65
S214005650E072002070B500241A4D1B4E3378A3422A
S2140056601BDC0024194D1A4E3378A3421BDC0024A1
S214005670184D194E3378A3421BDC01F0C1FC0128FB
S21400568016481CD12CF0BEFC03F08AFB03F0AEF9E2
S214005690BDE87040124801F0D3BC2846FFF7C0FBB7
S2140056A001346035DAE728462CF062FC01346435B4
S2140056B0DAE728462CF080FD01343835DAE72CF09E
S2140056C0A3FCE5E7FC2D0020F26800201C32002039
S2140056D0F3680020CC2B0020F1680020E072002048
S2140056E0995500002DE9F04F89B0FFF717FF984B4A
S2140056F007A807932CF09EFD054617F08FFD954CE6
S214005700C2B21F2A627004D9934816F079FD00F0E1
S214005710B3FF2946A01C18F015F807A82CF08AFD40
S214005720054617F07BFDC2B21F2A84F8212001D956
S2140057308A48EAE7294604F1220018F003F807A889
S2140057402CF078FD322604464FF000082578002D10
S2140057502FD1834CFFF77EFF2378824F0093824E33
S214005760824B3A781B783178814816F049FD814B98
S21400577081489A68002A00F0F78490F800C0BCF1CF
S214005780000F00F0EF842A467C4991F802E00132CF
S214005790754538BF7546944501F19001F5DC023D2C
S2140057A0032D00F20186DFE815F0FD05FB05F9057F
S2140057B0F705532D0FD163784C2B40F05681A37814
S2140057C0502B40F052816E4B01221A7007A82CF025
S2140057D031FD0446BAE7322D07D16378452BF5D163
S2140057E0A378502BF2D1674BEEE7442D13D16378A4
S2140057F0303B092BEAD8601C2CF029FD624B634A2B
S2140058001978002386B2994202F16002DEDD22F8A2
S214005810466C0133F7E7422D0BD16378542B40D109
S214005820A01C01F0D3F85A4B188018462CF061F9EA
S214005830CCE7592D1FD8412DC8D9A5F14303162B07
S21400584000F24784DFE813F0C50245041B03450455
S21400585045044504B20045044504510020004504B3
S21400586045044504450459011101680245044504F0
S2140058706802A5010202692DA8D1601C2CF0E7FC85
S21400588080B22CF07BFDA1E7374B0120197800236E
S214005890404A994202F1AC0298DD02F8AA0C0133A4
S2140058A0F7E7394F0B213C4A3878FFF769FE601C52
S2140058B001F08CF80546E01C2CF041FD0121024663
S2140058C028462CF0F8FC60213B78304859434218B3
S2140058D045524FF4FA6111824FF4487151612F49D5
S2140058E05683116501333B7070E7DFF8BC800521F5
S2140058F02B4A98F80000FFF743FE601C01F066F89C
S21400590000224FF06409824611462CF0D4FC254D47
S21400591098F80070E11C09FB07F307FB09573846A7
S21400592025F803A02CF06CFC38462CF021FB002157
S214005930104A98F800305160012103FB09550B44CA
S2140059401560117488F800304FF001083EE700BF7C
S2140059506E630020DC71002060D9030077D9030055
S214005960ED680020EF680020F0680020EE68002058
S21400597076DA0300E0720020EC6800202421002084
S214005980EA680020E9680020F2680020FC2D00206C
S2140059903C7800201029002087D90300EB21030063
S2140059A08FD903001C320020F3680020C74D052164
S2140059B0C74A2878FFF7E4FD601C01F007F80022CC
S2140059C04FF06409824611462CF075FCC14F2B78C7
S2140059D0E11C09FB03F203FB0979484627F802A0FD
S2140059E02CF00EFC48462CF0C3FABB4BBB491C7887
S2140059F0084600239C420ADD0A6D58314ABB5822ED
S214005A0002FB030064232A7802FB03730365B44990
S214005A1000230846D1F8A420EAB9AC2202FB030012
S214005A2064232A7802FB0373C0F8A430B8F1000F91
S214005A300BD1AC4A4346114652F8040B88B964228F
S214005A40287800FB027241F823202B7801332B7054
S214005A50BCE60133CEE70133042B01F1AC01D9D10A
S214005A60E4E70133042BE7D1EFE7DFF8A4929E4F7B
S214005A7099F800000B219D4AFFF782FD04219C4AFD
S214005A803878FFF77DFD601C00F0A0FF0546E01C9F
S214005A902CF055FC0121024628462CF00CFC602018
S214005AA099F80020934950430B180D524FF4487054
S214005AB01882586190485E839865E078AC24642824
S214005AC004BF012098703B78854D5C4328192B5500
S214005AD04FF40074448003240471847102EB420482
S214005AE001EB4411816032210133DBB20132437194
S214005AF080F8A01089F80020F5E6804DDFF8D891F0
S214005B0028780A217E4AFFF73BFD06217C4A99F851
S214005B100000FFF735FD601C00F058FF00224FF034
S214005B20380B824611462CF0C6FB2B78754F0BFBC4
S214005B3003F327F803A04FF0010AFA1882F804A02E
S214005B40E378692B14D100231371582299F800309A
S214005B5062485A438118835428780133C0EBC00248
S214005B6007EBC207421CCF642A7089F800302DE686
S214005B70002BEAD0E01C00F029FF00220446114664
S214005B802CF099FB2B780BFB03735C8083F806A044
S214005B90DBE7DFF87CA1DFF87C919AF800000B21A8
S214005BA00130524AC0B2FFF7EBFC0321564A99F87F
S214005BB00000FFF7E5FC601C00F008FF0746E01C4D
S214005BC000F004FF0546601D2CF0B9FB04460246B3
S214005BD0012138462CF06FFB2246284601212CF086
S214005BE06AFB60209AF80030424A00FB03F4111961
S214005BF017534FF44874404F0C824C618F654E83A8
S214005C00591CC9B2484302EB000CACF81040CCF863
S214005C10144094241552981C8AF8000099F8000045
S214005C203A4D444303EB430301EB410102EB4313BC
S214005C30CCF8587002EB41122F1928550130ACF8F9
S214005C401A607B60BA6089F80000BFE54FF0000A72
S214005C501E4F052138781E4A0230C0B2DFF884B0E5
S214005C60DFF87080FFF78CFC651CE31D2846049364
S214005C7000F0ACFE0022114681462CF01CFB64238B
S214005C803878023503FB00F108EB010228F8019092
S214005C9091461046E11D03922CF0B2FA039A48464C
S214005CA082F834A02CF064F964233A7802FB03816E
S214005CB0049B01329D424BF8041B3A70D6D1012258
S214005CC0084BC3F80CA01A743EE600BFF368002029
S214005CD08FD903001C320020EF6800200027002028
S214005CE010290020E0720020F068002087D9030009
S214005CF0A1D90300FC2D00206D550000F16800209E
S214005D0094D90300CC2B00209BD903004425002007
S214005D10F2680020EE680020542D14BF01270227E9
S214005D20994BDFF8A8A293F8009005214846974AB9
S214005D30FFF726FC9AF80000954A013838440A21F5
S214005D40C0B2FFF71DFC902303FB09F3914D4FF003
S214005D50640BEA1805F803900223977003FB0742CA
S214005D6013FB074309EBC909013205EB0915DFF8F8
S214005D706092039204939AF80020601C531C02FB66
S214005D800B978AF80030059200F020FE059A023440
S214005D900BFB02F209EB020329F80200002211466F
S214005DA005932CF088FA4FF00102059B38460399BC
S214005DB083F834202CF024FA38462CF0D9F8049BCB
S214005DC045F8047F9C42D6D16F4A1378013313708E
S214005DD0FCE4DFF80092704F99F800000A210130C9
S214005DE06E4AC0B2FFF7CCFB03216D4A3878FFF746
S214005DF0C7FB601C00F0EAFD0546E01C00F0E6FD6F
S214005E0000220446114628462CF055FA0022204669
S214005E1011462CF050FA382099F80030614A00FB01
S214005E2003FC02EB0C0122F80C504FF0010C00258D
S214005E3081F804C08D7103EB0C01C9B248431452BB
S214005E40702402EB000E981C89F8000038788EF853
S214005E5006504443544DC3EBC303C1EBC10102EBF0
S214005E60C3038EF804C002EBC10205EB040C2855F0
S214005E700130CCF80430CCF808203870A6E46378FB
S214005E80502B40F0A9802146484816F0B9F9A01CCE
S214005E9000F09CFD0546201D00F098FD0746A01D5D
S214005EA000F094FD4FF6FF739D4281463FF48EACA2
S214005EB09F423FF48BAC98423FF488AC03463A4688
S214005EC029463B48FFF754F900287FF47FAC083496
S214005ED05621049020462CF08AF941210390204652
S214005EE02CF085F95721834620462CF080F949216D
S214005EF0824620462CF07BF901782D48A1F1490313
S214005F0059425941FFF790F9039A049B1178562994
S214005F1033D1501C2CF09BF904469BF80030412BE3
S214005F202DD10BF101002CF092F983469AF800303F
S214005F30572B27D10AF101002CF089F903465A465F
S214005F4021461B48FFF786F919482BF06EFF194CBF
S214005F5001462060184801F0BFFD216817482CF064
S214005F60D6FD0123164A29461370164A16481370A2
S214005F704B463A4616F044F928E41C46CDE74FF067
S214005F80000BD3E70023DAE7EC680020AAD9030069
S214005F90B1D9030024210020ED68002094D9030025
S214005FA0C0D90300CC2B0020F4230020C7D903005F
S214005FB0D4190020241900204817002008100020BB
S214005FC0E86800208C780020F5D90300EB680020F4
S214005FD03C1D0020F1680020422B7FF4F7AB2146E1
S214005FE0564816F00DF9A01C00F0F0FC0546201DE2
S214005FF000F0ECFC4FF6FF739D4207463FF4E6AB1D
S21400600098423FF4E3AB04F10609532148462CF0CE
S214006010EEF803788B4254D101302CF018F9034681
S2140060203A4629464648FFF739F8044600287FF4E2
S214006030CDAB562148462CF0DAF841218346484637
S2140060402CF0D5F85721824648462CF0D0F89BF81D
S21400605000308146562B04D10BF101002CF0F7F8E6
S21400606004469AF80030412B2ED10AF101002CF09C
S214006070EEF8824699F80030572B28D109F1010036
S2140060802CF0E5F80346524621462D48FFF760F807
S2140060902B482BF0E2FD2B4C014620602A4801F0ED
S2140060A01BFD216829482CF032FD0123284A294689
S2140060B01370284A284813703A4616F0A1F8FFF7DE
S2140060C085BB4FF49653ABE74FF0000AD2E70023A8
S2140060D0D9E74F2D7FF47AAB63784C2B7FF476AB01
S2140060E01B4B1B78002B3FF471AB02344321204638
S2140060F02CF07DF80746502120462CF078F83B78A7
S2140061000546432B15D1781C2CF0A1F884B22B78C9
S214006110502B10D1681C2CF09AF882B221460F48FA
S2140061202BF094FF084B0E48B3F86A20B3F85E10C5
S214006130C3E70024EBE70022F0E700BFC7D903005F
S21400614028190020241900204817002008100020D5
S214006150E86800208C78002024DA0300A4170020CA
S21400616048DA03000F229A74B24BB34D93F80090AE
S2140061703378B9F1000F18BF99463A782D7824780D
S214006180D11800782944214401444944C9B20C2955
S21400619000F20C8100242546A8480390A34200F391
S2140061A00B81012938BF0121A54D04912A46002301
S2140061B02C464FF482714FF6FF78049801339842CC
S2140061C013705180A2F8048002F10C02F5DC9D4B9E
S2140061D09B499D48A36001F05DF8E079A36800EB59
S2140061E0400003EB800000F053FCE3799449013350
S2140061F0E371964C964801F09BFF2388434503D0F5
S2140062008F49944801F096F94FF6FF7322888C491F
S214006210D21A18BF0122904802F00EFB4FF0000879
S214006220DFF818A2874C3378434500F3CE808B4BBB
S2140062301B785BB18A4B1B78012B07D180498948B4
S21400624001F094FC7E49884802F00CF94FF00008F3
S2140062504FF00C0BDFF814A2794D3A78424500F364
S214006260C8807E4B1B7823B11AB180497D482CF03C
S2140062701EFB0C214FF000084FF0940B3B7896F86D
S21400628000A09A4401FB0A516B4B1878784A4045A7
S21400629000F300810C214FF0000A4FF0700B3B78A2
S2140062A096F800809844804401FB0851714B18789A
S2140062B0714A504500F304810C214FF0000B3B78E7
S2140062C096F80080DFF8C8A198445B4B1B7898448A
S2140062D0804401FB08519AF80020684B5A4500F3A9
S2140062E005815E4B1B78ABB1DFF874B19BF80010EC
S2140062F001290FD94FF00C08013908FB0151594804
S21400630001F034FC9BF800105748013908FB015196
S21400631002F0A8F833783A7806211344464A012654
S21400632012781344534A127813449AF80020134400
S2140063300C2202FB035500231846039A994502F1E6
S214006340AC0205F10C05039200F3E68004993C4884
S214006350434D00F08FFD414B40F2055240F60431AC
S21400636028781E7800F068FD0022044640F202718C
S214006370287800F061FD21460246304600F006FF10
S214006380079B3F491A468B4240F0D9803D4809B0EA
S214006390BDE8F04F15F034BF0722E4E60322E2E63C
S2140063A00422E0E60222DEE60122DCE60C22364883
S2140063B015F026FFFFF7ABB990F805C001349445F9
S2140063C084BF05714571AC30E8E6B8F1000F06D021
S2140063D015F8053C03EB430304EB8304AC60294645
S2140063E0504602F00BFE08F101080AF1AC0A0C3523
S2140063F019E7317811EB08010AD04A1E0BFB02524E
S214006400D27902EB420204EB82040BFB0152946049
S21400641050460BFB015102F0A5FB31781B48414466
S2140064200BFB015101F008FE08F101080AF1580AB9
S21400643013E700BFE9680020EE680020102900205E
S2140064406C1A0020FC1A0020DC7100203C7800202A
S21400645038170020E816002070160020E868002094
S2140064608C78002048170020081000200027002005
S21400647044250020ED680020F4230020242100207D
S2140064806E63002003DB0300C6DA0300C02B002087
S214006490EC68002018EB0A0F18BF11F8050C0591E0
S2140064A01EBF00EB400004EB80048C600BFB082052
S2140064B001F004FA0599264B08F101080C31E4E6D0
S2140064C01AEB080F18BF11F8050C05911EBF00EB5C
S2140064D0400004EB80048C600BFB0A2001F0C4F83B
S2140064E005991C4B0AF1010A0C31E0E690201BEBE3
S2140064F0080F18BF11F8052C00FB0B301EBF02EB6F
S214006500420204EB82048C60059101F0C1FE0599FD
S2140065100BF1010B0C31DEE615F8112C039F02EB94
S214006520420204EB820415F80C2CC4E9001045F86E
S214006530044C05F8056C07F8042C0133FDE613F847
S214006540011D00297FF41DAF3B2102F8011C18E74E
S214006550EE680020ED68002008B5094B1B786BB18B
S21400656008482CF0A7F907482CF022FA064802F053
S21400657005F8BDE8084004482CF0DBBA08BD00BFAB
S214006580E8680020481700200810002008B5064BD1
S2140065901B783BB105482BF050FCBDE8084004488A
S2140065A02CF088B908BD00BFE8680020D419002088
S2140065B04817002007B5012121200DF1070200F041
S2140065C01DFA18B99DF80720024B1A7003B05DF843
S2140065D004FB00BF8D78002007B5064B8DF807003A
S2140065E0187001210DF10702212000F017FA03B000
S2140065F05DF804FB8D78002007B5022101200DF11F
S214006600060200F0FBF938B9044815F0F9FDBDF8AC
S214006610060003B05DF804FB0020FAE720DB030069
S21400662007B50221ADF806000DF10602012000F0C4
S214006630F5F9014610B1034815F0E2FD03B05DF828
S21400664004FB00BF41DB030010B5FFF7D5FF04468F
S2140066500146074815F0D4FD0121064815F0D0FD87
S21400666024B9BDE810400120FFF7DABF10BD00BF17
S21400667071DB030083DB030008B5044815F0C0FD9A
S21400668000F0DCF92BF07EFE2BF079FE99DB0300A0
S21400669038B50446084D094B28462B6000F0BAFA78
S2140066A0002C18BF21462846BDE8384008BF4FF4E6
S2140066B096712BF071BE00BF103400206D220300CF
S2140066C02DE9F043384D91B008AC07468946904610
S2140066D00FCD0FC495E80F00002684E80F000125B3
S2140066E00323324C3248CDE90366CDE905668DF8C2
S2140066F00E300796029536F0C7FC2E4836F0C4FCDE
S21400670032462D4920468DF8176005F09FFD33462A
S21400671032462A498DF81900009020468DF82390BD
S214006720CDF82C808DF8216005F0AAFD0A90204651
S2140067308DF8097005F00CFD204608AA05A905F09D
S214006740C5FD02AA204603A92DF0C6F94FF4007233
S2140067501B4B5A62194BE560626A920510D46BB9FE
S2140067604FF40072164B11485A6205F0F1FC1148BE
S21400677036F08DFC002011B0BDE8F083013BEBE75E
S214006780002BEDD0094908A82DF0D9F94FF4007276
S2140067900B4B06485A6205F0DBFC064836F077FCE1
S2140067A0BDF82000E7E700BF9C7A04000040005ACE
S2140067B0507D04004C7D040080841E0040420F0083
S2140067C00060005A0122034B1870034B1980034BDC
S2140067D01A707047F568002044780020F46800209E
S2140067E0F8B5454B1B780BB90020F8BD434B1B781A
S2140067F0012B03D1BDE8F8402BF03BBD404B1C8875
S2140068004FF6FF739C42EFD03E4836F03DFC002327
S214006810260AE4B21A462146304605F059FC012EF7
S214006820354604F0010335D015D9B51E012DDBD849
S214006830002B0BBF4FF480754FF080754FF47061DE
S2140068404FF070610BBF01274FF480370F204FF4D5
S21400685070202D4B11E0002B0BBF4FF480754FF0CE
S21400686080754FF470614FF070610BBF01274FF4D5
S21400687080370F204FF47020244B1A6802401CD03B
S214006880BA421AD01A680A4032D11A6822EA0102BD
S2140068902A4316E0002B0BBF4FF480754FF080752F
S2140068A04FF470614FF070610BBF01274FF48037D3
S2140068B00F204FF47020164BDFE71A6822EA00021A
S2140068C03A431A602BF0D5FC054600288CD00836D3
S2140068D044EA06102A460321C0B2FFF7F1FE40F64E
S2140068E0FF73684300F2FF70B0FBF3F080B27CE702
S2140068F095427FF479AFC8E7F4680020F568002079
S21400690044780020507D040028C3035020C3035061
S21400691024C3035010B5044C237823B9034836F03B
S214006920B3FB0123237010BDF7680020507D0400E0
S2140069302DE9F0431F4C85B0074688469146FFF781
S214006940E9FF23781BB903F073F8012323707BBAA1
S214006950ADF80C3030220023174E02FB03F4315DF5
S214006960A51901BB012333554FF0FF3304F1100086
S21400697012493044AB606F80C5F80480C5F80C90AF
S2140069800AF00EFC04F10801042231440C4B009579
S21400699003A803F023F9A96802460A4815F030FC5C
S2140069A005B0BDE8F0830133102BD6D1064815F0AC
S2140069B027FCF5E7F668002038340020972203000D
S2140069C0A9220300A6DB0300D4DB030080B1027813
S2140069D0A2F14103032B0BD840783038C0B2082808
S2140069E006D8054B134413F8413C40EA0320704791
S2140069F04FF6FF70704700BFBC7A040008B50B4620
S214006A0042B101460448006804F02CFABDE808408C
S214006A102BF0AEBC022008BD4C73002008B50B4618
S214006A2042B101460448006804F0A4FBBDE80840F3
S214006A302BF09EBC022008BD4C730020F0B500264B
S214006A40124F8DB0FF2300930A223346386802A9FE
S214006A502CF0FFFDC0B102AB1D4603EB800404E042
S214006A6055F8043BB34228BF5E1CAC423868E9D9EF
S214006A70296804F005FD0028F2D02D28F0D00DB0CE
S214006A80BDE8F0402BF074BC0DB0F0BD4C73002098
S214006A9028B1034B0360034B4360002383607047B9
S214006AA019000003F47200202DE9F04F002307467A
S214006AB0DFF828818B4698F80020424985B022FAF4
S214006AC003F0C00708D531F81300B84204D15DB210
S214006AD0284605B0BDE8F08F0133032BEFD112F046
S214006AE0010667D1384C75B294F80090B9F1000FE2
S214006AF021D10F2249460DF1010016F093FC3F23E9
S214006B008DF80090DFF8C89069464846ADF8023028
S214006B102DF054F81E2005F04BF84FF47A43B0FBE6
S214006B20F3F02A4B1860D9F830300123C9F81C005E
S214006B30C9F80C3023700D220021684616F072FC4E
S214006B40BBF1000B18BF4FF0010B0323204C6A4625
S214006B50314620468DF806308DF80AB02DF06BF8D9
S214006B60236B00234FF0010A04EB461083664FEABE
S214006B701729184BF9B249EA014032B243F822000D
S214006B80154A0AFA06FAD2F84C35484643EA0A038A
S214006B90C2F84C355B46042205F09AFA98F80030A5
S214006BA043EA0A0388F80030064B23F816708FE78E
S214006BB0022697E7910795D55307F9D54FF0FF358D
S214006BC086E700BFEE630020F96800203837002013
S214006BD000C0045050C5035000C00350F8680020A1
S214006BE0022810D8084B1B78C340DB070BD5074B91
S214006BF01B6803FB0111FF23B1FBF3F1044B1A6B77
S214006C0003EB401319677047F868002038370020F8
S214006C1000C00450FF2307B50021044A0093083043
S214006C200AF042FA03B05DF804FB00BF93230300AA
S214006C307FB50D4E0D4C33686A4600211046A56997
S214006C402D0606D411F0FF0101D003B1984704B019
S214006C5070BD656A0131102902F8015BEFD1002B87
S214006C60EAD09847E7E700BF3C3700200080055091
S214006C702DE9F0478A46914688B0002A4DD04FF657
S214006C80FF72904249D0914247D0254A5FFA80F879
S214006C90070A38460E0A13604146012304225FFAAB
S214006CA08AFA204D05F014FA01AC30460123022280
S214006CB0514605F00DFA0FCD0FC495E8070084E89D
S214006CC00700002401A91848CDF80C908DF8044060
S214006CD005F0CAFD1022154B47EA084746EA0A4661
S214006CE0C3F8C475C3F8BC65C3F8AC250423104AC2
S214006CF00B209364A2F58052D36407F0DDF80B20D6
S214006D0007F0BEF8084805212CF0D2FF01222046E5
S214006D10084B1A7008B0BDE8F0874FF0FF30F9E76F
S214006D203C370020C07A04000080055000C00350A5
S214006D3000A00550FA68002070B5074B04461B7883
S214006D404BB141B1054E451814F8011B30462CF0E6
S214006D50BEFFAC42F8D170BDFA6800200080055036
S214006D6010B5074B1B784BB136F0F0F80446FFF72A
S214006D705FFF2046BDE8104036F0E3B810BD00BF08
S214006D80FA6800200B460449024608680349097859
S214006D9008B12BF027BB70474C370020FC6800205A
S214006DA0F7B50C4618B12F21194836F0C4F92468F7
S214006DB023685E795F8830463946FFF7E3FFF0B117
S214006DC08568E5B1A089227D3946904291BF0020B2
S214006DD0801AA36880B294BF03469B18E27C00909A
S214006DE03046A8470138032803D8DFE800F0080F2C
S214006DF00B0D002420462FF0F3FF204600E08120F4
S214006E0003B0F0BD8024F5E79324F3E78724F1E789
S214006E10FCDB030007B50B46009205490246054811
S214006E20097800682BF000FB03B05DF804FB00BF98
S214006E30FC6800204C37002007B50B460092064938
S214006E4002460648097800682BF0EEFA003818BFAC
S214006E50012003B05DF804FBFC6800204C370020DE
S214006E6008B5034B1B6803B19847002008BD00BF58
S214006E70483700202DE9F74F04460D460026454BBF
S214006E80454F1860454B197033010021F85C0136F8
S214006E9011F0DAF90C2EF7D10C2D28BF0C254FF087
S214006EA0000901953C4EDFF800A13D4DDFF8FC805F
S214006EB0019B4B4502DC03B0BDE8F08F23784FF012
S214006EC0000B337063887380A388B380A379C6F8F9
S214006ED00880B371E379C8F8005088F804304FF0A2
S214006EE00003A768A8F80630E3795B450ADC0121B1
S214006EF016F8100B11F0A8F908F1080809F10109B5
S214006F000C34D5E74FF0000338886B812880FB7877
S214006F104FF0000C2B81BA78C5F804A0002A009226
S214006F200CBF802240222A7379680AF10C0263455E
S214006F3013DC03EB43030AEB830ABB6843B1009AF6
S214006F404FF6FF71B2FA82F2164B52092FF0D8FEB6
S214006F5014350BF1010B0C37C6E7B1F800E00CF165
S214006F60010C22F80CEC91F802E00C3202F816EC58
S214006F7091F804E00C3102F815EC11F809ECBEF1BA
S214006F80010F14BF4FF0100E4FF0110E02F814EC64
S214006F90CDE700BF4C3700200C4F0020FC680020D7
S214006FA0503D0020A16D000050370020D03F00204B
S214006FB0014B1860704700BF44370020014B186033
S214006FC0704700BF4837002070B5128805460E4649
S214006FD0FFF720FF044670B102790499806816F026
S214006FE073FA064B1B680BB9002070BD3146284665
S214006FF022889847F8E78620F7E700BF4437002046
S21400700008B510F0BDF9022806D0012806D0044BBA
S21400701018784000C0B208BD0120FCE70220FAE75D
S214007020FB680020054B10B51C682CB1FFF7E8FF85
S2140070302346BDE81040184710BD00BF403700206B
S214007040014B1860704700BF40370020034B1A788A
S2140070501AB901221A700CF0F3B97047FB680020C9
S2140070600022024B1A70FFF7DDBF00BFFB6800204E
S21400707037B50446002832D010F082F9022830D105
S214007080608930F00FFAE079237A003818BF0120C3
S214007090012B637A08BF40F008000BB140F01000E7
S2140070A063890BB140F00400257CA188A2790DB15C
S2140070B0E36873B90C4B11F0A3FC2178084611F075
S2140070C01BFD2FF018FD002814BF0320002003B07E
S2140070D030BDCDE90035054B11F092FCEDE70220FE
S2140070E0F5E70120F3E700BF592F0400CEFE0300AA
S2140070F02DE9F04186B005460E4690461F469DF89F
S214007100344010F03DF9022824D1082C16D8ADF8EA
S2140071100C808DF80E702CB122460C990DF10F00E4
S21400712016F010FB03AB033400930A223146082006
S214007130094B019411F064FC18B1032006B0BDE8B9
S214007140F0812946284611F0D7FC2FF0D4FC002801
S214007150F4D0F2E70120F1E7CEFE030008B50EF00A
S214007160CDFA014630B1044815F04AF8BDE80840AB
S2140071700EF068BE08BD00BF8ADC0300024B187C18
S21400718000B11868704700BFE072002050B10029B7
S2140071900CBF30213121002A0CBF30223122034897
S2140071A015F02EB82D210A46F9E700BFB7DC03001C
S2140071B0034B044A5B7C012103201370FFF72EBCAF
S2140071C0E0720020FD68002037B50446FFF7F0FFA8
S2140071D0B4F57F4F27D10025204B1A8813449D70A5
S2140071E0FEF774F92846FFF753FA1D4D2A68C2B118
S2140071F0FFF7C4FFA8B14FF605739C4224D192F85E
S21400720041102AF0D4FE2B680421B3F8422093F8EC
S21400721041303220ADF8062001AA8DF80430FFF781
S214007220FDFB03B030BD4FF601739C4203D10D4801
S2140072302AF0C9FED9E74FF602739C42D5D10A4B15
S2140072401878FFF7C9F9D0E74FF606739C42E8D1E5
S214007250B2F842102AF0B5FED5E700BF6C630020F6
S21400726030400020E07200208D78002010B5074CDA
S214007270012122460320FFF7C1FB28B92378044AE0
S214007280003B18BF0123537410BD00BFFD680020EB
S214007290E07200207A4BF7B51A884FF6FF739A42D1
S2140072A018BF03234FF008020D467649044618BF60
S2140072B00B70754B36201A7030229A705A71DA713C
S2140072C03922187138201A724FF4001298716F48DC
S2140072D06264E0646E48012220656E483227A0652D
S2140072E06D48A618E0656D48E66760666C486D4EAA
S2140072F0A0666D485F7020676C48DF70606720206E
S21400730084F8780084F8840004F12100C4F888002A
S2140073106748C4F8806084F8482084F8542084F8CD
S214007320602084F86C20C4F88C0084F89020C4F8A0
S2140073309410C4F8B8305F4B5F49C4F8BC300223E1
S214007340C4F898105D4984F8C030C4F8A410102121
S2140073505B4B84F8A810C4F8C4305A4B5A49C4F89A
S214007360C8308223C4F8AC10584984F8CC30C4F82E
S214007370B0100921564B574EC4F8D030564B84F8FF
S2140073809C20C4F8D430554BC4F8A040C4F8DC3078
S214007390337C84F8B41084F8D820002B6AD0504B85
S2140073A084F8E420C4F8E03006F11103C4F8E830AD
S2140073B0FFF7E4FE90F83430002B5DD090F83630BE
S2140073C0042184F84130FFF7D9FE038F01AA38461E
S2140073D0A4F84230FFF712FB38B99DF8043084F861
S2140073E04130BDF80630A4F84230FFF7C7FE94F8E7
S2140073F041102AF0DCFDFFF7C1FEB4F842102AF077
S214007400E0FD384B10211C60374BC4F8EC300123EC
S21400741084F8F03004F14103C4F8F430334BC4F878
S214007420F830022384F8FC3004F14203C4F800313B
S2140074304FF0000CEA79A86802EB42039F0000EBCD
S214007440830320F807C0D9700121443499705C602A
S2140074505318EB71FFF7AEF8FFF708FFFFF7D0FD04
S21400746001280BD1337C4BB11A4803B0BDE8F0407D
S2140074702AF0A9BD0D21DBE70E21D9E703B0F0BD48
S2140074803C7800209E780020FE680020E17A040008
S21400749001002000E07A040002002000DF7A0400E9
S2140074A00300200005004200DE7A040004004200CB
S2140074B007003000FDFF21001200100100404200CE
S2140074C0DC7A040000FF44018E78002006004200AB
S2140074D06C630020E072002002FF20018D780020FF
S2140074E001FF10013040002005FF200106FF2101AA
S2140074F013B504460D482AF007FB6422C0F30F4379
S214007500637083B2B3FBF2F3A078237020220121CC
S2140075102AF0A5FFA078212201212AF0A0FF044925
S214007520201D02B0BDE810402AF036BF3C7800208F
S214007530E09304000B7870B583704CF61E0303804E
S2140075404FF02013C362012380F8303080F83C30BF
S214007550C3180364124B044643640223114A80F89E
S2140075604830114B8263C3644063CA798D6802EB6E
S214007570420305EB830004F12C0646600B4E45F8EB
S214007580236000238360531CCB71094B201DC4E984
S2140075900134FFF73FFB2046BDE87040FFF7A8BF69
S2140075A0FDFF210021002000E27A04000100010313
S2140075B0F1740000437B044A0121137000781130F7
S2140075C0C0B2FFF72BBA00BF0869002038B50446E2
S2140075D00078054D11302A460121C0B2FFF70EFA99
S2140075E008B92B78637338BD08690020024B53F83E
S2140075F020002BF00FB800BF34400020012908B54A
S21400760006D0022907D049B92AF0FBFF002008BDA2
S2140076102AF0FAFFFAE72AF0FAFFF7E7024814F032
S214007620EFFD0120F3E700BFCEDC030010B4054CED
S214007630114654F820001A46BDF804305DF8044B95
S214007640FFF7DCBF34400020002310B504468381DA
S2140076500364A0F844304830FFF7DCFA014BC4E975
S214007660123410BDFB25030038B504460B781A4AC1
S21400767043700D4642F82300FFF7E6FF2046FFF76B
S214007680A5FF4FF4401323610123144A2375A2611A
S214007690134A84F82030E261124A84F82C30626281
S2140076A0114A84F83830A26204F10C0222630F4AB1
S2140076B004F10D036263E363EA79A86802EB420310
S2140076C000EB830110344C60094C40F82340094B12
S2140076D08B60531CEB7138BD3440002007690020D6
S2140076E0080020009F78002000FF300001FF1001F6
S2140076F0020101042D76000010B47024427B0D4870
S214007700013A012904FB020006D0022908D059B923
S2140077105DF8044B2AF075BF5DF8044B2AF074BF81
S2140077205DF8044B2AF073BF03485DF8044B14F071
S21400773067BD00BFF4230020EADC0300B0F85C302D
S2140077402DE9F0418B4204460E4638D0437B077C39
S2140077508BB31C4A12789A422DD370251A4A013BE5
S21400776005FB032390F80F801B7B42462AF060FF40
S214007770B845054601D1FF281FD13A463146204676
S21400778094F890302AF054FF2F46054655221221D1
S2140077906078A4F85C602AF062FEFF2F03D03946BA
S2140077A02046FFF7A9FFFF2D09D029462046BDE851
S2140077B0F0412AF07DBFFF25DFE70746E6E7BDE894
S2140077C0F08100BFED680020F42300204168826845
S2140077D0C978D27849B112B10321FFF7AFBF837BD6
S2140077E0002B0CBF01210221F7E72AB1837B002B77
S2140077F00CBF02210121F0E7014814F001BD00BFD3
S214007800FBDC0300037BD3B14368DA7812B18268ED
S214007810D278A2B91B7933B1837B002B0CBF04212D
S2140078200521FFF78BBF83681B792BB1837B002B69
S2140078300CBF05210421F4E7014814F0E1BC7047B1
S2140078402DDD0300084A437B05211370837B5370AC
S214007850C37B9370037CD370037B137100780E3068
S214007860C0B2FFF7DBB800BF0969002038B5044690
S21400787000780C4D0E302A460521C0B2FFF7BEF840
S21400788020B1BDE83840084814F0BABC2B786373C2
S2140078906B78A373AB78E373EB7823742B7923733D
S2140078A038BD00BF0969002069DD0300024B53F8AC
S2140078B020002AF047BF00BF64400020F8B5044609
S2140078C00B78424A43700D4642F82300404E2AF099
S2140078D057FFFFF7CBFF6268A3683E483E49D66471
S2140078E01165D4655065C3E91410DE64DC654FF09D
S2140078F0987302266361012304F10C01E1613749A4
S2140079001032216204F10D01A16235492376E1624D
S21400791004F10E016163334984F82430A16304F155
S2140079200F012164304984F83030616404F110019D
S214007930E1642E4984F83C3084F84830216584F8A8
S2140079405460A265E879A96800EB400201EB820763
S21400795004F1140CC7F804C04FF4817C244F41F89E
S2140079602270C218D2B202EB420241F822C001EBEA
S214007970820700227A601F4A84F8703022661E4A08
S21400798084F88830A2661D4A1D4BE2661D4AC4F87C
S2140079908C3062671C4A8319A26704F15C02C4F843
S2140079A08020DBB2194A03EB4303C4F8842084F832
S2140079B0646084F87C6001EB830260345460144A8F
S2140079C0033041F82320E871F8BD00BF6440002072
S2140079D0CD7700000727030005780000010020018E
S2140079E002001001030030010400300105002101EF
S2140079F001FC01064A002100E47A04005100100050
S214007A00E67A0400E77A0400550021006F001800AB
S214007A101200010400B589B001A92AF0CBFE084B7C
S214007A2010210493019B04AA0593029B2C20069325
S214007A30039B0793FEF7F2FF09B05DF804FB00BF57
S214007A4043574C48F0B54843DDE90576204C214DB8
S214007A5082EAE271A1EBE271A042B0FBF5F589B2D1
S214007A6025D9642012FB00F26FF0630092FBF5F25A
S214007A708242B8BF0246642AA8BF642252B205FBFF
S214007A8005F44943A14221D24FF08040641A844253
S214007A900FD3002178B947F6FF70814228BF014610
S214007AA003B11D8007B1398006B13270F0BD0022E7
S214007AB0E5E78008EBE701EB000CA4454FEA51012F
S214007AC09CBF0918A4EB0C048008E3E70021E7E755
S214007AD09F860100A086010038B50D46044600B317
S214007AE0F9B14FF4EE72002115F09CFC0F23A36051
S214007AF00C4B6560A36103F16173E3614FF0011302
S214007B0004F15C002362FDF727FCE36DE367236E58
S214007B10C4F88030636EC4F8843094F86C3084F80F
S214007B20883038BD010064001FB50446B8B143680C
S214007B30ABB16A4610212C20FEF760FF78B9094BDE
S214007B40009A9A420BD1DDE90223019960682AF077
S214007B5039FEDDE902230199034814F051FB04B015
S214007B6010BD00BF43574C4898DD0300F0B50446EF
S214007B7085B0002800F03081002900F02D814FF4F8
S214007B80D813C0F88C3000F10803C0F89430934B3B
S214007B900422C0F89830022300F10C05C0F8A0506B
S214007BA08F4D80F89020C0F8A45000F10E05C0F864
S214007BB0AC508C4D80F89C30C0F8B05000F11005E9
S214007BC0C0F8B850884D80F8A830C0F8BC5000F116
S214007BD01805C0F8C450854D80F8B430C0F8C850B9
S214007BE000F11A05C0F8D050814D80F8C030C0F8BA
S214007BF0D45000F11C05C0F8DC507E4D80F8CC3027
S214007C00C0F8E05000F11E05C0F8E8507A4D80F844
S214007C10D830C0F8EC5000F12005C0F8F450774D8D
S214007C2080F8E430C0F8F85000F12205C0F80051A2
S214007C30734D80F8F030C0F8045100F1240580F848
S214007C40FC3080F80821C0F80C516E4D80F81421E5
S214007C50C0F8105100F12C05C0F824516A4D00F10F
S214007C602802C0F8285100F12E05C0F83051674DA3
S214007C70C0F81821C0F8345100F13005C0F83C5166
S214007C80634D644AC0F8405100F13205C0F84851CF
S214007C90614DC0F81C21C0F84C512525012280F802
S214007CA0505100F13405C0F854515C4D80F8202145
S214007CB0C0F8585100F17C05C0F86051584D80F866
S214007CC02C31C0F8645100F17E05C0F86C51554D5A
S214007CD080F83831C0F8705100F18005C0F878514E
S214007CE0514D80F84431C0F87C5100F18205C0F84F
S214007CF084514E4D80F85C31C0F8885100F18405FF
S214007D0080F8683180F8743180F8803180F88C31E2
S214007D10C0F89051464D80F89831C0F8945100F163
S214007D208605C0F89C51434D80F8B031C0F8A0518C
S214007D3000F18805C0F8A8513F4D80F8BC3100F12D
S214007D401403C0F8AC51C0F8C03100F112053B4B2B
S214007D50C0F8B4513A4DC0F8C43100F1160380F8AB
S214007D60A421C0F8B85180F8C821C0F8CC31CA792F
S214007D708D6802EB420305EB830600F18C07776003
S214007D80304E45F823606E46531CCB710B7804F1D9
S214007D905C0503702C4B1860FFF7C6FE20462AF0E1
S214007DA046FD324610213320A76EFEF727FE18B98F
S214007DB096E80F0085E80F002846A7662AF05FFDC4
S214007DC0E36DE367236EC4F88030636EC4F88430D6
S214007DD094F86C3084F8883005B0F0BD05052100B5
S214007DE0080521000B0529000006210001062100D8
S214007DF002062100030621000406210005062100D4
S214007E0000FF230001FF230010FF210111FF2101C5
S214007E1012FF210102FF200020FF420130FF210156
S214007E2031FF210132FF210133FF210134FF2101FF
S214007E3035FF210136FF30000F0521001005280010
S214007E400E052900040B011B944000202DE9FF417C
S214007E504C4B1C688CB1237883420ED1606860B1AD
S214007E604FF61273994241D00AD84FF610739942D2
S214007E702CD04FF61173994231D004B0BDE8F08192
S214007E804FF62073994238D0D03189B20529F4D8FC
S214007E90E36F04F15C00E365D4F880302366D4F821
S214007EA0843063662AF0EBFC024610213320FEF78E
S214007EB0B5FDE36DE367236EC4F88030636EC4F8E7
S214007EC0843094F86C3084F88830D6E70021E28D50
S214007ED02AF066FC0023E3850028CED121E00121AC
S214007EE0228E2AF05DFC00232386F5E70221628EAF
S214007EF02AF056FC00236386EEE7002394F83450FD
S214007F004FF00A0C232D28BF2325CDE9013304F1B9
S214007F10350703939D420DD8DDE9022301992AF027
S214007F2051FC6068FFF776FD204604B0BDE8F041DE
S214007F302AF07DBCFA5C562A14D0572A14D0412A5F
S214007F400DD1012100220133DEB2F3B29D420DD8DD
S214007F5004AE013B06EB8101DBB241F80C2C013389
S214007F60DBB2D7E70021EDE70221EBE717F806E0E2
S214007F700136AEF13008B8F1090FE9D80CFB02E281
S214007F80303AE2E79440002070B50D4606461446A7
S214007F9013460A460146244814F032F925B920460D
S214007FA0BDE87040FFF710B9072D05D121463046D1
S214007FB0BDE8704000F0E4BF4FF601439D4205D196
S214007FC021463046BDE87040FFF770BC062D05D14F
S214007FD021463046BDE8704000F07EBDB5F5817F95
S214007FE005D121463046BDE87040FFF7FFBA40F2A3
S214007FF002739D4205D121463046BDE8704000F030
S2140080000FBB40F604339D4205D121463046BDE8FD
S2140080107040FFF71BBF202D04D12046BDE87040FE
S21400802000F0D6BB70BD00BFC8DD03000148FEF7F8
S214008030BFBF00BF897F00004FF4C01330B5036098
S21400804001230371074B8C688360CA7902EB4203F5
S21400805004EB83056860044844F82300531CCB7186
S21400806030BD00BFE87A04000400010138B50025E1
S2140080700446458005482AF094F9FDF7D7FA2A46C3
S21400808020780321BDE838402AF0E9B9984000205E
S21400809043880BB9FFF7EABF013B9BB24380002B36
S2140080A0F8D04FF47A7101482AF076B9984000204B
S2140080B038B5114B0446186019B9BDE83840FFF7CB
S2140080C0D5BF41804FF4FA714FF6FF7208460B4D4C
S2140080D0FDF788FA0A4B2846C5E90034FEF79AFDF4
S2140080E028464FF47A712AF057F920780022BDE826
S2140080F0384003212AF0B3B9C04000209840002041
S2140081009180000010B51446084A106850B14CB96A
S21400811053B1BDF80820012A06D91988FFF7C8FF11
S214008120204610BD0124FBE70324F9E7C0400020E9
S2140081300B7830B503700D4B1860002343800C4B52
S214008140436002230372C318C360CA798D6802EBCA
S214008150420305EB830404306060064845F82300BC
S214008160054BA360531CCB7130BD00BFC040002040
S2140081700000210103000101058100002DE9F84FF0
S21400818006460F469346104C04F1300A54F8049BFA
S214008190B9F1000F14D15445F8D1BDE8F88F09EBBA
S2140081A085055B463A4631466868FDF7A9F808F14A
S2140081B0010899F802305FFA88F5AB42EFD8EAE793
S2140081C04FF00008F5E700BFC440002038B5002493
S2140081D0044D55F8040B08B12AF0EBFB01340C2CC7
S2140081E0F7D138BDC440002038B511F0FB050C4669
S2140081F00CD182B17BB1042C117803D10B1E18BFB1
S214008200012303732AF068FC284638BD034813F0A0
S214008210F7FF0125F8E70325F6E700BFFBDD0300BF
S21400822070B58678012E0DD90A2908D162B1012BC6
S2140082300AD91388C3812AF014FC002070BD0348B5
S21400824013F0DEFF0120F9E70320F7E71DDE030049
S21400825030B40E4D0C4655F8200011461A46BDF8AF
S214008260083078B1082C07D0B4F5407F07D0062C2C
S21400827008D130BC2AF039BC30BCFFF7B5BF30BCE3
S214008280FFF7CEBF012030BC704700BFC4400020BF
S214008290F7B5544A0B78044642F823004370437BF4
S2140082A00D460BB9FE234373E3890BB9FA23E3812A
S2140082B020786A4634300621C0B2FEF79FFB40B9EC
S2140082C0BDF80230BDF80020A382BDF804306282FB
S2140082D02382A37C012B02D0022B02D0002323731F
S2140082E009E0E37C002B16BF012200226373A38AF9
S2140082F0227303B1E38120462AF05BFB4FF4801320
S2140083000126A36104F10C032362374B26776362D0
S21400831004F1120384F82860E362E979AA6801EBA5
S214008320410302EB830004F1180747602F4F04F166
S2140083303C0E42F823704FF400132D4F8760022046
S214008340E36304F10D0363642A4B84F84060A3647E
S21400835004F1100323658B19DBB203EB430302EB36
S214008360830C84F84C00CCF804E0DFF8A4E042F874
S21400837023E00B18DBB2CCF80870EB7194F802C05F
S214008380B4452CD984F870601B4EDFF888C0666749
S2140083901A4EC4F860C0A667194E04F10E0C84F895
S2140083A06400C4F868C084F87C00C4F8806084F870
S2140083B08800DFF864C01348134E03EB4303C4F889
S2140083C08C00C4F86CC0C4F8846002EB8300603490
S2140083D044600E4C033142F823408760E97103B0D5
S2140083E0F0BD00BFC440002003403001060001027B
S2140083F05182000000FF2101A07800200B402100E0
S21400840048780020467800200C4021000003010434
S21400841008000102070021000800300013B50446DA
S21400842080B100786A4627300821C0B2FEF7E6FA27
S21400843050B9DDE900230948C4E90223C4E924232E
S21400844013F0DEFE02B010BD002200230448C4E98B
S2140084500223C4E9242313F0D3FEF3E73FDE030030
S2140084606ADE030070B50D460446002858D0002981
S21400847056D00B7804F1200603702A4B1860FFF7DD
S214008480CDFF4FF414132362082304F11002626335
S214008490254A84F82430A26304F111022264234A98
S2140084A0E31862640422A362214B84F84820E36246
S2140084B0012384F8542004F11802A2651D4A04F131
S2140084C01401E26504F11C0262661B4AE164A266BE
S2140084D004F11D0222671949194A84F8303084F8DD
S2140084E03C3084F8603084F86C3084F8783004F1DE
S2140084F01E0321656267E367EA79A96802EB420317
S21400850001EB830046600F4841F82300531CEB71D3
S2140085102978D4E902230C48BDE8704013F070BEF9
S21400852070BD00BFF44000200003300001032200AD
S21400853000021800030318000603180002032200B6
S21400854000F020010207010898DE030013B5044678
S21400855078B1D0E902230078CDE9002327306A46B7
S2140085600821C0B2FEF75AFAD4E90223024813F0F3
S21400857047FE02B010BD00BFC9DE030030B504469A
S21400858089B040B3436833B31A6822B1126812B197
S214008590586801A990479DF81030E3B10399D4F8C4
S2140085A080208A4207D8D4E902308A1A9B1840F104
S2140085B00000C4E90230C4F8801029F0F6FED4F8B2
S2140085C08430064AC31A9342054604D92046FFF76C
S2140085D0BDFFC4F8845009B030BD00BFDF9304006F
S2140085E010B50446C0B1002300220021C0E90223D2
S2140085F0C0E924234368C0F880102BB11A681AB16A
S21400860052680AB1586890472046FFF79FFFBDE8BA
S2140086101040024813F0F4BD10BD00BFF1DE0300A9
S214008620B1F5704F034607D1044A106820B10278AE
S2140086309A4201D1FFF7D4BF704700BFF440002034
S2140086400368064A0C21136043685360038913814C
S214008650438922205381FEF7E1B900BFF84000208D
S21400866010B50368044686B0FBB1114813F0C8FD88
S214008670A37B104A8DF804304FF48273ADF80630B1
S2140086800123CDE90223002301A804938DF81430BA
S214008690FEF7EEFC204661892AF04CFA2046FA21C5
S2140086A050F8143B594329F077FE06B010BD00BFC2
S2140086B012DF03002000000110B5064C236843B10A
S2140086C0054813F09DFD2068BDE8104041892AF05A
S2140086D031BA10BD0441002033DF030070B53649BF
S2140086E010460C68BDF81020002C5ED003285CD81D
S2140086F0DFE800F0021E2745002B5AD0022A58D980
S2140087001D78B3F80160291E18BF012132462B4898
S21400871013F076FD2DB1314620462AF00BFA0020E4
S21400872070BDE573FA206368584329F0D9FEF6E772
S214008730234813F065FDE37B002B38D00023E3735A
S214008740F0E7002B35D0032A33D91D681D4829468B
S21400875013F056FD1C4B2A1F9A4201D90220DFE770
S21400876023680BB19D42F9D823899D42F6D3E37B5B
S2140087706560B3B9FA20684329F0B2FE11E0002B19
S214008780CED0012ACCD91D881048294613F038FDD2
S214008790002DE3D063689D42E0D8E37B2581002B63
S2140087A0E8D12046FFF74CFFB9E70120B8E70420E0
S2140087B0B6E70320B4E700BF0441002056DF0300FD
S2140087C08DDF0300ACDF0300FCFF6D00D7DF030086
S2140087D038B5154B1C6834B3F0B92168134813F04C
S2140087E00FFD23683BB16268934204D2104813F031
S2140087F007FD6368236004F11405284629F0D1FDBF
S214008800236823B1FA212846594329F0C5FD20469E
S214008810BDE83840FFF714BF032804D16189054836
S21400882013F0EEFCF3E738BD0441002002E003003D
S21400883030E0030065E0030070B53E4B0D4604468D
S21400884009781860002A6FD101231A46A173002107
S214008850E1730121A1814FF46151C4E9001328237B
S214008860354E22810C21324622206381FEF7C6F85F
S21400887060B9D6E900230AB19A4207D331899942F2
S2140088809FBFC4E900237389218163812B4B2C4A47
S214008890E363042384F8403084F84C30E3182365FF
S2140088A0284BA2646365022304F10802E265264AA7
S2140088B084F85830226604F10A02A266234A84F835
S2140088C0643084F8703004F10C03E2666367646415
S2140088D0EA79A86802EB420300EB830104F13C0648
S2140088E04E601B4E40F82360FA261A4B1A488B60DF
S2140088F0531CEB71FEF762FB208904F114057043EC
S21400890029F0EEFD618920462AF014F9134B28461B
S214008910C4E90534FEF77EF9216849B1284671435B
S214008920BDE8704029F038BD4FF4F07302228DE7A1
S21400893070BD00BF04410020F84000200000230165
S214008940010023000200210003002101FDFF210099
S21400895020000105DD860000B98600006186000063
S214008960134B10B51C680CB3E37BEBB129F01DFD6F
S2140089702369C01A002809DB0E4813F041FC0023C7
S214008980FA20E3736368584329F0AAFDE37B5BB1E2
S2140089902489FA235C4329F0AEFDA04206D0204687
S2140089A0BDE8104029F09CBD6468F2E710BD00BF2A
S2140089B00441002092E0030073B5002401260A4D0E
S2140089C055F8042B52B1D36C43B1053350780621C9
S2140089D00093002210230196FEF78AFB01340C2C2C
S2140089E0EED102B070BD00BF0841002038B50024AB
S2140089F0044D55F8040B08B12AF0AFF801340C2CDE
S214008A00F7D138BD08410020042908B50AD172B153
S214008A106BB113781BB92AF0CBF8002008BD2AF0FA
S214008A20BDF8FAE7034813F0EBFB0120F6E7032056
S214008A30F4E700BFCCE0030010B4054C114654F830
S214008A4020001A46BDF804305DF8044BFFF7DCBF83
S214008A50084100200229024608B50ED004D839B9CC
S214008A6010462AF0A5F806E04029F9D0412907D19A
S214008A7010462AF093F8002008BD2AF0A3F8FAE77B
S214008A80024813F0BDFB0120F6E700BFECE0030050
S214008A9010B4054C114654F820001A46BDF80430B0
S214008AA05DF8044BFFF7D6BF08410020C26C094BA7
S214008AB052791A7082785A70C2789A70026D12B122
S214008AC090F85420DA70007804210930014AC0B2C8
S214008AD0FDF7A4BF0E690020024B53F820002AF0D1
S214008AE0B4B800BF0841002038B504460078084DE9
S214008AF009302A460421C0B2FDF780FF30B96B78F2
S214008B00A370AB78E370EB7884F8543038BD00BFC0
S214008B100E69002038B504460078114D09302A4603
S214008B200421C0B2FDF76AFFC8B9A3782A78022BE1
S214008B300CD004D863B920462AF03AF801E0FF2B9F
S214008B400AD02046BDE838402AF007B8002AF2D1FD
S214008B5020462AF023F8F4E7002AF9D1EBE738BDDF
S214008B600E690020F8B504460B783D4A0D4642F8DB
S214008B7023004370FFF7B8FFE36C3A4A5C631A635E
S214008B802046FFF7C7FF204629F0E7FF4FF4801383
S214008B9001266360E36C26720533E360324B26756C
S214008BA02361A31CA361236D002B54D02F4A84F8A5
S214008BB02060E261E21C62622D4A84F82C60A262A8
S214008BC004F15402226393F83420002A45D093F827
S214008BD03620204684F855201B8FA4F8563029F0FE
S214008BE0FBFF94F85510206D29F0E1F9B4F8561003
S214008BF0206D29F0E6F91F4B84F83860636304F1B2
S214008C005503E3631C4B06262364022384F8443092
S214008C1004F15603A3640627EA79A96802EB420327
S214008C2021F8237001EB830001238370134B043477
S214008C308360531C4460DBB2114C03EB4303C670E5
S214008C4041F8234001EB8300002343600D4B0232C2
S214008C508360EA71F8BD0226DDE70426DBE700BF85
S214008C6008410020272C03000340300101FF30019B
S214008C7002FF100103FF200104FF2101918A00007A
S214008C8008000100398A0000FF2805D1034B187838
S214008C90003818BF0120704700207047EF6800209A
S214008CA0F8B542790D461046FFF7EEFF0F4C28B197
S214008CB000260F4F3B78B3420DDCF8BD5823013A2F
S214008CC003FB024019B1BDE8F84029F067BFBDE8D4
S214008CD0F84029F06DBF204625B129F05FFF013628
S214008CE05834E7E729F064FFF9E700BF00270020C3
S214008CF0EF68002010B542791046FFF7C5FF0D4B10
S214008D0068B10D4A117800228A4201DB002010BDAE
S214008D10DC6C58336479002CF9D10132F4E7582121
S214008D20013A01FB0233DB6C5879003818BF01208A
S214008D30EDE700BF00270020EF68002010B542795D
S214008D4004461046FFF7A0FF40B9BDE81040582083
S214008D50084B013A00FB023029F034BF2046FFF7EB
S214008D60C9FF80F00101C9B22046BDE81040FFF7F8
S214008D7097BF00BF0027002008B542791046FFF7CE
S214008D8083FF38B942B1054B1B78934234BF0020AD
S214008D90012008BD0120FCE71046FAE7EF68002036
S214008DA070B500250A4C0B4E3378AB4200DC70BD24
S214008DB0D4F8A41041B123791BB12046FFF7DCFF9D
S214008DC010B9084629F0C4F80135AC34ECE700BF0A
S214008DD010290020F068002010B586B00446FEF783
S214008DE00FF9012812D16378094A8DF804304FF440
S214008DF08273ADF806304FF48073CDE9022300236A
S214008E0001A804938DF81430FEF732F906B010BDB1
S214008E100800070110B586B00446FEF7F1F80128F1
S214008E2020D16278104B8DF804204FF4827294F8AB
S214008E30A01094F8A10059701870ADF8062004939D
S214008E404FF480720223094901A88DF81430CDE949
S214008E500212FEF70DF994F8A130013B18BF01236A
S214008E6084F8A13006B010BD126900200800050184
S214008E7010B58378044686B0BBB30379022B05D1C0
S214008E80FFF77AFF10B12046FFF758FFA379022BB1
S214008E9002D1204629F04CFF94F8A830BBB1FEF76B
S214008EA0AFF8012813D194F8A830114A8DF8043091
S214008EB04FF48273ADF806304FF48073CDE9022389
S214008EC0002301A804938DF81430FEF7D1F820464D
S214008ED0FFF7A0FF0223552212216078A4F86C3019
S214008EE006B0BDE8104029F0BABA06B010BD00BF03
S214008EF0060002014388094A0821138083885380AC
S214008F0083681B8A938090F8A03093718379D3711D
S214008F1000780430C0B2FDF781BD00BFF4630020C6
S214008F2038B50D4604460178134813F069F94FF634
S214008F3002739D4211D1114B1A782AB962712046EC
S214008F40BDE83840FFF7D6BF6379FF2BF7D00BB1EB
S214008F509A42F4D201236371F1E7B5F57F4FEED163
S214008F60204629F0ADFFA378022B0CBF0122002279
S214008F70A3689A70E3E700BF08E10300EF680020EB
S214008F80024B53F82000FFF7CBBF00BF384100204C
S214008F9038B504460078154D04302A460821C0B27C
S214008FA0FDF72CFD20B1BDE83840114813F028B974
S214008FB02B8863806B88E978A380AA88A3681A82C6
S214008FC0AB7984F8A030EB79A3710A4B1B780BB908
S214008FD0637138BDFF29FCD009B19942F9D906481A
S214008FE013F00EF923780133F2E700BFF463002094
S214008FF022E10300EF6800204BE10300F8B50446C9
S2140090000B78474A0D4642F823004370FFF7C0FF2F
S214009010A268444BD465D364434B02265365434B46
S214009020A11C13654FF44013E36001236161E16204
S2140090303F49103221632265211D3E4AA1633E4806
S2140090403E49626504F1A002A061E163E265E01CAE
S214009050611D3B4A206261643A483B492266A21D74
S2140090602374237784F8283084F8343084F840302A
S214009070A16484F84C6084F8583084F864306062E8
S214009080A266E879AA6800EB400102EB810704F1CA
S2140090900C0CC7F804C04FF0060C2C4F42F8217099
S2140090A0C118C9B201EB410142F821C002EB8107A9
S2140090B000217960264F84F880302767254F84F892
S2140090C09830A767244F254BE767254F84F87460D0
S2140090D084F88C60C4F89C3004F16C06831CC4F8D9
S2140090E08470C4F890601F4F1F4EDBB203EB43033F
S2140090F0C4F89460C4F8887002EB83067034746019
S21400910008261A4C42F82340C31CDBB203EB430389
S21400911002EB8304043042F823606160E871F8BD16
S21400912038410020A52D0300612E0300718E00003B
S21400913001FF300104FF20011000300102FF200172
S21400914005FF300100FF300103FF21010700010881
S2140091504A002100EA7A040051001000EC7A04006C
S214009160ED7A0400550021006F001800120001047B
S21400917000239B6AB3F5804F03D21968064A9142D2
S21400918003D00023037083607047012202709A6840
S2140091909B694260F7E700BF07B0CD5E024B034A0B
S2140091A01A602BF046BB00BF0000002002020FF042
S2140091B073B53F4B04461A781AB102221A7002B0F1
S2140091C070BDCDE900220028F9D001261E7033F0CC
S2140091D0BDFE384D384B186017F0F4FD2B785BB9A0
S2140091E002F0F2F940B935480823354A3549006897
S2140091F001F038FE00B92E70334B5A68E260334AED
S2140092009A601A6E22605A6E6260D3F87021A2606D
S2140092101B6E5C042CD52E4AD368D807FCD42D4B85
S2140092201A68531C29D04FF4801393402A4A1366B9
S2140092300423294C4FF0804223664FF48063236654
S214009240102323664FF400536846236601A922665E
S214009250636629F04DFE009B2366019B63662B78B0
S214009260002BACD0164B1A6822665B686366A6E7CE
S2140092701A4AD368D907FCD4D1E7194B1B78002BC0
S214009280D6D1184B5A68144B12B94FF480121A668E
S214009290154A526812B94FF400121A66134B5B68EF
S2140092A0002BC5D14FF480020B4B1A66C0E700BFF7
S2140092B01569002016690020784100204C730020B4
S2140092C07C410020007108000080004455CEAC00B0
S2140092D00000044018730020009000440000045072
S2140092E0146900200080055000C00550000006509C
S2140092F038B5224D04462B78012B02D001232B7063
S21400930038BD0028FCD029F018FE013009D029F01D
S21400931014FE40F20113984203D0194AD368DB07C3
S214009320FCD42268174B1A6662685A66A268C3F8AD
S2140093307021E268D40744BF00229A60124B1A6874
S214009340013213D1114A127882B911494968C80707
S21400935048BF1A600F4A5268D10744BF01221A60FC
S2140093600D4A5268D20744BF02221A6017F032FD37
S2140093700A4B186833F0E5FD0023C0E715690020A6
S2140093800000044000800044187300201469002088
S2140093900080055000C005500000065078410020AF
S2140093A070B50024A36AB3F5804F23D21A68134B16
S2140093B09A421FD1124E337813F0FD0518D14FF4A0
S2140093C080341048FFF7F4FE032004F075FD0E4BC2
S2140093D00320DC6004F054FD0C4B1C61AB6ADB69B7
S2140093E0984704460748FFF783FF0CB901233370FC
S2140093F0204670BD4FF48174FAE700BF07B0CD5E1B
S214009400146900206841002000A000440090004439
S21400941013B5204B1B7803B9FEE700231E4CCDE99D
S21400942000336A4608231D49206801F01BFDF8B981
S2140094301B4AD2F84031D2F840211F2B4FF00103CF
S21400944011D9203A9340019A1A43019208236A469A
S2140094501249206801F08EFE124B134A1A602BF058
S214009460E8F902B010BD9340009A1A430092EDE767
S2140094702D28F1D10A4AD2F84031D2F840211F2BCC
S2140094804FF0010385BF203A93409340019398BF65
S2140094900093DBE7156900204C730020007108007C
S2140094A000800044000000200B020FF038B50025B5
S2140094B0AB6A0446B3F5804F10D21B6BB3F5804FF2
S2140094C00CD20748FFF774FEAB6A20461B6B5B683E
S2140094D09847BDE838400248FFF70ABF38BD00BFCE
S2140094E08441002013B50024A36A0190B3F5804F91
S2140094F013D21B6BB3F5804F0FD20948FFF758FE07
S214009500A36A01211B6B01A89B699847044604487F
S214009510FFF7EEFE204602B010BD4FF48174F9E767
S2140095208441002070B50026B36A0446B3F5804F28
S2140095300D4612D21B6BB3F5804F0ED20848FFF7CC
S21400954037FEB36A20461B6B29469B69984704463C
S2140095500348FFF7CDFE204670BD4FF48174FAE74E
S2140095608441002070B50026B36A0446B3F5804FE8
S2140095700D4612D21B6BB3F5804F0ED20848FFF78C
S21400958017FEB36A20461B6B2946DB6998470446DC
S2140095900348FFF7ADFE204670BD4FF48174FAE72E
S2140095A084410020F8B50027BB6A0446B3F5804F17
S2140095B00D46164611D21B6B7BB10948FFF7F8FD26
S2140095C0BB6A20461B6B324629465B6A98470446B0
S2140095D00348FFF78DFE2046F8BD4FF40174FAE706
S2140095E08441002070B50026B36A0446B3F5804F68
S2140095F00D4612D21B6BB3F5804F0ED20848FFF70C
S214009600D7FDB36A20461B6B29469B6A98470446DB
S2140096100348FFF76DFE204670BD4FF40174FAE76D
S21400962084410020F0B50027BB6A0446B3F5804F9E
S2140096300D461646ADF5337D20D21B6BB3F5804F35
S2140096401CD21048FFF7B4FDBB6A20461B6B40F2E5
S214009650C1225B6A01A99847044630B10948FFF762
S21400966047FE20460DF5337DF0BD836A32461B6B00
S2140096702946DB6A01A898470446EFE74FF40174D1
S214009680EFE700BF8441002010B50024A36AB3F5BD
S214009690804F10D21B6BB3F5804F0CD20748FFF7F4
S2140096A087FDA36A1B6B1B6B984704460348FFF7AE
S2140096B01FFE204610BD0124FBE700BF84410020AA
S2140096C0F0B58FB0044601A80E461546FFF7EEFE2D
S2140096D09DF80C30012B12D1B5F5402F27D8B4F5E4
S2140096E0402F24D86319B3F5402F20D821462A46A8
S2140096F0304614F027F8002420460FB0F0BD0027AF
S214009700BB6AB3F5804F15D21B6BB3F5804F11D2F1
S2140097100A48FFF74DFDBB6A2A461B6B31462046BA
S2140097205B6B984704460548FFF7E2FDE4E740F226
S2140097300244E1E740F20114DEE700BF8441002066
S214009740F0B58FB0044601A80E461546FFF7AEFEEC
S2140097509DF80C30012B1FD1B5F5402F06D8B4F577
S214009760402F03D86319B3F5402F13D940F20244B3
S21400977020460FB0F0BDE258013225D104339D4299
S214009780F9D82A463146204629F007FC0028EDD0B5
S2140097900024EDE70023F2E70027BB6AB3F5804F0D
S2140097A015D21B6BB3F5804F11D20A48FFF700FDA8
S2140097B0BB6A2A461B6B314620469B6B984704467D
S2140097C00448FFF795FDD3E740F20344D0E740F2A4
S2140097D00114CDE78441002070B58EB0044601A880
S2140097E00D46FFF763FE9DF80C30012B22D144EAAC
S2140097F00503C3F30C03002B33D1B5F5402F04D972
S21400980040F2024420460EB070BDB4F5402FF7D8A3
S2140098102544B5F5402FF3D8204604F5005429F02A
S214009820B5FBAC4202D00028F6D1E9E70028E7D025
S2140098300024E7E70026B36AB3F5804F14D21B6B0B
S214009840B3F5804F10D20A48FFF7B2FCB36A294638
S2140098501B6B2046DB6B984704460548FFF748FD20
S214009860D0E740F20444CDE740F20114CAE700BF57
S21400987084410020BFF34F8F0549064BCA6802F4A7
S214009880E0621343CB60BFF34F8F00BFFDE700BF1E
S21400989000ED00E00400FA0570B5D0B1C9B10E4E77
S2140098A0431E013913F8014F2046325D02F00302D1
S2140098B0012A11F8012F08BF04F12000B55C05F05D
S2140098C00305012D08BF2032801A01D1002CE9D1F2
S2140098D070BD0120FCE700BFC5A204000348044A8F
S2140098E00449121A921029F0A4BB00BF34410000AC
S2140098F0D04200003070002008B5154B83F30A886C
S21400990000F030F8FFF7EAFF124B13498B4212D3F0
S2140099100020124B12498B4218D3FBF7E3F9186864
S21400992050F82240586840F8224001329868824237
S214009930F5D30C33EAE70022F8E71C6844F8220067
S21400994001325C68A242F8D30833E4E70022F8E765
S2140099500800002064C7040070C7040070C7040035
S21400996070C70400124B134A70B59A60D3F888206B
S214009970114D42F47002C3F888206FF0010205F51D
S2140099800054226641F2FF7262660222C3F8D020BB
S214009990BFF34F8FBFF36F8F4FF44036032004F0B2
S2140099A08BFA0320E66004F06BFA2E6170BD00BFF0
S2140099B000ED00E00040000000800044014B18600D
S2140099C0704700BF20730020054B1860054B1B6FC7
S2140099D003F00703032B01D131F010BC704700BF22
S2140099E028730020008000502DE9F04104464FF017
S2140099F001080C250D4E0CB9BDE8F08194FAA4F0D0
S214009A00B0FA80F00F2808FA00F2C8BF103824EA2F
S214009A100204CABF05FB006205FB0062B432576849
S214009A20002FE8D09168C0B2B847E4E79441002020
S214009A3008B50C4833F028FB192004F02FFA28B19B
S214009A40192004F039FA192004F01AFA1A2004F042
S214009A5025FA28B11A2004F02FFA1A2004F010FA7A
S214009A60002008BD507D04002DE9F0410E46174643
S214009A70054618B30F2923D80378DBB1013BDBB2C8
S214009A80022B19D8104AD35C6A78D340DB0717D567
S214009A900E4BD3F81043ACB933F058FA80463A462A
S214009AA02846314602F068FF404633F04AFA204620
S214009AB0BDE8F0817F23E7E70023E5E72224F6E709
S214009AC02124F4E70224F2E7407B040000C00350A0
S214009AD010B5044610B30378E3B1013BDBB2022BAA
S214009AE01AD8104AD35C6278D340DB0718D533F017
S214009AF02DFA0122617823788A4030214B4341F2C7
S214009B00100103F1A04303F570335A5033F019FAED
S214009B10002010BD7F23E6E70023E4E72220F8E7D5
S214009B202120F6E7407B040010B5044610B3037806
S214009B30E3B1013BDBB2022B1AD8104AD35C627841
S214009B40D340DB0718D533F001FA01226178237879
S214009B508A4030214B4342F2100103F1A04303F543
S214009B6070335A5033F0EDF9002010BD7F23E6E73E
S214009B700023E4E72220F8E72120F6E7407B0400F4
S214009B8038B50D46044618B311B30378E3B1013B6C
S214009B90DBB2022B1AD8104AD35C6278D340DB07BC
S214009BA018D533F0D3F930222378534303F1A0437A
S214009BB003F570335B696278D34003F001032B70C2
S214009BC033F0BFF9002038BD7F23E6E70023E4E743
S214009BD02220F8E72120F6E7407B04002DE9F0413B
S214009BE00D4616469846044600284FD000294DD00C
S214009BF00178002940D04B1EDBB2022B3ED8254A06
S214009C00D25C6378DA40D20701D4FF2940D1022E15
S214009C1001D9042E3CD133F099F923780746FF2B5F
S214009C2005D032462046296802F0ECFE28602B68F4
S214009C30013309D12378FF2B06D1174B6078D3F870
S214009C4024142AF066F8286029684B1C18D00C23C8
S214009C50124A03FB0122069BC2F804809360237815
S214009C60FF2B04D001230E4A8B40C2F8243438461A
S214009C7033F067F9002007E07F22C2E70022C0E742
S214009C80384633F05EF92D20BDE8F0812220FBE750
S214009C902120F9E7407B040000C0035094410020D7
S214009CA000D0035008B502F05DFE044B00F05530BE
S214009CB0C3F82004BDE80840FFF796BE00E0035056
S214009CC008B502F04FFE044B00F0AA30C3F820049B
S214009CD0BDE80840FFF788BE00E003502DE9F04FCE
S214009CE0144605460E469B46C36B87B001225B6949
S214009CF002A960689847EB6B01225B6903A93046AE
S214009D00984702A829F094FD074648B10023A3759A
S214009D1063754FF0FF33A360002007B0BDE8F08FF7
S214009D2003A829F092FD0123A375237E04EBC30349
S214009D30DE611F846368B3420ED1206003A829F059
S214009D40A6FD4FF0FF332075A360237D043B022B56
S214009D5026D80023A375DFE723681A1A5342534117
S214009D60A37503A829F093FD237D834218BFA7752A
S214009D7003A829F06EFD074602A829F06AFD87426F
S214009D8018BF002303A818BFA37529F06AFD07466D
S214009D9002A829F066FD87421CBF0023A375D4E7FE
S214009DA003A829F056FD80B1EB6B022230465B69B2
S214009DB004A9984704A829F05BFD0346207D0328E4
S214009DC039D8DFE800F03838040903A8F3E7CC22D6
S214009DD0237E04EBC3031A8401F06EFC109B1870FC
S214009DE003A8277E29F029FD04EBC70787F8220081
S214009DF0237E03A804EBC303B3F8209093F82270E5
S214009E0029F027FD804603A829F02BFD8246B8F1ED
S214009E10000F15D0EB6B022230465B6904A9984709
S214009E2004A829F0EAFC6075637D6BB90023A3756E
S214009E304FF0000838E0227E04EBC2021384CBE722
S214009E4003A829F0C5FCEEE794F81680B8F1000FD9
S214009E50EED0B9F1000F09D1DFB10123E375637EBF
S214009E60002B4FD1012F42D1677614E06B6C06EBC6
S214009E700A015A4286EA010010421CBF0022A2755F
S214009E805A1E0A409B1A9945D0D8A37D002BE3D1D1
S214009E90CEE7E37D43B94FF000084B4652463146C5
S214009EA0284629F010FAA060A27D12B123694B441F
S214009EB023611A49237E097899422AD901332376E9
S214009EC0BBF1000F27D032B3E37D23B3B8F1000F08
S214009ED021D1032F1FD0A1684B1C1CD0109B2246FB
S214009EE0009328460123FFF7F9FEA07513E095F8C6
S214009EF0343063B9EB6A0133CFD1032FCDD10123C0
S214009F00A376C8E7012FCFD0032FC4D1F7E7984632
S214009F10C3E70023A375A07DFFE600BF647B0400B3
S214009F202DE9F04F0E46984600238BB004464FF0BE
S214009F30FF31104617468DF8133001F0A7FBB6F533
S214009F40801F20D2314605AA04F1080029F0C2FB82
S214009F50451C014603D1237CBBB92D2010E03846B2
S214009F6001F094FB0122394620460DF1130329F037
S214009F70FCF90028EFD09DF8133088F80030002058
S214009F800BB0BDE8F08FB01CE5D1E56A691C36D190
S214009F902046616A29F0DDF80546B31C18BF012388
S214009FA0DFF8CC900193636A626C0293236805A97C
S214009FB002FB053AE36B05225B695046984705A805
S214009FC029F0D1FC29F0F4FC504629F0FCFC4FF0B7
S214009FD0000B824601464B1C05D0636C81EA0A02E0
S214009FE05B42134211D02946204629F0B2F8029B64
S214009FF0AB422CD0BBF1000F2CD10546D3E723682B
S21400A000ED1A636CB5FBF3F5C7E7484601F03EFB77
S21400A0100DF1130349462046019A29F0A6F9034696
S21400A02090B1B21C03D0D9F80020B2420CD19DF8F2
S21400A030132003930D4B88F8002049461A683846CB
S21400A04013F080FB039B9B46D9F80810C3E7BBF1CF
S21400A050000F82D0B6F5801F91D2314698F80030B6
S21400A0607A6804F1080001F03FFA88E7607B040094
S21400A070704900202DE9F3410446174698460E46DF
S21400A080184D816AE36A8B4201D04B1C02D102B0A4
S21400A090BDE8F081284601F0F9FA0122294620465B
S21400A0A00DF1070329F061F938B1434629462046E9
S21400A0B09DF80720B8470028E9D0A9684A1C04D1B3
S21400A0C06968204629F0D2F80146012EDAD16B687D
S21400A0D081EA0302636C5B421A4218BF4FF0FF31FD
S21400A0E0D0E700BF444900202DE9F04F4FF0FF3382
S21400A0F04FF6FF720025044600F10806C0E9092362
S21400A1008BB0C362056205633046884629F0B3FA11
S21400A110204628F0EEFF60BB2046414629F069F84D
S21400A120204628F0E6FF60BB5E200BB0BDE8F08F4F
S21400A1302368E26B606C576900FB0530052205A9B1
S21400A140B84705A829F00FFC012807460CD1294678
S21400A150204629F01FF8012F024600D10132294679
S21400A160204628F0E5FF03E029F027FC0028EED182
S21400A1700135E3699D42DBD3204628F0BAFF00286C
S21400A180CAD000254FF0FF394FF6FF73CA46A846DF
S21400A190C4E90853E36998450AD3A5EB0905012DE0
S21400A1A02CD84FF6FF72636A93423CD16720BCE717
S21400A1B02368E26B606C576900FB0830052205A92E
S21400A1C0B84705A829F0CFFB834605A829F0A2FBCF
S21400A1D00746584629F0ECFB68B1574538BFC4F827
S21400A1E02480B94528BFB946BD4238BF3D46BA4669
S21400A1F0236A0133236208F10108CBE74FF6FF73A9
S21400A20000256362E3699D42CBD2676C2068E36BEE
S21400A210052207FB05005B6905A9984705A829F0F4
S21400A22079FB0135EEE7E26B676C2068694607FB51
S21400A230030055690522A847684629F06BFB626A49
S21400A2402368606C4B4D00FB023029F0BCFB4FF0DE
S21400A250FF33A062E3622A466FF00101204605AB99
S21400A260FFF75EFE002846D1AD6829462046E56227
S21400A27028F01BFF206320B92046E16A28F0F6FF8D
S21400A280E0622946204628F0F1FF0546A36A9D4273
S21400A29033D1204628F0DCFE00278046B946E36925
S21400A2A099453CD3B84559D92046616A28F051FFF4
S21400A2B00026054604F1400AB74212D8626C2368AD
S21400A2C0694602FB0539E36B05225B6948469847F9
S21400A2D0684629F01FFB534602464946E06B29F0C4
S21400A2E074FB2946204628F034FF0136B045054663
S21400A2F0E2D1642019E7A56AB7E72946204628F088
S21400A300D4FE236B2946034407462363204628F0E1
S21400A310ADFF0546002FB9D1C4E90B07B6E7636C5D
S21400A3202568052203FB0955E36B05A95B692846EA
S21400A330984705A829F017FB29F03AFB58B128469C
S21400A34029F041FB0146204628F0AFFE636C143B23
S21400A350984208BF013709F10109A0E7304629F005
S21400A3608AF9002320461946034AFFF783FE002099
S21400A370DBE600BF9C490020593303002DE9F0417D
S21400A380036B9046826B07689A4288BF8363426C71
S21400A390436A90B002FB0377C36B0E46052201A901
S21400A3A05B6904463846984701A829F0DCFA01287C
S21400A3B00146307057D0656CE26B2368606AD2F84D
S21400A3C014C005FB0030052206A9E04706A829F0C0
S21400A3D0CAFA01284FF0000523D0D4E90A32012139
S21400A3E09342CDE90B458DF834800E958DF83C10E0
S21400A3F02AD11946204628F039FF236B626C1433A5
S21400A4009B1AE06223630C9B53B99DF83C303BB12A
S21400A410626A616C2368E06B01FB023129F05BFA2B
S21400A4200C9DE36B05225B6901A93846984701A895
S21400A43029F099FA30702846236BA26B9A4288BF9F
S21400A440A36310B0BDE8F081237C33B91C490BAA86
S21400A45004F1080001F096F8D5E72046194A0BAB40
S21400A460FFF708FECFE7237C23BB2246164904F1FC
S21400A470080001F087F8616A204628F08BFE616AC2
S21400A480421C204628F054FE054620B9236B626C19
S21400A4901344143B23632046A16A28F0E7FE236892
S21400A4A0A062C01A636CB0FBF3F06062204628F02E
S21400A4B020FFB6E700232046044AFFF7DBFDDAE775
S21400A4C021AC00009DAB0000F33303008F33030084
S21400A4D073B50D46D11E4A421C461B7E4A419A421F
S21400A4E026D129682368994222D3636899421FD8E7
S21400A4F0114E0DF107033246FFF712FDC0B9726820
S21400A5006B689A4214D19DF80730DA1E53425341C5
S21400A510227E93420CD1636901336361D4E903233D
S21400A520934205D22968A26842F8231001332361BA
S21400A530012002B070BD00BF9C4900202DE9F04FFD
S21400A5409B4689B09DF848309046514A019313695E
S21400A55007465B450D46C0F09580D9465368009384
S21400A560B9F1000F7BD0FB6B01225B6905A900984F
S21400A570984705A829F069F9454B1B68984240F0B2
S21400A580848005A829F06DF90428064615D105A88B
S21400A59029F06EF9009B04461E44019B002B3ED119
S21400A5A0804512D91C46A8EB00083846009928F0CA
S21400A5B05DFEA9EB04090090D2E7FB6B02225B6903
S21400A5C0009806A9984706A8E2E7A0EB08045C45B1
S21400A5D028BF5C46032C4644ABEB040B1DD9FB6B33
S21400A5E0294630465B69A208984724F0030304F026
S21400A5F0030A1E441D44DDF80480BAF1000FD4D0CF
S21400A600FB6B012206A930465B69984752462846EE
S21400A61006A913F097F85544C7E7A246EBE782462B
S21400A62000F0030302932B1803930644039BA6EB48
S21400A6300A00A3EB0A05029B9A4514D1BAF1000F53
S21400A640B3D0FB6B012206A95B69984752462846A1
S21400A65006A913F033FA0028DDD04FF03609484635
S21400A66009B0BDE8F08FFB6B012206A95B6998472D
S21400A6700422284606A913F021FA0028EDD1AAF1F3
S21400A680040AD3E74FF06309E9E74FF06F09E6E7FE
S21400A690C84900202DE9F0410F4616469846044664
S21400A6A088B060B390F83450FDB1012128F016FD53
S21400A6B000210E9BCDE90511CDE902379DF83C300F
S21400A6C0CDF804808DF81C30237C04968BB90D4998
S21400A6D001AA04F1080000F055FFDDE90553E06B20
S21400A6E0002E08BF1D4628F092FE284608B0BDE89A
S21400A6F0F0812046044A01ABFFF7BCFCEDE70546B7
S21400A700F3E700BFBD330300D1A400007FB590F887
S21400A7104260044601920DF10B030A463046114989
S21400A72028F07DFE012E0546E36B17D132465B69A5
S21400A73003A998479DF80B10039B019A59B19BB249
S21400A74043EA0243012228460393E36B03A99B696D
S21400A750984704B070BD62F30F03F3E701229B69CC
S21400A76001A9F5E7C84900202DE9F04F99B00E463B
S21400A7700D920A69416C0B931439D31DB3FBF1F3A8
S21400A780013302EBC302036B04469342C0F001821E
S21400A7900023DFF804940893E36A484619460593B5
S21400A7A000F074FFD6E9033707930B9B022B4DD1BD
S21400A7B0CC2F40F0D7810D9B3BB13146204628F088
S21400A7C084FE656C1490012044E00120079B656CB4
S21400A7D01B68149300F0010000280CBF0423082314
S21400A7E0782F0E9349D8059A6B1E1340ED1A3B1D21
S21400A7F09D423CD2002F3DD0082D3ED80023042594
S21400A80006934FF0040A336806990B98C9F800308F
S21400A810C9F8107029F03FF84FEA9A030F93059B8A
S21400A82089F814000393002309930C9304930A9366
S21400A830616C039B4A1E1A408B1A27B35544AB42E1
S21400A84023D8236B5B1A134423632FE1782F656CA0
S21400A850B9D8F07D0D9B002BBCD0E36B01225B6961
S21400A860706816A9984716A828F0F3FFB4E70025E5
S21400A8700695C6E704250697C3E7012300254FF093
S21400A880080A0693BFE75345DBD3A3EB0A029742B9
S21400A890039BB84628BF90469742534428D90122C6
S21400A8A0D9F8101089F817208F4226D10399C9F8D5
S21400A8B00410049299F817200AB399F81810039810
S21400A8C0CA1C09EBC202506004980131A2F8088045
S21400A8D0907289F81810B8F1000F07D00B9A022A68
S21400A8E040F08180099A72B1012209929B46ABE042
S21400A8F0049A002A18BF0322DBE70222D9E7039A4C
S21400A900C9F80420E7E70C9A4244032AEED9E26B22
S21400A9101846956914A901220993A847099B05467C
S21400A9200028E1D03D2D40F01E8104F1080303937A
S21400A9302368059A606CA2EB030ABAFBF0FA00FBE8
S21400A9400A3029F040F8E16A8046204628F08EFC5E
S21400A950A26A824200F00F81626CD9F80830511E5C
S21400A9600B40216B2768891A0B442363089BE0621F
S21400A970DF1BB7FBF2F7BA4540F0FA80059BB3EB56
S21400A980080A12D0E36B4FEA9A0241469B69984741
S21400A9908346E36A059A5344E362236B03989B1A43
S21400A9A04344236328F067FEDA462368616CE06B55
S21400A9B001FB073128F07CFF204628F09AFB204652
S21400A9C028F097FC2063BAF1000F00F0D4803269BB
S21400A9D0616CD31D1439B3FBF1F3013302EBC302F0
S21400A9E09042A5D2BFE00D9A002A77D1B8F1030FA6
S21400A9F04FEA98026ED9E16B18468D690799109355
S21400AA00A847109B0546C0B918F0030515D0079A4D
S21400AA1028F0030B02EB0B019B444FF0FF3215A806
S21400AA2015922A46109312F08DFEE26B58469569F1
S21400AA3015A90122A8470546109B9B46079A424443
S21400AA400792002D40F08B80049B16A80193069B6E
S21400AA50009399F814204346316800F0CDFDE36B6F
S21400AA600F9A9B69039816A99847039A051E089B98
S21400AA7018BF13460893434652462046039928F0CB
S21400AA8022FC236B08F10302A3EB0A0322F0030265
S21400AA909B1AC9F808002363002D7FF443AF0C9B74
S21400AAA0A7EB080743440C93CDF80CB02046039957
S21400AAB028F0DCFB00250390002F7FF4B9AE364A61
S21400AAC03168936804F10800E36252680B9B00F05B
S21400AAD00BFD49E09B46454607999EE79B4606F1D7
S21400AAE020021092F27D7068A2B1002296F818C07B
S21400AAF00A99D5B2AC4511D9109D02F1010E35F870
S21400AB0032508D4228D90E9806EBC2020144D06915
S21400AB10084403E00E9A0A990A441044E26B15A909
S21400AB20556901221193A847159A0A9B1392E26B66
S21400AB30043395695846012213A90A93A847119B26
S21400AB40054603EB0802A2EB0B02042A7FF679AF58
S21400AB5028B90BF1040BC5E77246491BC9E7CDF8C7
S21400AB6020B088E770252F46384619B0BDE8F08F2C
S21400AB704FF0000A19E73269616CD31D1439B3FB34
S21400AB80F1F3013302EBC302236B9342BFF404AE2E
S21400AB90E9E71C27E8E700BF70490020032A2DE9F3
S21400ABA0F34106460D4617461C4606D1237A012B6E
S21400ABB023D0012002B0BDE8F081DFF8608009688C
S21400ABC042460DF10703FFF7ABF960600028EDD1B0
S21400ABD09DF80720237A032AE8D0D8F804106A687C
S21400ABE09142E3D1012B2969D4F80CC007D17269D0
S21400ABF00CEB0103934202D92074207CDAE708317B
S21400AC006144E1603B46012229463046FFF7ACFD31
S21400AC1060600028CAD00020CCE700BF9C49002016
S21400AC202DE9F341089C032A1746266806D1237AA5
S21400AC30012B24D0012002B0BDE8F081DFF890801F
S21400AC40304642460DF10703FFF76AF960600028B8
S21400AC50EDD12568D8F80400A96AD5F844C0484064
S21400AC60CCF100031840227AE1D1012A09D1E2682A
S21400AC70D8F8103013447269934202D92074207CAD
S21400AC80D9E72868EB6A1B1A081AB3FBFCF3B0FB7B
S21400AC90FCF083420BD1706CF36A421E1340326B99
S21400ACA0121A13442846336328F0E0FAE862D8F80C
S21400ACB01020E36808321344E36001223B4604494F
S21400ACC02068FFF751FD60600028B0D00020B2E792
S21400ACD09C4900202DE9F0410025604B0E46D3F834
S21400ACE0008004461D6018B921252846BDE8F0817D
S21400ACF090F8347007B30A6803689A4240F0A3805D
S21400AD004A6843689A4240F09E808A6883689A42FE
S21400AD1040F09980CA68C3689A4240F094800A69F5
S21400AD2043699A4240F08F808A69C36B9A4240F02A
S21400AD308A804B698361D8E768223946856B12F0B2
S21400AD4071FBD6E90212336804F1080023607368C9
S21400AD50A5636360336963617369A36128F09DFC32
S21400AD60B36904F14000E3639B68984720B9676CB9
S21400AD7017B16368B3FBF7F794F84330E761002B2D
S21400AD80B2D00023656C2366002D64D0002F62D0FD
S21400AD902368B3FBF5F205FB1233002B55D166682A
S21400ADA0B6FBF5F305FB1363002B4ED1204628F0C7
S21400ADB06CF9A369043303449E4248D340F63472C8
S21400ADC06369CC3B934244D8B5F5805F43D30321F7
S21400ADD0204628F083F9D4E90001E36B1B68984706
S21400ADE00546E36B0220DB689847CDB9414620460E
S21400ADF0FFF77AF96428054604D141462046FFF756
S21400AE0073F90546666C5DB9236A2046143E5E43B8
S21400AE1028F03BF9A369043303449E4238BF5A2501
S21400AE20002D0CBF0123002384F8343007D1D4E969
S21400AE3000010B4A13680133136028F0C8FCE06B6E
S21400AE4028F0E5FA51E75D254FE759254DE75A25E5
S21400AE504BE75F2549E75B2547E700BF0043002037
S21400AE60FC4200202DE9FF410C4616461F460546CB
S21400AE7080B390F834307BB3B1F5801F2ED2DFF864
S21400AE806080012128F02AF92146424628460DF125
S21400AE900F03FFF745F8044670B99DF80F30012BF5
S21400AEA011D1D8F81030BB4212D10246009031467C
S21400AEB02846FFF743FB0446E86B28F0A8FA20462E
S21400AEC004B0BDE8F081022B14BF2D246024F3E704
S21400AED06324F1E72124F2E71124F0E72924EEE7C2
S21400AEE0C84900202DE9F04385B00C4617461E469B
S21400AEF00546DDF8308098B390F8343093B3B1F55A
S21400AF00801F31D2DFF86490012128F0E7F821464F
S21400AF104A4628460DF10F03FFF702F8044688B9A3
S21400AF209DF80F30012B14D1D9F8102006EB08033A
S21400AF309A4213D300904346324639462846FFF7D6
S21400AF40FDFA0446E86B28F062FA204605B0BDE834
S21400AF50F083022B14BF2D246024F3E76324F1E76B
S21400AF602124F2E71124F0E72924EEE7C84900205F
S21400AF7073B50C461646054630B390F834302BB3FE
S21400AF80B1F5801F24D2012128F0A8F821462846D2
S21400AF90104A0DF10703FEF7C3FF044680B99DF87B
S21400AFA00730032B0CD0022B0CD12846094928F079
S21400AFB08CFA3060E86B28F02AFA204602B070BDA2
S21400AFC02D24F7E76124F5E72124F6E71124F4E7BA
S21400AFD02924F2E7C84900202DE9F3411E46002344
S21400AFE00C4617460546336050B390F834304BB3E2
S21400AFF0B1F5801F28D2DFF85480012128F06EF8C2
S21400B0002146424628460DF10703FEF789FF04460F
S21400B010A0B99DF80730032B10D0022B03BF0123E5
S21400B0203B600423D8F8103018BF38603360E86BF4
S21400B03028F0EDF9204602B0BDE8F0812D24F6E7B1
S21400B0402124F7E71124F5E72924F3E7C84900206F
S21400B05073B50446056B28F018F8636E03449D42EA
S21400B0602CBF00230123854294BF00252D1A207C87
S21400B07084F85030656584F85800A8B100230C4E5B
S21400B0801A4619462046009628F0E3FA002305469D
S21400B0901A4619462046009628F0E4FAE368284443
S21400B0A0984294BF0020C01AE06502B070BD00BF91
S21400B0B0FFFF0F002DE9F3471E4643690446B342DF
S21400B0C0884617469DF828904ED300258DF80750E1
S21400B0D0204627F0DAFFD4F830A082450AD2236A49
S21400B0E0B5EB430F06D2002220460DF10701FFF70D
S21400B0F045F9B8B39DF80730012B05D1002220464C
S21400B1000DF10701FFF73AF9B9F1030F06D0314602
S21400B110204627F0AAFF256B854227D3144D4FF013
S21400B120FF31284600F0B2FA4B4629460022204658
S21400B130C5E90376C5F80080FFF716FB236E0546C3
S21400B14063B12046FFF784FF94F8503013B994F8A3
S21400B15058301BB1236E04F150009847284602B0C1
S21400B160BDE8F0870135B3E76225F7E71C25F5E76C
S21400B1709C4900202DE9FF410F4690461E46054695
S21400B18098B390F8343093B3B1F5801F31D21A4C8F
S21400B190022127F0A3FF2246394628460DF10F0369
S21400B1A0FEF7BEFE024678B10123424600933946BA
S21400B1B033462846FFF77EFF0446E86B28F027F95B
S21400B1C0204604B0BDE8F0819DF80F30012BEBD18E
S21400B1D02169B142E8D10093414633462846FFF73D
S21400B1E0ADF904460028DFD1E7E72124E8E711247B
S21400B1F0E6E72924E4E700BFC84900202DE9F04728
S21400B20090F8423086B0012B05460391A1EB020769
S21400B21040F0AA80FF2F03D81E464FF0640807E0D0
S21400B2200226012B14BF4FF032084FF06408013697
S21400B23000244FF6FF79DFF844A195F84230012B41
S21400B24014BF322364239C4202D35FFA88F40DE0D5
S21400B25005AB22465146284628F015F995F84230A7
S21400B260012B059B34D14B452DD1E4B295F84230E5
S21400B270012B14BF32226422121BB24217D3012EB6
S21400B28039D10022012B05978DF8132027D10822EB
S21400B29005A90DF1130028F0B2FB9DF81330059AAE
S21400B2A042EA032221462846FFF730FA40B102233D
S21400B2B0324900932846CC23096803AAFFF7FAFE12
S21400B2C006B0BDE8F087DBB203B902340134B4E758
S21400B2D0591CCAD09BB2002BF8D10134F6E71022D5
S21400B2E005A90DF1130028F08AFB9DF81330059A86
S21400B2F042EA0342D6E7039A012B059223D108239C
S21400B300202205A90DF113008DF8133028F077FBE5
S21400B3109DF81320120221462846FFF7F7F995F804
S21400B3204230611C012BC9B21AD10028BFD1284671
S21400B330BDF81420FFF7EAF90028B8D10234BDF8AA
S21400B3401620E1B2AFE71023202205A90DF1130065
S21400B3508DF8133028F053FB9DF813201204DAE71B
S21400B3600028A4D1059A9EE7B7F5803F4FF0010666
S21400B370BFF457AF4FF032085AE700BFC849002065
S21400B38070B586B00E4605460392A0B390F83430EA
S21400B3909BB3B1F5801F32D2022127F09FFE3146C3
S21400B3A02846184A0DF11703FEF7BAFD044618B9E9
S21400B3B09DF81730032B0ED1022331460093284602
S21400B3C0CC2303AAFFF776FE0446E86B28F01FF8A6
S21400B3D0204606B070BD022B0BD10A49284628F03D
S21400B3E074F8039902468142EFD02846FFF706FF1D
S21400B3F0EAE76124E9E72124EAE71124E8E72924BB
S21400B400E6E700BFC8490020F7B50C4616460546D5
S21400B41068B390F8343063B3B1F5801F2BD20221A5
S21400B42027F05CFE21462846144A0DF10703FEF776
S21400B43077FDC0B99DF80730032B14D0022B14D12A
S21400B4400E49284628F041F8471C02463946284649
S21400B450FFF7D4FE044606B13760E86B27F0D7FF47
S21400B460204603B0F0BD2D24F7E76124F5E721243C
S21400B470F6E71124F4E72924F2E700BFC8490020C4
S21400B48030B50C46054685B028B390F8343023B363
S21400B490B1F5801F23D2022127F020FE0DF10F0305
S21400B4A0214628460F4AFEF73BFD034688B99DF81D
S21400B4B00F20032A0DD0032221460092024628467A
S21400B4C0FFF7F8FD0446E86B27F0A1FF204605B01D
S21400B4D030BD2D24F7E72124F8E71124F6E72924C8
S21400B4E0F4E700BFC84900202DE9F043466886B35C
S21400B4F0056898464FF0000CA946AE4655F83C4005
S21400B5000CF1010CC4F31307013401D0B94217D073
S21400B510B4450EF1080EF1D12F46002403E0B442E4
S21400B52007F1080712D055F8343001340133F6D14C
S21400B530C1F3130141EA0851C7E90012BDE8F083E0
S21400B54041EA0851CEE90012BDE8F083B8F1030FD6
S21400B55003D101230372BDE8F083002303E0B34266
S21400B56009F10809F5D055F833400133C4F3075400
S21400B570032CF4D1C1F3130343EA0853C9E900329C
S21400B580BDE8F0832DE9F0410646406882B0B8B1C8
S21400B5900F4690460024336853F8345003EBC40338
S21400B5A0C5F30752C5F31301013506D05B68304674
S21400B5B0CDF80080B84718B1706801348442EAD3E9
S21400B5C002B0BDE8F08100BF024B1968024B186854
S21400B5D0FFF780BB2C7300204C73002008B531F0B9
S21400B5E0A8FC014B186008BDF4490020014B186800
S21400B5F031F09ABCF449002073B504462248012A6B
S21400B60000EAC1119DF8185023F07C4007D9961E19
S21400B610012E28D9073303F07F03194308E09DF86D
S21400B6201C300A43DB0603F0C053134343F060416B
S21400B6300023C4E900108DF80730B5B1202221465A
S21400B6400DF1070028F0DBF91A220DF10700211D85
S21400B65028F0D5F9082063689DF8072043EA82633E
S21400B660636002B070BD1143E2E71B220DF10700D4
S21400B670214628F0C4F923689DF80720042043EAF1
S21400B680C2632360EDE700BF80FFFF0738B5094BB4
S21400B6900D461A680021044611F0C4FE00234FF040
S21400B6A0FF322383C4E900252361A260E382A376E8
S21400B6B038BD00BF607B04000138C0B205289ABFC1
S21400B6C0014B185C01207047657B04002DE9F041B2
S21400B6D00746154600240E46596888B0490A0129CF
S21400B6E022464FEA510104F10104F8D8DC78997833
S21400B6F024031B88C90201F4006104F480540C433F
S21400B700C3F30A035203234492B24FF000089C1876
S21400B710274B6FEA0444039325F07843ED4302A9D0
S21400B7200DF107001B2202938DF8078028F067F9B9
S21400B7309DF80720029B02A943EAC2630DF10700A9
S21400B7401B2225F07845049302958DF8078028F093
S21400B75056F99DF80720029B6FEA144443EAC26339
S21400B76005934FF0FF330794069307A9BB690122A0
S21400B77006F110009847BB6905A90446012206F1A8
S21400B78008009847BB69404518BF044604A9012233
S21400B790301D98470122404518BF0446BB69304615
S21400B7A003A99847404508BF204608B0BDE8F08189
S21400B7B001009AB238B5104B0546D3F800310C4656
S21400B7C003F00303022B0BD0032B0DD0012B0FD15C
S21400B7D02FF02EFD032305B1286004B1236038BD89
S21400B7E02FF070FD0723F6E731F0B6FB0623F2E7ED
S21400B7F001230020EFE700BF0080005038B5134B50
S21400B8000546D3F820010C4600F0070004281AD895
S21400B810DFE800F003090D111500012305B12860CB
S21400B82004B1236038BD2FF0C9FC0423F6E72FF0DF
S21400B830FFFC0323F2E72FF001FD0523EEE72FF0D0
S21400B840F3FC0223EAE700231846E7E700800050EF
S21400B85038B5104B0546D3F840310C4603F00303C9
S21400B860022B0BD0032B0DD0012B0FD131F076FB22
S21400B870082305B1286004B1236038BD2FF022FDEF
S21400B8800723F6E731F06DFB0923F2E701230020DA
S21400B890EFE700BF0080005038B5104B0546D3F8E0
S21400B8A060310C4603F00303022B0BD0032B0DD0A4
S21400B8B0012B0FD131F052FB082305B1286004B1EB
S21400B8C0236038BD2FF0FEFC0723F6E731F049FB76
S21400B8D00923F2E701230020EFE700BF00800050B5
S21400B8E041F6713210B5104C104BA04294BF0024A4
S21400B8F00124D969DA639A6801F4803122F440128F
S21400B90042EA04529A600A4A90420A4AD2F8180258
S21400B9108CBF40F0020020F00200C2F8180209B105
S21400B9200022DA6310BD00BF005A62020000035016
S21400B93080F0FA0200C007502E4B98424AD022D818
S21400B9402D4B984240D014D82C4B984239D00AD868
S21400B9502B4B984232D02B4B98422FD02A4B9842F2
S21400B9602CD000207047294B9842FAD1284B186FEC
S21400B9707047284B98422AD0274B9842F1D1244B47
S21400B980D3F880007047254B98422BD009D8244B1B
S21400B990984223D0234B9842E3D11D4BD3F88C001A
S21400B9A07047214B984221D003F5740303F51053DA
S21400B9B09842D6D1164BD3F898007047144B986D22
S21400B9C07047134B586E7047114B586F7047104BAB
S21400B9D0986F70470E4BD3F8840070470C4BD3F823
S21400B9E0880070470A4BD3F890007047084BD3F88E
S21400B9F0940070470048E8010024F400C0CF6A00B5
S21400BA0080841E0000093D0040420F00405DC600D5
S21400BA100080E00FC0EA210180BA8C01007E560348
S21400BA2080D54302006CDC020090D00337B50C468C
S21400BA300021114B0191D3F88031054603F0030332
S21400BA40022B0ED0032B11D0012B03D101A8FFF738
S21400BA50D5FE0D210DB1019B2B6004B1216003B012
S21400BA6030BD2FF0EBFB05210190F3E72FF0DCFB58
S21400BA7002210190EEE700BF0080005038B5104B61
S21400BA800546D3F840320C4603F00303022B0BD0D6
S21400BA90032B0DD0012B0FD131F060FA082305B12E
S21400BAA0286004B1236038BD2FF00CFC0723F6E7AE
S21400BAB031F057FA0923F2E700231846EFE700BFF4
S21400BAC00080005038B5144B0546D3F800020C46EB
S21400BAD000F0070004281BD8DFE800F003090D116A
S21400BAE01500012305B1286004B1236038BD31F08C
S21400BAF035FA0823F6E72FF0E5FB0723F2E731F0E7
S21400BB0030FA0923EEE72FF079FB0C23800AE9E7E9
S21400BB1000231846E6E700BF0080005038B5144BF7
S21400BB200546D3F808020C4600F0070004281BD888
S21400BB30DFE800F003090D111500012305B12860A8
S21400BB4004B1236038BD31F009FA0823F6E72FF078
S21400BB50B9FB0723F2E731F004FA0923EEE72FF0EA
S21400BB604DFB0C23800AE9E700231846E6E700BFF2
S21400BB7000800050032814D005D8012805D00228DC
S21400BB8009D0002005E00F28FBD1084B186FC0F342
S21400BB90013001307047054BD3F89000C0F30460C5
S21400BBA0F7E7024B186FC0F38020F2E700800050E2
S21400BBB01FB500230193252817D8DFE800F0131AD5
S21400BBC01D272C363B51565B60656A78161A401660
S21400BBD016561A272C27361A5127783B3B3B3B270D
S21400BBE027275B602FF0F0FA0190019805B05DF80A
S21400BBF004FB2FF003FBF7E72FF0E6FA02460220DD
S21400BC00FFF7B8FFB2FBF0F20192EEE72FF0F6FA7C
S21400BC1002460320F4E72FF0F1FA02460320FFF76E
S21400BC20A9FFB2FBF0F25208EEE7002101A8FFF7E9
S21400BC30FDFEDAE7002101A8FFF7E0FDD5E7029355
S21400BC404FF0E0231B695B0705D52FF0D7FA02906B
S21400BC50029B0193C9E703A902A8FFF7F9FDF7E7DE
S21400BC60002101A8FFF7F4FDBFE7002101A8FFF7B8
S21400BC7013FEBAE7002101A8FFF724FFB5E700216D
S21400BC8001A8FFF74BFFB0E7002101A8FFF792FDE0
S21400BC90ABE7094BD3F8803003F00303022BA8D0A0
S21400BCA0032B01D000209FE72FF0C8FA9CE7002165
S21400BCB001A8FFF7E3FE98E70080005008B50120D2
S21400BCC0FFF776FFBDE808400349884294BF01218C
S21400BCD00221032000F002B880F0FA02032810B513
S21400BCE00C4627D004D8012804D0022817D010BD4F
S21400BCF00F28FCD127F0A1FE27F0A7FE124A013C30
S21400BD00136F23F4405343EA043313672FF076FA95
S21400BD100021FFF7E5FDBDE81040FFF7CFBF0A4A58
S21400BD204C1ED2F8903023F0F85343EA0463C2F86E
S21400BD309030DCE7044A4C1E136F23F4806343EA1A
S21400BD4084231367D3E700BF008000501FB500238D
S21400BD500193252821D8DFE800F013202020202A90
S21400BD602F454A4F54595E7120203420204A202007
S21400BD7020202A204520712F2F2F2F2020204F549F
S21400BD80314B1B6F03F00703013B032B05D8DFE89D
S21400BD9003F00C02080A04230193019805B05DF82D
S21400BDA004FB0323F8E70623F6E70223F4E7002064
S21400BDB001A9FFF73BFEF0E7002001A9FFF71EFDF3
S21400BDC0EBE702934FF0E0231B695B0705D52FF0E6
S21400BDD015FA0B230393039BDEE703A902A8FFF7DC
S21400BDE037FDF8E7002001A9FFF732FDD5E7002070
S21400BDF001A9FFF751FDD0E7002001A9FFF762FE79
S21400BE00CBE7002001A9FFF789FEC6E7002001A9BD
S21400BE10FFF7D0FCC1E70C4BD3F8803003F00303E8
S21400BE20022B03D0032B05D00023B5E72FF0E6F94D
S21400BE300B23B1E72FF002FA0523ADE7002001A996
S21400BE40FFF71CFEA9E700BF0080005008B50320DE
S21400BE50FFF790FE034B187027F0EFFDBDE8084093
S21400BE6027F0F3BD1769002010B504462FF0C6F979
S21400BE700021FFF735FD1CB1BDE81040FFF71EBFDF
S21400BE80034B0320BDE810401978FFF727BF00BF1B
S21400BE901769002038B50546FFF74EFD204B0446CF
S21400BEA05A68012A04D11F494A609A699207FCD150
S21400BEB00020FFF74BFF042803D127F0BEFD27F034
S21400BEC0C4FD194A24F0407395421FD0174A954284
S21400BED01FD0174AD16811F0060FFBD19068936007
S21400BEE091684B4013F4F81F16D12846FDF766FDFF
S21400BEF00020FFF72BFF042810D12FF07FF9002138
S21400BF00FFF7EEFCBDE83840FFF7D8BE43F00073FD
S21400BF10DFE743F08073DCE79060E9E738BD00BFF9
S21400BF2000C0015000E0015040420F0080841E0017
S21400BF300000015070B504460020FFF707FF0328F5
S21400BF407CD045F60E030221414AC2F88030414BB0
S21400BF509962012103F580539962936DD903FCD44D
S21400BF60D4E900131B0543EA0163E17B94F82350F0
S21400BF700B43217B43EA0143617B43EA0133A17B08
S21400BF8043EA811313619169D4E904031B0643EA6B
S21400BF90806301F000410B43A17EE07E0B43217ECF
S21400BFA043EA0143617E43EA01239361E169136A30
S21400BFB0002923F00D0343EA010314BF01210021E9
S21400BFC043EA800343EAC103136294F8203094F8EE
S21400BFD02200916A4FEA431331D194F8216021F090
S21400BFE0330143EA06130B4343F0010393621A49F5
S21400BFF0174A936D31EA0303FBD10221154B996270
S21400C000936D5B00FCD41369A16823F4700343EAC4
S21400C010015313614FF000420E4B9A6118B9022289
S21400C02003F580539A6215B901220C4B9A6294F874
S21400C03024301BB1064B0A4AC3F8802070BD21F09D
S21400C040330129430B4343EA40039362EFE700BF03
S21400C05000C0005000D000500300014000E0005037
S21400C060F1A7FFFF014B93F9000070471869002005
S21400C070014B1880704700BF4A7800200C4A10B564
S21400C0801369044643F0040313612FF027FC27F0DE
S21400C090E0FC084B084AC3F8202430BF27F0DAFC3F
S21400C0A002F08CFA1CB9BDE810402FF0A7B810BDFE
S21400C0B000ED00E000E003500000FFFF034A0179B6
S21400C0C0D36E23F030030B43D36670470040005016
S21400C0D0F8B504460D461F4616464AB101238B4066
S21400C0E03021184A01FB0022F7B141F210015350EB
S21400C0F004EB4403072D4FF00F014FEA031316D845
S21400C100A80006FA00F281400F48184427F0A5FC64
S21400C1104EB9012330210B4AAB4001FB042277B114
S21400C12041F210015350F8BD42F21001DFE7A5F1CD
S21400C1300800800006FA00F281400448E5E742F273
S21400C1401001EFE700C0035004C003500CC00350BA
S21400C150012200F5805310B55A60244B244AC36070
S21400C16043691340FCD18361C0F89830436913F4E7
S21400C170401FFBD14369DA052CD4836F53BB436958
S21400C1809B0529D4D0F8883033BB0121C26FD0F884
S21400C1908C2000F500525160302183600361C36239
S21400C1A003620167C0F880101249884208D142F243
S21400C1B060041149846401654365846501664366CD
S21400C1C00C49884202D10020102B08D10B4B536239
S21400C1D0936210BD436FCDE7D0F88430CFE703F10C
S21400C1E0280441F824000133EEE700BF12000200E5
S21400C1F0520001000040005A00C002808F330F80BA
S21400C200084608B569B91820FFF7D2FCB0B10C4B48
S21400C210984206D90B4B9B68C3F302730133B0FBFD
S21400C220F3F0094B00F5742000F23F20B0FBF3F06A
S21400C23001387F2828BF7F20C0B208BD0120F0E764
S21400C240005A62020040005A40420F000B4B10B5E5
S21400C250994228BF19460C461AB91820FFF7A8FCC1
S21400C2600246631E1344B3FBF4F0A34228BF00F15A
S21400C270FF30032828BF0320C0B210BD005A620258
S21400C28010B51048104C002B08BF04468C4228BF3F
S21400C2900C461AB91820FFF78BFC02469DF80830AA
S21400C2A040F2FF300133B2FBF3F2631E1A44B2FBD6
S21400C2B0F4F3A24228BF03F1FF33984228BF184682
S21400C2C010BD00BF80969800404B4C002DE9F04F03
S21400C2D02DED068BB64D0C4616462946002285B037
S21400C2E00746FFF7B3FF94F805800122804538BF64
S21400C2F0804607F500535A6020795FFA88F850B9EF
S21400C3001820FFF755FCA842014628BFB0FBF8F1FD
S21400C3103846FFF775FF4FF00009E37822781B01D7
S21400C320524202F0020203F0300313436278000424
S21400C330524202F004021343A27800F4FE00524276
S21400C34002F0080213434FEA087202F0E042134379
S21400C3501843E3882289B8603B616389DFF85CA2F2
S21400C36043EA02433B62574502D1B9F1020F08D1B6
S21400C370012307F580577B6005B0BDEC068BBDE852
S21400C380F08F002235788B488B49B468954218BFE9
S21400C39001462B468948CDF80080FFF771FF07EB72
S21400C3A009118B6CA2B223F0405323F4EE2323F042
S21400C3B01F0305F003041C43737882424FEA83038D
S21400C3C003F01C0344EA0304B37838BF02461B0399
S21400C3D0F07803F4E0432343040404F4E024234306
S21400C3E034794FEA091C240704F0405423438B6435
S21400C3F08C6C09F1050BC4F30234013C7049042C23
S21400C40026D8DFE804F0252503101A00D1F880416D
S21400C410240C2DB3C2F309020AEB0B135A6009F180
S21400C420010910369FE7D1F88441002DF2D1D1F8EA
S21400C4308C11A4B20914490015E0D1F88441002DEE
S21400C440E8D1D1F88C11240C091401EB41010AE063
S21400C450D1F88041A4B2002DDCD1DFED5A7A06E097
S21400C460D1F88C11091407EE901AF8EEE77A01213C
S21400C4700CF1B44C0CF5804C2304DCF8483024F462
S21400C480C045C3F3820C0CF1010C01FA0CF107EE67
S21400C490101A4FEA854548BF45F0004513F01C0FBB
S21400C4A0B8EEC79AF6EE008A454B55D1D3F88C11F4
S21400C4B00BB208EE103AB8EEC88A38EE278A9FED1F
S21400C4C042AAF7EE049A00285DD1039227F03FFBBC
S21400C4D007EE900AF8EE677A87EE8A7AC9EE877AD0
S21400C4E027EE888A039A9FED397AC7EE097A9FED80
S21400C4F0387A67EE877AB1EE007AB5F1004F48EEEB
S21400C500077A0BD09FED337A06EE104A77EE876AED
S21400C510BAEEE86AF0EE477A56EE267AF5EEC07A7C
S21400C520F1EE10FACBBFF1EE677A78EEE78A77EE97
S21400C530E87AFDEEE87AC8BFFDEEE77A17EE901AC5
S21400C540B1F5003F2ADB6FEA55456FEA45451B48C3
S21400C5504FEA0B1145505DE7D3F8901169EE286A53
S21400C56009B207EE101AB8EEC77AD3F8881177EE3C
S21400C570677A0BB208EE103A87EEA67AB8EEC88A4B
S21400C58038EE078A9BE7D6ED037AF8EE677A87EEF1
S21400C5908A7AC9EE877A27EE888AA4E711F5003FE3
S21400C5A0AABFC1F3110145F400350D43CFE700BF24
S21400C5B0005A6202404B4C00809698000040005A99
S21400C5C00080E00F0000000000007A440000804376
S21400C5D0000020440000004941F67132034BDA6344
S21400C5E0012203F50053DA60704700BF00000350D5
S21400C5F041F671320121044BDA6303F50052D16033
S21400C6000022DA63704700BF00000350044B18682E
S21400C610421C02BF034AD2F894001860704700BF5D
S21400C6205073002000400050CB784A7810B55B016C
S21400C6300C7843EA82030A79234343EA02130C2266
S21400C640424302F1B0421363012C02BF8A78024BC8
S21400C65043F8202010BD00BFD080035008B54FF02F
S21400C660B0435A6802B960B15B680BB127F097FA1D
S21400C6704FF0B04130B10120074B586027F08FFAD9
S21400C680C86008BD27F08BFA0223CB6027F087FA34
S21400C6900122024B5A60F4E70010005800200058B0
S21400C6A04FF0B0414B6810B50BB127F078FA012275
S21400C6B00B4BC4785A608378934043EA84034478EB
S21400C6C02343047943EA0413447943EAC4038B60A2
S21400C6D0044B5A600378C3F10203CB6010BD00BF61
S21400C6E00020005800100058054B5B69C3F3851204
S21400C6F0827003F03F021B0B42700370704700BF4E
S21400C70000C007500120034B9B680A3303F01F0349
S21400C710984070470080E00F30B5124CA04215D00C
S21400C72004F58044A04213D004F58044A04211D002
S21400C73004F58044A04208D1032006250A4C5BB1CC
S21400C74005FB001004EB8004E26130BD0020F4E736
S21400C7500120F2E70220F0E705FB0011120204EBCD
S21400C7608104F1E700800450008103500D4B98428D
S21400C77008D1A3F50033C3F88411802300F5805058
S21400C780C3657047084B984204D1A3F51033C3F82D
S21400C7909411F2E7054B984204BFA3F52033C3F883
S21400C7A0A411EAE70080055000C0055000000650BE
S21400C7B070B5054616461C4619B90320FFF7F8F96A
S21400C7C00146402C1BD003D8DCB1202C1BD070BDFA
S21400C7D0602CFCD1042303FB06F2530803EB411341
S21400C7E0B3FBF2F36021094A203B02EAC30305F5D6
S21400C7F00052916005F580529460EB61E7E70623EE
S21400C800E9E71023E7E70823E5E700BFF8FF7F0026
S21400C810012200F580535A6040F6AA6341F20502F1
S21400C820436100230D498360C365C26000F5005272
S21400C8300361C361C364916409498365884203D177
S21400C84003650023436506E006498842F8D001F5F3
S21400C85080418842F4D0012353607047FFFF0100F7
S21400C8600080055000C0055070B50D46FFF7D0FF9C
S21400C870012300F580567360AB7C04461BB18368C9
S21400C88043F080438360EB7C1BB12046297DFFF795
S21400C8906DFF2A8A6B7B20461343EA891343E360C5
S21400C8A02B7BD5E90112FFF783FF6B7D1BB1A368D5
S21400C8B043F48033A360AB7D1BB1A36843F400430D
S21400C8C0A360EB7D2A7E1B07120502F4E00203F04C
S21400C8D0E0431343A365697E1F4A8B1E012B1F4B43
S21400C8E01DD8944217D002F58042944215D002F526
S21400C8F08042944214BF4FF0FF32022203EB4213F1
S21400C900022041F2AC520329985020D10423F3654B
S21400C9102B78636170BD0022F0E70122EEE79442B7
S21400C92011D00F4A944210D002F58042944214BFB0
S21400C9304FF0FF32022203EB4213022042F2AC52C7
S21400C94001299850E1E70022F5E70122F3E70422E7
S21400C95004F50053DA65DBE70080055000C003509D
S21400C96000C00550034BD3F82424D3F8200410400D
S21400C970704700BF00C003502DE9F8431E4B054624
S21400C980D3F810334B1E0E2B0E46174690F8009029
S21400C99044781DD909B34FF000082846D7B130F0C7
S21400C9A0E3FA09EB4903072C4FF00F014FEA031394
S21400C9B015D8A400114808FA04F2A140184427F03C
S21400C9C08BF9BEB928468FB1BDE8F84330F0CCBA33
S21400C9D08846E2E727F08FF9E3E78846E1E7083C78
S21400C9E0A400074808FA04F2A140E7E7BDE8F843C8
S21400C9F027F081B9BDE8F88300C0035004C0035097
S21400CA000CC003502DE9F041204B1646D3F81023F6
S21400CA104A1C05460C46407804D1D3F8241427F067
S21400CA2078F90446002C2EDB072C14DC03274FEA8B
S21400CA3084082A7807FA08F73946154802FA08F2F1
S21400CA4027F04AF96A78394602F00302114802FADA
S21400CA5008F227F041F9012316F0050F0E4A18BF19
S21400CA600E4903FA04F30CBFC2F81034C1F81034B0
S21400CA7016F0060F18BF094AC2F814340123064AF6
S21400CA80A340C2F820342046BDE8F08100C0035021
S21400CA9000C4035008C4035000E0035000D0035005
S21400CAA070B504462BF017FD064630B90FCC044D82
S21400CAB00FC594E80F0085E80F00304670BD00BF34
S21400CAC0F849002047F6FF739A42F0B570D0022965
S21400CAD070D8394B5B5C022B6CD8384DDE0005EB0A
S21400CAE0C304A77815F83330012F394638BF012123
S21400CAF0012B16D1E078401A0021884205D8012F74
S21400CB002CBFC0190130C0B2F0BD431A6568A0EB57
S21400CB10530335F913509542D4BF194603F1FF303D
S21400CB20EBE760680028EFD0B0F90040944204DBE1
S21400CB30B0F902409442B8BF144683883544FF2BB0
S21400CB4019BFC8232827B0F90630B0F90870A3EB40
S21400CB5004030CBF0122002293FBF7F36E78134404
S21400CB601BB29E4201DD002B01DA731E1BB24FF48E
S21400CB707A7C00EBC305EA88AD685F1C14FB0252A2
S21400CB801D4622EAE2723BB25C329E42B2FBFCF2E7
S21400CB9004DD00EBC307BF889742EAD200EBC5036B
S21400CBA09888904228BF1046884238BF0846AAE7B1
S21400CBB0FF20A9E70020A7E76B7B0400F8490020C8
S21400CBC00229F0B560D8314B595C02295CD8304B4D
S21400CBD013F83100012816D103EBC1039C78D878EE
S21400CBE0012C214638BF0121904294BFC1EB0001C1
S21400CBF0C1EB0201001BCAB28242C8BF00225B68BA
S21400CC0033F91200F0BD002A3CD003EBC10359688B
S21400CC10002939D09878904202D3B1F90200F1E7A2
S21400CC20DC78B1F900009442ECD95C788B88013C42
S21400CC30A3F1FF06734201F10405E4B2734101F16A
S21400CC400C07DEB2B44216D805EBC3034FF47A7570
S21400CC506A43B3F902405B68D21A04EBD47302EB62
S21400CC60630292FBF4F29042CCDBB1F902009042F0
S21400CC70C8DC10B2C6E737F833C05E1C9445E3D371
S21400CC803346DEE70348BDE70348BBE76B7B04009B
S21400CC90F84900200CFEFFFF0080FFFF08B504489F
S21400CCA0FFF7FEFEBDE8084001202BF01ABC00BFCF
S21400CCB0707B04007FB51422002101A810F0B2FB9F
S21400CCC0044B01A94FF0FF3002932BF050FC07B045
S21400CCD05DF804FB006A18002DE9F0418CB0884628
S21400CCE0DDE912761D460446002847D0002945D0C7
S21400CCF0002F43D0002E41D013F00F033ED1204822
S21400CD002049A360002A08BF01462362C4E9001335
S21400CD10404609A927F08FF868BB2046099930F0ED
S21400CD207EF92946204630F07AF96946404627F0D3
S21400CD3011F900BB6946204627F03CF9404603A996
S21400CD4027F013F9B8B9204603A927F033F9069758
S21400CD500127204645F0005506A90797089527F0B5
S21400CD6029F9204609A909960A970B9530F07DF90E
S21400CD70204630F037F90CB0BDE8F0812120FAE704
S21400CD8000010004000101042DE9F04F97B0894628
S21400CD9090461F460546DDF880A0002800F0BB80C0
S21400CDA0002900F0B8803AB1229B002B00F0B38037
S21400CDB0239B002B00F0AF80BAF1000F00F0AB8091
S21400CDC0219B002B00F0A78067B13C680026229BC1
S21400CDD043440293464507D307B13C60002017B092
S21400CDE0BDE8F08F3C46F1E75CB1229B219A9B5D43
S21400CDF0125D01345340239A04F00F049355013614
S21400CE00E8E7A8EB060BBBF10F0F58D9434B484693
S21400CE10C5E90034AC602C6213A927F00CF8002892
S21400CE20DDD1284613992BF00F0B30F0F8F8594651
S21400CE30284630F0F4F8484604A927F08BF8002876
S21400CE40CDD1284604A927F0B5F8484607A927F00B
S21400CE508CF80028C3D1284607A927F0ABF8012391
S21400CE6022992F4ACDF828A00B930C928A190D927E
S21400CE7028464BF000520AA90E9303920F9227F011
S21400CE8099F828460DA927F095F8239B039A991937
S21400CE900123109111931292214A284610A9CDF829
S21400CEA04CA01493159230F0E0F8284613A930F001
S21400CEB0DCF8284630F096F85E4400288FD1229B96
S21400CEC003EB060B239B1E44029B9B4501D1464663
S21400CED080E7ACB9219B2246CDE900A34946102342
S21400CEE02846FFF7F9FE00287FF479AF0AF1100212
S21400CEF012F8013D0133DBB213700BB95245F7D17E
S21400CF00219A1BF8013B125D0134534006F8013BA1
S21400CF1004F00F04D8E7212061E700BF03030004F4
S21400CF20100000207FB50E461D460446F0B102B93B
S21400CF30E3B901230192029345F0005303930023C3
S21400CF400B4AA360C4E900232362204601A927F008
S21400CF5031F83146204630F062F82046294630F057
S21400CF605EF8204630F03EF804B070BD2120FBE7A6
S21400CF7000000943084B984202D0084B984207D15C
S21400CF800B88B3F5105F14BF6FF085000020704764
S21400CF906FF08500704700BF004440040013C004D3
S21400CFA01038102808D8064BC34013F0010F0CBFEA
S21400CFB06FF08600002070476FF08600704700BF55
S21400CFC0010101002DE9F04FA7B008AFCDE905013A
S21400CFD0DDE93295DDE9346A0021079238461022F1
S21400CFE09846DDF8D8B010F01DFA102200210CA8E3
S21400CFF010F018FA069B2BB96FF08604204627B06F
S21400D000BDE8F08F079B002BF6D0B9F1000F01D1D9
S21400D010002DF1D1309B13B9319B002BECD116B902
S21400D020BAF1000FE8D1BBF1000FE5D040460599F4
S21400D030FFF7A0FF04460028E0D1014628221CA8DE
S21400D04010F0F0F92022214614A810F0EBF91CA8E5
S21400D0502FF0DBFF002840F0AF80DDE906120598D0
S21400D06014AB26F0F3FF04460028C7D11498FFF748
S21400D07097FF04460028C1D115B9CBF80000BDE7DC
S21400D080B14518D209EB05039E4214D25545B3D8D4
S21400D0902A464946304610F017FA554B984526D092
S21400D0A006D3544B984524D003F54073984520D0BA
S21400D0B06FF08504A2E74F4B98451BD003F54073ED
S21400D0C0984517D04A4B9845F2D1554594D815F057
S21400D0D00F0291D12B46CDE9009614A91CA8FFF7A4
S21400D0E0FBFD814600285CD1CBF8005086E7B146B0
S21400D0F0EDE7B1461022002110A810F093F955452F
S21400D1003FF67AAF3C4B9845319B39D10D2B7FF4D7
S21400D11073AF01238DF84030309B0DF1410203F1CF
S21400D1200C0153F8040B8B4242F8040BF9D11B7820
S21400D130137001238DF84F3015F00F0842D025F0FC
S21400D1400F034B440DF1300C03F1100E62461868C5
S21400D1505968083303C273459446F7D10F2D33D868
S21400D16025F00F03334403930CABCDE9017310ABEA
S21400D17000934246002314A91CA8FFF705FEB0E75B
S21400D180102B7FF439AF309B10AA03F1100E944693
S21400D190186859680833ACE8030073456246F6D150
S21400D1A0CAE752460021304610F03CF90023B9F198
S21400D1B0010FCBF8003002D06FF092041EE76FF03C
S21400D1C08B041BE70F2D8FD910ABCDE90296009389
S21400D1D00197002325F00F0214A91CA8FFF7D4FD21
S21400D1E081460028DDD1B8F1000F3FF47DAFB7E7E8
S21400D1F0004440040010C0040013C0042DE9F04FA2
S21400D2008A46A1B00021DDE92A56DDE92C79059091
S21400D210934606A81022984610F004F91022002122
S21400D2200AA810F0FFF8BAF1000F05D16FF08604D7
S21400D230204621B0BDE8F08FBBF1000FF6D00DB947
S21400D240002EF3D117B9B9F1000FEFD12E9B002BAA
S21400D250ECD040460599FFF78DFE04460028E7D13E
S21400D2600146282216A810F0DDF8202221460EA836
S21400D27010F0D8F816A82FF0C8FE002854D15A4649
S21400D280514605980EAB26F0E1FE04460028CFD1A5
S21400D2900E98FFF785FE04460028C9D116B92E9BC6
S21400D2A01860C5E7BD4216D2AB199F4213D24E4551
S21400D2B0BCD832462946384610F006F93A4B98450F
S21400D2C05BD003F54073984531D0384B984511D064
S21400D2D06FF08504ACE7344B98454FD003F54073A8
S21400D2E0984525D0314B9845F2D14E4503D96FF07D
S21400D2F089049DE73D46330798D133460122CDE9A0
S21400D30000570EA916A8FFF7E7FC2E9B05461E60E1
S21400D31000288DD04A460021384610F083F80023B6
S21400D3202E9A012D13603BD06FF0920480E73D46A5
S21400D3300D3E4E45DBD801238DF828302B460DF1E7
S21400D340290205F10C0153F8040B8B4242F8040B3A
S21400D350F9D11B780D3513704FF48073ADF8363065
S21400D36006AB01930AAB009332460023CDE9025781
S21400D3700EA916A8FFF708FDC7E73D46103E4E4526
S21400D380B5D82B460DF1280C05F1100E624618682C
S21400D3905968083303C273459446F7D11035DFE762
S21400D3A06FF08B0444E700BF0010C0040044400444
S21400D3B010B54FF42F720021044610F033F8802386
S21400D3C0C4F88C30054B04F19C00C4F8843001236B
S21400D3D084F88830BDE8104025F0EFBD80E10300FA
S21400D3E010B5D0F8A0400A468CB927F045F8044698
S21400D3F010B90024204610BD2D2896BF064B0749BD
S21400D40053F82010064A074827F07CF9F2E7D0F8D0
S21400D410A4101046A047ECE75C7C040083E1030000
S21400D420A4DB0300B3E20300F8B590F8806004467E
S21400D43016B100263046F8BD26F051FE0028F8D179
S21400D440012384F8803094F8883033B1D4F88410FF
S21400D4501F4884F8886027F055F94FF0FF37D4F856
S21400D460B402421C1FD0C4F8B47210F0FF052CD0D2
S21400D470204626F031FE2946204600F0A7FB00286D
S21400D480EDD0204626F036FE94F888303BB1D4F82E
S21400D49084100F4827F036F9002384F888300023DC
S21400D4A084F88030C6E727F012F9431CDDD1D4F8A3
S21400D4B08C30D4F89420013B9A4204DB054A064996
S21400D4C0064827F01FF90126E9E70126C7E700BF4F
S21400D4D0E1F40300A4DB030091E10300B3E20300E0
S21400D4E0F8B50B780446302B0D46164604D14B781B
S21400D4F003F0DF03582B11D0284F6A1E12F8011FC5
S21400D500002934D128460A220FF07CFE202C034640
S21400D5100D4631D1B1FA81F040091AE04A1C1F4984
S21400D52012F8013F8BB928460FF078FE1C4B0238E4
S21400D5302340032B12D10134A41084420AD1A878C8
S21400D54037288CBF0020012003E0CB5C13F044009A
S21400D550E6D1F8BDCCBF01200020FAE7002CB8BF0A
S21400D5600334B0EBA40FD4BF01200020F1E77B5CAE
S21400D57013F00400C2D1ECE726B1084302D0013B09
S21400D58061F100050122A240013A1A40002D08BFB1
S21400D5909A420CBF01200020DBE700BFC5A20400B2
S21400D5A003000080F0B5037801467B2B17D10646B2
S21400D5B0022400220B4F16F8015F7D2D05D10B5D6E
S21400D5C06BB9D24302F0010008E07B5D13F0440023
S21400D5D002D001320134EEE7202DFBD0F0BD002052
S21400D5E0FCE700BFC5A2040070B506460D460FF066
S21400D5F015FE0446304627F085F8044EAC4200D3AC
S21400D60070BD304627F07EF80134F7E781EB030063
S21400D6102DE9F84F044602215148FFF7E5FF1E2189
S21400D6202068FFF7E1FF6368586827F06BF84D48FD
S21400D63027F068F867683B7BFD2B12D8D7F8088080
S21400D6404FF0FF3640460FF0E9FD0546DFF8109133
S21400D650DFF870A1DFF84CB10C3717F8013BFF2B51
S21400D66001D1BDE8F88F212B18D8212B36D8DFE85A
S21400D67003F0377274111B1D1F21353535353535CE
S21400D6803535232527292B2D2F313535353535359D
S21400D69035353D33344C002D2BD12EE0334C344AF7
S21400D6A0FE2B08BF1446F6E7324CF4E7324CF2E79E
S21400D6B0324CF0E7324CEEE7324CECE7324CEAE71D
S21400D6C0324CE8E7324CE6E7324CE4E7324CE2E72D
S21400D6D0324CE0E7324CDEE7324CDCE7234CDAE74C
S21400D6E0314CD8E727F002F801362AE0002DB4D0F6
S21400D6F02E4C202B06F10106AFD002214846FFF73C
S21400D70073FF1E214846FFF76FFF504626F0FAFFCC
S21400D7105946204610F0DCF82549002818BF214657
S21400D720244826F0EFFF3B78202B02D12B2026F052
S21400D730DDFF214826F0E6FF4DB118F806301F2B16
S21400D74005D018F806001F2801D0AE42CADB0548EF
S21400D75026F0D8FF81E7194C9DE7194C9BE700BFE0
S21400D760592F0400A4DB03003BE203004DE2030054
S21400D77037FF030098E203009FE2030090E20300F5
S21400D7808CE2030083E2030079E203006FE2030009
S21400D79084E203007AE2030070E2030065E203001D
S21400D7A05EE2030055E203003AE2030040E20300B3
S21400D7B04BE20300E1F4030018E6030097E20300DF
S21400D7C09EE203001F0004002DE9F04F9BB00546C3
S21400D7D08B460024009203930FF020FD249F039BAA
S21400D7E004901C6028463C600AAA09A926F0ACFFF3
S21400D7F0064658B90A980FF011FD3446B046039B0A
S21400D8001860D5F89C300293029B1BB920461BB0CB
S21400D810BDE8F08F029BD3F80890B9F1000F6CD0EA
S21400D8202E4416F8013B202B11D000260C23734300
S21400D83009EB030A59F803300193002B58D0099BD3
S21400D840434555DB9AF808202AB1721C39E03B683C
S21400D85001333B60E5E73968D5F894200793039BCE
S21400D860521A1A601AAB03EB880151F8403C019932
S21400D870184605930FF0ECFF06900028E5D10198B6
S21400D8800FF0CCFCDDE906230146DAF80400D7F8F1
S21400D89000A090F80CC0BCF1FE0F16D103F1FF3EBD
S21400D8A0C64512D0D0F80090059801920FF0B6FC4D
S21400D8B00AF1010A019A50442B5C23B1386008F142
S21400D8C001081646B2E70130F6E7D5F89420059130
S21400D8D0A2EB0A028A4220DC58460FF09FFC05990C
S21400D8E001447B290DD958461F4A009925F08CFB28
S21400D8F02B46049A2A4493422CD1029B1B6802931F
S21400D90082E7DDE90012584625F07EFB5846174AA6
S21400D9100099013425F078FB97E7BCF1FE0F94D10F
S21400D920013B434591D1D0F800A0DFF840905AF86B
S21400D9300C2B22B9049B3B60039B1A60D8E7584621
S21400D940009925F061FB4A465846009925F05CFB95
S21400D9500134ECE713F8011B0029CCD14FF020016D
S21400D96003F8011CC7E700BFA5E2030081EB030034
S21400D9702DE9F047002486B01C60DDE90EA80646B7
S21400D98089468AF800401168154888F8004017460E
S21400D9901D468DF81740FBF77FFF18B901242B684A
S21400D9A001332B600020D6F89C6036B914B10123F1
S21400D9B088F8003006B0BDE8F087B06868B14B461E
S21400D9C00021CDE902A8CDE900750DF1170226F079
S21400D9D0F2FC9DF81730002BE8D13668E5E700BF6B
S21400D9E0AAE203002DE9F0470446ADF5447D802207
S21400D9F0002104A802AF0FF015FD802220460097F4
S21400DA0003AB04A9FFF7E0FE01283DD104A80FF000
S21400DA1005FC03993B68461A0B4426EAE67623443F
S21400DA20054604A83246014418460FF08BFE002235
S21400DA308255D4F89060039B3968D4F89020194436
S21400DA40B14212DCD4F89410E81A0244C4F89020CC
S21400DA50014404AAC4F89410D41825182B1B002BD4
S21400DA600DDC0DF5447DBDE8F087A05C26F03EFE9B
S21400DA70D4F8903001360133C4F89030DBE714F860
S21400DA80010B26F033FEE9E7EBDD24AD8022002112
S21400DA9028460DF5887A0FF0C5FC0DF110094FF4F5
S21400DAA00072002150460FF0BDFC4FF001084A46B8
S21400DAB0002312F8016BA6B904A84AF828300FF024
S21400DAC0ADFB2946334698451CDB19F8016B0DF56E
S21400DAD0887C5CF8042B82420CD101F8016B013380
S21400DAE0F1E7202E03F1010304BF4AF8283008F1BD
S21400DAF00108DEE70DF1100E7244D25CB242E8D0A7
S21400DB000022EA54D4F89060039BB3422FDC2346ED
S21400DB102C4A04A92C4826F0F5FD28460FF07EFB7B
S21400DB200646039B3F68F61A1F4426EAE672E0198B
S21400DB3017441D44E11904F1900399423CD904F1BD
S21400DB409803984238D26A1E81190B1A002B27DDDB
S21400DB5012F8013F00F8013BD4F890300133C4F8C6
S21400DB609030D4F894300133C4F89430EDE7D4F80C
S21400DB7090300136E05C26F0B9FDD4F890300133E1
S21400DB80C4F89030C0E7D4F89020013B0132C4F8C6
S21400DB909020D4F894200132C4F89420002BF2DCB4
S21400DBA000232E44E355731B002B7FF75AAF15F85E
S21400DBB0010B26F09BFDF6E729460FF0C3FD334622
S21400DBC0ECE700BF80E10300AFE203002DE9F84375
S21400DBD0D0E9245604460F46002294F89830012BCC
S21400DBE007D10A2F07D1002384F898300020BDE81B
S21400DBF0F88300F29F801B2F01D10223F4E70D2F3C
S21400DC000DD1012384F898300D2026F06FFD0A20F0
S21400DC1026F06CFD00230120C4E92433E7E74FF02B
S21400DC200008082F84F8988034D1454530DDB54289
S21400DC300FD1384626F05AFD202026F057FD013D2C
S21400DC40384626F053FD013E04F80580C4E9245604
S21400DC50CCE7FBDA05F1FF39384626F047FD04EB42
S21400DC600903A6EB0902611918460FF02DFC04F80B
S21400DC7006800146013E484826F044FD35464D459F
S21400DC8001DC4D46E2E7082026F030FD013DF6E7D0
S21400DC90ACD0DBE77F2F1CD1002EA7DDB542A5DA7E
S21400DCA06319691C21441846721B0FF00DFC04F81A
S21400DCB006800146394826F025FD0820013E26F05C
S21400DCC015FDB542F9D1D4F89430013BC4F8943030
S21400DCD08CE70A2F98D0092F03D12046FFF782FE43
S21400DCE084E7D4F88C30013BB3427FF77FAFB54270
S21400DCF004EB050805F101090CDB384688F80070CE
S21400DD00D4F89430C4F890900133C4F8943026F0D8
S21400DD10EDFC6BE74146721B04EB09000FF0D4FBE9
S21400DD20404626F0EFFC0820013E26F0DFFCB54218
S21400DD30F9DDE2E7022B06D15B2F01D1032353E77F
S21400DD4084F8982049E7032B7FF450AF413F84F8CE
S21400DD509820032F3FF64AAFDFE807F002070A16BF
S21400DD600121204626F073FC40E74FF0FF31F8E72C
S21400DD70B542BFF63BAF605D26F0B8FCD4F89030F5
S21400DD800133C4F8903031E7002D7FF72FAF013D07
S21400DD900820C4F89050BAE7B8E2030006E703008C
S21400DDA008B50248FEF776F8002008BD00B4C404A3
S21400DDB030B58BB06C46174D0FCD0FC40FCD0FC4CA
S21400DDC095E8030084E80300134BD3F84C211203B4
S21400DDD01CD5A3F5FE431C884FF6FF739C4208BF74
S21400DDE08C248DF81940FEF73DF9204480F3080096
S21400DDF08DF818000948FBF7E7FD6846FEF79AF825
S21400DE003220FEF735F900200BB030BDD3F8504174
S21400DE10E4B2E6E7147D04000080E00F00F049025B
S21400DE200028ACBF00F16040064B4FEA0111C9B2B2
S21400DE30ABBF00F5614000F00F0080F800131954E6
S21400DE40704700BF14ED00E008B52FF07FF80B4BCD
S21400DE501A7872B901221A702FF073F86FF0040264
S21400DE6010460132052152B2FFF7DAFF3D2AF7D1FC
S21400DE7008BDBDE808402FF064B800BF196900204F
S21400DE80002807DB01234109034A00F01F008340F6
S21400DE9042F82130704700BF00E100E0054B421118
S21400DEA053F8223000F01F0023FA00F0C04300F0C1
S21400DEB00100704700E100E0002808DB012243096A
S21400DEC0034900F01F008240603341F8232070476A
S21400DED000E100E010B504462FF02BF8024B1C6062
S21400DEE02FF022F8002010BD204A002010B52FF099
S21400DEF020F8034B1C682FF017F8204610BD00BF13
S21400DF00204A002038B50C461546014610B9FFF7E2
S21400DF10EDFF01462B46224603480EF093F90028F3
S21400DF20D4BF3720002038BD9F48030008B500F056
S21400DF30E3FB18B16A2102482FF0FDF8002008BD67
S21400DF40BDE2030008B500F049F80C4A536A43F4F2
S21400DF5070235362EFF308834FF0CD31084A043B39
S21400DF60934208D200F070FAFFF7E0FFBDE80840E1
S21400DF700448FEF795BD43F80419F1E700ED00E00C
S21400DF8008000020707B040007B5042200200DEB7B
S21400DF9002012AF064FA042803D0D72104482FF09F
S21400DFA0CAF8019800F0DCF903B05DF804FB00BF86
S21400DFB0BDE20300082310B50C0A41400648C9B26A
S21400DFC041F30002013B024013F0FF0382EA5101D5
S21400DFD0F6D184EA010010BD2083B8ED38B5FEF70F
S21400DFE015FB044625F0D5FDE3072AD4012210468A
S21400DFF0114600FA01F3234002F1010223D01D4B23
S21400E00033F811301C48062B028844881B4920D15F
S21400E0104FF20F039C4219D1B2F5406F28BF4FF460
S21400E020C0624CF23C330A80438040F201730A8897
S21400E0309A4201BF124B134AD2E90001C3E900011C
S21400E04015E00021DBE7102AD2D1DBE74FF4C062EF
S21400E050E7E740F20725AB420AD14FF20F05AC4284
S21400E06006D19A4204D14CF23C320B80428038BD35
S21400E0700B80DAE7D87E04002C700020FC630020BA
S21400E080244A002024700020014B1888704700BFE7
S21400E090FC630020014B1888000A7047FC630020D0
S21400E0A0044B05481B881A0AB3F5406F38BF00EBCF
S21400E0B082007047FC630020A87E0400044B18888A
S21400E0C0044B020A53F82230C0B203EB80007047BC
S21400E0D0FC630020787E040010B504462EF02DFF69
S21400E0E04FF20F02044B1C805A80BFF35F8FBDE8CF
S21400E0F0104026F09EBB00BF2C7000206D4A2DE914
S21400E100F0416D4B55686D4C5D65516A99656C497B
S21400E110D1F80002D865D1F80412586B1966916AD6
S21400E12010F0040F5966D16A4FF000009966116B23
S21400E130D966516B1967D26BD8645A67D3E90E1249
S21400E14018BF11465F4A91421A655DD301F120005F
S21400E150A04259D88869C5F308051864CE69062D0B
S21400E1605E6455D1584DA84252D3584DA8424FD25E
S21400E17005884DF6426085424AD11868C3F890007B
S21400E1805868C3F8940040F20170A242154604D2C3
S21400E1902E680432B6F1CD3FF7D00022C3E91E2226
S21400E1A0C3E92022C3E92222641BDFF81CC1434DC9
S21400E1B0DFF818E19C648D422DD8D3E91EC7D3E959
S21400E1C02065D3E922414FF0000E013AD2B2FF2A71
S21400E1D03CD1BEF1000F05D0C3E91EC7C3E92065D8
S21400E1E0C3E92241B3F85430C3F308030C2B3BD8E1
S21400E1F0022B54D9DA1E092A51D8DFE802F031572B
S21400E200404350505050504D0021C3E910112D4945
S21400E2104FF42060B9E755F8044D6445CBD37445F8
S21400E220C9D2E607C7D50026294F57F8048FA04560
S21400E230C1D00136062EF8D132B1013AD2B202F17F
S21400E2401E0643F82640B6E70522F8E7E0464FF0FC
S21400E250010EBC4637462E4625460C464146B4E7D8
S21400E26040F60120BDE8F0813B2B18D1194B9B6985
S21400E27013F0020F40F2025318BF1846F2E740F6BA
S21400E2800320EFE740F6042240F20173B0F5206F5A
S21400E2900CBF10461846E5E740F60520E2E740F6D4
S21400E2A00722013B4B2B98BF1046DBE740F60220C7
S21400E2B0D8E700BF00ED00E0946F002008100020B3
S21400E2C000E100E008000020D042000040D5030036
S21400E2D0087000200080015A00F00CB800F00AB860
S21400E2E000F008B800F006B800F004B800F002B875
S21400E2F000F000B872B61EF0080F09D01EF0040F2A
S21400E3000DD0DFF850E0AEE8FF1F6FF002000CE023
S21400E310DFF840E0AEE8FF1F6FF00E0005E0DFF824
S21400E32034E0AEE8FF1F6FF006006946EFF309829F
S21400E3308EE8070086460848084C854501D3A54563
S21400E34001D384F30888FFF7D9FE84F30888FFF723
S21400E350C3FE0000946F0020480000200810002034
S21400E3604BF6EF6283B2002B08BF1346044A000C3C
S21400E37013804FF6CE2308BF1846024B188070470E
S21400E3804E7800204C7800200B4BB3F900201888FC
S21400E390002AB8BF80F0620042001A80074AB2F92D
S21400E3A0001013880029BCBF83F4805383F00B034E
S21400E3B059001180584070474E7800204C78002055
S21400E3C007B5684600F01AF8DDE900010022034BA5
S21400E3D003B05DF804EB26F028BD00BF2C4A0020F1
S21400E3E007B5009313460A460146034826F0D1FABD
S21400E3F003B05DF804FB00BF2C4A00200249034A24
S21400E4000160521A426070472879002000000120FF
S21400E410004870472C4A002038B5416004462EF06C
S21400E42088FD05462146044824F0CAFD2846BDE876
S21400E43038402EF079BD00BF544A0020014824F031
S21400E440BCBD00BF544A00200222014B1A67704729
S21400E4500040005070B52EF06CFD174E054617486C
S21400E4602EF012FE3378CBB900F046F9044620B100
S21400E47028462EF059FD204670BDFFF7DFFF2EF030
S21400E480CDFE0F4B1C602DF0A5FB0E4B0E4A186000
S21400E490536F43F00103536726F0E3FC00F028F8BF
S21400E4A026F0F6FC094B002418600123284633703A
S21400E4B02EF03AFDDFE700BF25690020507D0400FE
S21400E4C0584A0020804A0020004000505C4A002045
S21400E4D0054B1B685843054B00F5742000F23F209F
S21400E4E0B0FBF3F0704700BF804A002040420F00A8
S21400E4F0294B2A4AD3F8003170B503F003031360A2
S21400E5002DF0FEF84FF4C870FFF7E2FF0022244B10
S21400E51024491860244C0B680132D2B20A2A44F807
S21400E520040BF9D1034400EBC00003440B601F4BFF
S21400E5301F4D1B7813B3184BD3F8003103F00303B9
S21400E540022B22D0032B23D0012B17D12CF070FEE8
S21400E550024698B1174B184EDC6800231946C4F3E0
S21400E5600B04013404EB84040138E4FB06010EF0CE
S21400E570EDFBFFF7ADFF2B6803442B601F20FFF772
S21400E580A7FF2B6803442B6070BD2CF09BFEDFE7D3
S21400E5902EF0E2FCDCE700BF00800050C04A0020FE
S21400E5A0844A0020884A00208C4A002029690020DE
S21400E5B0B84A002000C0015040420F000122154B0F
S21400E5C010B55A67144B154C1B7813B302202EF067
S21400E5D016FEF0B12DF084FBD8B1A36DD90302D599
S21400E5E0E36D9A0715D40D4B9B6DDB0711D4012202
S21400E5F00B4B1A702EF0F7FDBDE81040094B0A4A87
S21400E6001860136F23F0070343F0030313672CF01F
S21400E610F5BD10BD00D000502A69002000C0005093
S21400E62027690020B44A0020008000500122014BD8
S21400E6301A7070472A69002007B5FFF7C1FE01A8C7
S21400E640FEF752F89DF80530012B25D1234B9A6D25
S21400E650D20311D45A6B6FF3162242F4BC1242F462
S21400E660A0625A631A6B22F4704242F440421A6364
S21400E6701A6B42F4E0621A639DF8043063B94FF0F7
S21400E68000531B68164B1B68164B1B68164B1B6803
S21400E690164B1B68164B1B68164AD2F8803043F0A0
S21400E6A00303C2F8803026F0FBFBFFF7CDFBFFF735
S21400E6B077FBFFF77DFB0DF00FFEFFF7CBFE00F0BC
S21400E6C01BF826F0EEFBFFF73DFC26F0F9FB29F0E1
S21400E6D0F6FC03B05DF804EB26F0E4BB00C0005087
S21400E6E0004000200080002000C000200000012024
S21400E6F0004001200080005070B52EF027FC144E1C
S21400E70005463478FCB9134B1C60134B1C60134B46
S21400E7101C6000F031F801202DF0D0FB2DF0C2FB7C
S21400E7200F4B0246186020B928462EF00AFC23201C
S21400E73070BD234640F2E7310A480EF007FB0A4B4D
S21400E74018600123337028462EF0FBFB0020EFE70D
S21400E7502D690020D04A0020CC4A0020D84A00204C
S21400E760D44A002018FCFFFFC84A0020014B186856
S21400E770704700BFC84A00201FB50024184B186811
S21400E7809A880290D3F806009B7A00901548ADF858
S21400E7900C208DF804302EF077FC02A88DF8084087
S21400E7A08DF80C40FDF77CFF694601208DF800408F
S21400E7B0FDF73AFF1F220C4B9A615A614FF0B042A8
S21400E7C0936A13F00803FBD113620120FDF746FF9E
S21400E7D00A20FFF771FB0A20FFF752FB04B010BDBA
S21400E7E0017F0400487D04000020005810B52EF07C
S21400E7F0ADFB4FF0B04304465B691A07074A03F0C7
S21400E800010003F00D0348BF40F0020053612DF0F5
S21400E8107DFA2046BDE810402EF093BB002000583D
S21400E82021282DE9F341054604D82C46204602B09F
S21400E830BDE8F08100240B4E0B4FDFF8308000233C
S21400E840CDF800801A461946386824F002FF844244
S21400E850EBD2222CE9D056F8043BAB42E6D001348A
S21400E860EDE700BF208204004C730020FFFF0F007E
S21400E8702DE9F04F644E654D89B026F06DFB31688A
S21400E8802868FCF727FA0446002827D033680024B7
S21400E890D3E900019A6912689047336804A89B6917
S21400E8A09B689847336802209B69DB689847326804
S21400E8B005985368E7B2B3FBF0F3BB42916904F1E5
S21400E8C001044ED8CB680020984733689B695B6884
S21400E8D0984731682868FCF7FDF904460027DFF8FA
S21400E8E044A1DFF84481DFF84491F4B9484B286826
S21400E8F0DB5D002B00F08380D8F8006002AB314669
S21400E90003AAFCF769FB2D2807D070B9039B012BDF
S21400E9100BD031462868FCF7B3FDDAF800303146F4
S21400E9201A682868FCF72CFD04460137222F0AF1E6
S21400E930040A08F1040809F10109D6D1B4FA84F3EF
S21400E940344A5B0913702B681B7C33B126F0D0FA6F
S21400E95018B1DB2130482EF0EEFB204609B0BDE8AA
S21400E960F08F12680B6907FB002098479FE7D8F8DE
S21400E970003003AA194402AB0191FCF72DFB2D28A9
S21400E980034601992BD0286813B30BF1010B5FFAED
S21400E9908BF18E422868EAD8204BDB5D002BC4D072
S21400E9A0F3B27E2B2868C0D8D8F8003003AA06EB4E
S21400E9B0030B594602ABFCF70FFB2D28B5D0594682
S21400E9C02868FCF75DFD013604460028E8D0ACE771
S21400E9D0039B7BB999F80020029B9A42D5D099F800
S21400E9E00030DAF800202868FCF7C4FB0028CCD0FA
S21400E9F00446D1E70191FCF743FD0199EFE7084B88
S21400EA00A346DE5DC3E700BF2C7300204C730020D6
S21400EA10FC8104002F69002060E30300DA81040013
S21400EA20968104000C7F040020820400B881040054
S21400EA30F8B51F46214B04461B780D46164623B1F3
S21400EA4000F47E23B3F50E2F2BD02046FFF7E8FE0A
S21400EA502128044614D81A4B53F82010194B1B785B
S21400EA60ABB1194B212C18681DD8184B1B5DD3B1C0
S21400EA703268FCF785FC044650B126F038FA07E009
S21400EA80FF2807D93A46314680B225F044FF0024D5
S21400EA902046F8BD4FF4A9710D482EF04CFB00211E
S21400EAA0DCE70146DAE77F2D08BF00253B46324605
S21400EAB051FA85F1FCF75EFBDDE700BF2E6900200A
S21400EAC0208204002F6900204C730020FC81040083
S21400EAD060E3030030B5134600F07E62B2F17E6F4D
S21400EAE08BB00DD10A46C0F30B016846FEF71AFA42
S21400EAF020B140F2931109482EF01DFB0BB030BD3B
S21400EB005A0826F0F7F90028F8D04FF49C7103480D
S21400EB100BB0BDE830402EF00EBB00BF0DE4030086
S21400EB202DE9F743C70705460E46144604D540F2BE
S21400EB30E31149482EF0FFFAE10704D54FF4F271CD
S21400EB4045482EF0F8FA454B93F80080B8F1000FD0
S21400EB5020D043F260239D4208D1224631464048E9
S21400EB600EF0F0FD002003B0BDE8F083C5F30B0700
S21400EB7005F44055B5F5805F14BF4FF40F204FF4F1
S21400EB800E20234632467F21384303B0BDE8F043CB
S21400EB90FFF74EBF05F47043B3F5805F3FD1C5F372
S21400EBA00B05304A05F17E65631E2B44934230D830
S21400EBB02F46DFF8A49007EB0408474542D1AA0782
S21400EBC00ED04FF6FF7336F8022BA81E43EA024318
S21400EBD004220DEB02010193FFF77CFF0235023C95
S21400EBE0A3070ED0023C24F00103F35A04226FEA76
S21400EBF003436FEA13430DEB020128190193FFF755
S21400EC0069FF002CAED0224631462846FFF762FF49
S21400EC10A8E740F2FD1110482EF08DFAC8E705F47B
S21400EC206043B3F5005F04D1C5F30B0505F53E253B
S21400EC30BEE740F2052108482EF07DFA6FF00F0778
S21400EC404546B6E717F8013BFF2BB6D04FF40471E4
S21400EC5048462EF070FAB0E70DE403002E69002057
S21400EC6050780020FF03E00F10B500F077F826F08C
S21400EC708DF9044618B100F079F8204610BD00F072
S21400EC807BF804460028F6D10122014B1A70F2E701
S21400EC9030690020054B1B7833B1054BC0F31301D8
S21400ECA000221868FCF7B0BB1120704730690020BE
S21400ECB04C730020144B2DE9F0411B7805460E4698
S21400ECC01746FBB126F049F9012805D9841EE4B29F
S21400ECD0012C09D9212412E03B4631462846BDE8DE
S21400ECE0F041002200F052B800F038F83B4600220F
S21400ECF03146284600F076F8044600F037F82046FD
S21400ED00BDE8F0811124FAE730690020124B70B597
S21400ED101B7804460D461646E3B126F01EF9012878
S21400ED2005D9831EDBB2012B08D9212410E0324618
S21400ED3029462046BDE8704000F040B800F00EF8C6
S21400ED4020463246294626F023F9044600F00EF8FF
S21400ED50204670BD1124FBE73069002008B52EF070
S21400ED60E8F8014B186008BDDC4A0020014B186823
S21400ED702EF0DAB8DC4A0020024B1968024B1868FD
S21400ED80FBF7A8BF2C7300204C73002037B5054650
S21400ED900C46C0F313010848ED02006805D522466C
S21400EDA003B0BDE83040FCF7E3B8009313462246B4
S21400EDB0FCF798F803B030BD4C73002030B405461D
S21400EDC01346074A0C46C0F313011068EA0203D53F
S21400EDD0226830BCFCF7D4BA224630BCFCF7CAB96D
S21400EDE04C730020F7B505460F4614461E461BB961
S21400EDF02125284603B0F0BD0029F9D026F0ADF84D
S21400EE004BF23462ABB2934220D14FF0FF3322462E
S21400EE106946CDE9003325483346FFF7E3FF08226D
S21400EE200546234968460EF049FE38B93346224661
S21400EE30694641F2F010FFF7D5FF0546002DD8D100
S21400EE403246694638460EF07DFCD2E741F2F012B3
S21400EE5093420FD1174B311908299A6CDB6CC7D82F
S21400EE60CDE9002332460DEB040138460EF06AFC6D
S21400EE700025BEE702280BD1C5F30C433219934296
S21400EE80B6D3C5F30B0104F17E6432462144ECE7A9
S21400EE90032809D1C5F30C4332199342A8D3C5F30E
S21400EEA00B0104F53E24F0E70125A2E7021008C096
S21400EEB0AC8204000080E00F10B528F0C9FA29F0F3
S21400EEC060FBBDE81040034601210220014A02F023
S21400EED00BBC00BFC0E4030013B5D0E9023253F800
S21400EEE022301C78204628F0C5FA234600900121DF
S21400EEF00220024A02F0F8FB02B010BDD4E4030080
S21400EF00014B187827F09EBE31690020FF232DE9BB
S21400EF10F04F8FB01122002108A88DF813300EF0A4
S21400EF2081FA08A827F04EF801210220B04A08AB63
S21400EF3002F0DAFB41F24903AE4A0121022002F058
S21400EF40D3FB06A827F06DF908A90DF1130027F0EA
S21400EF5073F902200021A84A02F0C6FB002027F021
S21400EF60A2FE10B106A809F047FE9DF92A3001213D
S21400EF700220A24A00939DF82B3002F0B5FB28F041
S21400EF8063FA831EDBB2FC2B054631D80121022032
S21400EF909B4A02F0A9FB01249A4E9B4FDFF8D082D1
S21400EFA0234632460021022002F09EFB05A9E0B26D
S21400EFB028F04CFA034650B1A0F11602012A40F29E
S21400EFC0AA8042460121022002F08EFB0CE09DF949
S21400EFD014303A4601939DF8163001210093022022
S21400EFE09DF8153002F080FB0134E3B29D42D7D87D
S21400EFF0BDF8284008F0ECF923460021834A00902B
S21400F000022002F071FB02200021814A02F06CFB14
S21400F010002027F048FE10B108A809F0EDFD0121F8
S21400F0207C4A022002F060FB28F06AF9044628F0C9
S21400F03065F923460121784A0090022002F054FB2D
S21400F04008F09EFE00210220744A02F04DFB9DF857
S21400F0501330FF2B65D000210220714A02F044FBDA
S21400F06001216C4A022002F03FFB27F0EAF801215A
S21400F07003466C4A022002F037FB08F081F90021B3
S21400F0800346694A022002F02FFB27F0E0F8044608
S21400F09027F0DFF823460121644A0090022002F0A0
S21400F0A023FB2EF055F808F013FF01210346604AB3
S21400F0B0022002F019FB0025DFF8B88108F008FFEF
S21400F0C0ECB2A04233D82EF043F80123594A194631
S21400F0D0022002F009FB002027F0B4FD564B574CE7
S21400F0E00093012100230220554A02F0FDFA23680E
S21400F0F063B1012102201B78524A02F0F5FA236818
S21400F100012102205B78504A02F0EEFA27F09FFDBC
S21400F1100FB0BDE8F08F012102204C4A02F0E4FA5D
S21400F12062E7002102204A4A02F0DEFA98E7494BDD
S21400F130204603EB0416D6F8089008F083FF8246B4
S21400F140204608F0CBFE444F00280CBFC346BB4603
S21400F150204608F077FF0AF031FD002808BF474632
S21400F160534600210220CDE900B73C4A02F0BCFA23
S21400F170B37901210293B388022001937388384A39
S21400F1800093337B02F0B0FA0026DFF8ECB099F873
S21400F1900430F4B2A34203D82DF0DAFF01358DE730
S21400F1A014235C43D9F8007002203A5B07EB040A8C
S21400F1B09AF90C3000922B4A002132EA230228BF2B
S21400F1C05A461346284A02F08FFA002027F06BFDB5
S21400F1D038B150463C5B27F0A3F8014620460AF0BB
S21400F1E03BFD01210220214A02F07EFA0136CEE7DD
S21400F1F015E5030024E5030040E503006CE5030085
S21400F20047E503005DE5030064E5030099E50300B8
S21400F210B9E5030003E60300C2E50300E4E50300E6
S21400F220B6060400EFE5030005E603001BE6030050
S21400F23031E60300AAE60300C2E60300D84F00202A
S21400F240B6E60300D0E60300E4E6030081E503002B
S21400F2504DE203000C4F0020ECE403003CE6030004
S21400F2605CE6030009E5030092E60300592F04005C
S21400F2708CE50300F4E40300FDE403002DE9F74306
S21400F2800025134EDFF8588008F022FEECB2A042AC
S21400F29002D803B0BDE8F0832701204616F8079091
S21400F2A008F01CFE0B4A4B46002808BF42460021C9
S21400F2B002200092084A02F017FAF05D26F0CDFF11
S21400F2C001210220054A02F00FFA0135DCE700BFF3
S21400F2D00C4F0020F2350400FFE60300592F04000F
S21400F2E0FC35040008B583685A681178C26853F87C
S21400F2F02230A1F1650251425141187808F0A4FF6E
S21400F30030B9BDE8084001210220024A02F0ECB9FB
S21400F31008BD00BF0AE7030000210220014A02F0F0
S21400F320E3B900BF24E7030000210220014A02F0EF
S21400F330DBB900BF52E7030010B5044686B01822BA
S21400F340002168460EF06EF8684627F0FBFBD4E90D
S21400F350022052F8203002EB80021B788DF80B302A
S21400F360516891F900108DF80A1091680988ADF877
S21400F37008106168091A032907DDD26803F01F0325
S21400F380127843EA42138DF80B30684608F0CEF840
S21400F39000210346024A022002F0A6F906B010BD7C
S21400F3A06EE7030007B5002028F012F80021009051
S21400F3B0034B0220034A02F097F903B05DF804FB02
S21400F3C07BE7030081E7030013B5D0E9023253F868
S21400F3D0221003EB82035B68087819680023094C47
S21400F3E0A222994208BF2146C01A18BF012027F062
S21400F3F0E3FF01210090044B0420044A02F074F954
S21400F40002B010BD00F8FF078CE703009AE803007F
S21400F41013B5D0E9023203EB820153F82230D1E96A
S21400F42001141878FF22003818BF012023780968D5
S21400F43027F0C2FF01210090034B0420034A02F08C
S21400F44053F902B010BD00BF93E703009AE803002B
S21400F45008B5002101230C4A27F033FE0A4827F09E
S21400F46093FB0020094909F05FFC002027F01BFCF5
S21400F47010B1054809F0C0FBBDE808400121042092
S21400F480034A02F031B900BF636E0020A8E703000C
S21400F490592F040010B526F0DEFE034630B1BDE855
S21400F4A0104001210420054A02F01EB90121BDE8E2
S21400F4B010400420024A02F017B900BFB6E7030066
S21400F4C0C7E7030010B527F061FBBDE81040034610
S21400F4D001210220014A02F007B900BFD2E703006B
S21400F4E010B527F025FBBDE8104003460121022099
S21400F4F0014A02F0F9B800BFE8E7030037B5D0E9E3
S21400F5000232012453F822304FF6FF701D78FE2297
S21400F51004FA05F1002327F0BBFF2B460090214696
S21400F5200420024A02F0E0F803B030BDFCE7030016
S21400F530D0E9023253F822301B7823B10121022091
S21400F540024A02F0D1B8024A137070471BE8030063
S21400F5503169002007B5684626F063FE07F038FFDD
S21400F56001210346084A022002F0BEF8684609F068
S21400F57043FB08F0A1F901210346044A022002F0E9
S21400F580B3F803B05DF804FB31E803004BE8030072
S21400F59037B5D0E90245406854F82530401B0328AB
S21400F5A0D8BF002004EB8504C8BFE06819786368FC
S21400F5B0C8BF00781A78A36893F90030009001203D
S21400F5C027F0EAFE38B901210220084A03B0BDE858
S21400F5D0304002F089B8064B0190009301210220CA
S21400F5E0044B054A02F080F803B030BD5CE8030027
S21400F5F064E80300A817040078E8030007B50120B4
S21400F60027F0D2FE48B9009001210220084B094A93
S21400F61002F06AF803B05DF804FB054B0190009316
S21400F62001210220044B054A02F05EF8F2E700BF13
S21400F63064E803008FE803005144040078E8030000
S21400F64008B5D0E9023253F82230187827F05EFE6B
S21400F65030B9044A0121BDE80840042002F044B84D
S21400F660014AF7E7A4E80300C0E8030008B5D0E9BC
S21400F670023253F82230188827F046FE30B9044A82
S21400F6800121BDE80840042002F02EB8014AF7E741
S21400F690DFE803000FE9030073B50378044613F0B0
S21400F6A0050F0ED04588062D17D1836801215B68AB
S21400F6B0174A1B780193838804200093154B02F0A9
S21400F6C013F82378012B20D001210420114B124A75
S21400F6D002B0BDE8704002F007B835B98388012152
S21400F6E004200E4A02F000F8EBE7012DE9D1866807
S21400F6F00B49002009F018FB304609F07DFA294630
S21400F7000420084A01F0F0FFDBE702B070BD00BF3E
S21400F71045E903003CE9030097E9030062E90300BA
S21400F7207FE90300592F04002DE9F04F00268FB023
S21400F730364D09AC0FCD0FC42B6801210220344A88
S21400F740236001F0D1FF3446DFF8DC9026F07DFD23
S21400F750F5B2A8420BD826F078FD2346009001218A
S21400F76002202C4A01F0C0FF0FB0BDE8F08F2846FB
S21400F77005A927F0B5FD0346002841D19DF81430B1
S21400F780032B39D904238DF814302B460021022090
S21400F790214A01F0A9FF9DF814300EAA02EB83035C
S21400F7A000214A4653F8143C022001F09DFF2846EB
S21400F7B09DF821A09DF815B09DF81870BDF816802C
S21400F7C027F090FD5346CDE9028000210220CDE9C6
S21400F7D000B7124A01F088FF01340020E4B227F097
S21400F7E062FA18B10DF1190009F006FA002102209C
S21400F7F00B4A01F079FF01E0002BC6D10136A5E7E0
S21400F80000210220074A01F06FFFF7E7B4820400E8
S21400F810A9E9030022EA03005FE50300D6E9030036
S21400F820A4DB0300FDE90300E1F40300C36882687B
S21400F830013BDBB252F8233002201B78652B14BF45
S21400F84000220121044B1BBF01211A70034A044AFF
S21400F85008BF197001F048BFC978002039EA0300D4
S21400F86047EA0300D0E9023253F822301A88014BE7
S21400F8701A8070475278002007B5D0E9023103EBB2
S21400F880810253F8213052681988054B05481288C2
S21400F89000930088012309F0A3FE03B05DF804FB83
S21400F8A099F6000052780020C3688268013BDBB2FC
S21400F8B052F823305B78A3F1660253425341014A63
S21400F8C013707047CC78002030B5D0E9023253F878
S21400F8D0223089B01D78012302AA1946044627F073
S21400F8E0F0FB01230093102302210DEB03022046B8
S21400F8F027F0C8FB284604AA02A927F0E3FD044621
S21400F900002027F0D0F918B12146044807F0F0FD92
S21400F9100020034909F0EEF909B030BD56EA0300AD
S21400F920592F0400002330B58FB00221009309AA96
S21400F9301223054627F0A6FB05AA014609A807F0EC
S21400F940B5FB044698B1232805D1134A01210420AB
S21400F95001F0CAFE09E0212801D1104AF6E7034665
S21400F960012104200E4A01F0BFFE0FB030BD012376
S21400F9702846194603AA27F0A4FB05A903A827F0E2
S21400F980A3FD0546204627F08EF918B129460548FE
S21400F99007F0AEFD044AD9E763EA030086EA0300EF
S21400F9A0C1EA0300E2EA0300592F0400F0B5D0E9EB
S21400F9B0023253F8221003EB82039B6805461F7839
S21400F9C087B038460E7827F04EF9044608BBD5E9CE
S21400F9D0022101238DF80830194452F8210002EB69
S21400F9E0810200888DF809709268ADF80A001278D6
S21400F9F004218DF80C2028460DF10D0227F061FB3E
S21400FA00304602A98DF8154027F06EFC044627F014
S21400FA101EF9334601210420024A009401F064FED8
S21400FA2007B0F0BDF7EA03002DE9F04101218EB0E2
S21400FA300220274A01F058FE002005AB01AA09A9BA
S21400FA4027F03AFD00250446224E234FDFF8988023
S21400FA501CB128460EB0BDE8F08102202B46324687
S21400FA60214601F041FE204627F01DF910B10AA8F4
S21400FA7009F0C2F83A46002102209DF8303001F025
S21400FA8033FE424600210220079B01F02DFE002196
S21400FA900220BDF82030114A01F026FEBDF81430D1
S21400FAA000210F4A022001F01FFE013501A827F0B1
S21400FAB0F5F8EDB2012102200A4A01F015FE2846AB
S21400FAC005AB01AA09A927F0F7FC0446C0E700BF6A
S21400FAD029EB03006FEB030077EB0300D506040069
S21400FAE08CEB0300592F040083EB03002DE9F0474D
S21400FAF0064698B0C0B926F0A6FB074600250EA815
S21400FB0027F0E4FC01210220384A01F0EDFD2C46E6
S21400FB10DFF8E080DFF8E090DFF8E0A0BC4205D335
S21400FB20284618B0BDE8F0870127E7E713A827F0B6
S21400FB30CDFC002E4CD0022306A913A88DF84C301D
S21400FB40FE2427F0B5FC00283FD102A913A827F011
S21400FB50B5FC9DF8593043F001038DF85930002E5E
S21400FB603DD1234631460220214A01F0BDFD9DF8D5
S21400FB7059300AA943F0010313A88DF8593027F02D
S21400FB809DFC002027F08FF810B114A809F034F877
S21400FB900C9B42460021022001F0A6FDBDF828205D
S21400FBA0002112F4007F0CBF4C23412312F0100FEB
S21400FBB00CBF6E227922022000924A4601F094FD84
S21400FBC006A827F06BF80135EDB20134E4B2A5E7DC
S21400FBD020460AAB06AA13A927F06CFCB3E75246E8
S21400FBE00021022001F080FDC1E700BF96EB030074
S21400FBF06FEB030083EB0300D2EB0300CBEB0300B9
S21400FC0030B5012499B00EA827F060FC13A88DF833
S21400FC10384027F0F9FBC0B9BDF84C1011EA0405CE
S21400FC2013D121460220444A01F05EFD29460220F7
S21400FC30424A01F059FD214602203F4A01F054FD98
S21400FC40214602203C4A01F04FFD06A90EA827F0E7
S21400FC502FFC20B11022FF2106A80DF0E3FB04A81C
S21400FC6027F02EFC059B01210220354A0093354BD8
S21400FC7001F03AFD9DF8123001210220324A00932D
S21400FC80304B01F031FD00212E4B304A022001F0AE
S21400FC902BFD06A827F002F813A827F017FC02236E
S21400FCA00AA913A88DF84C3027F008FC00283FD18D
S21400FCB00B9B009301210220254B264A01F014FDE0
S21400FCC00121234B244A022001F00EFD0120FFF7FC
S21400FCD00DFF01211E4B214A022001F005FD0020E8
S21400FCE0FFF704FF044626F0AEFA234600900121F3
S21400FCF002201B4A01F0F8FC01211A4B174A022089
S21400FD0001F0F2FCFFF790FE174902280346174859
S21400FD10174A28BF0A46084928BF01460092CDE97F
S21400FD20013102200121134A01F0DEFC19B030BD7A
S21400FD304FF0FF33BDE700BF592F0400E5EB03008B
S21400FD4023EC03001BEC030033EC03003216040024
S21400FD50B324040046EC030056EC03005DEC0300FD
S21400FD6066EC03007AEC0300E1EB03009C0B040056
S21400FD70EE0B040088EC030010B5D0E9023253F80D
S21400FD8022301C78201E18BF012027F029FB054AC8
S21400FD90054B0020002C18BF1A46BDE8104003494A
S21400FDA008F0A8BFB5EC0300B0EC0300BEEC0300FF
S21400FDB0D0E9023210B553F822301C88204627F0CE
S21400FDC011FB2246BDE810400020014908F092BF12
S21400FDD0FFEC030037B5044607F0D2FA014638B107
S21400FDE000200D4A0D4903B0BDE8304008F082BF40
S21400FDF0E368A268013BDBB252F8233008481D785E
S21400FE000123084A00936C2D08BF024610232046A3
S21400FE1027F038F903B030BD4DED030055ED030073
S21400FE20B2780020A278002013B583689A6812780A
S21400FE30672A22D101A827F0E7FA0446A8B9BDF838
S21400FE400420174908F056FFBDF80430DA070AD434
S21400FE5013F0020F134B144A18BF1A46134900201A
S21400FE6008F048FF19E0124AF8E702461149002058
S21400FE7008F040FF22461049F1E7C26801A953F88E
S21400FE80220003EB82035B6800681B68ADF8043051
S21400FE9027F0C0FA04460028ECD102B010BD00BF1F
S21400FEA088ED03007BED03008F170400A9ED030027
S21400FEB06BED0300BBED0300E7ED0300034A0449C6
S21400FEC01388C85401331380704700BF0C640020A9
S21400FED03769002073B5154D01242B78144E13F0A6
S21400FEE0040F0CBF02230423124A214614703288E2
S21400FEF002200192EB5C104A0093104B5B8801F0E5
S21400FF00F3FB002102200E4A01F0EEFB0D4B2946C2
S21400FF10009332882346022001F02CFC2146022062
S21400FF20094A02B0BDE8704001F0DEBB3769002028
S21400FF300C64002036690020F6ED0300FE63002006
S21400FF401BEE03003DEE0300592F040070B5164665
S21400FF504FF48A52114B124DDA805980114B1B8890
S21400FF601A1E18BF012240EA82000F4A1278003A91
S21400FF7018BF012240EA0210287063B103246B7098
S21400FF801B0AAB7009F088FE631C2855EE54074B1D
S21400FF9002341C8070BD0124F4E700BFFE6300201D
S21400FFA0376900200A640020356900200C640020B0
S21400FFB038B5D1E902320C46054653F822300246DF
S21400FFC019880C4B1878FFF7C1FFE368A268013365
S21400FFD052F82330188825F01DF84DB1E368A26862
S21400FFE0023352F823301878BDE83840FFF766BF72
S21400FFF038BD00BF32690020F0B50546EB68AA6838
S214010000023352F8233008461C78294685B0FFF79C
S214010010CFFF204626F070F9204E214F78B32046B8
S21401002026F076F90321441C03AA284624F059F841
S2140100303288E4B2C2F1FF0303991B1B9BB28B42C9
S21401004022443CBFC2F1FF03039301230321009323
S2140100503A449DF80C30284627F014F8039A022CEF
S214010060338804BF0F48110AFA5408BFC154134419
S2140100701C44348005B0BDE8F040FFF72BBF204696
S21401008007F086FE012332880446009303210346C7
S2140100903A44284626F0F6FF3388E9E70C64002048
S2140100A03769002038690020052307B50121009330
S2140100B00220044B044A01F017FB03B05DF804EB81
S2140100C0FFF79EBD24EE03002BEE030013B5044696
S2140100D027F096F938B1CDE9004001210220034B03
S2140100E0034A01F001FB02B010BD00BF4DED030055
S2140100F042EE0300194B37B51B783BB901210220AC
S214010100174A03B0BDE8304001F0EEBAD0E902323A
S214010110144C53F8223001211D7863880220009385
S214010120114A2B4601F0E0FA104B25711B78104D51
S21401013063B1012102200F4A01F0D6FA20460E4A89
S214010140298803B0BDE8304025F077BE20460A4A2C
S214010150298803B0BDE8304025F031BF366900205C
S21401016059EE0300FE63002067EE030033690020AA
S2140101700C6400207EEE0300376900202DE9F04173
S214010180D0E9023253F8221003EB82035A680C7846
S21401019017889A68DB68B2F80080C6B01D7800211F
S2140101A0304B0220304A0094CDE9017801F09CFAE8
S2140101B0002D0CBF6E237923012102202B4A01F06A
S2140101C093FAFF23002D0DF1170606AD0193204685
S2140101D00CBF80234023424639460296009526F0FE
S2140101E0D1FB0446002835D1307826F08BF8074637
S2140101F0B0B1284626F016FD1D4BFD28A8BFFD20F0
S2140102000093234682B20DF11901022001F0B2FAE1
S21401021001210220174A01F067FA46B0BDE8F081D5
S214010220307826F075F860B1284626F000FDFD28E6
S214010230A8BFFD200E4B82B200930DF11A013B467A
S214010240E3E7307807F0A4FD0B4B024600932946FE
S2140102500123DAE7009001210220084B084A01F049
S21401026043FADAE74F25040098EE0300BDEE0300DB
S2140102705B390400592F04003DEE030099F7030093
S214010280C7EE0300D0E9023253F8221003EB8203D3
S2140102902DE9F04F5A680F78B2F800809A68C7B017
S2140102A0B2F80090DA681B6992F800A01E78002167
S2140102B02F4B304A0446CDE901890220009701F010
S2140102C013FABAF1000F0CBF6E2379230121022025
S2140102D0294A009606AD01F007FAFF2200212846BA
S2140102E00DF0A0F8304626F00DF8834608B300233B
S2140102F0052100932046FD230DF1190226F0C2FECA
S2140103002870BAF1000F0CBF802340234A464146AD
S2140103103846CDE9005626F000FB0146144807F0A2
S214010320E7F801210220154A01F0DEF947B0BDE8E1
S214010330F08F304625F0ECFF60B1FD230521204605
S214010340CDF800B00DF11A0226F09CFE85F801B03A
S2140103502870D6E70590304607F01AFD059A034641
S214010360009205212A46204626F08CFEC9E700BFEA
S2140103704225040098EE0300D8EE0300592F04002E
S2140103802DE9FF471C465B68E5685B1B00255FFAA5
S21401039083F803952E46FFF7D9FDEBB298450BD9A6
S2140103A00C9B9B5D282B39D8202B00F2CB80013685
S2140103B0F6B2002B40F0C980FFF78CFD04B0BDE813
S2140103C0F087132A2FD801A151F822F093040100D7
S2140103D0A5040100B7040100EB040100B903010004
S2140103E0B9030100B9030100B903010027040100A4
S2140103F02704010027040100270401002704010047
S2140104002704010027040100270401002704010036
S214010410270401003704010011050100A3F1310290
S214010420D1B21329CDD90136F6B2A3F14102032A7E
S214010430C2D8422B6CD06C4F00213A88DFF8B0A1AD
S214010440C2F1FE039BB2FF2B28BFFF2301320091AE
S214010450DBB22046524469B226F0F0FD3B880AF82A
S214010460030001331844388011E04FF00409E368B3
S214010470A2682B4452F823301F68F8B209F1FF39FD
S214010480FFF71CFD19F0FF094FEA1727F5D10135D3
S21401049083E7E368A2682B4452F823301878FFF705
S2140104A00DFDF4E7E368A2682B4452F82330188860
S2140104B024F0B0FDEBE7E368A2682B4452F8233042
S2140104C01F68B7F1807F09D2F8B2FFF7F7FCC7F3D0
S2140104D00720FFF7F3FCC7F30740E0E72B460121AF
S2140104E00820424A01F000F966E74FF00409E36884
S2140104F0A2682B4452F823301F68F8B209F1FF397D
S214010500FFF7DCFC19F0FF094FEA1727F5D1BEE724
S214010510294603AA204623F0E4FD0021324F344A3F
S2140105203B88DDF80C9002EB030CCAB2914501F151
S214010530010102D84B443B80A9E710F802A00CF851
S21401054002A0F2E7242B3FF670AF013B232B3FF6C8
S21401055033AF01A252F823F093040100A504010071
S214010560B70401006B040100B9030100B9030100DF
S214010570B9030100B9030100B9030100B903010081
S214010580B9030100B9030100B9030100B903010071
S214010590B9030100B903010093040100A504010099
S2140105A0B7040100EB040100B9030100B90301001F
S2140105B0B9030100B9030100B9030100B903010041
S2140105C0B9030100B9030100B9030100B903010031
S2140105D0B9030100B903010093040100A504010059
S2140105E0B70401006B0401000C640020F1EE030067
S2140105F037690020094B1B7823B101210820084ADE
S21401060001F072B8D0E9023253F82230054A1B884D
S214010610012113800820044A01F066B836690020DB
S21401062017EF03000A64002059EF0300D0E90232F5
S21401063053F82230054A1B780121003B18BF0123DD
S21401064008201370024A01F04FB800BF3469002039
S2140106507FEF0300D0E9023253F82230034A1B78B9
S214010660012113700820024A01F03EB835690020C6
S214010670AEEF030010B5D0E90232044653F822303B
S214010680132219880B4B1878FFF760FCE368A26801
S214010690013352F823301878FFF710FCE368A2689C
S2140106A0023352F823301878FFF708FCBDE81040F3
S2140106B0FFF710BC3269002010B5D0E902320446BB
S2140106C053F82230112219880B4B1878FFF73EFC9D
S2140106D0E368A268013352F823301878FFF7EEFB7F
S2140106E0E368A268023352F823301878FFF7E6FB76
S2140106F0BDE81040FFF7EEBB32690020D0E90232B8
S21401070053F82230034A1B78003B18BF0123DB0055
S214010710137070473269002010B5D0E9023253F8E1
S2140107202230044619880E4B06221878FFF70EFC75
S2140107300120FFF7C3FBE368A268034452F82330A5
S214010740188824F067FCE368A268023352F8233065
S214010750188824F05FFCBDE81040FFF7BBBB00BF64
S214010760326900202DE9F043D0E902324FF0FD094D
S214010770013253F8221003EB82035A68C7B0178878
S2140107809A68B1F80080147853F8043C002C0DF1F7
S214010790170506AE18783A4614BF40238023414613
S2140107A00295CDF80490009626F0ECF8034638B191
S2140107B0184A0121082000F097FF47B0BDE8F083F2
S2140107C0201E18BF01200A224146C000FFF7BEFBCB
S2140107D0384624F01FFC2878FFF770FB4A4631465E
S2140107E0287825F03DFD044628B10B4F3D88C5F11C
S2140107F0FF03984202DD2346084ADAE70246084824
S2140108003146284425440CF09DFF3D80FFF762FBEE
S214010810D3E700BFE4EF03000C64002000F0030000
S2140108203769002010B5D0E90232044653F8223069
S214010830082219880B4B1878FFF788FBE368A26833
S214010840023352F823301878FFF738FBE368A268C2
S214010850013352F82330188824F0DCFBBDE8104041
S214010860FFF738BB3269002073B5D0E9023205467E
S214010870023253F8221003EB820353F8042C53F888
S214010880083C0C781988234B168818780622FFF73F
S2140108905DFB0020FFF712FB304624F0BBFB204631
S2140108A0FFF70CFBEB68AA68033352F8233018886D
S2140108B024F0B0FBEB68AA68043352F8233018889A
S2140108C024F0A8FB204609F0E7FBE8B9204607F02C
S2140108D05FFA05210446019001AA284623F001FC8F
S2140108E0019B01469C4206D0224631460A480BF03F
S2140108F087FC02B070BD094D09482E882246304457
S21401090034440CF0E1FD2C8002B0BDE87040FFF7E6
S214010910E1BA00BF326900202CF003000C6400200D
S2140109203769002073B5D0E902324FF48A5153F883
S2140109302230104D1A88104BD9805A8000232A463F
S21401094000930121FF2326F09DFB2B78044613F02C
S214010950040F0A4B08BF01261B7818BF032613B1E4
S21401096009F09AF9A855064B1C8002B0BDE8704004
S214010970FFF7B0BA37690020FE6300203469002013
S2140109800C640020D0E9023253F82230034A1B7867
S214010990003B18BF01231370704700BF3369002066
S2140109A010B50C4608B908F003F9024B18715C71D2
S2140109B010BD00BFFE63002002462DE9F341D0E9D9
S2140109C00253526855F82310D21A0C8805EB83019E
S2140109D0013BDBB255F82380294D022A4868C8BF7F
S2140109E08A682B78D8BFFF210078C8BF11783BB939
S2140109F001210220234A02B0BDE8F04100F074BE96
S214010A00FFF7CEFF06F0E4FC1F4F204E3B88014661
S214010A10224600931E48334626F0A1F80246C8B97E
S214010A2098F804103B885F2917D1CDE900364FF6B8
S214010A30FF712046164B25F0F4F928B10346012133
S214010A400220144A00F050FE0023134A2B70138034
S214010A50124A137002B0BDE8F0814FF6FB718C426A
S214010A6008D9CDE900362146094B4FF6FF7025F02F
S214010A7036FAE2E72146064A009625F062FADCE7F6
S214010A803669002077F003000C64002037690020E7
S214010A90FE6300207EF003000A6400203569002012
S214010AA0002210B50A2104461046FFF74FFA00202F
S214010AB024F0B0FA0122044B1A70FFF70BFA204615
S214010AC0BDE81040FFF778BF606E002038B51C46C1
S214010AD015460123224626F0F4FA60B92146284637
S214010AE026F0B8FC044620B101210420034A00F098
S214010AF0FBFD204638BD0024FBE700BFA5F0030040
S214010B002DE9F0430C4615461F46D0E9022352F85C
S214010B10231002EB830293680E8893F80080D36853
S214010B208BB0B3F800903246012106ABFFF7CEFF3B
S214010B30F0B90DF1200CF4B101232A884021CDE94A
S214010B4002C2CDE90471CDE900932221434606AAEB
S214010B50304626F0EDFA0B4B0B4A00930B4B0190F7
S214010B60002C08BF134601210420094A00F0BCFDF1
S214010B700BB0BDE8F083624628686968032303C2A8
S214010B802246DBE704F10300E9F00300E3F003008B
S214010B90F1F0030007B501236A46002126F091FA19
S214010BA06846034908F0C8FD03B05DF804FB00BFC2
S214010BB099F60000D0E9023253F82230014918882C
S214010BC008F08CBD99F6000010B5D0E9023203EBAF
S214010BD08201496853F8223009784FF48A521888FE
S214010BE026F096FABDE81040034601210420014A8A
S214010BF000F07ABD0EF10300D0E9023253F822303C
S214010C0002214FF48A5210B5188826F073FABDE80F
S214010C101040034601210420014A00F065BD00BFD3
S214010C2027F103001FB5D0E9023203EB820153F826
S214010C302230496818884FF48A5309880293094B71
S214010C40094A0193094B1B7800931278084B26F04A
S214010C50C7FA012103460420064A05B05DF804EBF5
S214010C6000F042BD0E640020376A0020366A00207C
S214010C70186400203EF103002DE9F043D0E902326A
S214010C8053F8221003EB82035A680E8817789A6885
S214010C90DB688BB092F80090B3F8008032460421EE
S214010CA006AB0446FFF712FF28BB08AD01232A4610
S214010CB00521204626F005FA38B9042001210F4AFD
S214010CC000F012FD284625F0ACFA4FF48A53CDE920
S214010CD004930023CDE9025303232121CDE90083A8
S214010CE006AA3B46304626F023FA01210346044A6B
S214010CF0042000F0F9FC0BB0BDE8F08356F10300C8
S214010D0085F1030038B5D0E9024303F18043023B85
S214010D1002220F4954F823009D000CF0CFFE60B963
S214010D200C4B0D491A78042A0BD82C44A06800886D
S214010D3021F8120001321A7038BD084B08491A789A
S214010D40F1E70121BDE838400420064A00F0CCBC9A
S214010D505B1D0400376A002018640020366A0020F4
S214010D600E64002097F1030008B5C368806803F19C
S214010D708043023B0222064950F823000CF09EFEF7
S214010D8010B9044B187008BD0022034B1A70FAE71D
S214010D905B1D0400376A0020366A002037B5D0E9AB
S214010DA0023153F821208C0015784268521A012A24
S214010DB0C5BF1B195B686C091C78DCBF44F01804BE
S214010DC005F01F052946204626F0CEF8034640B119
S214010DD02346012104200E4A009500F085FC03B04D
S214010DE030BD0121A94074B92346FE224FF6FF709B
S214010DF026F04EFB012103460420064A03B0BDE857
S214010E00304000F071BCFE2241EAC461EEE700BF4B
S214010E10ADF10300CDF1030070B5D0E9021551F82C
S214010E20253001EB8501044618884B681A788B68D3
S214010E30052A1B8802D85E1E072E0BD90121042025
S214010E400C4A00F051FCBDE87040012104200A4A1A
S214010E5000F04ABC6468641B032CCABFC968074912
S214010E60096826F015FBBDE87040024604490020DB
S214010E7007F05ABFEBF103000BF2030000F8FF077F
S214010E8028F2030008B5D0E9023253F8220003EB3A
S214010E9082035968FF22038809684FF6FF7026F01F
S214010EA0F7FABDE8084002460149002007F03CBFBA
S214010EB03BF2030008B5D0E9023253F8223005218F
S214010EC04022188826F016F9BDE808400246024975
S214010ED0002007F029BF00BF5CF2030008B5D0E987
S214010EE0023203EB8201486853F82210027840234D
S214010EF00988312026F051F9BDE80840024602492A
S214010F00002007F011BF00BF7DF2030008B5D0E94D
S214010F10023203EB8201486853F82210027840231C
S214010F200988332026F039F9BDE80840024602490F
S214010F30002007F0F9BE00BF97F203001FB5D0E905
S214010F40023253F8221003EB82039B6808881A7852
S214010F500023D21A18BF0122CDE9023302A9402389
S214010F60D20126F029F901210090044B0420044AFD
S214010F7000F0BAFB05B05DF804FB00BF04F1030006
S214010F80B5F2030007B5D0E9023253F82230032147
S214010F904022188826F0AEF801210090034B042069
S214010FA0034A00F0A1FB03B05DF804FB04F1030063
S214010FB0C4F2030037B5C3688268053352F823309C
S214010FC004211D786A460123044626F07AF838B9CA
S214010FD004200121064A00F087FB684625F021F926
S214010FE02B466A4600212046FFF78AFD03B030BD36
S214010FF0DEF2030007B5D0E9023203EB820148684E
S21401100053F82210027840230988322026F0C5F8CA
S21401101001210090034B0420034A00F065FB03B056
S2140110205DF804FB04F103000FF3030070B5856956
S2140110300446EA0705F0020605D476B1C5F3072093
S21401104025F011FE09E01EB1B2210F482CF073F80D
S214011050A069C0F3810025F0F5FDE3691BB9BA214B
S21401106009482CF068F8204614F00EFCE3693EB1FE
S214011070607E9847AB0706D0BDE8704025F0E7BD17
S21401108020469847F6E770BD24F3030008B514F030
S214011090EFFE28B1BDE80840472102482CF04BB8C6
S2140110A008BD00BF24F303002DE9F041FF2B0446E1
S2140110B00F4690461D469DF8186005D0FF2E03D0BA
S2140110C0D52111482CF037F80023FF2D18BFAD00AD
S2140110D00E4A1CBF45F00105EDB222600C4AC4E978
S2140110E0063818BFA561FF2EC4E901232361E76016
S2140110F007D0A36943F0020323F47F4343EA0623A0
S214011100A361BDE8F08100BF24F30300E04A00209C
S2140111102D100100002310B5054C03610460054C39
S214011120C261C0E901430123C160836110BD00BFF4
S214011130E04A00202D10010070B58669044606F0CD
S2140111400303032B0D4603D1FC2114482BF0F3FFB8
S214011150FF2D16D0B20704D440F201110F482BF030
S214011160EAFF284625F01DFAFF28054604D14FF46C
S21401117082710A482BF0DFFF2DB204EB451420469E
S21401118070BDF307FBD5A36913F00C0FF7D040F23F
S2140111900B1102482BF0CFFFF1E700BF24F3030049
S2140111A00023054AC0E9063103610260C360034AB1
S2140111B0034B426083607047E04A00202D10010017
S2140111C055580200014828F027B800BFE04A002021
S2140111D0014828F02DB800BFE04A002013B50E489C
S2140111E027F0F4FF23F099FF26F0BDFF26F0DFFF7E
S2140111F026F0E9FFFCF748FF0446FCF75FFF2346AD
S214011200009001210420054A00F06EFA02B0BDE804
S2140112101040FCF73FBF00BFE04A0020D3F30300B5
S214011220022808B503D12BF07FFF014B186008BDDB
S214011230104B002008B50DF05BF90122044B1A7023
S2140112402BF0FBFFBDE8084002490348FDF7E4B870
S214011250396A002058730020144B0020014B187087
S214011260704700BF386A0020024B187808B106F0B4
S21401127093B87047C278002008B5074B1B780BB1AE
S214011280002008BDFFF7F0FF0028F9D106F05EFC4C
S214011290023818BF0120F4E7386A002070B5FFF75E
S2140112A0EBFF174D20B1FFF78DFF0428044613D836
S2140112B02B781BB92BF0C1FF01232B7023F03BFFCA
S2140112C00446D8B12B781BB9F7210E482BF033FF13
S2140112D0BDE87040FFF776BF23F02FFF0028E7D068
S2140112E02B785BB12BF025FE0646002101202AF063
S2140112F08BF830462BF018FE00232B70204670BD6D
S214011300396A0020F4F303001FB5FFF7C7FF044650
S214011310FDF72CFAA04228BF204688B103A92AF07F
S2140113205FFC034638B9CDE90000064A0399064832
S2140113302BF016FF18B18E2104482BF0FCFE01207D
S21401134004B010BD35510300F04A0020F4F3030049
S2140113500D4B70B51B780D4D0D4C0121002B0CBFAC
S2140113602B46234602200B4A00F0BEF90A4B012108
S2140113701B780220002B0CBF2B462346BDE870408D
S214011380064A00F0B1B900BFC27800207A1D0400F9
S214011390991D0400A6F40300386A0020C5F4030072
S2140113A010B5D0E9023253F8223002201B78012111
S2140113B0002B15BF01240024044A054A00F094F9C5
S2140113C02046BDE81040FFF749BF00BFE4F4030024
S2140113D001F50300D0E9023253F82230034A1B78A4
S2140113E0003B18BF01231370704700BFC27800206E
S2140113F038B50125084B1D702BF09BFD0446294688
S21401140028462AF001F820462BF08EFDBDE838402C
S21401141002490348FDF700B83A6A002060730020CD
S2140114203C4B002070B514F0A9FD10F0070F1D4DC0
S21401143011D02B785BB901262E702BF07AFD04466D
S2140114403146304629F0E0FF20462BF06DFDBDE821
S214011450704014F063BB25F0FFFF022803D1124B46
S2140114601B78032BE5D914F089FD18B90E4B1B78B0
S214011470032B14D814F052FB04460028D9D02B783D
S2140114805BB100262E702BF054FD05463146012037
S21401149029F0BAFF28462BF047FD204670BD4FF0D5
S2140114A0FF34ECE73A6A0020C16E00201FB5FFF753
S2140114B0B9FF0446FDF75AF9A04228BF204688B175
S2140114C003A92AF08DFB034638B9CDE90000064A88
S2140114D0039906482BF044FE18B18C2104482BF0E2
S2140114E02AFE012004B010BD0F5603001C4B00203D
S2140114F020F5030010B5094C0949002007F0FAFB56
S21401150023681B68587925F082F823681B68587988
S21401151024F086F805F066F9002010BD9C500020E6
S214011520CAF5030008B525F087FF024628B1BDE8D5
S21401153008400020014907F0DDBB08BDEDF50300BA
S21401154008B525F08FFF024628B1BDE80840002007
S214011550044907F0CFBB5422BDE80840FF210248EA
S2140115600BF060BF05F603002264002038B5044680
S2140115700D4625F07BFF024628B1BDE83840002025
S214011580034907F0B7BB034B23F8145038BD00BF1F
S21401159023F60300226400202DE9F34100240C4EBB
S2140115A00C4DDFF838800C4F56F8043B0BB9D8F8D1
S2140115B0003035F8022B39460092002022460134CD
S2140115C007F098FB2A2CEFD102B0BDE8F08100BFEE
S2140115D06C730020766400203FF6030068730020D9
S2140115E008B52A21034825F039FFBDE80840FFF772
S2140115F0D3BF00BF7664002007B5D0E9023253F8A6
S21401160022301A78292A0DD8084B53F822300BB904
S214011610074B1B680749002031F812100091064954
S21401162007F068FB03B05DF804FB00BF6C73002095
S21401163068730020766400203FF6030008B52A216F
S214011640034825F00DFFBDE80840FFF7A5BF00BF22
S2140116507664002038B5D0E9023253F8221003EB45
S21401166082035B680C781D880020044907F042FB62
S21401167029462046BDE83840FFF778BF4AF6030002
S2140116802DE9F34100240C4E0C4DDFF838800C4F49
S21401169056F8043B0BB9D8F8003035F8022B39461A
S2140116A0009200202246013407F024FB2A2CEFD1B9
S2140116B002B0BDE8F08100BF6C73002022640020F8
S2140116C03FF603006873002010B5024623F0BEFF04
S2140116D020B9044C236811B11343236010BD23EADB
S2140116E00203FAE7187400200CB413B502460C4640
S2140116F023F0ACFF60B9094B1B681A4208D005A954
S214011700049801910AF090FD14B1054826F0B7FC43
S21401171002B0BDE8104002B0704700BF1874002048
S21401172049F90300034610B5D3E9023253F82230D3
S21401173008461C78211E18BF0121FFF7C5FF014688
S21401174048B9084A084B0220002C08BF1346074A2E
S214011750FFF7CAFF10BD00210220054AFFF7C4FFAC
S214011760F8E700BFF4E40300ECE403004BF90300E0
S21401177061F903002DE9F04105461F460C46DFF8E6
S2140117802C808E18B44201D1BDE8F0810021284694
S21401179014F8013B069AFFF7A7FF002FF2D0424646
S2140117A000212846FFF7A0FFECE700BF81EB03000E
S2140117B00021024A0248FFF7ADBC00BF45180100F0
S2140117C0444B0020FF21014823F099BC444B0020E4
S2140117D00022034BFF2103481A7023F089BC00BF87
S2140117E03B6A0020444B002013B5114C2378032B91
S2140117F013D8009300230F4A18460F4907F07AFAC8
S214011800237842F21072002B08BF0022FF210B48FA
S21401181002B0BDE8104023F05ABC00220849104629
S21401182007F068FA02B0BDE81040FFF7D1BF00BF6D
S2140118303B6A002072F9030084F90300444B002040
S2140118408EF90300F0B52B4D8FB02B7823B309A882
S21401185025F03CFE022309A88DF8243025F024FE4D
S21401186001AA06469446244B03F11007144618684D
S2140118705968083303C4BB422246F7D105AA174666
S2140118801E4B03F1100E144618685968083303C43A
S21401189073452246F7D1E6B1012409A825F0B2FD29
S2140118A028B9BDF8243013F0020F18BF01242B7895
S2140118B01349002B4FF000034FF0A00208BF194652
S2140118C0204625F079FD90B92B7801332B700FB0A7
S2140118D0F0BD614609A825F0E9FD0028DCD13946AE
S2140118E009A825F0E3FD04460028D6D0D4E7FFF783
S2140118F07BFFECE73B6A0020C8820400D882040024
S21401190000F8FF0710B50020324907F0F3F9082266
S2140119100020314907F0EEF9304B314A1978314B46
S2140119200020002918BF1A462F4C304907F0E2F96B
S214011930002025F087F92368002B47D01B78022B5F
S21401194044D900222A4B10462A4907F0D3F923F03E
S214011950C4FE29490246002007F0CCF900F0D0F871
S21401196026490246002007F0C5F923681B78032B99
S2140119702CD900F0D5F822490246002007F0BAF922
S21401198000F0DEF81F490246002007F0B3F900F028
S214011990DFF81D490246002007F0ACF900F0A4F874
S2140119A01A490246002007F0A5F900F0D7F8184CAE
S2140119B0184954F82020002007F09CF900F024F97B
S2140119C0154954F82020002007F094F9BDE810408E
S2140119D025F03DB9B0F90300CCF903003C6A0020BC
S2140119E07A1D0400991D0400D84F0020EFF903006A
S2140119F0C2E60300B6E603000BFA03002FFA030063
S214011A0053FA030077FA03009BFA0300C2FA0300B5
S214011A101C740020E9FA03000CFB030008B5D0E9AA
S214011A20023253F82230187840B10020074907F0F7
S214011A3061F9BDE80840802000F034B8044907F099
S214011A4059F9BDE80840802000F046B82FFB030096
S214011A504CFB0300D0E9023253F82230034A1B78CC
S214011A60003B18BF01231370704700BF3C6A00207B
S214011A7018220021094BC3E900121A7B0AB9084A49
S214011A809A601A7C12B94FF47A72DA8140F6B8324B
S214011A905A8200229A829A75704700BF644B0020D2
S214011AA0E09304000A4B10B51B687BB11B78032B2F
S214011AB002D8B0F5007F09D1064C236803432360A2
S214011AC06368184202D02BF02AFBA08210BD00BF2B
S214011AD0D84F0020644B0020024A136823EA000313
S214011AE013607047644B0020014B1868704700BFB5
S214011AF0644B0020014B9868704700BF644B002080
S214011B00024B9868FA23B0FBF3F07047644B002051
S214011B100122024B98601A73704700BF644B002085
S214011B20024BD889FA23B0FBF3F07047644B0020D0
S214011B300122024BD8811A74704700BF644B002003
S214011B40024B588AFA23B0FBF3F07047644B00202F
S214011B50014B5868704700BF644B00202DE9F843DD
S214011B6000244FF00C08104B104F9D7D104E398805
S214011B70E3B28B4202D32846BDE8F88308FB03F3A1
S214011B80F05C06EB030925F064F850B9FF21D9F89B
S214011B90080023F0B4FA20B199F805309D4238BF09
S214011BA01D460134E3E700BF644B00205678002051
S214011BB0A0740020124B10B51B68124CEBB11B78B9
S214011BC0032B02D823689B0517D52BF0A8FAA38A06
S214011BD0C01A638A80B283423EBFD4E9003293437F
S214011BE0236025F0B3FB08B1E08910BD2368002B04
S214011BF0FAD1FFF7B3FF0128F6D0A068F5E700BFDA
S214011C00D84F0020644B0020014B987D704700BFE1
S214011C10644B002038B504460D462BF031FB244BAF
S214011C201B7813B1204623F053FD402C27D006D84D
S214011C3084B13F2C18D0BDE8384025F008B84C3C9C
S214011C400C2CF8D81B4B2341DB07F4D40220FFF7FA
S214011C5043FFF0E74FF40070FFF73EFF0220FFF767
S214011C6021FF154B1C71E6E74FF40070FFF734FFB8
S214011C700220FFF731FF00220F4B1A71DBE724F039
S214011C8069FF0028D7D10C4C022023790133237138
S214011C90FFF722FF4FF40070FFF704FF2379AB42F2
S214011CA0C9D323F016FD0028C5D123F0EBFCC2E70B
S214011CB03C6A0020FEEEFFFF7C4B002010B505F0CD
S214011CC05FFB02280AD125F01DFB034630B1BDE8B3
S214011CD0104000220249104607F00CB810BD00BFA4
S214011CE098FB03000021024A0248FFF713BA00BF1F
S214011CF0BD1C0100844B002038B5002024F0A2FF53
S214011D00124B1B6893B11B78022B0FD905F038FBD9
S214011D10022816D10E4C2568FFF74CFFA84220601A
S214011D2008D0FF2122680B4823F0D1F9BDE83840DE
S214011D3024F08DBFFF21074823F0E1F90028F5D1F3
S214011D40EFE7FF21034823F0D3F9EFE7D84F002050
S214011D507C4B0020844B002002460249002006F0FE
S214011D60C9BF00BFACFB030010B5234C2348FF21BD
S214011D7023F0BEF9207802281ED003282ED0012891
S214011D8004D02120BDE81040FFF7E6BF1C4B1978B0
S214011D900029F7D002231B4A23701378052B0EBFA8
S214011DA000230133DBB29942137003D1052313706C
S214011DB00020E7E7052BFBD0124B1B78052B02D141
S214011DC003232370DDE7104A104932F8230007F099
S214011DD085FC032323700028D4D110BD094B0C4A7F
S214011DE01878094B03EB8001897833F8200007F057
S214011DF045FC0123EEE700BF3D6A0020A44B00200E
S214011E00466A0020C4780020CA640020F11F010041
S214011E109D1F01002DE9F04F0D46144695B0049024
S214011E20112200210FA89946DFF86C810BF0FAFA0F
S214011E3004EB45030393D9F800301C2B02D0039B17
S214011E409C4202D115B0BDE8F08F0123DFF844A112
S214011E508DF81C3023884C4AADF81E309AF80030B5
S214011E604A4D08EB83039B7828788DF82030136859
S214011E708DF81D00CDF821305368CDF8253024F0BB
S214011E80E8FE049B8DF8290021882878002B4AD18A
S214011E9024F0AEFB002844D09AF800300FAA38F898
S214011EA0230007A923F023FC00283AD024F0CDF91B
S214011EB04FF0000B074606461C255FFA8BF2974249
S214011EC034D8B7422BD99DF81C30032B1AD10FAB4F
S214011ED00193BDF8213000220421009301202C4BF0
S214011EE006F08EFD9AF8003008EB83039978274BAD
S214011EF0187806F001FE9AF80030002038F8231012
S214011F0024F0FCFD5DB107A9304625F0EDF9214B23
S214011F1005461B78304638F8231025F0E7F9C9F84E
S214011F200050023487E724F05AFBB3E710460BA9AA
S214011F30059225F0D5F930B99DF82C1031B9059ADE
S214011F40B74208BF16460BF1010BB6E7BDF82E00E7
S214011F50BDF81E209042F6D19DF830009DF8202055
S214011F609042F0D19DF81C208A42ECD1032A14BF7E
S214011F70082202220DF121010DF131000BF09EFD28
S214011F80002808BF0025DEE73E6A0020C37800204F
S214011F9045FE0300C4780020CA64002013B503463A
S214011FA00020114A9C6812780190052A03D01B78FC
S214011FB0032B00D12CB9012002B0BDE81040FFF779
S214011FC0CBBE6268217801ABFFF724FF217A01209E
S214011FD0E26801ABFFF71EFFFF21044802B0BDE82F
S214011FE0104023F07DB800BFC4780020A44B002029
S214011FF0094B1B78052B02D00378032B02D0012056
S214012000FFF7AABE8168054A0B68054813604B684E
S214012010FF21536023F064B8C47800203E6A002094
S214012020A44B002038B50024114B124D1870124BEA
S214012030FF211C702C7006F05FFD01220321104663
S2140120400E4B06F0DDFC4FF6FF712246084624F0E3
S21401205058FD044648B940F6B832FF21084823F037
S21401206036F801232B70204638BDFFF775FEFAE7D8
S214012070C37800203D6A0020466A0020592F0400DC
S214012080A44B0020144BF0B51A681449136809785C
S214012090587988420BD11249D78808460022114D3B
S2140120A01E792B78D4B2A34203D8052C0AD100207E
S2140120B0F0BD0C88BC4202D18C78B442F7D0013214
S2140120C00431EFE7A342F2D120F82270013300EB8E
S2140120D0820086702B70EAE79C500020C3780020AF
S2140120E0CA640020466A0020FF2307B50021044A7F
S2140120F004480093FEF7D8FF03B05DF804FB00BF69
S214012100691D0100A44B00201FB5B423032104461A
S214012110ADF80E3024F063FA98B1212320460093DF
S214012120002203210DF10E0324F008FC04460020D2
S214012130054B064A0649009406F0DCFD204604B02D
S21401214010BD8624F3E700BFD6FB0300E3FB0300C4
S214012150F8FB0300D0E9023253F82230034A1B7819
S214012160012113700220024AFFF7BEBADC78002074
S21401217007FC03000122014B1A707047DC7800202F
S2140121800A4B90F805111B7890F8082119448A42E9
S214012190BCBFB2FBF3F103FB11234FF0FF32B8BF14
S2140121A0DBB202FA03F380F80A317047DC780020CC
S2140121B02DE9FF410446057F867EDFF870806E4379
S2140121C0237F98F8002013449D4212DB607F60B99C
S2140121D0238B029363690193237C00936288A31D7A
S2140121E0217805F095FDFF232370002004B0BDE89B
S2140121F0F081E37EAB42E9D9A77E228BF1199142A9
S214012200A4BF921BD7B205EB0323E3813A463346BC
S2140122102946204623F085FA0028E7D1637F374414
S214012220013301356377BEB2EDB2C9E7DC78002031
S21401223037B5054625F086F80D4B04461B686946FA
S2140122401B78032B82BF0B4B1B881B18284688BFA5
S2140122509CB225F0FFF838B9684625F075F818B92C
S214012260044B1B8823449CB2204603B030BD00BFFC
S214012270D84F00205A780020084B1B78FF2B0BD133
S214012280074B1B78FF2B07D1064B1B78022B03D07D
S2140122904FF48070FFF720BC704700BF2474002005
S2140122A0F44C0020C44B002010B50446FF2122F058
S2140122B01FFF054B9C4202BF0023A4F588742370C0
S2140122C0BDE81040FFF7D8BFD44C00202DE9F047F9
S2140122D09A462A4B81461B7888461646BDF82050FA
S2140122E0002B49D0FF2D3ED938252846BDE8F0877A
S2140122F0234B0C223146A01D636184F80090A4F89C
S21401230002800BF0E1F8A289414642F4004242F015
S21401231040022046A28123F016FA2A4651466069F9
S2140123200BF0D2F841464846A21D258324F05EFDF7
S214012330A0760028D8D00544013DB5FBF0F0FF2873
S214012340D2DC0023E0762046A383FFF731FF054663
S21401235080B923794FF48070B372FFF7A3FB227C18
S214012360099B1A80C1E7074C2778FF2FC0D040F69B
S2140123700345BAE72770F2E70225B6E7DC780020C6
S214012380486A0020F44C0020B0F9063010B5002B46
S21401239025DA144C2278237CFF2A02D0827A9A42CC
S2140123A007D0114C2378FF2B17D0827A237C9A42D0
S2140123B013D169B9637F013BDBB263775BB90B4A23
S2140123C0237F1278204613442377FFF7F1FE014658
S2140123D0204623F0C7F9FFF74FFF012010BD00206C
S2140123E0FCE700BFF44C002024740020DC780020B9
S2140123F02DE9F04F9A46B1F9063091B0002B0D4603
S2140124001746DDF86880049080F22981B8F800301C
S214012410FF2B04D94FF4B871A6482AF08CFEA64BC0
S21401242000241A7893F80401B3F80211002A40F048
S214012430A5802E7AA14A1278B24240F2AF800222DB
S214012440A3F802711A70AA7AFF2483F804210022E5
S214012450A3F8084183F80521A3F80621B8F800205F
S214012460954883F80C21FFF78BFE3846FFF7E0FE10
S214012470214600EB4002924822F029FE4FF480707C
S214012480FFF710FB8C4C94F80A91B9F1FF0F20D19D
S2140124908A4A94F8053112781344B34219DC94F849
S2140124A00C1184F80531B4F80631204601FB0233DD
S2140124B0A4F80631FFF764FE0122824B38461A70F3
S2140124C0FFF7B6FE494600EB400204F5887022F09D
S2140124D0FEFD94F80531B34260D8DFF8E0B19BF811
S2140124E000C00CEB0302964258DA764994F80821AC
S2140124F00878013A002853D0964205DAB8F8002049
S21401250084F80C2100220A70B6FBFCF901220CFBB0
S214012510196994F80A015FFA89F902FA09F2D1B247
S214012520024076B92889000A844584F8080108D94A
S2140125302046CDE906210593FFF722FEDDE90621B7
S214012540059B94F80A01014384F80A1182B994F8AC
S2140125500921B4F806C1013284F80921B8F800202F
S214012560DAF800100CEB0200FF2826DD03232370A7
S21401257094F80831013B9E4230D138E0AE7A86426B
S21401258002D18F4200D11C462E7A002C7FF47BAFFD
S214012590002A3FF44FAF012A3FF44CAF01205FE021
S2140125A09642B1DA94F80C1198F800209142ABD01B
S2140125B004F58870FFF778FEF0E794F80CE1F31A5B
S2140125C00EFB03C3A01C10FA83F005920AF07CFFF1
S2140125D094F80831059A013B9E4244D0012394F8B1
S2140125E00A2103FA09F3013B1343FF2B04D12246C8
S2140125F02946384623F0A8F894F8083194F80921BA
S2140126009A42CBD19BF80030B2FBF3F103FB1122C7
S21401261012F0FF0218BF13462278022A26D1264A54
S214012620023410785178012804BF0131517001221B
S21401263024F8022CEA88B4F8041122F04002EA8059
S21401264094F809210A44591E94F80A3113FB01F340
S2140126501344A8F80030CAF80040FFF70DFE00202A
S21401266011B0BDE8F08F84F80B21C0E76979002925
S21401267094D0032A92D1B4F8062194F80B1108AE2F
S21401268011445A1E94F80C31284613FB02F30B44EE
S21401269000219BB2A21CA8F80030CAF80020CDE9A0
S2140126A000710296049907F005FD8921304624F051
S2140126B09AFB7DE72EFC0300C44B0020DC7800204B
S2140126C0D44C0020476A002013B5044618B10128EF
S2140126D00BD002B010BDFF2301460093064A0748FF
S2140126E0FEF7E2FC064B1C70F3E7FFF743FDFF2203
S2140126F0044B1A70EDE700BFA9220100D44C00205C
S214012700C44B0020F44C002013B501A909F04AFE81
S214012710044648B9BDF806309DF80420034906F082
S214012720E9FA204602B010BD8120FBE7E1FC030078
S21401273013B5694609F042FE044688B9BDF8023071
S2140127409DF80020074906F0EFFA2046019906F0A9
S21401275043FA2046044906F0CDFA204602B010BDE1
S2140127608120FBE705FD03002BFD030037B5694615
S21401277009F048FE044618BB9DF801309DF800207C
S214012780104906F0D1FA104D9DF80120E3B29A42A5
S21401279006D800200D4906F0ADFA002003B030BD82
S2140127A00198630003F4FF7302220021184424F009
S2140127B033FA29460246002006F0B6FA0134E3E76A
S2140127C08120EBE72DFD03005CFD0300592F04007B
S2140127D013B501A909F0ECFD044648B9BDF8063069
S2140127E09DF80420034906F085FA204602B010BD84
S2140127F08120FBE766FD030030B500240B4D85B054
S2140128006946E0B224F06CFD50B99DF80030032B08
S21401281006D12946BDF805309DF8012006F06AFA72
S2140128200134202CECD105B030BD00BF8DFD030076
S21401283008B50020034906F05DFABDE80840FF2010
S21401284000F0DEBA9FFD03002DE9F04F85B0064685
S2140128500D46174622F0C6FF044640B130463A46BA
S214012860294622F0A9FF002005B0BDE8F08F4FF001
S21401287003094FEA15285FFA84FA6946504624F0A0
S2140128802FFDB8B99DF800B0BBF1000F12D1694613
S21401289050468DF800908DF805508DF806808DF81D
S2140128A0016024F021FD02460028D7D0584606498B
S2140128B006F020FA0134202CDDD10020034906F071
S2140128C019FA8920D0E700BFB4FD0300DBFD030041
S2140128D01FB5002304468DF80F3022F06EFF28B195
S2140128E09DF80F3063F07F038DF80F3018230193A6
S2140128F00DF10F030022009304214023204624F00B
S2140129000CF8024618B10020024906F0F3F904B0AB
S21401291010BD00BFF6FD03001FB502A909F060FD5A
S214012920044688BBBDF80820184906F0FDF9204684
S214012930039906F051F92046154906F0DBF94FF6E2
S214012940F672BDF80810134C4B1E9BB2934219D871
S2140129502368039A1B685879FFF776FF23681B796B
S214012960012B0BD8BDF808300022CDE90003042165
S214012970094B092006F044F824F02FFA6FF0FF0007
S21401298004B010BD8720E9E78120F9E715FE0300B2
S2140129902BFD03009C5000202CFE030070B504465E
S2140129A08AB005AD1122002128460AF03BFD2046DB
S2140129B004A909F009FD044600283AD11E4EBDF8C7
S2140129C010201E4906F096F932681379012B28D893
S2140129D04FF6F670BDF810104B1E9BB2834224D8FA
S2140129E01368587922F0FEFE08B333682A461B683E
S2140129F0BDF81010587922F0DEFEBDF81030012225
S214012A000421CDE9004309200D4B029505F0F8FF9E
S214012A1024F0E3F9034620B100200A4A0A4906F0E9
S214012A2069F96FF0FF000AB070BD8724E5E78B24D3
S214012A30E3E78120F7E700BF9C5000202FFE03004C
S214012A4044FE030048FE030053FE03002DE9F04751
S214012A509AB004A909F0D0FC0446002840F0B580DD
S214012A609DF810205B4906F05FF925465A4E9DF801
S214012A701020EBB29A4254D80020584906F03AF991
S214012A809DF81050002D40F099802C462E46544F4C
S214012A9006A9F0B224F024FCC8B99DF81830032B1F
S214012AA015D13B689DF819201B685B799A420ED1B7
S214012AB09DF81D2005F168036B4403F8402C9DF832
S214012AC01E200235013403F83F2CEDB2E4B2013684
S214012AD0202EDDD19DF810300BB1002C77D00AAB3B
S214012AE0CDE90143FF2302220421009309203D4B37
S214012AF0039505F085FF24F070F9034660B19DF853
S214012B001020002A5FD0384A3849002C08BF0A46F0
S214012B100020374906F0EEF86FF0FF001AB0BDE866
S214012B20F08705986B0003F4FF7302220021184416
S214012B3024F072F831460246002006F0F5F8013519
S214012B4095E70598730003F4FF73022200211844E9
S214012B5024F062F8002780465FFA80FA06A9F8B2E8
S214012B6024F0BEFB00BB9DF81830032B1CD1D9F80E
S214012B7000309DF819201B685B799A4214D19DF8A4
S214012B801D30534510D19DF81E30C8F307229A42D6
S214012B900AD105F168036B440235013403F840ACF1
S214012BA003F83F2CEDB2E4B20137202FD6D101361F
S214012BB09DF81020F3B29A42C3D88BE70025DFF8C0
S214012BC020902E46F4E7084AA2E78120A6E78B204C
S214012BD0A4E700BFADFE03005CFD0300592F04000F
S214012BE09C500020CCFE03007EFE03009CFE0300EA
S214012BF0D0FE03002DE9F04389B002A909F0EAFBF3
S214012C000446002867D1BDF80820344906F072F85A
S214012C104FF6F672BDF80850DFF8D4906B1E9BB2E3
S214012C20934254D8D9F8003029461B685F79384654
S214012C3022F0D8FD00284CD026465FFA86F840469A
S214012C4003A924F04DFB28B92946384603AA22F0E9
S214012C50B6FD20B90136202EEFD14FF0FF084046D1
S214012C6024F03CFB014658BB112203A80AF0DAFB0C
S214012C702946384603AA22F09FFDD9F800301A7972
S214012C80012A18D81B68BDF80810587923F085FF6B
S214012C90BDF8083003220421CDE900430920104B7A
S214012CA005F0AEFE24F099F8034620B100200D4A47
S214012CB00D4906F01FF86FF0FF0009B0BDE8F0837C
S214012CC002460A49002006F015F80124D5E78724B4
S214012CD0D3E78B24D1E78120EFE700BFF2FE0300A4
S214012CE02CFE030030FF030053FE030009FF030020
S214012CF09C5000202DE9F043DFF894800020D8F89E
S214012D00003021491B688BB05E79002505F0F2FF83
S214012D1001275FFA85F9484601A924F0E1FA04463D
S214012D2090B99DF80430032B0ED19DF80530B342BF
S214012D300AD1484624F0D2FA0146A0B10246134908
S214012D40204605F0D7FF27460135202DE1D1D8F8DA
S214012D50003000211B68587923F01FFF87F001001F
S214012D600BB0BDE8F083112205A80AF05BFBBDF8A5
S214012D7009403046214605AA22F01EFD214630466E
S214012D8023F00BFFE0E700BF3DFF030009FF030050
S214012D909C50002037B5694609F028FB044638BB2D
S214012DA0BDF80020134905F0BFFF134D20460199D9
S214012DB005F012FF2046114905F09CFF2B681B68A1
S214012DC0587923F0F9FF70B14FF6F672BDF800108E
S214012DD04B1E9BB2934209D82B68019A1B685879FF
S214012DE0FFF732FD0446204603B030BD8724FAE7DC
S214012DF08120F9E751FF03009C5000202BFD0300C2
S214012E007FB505460024E6B26946304624F068FAE6
S214012E10A8B99DF80030032B11D19DF80130AB42C3
S214012E2004D0FF2D0BD19DF80D3043B9304624F068
S214012E3055FA024618B10020034905F05BFF01343C
S214012E40202CE0D104B070BD09FF0300034B1B68C2
S214012E501878012808BF0220704700BFD84F00200D
S214012E60D0E9023253F822301A78024B1A7000F079
S214012E70E7BA00BF476B002070B5D0E902456B1E6C
S214012E80DBB254F8230003221B490AF017FE54F85C
S214012E90253004EB8504197863681A78A2F10B03D0
S214012EA00F2B05D915490020BDE8704005F022BF5B
S214012EB001290FD1124C9140236840B90B43114AA6
S214012EC023600020BDE870400F4905F013BF23EAD8
S214012ED00103F4E702290CD101230C4903FA02F29B
S214012EE00B6818B913430A4A0B60EAE723EA0203A0
S214012EF0F9E70A460749D6E775FF030079FF03009D
S214012F00487400208FFF030097FF030044740020DD
S214012F10AAFF0300B4FF030007B5D0E9023103EBB3
S214012F20810253F821300B491B785268012B0A4B5A
S214012F3008BF0B4612684FF000001A600092074A5D
S214012F40074B084918BF1346074A05F0D3FE03B0DE
S214012F505DF804FB4874002044740020CFFF030092
S214012F60C7FF0300D9FF0300F882040038B5254ADD
S214012F70254B264C0020264905F0BCFE002025499D
S214012F8005F0B8FE22682449002005F0CDFE206831
S214012F90224C234D05F088FE2146002005F0AAFEAE
S214012FA02A682049002005F0BFFE286805F07CFE4F
S214012FB02146002005F09EFE1B4B1C491A781C4B2F
S214012FC0002053F8223005F095FE00F00DF919495E
S214012FD00246002005F08EFE174B00201A7817498E
S214012FE005F088FE164B17491A78002005F082FE78
S214012FF004F0C6F9BDE8384002461349002005F042
S21401300079BE00BFF8820400F3FF03004874002075
S214013010FAFF0300020004001000040003E60300A8
S2140130204474002021000400756B00203200040067
S2140130304C740020450004005A6B0020590004001F
S214013040596B00206B0004007D00040007B500F0FA
S21401305071F8054B0090054A0020054905F04AFE27
S21401306003B05DF804FB00BF93000400F88204007F
S214013070F8FB0300F8B504460B4F0C4E0C4D002030
S2140130800C4A0D4905F036FE20463B782978327801
S214013090F3F7E6FF00233B7033702B70FF21BDE88A
S2140130A0F840064822F024B8756B0020596B0020C2
S2140130B05A6B0020F882040098000400144D00208A
S2140130C037B51248FF2122F013F8114B187810F08B
S2140130D0100505D0002003B0BDE8304003F01CBF4A
S2140130E00121B42004F0C6FA04460A4B0A4A0B49E9
S2140130F00090284605F0FEFD2046FFF7BBFF4FF483
S214013100806003B0BDE83040FEF7E6BC144D0020F9
S214013110756B0020AF000400F8820400F8FB030082
S2140131200021024A0248FDF7F5BF00BFC130010089
S214013130144D002008B5054B1B7823B11720FFF767
S21401314099FF002008BD0220FCE700BF756B002038
S21401315010B550B1054B00F1100250F8044B9042E7
S21401316043F8044BF9D1024B197010BD5B6B00207C
S2140131706B6B002037B5174D04462B78DB0626D53A
S2140131800090154B0020154A154905F0B3FD1E2C7D
S2140131900BD0652C09D0032C19D0002024F018F987
S2140131A040F61C40FFF766FF0DE024F039F94FF4B6
S2140131B0FA63B0FBF3F202FB1300C218FF210948C1
S2140131C092B221F084FF2B7823F010032B7003B00A
S2140131D030BD00BF756B0020C8000400F8820400F3
S2140131E0F8FB0300144D0020014B1879704700BF0F
S2140131F0DE64002070B54C4E8EB0337803F0FB02CF
S214013200A3F10905022AEDB258D0042B41F60412A7
S21401321057D0A3F108014B424B415B00134343488F
S214013220ADF80C3022F00EFB48B9414B3F4A03F192
S214013230100153F8040B8B4242F8040BF9D13D4BB5
S2140132401B78002B3FD03C4B0DF10E0203F1100111
S21401325053F8040B8B4242F8040BF9D103A824F06F
S214013260D7F82328044610D1012D49D80020334A27
S214013270334905F03FFDBDF80C3003A823F4005395
S214013280ADF80C3024F0C4F80446002C41D14FF4BC
S2140132900C7024F0BBF8044600283AD103F0FAFE7D
S2140132A0012D36D8274A01AB1068516803C3264959
S2140132B001A824F009F978B319242AE043F6041288
S2140132C0A7E70223AAE73378042B0DD0082B0BD0EF
S2140132D01E4B0DF10E0203F1100153F8040B8B4245
S2140132E042F8040BF9D1B9E7104A0DF10E0302F1C9
S2140132F0100152F8040B8A4243F8040BF9D1ADE7EA
S214013300337803F0FB03022B03D10020104905F0AC
S214013310F1FC20460EB070BD044901A824F0D4F893
S21401332004460028C8D1F4E7756B0020496B0020DD
S214013330950104006B6B00205B6B0020F882040093
S214013340EC000400A6010400E8820400AF010400BA
S2140133504701040070B5002686B00446252024F0F7
S2140133603DF81622002116480AF05CF8154B1E603F
S214013370154B1878FFF76AFD022814BF01230423B2
S21401338003208DF8083024F077F804238DF81030E8
S2140133900E4B02A80593039403F030FD05460C4B33
S2140133A00C4A19680C4B3046A14208BF13460094DC
S2140133B00A4A0B4905F09EFC284606B070BD00BFC0
S2140133C0DE640020344D0020756B0020B536010008
S2140133D048740020C7FF0300CFFF0300F8820400F3
S2140133E0C001040008B5134A1378042B09BF124B19
S2140133F001331B78C3F10603DBB2137003F0FD0241
S214013400092A04D11720FFF735FE172008BD0A4AFE
S2140134101278002A14BF052206229A4207D1074BCA
S21401342018680028EED0FFF795FF4D20EEE7002044
S214013430ECE700BF756B00206B6B00204474002026
S21401344073B51E4C1E4E23683268134334D01D4B91
S2140134501B6853B31C4D2B783BBB03F091FFF8B9A7
S2140134604FF48060FEF71EFB184B24681B7894B15E
S214013470C3F102032B7003F047FD2046FFF76AFFF6
S21401348004460020124B134A1349009405F032FCFF
S214013490204602B070BDC3F1060334682B70EAE71C
S2140134A00121B42004F0E6F8EAE70020094A0B49B6
S2140134B005F020FC0224E4E70224E9E74874002032
S2140134C044740020D84F0020756B00206B6B0020E1
S2140134D008020400F8820400F8FB0300EE01040071
S2140134E02DE9F347384D394E00202A792B88384983
S2140134F005F000FC3268287922FA00F010F001008D
S21401350002D1344905F0F6FB334F3C783CB1082232
S214013510324933480AF0D2FA041E18BF0124DFF8F4
S214013520DC80DFF8A490DFF8B4A014E098F800007F
S21401353049460130C0B288F8000023F041FF002858
S21401354035D13C783CB10822514625480AF0B6FAF6
S214013550041E18BF01242A793368D340DB07E5D55A
S214013560002CE3D100922B881E4A1F49204605F005
S214013570C1FB1E4B1878FFF769FC01230322124991
S21401358023F024FF1A4A054613780133137010B945
S21401359002B0BDE8F08720462B46124A154905F0D1
S2140135A0A9FB284602B0BDE8F047FFF763BD00203F
S2140135B0114905F09FFBFFF715FF0028E8D102B07F
S2140135C0BDE8F04700F01CB8DE640020344D002052
S2140135D00E0204003F020400746B00206C6B002096
S2140135E0EC640020F88204000E030400756B0020D2
S2140135F0596B0020AF020400D8020400486B00207B
S2140136002DE9F041214C224D2378002055F8233036
S214013610204A214905F06EFBFFF7ECFD03461D4EDF
S2140136201E4FDFF874802BB92378042B15D8B3B955
S2140136301B4B15E032463946002005F05BFBFFF7D1
S214013640D1FE00BB2378324655F82330414605F0BB
S21401365051FBFFF7CFFD0346E5E7092BE8D1114BF8
S21401366000201B68104A11491360114B187023F093
S214013670A7FE20B1BDE8F0410120FFF7FBBCBDE885
S214013680F041FFF72DBFBDE8F08100BF756B00204C
S2140136904C740020F88204002E0304003B0304004F
S2140136A04474002048740020344D0020DE6400205D
S2140136B0486B002070B51C4C23789BB3838913F4A8
S2140136C0407F2FD0056835B12A46BDE870400020FE
S2140136D0164905F00FBB23F071FE154E03463070F8
S2140136E0144A2846144905F005FB33781BB1BDE89A
S2140136F07040FFF785BF2378082B0CD8042B0CD815
S2140137000E4B1B78C3F1060323700D4BBDE87040CA
S2140137101868FFF71FBE0A2BF2D1BDE870401820CB
S214013720FFF7A8BC70BD00BF756B002066030400E0
S2140137305A6B0020F8820400930304006B6B002090
S2140137404474002030B5464D03460446454A0020E1
S214013750454987B005F0CEFA2B782BBB01A823F09C
S214013760B5FE022301A88DF8043023F09DFEB0B902
S2140137703E4901A823F09AFE88B1152C0FD123F0FB
S2140137804FFE47F23153B0FBF3F202FB130000F594
S2140137901C50103080B203F0BFFB07B030BD162CB2
S2140137A0FBD103F0F3FBF8E7152C2AD100202D4AB4
S2140137B02F4905F09FFA2B78042B11D0082B0FD038
S2140137C02C4B1B78DA070BD401A823F01BFE18B983
S2140137D0BDF804309B0703D42B7843F010032B70FD
S2140137E023F01EFE4FF4FA63B0FBF3F2FF2102FB57
S2140137F01300C218204892B207B0BDE8304021F04D
S21401380066BC23F03FFE04460028C6D12B78013B58
S214013810092B1ED8134A194905F06CFA184A19499A
S21401382013780133D8B2107023F0CAFD60B1204678
S214013830154905F05FFAFFF7D5FD0028ADD107B0B1
S214013840BDE83040FFF7DCBE07B0BDE83040FFF70B
S21401385047BE40F61C4007B0BDE83040FFF70ABC43
S214013860756B0020F8820400B7030400E8820400A8
S214013870CE030400476B0020144D0020E103040032
S214013880486B0020DE640020D80204002DE9F041D8
S2140138900B4686B004460E4617463A4902460020B5
S2140138A005F028FA4FF000080123CDE901380DF1A3
S2140138B016030093424640230621204623F062F871
S2140138C0054640B102463049404605F013FA2846FF
S2140138D006B0BDE8F0819DF816202AB936B9002059
S2140138E02A4905F007FAF2E7012EF8D082F0010323
S2140138F0002027498DF8173005F0FCF99DF81730A0
S2140139000DF1170633B310230022CDE9006306211B
S2140139104023204623F001F8064630B13246002007
S2140139201C4905F0E7F93546D1E74FB9082120468D
S21401393022F055FE20B120469DF8171023F02EF9EF
S2140139400521204622F04BFE0028C0D0204623F059
S21401395022F9BCE74FB90821204622F040FE20B1EB
S21401396020469DF8171023F019F910230022CDE9FF
S214013970006306214023204622F0CFFF064600289A
S214013980DED0CBE7100604002C0604004506040032
S2140139906506040085060400002208B5034B11469F
S2140139A01B681B685879FFF771FF08BD9C50002003
S2140139B008B5044B00221B6801211B685879FFF7E4
S2140139C065FF08BD9C50002008B5044B00221B680B
S2140139D002211B685879FFF759FF08BD9C5000204B
S2140139E010B50123002488B001A88DF80430CDE974
S2140139F00244F5F7BDFB20469DF80420124905F068
S214013A0079F92046039A114905F074F92046029A7D
S214013A100F4905F06FF910220E4B0DEB02011888C5
S214013A2040F0604040F48010FBF744F920460A4914
S214013A3005F07AF904A823F031F92046074905F084
S214013A4059F908B010BD00BF9E060400BD0604006B
S214013A50DC060400A8820400FB060400592F0400BB
S214013A6008B521F020FF0020024905F043F90120A6
S214013A7008BD00BF180704000023054A8360C36021
S214013A80044BC0E9002311B14FF6FF730B8070475A
S214013A9049103AAA0230011210B5044660B100205E
S214013AA0064905F027F9052C06D002F0CBF90449A2
S214013AB00246002005F01EF9012010BD2C07040067
S214013AC03D07040037B500216A4601AB054621F0E3
S214013AD0ABFF044668B100220F49104605F00AF90B
S214013AE002F0B0F90D490246002005F003F903B0D3
S214013AF030BD0B4905F0FEF8012020F0EAFE01F08A
S214013B0099FF431C02D007F09DFFF0E721462846A7
S214013B10FFF7A6FFEBE700BF660704003D070400BA
S214013B20AE07040038B5054601F084FF044622F0CE
S214013B30FEFF4DB100200E4905F0DCF8631C14BFF2
S214013B402046002007F040FF21F0BBFE0228044675
S214013B5005D0012805D10020064905F0CBF82046FE
S214013B6038BD0020044905F0C5F80024F7E700BF7A
S214013B70CB070400E5070400FE07040008B5002093
S214013B80034A044905F0B6F8BDE8084000F050BD08
S214013B90A81704001708040008B50020034A0449C2
S214013BA005F0A8F8BDE8084001F0CAB936080400D7
S214013BB0170804001FB5D0E9023253F822306846D0
S214013BC01C78214601F0D0FB684601F073FC28B949
S214013BD02246044905F08EF804B010BD6846FFF78A
S214013BE071FFF9E73C0804000020014905F082B89E
S214013BF0580804007FB50DF1060102A8FFF73CFF47
S214013C000020264905F076F80020BDF80820244952
S214013C1005F070F80020BDF80A20224905F06AF880
S214013C20039A0020204905F065F800201F4905F099
S214013C307BF84FF6FF73BDF806209A4229D0002084
S214013C401B4905F057F800201A4A1B4905F052F89F
S214013C5000201A4A1A4905F04DF800221949104663
S214013C6005F048F80020154A174905F043F80A22DE
S214013C700020164905F03EF80A220020144905F0F6
S214013C8039F80A220020134905F034F807B05DF828
S214013C9004FB0020104905F02DF8D4E7670804005E
S214013CA07F08040098080400B1080400CA0804004C
S214013CB0D5060400E0930400E0080400C0270900CC
S214013CC0FF0804001E0904003D0904005C09040005
S214013CD07B09040099090400DD08040008B50020EA
S214013CE0034905F007F8BDE80840012001F0FAB9DC
S214013CF0B709040008B50020034904F0FBFFBDE83E
S214013D000840002001F0EEB9D009040030B5104B90
S214013D10104D1B5C85B08DF80F302B78044683421E
S214013D2006D00D4B0D4953F82020002004F0E2FF89
S214013D3030232C700A4801930DF10F0300930622DD
S214013D4080231921007822F0E8FD05B030BD00BFC0
S214013D500F8304007D6B00201C830400E809040027
S214013D60C67800201FB5232303900193064803ABB2
S214013D700093012280231921007822F0CEFD0398BA
S214013D8005B05DF804FB00BFC678002073B5164D7C
S214013D9004462B78154ECBB121F0B4FD012815D081
S214013DA0346040F6B244124B1B78072B17D02D789F
S214013DB0C5B921F0A7FD031E18BF01230D480095C4
S214013DC022461921007822F02CF903E00023336003
S214013DD0002CE8D1201E18BF012002B070BD0225BC
S214013DE00123EBE70025FBE77A6B0020384D002026
S214013DF07D6B0020C678002008B50448FFF7C6FF93
S214013E00BDE808400220FFF781BF00BFC0270900B8
S214013E1010B5064C208822F0C2FE608822F0BFFE54
S214013E206068BDE8104022F0C9BE00BF3C4D0020CE
S214013E307FB523238DF813300DF11303029304236A
S214013E400648019305AB00930122802319210078CF
S214013E5022F098FD059807B05DF804FBC6780020AF
S214013E602DE9F047DFF84C91044699F8000090469A
S214013E700F4622F096FB0B2899F8002005D9BDE8DD
S214013E80F04700203F4904F035BF00263E4B3F4D2A
S214013E901E803F4BDFF820A103EB00135B88012057
S214013EA02B802A7104F04EFE05F0F6FE04F04AFE61
S214013EB0204604F047FE0123042C8AF800300BD874
S214013EC0022C45D89C4216D02346BDE8F047002078
S214013ED0304A314904F00EBF062CF5D130462F4941
S214013EE004F008FF384604F02DFEFFF791FF97B166
S214013EF08AF800600FE04FF6FF76294F3888801B5E
S214013F0018BF012004F01EFEFFF782FF3888B0427A
S214013F1001D022F044FE19236B8099F8003000206E
S214013F202B71204B1B786B71EB8843F04003EB80C1
S214013F301D4B198822F0E2FD034620B122460020DF
S214013F401A4904F0D7FE4046BDE8F047FFF71EBF0A
S214013F50304604F0F7FDFFF75BFFFFF769FF22F03D
S214013F602DFE134B1B78002B0CBF3F20202004F0A6
S214013F70E9FD042CCFD14FF4806022F010FE3220F0
S214013F80C7E700BFFB0904000265002006650020A4
S214013F900C4F002099F70300470A04002A0A040080
S214013FA0F6640020C578002054780020600A0400DA
S214013FB0796B0020C67800207A6B002038B504465D
S214013FC005200D46FFF7A2FE184B1A884FF6FD7323
S214013FD09A4207D10020164904F08CFEBDE838400D
S214013FE0FFF70ABF65B1134A13780133DBB2092B19
S214013FF0137014D90A2200200F4904F07BFEEDE766
S214014000012C0ED10B4B1D700C490D48FFF734FDEA
S214014010BDE83840002101200A4AFFF721BF012CE4
S214014020F2D0BDE838400748FFF7B0BE547800200C
S2140140309A0A04007C6B0020C50A0400F66400207E
S2140140403C4D0020E093040008B50649002004F02A
S21401405051FE0548FFF736FDBDE808400021084639
S214014060FFF7ACBF090B04003C4D0020814237B579
S2140140700346154608D2002000910F4A0F4904F066
S21401408039FE002003B030BD0C1A224600200C4930
S21401409004F030FE40F6BB5322460020094904F0E6
S2140140A029FE4FF47A735C43074B01209C4294BF70
S2140140B02C602B60E6E700BF99F703001A0B04009B
S2140140C0570B0400720B040080EE360010B5044650
S2140140D00820FFF71BFE0D4B3CB91C700021BDE804
S2140140E0104006200A4AFFF7BBBE1B78092BF5D9FC
S2140140F00A220020074904F0FDFD0020064904F0CD
S214014100F9FDBDE81040FFF79FBF00BF7C6B0020A4
S214014110C02709009E0B0400DF0B040073B51F4D7A
S2140141202C7834B100201E4902B0BDE8704004F07E
S214014130E1BD0220FFF7EAFDFF221A4E1A4B307846
S2140141401A7022F02EFA0B2807D920463278174922
S21401415002B0BDE8704004F0CDBD154B1549009383
S21401416001EB0011012319224FF6FD70498805F075
S21401417037FA70B12046104904F0BCFD00220F4BFF
S2140141800F481C700F4B1A7002B0BDE87040FFF765
S214014190FDBD01240C492C70EEE700BF7B6B0020AF
S2140141A0F00B0400C6780020C5780020FB09040047
S2140141B0AD4401000C4F0020310C04007A6B002046
S2140141C0C02709007C6B0020570C040038B5144D3D
S2140141D004462B78052B21D91249FFF75DFC24B93B
S2140141E018B9114904F086FD0424104B195D21B954
S2140141F0BDE838400846FFF769BF032C06D02B7888
S214014200052B03D006200A4AFFF72AFE0021094B98
S21401421008461970BDE83840FFF7D0BE38BD00BF6C
S2140142207D6B00203C4D0020790C040005830400C2
S214014230C02709007A6B002030B5044689B00720F4
S214014240FFF764FD052C0AD100222A4B03A91A7038
S21401425002A804AA01F0FEFD30B1022045E09CB997
S2140142600122244B1A700224224D287878B1421E6E
S214014270504221495041FFF755FC022304462B705A
S214014280022C0ED10A200FE0022CE6D1EBE7631FC9
S2140142905A424FF0050018495A4121F03AFB0446AC
S2140142A0EEE7032C04D10020FFF770FD09B030BD06
S2140142B0062C06D10020114904F01CFD01232B70A9
S2140142C0E0E70F4A0F4B2878002C18BF13460E491B
S2140142D00E4A0094002808BF0A4600200C4904F044
S2140142E009FD201E18BF0120400009B0BDE830407E
S2140142F0FFF76CBF786B00203C4D0020B40C040027
S214014300AD0C0400A60C0400950C04009F0C0400E0
S214014310EF0C040013B51F4C0620FFF7F7FC2278BC
S214014320092A09D900201C4904F0E4FC042002B043
S214014330BDE81040FFF74ABF184B1B782BB300208F
S21401434020F0EBFA21F0DEFA68B9FFF771FD144BA5
S214014350196821F0CEFA02460420002102B0BDE819
S2140143601040FFF77DBD01A821F0CAFAFF2809D148
S2140143704FF4FA6023780133237002B0BDE8104091
S214014380FFF704BD0198FFF7EDFC4FF4FA62032036
S214014390E3E700BF7C6B00200A0D0400796B002068
S2140143A04C4D0020F023F0B589B0CDE90003344828
S2140143B08023002219210078324E334F22F0ADFAC5
S2140143C00020324904F096FC3246394603A801F033
S2140143D041FD032804462E4D1CD10626039A2D497D
S2140143E0002004F087FC0398FFF7BCFC0020396826
S2140143F000F0ACFE2E7001F09FF900220446264B19
S21401440030461A70FFF782FC84BB09B0BDE8F04065
S214014410FFF780BF28BB7268204904F06BFC214679
S21401442004A8FFF729FB059B726893420BD0204630
S2140144301B4904F05FFC072305202B7009B0BDE87B
S214014440F040FFF7F9BE1A462046164904F052FC22
S2140144500523002101202B7009B0BDE8F040FFF7CD
S214014460ADBD0020104904F045FCF1E7042C05D051
S214014470042009B0BDE8F040FFF7A8BE09B0F0BDC2
S214014480C67800203C4D00204C4D0020420D040013
S2140144907D6B0020730D04007C6B0020AE0D0400C4
S2140144A0E70D04003B0E0400770E0400F7B5044642
S2140144B0876800202378364D012B287004D0354BB1
S2140144C03549187004F016FC26785EBB334B1B7812
S2140144D0FF2B04D103B0BDE8F040FFF78DBC304B95
S2140144E01B78032B11D82F4C0320FFF70FFC6946CE
S2140144F0208822F0AFFF002843D02B49208805F002
S214014500EDF820B12E70FFF777FC03B0F0BD012463
S214014510204B26491C7004F0EDFB0320FFF7F6FB49
S2140145202C70F2E7012E25D13B78002BEDD01B4DE8
S2140145302B78FF2BE9D1A68802F04AFF864206D1E6
S21401454000201B4903B0BDE8F04004F0D3BB194B73
S214014550A2881B783BB132B11749002003B0BDE8F1
S214014560F04004F0C7BB7B6814491B782B700D4BD9
S2140145701A80F2E7032E08D108226846A16808F0DF
S214014580A3FF6846FFF70EFFBFE700232B70A1E7E6
S2140145907A6B00207B6B0020920E0400C578002009
S2140145A07D6B002054780020AD440100570C0400B8
S2140145B0B20E0400776B0020D80E0400030F04002F
S2140145C07FB5094B1A78FF2A0AD1187001F088FBCB
S2140145D00022064B0DF1060102A81A80FFF74CFADD
S2140145E007B05DF804FB00BFC6780020F464002025
S2140145F0152838B517D10C4B1D78A5B922F010FF38
S214014600C4B2012C38BF01240120FFF77FFB2846E6
S2140146102246064904F06EFB4FF47A706043BDE80B
S2140146203840FFF7B3BB38BD7D6B0020200F040078
S214014630034B1B78022B01D8FFF770BD704700BFF4
S2140146407D6B002070B5284C21F057F92578274E50
S214014650BDB10020264904F04DFB264A13780133EC
S2140146601370002323703378062B0AD1BDE87040FF
S214014670214B1868B0F5FA6F38BF4FF4FA60FFF7B0
S21401468085BB3378013B082B2CD8DFE803F00509FE
S2140146900D2B13191D222700BDE87040FFF7C8BF78
S2140146A0BDE87040FFF73ABD00232370BDE87040B7
S2140146B0FFF7A2BB2946BDE870400120FFF77EBC8C
S2140146C0BDE87040FFF726BE0220BDE87040FFF748
S2140146D0B3BD0120BDE87040FFF7F8BCBDE87040EF
S2140146E0FFF7B2BC70BD00BF7A6B00207D6B002067
S2140146F04F0F04007C6B0020384D002010B90520B8
S214014700FFF764BD034B1B78062B01D1FFF79ABF59
S214014710704700BF7D6B00202DE9F0478E68054687
S21401472033189A780C46092A8EB008D90020A34976
S21401473004F0E0FA852420460EB0BDE8F08750B9B3
S2140147408B899F49895C8B4205D200919D4904F073
S214014750D1FA8024EFE79C4BE7881B889F4236D02E
S2140147609A490978012932D932B13A460020984946
S21401477004F0C0FA7E24DEE7964B1A70934B267936
S2140147801B78052B03D0012B3AD8FFF751FF5EB9F2
S2140147903146204622F027FB0346002851D03046FA
S2140147A08D4A8E4904F0A6FAD4F80880A48998F8B0
S2140147B0037098F80450002E4CD13046884A894937
S2140147C004F098FA00210120FFF7F8FB4FE00021E2
S2140147D0804B1970072A00F28A8301A353F822F04E
S2140147E07D4701002B4901002B4901003D4B01008B
S2140147F03D4B01003D4B0100D34D0100D34D01005F
S214014800022B17D102F0E4FD8742B3D00020764A8E
S214014810764904F06FFAFFF781FC46BB3146204625
S21401482022F0E1FA034610B36B4A6C49002004F00B
S21401483061FA1CE06E4A00206E4904F05BFA01241E
S21401484079E7A3681B78DA06AED432466A4904F0E3
S21401485051FAA9E700210AA8FFF70EF9032F08D994
S2140148605F4B664A66490097002004F043FA00242D
S21401487061E76B1E632B04D9594B604A6149009569
S214014880F2E7614BE4B2DB5D9C4209D0CDE901431E
S2140148900020534B594A5D49009704F02BFAE6E78E
S2140148A057B3A4B222460521404622F0B5F9BDF819
S2140148B02830834203D04A4B554A5649B6E7012F62
S2140148C01AD022460721404622F0A6F9BDF82A3022
S2140148D0834203D0424B4E4A4F49A7E7032F0BD1E1
S2140148E022460921404622F094F90B9B984203D1B7
S2140148F03B4B474A494999E7642D3FF463AF22F0A1
S2140149008FFD6423C0B2B0FBF3F203FB1203013345
S214014910DBB29D42BFF456AFCDE900530020304BC9
S2140149203B4A3F4904F0E6F9A1E7284B1B78052BE3
S21401493001D03C4A7FE7EB1CDBB2277BF45C44B139
S21401494023460020374A384904F0D4F900210C46A2
S2140149500BE00F2F0DD81023204634490093314A1F
S2140149603B4604F0C7F9802401210020FFF726FB0F
S214014970E1E60435EDB220462A4A2D4904F0BAF99B
S2140149807A1B7119D2B206A820F0CAFF05443A462E
S214014990E9B2304622F03DF9264D069A2B68264F9D
S2140149A09A42386001D100284AD1244900201D4A84
S2140149B004F0A0F985240121D7E700BF6C0F04009D
S2140149C048830400840F0400547800207D6B002087
S2140149D0B30F04007A6B0020291004003110040084
S2140149E0B9100400CE100400F70F040004100400F0
S2140149F0591004006610040083100400E31004003C
S214014A00EB100400051104000B83040023110400BD
S214014A10781504005D11040087110400AF1104002D
S214014A20D61104000A1204002412040053120400D2
S214014A306A1204003C4D00204C4D002093120400E5
S214014A4000F08EFF3E68B0420AD200F089FF9D4911
S214014A5003463246204604F04DF98924012184E7B5
S214014A60079A6B689A4205D12046974A974904F0FF
S214014A7041F96BE79649097859B19A4209D220461D
S214014A80944904F037F996210620934AFFF7E8F98E
S214014A905CE7924A924905A801F0DCF9079E48B9FD
S214014AA06A68964206D88F4904F024F90520FFF774
S214014AB0C3FB40E6324600208B4904F01BF93968F7
S214014AC00027002000F042FB00206E60FFF74AF945
S214014AD0864B06201F80FFF719F9854B1F7001F0E2
S214014AE0B1F90646F8B94FF6FF73824A0AA811884B
S214014AF0994214BF13463B466A88298801F012F989
S214014B000AA800F0D7FC58B10AA801F0DDF938B1BF
S214014B103046794904F0EEF80420FFF757FB0AE621
S214014B20FFF7F8FB07E6042805D1744B192118781E
S214014B3021F08EFAFFE538467149EBE7714B1B7899
S214014B40062B01D0704A76E6DFF8A0A1EB1C94F89C
S214014B500C90BAF80080DBB22EB930466B4904F0EF
S214014B60C9F88724E7E5F75C2C1D972FE4B22FD010
S214014B7025D8812F71D0952F67D017BBB9F1100FAB
S214014B807FF6E7AD31194A460AA820F0C9FE04446B
S214014B90E4B221464A46304622F03BF8231DDBB2FA
S214014BA0053416F803A0E4B2A9EB04035345054601
S214014BB066DA009338465346534A5549C7E5982F57
S214014BC043D03B460020504A524904F093F8C8E7C8
S214014BD0B9F10A0F7FF6BDAD1FFA89F721463A46AD
S214014BE0304622F016F805F1080104463A46C9B2E5
S214014BF0304622F00EF80AAA01462046FFF736FA9A
S214014C0008B9454B0A93B9F10C0F12D905F10C01FD
S214014C103A46C9B23046DDF8288021F0FDFF044649
S214014C2002463E49002004F065F8AAF800404444D4
S214014C300A940A9C3A492246002004F05BF8204672
S214014C40FFF7A4F820F064FE11E63649002004F0D0
S214014C5051F80320FFF7BAFA09E6334C23786BB113
S214014C6020F049FE50B10020304904F043F80023FB
S214014C70237020F04DFEFFF74DFBF8E52C49E5E7E4
S214014C80DFF8A49099F8003043B9FFF7D1F88542D0
S214014C90034607D01C4A27490095E5E520F032FE79
S214014CA00128F2D110220D480AA908F007FF10B911
S214014CB0BAF13F0F42D9144A1F49002004F01AF8EE
S214014CC04FE700BFB21204000A120400EA12040001
S214014CD0766B00201F130400C02709003C4D0020FE
S214014CE04C4D0020AE0D040060130400F464002057
S214014CF07C6B0020F664002082130400C678002036
S214014D00A11304007D6B0020C7130400DC1304000C
S214014D1009150400EB140400E093040017140400C2
S214014D204214040061140400796B00207D14040011
S214014D30BC14040045150400811504006D4B187061
S214014D4099F800304BB120F0D6FD30B1284620F05E
S214014D50D5FD042807463FF48AAD51462846321948
S214014D6020F00FFF28B10020634903F0C3FF0420A1
S214014D7070E799F80030554463B120F0BCFD48B1A6
S214014D80FF2FF4D0012F3FF472AD032F16D120F080
S214014D90BDFD05462846FEF7E5FF04460246052109
S214014DA0564820F0E4FD564B1B689C420AD3204629
S214014DB020F0E2FE0520FFF73FFA58E520F0A4FDBB
S214014DC08046E7E74046FEF7E1FF00287FF44FAD57
S214014DD051E74C4B1B7803F0FD03082B01D04A4AE0
S214014DE029E5A48935B1F27822B10020474903F0BC
S214014DF081FF2EE7E4B22246F11C0AA820F090FDBE
S214014E00434BBDF828201988054691420DD04FF630
S214014E10FF718A4209D03C4A00203E4B3E4903F0CE
S214014E2083FFBDF828203D4947E7BDF82A20598869
S214014E3091420CD04FF6FF718A4208D0324A0020C8
S214014E40374B354903F070FFBDF82A20EBE70B9A84
S214014E505B689A420AD0013208D02B4A2E490020BC
S214014E60304B03F061FF0B9A2F4926E7A4B2E91CE9
S214014E702246C9B2304621F0CCFEE91DC9B207462A
S214014E802246304621F0C5FE431C014606D10820C5
S214014E90FEF73CFF2548FEF779FFE8E4384606AA08
S214014EA0FFF7E4F8A8B9214B0693214B00221978A5
S214014EB0204B187820F010FD069C2046FEF766FF72
S214014EC0224600201C4903F015FF0920FEF71EFFAD
S214014ED0CDE440F6B733069A9A42E6D840F6B832A1
S214014EE00020164903F006FF40F6B833DCE78124BC
S214014EF021E400BF7C6B0020B4150400D715040024
S214014F004C4D00207D6B0020E0150400F5150400D3
S214014F103C4D0020771104001C160400D506040041
S214014F20A1110400371604006C1E040080EE360042
S214014F30C5780020C67800206F16040044160400C9
S214014F4008B50420FFF742F90020FEF7DFFE002334
S214014F50054A19211370054A1370054B1878BDE8E8
S214014F60084021F075B800BF7A6B00207B6B0020EB
S214014F70C678002010B5164B164C1A78164B002032
S214014F8053F82220154903F0B5FE2178144B154A33
S214014F900020002918BF1A46134903F0ABFE2378F8
S214014FA02BB1124B00201A68114903F0A3FEFEF73D
S214014FB03FFF0446FEF73CFF0E4B196820F0CAFC83
S214014FC02246BDE8104003460B49002003F092BE7E
S214014FD07D6B00207A6B00201C8304008B16040076
S214014FE0991D04007A1D040098160400384D00200F
S214014FF0B21604004C4D0020CB16040038B501460D
S21401500004460020FFF788FB054698B1E37C0020A4
S2140150100A4A0B4903F06EFE2379042B0AD029466F
S214015020204621F0E0FE034620B10020054A06494D
S21401503003F060FE6FF0FF0038BD00BF99F7030074
S214015040F3160400291004003110040010B51346AD
S214015050094A127882420DD163B1084A00201468C9
S2140150600A46074903F046FE2146BDE810400120E6
S214015070FFF752BB10BD00BFC67800209C50002031
S2140150801517040010B50D4B1C782CB1BDE8104067
S21401509000200B4903F02EBE6420FEF763FE4FF698
S2140150A0F0716FF00F02074B0320C3E9001222468E
S2140150B02146BDE81040FEF7D3BE00BF7D6B002041
S2140150C04E1704003C4D0020014B1870704700BF7E
S2140150D0796B002000210620014AFEF7C1BE00BF01
S2140150E0C0270900014B1870704700BF766B00207F
S2140150F0114B2DE9F04107460D4618680F49101A65
S214015100096820F027FCDFF840800D4E98F8004033
S2140151100346FF2C307004D0A8420AD32C44A04288
S21401512007DB3A460020074903F0E4FD337888F8A8
S21401513000303078BDE8F081544D0020504D0020FD
S2140151407E6B00207C180400C778002050EA01021C
S21401515008D0FF22054B091A1A70054B1860054B3B
S2140151601960704711461046FFF7C2BFC778002086
S214015170544D0020504D00202DE9F04FAFB006AD44
S214015180284600F0FDFD0026624FDFF8D091284644
S21401519000F090F9044648B900F0BEFD5E490246AB
S2140151A0204603F0A7FD2FB0BDE8F08F394600205A
S2140151B0F2B203F09FFD284616A900F0FFFD044653
S2140151C020B15649002003F095FD8FE0BDF8582028
S2140151D0534903F08FFD49462046BDF85A2003F097
S2140151E089FD2046BDF85C204E4903F083FD20462C
S2140151F0BDF85E204C4903F07DFD2046BDF86020D9
S2140152004A4903F077FD2046199A494903F072FD91
S2140152102046BDF86820474903F06CFD2046464904
S2140152200DF16A0203F066FD44492046239A03F015
S21401523061FDBDF85C30D90705D520469DF8902064
S2140152403F4903F057FDBDF85C309A0714D500209E
S2140152503C4903F069FDBDF85830B3F5807F4FD166
S214015260002021F020FD18B10DF1910003F0C4FCDF
S2140152700020354903F03EFDBDF85C305B070BD5D9
S2140152800020BDF8B220314903F034FD0020BDF8FE
S214015290B4202F4903F02EFD062228460DF11603F1
S2140152A00AA920F086FB044690BBBDF816202949C2
S2140152B003F020FDDFF8A8A0DFF8A8B00DF128085C
S2140152C0BDF81610A2B2914210D9B8F80020514686
S2140152D0002003F00FFD0134D8F8042059460020C1
S2140152E003F008FD062C08F10808E9D16C462046B3
S2140152F000F05AFD94E80F00013685E80F0046E7F6
S2140153000123202200200DF1910103F057FCAFE7A5
S214015310114957E78E1804005B1A04009718040019
S214015320BB180400EF180400081904002119040032
S2140153303A190400531904006C1904008119040079
S2140153409D190400B6190400592F0400C919040058
S214015350E2190400FB1904002E1A0400D4180400F4
S2140153600C1A04001C1A04002DE9F04188B004ADA3
S214015370044628468846002700F002FD6E4647454B
S21401538007D195E80F0084E80F00204608B0BDE875
S214015390F081304600F008FD96E80F0085E80F0022
S2140153A0284600F087F801370028E8D1014B0FCBDB
S2140153B0E9E700BF9C8504001FB5D0E9023253F827
S2140153C0223068461978FFF7CFFF684600F07CFD6B
S2140153D048B1042809D1074A0020074903F08AFC8E
S2140153E005B05DF804FB054AF6E70020044903F022
S2140153F081FCF5E751240400761A0400E51D04003B
S2140154008213040010B5D0E9023203EB8201496829
S21401541053F8223098B00C6804A81978FFF7A4FF57
S21401542003AB40220093214608AB04A800F0E2FC3F
S214015430024628B100200E4903F05CFC18B010BDEE
S214015440039808A900F007040122C0F3C70003F07F
S214015450FBFB039908A8091B0144064801232246C1
S214015460008803F0ABFB044803F0E4FBE6E700BF6B
S214015470861A040012650020592F0400F0B5044670
S2140154800D460B4BEF880FCB84E80F00AB882E89B7
S2140154909B0741BFD5F83900D5F83D1004F1080344
S2140154A003C3EA682046278066806260F0BD00BFBD
S2140154B054830400102208B5034908F0FFFA0038A7
S2140154C018BF012008BD00BF9C85040008B522F066
S2140154D005FCC288FF219208012A38BF0122024832
S2140154E01FF0F5FD012008BD644D002038B51346B8
S2140154F090B10120274A1070274A00201160274AE0
S21401550013600A46264903F0F5FB02F043FB254BE0
S2140155101870022002F044FB22F0FBFBE8B91D4D97
S2140155201D4C2B782BB922F0D9FB2268C368134493
S21401553023601A4B24681B689C4229D222F0CEFBBA
S214015540C168204606F022F8002402462C7050B9A5
S21401555022F0DFFBFFF7BAFF03E0FFF7B7FF0028F3
S214015560DDD0012038BD20460F4903F0C3FB0D4BAB
S214015570187802F015FB00200C4903F0BBFB00F085
S21401558091F908B900F0AEF92046FFF7B7F8E8E759
S2140155900124ECE7806B00205C4D0020584D002074
S2140155A0AD1A04007F6B0020D91A0400F91A040012
S2140155B038B500F04BFA044600F042FA241A22F0FD
S2140155C08DFB054618B9B1211B4827F0B4FDAB8801
S2140155D003F00303032B03D0B221174827F0ABFDDA
S2140155E000F02EFA054620F057FA01238340013BCE
S2140155F02B4203D0B421104827F09DFD20F04CFA31
S21401560001238340013B234203D0B5210A4827F0FA
S21401561092FD05F091FD054620F03EFA4FF48063B9
S214015620B3FBF5F3C440A34205D2BDE83840BA2126
S214015630014827F080BD38BD0F1B0400FF2108B5C7
S21401564004481FF055FDBDE80840002211461046EB
S214015650FFF74CBF644D0020F7B504460E4600F038
S21401566089F8054622F03AFBC3682B449C4220D3B6
S21401567020F012FA2C44C440013C114F3B68DEB1C5
S214015680A34219D101340023ADF8043000F0E4F947
S214015690054605F051FD103504FB005405F04CFDA0
S2140156A001A90246204605F099FD20F005FA38606A
S2140156B004E04FF0FF34E0E7A342E4DB03B0F0BDC3
S2140156C0787400204FF0FF320A4B10B51A600022A2
S2140156D0094B1A7000F0B4F9044600F0B7F92146F8
S2140156E002460120FFF702FF00280CBF012004201C
S2140156F010BD00BF78740020816B002038B500F023
S214015700D1F808B9002038BD094D0A4C2B7823B9C9
S21401571020F0D2F9012320602B70246820F0BCF918
S21401572001348440EED000F025F82044EBE700BFBA
S214015730816B00207874002070B50D4C2368002B17
S21401574001DA012070BD00F07BF9054622F0C6FAA9
S2140157502468C66820F0A0F9013404FA00F129444F
S21401576001208A19FFF7C2FE0028EAD00420E9E7E3
S21401577078740020024B18680C3020F0CDB900BFB9
S2140157807C740020FF2307B50021044A04480093D7
S214015790FBF78AFC03B05DF804FB00BF3D56010031
S2140157A0644D00200E4B70B51C680546036804F571
S2140157B082641C440E46FFF7DDFF2B68834208D245
S2140157C032681A44824208D9C31A012033602C6019
S2140157D070BD044A126813441C1A0020F7E700BF84
S2140157E07C740020604D00202DE9F04FB3F5803F1A
S2140157F087B00F469846019003D3002007B0BDE856
S214015800F08F03A904A8CDE90332FFF7CBFF0024EC
S214015810824600F10109DFF888B05FFA89F9019B39
S214015820DDE90356AAB27BB13046109922F05DFA43
S2140158300028E2D1B9F1020F2BD1DBF80030049336
S214015840019B03BB2F4421E03946304605F0C6FCD8
S2140158500028D2D1BAF1000FECD0002CEDD105F022
S2140158606BFC2E44B6FBF0F303FB10600028E4D07B
S21401587005F062FC05A902463046059405F0AEFC2B
S2140158800028DAD0B9E7109B2B441093A8EB050546
S2140158900395631C4B454FF00104C0D32046ADE78A
S2140158A0604D00207FB56B460C4A1068516803C3F3
S2140158B090680C2218600A4B0DEB0201186822F062
S2140158C014FA0C2268460DEB020108F0F7F8B0FA5C
S2140158D080F0400907B05DF804FB00BF6483040054
S2140158E07C7400201FB5084A01AB1068516803C3D9
S2140158F0906801A91860054B0C22186805F06EFC2B
S21401590005B05DF804FB00BF648304007C740020CE
S214015910F7B5044615460E4681B9072A03D8002472
S214015920204603B0F0BD0D4B80791968E379063047
S21401593000EB03200C3180B220F0F8F80027214656
S2140159402B46324638460097FFF74EFF044600289E
S214015950E5D039467019FFF77FFEE1E77C74002039
S214015960024B1868A0F50060704700BF88740020DD
S21401597010B58AB0684606F015F810F0FF0027D17A
S214015980009BFBB1174C01A9206005F083FF10F0C6
S214015990FF001DD12268009B9A4204D34FF4DD71AB
S2140159A0114827F0C8FB019B104A11491360029A5F
S2140159B013440B600F49A3F500630A600E4A136097
S2140159C0009B63B940F2CF11074827F0B4FB06E00D
S2140159D0044A034612680020084903F08BF90AB00E
S2140159E010BD00BF80740020DE1B0400604D002047
S2140159F084740020887400207C740020A21C04009B
S214015A0008B5FFF7B5FF22F069F950B122F066F943
S214015A10064B02691B689A4203D2B321044827F059
S214015A208AFBFFF7C5FD012008BD00BF8874002072
S214015A30DE1B0400014B1868704700BF807400200D
S214015A40014B1868704700BF604D0020014B186875
S214015A50704700BF84740020014B1868704700BF70
S214015A607C74002010B5FFF749FE04462849002043
S214015A7003F040F90020274903F03CF900202649AD
S214015A8003F038F90020254903F034F9244B0020AF
S214015A901A68244903F02EF922462349002003F010
S214015AA029F9FFF767FE21490246002003F022F993
S214015AB01F4B00201A681F4903F01CF91E4B1F4C90
S214015AC01A6800201E4903F015F9226800201D49B6
S214015AD003F010F94FF4806200201B4903F00AF925
S214015AE0226800201949103203F004F922680020C8
S214015AF017490C3203F0FEF822680020154902F51A
S214015B00826203F0F7F8BDE8104005F049BA00BF1D
S214015B10211D04005E1D04007D1D04009D1D040062
S214015B2080740020C81D0400E71D04000A1E04003E
S214015B30604D00202D1E0400847400207C7400201B
S214015B40501E0400731E0400961E0400B91E0400B5
S214015B50DC1E0400FF1E04002DE9F04194B004464B
S214015B600D460020482102AA1FF0F1FF18B953493B
S214015B7003F0C0F819E060220021204607F052FC2D
S214015B8004224F4902A807F099FF90B16DB19DF824
S214015B900B30002001939DF80A309DF808200093F1
S214015BA048499DF8093003F0A5F8012014B0BDE876
S214015BB0F081BDF80C20B2F5807F228003D04249E7
S214015BC003F098F8F1E7BDF81420BDF80E10228115
S214015BD0DDF816206180E2600499BDF81A20616044
S214015BE0228284F8320007AD04F112020FAE2B4672
S214015BF003CBB342106051601D4602F10802F6D194
S214015C000F9B324A63631360314B10221846002102
S214015C1007F008FCE288A388028022894280E268B5
S214015C2042600BB90020C1E700263546A388D90794
S214015C3009D536B105F150026A4412F8482C84F8A9
S214015C4038200135EDB29A0714D520881FF095FE4D
S214015C5007466EB102AB03EB05080246414604F166
S214015C60390007F06FFD3A4641461A4807F06AFDCB
S214015C702F44FDB2A3885B070DD556B105F150033D
S214015C806B4433F8482C33F8463CA4F85A20A4F861
S214015C905C300435EDB2002EC4D1482D02D9304611
S214015CA00D4965E72946382002AA1FF050FF08B9BA
S214015CB00A495DE738250126B8E700BF221F040020
S214015CC070830400541F04008A1F0400844D0020C2
S214015CD0884D0020904D0020A51F0400F51F0400EC
S214015CE030B50B4C99B025786DB9FFF789FE68B1D0
S214015CF029466846FFF730FFB0FA80F0054B4009A9
S214015D00187001232370002019B030BD0120FBE775
S214015D10826B0020836B0020014B1878704700BF10
S214015D20836B002070B51E46134B044618881D462B
S214015D30884298B002D15B88934206D00F4B0FCBB6
S214015D4084E80F00204618B070BD96B10021684661
S214015D50FFF702FF0028F1D1BDF804305B0708D534
S214015D603388BDF85A209A42E8D8BDF85C209A429A
S214015D70E4D395E80F00E3E7884D00209C850400F6
S214015D80064B10B51B7804462BB9054B0FCB84E8A0
S214015D900F00204610BD034BF8E700BF836B0020C1
S214015DA09C850400884D002010B50446024B0FCB9D
S214015DB084E80F00204610BD9C8504000B4B10B5EF
S214015DC01B78044608467BB10021FFF7C5FE48B99B
S214015DD010222146064807F071FE003818BF012040
S214015DE0C0B210BD0120FBE70120FAE7836B00205B
S214015DF0884D00202DE9F0410E4690460E491022AE
S214015E001F4607F05BFE044670B90C4B3A461D6808
S214015E103046AD1B454528BF454629461FF097FE2F
S214015E2028B9074902F066FF0120BDE8F081069B0C
S214015E3020461D60F9E700BF884D0020844D0020F4
S214015E40F51F04000022024B1A70FFF73BBC00BF8F
S214015E50836B00202DE9F0419CB00F461646804624
S214015E60FFF74CFC054602461549002002F042FFAA
S214015E70382D20D9012104A8FFF76EFE0446D0B9BB
S214015E80119B04A93B606F463846FFF7F7FA97E87F
S214015E900F0086E80F00119BAB4297BF0121032438
S214015EA0084AC8F8003094BF1170C8F80050204660
S214015EB01CB0BDE8F0810022024B01241A70F6E7FF
S214015EC027200400836B002070B5084D00262B7830
S214015ED053B1FFF7F7FB04461022002104482E7049
S214015EE007F0A0FA204670BD3446F5E7836B002024
S214015EF0884D002008B50020064902F0FBFE064B3F
S214015F0000201A78054902F0F5FEBDE80840FFF7C3
S214015F10A9BD00BF46200400836B0020702004004A
S214015F2003460120024AC3E9032000221A70704783
S214015F300100FEFF2DE9F0410024264E264FDFF832
S214015F40A88088B000F0D4F9A5B2854202D308B083
S214015F50BDE8F081284603A91FF02FFEA2B2314604
S214015F60002002F0E1FE9DF80D2012B39DF81210FC
S214015F70BDF81030402914BF6E2179210020CDE9EB
S214015F8000313946BDF80E3002F0CEFEBDF81420C1
S214015F901AB10020114902F0C7FE9DF80C00BDF8A9
S214015FA0182070B9079B0E490093BDF81A3002F00D
S214015FB0BBFE00200B4902F09DFE013427F0C8F815
S214015FC0C0E7BDF81C304146009300209DF81A300A
S214015FD0EDE700BF892004008F200400B2200400F2
S214015FE0BC200400592F0400E320040010B500F083
S214015FF0ABFABDE810400346024A0020024902F00F
S21401600079BE00BF0B2104009AE80300D0E90232F2
S21401601053F8223010B5188800F086FABDE8104013
S2140160200346024A0020024902F064BE1121040020
S2140160309AE8030010B5D0E90232002486B08DF844
S214016040044053F8221003EB8203097801A88DF867
S21401605005105A681288ADF806209A681288ADF8BD
S2140160600820DA681278ADF80C40A24214BF40222C
S21401607080228DF80A201A691288ADF810205A6914
S2140160809B691288ADF812201B68059300F0D0FBBF
S214016090034A03460349204602F02CFE06B010BD13
S2140160A075FF03009AE8030038B50024064D27F073
S2140160B03BF845F824000634C02CF8D10020BDE892
S2140160C03840024902F016BE1811002018210400BB
S2140160D030B5002087B0204902F00CFE00201F4991
S2140160E002F008FE00201E4902F004FE27F01CF80C
S2140160F000240546A0B201A901341FF05EFD202C44
S214016100F8D127F011F81749421B002002F0F2FDE2
S2140161101549002002F0EEFD27F006F8044601209E
S21401612000F09EF827F000F80E49021B002002F04E
S214016130E1FD0E49002002F0DDFD26F0F5FF0446E4
S2140161401FF02CFD26F0F0FF021B0020054907B0CA
S214016150BDE8304002F0CEBD4421040073210400A6
S214016160A3210400C0210400CF210400E92104007A
S21401617010B50C4603F022FD08B9032C12D101F02C
S214016180FFF804280ED001F0FBF805280AD00648CF
S21401619002F060FC1C2801D120F0ADFCBDE81040E7
S2140161A002F068BC10BD00BFA75B03002DE9F04FED
S2140161B000274FF0FF36DFF8A4B0264C87B0BBF8B7
S2140161C00030B8B2834209D8731C3BD03246FF2157
S2140161D0214807B0BDE8F04F1EF079BF01A91FF0B6
S2140161E0ECFC9DF8050001F001FFF8B19DF8048074
S2140161F0B8F1000F1AD1BDF810A0BDF8129026F024
S21401620093FF18210246BBB24B43E018E158007CCD
S2140162104FF47A73A2EB010C50B103FB0AF363450A
S2140162200ED30B44981A864228BF06460137C6E7A6
S2140162304D466B43FAD06345F5D31944881AF2E705
S2140162404046F0E7FF21044807B0BDE8F04F1EF0D6
S2140162504FBF00BF18110020984D0020F8640020A1
S2140162602DE9F041014688B058B1022810D01FF040
S214016270BEFC78B3D221194808B0BDE8F04126F03B
S2140162805ABFFF23164A17480093FAF70DFFEEE7A9
S21401629000244FF001082746134EA5B2284603A94D
S2140162A08DF80D701FF089FC9DF80D0068B101F0A6
S2140162B09DFE20B19DF80C300BB986F81080013494
S2140162C0202C06F11806E8D12546084B1D80FFF75D
S2140162D06DFFCCE708B0BDE8F08100BF09220400DD
S2140162E015660100984D002018110020F864002062
S2140162F0014B1888704700BFF86400202DE9F04F65
S214016300634A077D89B004466249002002F00CFD0D
S214016310002020F0C8FC20B12368218A588803F0A9
S2140163209BFC00205C4902F0E5FC637DDFF874917C
S214016330002B236808BF08205988574B18BF002038
S2140163400093228A4FF0090314BF4FF080084FF0E4
S214016350400802F02FFBA289BB1C93420CDB20F005
S2140163603CFD034620B100204C4A4D4902F0C2FCD8
S214016370012009B0BDE8F08FA068791C89B2C55D1F
S21401638020F04AFC0337012D0646BFB213D8236816
S214016390324659885879238A0093434620F086F876
S2140163A0824600283ED1862002F0CCFB284602F029
S2140163B0C9FB304668E08520F6E703A91FF0FDFB20
S2140163C09DF80C30AB4223D123689DF80D105A7905
S2140163D091421DD1BDF80E105A88914218D1BDF8D0
S2140163E01020B24214D19DF81220424510D1BDF8BA
S2140163F01410228A91420BD1002D38D0BDF8181006
S214016400E288914204D19DF81A201B799A422ED037
S2140164100BF1010BB9F800305FFA8BF08342CCD850
S2140164208B20C1E74FF0000BF4E79AF8020002F068
S21401643089FBBDF8180020F0B2FBBDF81A0020F069
S214016440AEFB9AF8020003F027FE002883D19AF8E3
S214016450020001F09DFC0546079E002D3FF47BAF30
S214016460F0B2013D02F06EFB360AEDB2F5E7002010
S21401647002F068FB284602F065FB304620F08FFBF1
S214016480012DD2D1BDF81C0020F089FB63E700BFC7
S214016490B422040032160400592F0400C12204005D
S2140164A0DE220400F86400202DE9F04391B069462D
S2140164B080461FF082FB0023194F8DF80130388883
S2140164C0431E98B28045388009D1694640461FF080
S2140164D07CFB68461FF060FB11B0BDE8F0834FF00F
S2140164E0180905A91FF069FB0E4C3E880AAD09FB89
S2140164F006460FCE0FC596E8030009FB084485E85B
S21401650003000AAE404605A91FF05FFB0FCE0FC47D
S21401651095E8030084E8030069463888D7E700BF9A
S214016520F86400201811002008B5064B1B8883422A
S21401653005D9FFF7B9FFFFF739FE002008BD272070
S214016540FCE700BFF864002038B5074D2C882CB94D
S214016550FF2106481EF0CCFD204638BD601E80B2E5
S214016560FFF7A2FFF2E700BFF8640020984D002075
S2140165702DE9F3479A4618239DF82890244FCDE934
S214016580001203FB09731446D3E9022320F004FD2D
S214016590064620460D4603F07FFD04F0FD03382B2A
S2140165A080460FD1009432462B460021DAF81000BF
S2140165B01FF02EFBB8F1010F1BD135431ED102B0DF
S2140165C0BDE8F087392CDAF810300BD107EE906A67
S2140165D007EE103AF4EEC77AF1EE10FAACBF0120DE
S2140165E00020E7E79E4275F100032CBF0120002042
S2140165F0E0E7B8F1000FE2D10028E0D0182303FB52
S214016600097701233B7402B0BDE8F047FFF7CEBD22
S214016610181100202DE9F04F00252E46A846AA465F
S2140166202C46DFF8BC91D1B0694BA8B21B888342D7
S21401663009D81CB161882079FFF79AFDFFF7B6FDEE
S21401664051B0BDE8F08F0BA91FF0B7FA26F06CFD2C
S2140166501823AFB27B4309EB030B59F803300590BF
S2140166609DF82D00049301F0C1FC002800F0AE80D7
S2140166709DF82C10002940F0A980DDE90432D01ADB
S2140166804FF47A72BDF838305343834200F29E804D
S2140166909BF8103043B9BDF83A30002B00F09680D5
S2140166A05343834200F29280FD230022CDE901325A
S2140166B010AB00930DF119020DF11A03E9B20BA804
S2140166C0EDF706FE002877D1BDF81A30DA1C0493E0
S2140166D0D2B214B33F4B9DF82D101B881344227978
S2140166E0914214D1BDF82E10628891420FD19DF8C7
S2140166F03220B8EBD21F0AD1BDF83420524506D15C
S214016700B3424DDD0020344902F0F4FA01E0B34211
S214016710F8DC61882079FFF72BFD02F0E7F90446E3
S2140167209DF932002D4BC043C00F0093BDF83420B5
S2140167300A23BDF82E10C0009DF8328002F03AF907
S2140167409DF82D304FF0000B23714FF48A53FF262E
S214016750BDF834A04FEAD818E38007A95FFA8BF09A
S21401676020F0BEFDC0B2B0B99DF81D109DF82D20D9
S214016770914210D1BDF81E10BDF82E2091420AD1CB
S21401678022469DF829109DF81C0020F02FFBB042F0
S21401679028BF3046C6B20BF1010BBBF1200FDCD18E
S2140167A0BDF8300020F0FBF99DF8190002F0CAF997
S2140167B0049910A802F0DAF9182300225F4309EBC6
S2140167C007031A7426F0B0FC49F8070001352BE7D9
S2140167D0F8640020026500209D230400592F040060
S2140167E01811002070B500240126104D8AB02B88A0
S2140167F0A0B2834204D80AB0BDE87040FFF7D6BC09
S21401680005A91FF0DAF99DF8150001F0EFFB50B16C
S2140168109DF814303BB91A46CDE901360093E1B232
S21401682005A8EDF755FD0134E1E700BFF864002047
S2140168302DE9F0430389DFF858818BB0B8F8009052
S2140168400093044683798288418840781FF02EFEA3
S214016850002800F09580E78927B1A389BB4200F2A2
S21401686091800027B8F80030BDB2AB4214D84D462F
S21401687001264FF6FF73E2899A4226D146B9B8F847
S2140168800030AB4202D92846FFF70EFEFFF78EFC1A
S21401689000200BB0BDE8F083284605A91FF08DF94E
S2140168A09DF814307BB92268059B5340FF2B0AD80C
S2140168B06368069E5E4036F07F4604D1BDF81C2014
S2140168C023899A42D5D00137CCE7E2689A422BD089
S2140168D0002E53D1D4E90323CDE9082305A81FF0E0
S2140168E05BF90028D5D1B8F80030AB4204BF6B1C69
S2140168F0A8F8003026F018FC18236B43234AE9B2A7
S214016900D050D418002305A81A46CDE901330093C8
S214016910EDF7DEFC18B100220023C4E90223284665
S21401692005A91FF052F9B1E7234605AA04F1100C98
S214016930174618685968083303C763453A46F7D1BE
S2140169401868386005A81FF02AF90028C0D01F2D46
S2140169501AD800238DF8143063788DF815306388C3
S214016960ADF81630A388ADF81830A3798DF81A3033
S2140169702389ADF81C300028B0D1ABE70020E6E74C
S214016980862086E7872084E7892082E71811002081
S214016990F86400202DE9F04FB04A90F814908DB0BD
S2140169A00446AF49002002F0BFF9002020F07BF931
S2140169B020B12368218A588803F04EF90020A9499E
S2140169C002F098F9637DDFF8B8A2002B14BF80238C
S2140169D040230293236808BF08205988A14B18BF9B
S2140169E000200093228A072301F0E4FF002303938B
S2140169F0A28909F10305954211DB039B13B91846D9
S214016A0002F0A0F820F0E9F9034620B10020964AEA
S214016A10964902F06FF901200DB0BDE8F08FA0682D
S214016A2009F1010189B210F8096020F0F5F8324643
S214016A30804603468E490020ADB202F05BF98EB166
S214016A40012E00F08A808527384602F07BF8304612
S214016A5002F078F8404620F0A2F8852FD2D0012324
S214016A60039376E0A06809F10401A28989B2475D23
S214016A7020F0D2F809F10601A289049089B2A06833
S214016A8020F0CAF83A4605900090049B30467949B2
S214016A9002F030F909F1080938461FFA89F503F0C2
S214016AA0FBFA002857D1384601F072F92946034609
S214016AB08146A289A06820F0A0F86F498346304637
S214016AC002F032F9A1684A4629443346304602F0BC
S214016AD075F83046634902F00DF9A9441FFA89F5A5
S214016AE02368424659885879238A0093029B1FF0EF
S214016AF0DDFC18B18378BB4240F0AC80483FFFB262
S214016B00092F05D840F21133FB40DB0700F1A480C2
S214016B1000238DF81C30236807A85A798DF81D20AC
S214016B205B88ADF82080ADF81E30029BCDF82CB006
S214016B308DF82230238AADF82430049BADF8283036
S214016B40059BADF82A30FFF773FE074600287FF451
S214016B507BAFA9464CE7B346C2E72946A289A0689F
S214016B6020F05AF84FF0000B024607464349002032
S214016B7002F0C0F809F10509BAF800301FFA89F5E4
S214016B80BAF800201FFA8BF94A4503D81F2B31D9D2
S214016B90892759E7484607A904931FF00EF89DF880
S214016BA01C20049B012A22D122689DF81D005179E0
S214016BB088421CD1BDF81E005188884217D1BDF805
S214016BC02010414513D19DF82210029881420ED122
S214016BD0BDF82400218A884209D1BDF82800E18841
S214016BE0884204D19DF82A10127991421BD00BF1EC
S214016BF0010BC5E7012299468DF81C2022685179C0
S214016C008DF81D105188ADF82080ADF81E10029940
S214016C108DF82210218AADF82410E188ADF82810ED
S214016C2012798DF82A2007A8ADF82C701EF0B4FF53
S214016C30074600287FF408AFBAF800304846994561
S214016C4008BF09F1010307A908BFAAF800301EF022
S214016C50BCFF7EE78D27F7E68C27F5E6C823040000
S214016C6032160400592F040029240400DE220400F1
S214016C70D0230400ED2304000E240400192404008C
S214016C80F86400202DE9F04F074688469146002516
S214016C9089B09A46BDF848B09DF84C60149C224BCA
S214016CA01A88A8B2824235D903A91EF086FF9DF83C
S214016CB00C201D4BB2BB9DF80D10B94232D1BDF868
S214016CC00E1041452ED1BDF8101049452AD19DF828
S214016CD01210514526D1BDF81410594522D130461F
S214016CE0029201F055F8A6F14103012B01460AD89C
S214016CF020461FF097FF0D4B0D4A204484420CD1CD
S214016D000421029302ACEDB232462046009503AB55
S214016D10FFF72EFC09B0BDE8F08F14F8011F4B40B9
S214016D205343EBE70135BBE7F8640020C59D1C81A2
S214016D30930100011FB50F4C2478C4B142EA032227
S214016D409DF818308DF8051042EA43220A4BADF83B
S214016D500C201A78094B8DF80610079903EB0213DD
S214016D6000908DF80400DB6868460291984704B0ED
S214016D7010BD00BF846B0020866B0020B84D00203C
S214016D8073B51A4DFF211A481EF0B2F92B7853B38A
S214016D90184C194E2378180106EB03131A7A596812
S214016DA0305C20F021FB4D281DD0E0B101230021ED
S214016DB02278CDE900311201B25CC0B2FFF7BAFF0A
S214016DC00A2223780A480133DBB2B3FBF2F102FB55
S214016DD01133FF2123702B78013B2B7002B0BDE8E5
S214016DE070401EF07DB902B070BD00BF846B0020FC
S214016DF0584E0020866B0020B84D0020F8B5104F85
S214016E003E780A2E1AD00FC8DFF840C00D4D9CF808
S214016E100040013605EB041585E80F000A2301340E
S214016E20E4B2B4FBF3F203FB12440748FF218CF8EB
S214016E3000403E701EF054F90020F8BD0120FCE72A
S214016E40846B0020B84D0020584E0020856B002032
S214016E500021024A0248FAF75DB900BF816D0100C0
S214016E60584E0020002337B50C46124D12492A7899
S214016E70CDE9003312018A5C01230146E0B2FFF737
S214016E8059FFA4B90D490A788AB10A202B78013A2C
S214016E900133DBB2B3FBF0F40A70FF2100FB1433BD
S214016EA007482B7003B0BDE830401EF019B903B097
S214016EB030BD00BF866B0020B84D0020846B0020DB
S214016EC0584E002008B500F0BDF850B1054B064AF3
S214016ED00649052808BF1A46BDE80840002001F00B
S214016EE009BF08BD3D240400592F04005E24040098
S214016EF008B5032020F092FA10B90122014B1A704E
S214016F0008BD00BF876B00200022024B18781A705C
S214016F10704700BF876B00200246FF2101481EF024
S214016F20D6B800BF784E0020114B37B51D78C5B9CD
S214016F30FF2110481EF0DCF8FFF7DAFF0446009048
S214016F400D4B28460D4A0E4901F0D4FE4CB10D4BAF
S214016F501B78DB0605D5284620F03AFA20461EF0B7
S214016F608CFC094B186803B0BDE83040FFF7D4BF6E
S214016F70876B0020784E00207B240400A92404009F
S214016F80F8FB0300756B00208C740020FF2101487C
S214016F901EF0AEB8784E002070B51A4E054633780E
S214016FA00C466BB30020184A184901F0BDFE032CAD
S214016FB001D0652C20D11649002001F0B5FE2246ED
S214016FC00020144901F096FE0020134901F0ACFEA2
S214016FD0012329460822002001F0F0FD00200F4978
S214016FE001F088FE032C88BF0023204688BF33703B
S214016FF0BDE87040FCF7BEB8012CE0D00849DBE7DD
S21401700070BD00BF876B0020A9240400FEFF0300AB
S214017010BC240400B5060400DA240400592F040039
S214017020D2240400014B1860704700BF8C74002006
S2140170300021024A0248FAF76DB800BF296F010025
S214017040784E0020054B10B51C782CB90448FF215A
S2140170501EF046F8204610BD0520FCE7876B002091
S214017060784E0020F8B50024074B084E1D68084FDF
S214017070E3B29D4204F1010400D8F8BD394656F842
S21401708023001DF0ECF9F3E774A1040078A10400D5
S2140170905875002010B5044C23780BB120F0AEF9DA
S2140170A00123237010BD00BFC87800202DE9F743E7
S2140170B0254B0D4616460446019350B14AB10423AA
S2140170C001AA12F8011BA94235D0013B13F0FF03B8
S2140170D0F7D1212003B0BDE8F08317F8010F90FA2D
S2140170E0A0F0000E1DF0F7FB014608EB07039945DB
S2140170F0F3DCCAB2C1F30F2392FAA2F293FAA3F316
S214017100120E1B0E03EB0223DB43621912F8020C6C
S21401711099B2DBB298420CD112F8013CB3EB112FB5
S21401712007D132462146284603B0BDE8F04320F099
S214017130CDB82320CEE74FF6FF71671EA5F10209F1
S214017140C4F10108D1E700BF080A0E12014B1870FE
S214017150704700BF886B0020024B1A681860826077
S214017160704700BF90740020024B186800B1406859
S214017170704700BF9074002070B5044600250A4B86
S2140171801B687BB100211E8807E05A6802EB0110DC
S214017190013145B9021B554255418AB29642F4D88F
S2140171A09B68EEE7184670BD907400202DE9F04FFD
S2140171B01E46002393B0022E074688461446DDF885
S2140171C070909DF874A0ADF81A3040F2C08099F81E
S2140171D000305A0729D5042E40F2B98099F804B038
S2140171E000255F4B33F83520002A00F0B6800135C4
S2140171F00A2DF7D1209B002B40F0AD80FF25002300
S214017200207908AA0DF119018DF819301FF098FCA4
S21401721070B1BDF82C309DF8190023801FF012FDC7
S2140172200790C0B113B0BDE8F08F99F802B0D7E768
S21401723020791FF0B6F90B28059000F28A80207994
S2140172401FF011FD07900028ECD1464A059B02EB82
S21401725003135B8823804FF6FF73002F08BF434656
S21401726062880021CDE9002358465246238802F061
S214017270FDFD18B1E38843F02003E380209B07A9B6
S2140172800DA8CDE90D34CDF83C90ADF84080ADF8B1
S21401729042608DF844708DF845A01FF064FC08B17B
S2140172A00798BFE7484602F025FDA01D02F010FD35
S2140172B02246414638461FF099FDB04227D3E3885F
S2140172C02246C3F30E03E3809DF87C3041460393C8
S2140172D0BDF87830384602930DF11A03CDE90093D4
S2140172E0F3B21EF0D1FE209B079003B3F8B9BDF8A8
S2140172F01A2042B1092D06D81B4B03EBC5018A8023
S214017300209A43F835201120FAF7CCFB1CE0BAF19D
S214017310000F0AD10DF11A03CDE9006322464B4650
S21401732041463846FAF7D2FFDDE73820DBE7052885
S21401733007D1E388DB0607D5002301200793FFF773
S21401734005FF079B002BDED01FF081FCA8E701207C
S21401735068E7212066E71C2064E7EDB24FE700BF2F
S214017360A04E00200C4F00209C4E00204FF6FF72CE
S214017370024B1A805A809A80704700BFFA64002038
S21401738010B5044C2379FF2B02D120F065F820714B
S214017390207910BDFA64002010B50C4C2379FF2B20
S2140173A008D100201FF04EFC20B920F055F82071BE
S2140173B01FF04DFC2079022805D00438012894BF1F
S2140173C00020012010BD0020FCE700BFFA64002069
S2140173D04FF6FF7310B5044C22889A4202D120F072
S2140173E031F82080208810BDFA64002010B5FFF720
S2140173F0BDFF40F61D439842044607D8B0F5416FDD
S21401740005D2182826D8152848D829D010BDA0F5A9
S21401741041630D2BFAD801A252F823F061740100E2
S214017420617401000D7401000D7401000D740100FA
S2140174300D7401000D7401000D740100B17401009A
S214017440C37401005D7401005D7401005D74010088
S2140174505D74010040F606439842D7D11C4920E0EE
S214017460FFF7B6FF1B490246002001F043FC152C2E
S21401747005D11FF0D1FFBDE810401FF07DBB164BB4
S214017480164A1749B4F5416F08BF1A46002001F0A5
S21401749031FC1FF070FB1FF06FFBECE71628DDD107
S2140174A01049002001F026FCBDE810401FF086BC04
S2140174B01EF0D1FEBDE8104002460B49002001F047
S2140174C019BC0020BDE81040084901F013BC00BFFC
S2140174D0392C0400E62B0400592F0400E12B04008C
S2140174E0022C0400222C04004E2C0400762C0400EE
S2140174F007B5094A0346108831B9084A084903B056
S2140175005DF804EB01F010BC0091064A064901F053
S2140175100BFC03B05DF804FB12650020F5F60300D2
S214017520962C040099F70300F8FB03000D4B37B5C2
S2140175301B68044693B11D780389012D08BF0225F7
S2140175400093C37A084A0020084901F0D3FB21467C
S214017550284603B0BDE830401FF036BF022003B016
S21401756030BD00BFD84F00200B2D0400BA2C0400FC
S214017570002010B51FF066FB0D4B1B6863B15A78EF
S214017580052A03D862B1052402220AE0FF2AFAD0AE
S2140175900020084901F0AEFBBDE810401FF057BBC4
S2140175A0144610461FF06CFF20461FF067FFF3E7F6
S2140175B0D84F0020102D040013B5134C00201FF0E7
S2140175C041FBFFF7D3FE23689BB101A81EF036FEF0
S2140175D078B923681A789DF804309A4209D0D91EE2
S2140175E0032906D9D11E012903D9012A07D1022B65
S2140175F005D1032301A8ADF804301FF0EBFE02B05D
S214017600BDE810401FF023BBD84F002000231946C9
S214017610034A01330A2B918042F8081BF9D17047BF
S2140176209C4E00207FB50E4605461FF0D5FE2A4625
S214017630044603460D49002001F05CFB96B10C4B55
S21401764036211A889B78ADF80C208DF80E3003236E
S214017650002200934FF6FC7003AB8DF80D501FF01F
S2140176600FFE0446204604B070BD00BF312D040055
S214017670AC850400FF2810B50C4604D1002004494F
S21401768001F038FBFE202146BDE81040FFF7CABFD7
S2140176904A2D0400F8B51E460B8807460C461546CB
S2140176A0002B64D14A88B1F9021000200029B8BF26
S2140176B06B78304901F01EFB6288132A1DD002F553
S2140176C0FF437F339BB2052B23D8A2F50042013A34
S2140176D0052A1ED8DFE802F0193F1D033C09264A99
S2140176E02649002001F006FB13E0254A2349002025
S2140176F001F01AFB2A792349F3E7022E94BF4FF6CD
S214017700FF72B5F801202049EBE700201F4901F080
S214017710F1FA33462A462146384620F0A7FD70B9CD
S21401772033462A462146384620F0A2FD48F2210378
S21401773062889A4203D1384669781FF00AFA63884C
S214017740B3F5004F02D90820FAF7C6F90120F8BDB3
S2140177502A790F49C5E70F4A0849002001F0E4FAE3
S214017760032E94BF4FF6FF726A880B49B9E70020D3
S214017770EDE700BF852D0400AD2D0400B42D0400F7
S214017780C52D0400CB2D0400D92D0400F12D0400D5
S2140177900B2E04002D2E0400322E04002DE9F0419C
S2140177A016888AB0DFF88C80ADF80E300DF10E0326
S2140177B0C8F8002015460093324610AB07460C4623
S2140177C0FAF716FE90BB109B8DF824000693BDF8C1
S2140177D00E3004A8ADF81C30AB898DF81070ADF8EA
S2140177E020306B890594ADF81E60ADF822301FF08D
S2140177F0B8F9D8B921463046BDF80E30109A01F0D6
S214017800C9FF98B921463046BDF80E30109AFFF7E9
S21401781041FF58B9CDE9006039462046BDF80E3023
S214017820109A02F049FB08B9C8F800000AB0BDE892
S214017830F08100BF984E0020F0B585B004AB03E997
S214017840030000231C469DF80D609DF80E70154A36
S214017850D9B202EBC1004568EDB99DF80C30284657
S21401786000939DF80A209DF80B300F4901F05CFA51
S21401787026B1324628460D4901F056FA0C4A002038
S214017880002C18BF2246BDF808300A4905B0BDE8ED
S214017890F04001F02FBA12F831100133B94208BF97
S2140178A02C46D5E754850400442E0400552E0400CA
S2140178B064F60300592E04004FF6FF7310B5084C0A
S2140178C088B062889A4207D102A90DF107001EF01E
S2140178D0B3FCBDF810306380608808B010BD00BFEF
S2140178E0FA6400202DE9F04F85B0894692461C4681
S2140178F00746BDF83850BDF83C80109E002833D0AE
S2140179000346464A0020464901F00EFA2388002B1A
S21401791076D040F20912934274D0424A4249B3F5F6
S214017920827F08BF0A46CDF8048061880020009156
S2140179303E4901F0F9F9238893B1B8F1020F0FD946
S21401794033783B4913F0010F3A4A18BF0A465907E4
S2140179504FF000004CBF3379B378374901F0E4F9B2
S2140179600020364901F0C6F90023354931F83320A5
S214017970AA4249D1334A52F833B0002331F83300D2
S214017980DA00A84246D100202E490A44908041F8E8
S214017990330047B9238833B9B4F90230002B02DB30
S2140179A00820FAF77FF80120FAF796F89EB13578A5
S2140179B0EB0710D515F0040004D0424601213046ED
S2140179C01FF02AF9CDE90170434622465146484642
S2140179D000961EF043FEBBF1000F06D0434622463A
S2140179E051464846CDE90067D847434622465146A8
S2140179F04846CDE900671EF0F7FA05B0BDE8F08FFE
S214017A00114A90E7114A8EE701330A2BAED14FF0A7
S214017A10000BB2E701330A2BB0D1BAE74DED0300F4
S214017A20802E040065F603006E2E04008E2E0400E0
S214017A30712E0400792E0400BF2E0400592F040075
S214017A40A04E00209C4E0020672E04006B2E0400E2
S214017A500D4BF0B54FF00C0C1F88054600230B4E5E
S214017A60DCB2BC4201D30020F0BD0CFB04F430199B
S214017A70345DAC4205D144888C4202D104799442EB
S214017A80F2D00133ECE700BF56780020A074002046
S214017A9073B501262B4D2C4C2A462046FF23002188
S214017AA00096F9F701FB2A462046FF23002100969F
S214017AB0F9F7FAFA2A462046FF2300210096F9F73D
S214017AC0F3FA2A462046FF2300210096F9F7ECFA3E
S214017AD02A462046FF2300210096F9F7E5FA2A46B2
S214017AE02046FF2300210096F9F7DEFA2A462046B3
S214017AF0FF2300210096F9F7D7FA2A462046FF23EE
S214017B0000210096F9F7D0FA2A462046FF230021E5
S214017B100096F9F7C9FA2A462046FF230021009667
S214017B20F9F7C2FA2A462046FF2300210096F9F704
S214017B30BBFAFF232A46002120460096F9F7B4FA3D
S214017B4002B070BD17590300EC4E00202DE9F84332
S214017B5000244FF00C090C4B0C4F1E78DFF83080D8
S214017B603A88E5B2954202D33046BDE8F88309FB70
S214017B700585FF21A8681DF0C9FA18B9AB799E42A0
S214017B8038BF1E460134EBE7896B0020567800208B
S214017B90A0740020014B1878704700BF896B002045
S214017BA0014B1870704700BF896B0020F8B5064678
S214017BB00C461EF0C3FF0546C8B930461EF0F1FC60
S214017BC00B2815D80B4B03EB00131F7B87B95A887C
S214017BD0012122809A88304662809B79237100F0C9
S214017BE037FA39466071304600F032FAA071012545
S214017BF02846F8BD0C4F002070B504460E461546C3
S214017C001EF0CFFC0B2802D94FF6FF7070BD094B52
S214017C1003EB00131A7B002AF6D146B90122294646
S214017C20204600F03DFA0028EED00088EEE7012E4F
S214017C30EAD1F4E70C4F0020FF2313B50DF107013D
S214017C4004468DF807301EF077FF18B19DF807003F
S214017C5002B010BD074B03EB04131B7B0BB1FF20D7
S214017C60F6E7204600F03AF90028F8D0204600F062
S214017C70E9F9EDE70C4F002013B5F6F70BFA0446C9
S214017C80F6F70EFA224603461249002001F032F8B2
S214017C9000F084FFFFF7BAFC00F0A6F802210846C0
S214017CA002F046FDFFF764FC41F249001FF0FAFBC3
S214017CB04FF0FF130093FF2368468DF804301FF042
S214017CC0D7FB4FF400401FF0B5FB00201FF0D2FB9E
S214017CD002B010BD0E2F040038B505461EF04EFF4B
S214017CE090B928461FF0FAFA044628B140F6044334
S214017CF0984214BF88248D2423462A46002003492F
S214017D0000F0F8FF204638BD8D24FBE7262F04003F
S214017D102DE9FF4705460E4617469846BDF83090B2
S214017D20DDF834A0BDF83840CDF80090CDE9014A21
S214017D30E4B2FFF7D7FD43463A4631462846CDE939
S214017D400094CDF808A020F05AFAFF21034B044A0C
S214017D50044804B0BDE8F04700F01ABE06650020EE
S214017D6002650020616D0020044B01461888102230
S214017D7040F0404040F48010F6F79CBFAA82040011
S214017D80024B18685968FFF757BD00BF5AC6040072
S214017D900123064AD15C814202D1054AD05C704774
S214017DA002335F2BF6D10020704700BFAE8504007A
S214017DB0AF85040070B500220446094B1D78094BB7
S214017DC0D0B2854201D8FF2070BD1E78A64204D1EC
S214017DD00029F9D05E7BF607F6D401321033EFE7BF
S214017DE08A6B00200C4F00202DE9F04198B06B46BD
S214017DF0304A1068516803C390680CAA18602E4B6D
S214017E0014469C4603F11806154618685968083347
S214017E1003C5B3422A46F7D112AA1746274B03F1E8
S214017E201806154618685968083303C5B3422A462A
S214017E30F7D1234A03AB106851684FF0010E03C314
S214017E40906871681860DCF83000002206AB03C346
S214017E500C21EC46B068CDE909221860194BDFF811
S214017E606C801970184B0DEB01060B9206AD09A933
S214017E701CF8010B0132187034F8020B0C2A5880DA
S214017E8037F8020B83F80DE0988016F8010B03F122
S214017E90100303F80A0C15F8010B08EBC00043F8B1
S214017EA0080C11F8010B03F8040CE1D118B0BDE879
S214017EB0F08100BF402F04001E89040036890400AB
S214017EC04D2F04008A6B00200C4F002018860400FA
S214017ED0014B1878704700BF8A6B0020034B03EBF9
S214017EE00013587B00F00100704700BF0C4F0020C4
S214017EF0F0B504460846D9B100220E4B11461F784C
S214017F000D4B1D46D6B2B74201D8002010E01E78B0
S214017F10A64206D09E68F688314489B201321033F3
S214017F20F0E75E7BF607F9D505EB02150180A86838
S214017F30F0BD00BF8A6B00200C4F00202DE9F347EF
S214017F40894690461D46074618B9002002B0BDE88E
S214017F50F0870029F9D0002AF7D0002BF5D00024AD
S214017F6000780DF10601ADF80640FFF7C1FF0028C5
S214017F70EBD039460DF10602BDF806601EF006FA92
S214017F8007460028E1D00DF10602BDF806A01EF056
S214017F9024FA0028D9D0C9F80070C8F8000003797F
S214017FA013F0200219D1DB0614D4BDF806300C4AB2
S214017FB0564413FA86F612FA86F20BE01A790C3357
S214017FC0920642BF13F8092C891889B29842F5D84F
S214017FD0044A0A4401202A60B8E72146024BF5E725
S214017FE0AD6C00208B6B00205888040008B500217A
S214017FF0FFF7E0FEFF2817BF044B084603EB00130C
S214018000587B18BF00F0010008BD00BF0C4F0020D0
S2140180102DE9F0410D4616461F461EF0C2FA0B2802
S2140180200AD8074C3B4604EB001032462946BDE809
S214018030F04180681EF082BA0020BDE8F08100BFE2
S2140180400C4F0020014B0001185C70470C4F0020BC
S21401805070B50C461EF0A5FA0B281BD80F4B03EB88
S21401806000139A68C2B10023142618461579D9B2AE
S2140180708D4200D870BD116806FB0311097B34B927
S21401808011F0800F1CBF0130C0B20133EFE711F0D1
S214018090400FF7E70020EDE71046EBE70C4F002016
S2140180A0F8B50D4616461EF07CFA0B280BD80F4B7A
S2140180B04FF0140C03EB00139A6800231C46177943
S2140180C0D9B28F4201D80020F8BD10680CFB03001E
S2140180D0017B46B911F0800F03D0AC42F4D00134D5
S2140180E0E4B20133ECE711F0400FF5E70C4F002046
S2140180F02DE9F04F064600243A4B87B01B783A4FDD
S2140181000093009B9C4207D2FF2E08D030461EF0FB
S21401811048FA0B28044606D907B0BDE8F08F07EBEE
S21401812004131B7B2BBB23014FF00008019307EBC5
S214018130041A14E014221B6802FB05352B89B3F5DB
S214018140967F01D925F004F84FF000094FF00C0B8B
S21401815029891FFA89F291420ED808F10108019B7C
S2140181605FFA88F5FB189B681A79AA42E2D8FF2EB7
S214018170D2D10134E4B2C4E71FFA89F00BFB00F058
S2140181806B6819180A7912F0100F23D19AF800E0DB
S21401819012F0400F8DF80CE0B5F800E0185AADF873
S2140181A00EE00CBF4FF0400E4FF0800EADF81200FF
S2140181B028468DF810E01EF0B5F85307ADF8140008
S2140181C0C8780AD50228896800D90968002203A858
S2140181D01EF084F909F10109BAE702288CBF896803
S2140181E00831F3E78A6B00200C4F0020052370B599
S2140181F0094A06881488B44208D19578047B2C4035
S2140182003F2C03D90D4201D0506870BD013B02F1ED
S2140182100802EFD11846F8E7C888040070B50024B4
S214018220074D084E2B78E0B2834200D870BD06EBAE
S2140182300010437BDB0701D51EF092FA0134F1E70B
S2140182408A6B00200C4F0020F8B50C46002105462D
S214018250FFF7B0FDFF2829D0154A060102EB0013EF
S2140182605B7B03F001016CB143F001031644A142AC
S214018270737305D0C4B100B202EB00101EF070FAA1
S2140182800120F8BD2346F1E77B4311682846CA184A
S214018290127BC95AD2091DF0CFFE0134B268E3B28F
S2140182A011799942F0D8EBE71427F7E70846E8E793
S2140182B00C4F0020F0B59446497D20B339B301290F
S2140182C018BF042100254FF6FF702F462A46144E8C
S2140182D03488644511D196F803E01EEA010F0CD0EC
S2140182E0B4789C4209D30AB1BC4206D81EF0100FDE
S2140182F003D08AB1BC420CD370B90135072D06F103
S2140183000406E5D1F0BD002908BF0821D8E70221FF
S214018310D8E727460020F0E727460122FAE700BF04
S214018320AC8804002DE9F04F0A9FBDF824E09DF8C3
S2140183302C809DF830904C7D78B394B3012C18BFF7
S21401834004240025194800F11C0C068896421ED10B
S21401835090F803B01BEA040F19D08678464516D369
S2140183601BF0100F91F80FA004D0BAF1000F0ED039
S214018370B1F810A0BAF1000F09D1A94513D0AE4546
S21401838011D95E553E88013501363E80ADB20430C6
S2140183906045DAD10120BDE8F08F002C08BF082423
S2140183A0CDE70224CDE70020F5E700BFAC88040046
S2140183B02DE9F04F0024B1F57C4F0E4638BF4FF043
S2140183C0010BA246A1464FF6FF781F4628BF274B52
S2140183D085B028BFB3F800B0009001925C4503D386
S2140183E0404605B0BDE8F08FB6F57C4F0CD3204B68
S2140183F03A4603EB840331465B880098FFF708FE94
S214018400054680B300232AE03A46314600981EF01E
S214018410F8F8F5E70C229CB254436A680199105BA0
S21401842002EB040C884219D3B9F1000F01D0504574
S21401843014D861462846CDE902321DF073FF029B2F
S21401844060B1039A125BB9F1000F03D0524501D314
S214018450804503D9924680464FF0010901332A89A7
S2140184609CB2A242D6D80134A4B2B7E70E86040065
S214018470108604002DE9F04F91461A4600238BB072
S2140184808DF82020BDF850208DF81C00ADF81E1088
S214018490ADF8242005460F461A4604A907A8159CE0
S2140184A09DF858609DF85CA09DF860B09DF86480CA
S2140184B00493ADF822901DF0BDFF049850B92B46E9
S2140184C0CDE90079644A654900F014FC86200BB0BA
S2140184D0BDE8F08FBAF1000F14D18378B34206D00D
S2140184E050465D4A5E4900F005FC8D20EFE70379B2
S2140184F013F0010306D11846574A5A4900F0FAFB11
S2140185008820E4E703795B072CD583685A689B6863
S2140185100592069380781EF021FD049B0546DF78C0
S2140185202146022F03463A4610D805A81EF0D2FC73
S21401853081462B463A46214606A81EF0CBFCB9F1E9
S214018540010F01D001300DD18720C0E705981EF03C
S214018550C1FC0128F8D02B463A46214606981EF063
S214018560B9FCEFE7BBF1000F6FD1049F4FF6FF7226
S2140185702146B8781DF074FE00286BD0BDF8243073
S214018580C5B20093CDE902549DF82030BDF82220F3
S214018590BDF81E109DF81C0001961EF0DEFA00289C
S2140185A095D1BDF82430CDE902540093BDF82220C0
S2140185B09DF82030BDF81E109DF81C0001961EF097
S2140185C0A9F8002883D121469DF8682007A81DF048
S2140185D085FF00287FF47BAFB8F1000F07D03B463C
S2140185E02046BDF81E209DF81C101EF01AF8BDF896
S2140185F02430BDF82220BDF81E109DF81C00009303
S214018600CDE901649DF82030FEF73CFBBDF824302F
S214018610BDF82220BDF81E109DF81C000093CDE980
S21401862002549DF8203001961EF096FABDF82430CB
S214018630BDF822200093BDF81E109DF820309DF84D
S2140186401C001EF03FF8002041E70020064900F01C
S21401865051FBF8E701203AE75A2F0400662F040081
S214018660922F0400A62F0400BA2F04007FB5002520
S2140186708DF80830BDF820308DF80400ADF80610EE
S214018680ADF80A20ADF80C306946BDF82830099AD5
S21401869001A80B9E00951DF0CDFE044630B916B11B
S2140186A0009B9B783370204604B070BD8928FAD1B0
S2140186B02846024900F01EFBF5E700BFD72F04004D
S2140186C02DE9F04F4FF0000AC7B0FFF701FC5FFA43
S2140186D08AF6B04202D847B0BDE8F08F5B4B360150
S2140186E09A5D00205A4900F005FB0020594900F028
S2140186F001FB00230593554B9DF8144033449B68BA
S2140187001A79A24202D80AF1010ADEE714224FF0D2
S21401871000091B6802FB043422891FFA89F39A4276
S21401872002D8059B0133E5E70C231FFA89F803FB02
S21401873008F8D4F804B024F00BFD0BEB08052B79F0
S214018740454913F0400F3BF8083022884FF00000EF
S2140187500093424B18BF0B46414900F0E5FA294603
S21401876020461DF0DFFD074600283CD13D4900F0BC
S214018770DBFA2979DFF814C111F0010F3A4818BF66
S214018780604611F0020FAA78EB7832D1DFF800C10B
S21401879011F0100F354918BF6146CDE900010020E0
S2140187A0334900F0C1FA2B793BF8082013F0400F4B
S2140187B04FF0000B4FF0FD030DF118082188CDE9AD
S2140187C0023BCDE9007821480CBF40238023805D21
S2140187D0FFF74CFF86280ED12649002000F08AFAC2
S2140187E009F1010998E702462349002000F09CFAA6
S2140187F0BFE72249D1E7A8781DF084FDD8B14046ED
S2140188001EF010FA421C92B201234146002000F0ED
S214018810D5F93946208801F001FA4FF6FF739842E0
S21401882007D0174B174903EBC0035A68002000F026
S21401883061FA1549D1E7A8781DF06AFD20B14046D6
S2140188401EF0F5F9821CDEE7EA78DDE70C4F002022
S21401885029300400373004000130040006300400DB
S214018860773004009E2104000E300400113004000D
S2140188708B300400A730040048350400193004008A
S2140188809889040040000400592F04000B300400AE
S214018890213004002DE9F04FC7B0BDF844A10646CB
S2140188A0BAF1040F0D4614461F46BDF840B163D910
S2140188B0CDE9013B00920B4602463049002000F00C
S2140188C019FAFD230DF117090DF118083046029328
S2140188D022463B462946CDE900B8CDF80C90FFF775
S2140188E0C5FE0646B8B9FD22414699F800001DF0BE
S2140188F0B7FC0746C0B1AAF10403834238BF8926F4
S21401890020461EF04CF98EB1304600F01BF9304679
S21401891047B0BDE8F08F009023462A46002018494C
S21401892000F0E8F90027EBE78926E9E7DFF85CA025
S214018930BA1CBAF80030C3F1FF039A4219DA30467E
S21401894000F000F999F8000000F0FCF8BAF8009081
S2140189500C483A4641464844B94404F0F3FEAAF8A6
S214018960009023462A4630460749009700F0C2F990
S214018970CDE7892000F0E6F88926C8E7B330040081
S214018980EE300400616D0020153104000265002000
S21401899010B5044C20600448018004490A60044A6A
S2140189A0136010BDD44F002000650020D04F00207A
S2140189B0CC4F002030B587B00AAC0D4654F8041BE6
S2140189C00093CDE90114134609490246094809886E
S2140189D0006805941DF0E5FF4FF48A52064B1B68AC
S2140189E01880064B1B685D80DA8007B030BD00BF7B
S2140189F000650020D44F0020D04F0020CC4F00202F
S214018A0008B410B587B009AB0C4653F8041B0092A6
S214018A10CDE9011302460B490B480593098800234B
S214018A2000681DF0BEFF4FF48A52084B1B68188081
S214018A30074B1B685C80DA8007B0BDE8104001B0C8
S214018A40704700BF00650020D44F0020D04F0020A3
S214018A50CC4F0020044A034611680448044A09889A
S214018A60126800681DF076BAD04F0020CC4F002067
S214018A70D44F0020044B054A1B6812681988044B22
S214018A8018681DF0DAB900BFD04F0020D44F00207F
S214018A90CC4F002007B5074B1B681B880192064A7E
S214018AA012680092054A12681DF028FA03B05DF8B4
S214018AB004FB00BFD04F0020D44F0020CC4F002035
S214018AC01FB51446064A12681288CDE90143009183
S214018AD0044B05491B6809681DF0ECF904B010BD8C
S214018AE0D04F0020D44F0020CC4F0020014B1868F7
S214018AF0704700BFCC4F0020024B1B68187159719C
S214018B00704700BFCC4F002010B50024084B1C70E6
S214018B10FEF75EFC074BFF2218802146064804F04C
S214018B2081FC064B1C80064B1C605C609C6010BD83
S214018B306B6E002004650020616D00200265002038
S214018B400665002007490B88FE2B9FBF064AD054B6
S214018B50581C80B29DBF088000F1FF3080180020AD
S214018B60704700BF02650020616D0020F8B5094F0F
S214018B700D463B885C18FE2C0ADC074E0A46A4B25A
S214018B800146F01804F0A0FC3C80641BA019F8BD57
S214018B900020FCE702650020616D0020024B034ABD
S214018BA000201A60704700BFD84F002014860400CA
S214018BB0014B1878704700BF0C4F002030B4044DAD
S214018BC0044C002B0CBF2B46234630BC1EF053B87A
S214018BD03DEE0300E831040070B5054608460C4634
S214018BE01EF020F8611C0246024B2846BDE8704084
S214018BF01EF041B85B39040000B5037889B00693CE
S214018C0043783E220593837808490493C3780393F7
S214018C10037902934379019383790093C3790448D6
S214018C20008800F081F809B05DF804FB43310400C8
S214018C3012650020024B02460249188800F05AB815
S214018C4012650020E1F403002DE9F04705460E46C3
S214018C5017460024DFF84480DFF844A0DFF844908C
S214018C60AC4201D1BDE8F087B8F8000006EBC401BC
S214018C70534608221DF0FFFF0134B8F800003FB943
S214018C80044AA54208BF4A46034900F04DF8E7E703
S214018C904A46F9E7592F0400E0F403001265002064
S214018CA0E8310400A3DB03002DE9F0410E4E044633
S214018CB030881DF0F8FFA8B100250C4FDFF8308092
S214018CC0E3070AD518B94146308800F02DF83088F8
S214018CD02A46394600F028F8002001351B2D4FEAB8
S214018CE05404EDD1BDE8F08112650020E41D0400B6
S214018CF08B2E04000EB417B505A9044651F8040BD3
S214018D00019103F091FA01210220054AF8F7ECFCE3
S214018D10044B1C8003B0BDE8104003B0704700BF91
S214018D20592F0400126500200EB417B505A9044694
S214018D3051F8040B019103F077FA034B1C8003B042
S214018D40BDE8104003B070471265002013B50368F4
S214018D500446587900F032FF90B923685A88032AEE
S214018D600ED0E17C5B79CDE900211649164AFFF762
S214018D70C1FF012120461EF036F8012002B010BDC9
S214018D80637D012B0AD0637D33B92368228A598813
S214018D9058791DF012FC48B9C3200AE02368228ADC
S214018DA0598858791DF012FC0028ECD020461DF099
S214018DB07CFF064B1B78002BDFD110F5807FDCD0C3
S214018DC0C1B2D7E77031040068310400626E00203A
S214018DD0002970B50F491D460F4B14460CBF6E2275
S214018DE07922002808BF0B4600200C49FFF79CFF9C
S214018DF00B4E2544AC4205D1BDE870400020094920
S214018E00FFF778BF3146002014F8012BFFF78CFFDF
S214018E10F0E700BFA93104009F310400B23104001D
S214018E20E6310400E91404002DE9F04FC27C8BB052
S214018E300592427D0368002A14BF80224022077DE6
S214018E400446856886895879B846B3F80290069232
S214018E5000F0B4FEA0B9059B052B05D86FF02D03D5
S214018E60059A1341DB070BD5B9F1030F08D0AB49BF
S214018E700020FFF73FFF012120461DF0B4FF76E0FA
S214018E80E37B1BB1228A002A00F0B781607D0022B5
S214018E90B0FA80F05B4203F00403DFF88CB24009BD
S214018EA043EAC000ABF80020FFF74CFEE37B1BB3A0
S214018EB0208A1DF074FE8246A07CFFF743FE059AC9
S214018EC0162A00F29A81DFE812F019009E016C0062
S214018ED05600D2016C009201D9019A01E001E70126
S214018EE0EE01390102029801980198011402580214
S214018EF014027002390102029A46DDE700204B4651
S214018F00874A8849FFF7F6FE0120FFF71BFE08F1A6
S214018F100207B74229D84146324628461DF07CFE54
S214018F208046236842465879BBF800304946C3F16B
S214018F30FF039BB20193238A0093069B1FF099F9C6
S214018F4010B11FFA87F8E2E7236842465879BBF862
S214018F5000304946C3F1FF039BB20193238A009375
S214018F60069BFFF797FC8928EBD11DF036FF012001
S214018F700BB0BDE8F08F4FF0000B0420FFF7E2FDC9
S214018F80F31E0893089B984552D3BBF1000FECD112
S214018F90E37B94F81480002B0CBF02220422624B60
S214018FA01A804FF0000B0420FFF7CCFD5F4608F156
S214018FB0030A564540F29D803246414628461DF03A
S214018FC02BFE05EB08039B78F21EAA44A2EB0802CF
S214018FD007905146184692B209931DF041F9089040
S214018FE0002879D02268099B5079CDE901A3238A0C
S214018FF049460093DDE906321DF061FC82464A4689
S2140190000020079B4949FFF78FFEBAF1000F55D1A3
S2140190100BF10103504646495FFA83FBFFF76AFEF0
S214019020089B08F1030813FA88F81FFA88F8BEE7C8
S2140190303246414628461DF0EFFD05EB08039F78B2
S214019040089B08F10301A3EB08022944824692B269
S214019050384609911DF004F9079068B32368099909
S214019060587902970191238A524600934946069BF6
S2140190701DF075FC0746B8B10BF1010338465FFADF
S21401908083FBFFF75FFD50461DF089FD53464A46B8
S21401909000202649FFF72EFE3A4600202549FFF715
S2140190A029FE802F3FF471AF079B08F1030813FADE
S2140190B088F81FFA88F865E78027DDE75046FFF74E
S2140190C041FD07981DF06BFD0137524600201949F6
S2140190D0FFB2FFF70FFEA3E78720FFF733FD0798E0
S2140190E01DF05DFD0137872212490898FFB2FFF790
S2140190F001FE059B052B3FF43AAF002F7FF435AFF9
S214019100BBF1000F05D10C495846FFF7F3FD80214E
S214019110B2E63846FFF716FD27E700BFF4E4030082
S214019120F33104004032040002650020FD310400E2
S2140191304031040019320400233204000599A84A7C
S214019140A84B0020152918BF1346CDF80090A64A53
S214019150A649FFF7CFFD059B0C2B14BF16200D204B
S214019160FFF7F0FC3246284639461DF055FD059BB3
S2140191703D440C2B0646AD7835D1192D28BF19254F
S214019180E37BB3B14FF6FF73278A9F4211D1206864
S21401919032464946069B4079FFF70AF9B84208D09D
S2140191A0BAF1000F05D020828AF80000000A8AF87A
S2140191B001000020BBF80070FFF7C4FC23683246AC
S2140191C05879059B4946A3F1150CDCF1000343EBE6
S2140191D00C03CDE90153238A0093069B1DF0E3FAA5
S2140191E0834BD855C1E6132D28BF1325C8E7204663
S2140191F0FDF7D0FB00287FF4BAAE81213CE620467D
S214019200FDF77CF8F6E7B9F10A0F05EB0708A6EBC0
S214019210070A21D1DFF8DCB19BF80030E3B1E37B2C
S214019220D3B9BAF1080F17D13246394628461DF090
S214019230F3FC88B998F8023073B998F80320E22A4B
S2140192400AD13246391D284605931DF0E2FC1DF071
S214019250AFFD059B8BF80030414648461FFA8AF25F
S2140192601FF009F800287FF482AE002104E6F21B05
S214019270484692B2E9191DF08CFCF3E7F21B48460A
S21401928092B2E9191DF049FCECE7F21B484692B28E
S214019290E9191DF06EFCE5E7F21B484692B2E919A2
S2140192A01EF0EBFFDEE72368EE5D5879238A01376F
S2140192B0ED5D0193069B3246494600932B461DF011
S2140192C0B1F92A46314648461DF029FC4FE6059875
S2140192D07A1CE95DB31AA0F1160670427041003996
S2140192E0009018BF012148469BB22A441DF019FC84
S2140192F0B8E7059BEE5D112B3D446F7838D11220FF
S214019300FFF720FC0025E37BB3B14FF6FF73B4F8FB
S2140193101080984510D133464A4621462846FEF726
S214019320C9FF404508D0BAF1000F05D020828AF85F
S2140193300000000A8AF80100BBF80080DFF8B0A040
S214019340C8F1FE0292B208F10103009253444A4664
S21401935021462846CDE90267CDF804B0FEF7E2FFC4
S214019360BBF800300AF808000133ABF80030FCE522
S2140193701420FFF7E7FB0125C5E77B1C9E422CD393
S214019380EF5D1D44003F18BF0127F31A9EB2334616
S2140193902A4639460020FFF71BFD00962B463A4623
S2140193A04846218A1DF0C1FB5CE77B1C9E4214D314
S2140193B0EF5DF61A003F18BF01271D44B6B23346CB
S2140193C02A4639460120FFF703FD00962B463A460A
S2140193D04846218A1DF0A7FB44E70020C8E500BFE8
S2140193E0592F0400EE310400343204003E320400EA
S2140193F0616D0020606E002038B54FF6FB7504469F
S214019400A9424FF001019DF8100098BF43F40043B4
S214019410217023816260A07202230020084A094954
S214019420FFF768FCE07A084B40F6CA0203EB4010EF
S214019430FF211BF04CFEBDE838400420F8F732BB94
S2140194404E320400593204001C50002030B5054647
S21401945085B028B91D4905B0BDE83040FFF74ABCC4
S2140194600024007B1DF0EEFB2046194A19492C709A
S214019470FFF740FC184BE87AFF2103EB40101BF086
S21401948037FE2046154B02019A5C22B901300428AA
S214019490F9D1F8F721FB696899B1B5F908302A893D
S2140194A09B1303F002038DF80430C2F30E03ADF8EC
S2140194B006304FF6FF73ADF80830002301A803937A
S2140194C0884705B0BDE830401DF0C1BB84320400BA
S2140194D04E320400B63204001C500020DC4F00203F
S2140194E00948037873B91946084AD3720133042B25
S2140194F01173117051601181917202F11002F4D151
S21401950001230370704700BF616E0020DC4F00200E
S21401951008B5FFF7E5FF002305491A018A5C01EB50
S21401952003101AB10133042BF7D1002008BD00BF88
S214019530DC4F002070B50D460646FFF7D1FF00232D
S214019540094800EB0514A17AB14205D1217819B179
S2140195502B4400EB031070BD0133042B04F11004FF
S214019560F1D10020F7E700BFDC4F002010B504461C
S214019570FFF7B6FF0E4B9C4212D003F12002944235
S21401958010D003F1400294420ED060339C420DD1BC
S2140195900323084800EB0310BDE81040FFF756BF51
S2140195A00023F6E70123F4E70223F2E70020F3E7BE
S2140195B01C500020DC4F002070B50024064D074EDD
S2140195C02846324600210134F7F7A4FD042C05F1A4
S2140195D02005F5D170BD00BF1C5000206D9501001F
S2140195E02DE9F34105460C4617469846FFF790FFCE
S2140195F0064640B91C4A1D49FFF77CFB022420465B
S21401960002B0BDE8F0814FF6FB739D420AD94FF6D2
S214019610FD739D4204D00020134A1549FFF76AFBEB
S2140196204FF6FD75434621463A4628461DF0A8FBEF
S214019630044600F02FFE804634B1234600200A4A35
S2140196400C49FFF757FBDAE73B462046064A0A492C
S214019650FFF750FB062329463046089ACDF80080CE
S214019660FFF7CAFECBE700BF4E320400C332040048
S214019670ED320400223304004B330400F7B50646EE
S2140196800C461746FFF744FF054638B9104A1149FC
S214019690FFF730FB0224204603B0F0BD21464FF40D
S2140196A08A5230461DF034FD044600F0F3FD34B115
S2140196B023460020064A0849FFF71CFBEBE700900B
S2140196C004233A4631462846FFF796FEE3E700BFF5
S2140196D04E320400C332040073330400F7B5064665
S2140196E00F46FFF715FF054638B9104A1049FFF730
S2140196F001FB0224204603B0F0BD002240231146A0
S21401970030461DF0C9FE04461DF0C4FE34B12346A2
S2140197100020064A0749FFF7EDFAEBE70090012320
S2140197203A4631462846FFF767FEE3E74E32040025
S214019730C3320400A633040073B504460E46FFF791
S214019740E7FE054638B9104A1049FFF7D3FA022456
S214019750204602B070BD0022204611461DF09EFE36
S21401976004461DF097FE34B123460020064A0849F8
S214019770FFF7C0FAECE70090234632464FF6FC713D
S2140197802846FFF739FEE3E74E320400C3320400F1
S214019790D43304002DE9F0418846107800219EB0AC
S2140197A014461D46FFF7C6FE0646002800F0FD805B
S2140197B00778002F7BD0B8F80010002940F0F5801C
S2140197C00389B8F8022043F40040824240F0ED805D
S2140197D0617800296BD1A2F50042062A00F2E580E5
S2140197E0DFE812F0A100A100E300E3000700B800E3
S2140197F06900E3880D3DADF82430238915F0010595
S214019800ADF8263063798DF82830E37A03F1060245
S21401981014F812208DF814308DF81C2042D10BA9B3
S2140198208E46069104F10C005FFA85FC9C4500F11A
S214019830020009D210F8018C10F802CC01350CEBAD
S214019840082C2EF802CBEFE701EB43011A440891EE
S214019850D2B2590001F10D009A42C0B20BD02518C0
S2140198606D78205C7831694400EB0520013321F8DE
S2140198704C0CDBB2EDE7B6F908203389002AACBF01
S21401988001220322C3F30E038DF808206288ADF887
S2140198900A3005ABADF80C20049302A930461DF042
S2140198A05AFA04E0424A43490020FFF723FA3846B1
S2140198B01EB0BDE8F081042D02D83D4A3E49F3E7CB
S2140198C02379053DADB29D42B4F8028002D0384AF4
S2140198D03A49E9E73A4A3B4B0020002D08BF1346B8
S2140198E03949334ACDF80080FFF704FA05348DF87C
S2140198F01450B6F90830069485B1002BACBF01238D
S21401990003238DF82C303389ADF83080C3F30E0372
S214019910ADF82E3005AB0D930BA9BFE7002BACBFFE
S21401992006230523EDE70B2DC7D9D4F80200D4F89A
S214019930061013F4004F05AA03C20CBF042203222B
S2140199408DF82C206289C3F30E03ADF83020ADF8F4
S2140199502E30DFE7042DB0D96388ADF83030237997
S2140199600533DBB29D4206D00020114A1749009507
S214019970FFF7C0F99BE70E4A00201549FFF7BAF931
S214019980B6F908203389002AACBF01220322C3F3AB
S2140199900E03ADF82E3005AB0D93631D06932379A8
S2140199A08DF82C208DF81430B6E700277FE700BF2E
S2140199B04E32040001340400293404003D3404000E
S2140199C0B9EC0300592F0400643404008134040008
S2140199D0C2340400304BF0B5B0FBF3F24FF46165CE
S2140199E003FB1200B0FBF5F3DCB205FB13033C25C9
S2140199F0B3FBF5F3DBB2A0EB04104B71C3EB03131F
S214019A00A0EB83004FF4FA630B8040F201134B8006
S214019A1001230C711F4600246425204E8871944250
S214019A2000D1F0BD91F802C013B1BCF1020F2BD0EA
S214019A3006EB0C0010F801ECC87870450BBF01204E
S214019A4001300CF1010CC0B208BF81F802C0C87029
S214019A5088780D2816D10B888F7001339BB2980732
S214019A600B8014D1B3FBF5F005FB103080B280B942
S214019A704FF4C870B3FBF0FC00FB1C339BB2B3FA87
S214019A8083F35B090134CAE74FF01D0ED4E70023C8
S214019A90F8E70123F6E700BF805101005A89040068
S214019AA010B5044688B006A9FFF794FF9DF81E304E
S214019AB00A4803939DF81D30049402939DF81C30C8
S214019AC09DF81A200193BDF81830054900930088C7
S214019AD09DF81B30FFF70EF908B010BD1265002087
S214019AE0DB340400026808B51188154B19805188CB
S214019AF0598051791971117959714FF48A51D98068
S214019B00D28812F0200F0CBF0A464FF48B5281699F
S214019B10DA800C4A137831B9C0880B4923F0020366
S214019B200880137008BD43F002031370074B15221B
S214019B301846013103F0C8FC002200F8012CF1E7B9
S214019B40066500206B6E0020046500201565002068
S214019B5010B5184C236858791CF023FD0B2822D821
S214019B60154B03EB0010027B237F9A421BD123681F
S214019B70428819888A4205D04FF6FF70814212D179
S214019B80120410D42279023A012A06D9A37B63B9BA
S214019B90BDE810400748FFF747B9198958791BF007
S214019BA036FE0028F2D1002010BD0248BDE8104064
S214019BB0FFF7CCB8A05000200C4F002008B51CF0D1
S214019BC0F0FC0B2896BF024B0020185C08BD00BFB6
S214019BD0706E002008B500201DF034F8FF201CF040
S214019BE013FD1DF034F81CF0DBFEFEF771F90121C0
S214019BF00246064803F016FC054BFF21054A0648B7
S214019C00FEF7C6FEBDE80840FEF708BB706E0020F2
S214019C100665002002650020616D0020F0B5002277
S214019C2004464FF6FF750B4F90B237F83060034687
S214019C30AE4201D12846F0BDA64209D1B4F57C4F0B
S214019C40F9D307EBC3035B888B42F4D00029F2D02B
S214019C500132E9E79889040010B50446FFF7DEFFF4
S214019C60094A034610884FF6FF72934214BF074A0B
S214019C702246BDE8104017BF02EBC30304495A68E9
S214019C800449FFF751B800BF126500209889040007
S214019C90FE34040040000400034B18780130C0B2C3
S214019CA0187000F07F007047CA780020044A1378C5
S214019CB018B143F001031370704703F0FE03FAE78F
S214019CC06B6E0020014B1870704700BF6E6E00204F
S214019CD038B1074B1B78012B04D1038843F04003AE
S214019CE003807047022BFCD1038823F04003F7E77B
S214019CF06E6E002068B1074A1378012B07D1064B18
S214019D001B781370037843F01003037001E0022BF5
S214019D10F8D070476D6E00206C6E00207FB5012173
S214019D20264B274E197033780246D90744D4254965
S214019D30096881B10868C1888D0641BF224CE18857
S214019D4041F02001E180C1884C0641BF1E48C18810
S214019D5041F04001C1801D4D1D4928780978400712
S214019D604CBFE97069701B4913F00204098809D0D9
S214019D70164A19481CF0E9FE337823F002033370C3
S214019D8004B070BD154B18884FF6FB73984208D87F
S214019D900B46CDE9005201460B4A20461CF0AEF8B0
S214019DA0EEE74FF6FF73CDE9014200930A46074BF3
S214019DB005491CF07FF8E3E70020E1E7626E00202A
S214019DC06B6E00209C50002006650020616D00200F
S214019DD0CB78002002650020146500200465002071
S214019DE070B503790446012B0D46164631D88368B3
S214019DF01B78DB0600D561B3A37B13B9E37C0B2B81
S214019E0027D00022144B1A80637DB3FA83F35B09D3
S214019E10D800E37BABB9FEF795FEA07CFEF792FE79
S214019E200B20FEF78FFEE07CFEF78CFE2846FEF741
S214019E3089FE2046FFF756FE3046BDE87040FFF724
S214019E406DBF40F00400FEF77DFE208A1CF0A7FEE1
S214019E50E3E7002070BD00BF02650020024B0A4602
S214019E6001461868FFF7BCBF9C500020F0B40546B9
S214019E7018460F4B0C461B78BDF81010012B0D4EE3
S214019E8001D0377827B1002333700020F0BC70472B
S214019E900CB9002AF9D143B14FF65743994204D081
S214019EA02B462246F0BC1CF036BE0120EEE700BF72
S214019EB0CC7800206F6E00202DE9F04F684C4FF0F3
S214019EC0000A25468446964698460F46654B664EDA
S214019ED083F800A00FCE0FC596E80F0085B085E881
S214019EE00F00DDF83C90BDF83830724600933946D5
S214019EF043466046CDE9019400F0DCF8DFF8908136
S214019F00064670B90025FEF7FFFD162200215748C8
S214019F1003F088FA00232846C8F8003005B0BDE8EB
S214019F20F08F534BA27CC8F800401A70514B1B7837
S214019F30002B36D01CF03EFF4F4902465046FEF736
S214019F40F3FE22685046537952884C490092A28902
S214019F50FEF7EAFE50461CF0A6FE20B12368218AD1
S214019F605888FFF779FEE37B23B10020228A444913
S214019F70FEF7DAFEA36800201A78E37C41490093D5
S214019F80A37CFEF7D1FE207DA289A168121A0144A6
S214019F900123002092B2FEF711FE00203A49FEF797
S214019FA0A9FE2F48FFF79EFD2D481EF05DF90546D8
S214019FB030BBB9F1000F25D12168E0880B880190EC
S214019FC04988BA1E032A00918CBF00220122012172
S214019FD0E07CFFF74BFF38B923685B79FF2B3AD05B
S214019FE0FFF7B6FD05468EE72368DB889A06F3D4AD
S214019FF00121264C1A4821701CF0F5FE84F80090C9
S21401A000354680E7B9F814309B07E5D47AE7584619
S21401A010FEF718F882465846FDF760FF88B12368B8
S21401A0205046228A59881CF0BFFA50B13846FFF7CD
S21401A03059FD236889F804A083F805A0FFF788FD79
S21401A04000B9284605460136FDF742FF5FFA86FB52
S21401A0505845DCD857E70026014FDFF83890F3E77C
S21401A060A0500020626E002078890400146500204C
S21401A070CB780020C978002017350400203504006D
S21401A080413504004D35040003E603006F6E0020E1
S21401A0909C500020066500200023054AD15C8142C1
S21401A0A002D31A44507870470233DBB2F6E700BF9A
S21401A0B06689040073B515462E781A4616F0040F05
S21401A0C00CBF032605269E42089C08D9224A23492E
S21401A0D000960020FEF70EFE002002B070BDBDF80F
S21401A0E0183021712060E380A560A2812B7803F0EF
S21401A0F00103A3732B7803F00403002B14BF012183
S21401A1000021E1732978C1F3C00161754FF00101A7
S21401A110217518D028461CF07FFD237D208202334E
S21401A1202375227D531CDBB22375A95C0232D2B2A1
S21401A130A1742275EB5CE374A3899A4205D9009257
S21401A1400749054AC5E72382EBE7079B0120A36180
S21401A15000232377C1E700BF4DED030090350400CF
S21401A160AC3504002DE9F7430024204FDFF89C802E
S21401A170DFF89C90E0B21DF0CBF8FF2805460FD122
S21401A1802346012102201A4AF7F7AEFA194B013489
S21401A19018781AF09EFB152CECD103B0BDE8F083BD
S21401A1A046B238EA260328BF4B4601210093022017
S21401A1B057F82430104AF7F797FA002EE6DA092303
S21401A1C0E340DB070AD50D4A0D4B15F0010F18BF0A
S21401A1D01A4601210220F7F787FAD7E70A2CD5D1CC
S21401A1E0084A094B15F0010FF1E700BFB0890400DA
S21401A1F005360400CD7800202D360400DE35040037
S21401A200C8350400FA350400F0350400B9EC030043
S21401A210592F040008B554220021024803F002F920
S21401A220002008BD0266002008B55422FF2102481E
S21401A23003F0F8F8002008BDAE650020024B23F8B5
S21401A24010100020704700BFAE650020002310B438
S21401A250074ADCB2A14203D85DF8044BFFF7DABF28
S21401A2602A2BF9D032F8024B20F813400133F0E7DD
S21401A27002660020002310B5054A994201DD2A2B0B
S21401A28000D110BD32F8024B20F813400133F4E739
S21401A29002660020024B187800F07F00704700BF6E
S21401A2A07C6E0020034B18780130C0B2187000F0A5
S21401A2B07F0070477C6E002030B51C4600238BB0B3
S21401A2C0ADF82220021D92B2012A0E9DADF8203073
S21401A2D0ADF81E10ADF81C3003D94FF6FF72904250
S21401A2E00FD10022CDE90352CDE90124094B0146E5
S21401A2F01B784FF6FF70009307AB1DF029F80BB0E3
S21401A30030BD0146CDE901531846009407AA1DF059
S21401A3103BF8F4E7CE78002038B505464FF4805078
S21401A3200C4603F085FA4FF480532860236030B959
S21401A33040F2A511BDE83840014822F0FCBE38BD08
S21401A3401C37040000487047C0670020014B18788E
S21401A350704700BFE7780020014B1888704700BFA0
S21401A3605E780020014B1878704700BFE078002027
S21401A370014B1878704700BF806E0020014B18789B
S21401A380704700BFDB780020014B1870704700BF94
S21401A390836E0020014B1870704700BF826E00204C
S21401A3A0014B1888704700BF5C7800202DE9F74FF5
S21401A3B04FF00008394B3A4F93F80090394B3A4E1C
S21401A3C03A4D3B4C3B483C49DFF8F4C0DFF8FCE033
S21401A3D0DFF810A1DFF810B10193019B203720337D
S21401A3E001935FFA88F3994506F1200605F12005E9
S21401A3F004F1200400F1200001F120010FD8002211
S21401A40011462E4B2E4D1C782E4E2F4B2F4FD0B271
S21401A410844203F1200338D803B0BDE8F08F2C4BFB
S21401A4202C4A47F81C3C002346E907232A4A47E9F9
S21401A430063E45E90723294A46E905E344E9072399
S21401A440274A45E905E340E90723019A44E905E37C
S21401A45040E905E341E908CA41E9063E47F820CC50
S21401A46047F8103C46F820CC45F820CC44F820CCE0
S21401A47040F820CC41F8103C08F1010842E908CB2D
S21401A48042E9063E42F8103CA7E743E9085643E98D
S21401A490061743F8101C0132B9E700BFEB7800201D
S21401A4A07854002078530020585400203854002057
S21401A4B0D8530020B853002098530020E578002098
S21401A4C0F4620020C1CF0200F8530020592F040087
S21401A4D08B99030063980300FD9702009DB102006B
S21401A4E0CB7203007115030001870200002208B534
S21401A4F0074B1A605A601CF0DAFE064B18701CF007
S21401A500D6FE054B1870054B1A78054B1A7008BD18
S21401A51096620020BE6E0020BD6E0020D978002015
S21401A520BC6E0020002100B593B008466A460AF0CA
S21401A530E7F90146C8B90E4B0E4A09930E4B0D9228
S21401A5400A930E4A0E4B0E920B930E4A0E4BCDE912
S21401A5500F230C930D4B6A4611930AF087FC0038C3
S21401A56018BF012013B05DF804FB0120FAE700BF15
S21401A570F593030099930200F995030059680200C8
S21401A580F9720300C5A2020059960300C98F0200A2
S21401A590084B1878112806D8012809D9064BC3405C
S21401A5A003F001007047A0F1430358425841704739
S21401A5B000207047C06E00203400020008B5064B2C
S21401A5C01B78013B022B05D80020FFF7E1FF01387D
S21401A5D0C0B208BDFF20FCE7C16E0020044B00F1AD
S21401A5E0100250F8041B904243F8041BF9D170473F
S21401A5F0C26E0020044B03F1100253F8041B934271
S21401A60040F8041BF9D17047C26E002030B5002413
S21401A61091B0114B0546214614220BA8CDE90943FA
S21401A62002F000FF102209ABCDE900440693CDE904
S21401A6300452CDE90252094B09490AA819F048FD0E
S21401A64004460AA81DF0ADFB1CB1A021054822F066
S21401A65072FD11B030BD00BF0024800000444004EC
S21401A660C26E0020C337040070B5002490B0154BAD
S21401A67005460E46142221460BA8CDE9094302F0F1
S21401A680D1FE102209ABCDE9004406933146CDE94F
S21401A6900452CDE902520C4B0AA819F019FD0446E2
S21401A6A00AA81DF07EFB1CB1BA21084822F043FD22
S21401A6B0099B102B03D0BB21044822F03CFD10B0AF
S21401A6C070BD00BF0024800000444004C33704006E
S21401A6D030B50D4600218FB0124B0446142209A84E
S21401A6E0CDE9071302F09EFE102207ABCDE9024228
S21401A6F0CDE90042049329460B4B08A819F0EAFC61
S21401A700044608A81DF04DFB1CB1D121074822F0D4
S21401A71012FD079B102B03D0D221044822F00BFD1B
S21401A7200FB030BD0024800000444004C33704004D
S21401A7300022034B1870034B1970034B1A707047B5
S21401A740D36E0020D46E0020D26E00202DE9F04F8B
S21401A750DFF89080064698F800300D4685B0002B4D
S21401A7603AD04FF6FB73984236D84FF0000B1C4F89
S21401A770DFF874A03C7898F800305FFA8BF94B4507
S21401A7809AF8000011D9484402AA0DF10601C0B298
S21401A79014F00CFB082229460DEB020003F08EF99B
S21401A7A00BF1010B0028E6D14C463B78A34208D1B9
S21401A7B098F80020631CDBB29A423B7004BF00236A
S21401A7C03B70324629469AF800301C44E0B205B088
S21401A7D0BDE8F04F14F0D8BB05B0BDE8F08F00BF60
S21401A7E0D26E0020D46E0020D36E00202DE9F74FE4
S21401A7F006460D4614461F464FF0010BDFF87890CB
S21401A80003F10C0A15B903B0BDE8F08F102DA84668
S21401A81028BF4FF010083A46164B5FFA88F152F8F7
S21401A820040B524543F8040BF9D101919AF8002024
S21401A83011481A70002389F80F4089F800B089F88A
S21401A8400E30FFF7E3FE324601340B480199E4B2BD
S21401A85012F801CB10F8013B83EA0C0302F8013C25
S21401A860931BDBB28B42F3D3A5EB080816461FFAFF
S21401A87088F5C7E7D66E0020D56E00202DE9F04F8B
S21401A8809046914685B00090981A029383B2019340
S21401A890009B0F46354903F10C0453F8045BA342B1
S21401A8A041F8045BF9D11B78314E0B7049233370A4
S21401A8B0019BF0731B0A3046B373FFF7A7FE022114
S21401A8C0BB460D46737888EA030373704FF0000A9F
S21401A8D01DE0C5F11004A9EB0A039BB2A4B29C4289
S21401A8E028BF1C4600231FFA83FCE8186445C0B243
S21401A8F01FD82544EDB2A344102D54441FFA84FA00
S21401A90005D1002530460391FFF780FE0399D14516
S21401A910DFD807EB080B25B115480391FFF776FE44
S21401A920039901294FF000050DD00121DDF80490AF
S21401A930CCE71BF803C016F800E001338CEA0E0CD6
S21401A94006F800C0CFE7029B09491F44094B384669
S21401A9501C78224602F0F6FE2A4621463846009B1F
S21401A96005B0BDE8F04FFFF741BF00BFD66E00202F
S21401A970D56E0020EC78002030B540780C460128D2
S21401A9804FF0110387B001F1100516D1144A01A941
S21401A9900AF0F4FF234601AC2246186859680833CA
S21401A9A003C2AB421446F7D111230D4A002001A978
S21401A9B00AF0E4FF002007B030BD0120094A01A9D2
S21401A9C00AF0DCFF234601AC2246186859680833B2
S21401A9D003C2AB421446F7D11123024AE6E700BF91
S21401A9E075E4010079EB010030B50C46407887B07C
S21401A9F001284FF011030DBF0B4A0C4A012001A993
S21401AA0018BF01A90AF0BAFF234601AA05AD1446EC
S21401AA1003CCAC4218605960224603F10803F6D114
S21401AA20002007B030BD00BF75E4010079EB0100DE
S21401AA3010B50C4688B01A230C4A01A901200AF069
S21401AA409DFF21460DF10E0304F1100251F8040B8F
S21401AA50914243F8040BF9D11A230020034A01A9B5
S21401AA600AF08CFF002008B010BD00BF24E10100F1
S21401AA70F0B58BB004460D461EF081FCA8B101A8C6
S21401AA8012F044F988B1667B271D16F0020F05D037
S21401AA900822384601A903F011F8D0B901AB46F0F7
S21401AAA0020603CB6060796066731A230A4A03A91B
S21401AAB001200AF063FF29460DF116030DF1260267
S21401AAC053F8040B934241F8040BF9D100200BB064
S21401AAD0F0BD2D20FBE700BF24E10100F0B50546DF
S21401AAE0071D00220C463846082193B01EF0D5FB00
S21401AAF06A7B0646D0070BD5687808A91DF082F850
S21401AB00DDF83D306B60DDF841307B6080B10BE0F5
S21401AB10910709D5D2000121384602F080021DF0C6
S21401AB207CF8FF28687002D12D2013B0F0BDD6B195
S21401AB30687801A91DF003F89DF81C305B0604D562
S21401AB404FF4C6710A4822F0F6FA234603AD07AC65
S21401AB502A4603CAA24218605960154603F1080343
S21401AB60F6D10020E1E708A91DF04CF8CEE700BFBA
S21401AB705D3804002DE9F04106468AB01F480F46AD
S21401AB8015460024FFF736FD002C01A914BF4FF02F
S21401AB905C0C4FF0360C10238846184A12F8010B4D
S21401ABA0013B8CEA000013F0FF0301F8010BF5D11D
S21401ABB005A81FF0ADF94246102105A81FF0ACF913
S21401ABC0C4B93946324605A81FF00EFA2A460DF1D9
S21401ABD0140C0DF1240E634603CB734510605160CF
S21401ABE09C4602F10802F6D114B10AB0BDE8F08124
S21401ABF00124C9E72A461021E5E700BF056F0020BA
S21401AC002DE9F04791460D46C0B09DF82041DDF88C
S21401AC1028811E46DFF87CA09DF82431074622468F
S21401AC20494640468AF8003002F08CFD9DB1234625
S21401AC30324641463846FFF721FEB44207D9A11BEA
S21401AC403B46012289B208EB0600FFF7CFFD002044
S21401AC5040B0BDE8F087A11B3B46012289B208EB54
S21401AC600600FFF7C3FD22464146684602F06AFD2C
S21401AC703246694638462346FFF700FE9AF800201A
S21401AC800DEB040109EB040002F018FF0028DED0EA
S21401AC902C20DDE7EC78002038B50346104601F19C
S21401ACA0100451F8045BA14242F8045BF9D104494F
S21401ACB01BB1FFF7D9FC002038BDFFF709FDFAE705
S21401ACC0056F002030B5054689B069461CF0BBFD0E
S21401ACD06B8804ACABB12246294668461CF053FD8E
S21401ACE00E4A08AD234603CBAB42106051601C46AA
S21401ACF002F10802F6D10948FFF770FC002009B0FE
S21401AD0030BD6B46054D1A4603CAA24228606960EB
S21401AD10134605F10805F6D1EDE700BF056F0020E3
S21401AD2050B10B4B0B4A03F1100153F8040B8B4245
S21401AD3042F8040BF9D17047064B054A03F110019E
S21401AD4053F8040B8B4242F8040BF9D1704700BF4D
S21401AD50056F0020E56E002008B51022024802F0BB
S21401AD60B3FB002008BD00BFF56E002008B50846FD
S21401AD701022024902F0A8FB002008BDF56E002053
S21401AD8010B5044686B001A9114A112301200AF024
S21401AD90F5FD9DF8143001A8E3701FF080FC80F0EB
S21401ADA001000C4A01A96070112301200AF0E6FD9A
S21401ADB09DF8143001A8A3701FF071FC80F001000B
S21401ADC0207010F03DFB6060002006B010BD00BF93
S21401ADD075E4010079EB010010B5044686B0112335
S21401ADE0134A012001A90AF0C9FDA3789DF8142091
S21401ADF09A4207D08DF81430002011230C4A01A97D
S21401AE000AF0BCFD11230B4A012001A90AF0B6FD88
S21401AE10E3789DF814209A4207D08DF8143000206C
S21401AE201123044A01A90AF0A9FD06B010BD00BF0E
S21401AE3079EB010075E401002DE9F04186B0064684
S21401AE4003A80C4612F000FF054600284AD1BDF8BB
S21401AE500C30980646D510222946204602F0E2FA22
S21401AE6001A811F053FFC0B1777B06F1040817F073
S21401AE70020F06D00822404601A902F01FFE002854
S21401AE802ED101AB47F0020703CB7060C8F804105F
S21401AE907773238843F008032380238843F0020353
S21401AEA0238011F00DFB60601EF069FA30B10E4B85
S21401AEB01B68A360238843F0040323800B4B1A68A6
S21401AEC0D1035EBF238843F010032380130203D50A
S21401AED0238843F400632380284606B0BDE8F0814A
S21401AEE02D25F9E72425F7E7A8540020AC540020C7
S21401AEF010B5D0E9023253F8223090B01C684022D7
S21401AF00694620461CF0F1FE034630B12246002079
S21401AF100549FDF7EFFE10B010BD01226946082075
S21401AF20FDF792FEF7E700BF0F39040070B500F099
S21401AF30B1F800280CBF6E22792200201349FDF7D4
S21401AF40D9FE00F0A7F8F0B11CF0E3FE00280CBF14
S21401AF506E22792200200E49FDF7CCFE0822002041
S21401AF600C49FDF7C7FE00250B4C0C4E234654F842
S21401AF70042C314600200335FDF7BCFE182D04F1E4
S21401AF800C04F3D170BD3F22E4E700BF473904004B
S21401AF905E3904006E390400D05500208D39040056
S21401AFA070B51CF09BFE044621490020FDF7A2FE69
S21401AFB02CB92046BDE870401E49FDF79BBE00F047
S21401AFC0BBF805461C4B62690020002A08BF1A46DA
S21401AFD01A492668FDF78EFEA28800201849FDF75B
S21401AFE089FE1849E2880020FDF784FEA38822899D
S21401AFF013F010001ABF002013491449FDF77AFE1A
S21401B000E26800201249FDF775FE22690020114909
S21401B010FDF770FE104A114B0020B6F5817F38BF50
S21401B02013460F492A46BDE87040FDF763BE00BFD0
S21401B030C2390400CF390400DD080400F0390400E9
S21401B0400E3A04002F3A04004C3A0400693A040010
S21401B050873A0400A53A0400BA390400B03904005E
S21401B060C33A040038B5014600230C25084A05FBFF
S21401B07003F4A0181459013404D10C2202F024FA66
S21401B080002038BD0133082BF1D10120F9E700BFBC
S21401B090CC550020034B1878012894BF00200120CE
S21401B0A0704700BF176F002038B50446044D287856
S21401B0B0A04203D021461CF0F1FD2C7038BD00BF24
S21401B0C0176F002000B58FB03422002101A802F0CE
S21401B0D0A9F901A8EEF7EAF90598D0B182680E4BF6
S21401B0E0B2F5803F34BF92B2C2F38F2241881A81F3
S21401B0F0028828BF41F010011A6042689980DA8000
S21401B100C268DA6002691A6142695A61027E1846AB
S21401B1101A760FB05DF804FB50550020054B1B78DE
S21401B12020B1012B04D80220FFF7BEBF012BFBD8AC
S21401B130704700BF176F002010B5084C237853B92D
S21401B1401CF0CCFD0123237028B10368B3F5817F81
S21401B15024BF037E2370207810BD00BF166F002029
S21401B16070B5184B1B78012B2BD81CF09AFD164D89
S21401B170024616490020FDF7BDFD0120FFF7CEFF70
S21401B1802E78FF2E1DD1FFF79DFFC8B1848860225F
S21401B1903146C4F340040E482C7002F043F9602295
S21401B1A031460C4802F03EF95CB1FFF7C5FF0428B2
S21401B1B007D9BDE8704040F22B11074821F0BBBF0C
S21401B1C0287070BD176F0020ED780020E63A040065
S21401B1D0CC5500206C550020F83A04002DE9F04FBC
S21401B1E0DFF884928DB003AB07468846144699E88B
S21401B1F0070083E80700FFF7B3FFFFF79DFF944BB7
S21401B20006461D784B46012D40F07081012840F21C
S21401B2107281B7FBF0F200FB1272002A00F06B811C
S21401B2208C4900228B46D1F800C0BCF1FF3F04D008
S21401B230087A6044874200F019810132082A01F138
S21401B2400C01F0D193E8070006AE0DF1240A86E85A
S21401B25007008AE80700FFF76FFFB7FBF0FB00FB6C
S21401B2601B7BA0EB0B094A46414606460AA80997EE
S21401B2708DF82C9002F066FA00224FF00C0E7649FB
S21401B28002E00132082A0ED00EFB02F000EB010CA0
S21401B29008580130F5D19AE807008CE807006F4995
S21401B2A00A7801320A70A14504DD4FF4E2716C4858
S21401B2B021F041FFA41B5C444F44A1B217FA84F469
S21401B2C0B4FBF6F206FB1242C8448E1A91B1A41AD8
S21401B2D008EB060107A88DF82020069402F032FA42
S21401B2E006A8FFF7BFFEFF2804D140F2D9115C483B
S21401B2F021F021FFB6B2B6B10320FFF7D5FE802EAE
S21401B3000AD832464146574802F01CFA32463846B9
S21401B31054491CF0CEFC05460220FFF7C5FE284620
S21401B3200DB0BDE8F08F0025F9E74FF40E714C48DB
S21401B33021F001FF464B1B78012B00F0E380002C27
S21401B34036D00320FFF7B0FE802C2FD82246414688
S21401B350444802F0F7F92246384642491CF0A9FC57
S21401B36005460220FFF7A0FEDFF8F09099F80030BE
S21401B37093B1039CFFF7E0FE374B002798461A6807
S21401B380511C04D0197A411A521A944224D001371A
S21401B390082F03F10C03F2D1002DC0D1039B01331A
S21401B3A0C1D003A8FFF75EFE0546B8E70125D8E73A
S21401B3B02546D9E740F26D21294821F0BCFE01253A
S21401B3C024E0012D30D0802E2FD83246254903980F
S21401B3D01CF06FFC054628E0002DA0D10C247C4310
S21401B3E008EB04039DF814A093F808B00AEB0B03CE
S21401B3F0802BDFDC1B4B524604A9184602F0A2F94B
S21401B400211D5A464144504402F09CF90C2303FB8B
S21401B41007839DF814201B7A13449E42D1D040F234
S21401B42073210F4821F087FE01250220FFF73CFE1D
S21401B43099F8003013B1013B89F800304FF0FF3323
S21401B44008EB040248F80430C2E9013367E700BF9D
S21401B450ED780020CC5500206C550020156F00209B
S21401B460F83A0400D0540020148A04004FF00C0A65
S21401B4700AFB02B3187AA6EB00095FFA89F9A1451F
S21401B48001D35FFA84F90AFB02FA0AF1040528449B
S21401B4904A464146584402F055F90BEB0A031A7A1C
S21401B4A0A4EB09044A44D2B2B242A4B21A7219D128
S21401B4B003200193FFF7F8FD32460BEB05015BF81D
S21401B4C00A001CF0F6FB05460220FFF7EDFD4FF0E3
S21401B4D0FF32019B4BF80A20C3E90122002D7FF4BD
S21401B4E01EAFC844002C3FF41EAF4F44104B1B78D0
S21401B4F0012B7FF424AFB7FBF6F306FB1373002B87
S21401B5007FF413AFE319B3FBF6F506FB1535002DF3
S21401B5103FF415AF641B5B1B08EB04012A4604A825
S21401B5200393A4B202F00EF98DF8145007E700BF9A
S21401B530ED78002070B5134B1B78012B0CD1FFF76B
S21401B5400FFE0026104D55F8043C013306D1033694
S21401B550182E05F10C05F6D1002411E00320FFF7A3
S21401B560A3FD55F8044CFFF7E7FD294602462046A1
S21401B5701CF09FFB04460220FFF796FD002CE6D048
S21401B580204670BDED780020D055002070B50546E8
S21401B5900C46FFF7E5FD0520FFF786FD2146284608
S21401B5A01CF095FB06460220FFF77EFD00220A4BA3
S21401B5B02C441968481C08D0A94206D3A1423EBFB4
S21401B5C04FF0FF31C3E9001199600332182A03F1E5
S21401B5D00C03EED1304670BDCC550020D0E90232C6
S21401B5E053F8223010B51C68204600F095FA28B1B1
S21401B5F02146BDE81040024800F002BE10BD00BF63
S21401B600923B040008B5D0E9023253F8223018689C
S21401B61000F06CF920B1BDE80840024800F0F0BD2A
S21401B62008BD00BFB43B04002DE9F041D0E9023269
S21401B63053F8221003EB82035B680F681D789AB0FB
S21401B640642D04D96421114800F0DAFD64252A46E8
S21401B650384601A900F002F9044698B90C4800F0F2
S21401B660CFFDDFF8348001AE013DA54202DC1AB001
S21401B670BDE8F0813919404616F8012B00F0C0FDEF
S21401B6800134F2E7034800F0BBFDF0E7D73B0400C6
S21401B690F73B0400213C04000E3C04002DE9F04772
S21401B6A000252D4FDFF8E080DFF8E0908CB02846CB
S21401B6B003A900F0EFF810B10CB0BDE8F087049BC9
S21401B6C02946039A0093384600F09AFD404600F05A
S21401B6D097FD059910290CD810290CD8DFE801F040
S21401B6E00F14320B340B0B0B360B0B0B0B0B0B0B1C
S21401B6F03A0020292CD0194800F082FD07E01848AE
S21401B70000F07EFD0135D2E7164800F079FD069976
S21401B710484600F075FD0799134800F071FD13487F
S21401B72000F06EFD1024DFF868A00DF11F065046EC
S21401B73016F8011F013C00F063FD14F0FF04F6D17A
S21401B7400B48DDE70B48E0E70B48DEE70B48DCE794
S21401B7500B48DAE70B48D8E73C3C0400E13C040020
S21401B760913C0400A13C0400073D04001F3D040079
S21401B770A4DB0300A93C0400B13C0400BA3C04006D
S21401B780C53C0400DC3C0400803C0400F03C0400A2
S21401B790303D040010B50B4C8EB023785BB9EDF745
S21401B7A0FFFD014650B9012301A82370EDF77EFE87
S21401B7B0054B049A1A6020780EB010BD034800F0BD
S21401B7C01FFDF8E7186F002010590020363D0400D1
S21401B7D000B58FB0FFF7DEFF002829D001A8EDF7EE
S21401B7E065FE059B1448198800F00AFD059B134861
S21401B7F05969134B002908BF194600F001FD059B46
S21401B8001048598800F0FCFC059B0F48196900F0A8
S21401B810F7FC059B0D48D96800F0F2FC059B0C4827
S21401B820197E00F0EDFC0B4B0B48196800F0E8FCA4
S21401B8300FB05DF804FB00BF733D0400853D0400B6
S21401B840DD080400973D0400AB3D0400BF3D040045
S21401B850D33D040010590020E73D040070B50646AC
S21401B86015460C4679B172B1FFF794FF68B12146CF
S21401B8702A463046EDF724FF014618B1044800F089
S21401B880BFFC012070BD2120FCE71120FAE700BFB4
S21401B890F93D040037B505460C46FFF77BFFE0B1DE
S21401B8A0114B1B68AB421AD9CCB100212422204689
S21401B8B001F0B8FD2146284617F031FB88B9284625
S21401B8C001AA04F10801EDF7ADFE20B140F20643EE
S21401B8D0C01A18BF012003B030BD1120FBE721209C
S21401B8E0F9E70120F7E700BF10590020F0B593B043
S21401B8F00546FFF74FFF002845D0254B1A68AA4298
S21401B90007D829462348013A00F07AFC212013B0D3
S21401B910F0BD05A8EDF7CAFD284603A917F0FFFA02
S21401B92098BB049A22F4FF57C2F30C0327F01F07B3
S21401B9302BB14FF400532946174800F061FC039ED3
S21401B9407FB121F005FC30464FF40051EDF744FF7E
S21401B9503346044606F5005650B9039BF31ABB421C
S21401B960EFD32A4639460D4800F04AFC002406E08B
S21401B97000902A464FF40051094800F041FC201E71
S21401B98018BF0120C3E71120C1E70120BFE700BFB0
S21401B99010590020273E0400D53E0400943F0400C1
S21401B9A0433F040010B5044638B1FFF7F3FE30B14B
S21401B9B00020044B1B68236010BD2120FCE71120EA
S21401B9C0FAE700BF1059002010B50446FFF7E2FE63
S21401B9D0B0B10C4B1A68A24206D821460A48013A71
S21401B9E000F00EFC212010BD21F0B2FB40F2C12276
S21401B9F020460649EDF7D6FD003818BF0120F2E7CC
S21401BA001120F0E710590020273E04004C56002074
S21401BA1010B50446FFF7BEFE70B121460848EDF7A3
S21401BA20E1FD40F20323984208D040F201239842F8
S21401BA300CBF0520012010BD1120FCE70020FAE70D
S21401BA404C5600202DE9F0412D4D04462F68FFF796
S21401BA50A1FE002851D02968A14207D84A1E2948CC
S21401BA60214600F0CDFB2120BDE8F0812648EDF708
S21401BA7079FDDFF894800246B0B943462E689642B7
S21401BA8022D1BE4214BF3A4606F1FF3212BB3146FE
S21401BA901D48C8F80040EDF745FD014600B31B48B8
S21401BAA000F0AEFB0120DFE72046EDF71BFD044664
S21401BAB038B10146164800F0A3FB201E18BF01202E
S21401BAC0D2E7EDF76BFBF8E753F8041B8C42DDD0A9
S21401BAD00132D4E70C499200081D01F0F5FCD6E7C7
S21401BAE029680948EDF73EFD044610B101460948AC
S21401BAF0D6E7EDF753FB2046B6E71120B4E700BFC3
S21401BB0010590020273E04002C560020DA3F04007E
S21401BB10B03F04000D400400F8B50446FFF73AFEB6
S21401BB20002845D0234B1A68A24207D8214622484E
S21401BB30013A00F065FB21242046F8BD1F4800F0BD
S21401BB405FFB21F005FB40F2C1221D492046EDF7BF
S21401BB5029FD40F20327054621F0FAFA184E65B191
S21401BB6040F203239D421AD02946164800F048FBAE
S21401BB700124154800F044FBDEE721F0E9FA2946E6
S21401BB803046EDF72FFDB84209D040F20123984226
S21401BB9003D10E4800F034FBE1E70546DFE7214616
S21401BBA00B4800F02DFB2046FFF74CFF0446E0E76C
S21401BBB01124C1E710590020273E04004440040028
S21401BBC04C56002064400400A4DB0300E914040082
S21401BBD07C40040010B50A46044619B1024B002108
S21401BBE01B68984710BD00BF208A040010B5114C91
S21401BBF02378580744BF23F004032370237899075A
S21401BC0005D500F05DF8237823F0020323706378EE
S21401BC101BB10023084A63605360002308210648CD
S21401BC206370FFF7D7FF2378DA0744BF23F00103D9
S21401BC30237010BD145900201859002038B51A4C2D
S21401BC4062782378022A01D1072B11D0DD0712D59D
S21401BC502378980707D400F02BF82378054643F09D
S21401BC600203237080B96278237882B15A0716D509
S21401BC700025284638BD18F0A9F92378054643F073
S21401BC80010323700028E3D0FFF7B0FFF1E7D907DF
S21401BC90ECD5064962604A6002226270E6E743F02C
S21401BCA004032370E4E700BF14590020185900204C
S21401BCB00122024B002083F8F02070472059002013
S21401BCC02DE9F0410A4C002526464FF001080327CE
S21401BCD02046C4F81C80277601351CF045F8062D51
S21401BCE004F12804F4D1002386F8F030BDE8F08191
S21401BCF0205900202DE9F04F984691B00B1E0A936B
S21401BD00B44B914614BF83469B4600251A9E98F86D
S21401BD10000070B94D4538BF2A464B464FF000002B
S21401BD200A9928BF09F1FF32D847284611B0BDE865
S21401BD30F08F252808F1010806D02A464B460A99B5
S21401BD406C1CD8472546E2E70023414611F8012B33
S21401BD502B2A16D00AD8202A16D0232A17D0A2F1C9
S21401BD603000092834D800270A2418E02D2A05D0E7
S21401BD70302AF4D143F001038846E6E743F0020394
S21401BD80FAE743F00403F7E743F00803F4E743F068
S21401BD901003F1E7884604FB0722A2F1300741466B
S21401BDA011F8012BA2F130000928F3D998F80020E8
S21401BDB02E2A52D198F8011008F10102A1F13000A3
S21401BDC0092843F480633ED800244FF00A0E11E0A0
S21401BDD02A2A08D156F8047B8846002FBCBF43F0B8
S21401BDE002037F42E2E70027E0E702460EFB04116A
S21401BDF0A1F13004104610F8011BA1F1300CBCF182
S21401BE00090FF2D99046424612F8011B6C292DD033
S21401BE1025D8682933D06A293BD04246904618F87F
S21401BE20010B672860D8572836D8452808D084D90A
S21401BE30462800F0188147287FF47FAF43F400635B
S21401BE4043F0200327E12A2906D156F8044B08F1CE
S21401BE50020824EAE474D6E790460024D3E774295E
S21401BE6001D07A29D9D143F48073D7E798F8011025
S21401BE706C29F8D143F4407308F10202CEE798F832
S21401BE800110682902D043F08003C7E743F0C003DE
S21401BE90F2E743F40073C1E7A0F158020F2A3FF618
S21401BEA04CAF01A151F822F049BF01003BBD010092
S21401BEB03BBD01003BBD01003BBD01003BBD010098
S21401BEC03BBD01003BBD01003BBD01003BBD010088
S21401BED049BF0100B5C0010049BF01008BC0010088
S21401BEE06BC001008BC00100A0F16901C9B20F2926
S21401BEF03FF623AF012249F2410C8A4012EA0C02B6
S21401BF0018D10A2900F0158107297FF416AF43F0EE
S21401BF10210305930823CDE903431023CDE901232B
S21401BF2056F8043B2A46009358464B460A991CF09D
S21401BF300BF8A8E06F2800F05E8110D9782808D1A8
S21401BF40102223F00C0310E0582839D0622800F0A4
S21401BF5054810A2223F01003642806D0F1E76928E9
S21401BF604FF00A0223F01003F6D1590548BF23F01B
S21401BF700103692803F4007101D0642840D111B38C
S21401BF80073626F00706B24670685AF8081BCDE950
S21401BF90077300230593C30F0028029306940B46EC
S21401BFA0049202DA4B4260EB4000CDE900304B468A
S21401BFB02A4658460A991CF009F805465646A6E64A
S21401BFC043F02003BCE7D90506F1040A04D531681D
S21401BFD005E000BFAB7D030058060CD53178CDE9EE
S21401BFE00224CDE9047300294FEAD1730193B8BF47
S21401BFF04942009120E01906E9D5B6F90010EEE7AE
S21401C00079B1CDE907730023CDE9042306F1070AC8
S21401C0102AF0070A06940293FAE80223CDE90023E0
S21401C020C5E7D80506F1040A0DD5CDE90473CDE9B7
S21401C03002240191336800934B462A4658460A99D2
S21401C0401BF082FFB9E7590607D53178CDE90473AD
S21401C0500023CDE902240193CBE7316813F0800F6A
S21401C06018BF89B2F2E743F02003CDE90173073622
S21401C07026F007060094B6EC020B4B462A465846B5
S21401C0800A99E8F785FB054641E600F0DF004728F8
S21401C09001D143F40063CDE90173073626F00706A4
S21401C0A00094B6EC020B4B462A4658460A99E8F726
S21401C0B0B3F9E8E713F0020426D04FF0010A6B1C2F
S21401C0C00B932A464B460A9916F8040BD84774B3C5
S21401C0D054460B9A21E04B4620200A99D8470AEB92
S21401C0E005020AF1010A5745F5D83A1E18BF012282
S21401C0F0002A07F1FF3308BF002307F1010A1D4498
S21401C10008BF4FF0020ADAE7A246E8E7551C4B469D
S21401C11020200A99D8472A460134BC42F6D3A7EB19
S21401C1200A03574538BF00230B9A1A440B920B9DFE
S21401C130EDE53246002C52F8046B14BF21464FF051
S21401C140FF310B9232463144107808B1914211D139
S21401C150A2EB060A13F480620C9202D0A24528BF15
S21401C160A24613F002030D931BD1AAEB05032A4640
S21401C1700F9308E00132E7E7531C0E9320204B464D
S21401C1800A99D8470E9A0F9BD318BB42F4D3A7EB54
S21401C1900A03574538BF00230AF101021D4403EB89
S21401C1A0020AAB1B0E9304E01C464B462A460A992C
S21401C1B0D8470E9BF51816F8010B28B10C9B002BDF
S21401C1C0F3D0631E002CEFD10D9B93B12A46AAEB48
S21401C1D0050405E0561C4B4620200A99D8473246EE
S21401C1E01319BB42F6D3A7EB0A03574538BF002302
S21401C1F01D440B9E8BE50822A3E60222A1E600BFA2
S21401C2000FB41FB506AA52F8043B02A90392009286
S21401C21004484FF0FF32FFF76DFD05B05DF804EB03
S21401C22004B070476D8003001FB5034600914FF0C0
S21401C230FF3203A90248FFF75DFD05B05DF804FB78
S21401C2406D8003001FB5CDE90201009302A91346D4
S21401C25003484FF0FF32FFF74DFD05B05DF804FBD4
S21401C260758003001FB5094B094A1868094B01A9D7
S21401C2701860094B1360094A0192094A1268CDE910
S21401C280022317F04AFF05B05DF804FB4075002055
S21401C290184A00201C4A0020347500207F780400CC
S21401C2A0D05C0020014B186817F04BBF407500208A
S21401C2B038B5F1F71BFE0446064D2B68D3F8B002DD
S21401C2C0F1F708FE286817F04FFF2046BDE8384012
S21401C2D0F1F700BE4075002010B51F4CEFF7B6FD14
S21401C2E0236F012023F0070343F002032367EFF7D0
S21401C2F0BBFDD4F82031002023F0070343F00103EF
S21401C300C4F82031D4F8403123F0030343F001038D
S21401C310C4F84031D4F8603123F0030343F001033D
S21401C320C4F86031D4F8403223F0030343F001032C
S21401C330C4F84032D4F8003223F0070343F0010377
S21401C340C4F80032D4F8083223F0070343F001039F
S21401C350C4F8083210BD00BF00800050064B1B68B1
S21401C3601A7A022A01D81AB97047032A00D07047F0
S21401C3701B68024A1360704744750020D05C002099
S21401C3800022024B5A60DA601A607047D45C0020C3
S21401C39008B501F037FF0022014B1A7008BD00BF37
S21401C3A0196F00200A4601491BF0CEBEBDA204004B
S21401C3B00A4601491BF0C8BEB8A204000A46014954
S21401C3C01BF0C2BEB1A204000A4601491BF0BCBE66
S21401C3D0AEA204000A4601491BF0B6BEABA2040099
S21401C3E00A4601491BF0B0BEA6A204000A4601494E
S21401C3F01BF0AABEA1A204000A4601491BF0A4BE76
S21401C4009CA204000A4601491BF09EBE95A20400A8
S21401C41081F0004102E000BF83F0004330B54FEAEF
S21401C42041044FEA430594EA050F08BF90EA020F5C
S21401C4301FBF54EA000C55EA020C7FEA645C7FEAEF
S21401C440655C00F0E2804FEA5454D4EB5555B8BF12
S21401C4506D420CDD2C4480EA020281EA030382EA83
S21401C460000083EA010180EA020281EA0303362D15
S21401C47088BF30BD11F0004F4FEA01314FF4801CE8
S21401C4804CEA113102D0404261EB410113F0004FFA
S21401C4904FEA03334CEA133302D0524263EB4303B1
S21401C4A094EA050F00F0A780A4F10104D5F1200E4F
S21401C4B00DDB02FA0EFC22FA05F2801841F10001AA
S21401C4C003FA0EF2801843FA05F359410EE0A5F17E
S21401C4D020050EF1200E012A03FA0EFC28BF4CF0AF
S21401C4E0020C43FA05F3C01851EBE37101F0004565
S21401C4F007D54FF0000EDCF1000C7EEB00006EEB72
S21401C5000101B1F5801F1BD3B1F5001F0CD34908FB
S21401C5105FEA30004FEA3C0C04F101044FEA445252
S21401C52012F5800F80F09A80BCF1004F08BF5FEAD9
S21401C530500C50F1000041EB045141EA050130BDB9
S21401C5405FEA4C0C404141EB0101013C28BFB1F5CB
S21401C550801FE9D291F0000F04BF01460020B1FA16
S21401C56081F308BF2033A3F10B03B3F120020CDAE9
S21401C5700C3208DD02F1140CC2F10C0201FA0CF0C7
S21401C58021FA02F10CE002F11402D8BFC2F1200C2C
S21401C59001FA02F120FA0CFCDCBF41EA0C019040E2
S21401C5A0E41AA2BF01EB0451294330BD6FEA04042B
S21401C5B01F3C1CDA0C340EDC04F11404C4F1200216
S21401C5C020FA04F001FA02F340EA030021FA04F328
S21401C5D045EA030130BDC4F10C04C4F1200220FA7F
S21401C5E002F001FA04F340EA0300294630BD21FABD
S21401C5F004F0294630BD94F0000F83F4801306BF83
S21401C60081F480110134013D4EE77FEA645C18BF76
S21401C6107FEA655C29D094EA050F08BF90EA020F0D
S21401C62005D054EA000C04BF1946104630BD91EA05
S21401C630030F1EBF0021002030BD5FEA545C05D108
S21401C6404000494128BF41F0004130BD14F5800447
S21401C6503CBF01F5801130BD01F0004545F0FE41BB
S21401C66041F470014FF0000030BD7FEA645C1ABFF0
S21401C670194610467FEA655C1CBF0B46024650EA27
S21401C680013406BF52EA033591EA030F41F4002153
S21401C69030BD00BF90F0000F04BF0021704730B5D9
S21401C6A04FF4806404F132044FF000054FF00001AE
S21401C6B050E700BF90F0000F04BF0021704730B56F
S21401C6C04FF4806404F1320410F0004548BF404244
S21401C6D04FF000013EE700BF42004FEAE2014FEA99
S21401C6E031014FEA02701FBF12F07F4393F07F4F74
S21401C6F081F06051704732F07F4208BF704793F077
S21401C7007F4F04BF41F40021704730B54FF4607489
S21401C71001F0004521F000411CE700BF50EA01028C
S21401C72008BF704730B54FF000050AE050EA010235
S21401C73008BF704730B511F0004502D5404261EBA5
S21401C74041014FF4806404F132045FEA915C3FF4E6
S21401C750D8AE4FF003025FEADC0C18BF03325FEA83
S21401C760DC0C18BF033202EBDC02C2F1200300FA34
S21401C77003FC20FA02F001FA03FE40EA0E0021FA59
S21401C78002F11444BDE600BF70B54FF0FF0C4CF447
S21401C790E06C1CEA11541DBF1CEA135594EA0C0FF9
S21401C7A095EA0C0F00F0DEF82C4481EA030621EA34
S21401C7B04C5123EA4C5350EA013518BF52EA03356F
S21401C7C041F4801143F4801338D0A0FB02CE4FF021
S21401C7D00005E1FB02E506F00042E0FB03E54FF051
S21401C7E00006E1FB03569CF0000F18BF4EF0010E49
S21401C7F0A4F1FF04B6F5007F64F5407404D25FEA45
S21401C8004E0E6D4146EB060642EAC62141EA5551F7
S21401C8104FEAC52040EA5E504FEACE2EB4F1FD0C39
S21401C82088BFBCF5E06F1ED8BEF1004F08BF5FEAB7
S21401C830500E50F1000041EB045170BD06F0004669
S21401C84046EA010140EA020081EA0301B4EB5C0416
S21401C850C2BFD4EB0C0541EA045170BD41F480110E
S21401C8604FF0000E013C00F3AB8014F1360FDEBF33
S21401C870002001F0004170BDC4F10004203C35DA0F
S21401C8800C341BDC04F11404C4F1200500FA05F392
S21401C89020FA04F001FA05F240EA020001F0004233
S21401C8A021F0004110EBD37021FA04F642EB0601A9
S21401C8B05EEA430E08BF20EAD37070BDC4F10C04D3
S21401C8C0C4F1200500FA04F320FA05F001FA04F297
S21401C8D040EA020001F0004110EBD37041F1000183
S21401C8E05EEA430E08BF20EAD37070BDC4F120058E
S21401C8F000FA05F24EEA020E20FA04F301FA05F2F6
S21401C90043EA020321FA04F001F0004121FA04F29D
S21401C91020EA020000EBD3705EEA430E08BF20EA6D
S21401C920D37070BD94F0000F0FD101F000464000A7
S21401C93041EB010111F4801F08BF013CF7D041EA29
S21401C940060195F0000F18BF704703F0004652002D
S21401C95043EB030313F4801F08BF013DF7D043EAFE
S21401C9600603704794EA0C0F0CEA135518BF95EAB4
S21401C9700C0F0CD050EA410618BF52EA4306D1D13B
S21401C98081EA030101F000414FF0000070BD50EA5A
S21401C990410606BF1046194652EA430619D094EAE4
S21401C9A00C0F02D150EA013613D195EA0C0F05D1CE
S21401C9B052EA03361CBF104619460AD181EA030122
S21401C9C001F0004141F0FE4141F470014FF00000DA
S21401C9D070BD41F0FE4141F4780170BD70B54FF075
S21401C9E0FF0C4CF4E06C1CEA11541DBF1CEA1355F5
S21401C9F094EA0C0F95EA0C0F00F0A7F8A4EB0504D7
S21401CA0081EA030E52EA03354FEA013100F08880CD
S21401CA104FEA03334FF0805545EA131343EA126396
S21401CA204FEA022245EA111545EA10654FEA00264B
S21401CA300EF000419D4208BF964244F1FD0404F504
S21401CA40407402D25B084FEA3202B61A65EB030560
S21401CA505B084FEA32024FF480104FF4002CB6EB1D
S21401CA60020E75EB030E22BFB61A754640EA0C009D
S21401CA705B084FEA3202B6EB020E75EB030E22BFDD
S21401CA80B61A754640EA5C005B084FEA3202B6EB1E
S21401CA90020E75EB030E22BFB61A754640EA9C00DD
S21401CAA05B084FEA3202B6EB020E75EB030E22BFAD
S21401CAB0B61A754640EADC0055EA060E18D04FEA6B
S21401CAC0051545EA16754FEA06164FEAC30343EA0B
S21401CAD052734FEAC2025FEA1C1CC0D111F4801FD8
S21401CAE00BD141EA00014FF000004FF0004CB6E7D1
S21401CAF011F4801F04BF01430020B4F1FD0C88BF70
S21401CB00BCF5E06F3FF6AFAEB5EB030C04BFB6EB7A
S21401CB10020C5FEA500C50F1000041EB045170BD6D
S21401CB200EF0004E4EEA113114EB5C04C2BFD4EB9A
S21401CB300C0541EA045170BD41F480114FF0000E1E
S21401CB40013C90E645EA060E8DE60CEA135594EA9A
S21401CB500C0F08BF95EA0C0F3FF43BAF94EA0C0F9D
S21401CB600AD150EA01347FF434AF95EA0C0F7FF412
S21401CB7025AF104619462CE795EA0C0F06D152EA66
S21401CB8003353FF4FDAE1046194622E750EA41064A
S21401CB9018BF52EA43067FF4C5AE50EA41047FF45B
S21401CBA00DAF52EA43057FF4EBAE12E74FF0FF3CC0
S21401CBB006E000BF4FF0010C02E000BF4FF0010C91
S21401CBC04DF804CD4FEA410C7FEA6C5C4FEA430C0A
S21401CBD018BF7FEA6C5C1BD001B050EA410C0CBF59
S21401CBE052EA430C91EA030F02BF90EA020F0020BB
S21401CBF0704710F1000F91EA030F58BF994208BF22
S21401CC0090422CBFD8176FEAE37040F001007047DE
S21401CC104FEA410C7FEA6C5C02D150EA013C07D135
S21401CC204FEA430C7FEA6C5CD6D152EA033CD3D080
S21401CC305DF8040B704700BF8446104662468C467A
S21401CC401946634600E000BF01B5FFF7B7FF0028AD
S21401CC5048BF10F1000F01BD4DF808EDFFF7F4FFD6
S21401CC600CBF012000205DF808FB00BF4DF808ED61
S21401CC70FFF7EAFF34BF012000205DF808FB00BF84
S21401CC804DF808EDFFF7E0FF94BF012000205DF8A6
S21401CC9008FB00BF4DF808EDFFF7CEFF94BF01205B
S21401CCA000205DF808FB00BF4DF808EDFFF7C4FF54
S21401CCB034BF012000205DF808FB00BF4FEA4102A7
S21401CCC012F5001215D211D56FF47873B3EB6252D8
S21401CCD012D94FEAC12343F0004343EA505311F0FF
S21401CCE0004F23FA02F018BF404270474FF0000091
S21401CCF0704750EA013005D111F0004008BF6FF0CF
S21401CD00004070474FF00000704700BF4A0011D244
S21401CD1012F5001211D20DD56FF47873B3EB62528F
S21401CD200ED44FEAC12343F0004343EA505323FA9B
S21401CD3002F070474FF00000704750EA013002D110
S21401CD404FF0FF3070474FF00000704753B94AB9B3
S21401CD50002908BF00281CBF4FF0FF314FF0FF30FD
S21401CD6000F08CB9ADF1080C6DE904CE00F006F8C0
S21401CD70DDF804E0DDE9022304B070472DE9F04F49
S21401CD80099D0E4604460F46002B47D18A4294461B
S21401CD90B2FA82F35AD943B102FA03FCC3F1200274
S21401CDA09F409C4020FA02F217434FEA1C461FFAA6
S21401CDB08CFE220CB7FBF6F106FB117701FB0EF099
S21401CDC042EA0742904208D91CEB020201F1FF3702
S21401CDD002D2904200F23C813946121AA4B2B2FB4A
S21401CDE0F6F006FB102200FB0EFE44EA0244A645BE
S21401CDF008D91CEB040400F1FF3202D2A64500F26A
S21401CE002A81104640EA0140A4EB0E0400211DB120
S21401CE10DC400023C5E90043BDE8F08F8B4205D90D
S21401CE200DB1C5E9000100210846F5E7B3FA83F123
S21401CE3000294FD1B342C0F00281824240F2FF8006
S21401CE400846002DE8D0C5E90047E5E7002B40F08D
S21401CE50AF808A1A4FEA1C4E1FFA8CF70121B2FBEB
S21401CE60FEF60EFB1620220C42EA004207FB06F0F5
S21401CE7090420FD91CEB020206F1FF382CBF4FF08F
S21401CE8001094FF00009904203D9B9F1000F00F0F3
S21401CE90DC804646121AA4B2B2FBFEF00EFB10224C
S21401CEA000FB07F744EA0244A7420FD91CEB04042F
S21401CEB000F1FF322CBF4FF0010E4FF0000EA742DB
S21401CEC003D9BEF1000F00F0C9801046E41B40EA0A
S21401CED006409CE7C1F120048B4006FA01FC00FAEB
S21401CEE001FE22FA04F7E6408A401F4320FA04F3C3
S21401CEF04FEA174843EA0C031FFA87FC4FEA134927
S21401CF00B6FBF8F008FB106649EA064600FB0CF98A
S21401CF10B1450ED9BE1900F1FF3A2CBF4FF0010BF7
S21401CF204FF0000BB14503D9BBF1000F00F0A28012
S21401CF305046A6EB09061FFA83F9B6FBF8F308FB81
S21401CF40136603FB0CFC49EA0646B4450ED9BE1926
S21401CF5003F1FF382CBF4FF001094FF00009B4452B
S21401CF6003D9B9F1000F00F08280434643EA00403E
S21401CF70A6EB0C06A0FB028C66454346E14602D3AF
S21401CF8007D1C64505D2B8EB02036CEB070C013896
S21401CF90E1465DB1BEEB030266EB090606FA04F450
S21401CFA022FA01F3CE401C43C5E90046002133E7CF
S21401CFB002FA03FCC3F1200299409C40D6404FEA96
S21401CFC01C4E20FA02F21FFA8CF7B6FBFEF00A435B
S21401CFD00EFB1066110C41EA064100FB07F68E4275
S21401CFE00ED91CEB010100F1FF382CBF4FF00109EF
S21401CFF04FF000098E4202D9B9F1000F34D04046F5
S21401D000891B92B2B1FBFEF60EFB161142EA0142F3
S21401D01006FB07F191420ED91CEB020206F1FF381E
S21401D0202CBF4FF001094FF00009914202D9B9F126
S21401D030000F16D04646521A46EA00410FE7841AF8
S21401D04066EB030201201746FBE6023E624421E737
S21401D05002396244C1E664440238D3E664440238C5
S21401D06034E7023E6244E6E702386144C8E7023B21
S21401D0703E447BE702383E445BE700BF704700BF93
S21401D0802DE9F04F924685B089461E460D46554A13
S21401D0900390294615F8014B135D13F00803F8D1E8
S21401D0A02D2C7CD02B2C4ED04FF0FF3102936FF0FD
S21401D0B00043CDE9001336F0100851D037464FEA49
S21401D0C0E6783A464346DDE90001FFF73FFE0023D6
S21401D0D083468E4618461946A44613E0ACF137043B
S21401D0E0A6421FDD002B09DB83457EEB010305D33A
S21401D0F08E4508BF83453BD1A24239DA4FF0FF3354
S21401D10015F801CBACF13004092CE9D9ACF1410496
S21401D110192CE3D9ACF16104192C03D8ACF15704EE
S21401D120A642DFDC5A1C2FD0029A12B1404261EBB4
S21401D1304101BAF1000F03D0002B48D1CAF8009084
S21401D14005B0BDE8F08F4FF0FF30029336F01008BF
S21401D1506FF000432C7801F10205CDE90003ADD153
S21401D160302C25D0002E3AD10A27B0463E46A8E7F5
S21401D17000FB08F307FB0133A0FB07010B44201853
S21401D18043EBE4710123BBE72223039A1360BAF150
S21401D190000F17D005F1FF39DDE90001CEE74FF0AA
S21401D1A00047009301232C788D1CCDE9017382E79B
S21401D1B02B7803F0DF03582B0CD086B90827B0462E
S21401D1C03E467EE7DDE9000105B0BDE8F08FCDE91A
S21401D1D00001DFE710276C7802353E4671E710271D
S21401D1E03E466EE7C5A204004AE700BF10B4044CF1
S21401D1F013460A46014620685DF8044B40E700BF27
S21401D2007475002010B4044C13460A460146206883
S21401D2105DF8044B34E700BF7475002020F003016D
S21401D22010F00300C0F1000051F8043B00F1040CBB
S21401D2304FEACC0C6FF000021CBF22FA0CF213432B
S21401D2404FF0010C4CEA0C2C4CEA0C4CA3EB0C02F4
S21401D25022EA030212EACC1204BF51F8043B04305E
S21401D260F4D0C2F1000102EA0102B2FA82F2C2F17E
S21401D2701F0200EBD20070472DE9F04780460C46AE
S21401D2804548264614F801EB10F80EC01CF0080CB1
S21401D290F7D1BEF12D0F5BD0BEF12B0F3AD065460C
S21401D2A033F010003ED04FF0FF379A46B7FBF3F746
S21401D2B003FB07F96FEA0909002630460EE0AEF1D6
S21401D2C0370C63451DDD002E04DBB84202D833D18E
S21401D2D0CC4531DD4FF0FF3614F801EBAEF1300CE2
S21401D2E0BCF1090FEDD9AEF1410CBCF1190FE6D92D
S21401D2F0AEF1610CBCF1190F03D8AEF1570C6345C2
S21401D300E1DC731C1CD005B140420AB1F6B91160CC
S21401D310BDE8F08733F0100094F800E0654606F1AA
S21401D3200204C0D1BEF1300F17D06BBB0A234FF0F9
S21401D33005091A4F9A46BFE700FB0AC00126CBE74C
S21401D34022233046C8F80030002AE1D0611EDEE70D
S21401D35094F800E00125B41CA2E7207800F0DF0075
S21401D360582807D083B908234FF007096FF06047A4
S21401D3709A46A1E7102394F801E04FF00F09023412
S21401D3806FF070479A4697E710234FF00F096FF03A
S21401D39070479A4690E700BFC5A20400999999196B
S21401D3A06AE700BF10B4044C13460A4601462068DB
S21401D3B05DF8044B60E700BF7475002010B4044CA0
S21401D3C013460A46014620685DF8044B54E700BF41
S21401D3D0747500200F4B70B50F4DAB42A3EB0506DD
S21401D3E007D0B6100024013455F8043B9847A642EE
S21401D3F0F9D80A4D20F0A4F8094B5E1BAB424FEA60
S21401D400A60606D00024013455F8043B9847A642E8
S21401D410F9D870BD1C7900201C7900201C790020E9
S21401D4202079002070B5860747D0541E002A3ED0CA
S21401D430CAB2034601E0013C39D303F8012B9D072C
S21401D440F9D1032C2CD9CDB20F2C05EB052505EB14
S21401D450054535D9A4F1100C03F1100E1A462CF02F
S21401D4600F064FEA1C1CB644C2E90055C2E9025534
S21401D47010327245F8D10CF1010214F00C0F04F0D1
S21401D4800F0C03EB021213D0ACF1040323F00303D9
S21401D4900433134442F8045B9342FBD10CF00304BB
S21401D4A02CB1C9B21C4403F8011BA342FBD170BDC9
S21401D4B064461346002CF4D1F9E703461446C0E748
S21401D4C01A46A446E0E700BF88420ED98B1883426D
S21401D4D00BD900EB020C002A6ED0624613F801CD80
S21401D4E0994202F801CDF9D170470F2A0FD80346A9
S21401D4F002F1FF3C002A5FD00CF1010C013B8C4489
S21401D50011F8012B614503F8012FF9D1704740EA64
S21401D51001039B0751D1A2F1100301F1200C70B554
S21401D52023F00F0501F1100E00F110041B09AC44A5
S21401D5305EF8105C0EF1100E103444F8205C5EF8B4
S21401D5401C5C44F81C5C5EF8185C44F8185C5EF8D9
S21401D550145CE64544F8145CEAD1013312F00C0F72
S21401D56002F00F0C01EB031100EB031329D0ACF111
S21401D570040C1C1F8E462CF003064FEA9C0C1E441E
S21401D5805EF8045B44F8045FB442F9D10CF101047F
S21401D59002F0030203EB840301EB840102F1FF3C7A
S21401D5A04AB10CF1010C013B8C4411F8012B614589
S21401D5B003F8012FF9D170BD704702F1FF3C034615
S21401D5C09AE76246EAE700BF2DE9F04F82468E46AB
S21401D5D03F4875461EF801BB10F80B4014F00804CE
S21401D5E0F7D1BBF12D0F5BD0BBF12B0F6FF00049CC
S21401D5F004BF9EF800B005F1020E33F0100010D102
S21401D600BBF1300F04D0002B5ED10A231F4609E080
S21401D6109EF8000000F0DF0058284ED0002B53D1B2
S21401D62008231F460025B9FBF7F6284607FB169880
S21401D6300EE0ABF1370C63451DDD002D04DB8642A1
S21401D64002D321D1E0451FDA4FF0FF351EF801BBAA
S21401D650ABF1300CBCF1090FEDD9ABF1410CBCF1CB
S21401D660190FE6D9ABF1610CBCF1190F03D8ABF178
S21401D670570C6345E1DC6B1C0AD004B140420AB189
S21401D680CDB91160BDE8F08F07FB00C00125DDE7CD
S21401D6902223CAF800305AB10EF1FF314846F0E7AE
S21401D6A09EF800B04FF0004905F1020E0124A4E7F0
S21401D6B04846BDE8F08F8146EEE710239EF801B09C
S21401D6C00EF1020E1F46ADE710231F46AAE700BF64
S21401D6D0C5A20400242B02D8012B00D074E710B594
S21401D6E000F02EFA16230360002010BD10B5242A80
S21401D6F0084C1346246807D8012A05D00A46014675
S21401D7002046BDE810405FE700F01AFA16230360D2
S21401D710002010BD7475002010B5242A084C13464D
S21401D720246807D8012A05D00A4601462046BDE8E6
S21401D730104049E700F004FA16230360002010BDEC
S21401D74074750020844641EA000313F0030349D1AF
S21401D750403A23D30B6803604B6843608B68836051
S21401D760CB68C3600B6903614B6943618B69836155
S21401D770CB69C3610B6A03624B6A43628B6A83623D
S21401D780CB6AC3620B6B03634B6B43638B6B836325
S21401D790CB6BC36340304031403ADBD230320BD3DF
S21401D7A00B6803604B6843608B688360CB68C3601B
S21401D7B010301031103AF3D20C3205D351F8043B35
S21401D7C040F8043B043AF9D2043208D0D2071CBF11
S21401D7D011F8013B00F8013B01D30B88038060463A
S21401D7E0704700BF082A13D38B07B1D010F003038C
S21401D7F0AED0C3F10403D21ADB071CBF11F8013BFC
S21401D80000F8013BA4D331F8023B20F8023B9FE726
S21401D810043AD9D3013A11F8013B00F8013BF9D299
S21401D8200B7803704B7843708B7883706046704733
S21401D830024B0146186817F056BA00BF74750020EF
S21401D840024B0146186817F051BA00BF74750020E4
S21401D850CAB384460B4630B504460843800719D040
S21401D8609CF800000C78A04212D150B3012A28D0AF
S21401D870E64603E01CEB030F23D010B31EF8010F9E
S21401D88011F8014FA2EB0E03A04203F1FF33F1D0D2
S21401D890001B30BD032A07D8E2E7043A11D01EF078
S21401D8A0803F0ED1032A10D92068194653F8045B2D
S21401D8B0A446A0F1013E0434A8422EEA000EECD0A4
S21401D8C0CEE7002030BD10467047A4461946C7E78C
S21401D8D080EA010C1CF0030F37D110F0030C20F086
S21401D8E0030021F0030150F8042B08BF51F8043B54
S21401D8F00ED08CF0030C6FF07F434FEACC0C23FA6A
S21401D9000CFC51F8043B42EA0C0243EA0C0300BF4C
S21401D910A2F1013C9A4201BF2CEA020C1CF0803FA6
S21401D92050F8042B51F8043BF2D04FEA02604FEA5C
S21401D9301222012828BFB0EB036F08BF1B0AF4D0E0
S21401D94003F0FF03000EC01A704710F0030F0AD051
S21401D95010F8012B11F8013B012A28BF9A42F4D096
S21401D960A2EB030070474DF8045D50F8042B01F05C
S21401D970030521F0030151F8043B022D26D04DD8B2
S21401D98022F07F45B5EB132FA2F1013C2CEA020CE5
S21401D9900DD11CF0803C08BF51F8043B0AD185EA42
S21401D9A00205B5EB036F0CD150F8042BE8E74FEAFC
S21401D9B013235BE03CF07F4C54D10B784FEA1265A1
S21401D9C054E04FEA126503F0FF034FE04FEA0245C9
S21401D9D0A2F1013C4FEA15452CEA020CB5EB134FB8
S21401D9E018D11CF0803C08BF51F8043B07D185EAEA
S21401D9F00205B5EB034F09D150F8042BE6E75FEAC1
S21401DA000C4C2FD10B884FEA12452FE04FEA034307
S21401DA104FEA12454FEA134328E000BF02F0FF0524
S21401DA20B5EB136FA2F1013C2CEA020C0DD11CF0F0
S21401DA30803C08BF51F8043B0AD185EA0205B5EBE4
S21401DA40032F0AD150F8042BE8E74FEA13630DE0E1
S21401DA5012F0FF0F06D051F8043B4FEA122523F0CF
S21401DA607F4303E04FF0000020BC704705F0FF0243
S21401DA7003F0FF00012828BF904204BF2D0A1B0AAD
S21401DA80F4D0A2EB000020BC704700BF08B5064BDF
S21401DA90044613B1002100F0AFF8044B1B6803B134
S21401DAA09847204615F0C3FAF9DB01001C5E0020FA
S21401DAB0002301461A46184600F048B8032A30B437
S21401DAC015D941EA000484460B46A40704D0541E27
S21401DAD00FE0043A032A08D91946604653F8044B66
S21401DAE05CF8045BA542F4D0F1E760461946541E83
S21401DAF07AB1431E0139021901E09A4209D013F89E
S21401DB00010F11F801CF6045F7D0A0EB0C0030BC37
S21401DB107047002030BC704738B5074D074C2C1BAA
S21401DB20A41005D0013C55F8043D9847002CF9D1C6
S21401DB30BDE838401FF00ABD247900202079002076
S21401DB40014B1868704700BF74750020F0B5264C6D
S21401DB5083B006460F46256805B36C681F2C3FDC6C
S21401DB60A6B1D5F8880048B3D0F800114FF0010CE3
S21401DB7040F82420022E00EB84020CFA04FC4CEA46
S21401DB800101C0F80011C2F8803010D0631C0020DB
S21401DB9002346B6045F8247003B0F0BD1349144895
S21401DBA0216010B10068C1F88800104DD5E7D0F8A3
S21401DBB0043143EA0C03C0F80431E7E70D49CDE927
S21401DBC0002369B14FF48470FFF732FE40B10021A3
S21401DBD06C68C0E94011DDE90023C5F88800C5E797
S21401DBE04FF0FF30D8E700BFAC5E0020205E00207B
S21401DBF00000000031D801002DE9F04FDFF8B490A5
S21401DC0083B0D9F8006096B3884601907568D6F857
S21401DC1088706C1E2BD4013507F1800B06EB850549
S21401DC20B8F1000F26D173682A68013BA3423BD0A6
S21401DC3000232B60BAB1D6F804A05FB30123D7F84E
S21401DC400011A3400B4225D0D7F8040157F8241041
S21401DC5003422BD1019890477368D9F800205345A9
S21401DC601ED1B2421CD1013C043D631CD8D103B085
S21401DC70BDE8F08F4FB15BF824304345D3D0013C6B
S21401DC80043D621CF3D0002FF5D1013CEFD3013CDB
S21401DC90FBD2ECE790477368D9F800205345E0D0F3
S21401DCA0002AE4D01646B1E77460C3E708469047F9
S21401DCB0D2E700BFAC5E0020431E033306D8044BF8
S21401DCC0984228BF1846642838BF6420704700BFB2
S21401DCD040420F0038B5194B05461B680C4603B188
S21401DCE0984744B1236833B11B68013303D0E36816
S21401DCF00BB1A3684BB91AF0EDFE00204FF4C172C8
S21401DD00412100F0FFF9212038BD204602F04AFCEF
S21401DD1000230B4A85F83C31C5E93743C2E9003395
S21401DD2063694BB1074A422110684FF4D272C31A95
S21401DD305842584100F0E6F90020E5E71C61002052
S21401DD40D071002080610020F8B504461FF0F1F87C
S21401DD50002607460E4B1B6893B19E68AEB196F837
S21401DD602420D20711D435460FCC0FC50FCC0FC5D2
S21401DD7023682B6096F8243043F0010386F824309C
S21401DD8038461FF0D1F83046F8BD1B68E4E700BFFF
S21401DD90C875002010B5044618B9054B054A13602E
S21401DDA010BD00F0D9FCD4F8E830002BF6D1F4E72A
S21401DDB07F820300C4750020014B1868704700BFBE
S21401DDC0D071002008B502460868FFF775FF0860A5
S21401DDD04868FFF771FF48608868FFF76DFF886045
S21401DDE0C868FFF769FF0B69C860581C03D00B4869
S21401DDF0834228BF03460B614B69581C03D0074872
S21401DE00834228BF034688694B61FFF755FFBDE88B
S21401DE1008408861104601F07BBC00BF40420F00FD
S21401DE20D0F8E0302DE9F04105460C4613B1C38D1C
S21401DE308B424CD0D5F8DC30002B4BD09E68002EA0
S21401DE4048D0D868002845D0013800B200281ADB2F
S21401DE50002106E0128A591CA24217D209B2884252
S21401DE6011DB0B1803EBD3735B1003EBC30206EB5A
S21401DE708202B2F80EC003F1FF3EA445EAD90FFABA
S21401DE808EF08842EDDA2120BDE8F0814FF6FF7270
S21401DE9099B29142F7D09BB203EBC30306EB83061C
S21401DEA02846B6F9122095F83011D5F8F080EEF72D
S21401DEB009FE0746B8F1000F04D000233246284673
S21401DEC01946C047EC85C5F8E06085F83971002031
S21401DED0BDE8F0810E20BDE8F08100BF2DE9F047D6
S21401DEE082B004460F46164601F086FE002863D12E
S21401DEF04F4D2B68D4F8DCA0D4F8E0800BB1534525
S21401DF0076D04FF00009AF6001F09EFE012807466B
S21401DF1065D120461AF01DFD002851D12B68DAF88C
S21401DF200010D8F8002013B1186888426BD020463C
S21401DF301AF0C1FCC5E900A8D4F8F0508DF80760C6
S21401DF40002D67D00022204611460DF10703A84791
S21401DF50204600F0EDFF0546B9F1000F0FD076B967
S21401DF60D4F88C300BBB012F05D025B1314B0021E5
S21401DF7003205B689847284602B0BDE8F087B5FAEB
S21401DF8085F040F207523321400900F0BBF83146D4
S21401DF90204601F00BFA284B05461B6841462046F1
S21401DFA09847D4F88C30002BDDD000224FF4007354
S21401DFB0204600F0E1FBD6E700231D4D6B6098E795
S21401DFC094F82530DA07A9D5D4F894305B05A5D5A1
S21401DFD01A4B0122002120461B6898479EE7002124
S21401DFE0012000F001FC01F02FFE0128FBD190E793
S21401DFF06B68002B85D0434583D1AB689F4215D013
S21401E0004FF001097FE7696811B10968914291D023
S21401E01059688CE794F82A1094F8393132469942B7
S21401E02028BF1946204600F0D1FE91E70025A2E759
S21401E030D0710020D0750020C4750020206100201A
S21401E040F8B50F4605461EF074FF394606462846C3
S21401E050FFF7E6FE044620B130461EF065FF204677
S21401E060F8BD01F0A7FD224639462846FFF736FFE0
S21401E07004460028F0D128461AF06BFC0028EBD0A5
S21401E08095F8253013F001030DD0D5F894205205EC
S21401E0900DD5B5F82A21BA4205D0B5F82C31DB1BCF
S21401E0A0B3FA83F35B09034A82F8C430D4E7234604
S21401E0B0F9E700BF001E00B013B5044669461AF022
S21401E0C00CFA20461AF050FBFF28024606D02046DE
S21401E0D09DF80010EEF774FD02B010BD0048FBE796
S21401E0E00080FFFF38B5044D044C054B28602160C5
S21401E0F01A601EF019FC38BDB0600020CC750020F7
S21401E100B460002010B550B90548064B01600648BA
S21401E11002601868054B18601868FFF7E3FF10BD2A
S21401E120CC7500200C620020B4600020B060002096
S21401E1302DE9F0418AB001AC05460B462746194A3F
S21401E14002F1200C264610685168083203C6624563
S21401E1503446F7D1002B08BF3B46002710681C4603
S21401E1603060384603F10C0690B95FFA87F84246EC
S21401E170284621881AF0F0FB50B942462846E18825
S21401E1801AF0FBFB20B94246314628461AF007FC36
S21401E1900137032F06F1080604F10204E4D10AB0A0
S21401E1A0BDE8F081E8A30400F0B589B005460E4647
S21401E1B01AF004FC044600BB01AC06F10C070FCFB5
S21401E1C00FC497E8070084E8070001A92846FFF76F
S21401E1D0F9FD2846311D1AF0CBFD044648B92846FC
S21401E1E0074901F057FA044618B9284601F0C6FD5A
S21401E1F0044628463168FFF79BFF204609B0F0BD6C
S21401E200E0A3040001491AF0BBB900BF4DFD0100AF
S21401E21070B5164E032804460D4633781ED023FAF1
S21401E22004F202F00102AA421DD053B10122A2401B
S21401E230A54023EA02032B43DBB233704BB1012026
S21401E24070BD2DB10A4B01201B6898473378EDE766
S21401E2503570074B00201B689847F0E79A07DED019
S21401E26003F0FC03E9E7002070BD00BF1A6F002031
S21401E270F460002038B504460D4605F077FD60B120
S21401E28001F0C6FC48B9012D07D801201AF041FB60
S21401E2900D4B1B6823B15B6898470C4B1C7038BD4F
S21401E2A01EF0A1FF0A4B1A68801A18601DF0B6FC12
S21401E2B04FF47A72074B1B6802FB00301AF05EF9C6
S21401E2C0012001F0ADFCE8E718610020EF7800209E
S21401E2D0EC600020F0600020F8B505460C461EF004
S21401E2E028FE104F06463B7833B1012D04D01CB9E9
S21401E2F00D481DF0E5FB3C7021462846FFF788FFD8
S21401E3000A4B04461B783BB93B782BB91AF0F5FA51
S21401E31010B1074B1B68984730461EF005FE204695
S21401E320F8BD00BF1B6F0020C86000201A6F0020D8
S21401E330D0750020054A0B46117831B100211170C5
S21401E340034A012152681878104770471B6F002056
S21401E350D0750020124B0239012910B518701ED84D
S21401E36005F004FDD8B101F053FCC0B101F034FA58
S21401E370A8B90C4B1C6834B123689847BDE8104017
S21401E38000201AF0C6BA1AF0F7F8074B18601EF00C
S21401E3902AFF064B1860204601F042FCEEE710BD4E
S21401E3A0EF78002018610020F0600020EC6000206B
S21401E3B038B5044680B11EF0BCFD0121044608466E
S21401E3C01DF022F801210B4A084616F060FD204692
S21401E3D0BDE838401EF0A8BD1EF0ABFD054621463F
S21401E3E001201DF011F801202146024A16F04FFDCA
S21401E3F02846EDE763790400F0B585B01EF099FD77
S21401E400344D04462B7823B133481DF059FB0028C0
S21401E41052D11DF0DFFB02AA03A91AF058FA0346EF
S21401E420002838D01AF067FA029B98421CD10020C7
S21401E4302A4B03991B682A4E9942307020D900272F
S21401E440C91A012324482B70264A3346CDE90077A2
S21401E4501EF0A5FE002837D1234A1378D90701D527
S21401E4603178F9B1204611E01AF043FA029B98423E
S21401E47028D0002318461949194A096813700391D0
S21401E4800121FFF7C5FE002320462B701EF04CFD30
S21401E490002005B0F0BD20462B701EF045FD212062
S21401E4A005B0F0BD03F0FE031370002BDAD10F4B5D
S21401E4B01B6898472046E9E720461EF035FD0E20EA
S21401E4C005B0F0BD0220B3E7032320462F7033705A
S21401E4D0F3E700BF1B6F0020C8600020E860002043
S21401E4E0EE78002035E301001A6F0020F46000206A
S21401E4F038B51EF01EFD0F4D04462B789BB90E4A0B
S21401E5000E4913700E4B0F4A0F481A600F4A5A6095
S21401E510EFF782FF0E490F48EFF77EFF0E4B0F4ACB
S21401E5201A6001232B70F0F781F820461EF0FCFCE0
S21401E530002038BD1C6F00201B6F00200CA40400B7
S21401E540D0750020F9E30100B8600020D9E201008F
S21401E55014A40400C0600020F4600020B1E30100B0
S21401E5602DE9F0438F7880460F2F0C4685B003D9EE
S21401E570212005B0BDE8F08327B90123374A0020E2
S21401E5801370F6E70D784E78EDB9002EF0D194F9B8
S21401E5900310E08803F00AF82128E9D055EA0603BB
S21401E5A0A088DFF8C89013D003F064F84FF6040390
S21401E5B0B9F8002001469A424BD1AE42334638BFE5
S21401E5C02B4600262DE0082DD2D8082ED0D8DEE71F
S21401E5D003F050F84FF6040501464FF60500204AB1
S21401E5E0136E9BB2AB4208BF0346B1F5803FA9F854
S21401E5F000300FD902230825136680230126C2F8AE
S21401E60080302B4649084FF6FF720139914228BFE8
S21401E610114608E08023012608251666C2F88030D8
S21401E6202B460029EFD1002202920122013FFFB2C0
S21401E630009201972A4608F1F80002F0B7FE1EB1D3
S21401E6404FF48012074B5A65074BA2681A600223E3
S21401E65094E703480266A9F80030AEE71D6F002074
S21401E66000C001B800D001B8006100206478002025
S21401E67010B50446D0F818210B4B4FF40061C3F8CF
S21401E680A82090F82420D20102F4006205F0D2FA04
S21401E69094F8243013F0100F4FF4007314BF034A9C
S21401E6A0034A136710BD00BF001E00B0001002B879
S21401E6B0002002B8431C07D06FF0FF02034B104046
S21401E6C01A62A3F580531862704700BF00E000B8D5
S21401E6D0F8B504460F4616461EF02BFC0546A04725
S21401E6E0044620B128461EF01FFC2046F8BD04F063
S21401E6F07FFC04220549D1F8D83E23EA07033343B9
S21401E700C1F8D83E024B1A67ECE700BF001000B014
S21401E710002002B800F01803182B0AD003070AD409
S21401E72040F2011310F0100018BF1846034B18658D
S21401E73070470020FAE70120F8E700BF001F00B08D
S21401E740044B1868830654BFC0F30F204FF6FF70C2
S21401E750704700BFE861002038B10368044A002B07
S21401E76008BF1346034A13607047014BFAE700BF20
S21401E770C7850300DC75002010B4D0E9544122405F
S21401E7800B4052EA030104D003495DF8044B0968C3
S21401E79008475DF8044B7047DC7500200F2938B533
S21401E7A005460C460ED801F04FFA01280CD1074A4F
S21401E7B02846D36B23F00F032343D3631AF00DF9D6
S21401E7C0002038BD2120FCE70220FAE7001F00B038
S21401E7D0014B186C704700BF001F00B0014B0020B2
S21401E7E019647047001F00B003282DE9F3478846D7
S21401E7F055D82C4B13F800902B4B1E5C2B4B13F863
S21401E80000A01EF096FB074604F03EFB054640B10D
S21401E81000230022CDE9003301200023002104F06B
S21401E82079F904F039FB48B100230022CDE9003321
S21401E830002000234FF4004104F06CF96EB31C4B2A
S21401E840DC6C04F008041B4B3146DC64484604F0DB
S21401E8502DFC52463146484604F092FC164BDC64C9
S21401E8606DB1164B1868D0F89410F83003F06EFAB4
S21401E87013490868FFF71EFF4FF0FF330B60B8F12E
S21401E880000F04D00F4B002103205B6898473846E1
S21401E89002B0BDE8F0471EF047BB3446D3E702B0EE
S21401E8A0BDE8F08724A4040020A404001CA40400EE
S21401E8B0004000B8006000B8005000B80C620020AC
S21401E8C0D8750020D07500200F4A136F13F0A00FE3
S21401E8D015D1506F10F0040013D10C4BD3F8D83E6D
S21401E8E023F07F4323F0FF035BB1D368C3F30362D6
S21401E8F0092A07D0B2F10C0018BF0120704700208A
S21401E90070470120704700BF000002B8001000B039
S21401E91070B50D46064620B91A4B1B68A3B10E20EA
S21401E92011E001F091F9012829D1174B93F9004024
S21401E930C4F11C04641BC4F11C03002BB8BF5B426A
S21401E940232B0CDD212070BD81EAE173A3EBE1737B
S21401E950DBB2232BF6D80C4B19700020F3E786F8B0
S21401E96028501EF0E6FA094AE402D36904F4FF24AB
S21401E97023F4FF231C43D4611EF0D6FAEDE70220F0
S21401E980E1E700BF0C6200201E6F002000C000B847
S21401E99018B9034B93F90000704790F928007047A7
S21401E9A01E6F002010B5044619F0D3FF10B10120E8
S21401E9B001F0D4F92046FFF75BFE1EF0BAFA0A4AC8
S21401E9C00121D2F8A030044623F02003C2F8A0307B
S21401E9D00222064B08469A60054B5B68984720461C
S21401E9E01EF0A2FA002010BD001E00B0001002B8F2
S21401E9F0D0750020064B5A6A920207D4D3F88030AD
S21401EA0013F4706F14BF0120002070470120704777
S21401EA10004001B8F8B50E46D0F8943002EA010479
S21401EA2023EA01032343C0F89430464A01F00B035E
S21401EA3023EA0401D1642340A2F58052D36472070D
S21401EA40054610D50121FFF7D5FF60B104F0D0FAD5
S21401EA504FF4007314F0040F14BF3B4A3B4A536251
S21401EA6004223B4B1A67F30606D514F0100F14BFA9
S21401EA7000221B22374B5A6537061DD5200616D5B0
S21401EA804FF40012304B1A62012203F58053C3F88B
S21401EA9000211EF04EFA0E210746032003F09EF8D1
S21401EAA040F201222B4B3846DA621EF03DFA21462F
S21401EAB005F1F80003F04AF9F10503D5E2052AD578
S21401EAC003F05CF8B30503D5A70527D503F062F874
S21401EAD016F48C6F1DD014F4806224D095F825307E
S21401EAE0DC070CD5EA8DB5F82A31934219D0B5F872
S21401EAF02C31981A43424341174A82F8C430D5F85C
S21401EB00E410284619F060FD8022144BD864144B9B
S21401EB101A610020F8BD03F02BF8D3E703F034F8B0
S21401EB20D6E70123E8E77105E9D595F82530DB0737
S21401EB30E5D5094B114683F8C4200A4B28461B68C5
S21401EB409847DCE7006000B8005001B8006001B8E3
S21401EB50002002B8004000B8001E00B0001F00B040
S21401EB60000002B820610020014B1868704700BF02
S21401EB700C61002037B51EF0DCF9002401230022C9
S21401EB80CDE90034002305461946104603F0C2FFBE
S21401EB90022002F0E7FA064B21461C60054B0220D4
S21401EBA05B68984728461EF0BFF9204603B030BD83
S21401EBB014610020D07500202DE9FF4102290D4681
S21401EBC016469846039004D1FFF7D4FF04B0BDE87B
S21401EBD0F0811EF0AEF91E4F04463B683BB1B342CE
S21401EBE005D01EF0A1F9002321203B60EEE7194B6A
S21401EBF00022C3F800803E60002301264FF0000883
S21401EC0010461946CDE9006603F084FF124B022038
S21401EC1083F8008002F0A6FA43462A46022003A99A
S21401EC2002F0BEFA0D4B039A1A6008B92046D8E7DF
S21401EC300B4D2B689847212804D020461EF074F906
S21401EC400020C3E731466B6802209847F5E700BF0E
S21401EC501461002010610020206F00200C6100204C
S21401EC60D0750020044B5B6E5B054EBF0120034B45
S21401EC70187800F00100704700C001B8206F00202E
S21401EC800A78022A11D0101F4242424152004B78A4
S21401EC901201022B0BD0191F4B424B415B00054959
S21401ECA0054842EA8312FFF713BD0122EFE701236D
S21401ECB0F5E700BFF0FFFF0091FC01000B78022B87
S21401ECC010D0181F434243415B004A78022A0BD0FA
S21401ECD0111F4A424A4152000F21044843EA820268
S21401ECE0FFF7F6BC0123F0E70122F5E7BDFC0100C2
S21401ECF02DE9F8430E780446042E0D4690F830812F
S21401ED000BD100275FFA87F9484601F07DFD08B16F
S21401ED104E4602E00137042FF4D1304601F074FD6F
S21401ED20002849D094F83031B34209D1AA88D4F8E2
S21401ED30A8309A4204D16A88B4F832319A4238D05F
S21401ED4084F83061AB883046A4F834316B88A4F877
S21401ED503231AB8804F59875C4F8A830FF2384F8DF
S21401ED602B3019F0EBFE84F82A00284601F078FCD7
S21401ED7018BB284601F03EFDF8B9D4F8E03053B18F
S21401ED8094F83011414506D02046B3F91220EDF72C
S21401ED9099FE84F83901204601F09AFE0949A4F843
S21401EDA034010123084AD1F8FC1004F1F80003F0FD
S21401EDB0AFFC0020BDE8F88321200C2384F8303115
S21401EDC0F8E700BF001F00B0581F00B0F8B50546B1
S21401EDD090F830010C460C28164623D0FF2923D084
S21401EDE01AB14FF0FF32114B1A6019F0A7FE074611
S21401EDF095F8300101F068FD844228BF0446E4B26C
S21401EE00BC4238BF3C46E0B285F82B0001F002FE5A
S21401EE10FF280CBF2124002416B9284601F068FDFE
S21401EE202046F8BD0224FBE72124F9E7E07500201F
S21401EE3010B590F8303104460C2B43D0D0F8E030B2
S21401EE4080F82A10D3B3D0F8F020CAB990F8393137
S21401EE508B421BD300222046FFF7B8FF40BB1A4B5C
S21401EE601B78022B23D8204601F032FE17490123D6
S21401EE70174AD1F8FC1004F1F80003F049FC16E03B
S21401EE80B0F94220B3F912309A42E3DD002220465F
S21401EE9094F83911FFF79AFF50B9C4F8E0002046FC
S21401EEA019F095FA4FF6FF739842014601D10020FA
S21401EEB010BD2046BDE81040FFF7C2B8FF2380F81A
S21401EEC02B30F4E70220F3E768780020001F00B03B
S21401EED0581F00B0F0B51D46144B04461B780F466C
S21401EEE0164685B05BB1D0F8E030E3B102AAB3F9BB
S21401EEF012300092002214F02CFF05B0F0BD02A9DA
S21401EF0019F0EBFA9DF808103A462046EDF7DAFDBF
S21401EF10014626B92A462046FFF758FFEDE7204668
S21401EF20FFF786FFE9E71846E7E700BF6E7B0400B8
S21401EF30D0F89C30012B01D10020704770B50446F3
S21401EF4065498CB019F02FFED4F8E0600146E58DD6
S21401EF50C4F8E40026B1336813B15B68002B71D1A5
S21401EF601DF0E7FF1DF0E0FF0123D4F8E4108DF853
S21401EF700630B389D6E90120EB1A9BB200FB0322C7
S21401EF805648ADF80430036800928B4207D02046FD
S21401EF9019F01AFB80225249524BC8641A61514D2E
S21401EFA000F052FE0128FBD1AB689E06F8D420463D
S21401EFB09DF80620009906AB03F0E6F800283ED13E
S21401EFC000F042FE0128FBD1464A136FD801FCD45B
S21401EFD093689906F9D4684606A903F08DFA0546A2
S21401EFE068BBE28D404B5A6494F8243060F34103C9
S21401EFF084F8243000F0EEFFD4F8E0305969431E5F
S21401F0000E68DBB2FD2B029622D9F31C34D84B686E
S21401F010FF2803935ED10126DA1C25D8024602A9F1
S21401F020204619F0E9FCE6B9D4F8543199053FD4E5
S21401F03094F8243043F0020384F8243011E00220CF
S21401F0400CB070BD1A68032A8AD99B6A5B0E8EE7DC
S21401F0504B6801280393DED00246204602A919F028
S21401F060CBFC00200CB070BD0133204B5B6816D082
S21401F070DA1C23D80393D1E71C4B01361B6818BF53
S21401F0800126DD1C06D802934B68FF280393C3D0E4
S21401F0900020C3E7FF284B6819D00393C3E7DD1CA4
S21401F0A00FD80246204602A9039319F0A5FCBBE738
S21401F0B020464FF4803119F027FED2E7FF28B2D15F
S21401F0C0E6E7FF28B0D10022204602A9EDE701209D
S21401F0D00393A1E72A46C0E7FC1F00B0FC600020AE
S21401F0E0001F00B0000002B8008001B8E8750020DB
S21401F0F010B50C4619B119F02CFC00B104342046A9
S21401F10002F0B8FA024B4042C3F8C80E002010BD08
S21401F110001000B0838E70B593420C4615461CD382
S21401F120836C8B4208BF00241DF003FF4FF49C53F1
S21401F1300B490646CA68C2F30362D340DA0702D512
S21401F1400B6F9B0304D401222946204601F016F8D2
S21401F15030461DF0E9FE002070BD2120FCE700BF0F
S21401F160000002B82DE9F84F064615460B4611B9C0
S21401F1702120BDE8F88F002AFAD0032905D80022FD
S21401F18001F05EF903460028F2D01C889978B4F5A0
S21401F190804F01F0070080F0C580A0F1070C1A79B6
S21401F1A093F805A0DF88DCF1000343EB0C03052888
S21401F1B02B7394BF0023C1F30013C1F3801C6B7340
S21401F1C08B0985F810C003F00203C1F3C00C43EAB3
S21401F1D00C03C1F340116B74A974AF82002A40F08E
S21401F1E0828096F81E31013BDBB2EB74D6F8943080
S21401F1F0DF0600F18380063801287FD8B6F8128032
S21401F200F76908F1FF38484B083C04EA08045B6DCF
S21401F2103B5D0134802B0EBF6FF07F03323B5BB248
S21401F220AB730023AB6096F8279004EA0804B9F1A3
S21401F230000F61D1631D03EA08035A1C02EA0802A3
S21401F240BA5CFB5C43EA0223D9040FFA83FB4CD574
S21401F250D6F8E43013B11B68022B05D841F24D7283
S21401F2604C210020FEF74EFFD6F8E420CBF30B032B
S21401F27092F82420DB000AB1B3FBF2F39A4508D8D2
S21401F2803BB1CAEB0A2ABAFBF3FA6FEA0A0A5FFA3B
S21401F2908AF9D6F8EC3023B1484695F90E1098470E
S21401F2A08146631C85F80F9003EA0803F95C013375
S21401F2B003EA0803FA5C013303EA080341EA022180
S21401F2C0FA5C013303EA0803F85C41EA02410023D1
S21401F2D041EA00616A7C304603F0D8FA06232860CA
S21401F2E0AB71002045E7531E7EE717F804904FEAFE
S21401F2F049095FFA89F9CCE79946D2E7002300204D
S21401F300EB730A4B5A69C2F30723120448BF63F032
S21401F310FF035AB212F1800F1CBF323B5AB2AA73D6
S21401F3200346DCE7022024E7004000B800C000B82E
S21401F33038B5148811F003054FEAC40422D13F2CD6
S21401F34020D9B4FA84F4C4F11903DBB2052B01D831
S21401F350192C15D0052B28BF052301240633DBB253
S21401F3609C40C4F3CF03138003828161448700F07D
S21401F3702DFF054A631E2343C2F8A430284638BD34
S21401F3802B46EAE72125F9E7001E00B011F5004FEC
S21401F3901FBF01F30E01044BC1F30E01002014BF81
S21401F3A099642120704700BF008001B8F8B5044673
S21401F3B00E4619B990F824305A063FD44FF6FF731B
S21401F3C0618ED4F8E470994204D0314B1B680BB1BE
S21401F3D0204698472F4D2B68BB424DD02E4B1B68BD
S21401F3E03BB11FB13A68002A48D0BF68394620466B
S21401F3F098470727204601F06BFB002E32D00627E0
S21401F4000126264B94F9282093F900302449C3F1AC
S21401F4101C039B1ACA69DB0222F4FF2203F4FF23B2
S21401F4201343CB61D4F8E4301E4A2B601E4B97671A
S21401F43020461E7019F0D1FA0020F8BD4FF6FF7174
S21401F440144DD0F8E4702A6866F386139742418615
S21401F45080F8243017D0104B1B68002BC1D101F067
S21401F46037FB072711493B46114AD1F8FC1004F136
S21401F470F80003F04DF9C2E70127BBE7174620461F
S21401F48039469847B5E701F023FB0127EAE700BFB5
S21401F49008610020FC600020046100201E6F00202F
S21401F4A000C000B8006000B81F6F0020001F00B049
S21401F4B0581F00B0054A12681AB190F81E1119B902
S21401F4C01047084602F0AABB01487047F8600020C2
S21401F4D000FEFFFF344B2DE9F7431C6801F4007969
S21401F4E000F00103174653EA090206460D4635D0D9
S21401F4F04FF000083BB30023002200210120CDE994
S21401F500008803F007FB042001F02CFE414620464C
S21401F510FFF7D0FF012241462086104618F009FF6A
S21401F520D4F8941004F1F80002F010FC1F490868A2
S21401F530FFF7C0F84FF0FF330B6094F8243043F028
S21401F540040384F82430B9F1000F07D001212046C6
S21401F55019F0DAFB25F4007506430D432B463246B7
S21401F5602046FFF709F9FB070FD51149114A08682C
S21401F57000211368116001210F4A117003B19847E9
S21401F5800E4B002102205B68984717F00E0F08D03B
S21401F5904FF409723B21002003B0BDE8F043FEF7AB
S21401F5A0B1BD03B0BDE8F0830C620020D875002021
S21401F5B01061002014610020206F0020D07500200B
S21401F5C008B5482200210248FDF72CFF002008BD9F
S21401F5D0DC1E00B073B578216422A0F814118221D4
S21401F5E00C23C0E94112C0E94322C0F800210722DA
S21401F5F04FF0FF35002680F830314FF6FF73044692
S21401F600C28700F14C0282641E4AC385A0F84030CE
S21401F61080F82C3043864263038780F82860C0F860
S21401F620A850458580F8265003F03EFC2046FFF79B
S21401F630C7FF94F928102046FFF76AF9602340F6C1
S21401F640FF71114A2046D36402F11C42D162D16592
S21401F6500E4A2946D36440220D4B1A67D4F89420EB
S21401F660FFF7D8F90E230022CDE9003340F202233A
S21401F6701046194603F04EFA01F0E2F8304602B0A1
S21401F68070BD00BF4000FFFF004000B8005000B84A
S21401F690002002B810B50C46FFF792FFBCB1A37864
S21401F6A0082B16D8E278082A13D843EA021313F077
S21401F6B0FF030CBF19466168074AC2F8DC102178BF
S21401F6C082F82011617882F8233182F82111002016
S21401F6D010BD2120FCE700BF001E00B0012A10B5B6
S21401F6E012D8032B10D803EB82020123074C934058
S21401F6F094F82201DBB221B10343002084F82231C1
S21401F70010BD20EA0303F8E72120F9E7001E00B048
S21401F710034670B50C68B0F83421013408BFD3F83D
S21401F72000418D6808BF0C604C68F830013404BF96
S21401F730D3F80C414C606E1C3CD1D3F80841CE681E
S21401F7408C60751C3CD1D3F804510E69CD6001362E
S21401F75004BFD3F8F8600E614E69013604BFD3F8D2
S21401F760FC604E618E69013604BFD3F810618E616C
S21401F7708E695EB35A32B24238BF32460E688A612B
S21401F78016B15A2E38BF5A26C3F808414C68C3E949
S21401F7904065C3E943420A69C3F8F8204A690C493F
S21401F7A0C3F8FC20D1F8FC1007230A4A02F0B0FF88
S21401F7B0002070BD02F15A04AC4238BF2C46BEE7A9
S21401F7C002F17805B54238BF3546BEE76422D5E773
S21401F7D0001F00B0581F00B070B51DF0AAFB04460C
S21401F7E00B4E00F031FA012805D020461DF09CFB97
S21401F7F00225284670BDF36813F0706FC3F30365E6
S21401F800EFD1B36ADB06ECD520461DF08DFBF0E7A1
S21401F810000002B838B51DF08CFB4FF6FF710A4A9E
S21401F82013888B4203D11DF07FFB0E2038BD074C99
S21401F830074D1B046566A4F58054636611801DF0B0
S21401F84073FB0020F2E700BF66780020006001B875
S21401F8500000FFFF2DE9F74304460F4615461E46F6
S21401F860FFF732F830B3A38A23B3204618F077FEA9
S21401F87078B9002E40F0F280794BD3F8D83E03F0E9
S21401F8803002102A00F0EA8003F0C003402B00F09B
S21401F890E580DFF80082D8F81430D90740F1DE8021
S21401F8A01DF047FB0646032001F058FD30B13046F7
S21401F8B01DF03AFB022003B0BDE8F083D8F814200F
S21401F8C012F00608F3D130461DF02EFB644B4FF4C0
S21401F8D000612046D3F8D89ED3F8AC6E04F0BEF98A
S21401F8E040B14FF4007201215E4B08461A6742464A
S21401F8F018F01FFD94F82530DA0707D5D4F89430B0
S21401F9005B0542BF4FF40022574B1A673946204623
S21401F910FEF796FB524BC3F8D89EC3F8AC6E002890
S21401F920C9D194F82430980601D4002D57D0C5F3D8
S21401F930400003F023FB022315F4807F1BBF002148
S21401F940494A484A136717BF484A13675161136308
S21401F95003F04EFB4FF4806315F0040F14BF444AC6
S21401F960444A15F0400F53624FF004023D4B2846BF
S21401F9701A674FF0400314BF3F4A404AC2F8883026
S21401F980FEF7C8FE204618F014FF38B14FF4807316
S21401F99015F0010F14BF344A324A1367A90647D53A
S21401F9A04FF6FF72B4F8403093420FD0344A3549CF
S21401F9B0526E100CC2F301120132B3FBF2F308804F
S21401F9C02B4A2C4930481B0448665366003D18BF35
S21401F9D0012594F8243065F3451384F82430204635
S21401F9E018F0B7FFF0B1204618F0E3FED0B14FF49F
S21401F9F00031204604F032F9431C03229BB223480F
S21401FA0001A919F05EF89DF8042002F00703052B02
S21401FA109DF8053015D112070DD443F480731C4AA6
S21401FA20C2F8B830002003B0BDE8F04319F056B86C
S21401FA30FFF7F0FECAE713F0040F09D19DF8063070
S21401FA40EBE703F03002202A05D113F0010FF4E7AB
S21401FA504FF48073E3E79DF80630E0E70E202AE7CF
S21401FA60001000B0002002B8001002B80040005498
S21401FA70005001B8006001B800D000B800E000B83E
S21401FA80004001B8667800200000FFFF08400054DF
S21401FA90001E00B000C001B82DE9F34106468846B5
S21401FAA015461F461DF045FA0446032001F056FC94
S21401FAB038B120461DF038FA0E24204602B0BDE8C3
S21401FAC0F081042001F04AFC0028F2D120461DF006
S21401FAD02BFA01232A4641463046FFF7BBFE044671
S21401FAE00028EAD1DFF8C8805FB388F800003946FD
S21401FAF03046FEF735FD00284CD198F80030012B32
S21401FB001CD02022244B1A67244BDB6CB3F5817F73
S21401FB101FD2012019F023F81DF00BFA204B0646E0
S21401FB201B680193CBB901F093FC15F0800526D133
S21401FB3001F0E0FC284603F0F5F925E003F008FAA9
S21401FB40BBE798F80030012BF8D0002BD9D121243F
S21401FB50B3E78022134B1A61DBE7042001F002FBB6
S21401FB6000230122042001A901F01AFB0028DAD1A2
S21401FB7003F056FA212430461DF0D6F99DE70022FF
S21401FB80094B9A6701F0B6FC084B01215B6800201F
S21401FB909847F0E7044690E7001002B8001F00B04F
S21401FBA000610020000002B800C001B8D075002036
S21401FBB01D6F002008B50C4BD3F84C114B1C12D00E
S21401FBC011F080410FD1094B1B6813B10320FEF7DA
S21401FBD00BFE4FF080624FF40071054BDA67054A61
S21401FBE0D16201225A6108BD0080E00F0C6200203C
S21401FBF0001002B8004000B84FF40022034B186F03
S21401FC0003F500531A67C0F3C0407047000002B8FE
S21401FC10024B586900F00100704700BF00C001B8F0
S21401FC20084B5A69D10707D508B901F077BA5B695D
S21401FC30DA0706D401F064BA5B69DB0701D4002851
S21401FC40F8D1704700C001B80F4BDB68C3F30363FC
S21401FC50013B0B2B0FD8DFE803F006060C06060661
S21401FC6006080A0808080220704704207047052085
S21401FC70704703207047054B5B6913F0060F0CBFF6
S21401FC8001200420704700BF000002B800C001B880
S21401FC90094AD368C3F303630B2B08D06FF4905063
S21401FCA0184100F0010080F0010040007047106F1D
S21401FCB010F48030EDD17047000002B80C4AD368CA
S21401FCC0C3F30363062B07D8042BD8B20BD8C31E85
S21401FCD05842584140007047072B06D1D2F83001F0
S21401FCE00028ECD17047022070470020704700BF03
S21401FCF0000002B8094BDB68C3F303639A1E012AAE
S21401FD008CBF00220122012B02701EBF4FF402623B
S21401FD1022FA03F303F001030B707047000002B8E8
S21401FD20094AD368C3F30363032B01D0072B08D119
S21401FD30536FDB0605D4906F80F00800C0F3C00057
S21401FD4070470020704700BF000002B8024B002237
S21401FD50196818F0DFBD00BF88A40400024B1B68B9
S21401FD6003B11847704700BF2C610020024B1B6887
S21401FD7003B11847704700BF2861002010B5FF2265
S21401FD804FF6FF71044618F0E7FD68B9FF224FF6FB
S21401FD90FF71204618F0F1FD30B92046BDE810404D
S21401FDA0FF22024918F0FBBD10BD00BF2CA40400C1
S21401FDB02DE9F0411C46184B05461E680F46904635
S21401FDC046B1306801F01CFEF3681BB1B3681868D1
S21401FDD001F016FE114B1B682BB1DA681AB19B684D
S21401FDE0186801F00DFE9DF81830640744EA0842D1
S21401FDF05B0503F0BC6342EAC7621A43284608491A
S21401FE0042F4C87203F016FF002228461146FFF797
S21401FE1081F90020BDE8F08184A4040088A40400D0
S21401FE209007E12D08B5FFF77BFF88B1094BDA692A
S21401FE3012030DD5186F10F4003009D19B6F13F023
S21401FE40100F4FF010030CBF034A044A936708BD16
S21401FE500220FCE7000002B8001002B8002002B839
S21401FE6038B50446F8B1124AD3691B031DD5556F40
S21401FE70104BC5F38115032DB3F8B4300DD108220C
S21401FE80083B9BB221460C4818F01BFE0020084B8D
S21401FE9025729B6F1B0A637238BD022D05D1023B8A
S21401FEA02A469BB2EEE72120F6E70220F4E700BFE0
S21401FEB0000002B8001E00B038400054431EDBB2FA
S21401FEC0FD2B14D9FF280B6801D14A68134313F0A0
S21401FED0802F1EBF42F20102074BC3F8282251F8B9
S21401FEE02020054BC3F85022C3F85422704701283E
S21401FEF0F5D10023E9E700BF004001B8F0B585B0B1
S21401FF006D460E460F4B074614460FCB85E80F008D
S21401FF100D4BD3F848020090D3F84C2201923EB123
S21401FF20631EDBB2FD2B0AD93060FF2C00D1726054
S21401FF3022462946384618F05FFD05B0F0BD012C73
S21401FF40F4E700BF34A404000080E00FF0B585B0EC
S21401FF506E460D4B07460D460FCB86E80F0000F0A8
S21401FF6039F8314604460246384618F0BEFE4DB111
S21401FF7040B9FF2C1BBF04AB03EB8404009B54F871
S21401FF80103C2B6005B0F0BD34A4040030B50C4B1A
S21401FF900546187085B0082380B90A4AC2F8FC33B2
S21401FFA051B96C46084B0FCB84E80F00074B2A4625
S21401FFB021461868FFF7A2FF05B030BD044AEDE7F9
S21401FFC0F0780020001002B844A404000C6200205F
S21401FFD0002002B8014B1878704700BFF078002067
S21401FFE0124BD3F8E020D2031ED54FF480321049CD
S21401FFF0C1F8E020A1F58051C1F8EC201A6CD1B20D
S214020000C2F30722C3F88010C3F880200422C3F884
S21402001080200022C3F88020C3F88020C3F8802006
S214020020C3F88020C3F88020704700BF0040005409
S21402003000600054F0220A4B01219A64A022A3F524
S21402004080539A64074B826CC3F8C010FC21C3F835
S2140200509810C3F89C204FF40052C3F8BC20704797
S214020060006000B800400054F8B50D461746064634
S2140200701CF05FFF01230421084C094A2363A76092
S214020080E6602561C2F8E010064AC2F884311CF028
S2140200904BFF0DB102232363F8BD00BF004000549E
S2140200A00060005400E100E00222024B58611A632D
S2140200B0704700BF004000540122044B1A6640F607
S2140200C0FF729963D863DA65704700BF0040005438
S2140200D02DE9F04F042A05460B4683B039D901268E
S2140200E00978141F81615A7803F1040982619A78AB
S2140200F08261DB7883610368D0F808B003F00703F7
S21402010006339E4006F1FF3A0AEA0B084768A6EB5A
S2140201100802944247F000570ED84946224607EB9B
S2140201200800FDF70FFB46EA0A0604EB0B02324014
S214020130AA6003B0BDE8F08F494607EB08000192BB
S214020140FDF700FB019A384609EB0201A21B424466
S214020150E7E7013A032AECD8DFE802F00B080502CB
S21402016013F8012B826113F8012BAA6113F8012BF5
S214020170AA611B78AB6103B0BDE8F08F38B50C46B8
S214020180154601460F4B60B101220F48C3F8C02046
S2140201902246FFF79DFF1DB104220A4BC3F8C0207A
S2140201A038BD64B1D3F8A420A24284BF0122C3F8AA
S2140201B0C0200222C3F8A040C3F8C020EBE7012209
S2140201C0FAE700BF004000549840005438B5044691
S2140201D01CF0AFFE01211A4A638F054611663BB337
S2140201E0B3FA83F3C3F11903DBB2A069C2F8901025
S2140201F093660723D066C2F88C304FF4A02302F52C
S2140202000052C2F8E030A2F58052C2F8EC3000226A
S2140202100C4B1A600C4B1B6F5B0209D54FF4800225
S2140202200A4B04F1F8001A67D4F8941001F08EFD18
S2140202304FF4E0232846E363BDE838401CF074BE62
S2140202400040005430610020000002B8002002B8CE
S2140202502DE9F84305460C46B1B1D0F81880478F11
S2140202601CF067FEB5F83CC0791E01EA0C0323F0C9
S2140202700702032C0646DFF8F8E042445CD1DEF8BB
S214020280004024B91CF050FE0E20BDE8F88324F08E
S2140202900104DEF8000020F00100A04251D1002344
S2140202A0CEF80030238894426FEA43436FEA534302
S2140202B023803CD1EB8F08EB07091846083880B23A
S2140202C002F108044C4528BF4446082804D9B4F86D
S2140202D000E0BEF5804F3ED263440F431B1A3B40FC
S2140202E09BB2AB87E887118894781C4AC1F30C014D
S2140202F051645367C2F88C004FF48022184B04F006
S2140203000704C3F8E0200122164BC3F88421FFF746
S21402031067FE042C0BD14FF48002134B05F1F80054
S2140203201B6F124B1A67D5F8941001F00FFD30467A
S2140203301CF0FAFD0020A8E7601E012898BF1446AC
S214020340A7E7E88F4344E31A48BFDB190838984208
S214020350A8DC304696E72246B0E700BF00400054CD
S2140203600060005400E100E0000002B8002002B87D
S21402037030610020144B10B51968CA8F8B8F488FD6
S21402038013440138073B8C69034023F007031C44DF
S21402039002F108030D4A9BB2CB87C2F88C304FF4A9
S2140203A080220B4BC3F8E02001220A4BC3F88421BB
S2140203B0A07800F00700042803D1074AD3681B037D
S2140203C0FCD4064B1C6010BD0C620020004000549A
S2140203D00060005400E100E0000002B83061002036
S2140203E010B5064C216839B1CB0703D4044B186804
S2140203F0FFF72EFF0023236010BD00BF30610020F0
S2140204000C6200204FF480320B4B0C49C3F8EC20F0
S214020410A3F50053C1F8E020D3F888109A6E0123A2
S21402042002F0070206329340C1F30C01083B9942E0
S21402043001D8FFF7D5BD7047006000540050005445
S2140204402DE9F04780460C4616468769458F1CF014
S21402045070FDB8F83C2005F1FF3C02EA0C0323F0DD
S2140204600701032C82463944B8F83E0019D1494C9C
S21402047024689CB90244073A02EA0C0222F00702F8
S214020480BC183B44E31A48BF5B19834210DB504654
S2140204901CF04AFD00242046BDE8F08724F0010443
S2140204A0EFE7012C02D0022CEBD108380C46E8E725
S2140204B0002E3DD08C423FD1374AD2F8449036497E
S2140204C0B8F81270D1F88820C2F30C02934247DAC9
S2140204D02588B5F5804FDAD2A378C5F30C0503F06C
S2140204E007037A1EA5EB09053A43052B337005EA86
S2140204F002052DD82DB2E84340F241420421C00F36
S214020500FDF700FE7580E3783374D8F81C207B1E56
S21402051003EA0903D118B160A9B213FA85F5AF420E
S2140205202FBF0023FF1AB780F26024BFB180F360AA
S21402053050461CF0F9FCAEE7A4F10802974284BFCD
S214020540ED0802EBC502B2F80090C9F30C09B6E753
S214020550124B5B6D003B18BF0123A5EBC305C9E731
S2140205600B6C7A1EA3EB09033A431A400C4915B2E8
S214020570002DCB680BDCC3F30363D81E4342434112
S214020580DB0033708B6F72801B0A3374BDE708235F
S214020590F7E700BF3061002000400054004000B87A
S2140205A0000002B8054BA822D3F84C013121431CA7
S2140205B00CBF0120C0F38070FDF7A4BD0080E00FE1
S2140205C038B5094D0446286840F69702003818BF29
S2140205D001202B21FDF796FDFA235C432B680A20A7
S2140205E0B4FBF3F4604338BD64610020174B30B5AA
S2140205F01A68431C164B22D0B2F1407F1FD3154D0A
S21402060000F03F04D5F8002122F03F021443C3F85D
S214020610C84001F03F042243C3F8D020D5F8043185
S2140206200D4A1A400D4B03EA500003EA51011043EB
S2140206301143074BC3F8CC00C3F8D41030BD0020DA
S2140206400146C3F8C800C3F8D000F2E70080E00F06
S214020650001F00B0000002B81FF087E1E0FFFF7F36
S21402066073B5574E0446317819B91C225548FCF723
S214020670D9FE2378544A6188137051804FF0FC6289
S214020680524CFF21C4F8FC204FF47F02C4F8082124
S2140206904F4A022B4F4D117033D1042307224E4985
S2140206A0C4F8FC23C5F8FC33C4F800114FF4C0713B
S2140206B0C5F80011C4F8FC234FF48052C5F8FC3389
S2140206C0C5F870214FF40052C4F87021C4F80831FE
S2140206D04FF4FF13C4F8FC304FF4BB13C5F8FC30DC
S2140206E08023C4F8703148F2C8023C4BC3F8D820C5
S2140206F03B4B3C4A0020C3F8C02F0123337002B0A4
S21402070070BD394A012BC4F80021384B27D14FF46B
S214020710C072C5F80021D3F83802D3F83C12FFF7AE
S21402072065FF0723C4F8FC330223C5F8FC334FF4F5
S2140207308053C5F870314FF40053C4F87031042367
S214020740C4F808310DEB0300EBF7CEFF9DF8053039
S214020750023B012B9CBF8023C5F87031C3E7244AB5
S214020760C5F80021D3F83002D3F83412FFF73EFF63
S2140207700723C4F8FC330123C5F8FC338023C4F8EE
S21402078070314FF4805301A8C4F87031EBF7ACFF18
S2140207909DF80530012B05D19DF8043053B948F277
S2140207A05D1309E0FBD9023B012B9CBF4FF40053BB
S2140207B0C5F8703148F25813084AC2F8D83097E79D
S2140207C0216F0020C41F00B068780020002002B805
S2140207D0F4780020001002B8C0F10F00001F00B02D
S2140207E0001000B038610020C0F70F000080E00F54
S2140207F0C0F60F00034B1A6802609B8883800020B5
S214020800704700BF6878002010B5044601F026F84D
S2140208100A4BD3F8F83724B983F40023C3F3C04055
S21402082010BD012C05D113F4C02F0CBF01200020EF
S214020830F6E7A31E58425841F2E700BF000002B88E
S2140208406FF07F42154BD3F8FC37934208D0144A18
S21402085003F03F031370F123124A1370124A137007
S2140208601249134B09781A68A9B1B2F1A06F12D3D4
S214020870D3F850120F4A104BB1F1FF3F18BF134680
S2140208800E4A136041F66A020D4B1B68B3FBF2F385
S2140208900C4A13607047084BF2E700BF000002B82C
S2140208A0F5780020F6780020F7780020F37800200C
S2140208B00080E00F5082E00F68A40400346100203C
S2140208C08061002064610020012807D0022802D03F
S2140208D030B100207047034B18787047024BFBE795
S2140208E0024BF9E7F5780020F6780020F77800202A
S2140208F00023F0B590F8304185B002462046CDE997
S2140209000133CDF80B30FFF7DFFF92F82B30411E94
S214020910C9B28B4228BF0B46002C3CD0012C38D1E2
S214020920042418464FF00F0C384E0DEB0405B0FBAE
S214020930FCF7F75D013CC01BC0B2814238BF002005
S2140209406055002CF3D105240F278DF80830B3FB31
S214020950F7F0305C0344DBB28B4228BF0B462B55C4
S21402096001340B2CF3D10F2602F1A800D43215F86D
S214020970013BB3FBF6F14C1CC1EB01115B1A0133D0
S214020980DBB2E4B21B0443EA045340F8043F82425B
S214020990EDD105B0F0BD042418464FF00F0C1C4FE5
S2140209A00DEB0406B0FBFCF5EDB27D5D013C401B91
S2140209B0C0B2814238BF0020A055002CF2D10524D7
S2140209C00F258DF80830B3FBF5F0385C0344DBB234
S2140209D08B4228BF0B46335501340B2CF3D10F251F
S2140209E002F1A804D43216F8013BB3FBF5F1481C19
S2140209F0C1EB01115B1A0133DBB2C0B21B0443EA3E
S214020A00005344F8043FA242EDD1C2E761A40400B9
S214020A1054A4040038B5284B05461A7827490C2AF0
S214020A2002D1FF20087038BD104618F087F8044639
S214020A301046FFF749FFA84228BF2846C0B2A04288
S214020A4038BF20460B78C0B28342ECD0087088B11B
S214020A50431EDBB2022A1A490ED14FF0FC62C1F8DD
S214020A60FC20A1F50051D1F8FC2042EA4353C1F81C
S214020A70FC30D8E70346EDE7124A134C1268AC3254
S214020A80C4F8C02F4FF47F02C1F808210F49CA6F7D
S214020A90D202C8D40F22B3FBF2F2551CC2EB0212EA
S214020AA09B1A0133D1F808411B0443EA055323433A
S214020AB0C1F80831B7E700BF68780020F478002054
S214020AC0002002B80C620020001000B0000002B83D
S214020AD02DE9F04F90F830510646D0F8A82087B09E
S214020AE035BB1F2A38BF1F22093A4C24844B85483F
S214020AF01B6A96F82B10C3F38213DC400368DFF8F8
S214020B002CA29342DFF828827F4B04F0010414D112
S214020B101F78A74211D19AF80070AF420DD17B4FD1
S214020B203F788F4209D1B8F8040007B0BDE8F08FCD
S214020B30032A38BF0322023AD7E7026098F8000079
S214020B401C70FFF7C1FEFF2924D1284617F0F6FFD6
S214020B5007466F493CB3D6F8E4702FB13B68082BC2
S214020B6040F2CB8097F838701DBB0B6840F27121BB
S214020B70B3FBF1F353431922B3FBF2F339462A4689
S214020B8005A8059317F0B0FF02023C04059842F050
S214020B90110988E0471E8F4228BF0F46012F38BF33
S214020BA00127FFB2D5E7012D29D0022D01D0B5B31A
S214020BB027460B6840F27121B3FBF1F35343192227
S214020BC0B3FBF2F33946012207EB072405A8059387
S214020BD007EB042417F088FF7F00032F38BF032794
S214020BE0020242EA001242EA0009033F00F01F0036
S214020BF007FA00F0FFF7E4FC00F5FA6758E00F2367
S214020C00B7FBF3F3581CC3EB0313FB1A0133DBB237
S214020C10C0B21B0443EA0053C3F30747C9E70C6894
S214020C2040F27121B4FBF1F40F2354431922B7FBAF
S214020C30F3F3B4FBF2F43748374A0068A2FB041217
S214020C40013350FA83F313F8013C0392A3F14001F7
S214020C502A4603A8019317F047FF039F2F4AE41B77
S214020C60A2FB041200903021049204A82A4617F030
S214020C703BFFDDF810B08146A4EB0B04012205947D
S214020C80102144F2100405A817F02EFF009B1A024A
S214020C90019B42EA091244EA0344059B42EA000920
S214020CA007EB0B001844FFF78BFC00F50C572837B0
S214020CB040F6FF711A4B3846C3F8C010A3F58053AE
S214020CC0C3F8C090A3F58053C3F8C440154C276000
S214020CD001F0B0FC4FF47A72134B404298652368D9
S214020CE00A49B3FBF2F3A8F8043096F82B30B7FBA8
S214020CF0F2F08AF800500B7017E7002734E700BFBF
S214020D00004001B8E0750020226F0020F178002034
S214020D10806100203461002069C2F568911E856BEF
S214020D20006001B868610020001F00B0F278002061
S214020D3068780020014B1870704700BFF3780020D7
S214020D4010B5044603F012F878B1174B1B786BB94E
S214020D5064B1164B1B784BB1154B1B78013B012B2C
S214020D6004D84FF40042134BDA6710BD124BDB6F08
S214020D701B04FAD41CF0DDF84FF400420F4B044675
S214020D80DA67A3F5A0435B682BB1FEF741FF10B10B
S214020D90022017F0E4FE0222094B2046BDE810406E
S214020DA0C3F884241CF0C0B8236F0020246F0020F0
S214020DB06C610020002002B8000002B8001002B8E1
S214020DC000D003500122024B00201A70FFF7B8BF72
S214020DD0236F00200022024B01201A70FFF7B0BFDB
S214020DE0236F0020F7B50646504C00F037FD504BF7
S214020DF02578504F1E7085BB2846FFF7A1FF237843
S214020E00013B012B19D8E37B01A88DF80430237C23
S214020E108DF80530E8F788FEC7F884544FF6FF725F
S214020E20454BC3F88420F822A3F58053C3F88420E8
S214020E300022404BC3F884240DE04FF6FF723E4B6F
S214020E40C7F88454C3F88420F822A3F58053C3F865
S214020E508420C7F88454394B5BE00020FFF770FF0C
S214020E602378013B012B08D8E37B01A88DF80430D8
S214020E70237C8DF80530E8F757FE0023C7F8843444
S214020E80002ECBD062685AB32D4B1B6803EB52037D
S214020E90B3FBF2F3013B1B0243F0F8032678264924
S214020EA0022E284A1ED0032E4FF6FF75214826D062
S214020EB0012E34D143F00203C1F88450C2F88430C4
S214020EC00723C0F88434E37B01A88DF80430237C22
S214020ED08DF80530E8F7FCFD0120FFF731FF17E03B
S214020EE0F823DBE74FF6FF7043F00103C1F88400F6
S214020EF0C2F8843006220F4BC3F88424E3E743F09B
S214020F000503C1F88450C2F884300423C0F8843440
S214020F100D4B4FF080420020DA6703B0F0BDC1F8F7
S214020F208450C2F884300023F0E700BF6C610020D2
S214020F30246F002000C00350006000B8002002B8F2
S214020F4080610020005000B8001002B8F0B5294FAA
S214020F5006463D4604460FCE0FC5336885B02B6065
S214020F6000F07CFC0022244BC3F88424A17A627A27
S214020F7042EA0142C3F89024217CE27B42EA014223
S214020F80C3F88C24217B627B41EA0240C3F88804C2
S214020F903B78032B2AD8DFE803F022020C178DF8E1
S214020FA0041004218DF805200DEB01000022E8F75D
S214020FB05BFDE37B00228DF80830237C042102A827
S214020FC08DF80930E8F750FD637A01228DF80C306F
S214020FD0A37A042103A88DF80D30E8F745FD074BE8
S214020FE0187805B0BDE8F040FFF7FCBE212005B03A
S214020FF0F0BD00BF6C61002000C00350246F0020CB
S214021000034BDB6F002BBCBF024BC3F88800704754
S214021010000002B8004000B82DE9F04717F003FEC2
S2140210204FF47A762D4BB0FBF6F618604FF4FA734F
S214021030734307462A48190E1B021818294A4FF00E
S214021040000341F10001FBF781FE274BA0F58072F9
S21402105005461A6320B948222B21FDF753F80125CD
S2140210604FF47A724FF0000A6A4353465008310230
S214021070FBF76CFE1C4B1D4AB7F57A7F9A601C4B39
S2140210804FEA056819601B4B8946044618604FEA0A
S214021090152505D29B222B215046FDF733F8012653
S2140210A04FF47A73A8FB030103FB05117308C018FB
S2140210B041F1000100233246FBF748FE0E4B023494
S2140210C019600E4B49F10009A408186044EA8974B5
S2140210D0054B013C9C63BDE8F08700BF80610020A1
S2140210E020A1070040420F0000C001B80211010013
S2140210F0906100208C6100208861002084610020BD
S2140211001022044BC3F884215A600122024BDA6093
S214021110704700BF00E100E000C001B81022064B95
S214021120C3F88421C3F88420BFF34F8FBFF36F8FB9
S2140211300422024BDA60704700E100E000C001B80A
S21402114010B50446A242A2EB0000A3EB010104D2B2
S214021150034B01399B6B0133184401F0030110BDA8
S21402116000C001B838B501250A4B02019D504FF464
S21402117080730446084A834053661BF0DAFE074A29
S214021180A540137823EA05031370BDE838401BF028
S214021190CBBE00BF00E101B800E001B82D6F002011
S2140211A02DE9F84F164605468A461F461BF0C1FE35
S2140211B0022E00F0908080461BF0C8FE594B5A4A19
S2140211C0D3F82090147D5A6EE4B2520744BFD3F887
S2140211D02090013404F003041BF0B3FE4846214677
S2140211E000F036FA8446DAF80000012E04BF013019
S2140211F06044ACEB000C08BFCAF80000BCF1804F9C
S2140212007DD300F037FA8145A1EB040188BF454B38
S214021210DFF834C188BF01F1FF3101F0030188BF56
S2140212209B6BA0EB090E0CF80510A1B1F90742BFA3
S21402123041F61F723D4B5A67BA0742BF3B4B3C4AC8
S2140212405A677B0742BF0022364B9A673C0742BF6B
S2140212500022344B9A6511244FF0010A314B05F1F6
S2140212601002120103EB051BCBF80C0131499C500E
S2140212701A6A0AFA05F4586E0B78A2EB0902E4B26F
S214021280234372450B7025D34FF48073AB40034261
S21402129020D11CF80520002A40D10EB3264AF807B2
S2140212A0536607D541F61F7140F201101F4B59676E
S2140212B050675967B90706D51C4B1D4A1E491F4879
S2140212C05A6748675A677A0742BF01221C4B1A615F
S2140212D03B071AD440461BF027FE0120BDE8F88FD4
S2140212E0184A2D0142F805A042F89C3C1BF021FE4C
S2140212F010490B7823EA04030B701BF015FE4046D8
S2140213001BF012FE0020BDE8F88F2120FFF778FEC2
S2140213104FF48032034B4046DA60DCE7064A40462A
S2140213205366D8E700C001B8F061002000E001B8BB
S21402133000001F1F2D6F002000D001B80000010121
S214021340000002B800E101B8256F0020024B1878B1
S214021350003818BF012070472D6F0020034B103055
S2140213600001185800F00100704700BF00C001B825
S21402137070B50646FEF74CFC044608B1FFF7CEFEF3
S2140213800023084D3046AB61EB612B6200F072F928
S214021390054BC9B2197528620CB1FFF7B1FE0020E1
S2140213A070BD00BF00C001B8F06100202DE9F04119
S2140213B09DF818800D46B8F1000F08BF0022214E96
S2140213C0B5F5803FB168074621F4700141F4A001EB
S2140213D0B1609DF820409DF81C104FEA042444EAB0
S2140213E0016444EA031444EA084444EA02044FF05F
S2140213F0180140F2E9222CBF002001207465FCF798
S21402140081FE3564B8F1000F1AD00F4BBC68D3F8D2
S21402141088305A2C38BF5A245B0606D500F0F0FBFB
S21402142018B10A4BB3FBF0F31C44204600F022F935
S2140214300130854238BF0022024B34BF5A645864DA
S214021440BDE8F08100C001B800C000B800093D0048
S214021450214B10B51A6E1A66596C59B11F49C968E4
S21402146000292EDB596D4FF0FF3301F00F018B4040
S2140214709A4326D110242020FFF7C2FD184B9C6009
S21402148002F088FB2022174BC3F8842101F0F4FCFB
S21402149048B1002200200821FEF71CF8124B5C66B9
S2140214A0A3F580531C670D4AD36803F07063B3F14B
S2140214B0807FF9D9084B0D4A5A6741F201429A6772
S2140214C010BD01F0D9FC0028F4D0094B064A536639
S2140214D0A2F580521367EDE700C001B8000002B81B
S2140214E0001002B800E100E000E001B8011B01189C
S2140214F01000002008B52120FFF782FD4FF480324D
S214021500014BDA6008BD00BF00C001B8F8B5184D3F
S21402151004462B6A1B0426D500F0E6FB2B6AA0FBCA
S214021520044613F0787F4FEA9367C3F34450C3F33D
S214021530044505D140F25A422B21FCF7E3FD012077
S214021540AD01B5FBF0F010EB871005D140F25F421B
S2140215502B21FCF7D7FD0120024600232046314608
S214021560FBF7F4FBF8BD00F04BFBA0FB0401F9E728
S21402157000C000B80246012030B50B4CA0F1200393
S214021580C0F1200524FA05F504FA03F32B4304FA06
S21402159000F595428B4100D330BD0F2801D00130B3
S2140215A0ECE7FF20F8E700BF40420F0010B50C46FC
S2140215B0FFF7ACFFC30943EA4163C01A61EBD111DE
S2140215C0FFF7D8FFFF2814D00F220C4B40F0100074
S2140215D0C3F88820A3F58053C3F88800A3F5805388
S2140215E01B6ADBB2802B06D02046BDE8104000F016
S2140215F067BB212010BD0220FCE700BF00E000B858
S21402160038B51BF0A3FC084B084A1D6A147D5A6EB7
S214021610E4B2520744BF1D6A01341BF092FC28460E
S21402162004F0030138BD00BF00C001B8F06100201D
S2140216300346064A103302EB00111B01D1F80C01D7
S214021640D158C1F3400117F095BA00BF00C001B8E7
S214021650064B1B68434303EB8171054B1B68A3FBD8
S214021660003013F1004341EB000070478861002010
S214021670846100200C4A20F04043014610B5002049
S21402168014684FF00042E4FB0320084A890F1268F0
S21402169002FB0300064B9B6B984204D901330131CF
S2140216A0C01A01F0030110BD8C6100209061002079
S2140216B000C001B8044B01F0F071103041F0030194
S2140216C000011950704700BF00C001B808B52220BB
S2140216D0FFF796FC4FF48022014BDA6008BD00BF8C
S2140216E000C001B808B5064B4FF030401A680549ED
S2140216F09200FCF727F8BDE8084001F0E3B800BF07
S214021700A4A40400A8A4040070B50C68651C15D037
S214021710C4F302669E42C4F3074530D1A4B2944293
S2140217202DD804EB8506B24229D2141BA50824F054
S21402173003040E59340F04D0012C08D000222124B1
S21402174002E06B1C51F82320C0E9002470BD0E4C49
S21402175034F8133042EA03431A686B1C51F82340EC
S21402176001EB83014B6822405E4036F0704404D1A0
S2140217701B0F032B04BF8B681A430024E4E70135D2
S21402178001EB8501C1E700BF7CA4040007B501A8F0
S214021790EAF7AAFF4822164B5A65164AD2F8D43000
S2140217A023F4FC33C2F8D430134B1B689DF8053083
S2140217B0023B012B19D84022104BC3F8FC23104BD6
S2140217C0D3F85C32DBB2FF2B00D10623094A1B0397
S2140217D0D2F8FC139BB20B43C2F8FC33D2F830218A
S2140217E0084B1A6003B05DF804FB00F0E7FEECE776
S2140217F0008001B8000002B8002000B0001002B855
S2140218000080E00F2461002000224FF400710F4B8D
S21402181010B51A675A679A670D4AD162012102F516
S214021820E8325161DA6812F0706FFBD14FF0304245
S21402183001245A6602F5FC5208329C66DA64054BAD
S2140218401B689847044B5C6110BD00BF000002B8DD
S214021850004000B8E4750020002002B801230F4AB9
S2140218600F49C2F880328A6A22F002028A620D4A60
S21402187053600D4A53600D4A5360A2F5804253608E
S214021880A2F54042536002F5C032536002F5804230
S2140218905360A2F500425360704700BF00800050BC
S2140218A000C0005000D000B800500054005001B8EC
S2140218B008B5FFF7D3FF0E4B0E4ADA6700F076FE46
S2140218C0FFF764FF03220C4BC3F8E020012203F566
S2140218D04043DA674FF460725A614FF40072DA6777
S2140218E0FEF778FBBDE808400021FEF74FBB00BFBD
S2140218F0000002B80048F000005001B82DE9F04F91
S214021900054687B002900F4657F8044B631C06D173
S214021910029B2C60E81A801007B0BDE8F08F5FEAE1
S214021920147B18BF0123344AC4F3016108BFC4F311
S214021930074332F81120A4B24FEAC30A2F4844EAFA
S21402194002440AF104022A4482421BD20722CA40F7
S21402195002F0010201929A0004EB8303039301232F
S214021960B94603FA0BF808F0940305F10806049248
S2140219700593039B09F10409A34208D1049955442F
S2140219803944C0E71D4A9542E0D80020C4E7059BCB
S21402199053B918F0420F19D118F0280F0BD146F898
S2140219A0084C59F8042C21E04FF420623221002022
S2140219B0FCF7A8FBF3E740F6042232210198FCF775
S2140219C0A1FB04F5805246F8082CEAE740F60D2201
S2140219D032210198FCF796FB04F50052BBF1010F89
S2140219E046F8082CDDD159F8042CD24346F8042CCC
S2140219F004340836BDE700BF7CA40400003000B003
S214021A00F8B50546F0B10026154B34461F46154973
S214021A1053F8042BBAB9A00000F13040294600F56D
S214021A200150FFF76BFF30B940F6AE323621BDE803
S214021A30F840FCF767BB0C4B0134044447F82650C9
S214021A4023F81640F8BDAA42FCD001360C2E02D06E
S214021A5031F81640DCE740F6C83236210020E6E7C9
S214021A6094610020EC670020EE67002070B5044603
S214021A70A8B1C1B1384A52F8043B984215D10023A6
S214021A8036498A689206FCD49B00354A03F13043F5
S214021A9003F50153C2F8B0302022324B9A6070BD73
S214021AA001330C2B02D1304D12E0012352F8041BF5
S214021AB0A142F5D12D4A32F81330E1E704D162682B
S214021AC0C3E90012083403E0012A01D10434196084
S214021AD02268531CE3D0C2F3016335F81300110CDD
S214021AE093B211F0FE0F43EA004360680DD004344F
S214021AF0CAB2022A2168E1D9D4E90160033AC3E9ED
S214021B00001698600C340C33F3E7120F072AD9D864
S214021B10DFE802F00704090D1013181DC04303F591
S214021B2000531860CEE71A6842401A60CAE703F507
S214021B308053F6E717F013F8C4E7012203F5805343
S214021B408240F2E7012203F500538240EDE71A686D
S214021B5030EA0202FBD1B5E794610020000002B829
S214021B60001E00B0001002B87CA40400EC6700203F
S214021B700122014BDA677047001002B80122014BBE
S214021B80DA677047002002B84022014BDA677047D6
S214021B90002002B84022014BDA677047001002B8F4
S214021BA00B4B1B68D3F8E43023B11A68022A01D91A
S214021BB0186A7047074B9A6D90B238B1064BC2F35B
S214021BC007421B68DB085343B3FBF0F0704700BFC5
S214021BD00C620020004001B880610020064BDB68E2
S214021BE0C3F30363984206D1044AD36B23F0F0038F
S214021BF043EA0111D1637047000002B8001F00B02B
S214021C00054B1B68D3F8E43013B11A680A2A01D8C8
S214021C10FFF7C6BF186C70470C6200202DE9F74329
S214021C20064616F095FF00248046DFF890901BF0DB
S214021C3080F90DF1070105460DF10600FEF75AF888
S214021C409DF806308BB9721C29D016F081FFA0EBE6
S214021C50080428461BF068F99DF8063013B99DF86B
S214021C6007303BB3A642E2D824E0D9F80C3013F48E
S214021C70603FE8D0D9F8100016F0D7FF731C07466D
S214021C8003D016F065FFA0EB080428461BF04CF9BB
S214021C9017F5007FE0D0384603B0BDE8F08328464B
S214021CA01BF042F99DF80630002BC0D19DF8073094
S214021CB0002BBCD1004FEEE700FEFFFF00C000B8CD
S214021CC010F1800F04D04D28CEBF7F20323040B2B4
S214021CD0FF22044BC0B21A62A3F58053186200209A
S214021CE0704700BF00E000B80B4A10B5136E0B4CED
S214021CF0116E03F00703E35CC1F3CD0101FB03336E
S214021D00126E0748C2F3454202FB033300688001A5
S214021D10B0FBF3F010BD00BF004001B874A404008D
S214021D2080610020084910B5D1F89C3040B11C46AD
S214021D30CA68D1F89C309C42F9D1C2F303620270A1
S214021D4003F00F0010BD00BF000002B8094B01F0FF
S214021D5080011B6F03F480030B4309D14FF400127A
S214021D60054B1A62837F1BB10122044BC3F8002184
S214021D70704700BF000002B8006001B8005001B80A
S214021D802DE9F04F404F804685B038680C4616F075
S214021D90E6FB20B90024204605B0BDE8F08F2246B7
S214021DA000214046FBF73EFB384B5D6915F0010506
S214021DB0F0D1FCF701F806460028EBD03F6838461B
S214021DC016F005FB4FF6FF73984234D04FF0605181
S214021DD02F4E304B304AD3F82090D6F88C30116212
S214021DE04FF00061A2F58052116224220421C6F847
S214021DF08C202A4A4FF4804B91604FF48052002781
S214021E00DFF8A4A0CAF868B0F262A7421ED3042183
S214021E10234A9160A2F5F032C2F88C304FF060523D
S214021E201D4B1A6209EA02031E4A13624FF48042ED
S214021E301D4B9A66AFE73146384616F06CFA0146F5
S214021E403846FCF7FDF80028C0D0A3E7B26E51046E
S214021E50FCD5B268D205F9D5CAF868B0D6F8902093
S214021E600135012D0392D0D9E21B042AA8BF042211
S214021E7008EB070003A901930092FBF763FC009AA4
S214021E80019B3A4497B2C0E70C620020000002B8F9
S214021E90004000B8004001B8006001B8001002B867
S214021EA0002002B8005001B8006000B84FF60401E6
S214021EB04FF60502044B01201B6C9BB28B4208BFF7
S214021EC01346024A136670470080E00F00C001B84E
S214021ED02DE9F74F81460F464FF0FF35FFF790FB8F
S214021EE0002601908A462C463046DFF8D8B006F126
S214021EF010031B015BF8033003F00308B8F1010F6F
S214021F0015D13046FFF794FB02460B460198514620
S214021F10FFF716F9DBF8643006F10802D340DB0758
S214021F2039D5002F40D000252C463E60404601366B
S214021F30082EDCD160B3234A0027D2F808C0916B82
S214021F400CF440330131A4FB0141641941F1000154
S214021F50B3F5003F30D1536B0CF4405C013347F1CC
S214021F600006BCF5805F22D1156B15F5807505FB62
S214021F7006F647F1000203FB0266A5FB0332324473
S214021F80594304FB0212A3FB04341444C9E9003487
S214021F9003B0BDE8F08FA84271EB0403C6D207B1C6
S214021FA03E6005460C46C1E73D463C46BEE7320269
S214021FB042EA13621B02E3E7136B13F5807347F1E1
S214021FC00002DDE700C001B808B516F042FE044B79
S214021FD05A7C012302329340024A536108BD00BF75
S214021FE0F0610020002000582DE9F34105460F4617
S214021FF068461146FFF76CFF0646B0B1AFB1DDE9A1
S21402200000321B0A43EA0263A5FB0384094B120A49
S21402201005FB02441A6812B916F005FE02460023B2
S21402202040462146FAF792FE3860304602B0BDE8D6
S214022030F08100BF8061002037B50446FFF70EFC32
S214022040E17822791B4841EA0243C0F8CC34E579AC
S214022050A37943EA0543C0F8D03423784BB18DF810
S214022060041004218DF805200DEB01000022E7F78D
S214022070FBFC63785BB10421A37900228DF804305F
S214022080E3790DEB01008DF80530E7F7EDFC2278D9
S21402209001235AB1084AC2F8C834627802233AB118
S2140220A0054A0020C2F8C83403B030BD034AF2E73E
S2140220B0024AF6E700C0035000D0035000E0035087
S2140220C070B52C4B0C461A7812B92B4A926D1A70C0
S2140220D02A4AD26F52054AD51D78294B05F00F06BB
S2140220E0B0FBF3F040434FEA151505D140F27C628F
S2140220F02B21FCF707F80120224A0A217243B2FB81
S214022100F0F34843B3FBF1F602EB5002B2FBF0F2F7
S21402211001FB1633042BD2B207D8C3EB8310C3EBF2
S21402212080035BB283B96DB217E0C3F10B0303EB16
S2140221308303DBB2B3FBF1F32B44DDB20F2DF2D9EE
S214022140013AD2B2053DEEE7053B5BB293FBF1F3F3
S2140221501D44EBB26DB2002D04DB002042EA0512EC
S214022160226070BD01320533D2B25DB2F5E70220BD
S214022170F7E700BF2E6F0020008001B8000002B80B
S214022180403B2500809698004FF0000C2DE9F84F52
S214022190A2FB017BC84EDFF85CE3BE1999466BF1E1
S2140221A00003B6457CEB030308D240F23E220E2122
S2140221B06046FBF7A7FF0220BDE8F88FD0F8E4A040
S2140221C00C461546BAF1000F04D0DAF80030032B9D
S2140221D000F21B81B94BBA4A9B6BD2F8FCA0C3F340
S2140221E01408B84BD3F8EC305E00B64B48BF48F440
S2140221F000181B6E48EA456858074EBF4FF4400366
S2140222009B0503F0E07348EA030819F011F8012D64
S2140222100646D0D10028CED0AB4B984200F00481BF
S21402222003F5122303F5F863984200F00381A74BE7
S214022230984200F02F81002502462B4600204FF0E0
S2140222400071FAF783FD2B46013007FB03F3C8F350
S214022250130100FB0B33A1FB0662A7FB007001FB18
S2140222600522034420339B09C9F80030F60C984B2C
S21402227046EA423618F4801F1C6008BF7642954B29
S214022280954DC9F8144034441E602C60BAF1000F14
S21402229000F0B98000239149C8F381528A5C19463E
S2140222A018F0807F18BF6408002EB8BF76429206E8
S2140222B06008C2FB06012246FAF748FDDAF800304B
S2140222C00E2B08D97F4B7D4A926BD969D3F80C3115
S2140222D0C90600F1D68018F4001814BFC42240F2D2
S2140222E007127F49C0F31300A1FB04614FEA5111A4
S2140222F002FB01F1C9F80400DAF818004FF4FA7389
S214022300B1FBF0F118BF4FF0000801FB03F3A4FB8A
S2140223100262FA33A3FB003004FB0822B342904168
S21402232038BF0131C9B241F4006CC9F808C00029AF
S2140223307ED0DAF81C00A1FB003624B1B4FA84F28F
S2140223400E2A40F38880E203002E77D1B2FBF3F226
S214022350530003FB0113A3FB00764FEA044EBE456F
S2140223604FEA144474EB060609D34E003344A0FB2E
S2140223700371BE4574EB010102F10102F6D2C2F30B
S2140223800E024CEA023C4CF00063C9F8083018F022
S2140223904FFF2B68002B00F08880B3FA83F4D4F149
S2140223A002044CBF1C4623FA04F44E4B9C4288BFE0
S2140223B06408002846D0B4FBF0F3642100FB134205
S2140223C001FB02F2904244D85A1E52085B08013BB7
S2140223D0120242EA0313C9F80C3018F0F5FE002880
S2140223E05CD0B4FBF0F2642100FB124401FB04F45F
S2140223F0A0425ED8531E5B085208013A1B0243EA0B
S2140224000213C9F810300020D6E6042BDAF828802A
S2140224107FF4FBAE18F0807F0CBF08F0E0734FF439
S214022420400328F0E078EEE600232F481D460CE72E
S2140224302120C1E600232D481D4606E70B46002252
S21402244089E7044640F2C2422B210020FBF75AFEDF
S2140224502346013BB8E7C2F10F0702F1110E06FA56
S2140224600EFEFB4043EA0E03A7F1200E26FA0EFEEE
S21402247043EA0E03FE40013304FA02F246F1000676
S21402248062E702F4801203F400131A4308BFC0F591
S214022490801020E7002316481D46D6E640F2E542A5
S2140224A02B21FBF72FFE621EA4E70028C9D01C468C
S2140224B0CFE71446F7E700BF006CCA88008001B871
S2140224C0001F00B0004001B800F04902005A620244
S2140224D0CC610020C8610020C46100208CA40400E6
S2140224E0D34D62103FBE40250A3BB2DF313641DC97
S2140224F0D694BFD6807C814A10B50B46044686B079
S21402250039B98279016821486B460068FFF73CFEBC
S2140225106B461F4A196851631E4AD2F8FC2062B302
S2140225205A6842B11C4A1D49C2F80C115968A2F5F4
S2140225308052C2F80C119A6842B1174A1849C2F87A
S214022540EC109968A2F58052C2F8EC101549D868CA
S214022550D1F8642122F4EE620243C1F86421D1F874
S2140225605C21186922F4EE620243C1F85C21A1F5EF
S214022570FF4158692839FFF7A3FD0020A2880A4BBD
S2140225809A6203F5A033186406B010BD0C620020F0
S214022590008001B8001F00B0006001B8FFFF0F0006
S2140225A0FFF8FF0F000002B8004000B84FF4806248
S2140225B0014BDA67704700BF001002B84FF4806222
S2140225C0034BDA67034B1B780BB1034A93657047DC
S2140225D0002002B82E6F0020008001B840B10368C8
S2140225E0012B05D90069034B002808BF184670471F
S2140225F00048704794A4040010B590B10468012CFA
S2140226000FD902696AB11168094B102C196051681A
S2140226105960916888BFD268996094BFD960DA60C1
S21402262010BD102200210248FAF7FCFEF8E700BFB0
S214022630D4610020084BC1171A68A2FB000302FBF4
S214022640013310F1807043F10003400E40EAC310DC
S214022650803820EAE0707047E46100200722164BBB
S21402266070B5DA66154B164A1D68164BEC08E0057F
S214022670C0184FEA153141F100010023FAF766FB54
S214022680114B124E18604EF66020FFF7D3FF404201
S214022690C6F884000E48FEF7EDFF024658B1E30185
S2140226A0500818184FEA15714FF0000341F1000167
S2140226B0FAF74CFBF06570BD000002B8806100209E
S2140226C065CD1D00B2E60E00E4610020001F00B0DA
S2140226D040420F0010B5044698B10B4BD3F8FC00ED
S2140226E0FFF78AFF4FF47A7303FB04F0074BA0F65A
S2140226F0AC50DA689B681044C01ABDE81040FFF779
S21402270099BF4EF66020F8E7001F00B0D4610020A3
S2140227102DE9F8430546084614461E46FFF76CFFA9
S2140227200DB306F0020716F004061ED1DFB14FF411
S2140227307A706B685843002B40F08C80FFF77AFF64
S21402274060626B69002B00F08C804B4AD0684FF4B5
S2140227507A7202FB0300A0F503501038FFF76AFFF7
S2140227602062002E57D1BDE8F8832869002868D079
S2140227704FF47A735843404BA0F6AC509B68C01A8D
S214022780FFF758FFE061A88B00285DD04FF47A73FC
S2140227905843394BA0F6AC509B68C01AFFF74AFF65
S2140227A02061364BE968D3F8008000294FD04FF4F9
S2140227B07A735943304BA1F6AC519A685B68891A12
S2140227C0C91A2F4BC8171A68DFF8BC90A2FB011370
S2140227D002FB003311F1807143F10003490E41EA16
S2140227E0C3118039274B6161DB6EA361D9F80030D3
S2140227F053B1404616F0ADF830B12246D9F8003053
S2140228001D49D8F8D80098470021A869FFF762FF4B
S214022810A062002F8BD1A86830BB47F23050FFF77A
S21402282009FFA0604FF47A702B6858432BB1124B05
S2140228301B6803F51C5310331844FFF7FBFEE060D9
S21402284091E74EF660209BE74EF66020A6E74EF62E
S2140228506021B6E7084B1B6803F51C531033184477
S2140228606CE747F2305079E74FF47A735843A0F595
S21402287003501038D3E700BFD46100200C6200205A
S214022880E4610020001F00B0D061002038B5054684
S21402289008461C4616F07FF90246D5F8E400FFF714
S2140228A09DFE4368A018002B044AA8BF4FF4FA7294
S2140228B01A44034B92FBF3F2104438BD0CFEFFFFA2
S2140228C018FCFFFF70B5124C88B001AD0FCC0FC5D7
S2140228D094E8070085E807008C2200210D48FAF7E5
S2140228E0A1FDD42200210C48FAF79CFD0B4B0C4AA2
S2140228F05A6301F04DFA0B4B1B783BB1044E01AD07
S2140229000FCD0FC695E8070084E8070008B070BD33
S214022910C41F00B0A01E00B02C1F00B0001F00B0E5
S21402292010111111216F002008B51AF002FB0E4B90
S2140229301A78A2B90D4A126812F4843F0FD10C4AD3
S2140229401021D1671B7863B9084B1B68DB0508D4D6
S214022950074B2022DA67BDE808401AF0E5BA054AB6
S214022960EEE7044BF5E700BF346F00203816002070
S214022970002002B8001002B80A4B197801F0FF02D4
S21402298029B10021197008499202C1F8B420597879
S21402299001F0FF0229B1002159709302024AC2F8DF
S2140229A0B83070472F6F0020005000B8064BD3F89F
S2140229B0D80E064B5B6F1A0103D4054B9B6E1B04A5
S2140229C001D500F580707047001000B0000002B814
S2140229D0004000B810B51AF0ACFA0E2104460320E7
S2140229E0FFF7FCF840F20122034B2046BDE81040F8
S2140229F0DA621AF099BA00BF004000B808B51AF0B9
S214022A0098FA4FF00042224BC3F88020BFF34F8F54
S214022A10BFF36F8F0122C3F88420BFF34F8FBFF33B
S214022A206F8F0222C3F88420BFF34F8FBFF36F8FDE
S214022A300422C3F88420BFF34F8FBFF36F8F0822A0
S214022A40C3F88420BFF34F8FBFF36F8F1022C3F8F3
S214022A508420BFF34F8FBFF36F8F2022C3F88420EA
S214022A60BFF34F8FBFF36F8F4022C3F88420BFF3AC
S214022A704F8FBFF36F8F4FF48072C3F88420BFF37B
S214022A804F8FBFF36F8FBDE808401AF04DBA00BFF4
S214022A9000E100E008B51AF04CFA4FF00042094B8C
S214022AA01A6001225A6004225A6008225A601022D2
S214022AB05A6020225A6040225A60BDE808401AF046
S214022AC033BA00BF00E100E0012370B5074C237063
S214022AD0074B1E68074B3240D3E900531940284083
S214022AE0FCF7F8FC0023237070BD00BF326F002095
S214022AF0EC610020381600200022044B1A70044BAA
S214022B00197811B11A70FFF70FBF7047336F0020A4
S214022B10346F00202DE9F047DDF820A003EA010813
S214022B20099B06460C4602EA000703EA0A09BAF1BE
S214022B30000F40F04E81031F0B4300F00E81052864
S214022B4071F1000380F0E48050EA010300F0608136
S214022B50431E0B4300F02481FFF750FFAD4AD2E933
S214022B60005323EA040325EA06053D4343EA080721
S214022B70A94BC2E900571E68DFF8F48226EA0A0665
S214022B8046EA09061E60FFF7CFFE15F02A4F14BF6D
S214022B9048F202034FF40043A04AB007D26EA048A0
S214022BA048BF43F4005383EA020122EA0302C266E4
S214022BB09C4A0B408166D366C5F380421203290302
S214022BC048BF42F48072EB0648BF42F40052964B6E
S214022BD0AC0648BF42F400726806D3F80C3248BF0F
S214022BE042F48062290648BF42F400628F4882EAB5
S214022BF0030123EA0203C0F80C328D4B0A40C7F3E6
S214022C004024A404C0F80812C3F80C22EA0448BF01
S214022C1044F48034AB0348BF44F48014A80748BF8A
S214022C2044F4800415F4001F06D0D8F8000016F00D
S214022C30E6F808B944F40024E90248BF44F4003434
S214022C40FA0648BF44F4000473077A4B48BF44F0C0
S214022C5004041A6A44F4001484EA020323F001030B
S214022C6075491A400A621C40CB61744B16F0010F7C
S214022C701C62734B734A18BF1A46734B7C071B6F52
S214022C8048BF42F00062714882EA030123EA020367
S214022C9003676F4B0A4041661A676E4A05F00103E6
S214022CA0516CA0F5803081EA030221EA03014164F7
S214022CB082631A40684B28025A64D8F8002048BF3C
S214022CC0664B92F8F62058BF654B690748BF43F437
S214022CD0806322B115F4C06F18BF43F480733207C5
S214022CE0604A48BF43F00043D2F8EC105E4883EADD
S214022CF0010222F4A0221140C0F8EC101340C0F8E2
S214022D00E0205A4ABDE8F047C2F8EC30FFF7C2BEF0
S214022D10A0F580630B4306D020F48063A3F500730E
S214022D200B437FF419AF1AF004F93A49D1E900329D
S214022D3023EA060322EA040242EA08023B43C1E906
S214022D4000324B4A126892F8F610474A09B313F457
S214022D50C06F1ED04FF4807311E01AF0EAF82D4AC5
S214022D60D2E9003123F004033B4341EA080157EA63
S214022D700807C2E900314FF480633B4A0BD0C2F821
S214022D80E030A2F58052C2F8EC30BDE8F0471AF007
S214022D90CBB84FF48073C2F8EC30C2F8E030F4E7F8
S214022DA01AF0C7F81B4AD2E9003123F001033B436D
S214022DB041EA0801C2E9003101232E4A57EA080710
S214022DC01BBF9363A2F580525364536408BF936398
S214022DD0DBE750EA01037FF4BFAEBAF1010F7FF4DE
S214022DE0BBAE1AF0A6F80C4A136823F0010343EAB6
S214022DF0090313604FF48063144AB9F1000F04D03C
S214022E005366A2F580521367BFE713675366BCE7A3
S214022E10BDE8F08738160020EC610020004000B8BC
S214022E20006000B8005000B8004001B8006001B869
S214022E30005001B8000002B8002002B8001002B824
S214022E40041C00030418000300C001B800E001B827
S214022E5000D001B800C000B800D000B80D0A0A09B8
S214022E60090A0A0900400054006000540050005449
S214022E700C62002000E000B8024B5868C0F3C000A5
S214022E80704700BF38160020024B186800F0010099
S214022E90704700BF38160020024B5868C0F3C03097
S214022EA0704700BF3816002010B50446FEF700FD36
S214022EB0FFF7A4FD2046FDF7BDF8FEF7A5FCFEF7DA
S214022EC0ABF8FEF71DF9FFF7C9FB13490723134AB0
S214022ED0D1F8FC1004F1F800FFF71AFC4FF08071ED
S214022EE00020FEF7E7FB4FF000720D4B4FF4001187
S214022EF00120C3F80021FEF7DDFBFEF7D7FF20B95D
S214022F0040F292321421FBF7FDF815F0ABFEBDE855
S214022F1010400120FDF766BF001F00B0581F00B02A
S214022F2000D001B88023074A1367082340B113670D
S214022F30054AD2F8A03023F02003C2F8A03070472A
S214022F40024AF4E7001002B8001E00B0002002B8E1
S214022F5010B519F0EEFF012104460020FFF7E2FF4C
S214022F60044B1961044B5B6898472046BDE8104045
S214022F7019F0DABF000002B8D0750020F8B5194C77
S214022F800546207840F2E442B0FA80F03E2140093D
S214022F90FBF7B8F855B9607840F2E442BDE8F8406D
S214022FA0B0FA80F03E214009FBF7ACB84FF4406619
S214022FB00D4F0E4DD7F8B43040F2E442C3F38123EE
S214022FC02370C5F8B46060783E21B0FA80F04009FC
S214022FD0FBF798F8D7F8B830C3F381236370C5F8C7
S214022FE0B860F8BD2F6F0020004000B8006000B83F
S214022FF0F8B5084C084D236F0423084F2B67236F40
S2140230005B0300D4F8BD042602203E6715F0A7FD38
S2140230102E67F4E7000002B8001002B8002002B8DB
S214023020A82238B51A4B1D6F03F500531A671022F3
S2140230309A60A3F5804302F100521A675A66FFF7B8
S2140230409BFC144B1B7813B90320FEF78BF8002465
S214023050114B9C67FFF7CCFF104A114BD2F8D81ED3
S2140230600B40C2F8D83E04220E4B1A670E4BAA0635
S214023070C3F8AC4008D503F58073DB6CB3F5817FEB
S21402308022BF8022024B1A61BDE83840FCF7C2BB61
S214023090000002B8316F002000C001B8001000B076
S2140230A0DF0000FF002002B8001E00B010B549B9CC
S2140230B030B3164AD3681B0E13F00E0F20D1936856
S2140230C09A061DD4FFF786FC104C0020FEF72AFE57
S2140230D0032801D0092805D1636FDB03F5D4E36D1D
S2140230E00C2BF2D9FFF784FF4FF40072084BDA621A
S2140230F0012203F5E8335A61042203F580531A6766
S2140231004FF4C062034BDA6210BD00BF000002B883
S214023110004000B8006001B808B503210920FEF798
S2140231205DFD2022014B1A6108BD00BF000002B8F7
S21402313038B5054619F0FDFE0E4B04461868FDF735
S21402314045F835B1FFF7D8FC2046BDE8384019F0FF
S214023150EBBE094B1B78002BF6D0084B1D78002DD2
S214023160F2D1FFF7C9FC2A464FF480400021FFF750
S214023170ABFCE9E70C620020336F0020326F0020C0
S2140231802DE9F84F5C4B06460D4614461B6F002A87
S21402319040F0AE8013F0A00F14BF4FF001094FF0BD
S2140231A00009FCF737FBA0234FF0000ADFF868811E
S2140231B00320C8F87030FDF7D5FF0420FDF7D2FFD4
S2140231C04E4FFFF799FC4E4B4FF0040B7B67C7F848
S2140231D078A0FFF70DFF4B4B4FF48071D3F8A02079
S2140231E0494842F02002C3F8A020FF22C8F808206F
S2140231F0414A1161D0F8D82E44491140C0F8D81E71
S214023200C8F870B0C3F8ACA07B6913F0060F04D000
S214023210FEF75CFA5846FDF7A5FFB9F1000F08D095
S2140232204FF400623A4B1A674FF40042A3F5E033BC
S2140232309A6666B1374BDB6C180701D4FFF7CAFBF8
S214023240FFF76AFF0420FDF78DFFFFF795FB2A4B79
S2140232505A69D10747D5DA6812F0706FFBD12E4B48
S2140232602E4A1A672E4AD36B23F0F003D36315B1A6
S2140232702046FFF75DFF2B4BD3F84C315A1C01D08A
S2140232805B0002D50122244B5A6164B3214BDA6EED
S21402329003F500539A6603F5D0331B6A1E4A23F0E1
S2140232A00103D361204BD3F80C1203F50053C3F885
S2140232B0081203F50053D3F8841003F500539967F8
S2140232C01A4BD3F8EC1003F50053C3F8E010184B72
S2140232D0596C03F500539963164903F58033596612
S2140232E04FF6084313670020BDE8F84FFCF736BDDB
S2140232F04FF0000955E700BF000002B800C001B851
S21402330000000101001E00B0001000B0DF0000FF48
S214023310001002B8004000B8002002B810003000CA
S214023320001F00B00080E00F004001B800400054CB
S21402333000C000B85000002F9B4B2DE9F04F9F6E47
S214023340DB6E85B01F40994B9F66994BD3F8E050D1
S214023350D3F8EC301D40974BC3F8E050964BD3F8A9
S2140233600822D3F80C3202EA0309944BC3F80892F7
S21402337003F52043DA691B6A02EA0308904B08F455
S2140233807702DA618F4BD3F80422D20605D4D3F83B
S2140233900431C3F30016DB0651D519F0CAFD8A4B79
S2140233A05A695E6E1B6F12F0060F06EA0306874A1C
S2140233B026F0007314BF4FF0010A4FF0000A23F400
S2140233C000637407536604D5814A137D0133DBB26A
S2140233D0137519F0A9FD002F00F0E28017F40043E0
S2140233E000F0D38019F0A5FD0146FFF7DFFA044688
S2140233F0784BD3F800B0DBF80020DBF800309A42B6
S214023400FBD0DBF800209A42FBD0FFF7CFFAA042AF
S21402341017D1084619F088FD6F4B1C606F4BD3F826
S21402342070B01BF4E0520ED124F07F4424F0DF0487
S2140234300CB9FFF7F5FD4FF0807B002414E0B2468E
S214023440C9E70446D7E70192FFF7EAFD5C4B019A0B
S2140234501BF480541A6740F09A801BF4806F0CBFEE
S2140234604FF0805B4FF0806BB80715D55B4A544827
S214023470126F02F460410167002900F08B8011048C
S21402348000F18B8012F4005F0CBF4FF000524FF039
S214023490006200244BEA020BC7F340377F00504A13
S2140234A02A40002A4AD015F4206F0AD040F6A3120A
S2140234B006210020FAF726FE0020FFF739FE25F443
S2140234C08025EB0506D5FF213D4A4BF4C06B916083
S2140234D0FFF780FA15F0090F0AD040F6B812082155
S2140234E00020FAF70FFEFFF717FE0121304A11639C
S2140234F015F0106F0CD040F6C11209210020FAF721
S21402350001FEFFF709FE002211461046FCF736FEC2
S21402351015F4202F0AD040F6C91207210020FAF728
S214023520F1FD0020FFF704FE25F48025E80301D50F
S214023530FCF768FF002DB8BF47F0080769070DD5EE
S2140235401B4AD26A12F4005F4FF4005217BF1949A1
S2140235502449CA624BF4000B08BFCA626A0548BF18
S2140235604BF0040B15F48023019300F0A480FCF7C3
S21402357001FF0138062837D8DFE810F028012B01B2
S21402358028012E013101340134019B4655E74FF0E4
S214023590804B52E74FF000727BE74FF0004278E72D
S2140235A0BB463C467BE700BF004000B8006000B860
S2140235B00040005400600054004001B8006001B8AA
S2140235C0002002B800E100E000C001B800E001B847
S2140235D0F061002028A40400E8610020000002B880
S2140235E0090B0B890050005440F6FA120321002002
S2140235F0FAF788FD01218548826ED0F8883002F0FD
S2140236000702063201FA02F2C3F30C0CA2EB0C021A
S21402361092B2072A12D97E4A126F53020ED47D4BFB
S214023620826B806D5B6D5BB102F0070206329140E1
S214023630C0F30C00091A89B2072901D84BF4007BA3
S214023640754A1278002A36D0704AD2F8E02012F470
S214023650A02F30D1714A724912789AB9F20411D465
S2140236600A787AB14FEADB026E4842EA447282F086
S2140236700102D0F8D80E02F00102520020FA02F23D
S214023680930718D10420FDF76DFD674A6748506717
S214023690FFF732FA62490A784AB9654A127832B1B5
S2140236A0644A654912680BEA02020A4201D14BF4E7
S2140236B0804B26F48056B9F1000F1DD019F4805FB6
S2140236C018BF4BF4802B19F4807F18BF4BF4002BE5
S2140236D019F4005F18BF4BF0100B19F4007F18BFE7
S2140236E04BF0200B19F4806F18BF4BF0400B19F407
S2140236F0006F18BF4BF0800BB8F1000F48D018F4DB
S214023700001F0AD04D4A13683BB1414A4C48116F1C
S21402371000680022C1F3C061984718F4802F18BFD2
S21402372044F4007418F4803F18BF4BF4805B18F41E
S214023730801F18BF4BF4003B18F4800F18BF4BF0E5
S214023740020B18F4003F18BF4BF4801B18F4000F4E
S21402375018BF44F0100418F4002F19D0394AD2F8D2
S214023760A02012F0C00F13D02949CA68C2F3036220
S214023770032A01D0072A05D14A6FD00602D48A6FDF
S214023780120732D54FF400212F4A28F40028D161BF
S214023790002E00F01B81330540F18F802B48DFF8A6
S2140237A08890C2782A49002A58D04FF40063013A1A
S2140237B0D2B24B66C27032B9264A1278C2B140F60D
S2140237C00141254A51670022002173E04BF4803BF9
S2140237D010E74BF4006B0DE74BF4806B0AE74BF4F3
S2140237E0807B07E74BF0080B04E74BF4001BCFE7A0
S2140237F0D9F8782012F4A05F15BF4FF4807240F615
S2140238000142C9F85820C9F87820DCE70040005485
S214023810000002B8004000B8346F0020336F00206A
S214023820366F0020001000B000C001B80000010191
S214023830356F002038160020088D01002061002018
S2140238400C620020001E00B0002002B8256F002087
S21402385000E001B8316F002000D001B80320FDF768
S21402386081FCD9F81420A84B12F0060F04BF41F6CB
S2140238701F72A649A64808BF4A674FF40061A34ACA
S2140238805166D9F8142012F0060208BFC9F878204B
S2140238905A8A12F4006162D022F400625A820278D6
S2140238A002F0FF09002A5ED1FDF710FFFFF7B8FB12
S2140238B04A4620214BEA020B0C43B00009D52E20C3
S2140238C0FDF79EFB4FF00051904A44F00804116742
S2140238D05166F10606D52B20FDF792FB10218B4A86
S2140238E01167516616F0306F05D1F20463D5BAF14E
S2140238F0000F00F0C080330117D52920FDF780FBAA
S214023900844A526C12B11021834A9160FFF7B4FACE
S21402391048B1824A82487D494A66026700F54050AD
S214023920C068400422D444F0040416F0007A28D07A
S2140239300420FDF717FC2720FDF762FBFFF770FB5C
S2140239404FF00071714A5166764AD2F8D82E520666
S21402395079D40221704A916044F0020428E0027889
S2140239604FF40052A6E74FF400422DE70A672020E4
S2140239704A66FDF745FB2D2044F00C04FDF740FB9C
S214023980D3E716F0807FDFF88C9147D00420FDF74E
S214023990E9FB2820FDF734FBD9F87820002A3AD133
S2140239A0FFF73EFB594A5D4944F001041167516630
S2140239B00021584A9165720508D55B498A78002A23
S2140239C000F0D880013A8A7000221743574AD2F88C
S2140239D0A020130603D558462146FCF7C7F93A46F7
S2140239E058462146FFF770F8019B0BB1FCF7F8FC2E
S2140239F001224F4B05F00435C3F8E0504D4B18F446
S214023A00002FC3F884211EBF4FF40022424BDA6116
S214023A1005B0BDE8F08FC9F878A0C3E7F104C7D5B2
S214023A200420FDF79FFB444AC9F87420FDF74EFEBA
S214023A30D9F8642012F0407FBAD12A20FDF7E0FAC6
S214023A40FFF7EEFA80E7394AD2F8A0108B0683D445
S214023A5002203A4988603A49096891F82510C80751
S214023A607FF57AAF92F8C420002A3FF475AF802122
S214023A70344A116170E7344A1268013202D04BF0C0
S214023A80010B98E728490A7952B1013AD2B20A7173
S214023A9012B9234A2D49516700224BEA020B8AE7E4
S214023AA00420FDF75FFB0320FDF75CFB194A224961
S214023AB0516719F03EFA81460DF10F00FEF732F912
S214023AC0234A824612780AB1FEF784FFBAF1030F40
S214023AD00ED1DFF870A00020FEF724F9032807D1E4
S214023AE0DAF87420D103F6D4DAF85C200C2AF2D97C
S214023AF09DF80F20032A2FD10121164A484611703D
S214023B0019F012FAC8E700BFF061002000E001B821
S214023B10316F002000C001B8002002B8100000205B
S214023B2000D001B8001000B0256F0020001E00B0C3
S214023B300060005400E100E000000101001002B83D
S214023B400C620020000002B8D87500200000010DAB
S214023B50376F0020336F0020094AD2F8E02012F4B3
S214023B60A02FC9D1FEF7C8FF484619F0DDF94FF479
S214023B70804292E70220FDF7F5FA012225E700BF10
S214023B80004000540122024B1A62DA61704700BFFD
S214023B90002002B80D4B10B5DC691A6A14400C4AB4
S214023BA024F47F01D161E20706D5D9684FF0FF30D1
S214023BB0C1F3036115F060F8630706D5BDE810404F
S214023BC0042200200021FEF77FBF10BD000002B8CD
S214023BD0002002B80C4A08B5936B526C13400B4A8D
S214023BE09363DB070FD50A4B40F66342187812211F
S214023BF000F00100FAF786FABDE80840002201202C
S214023C000021FEF761BF08BD00C000B800E000B8A2
S214023C1038160020054AD2F88430DB07FBD4936FAF
S214023C20D2F884201340024A93677047008001B896
S214023C3000A001B870B514460D4619F07AF9064B85
S214023C40D3F8A06074402C407440C3F8A04019F02A
S214023C506BF906EA050070BD001E00B0034BD3F8F0
S214023C60A03099430CBF012000207047001E00B010
S214023C702DE9F04117460A43012A1D469DF81840D1
S214023C809DF81C60DDF8208029D8B44227D2082E81
S214023C9025D8032B23D8B8F1000F20D00A460021DE
S214023CA0FBF71CFDFF21EB009940C943DFF834C047
S214023CB008F1FF38FF00E2B2964202D80020BDE8C3
S214023CC0F0813D190CEB8505D5F8E02018F8010FB8
S214023CD00A4098401043C5F8E0000134EBE7212083
S214023CE0EDE700BF001E00B0034B1868034B002828
S214023CF008BF1846704700BF0862002078C5040057
S214023D002DE9F843DFF860900646D9F800800846A9
S214023D101746B8F1000F03D00E242046BDE8F883FC
S214023D2006B3336801331DD1E1B1FAF70DF8054643
S214023D300028F1D0C9F80000FAF72CF8284614F04B
S214023D40AFFA044640B14046C9F80080FAF722F8B6
S214023D50284614F0A0FAE0E73560002FDDD02846AA
S214023D60B847DAE72124D8E70C620020024B18682D
S214023D70003818BF012070470C620020002108B5E9
S214023D80024B08465B689847002008BDD0750020A5
S214023D900523064AA2F84A3092F8493003F0010396
S214023DA063F0730382F84930704700BF001F00B00B
S214023DB00023F0B585B0CDE901330393124B134DC2
S214023DC01B78134E8DF8043019F0C0F82A78337831
S214023DD004469A420F4F0CD03178386801AA2970EF
S214023DE014F07FFF50B140F608210B4819F0A3F9F2
S214023DF004E0386814F055FF0128EDD0204619F08B
S214023E00A0F805B0F0BD00BFCF78002000790020F2
S214023E10017900202862002068790400F8B52B4B4F
S214023E201B7823B140F6FC31294819F084F919F0C1
S214023E308DF8284B07461C8814F0060409D0012189
S214023E404FF4807018F0DCF83846BDE8F84019F0F8
S214023E5078B821464FF4807018F0D2F8204600F069
S214023E609DFF022808D180221B4B8021186814F07F
S214023E70E1FAFFF79DFFE7E7204600F08FFF0546D1
S214023E8038B1012807D040F63141114819F053F9EC
S214023E90DAE70246E8E7FF220F4E104B30681A7048
S214023EA0FFF76CFF306814F0FCFE0128CCD02A46DF
S214023EB02946306814F0F7FE21462C2018F0CCF87C
S214023EC021460A2018F0C8F8BEE700BF3D6F002062
S214023ED06879040008680020286200200079002023
S214023EE00021014818F0D2BE507600207F2837B550
S214023EF0044610D14FF6FF73022217480DF1060151
S214023F00ADF80630EAF7D6FEBDF80640E2054CBF2D
S214023F106FF04A0464B219F019F8104B05461C708B
S214023F200F4B1B88DB0710D50E4B1B78002B0E4B56
S214023F300CBF21466FF07F01186814F0A0FA20B17A
S214023F4040F67861094819F0F6F8284603B0BDE84D
S214023F50304018F0F6BF00BF641002C0F8780020A8
S214023F60086800203E6F002028620020687904005E
S214023F7010B50FF0EAFE60B10FF0E9FE0B4A80B111
S214023F8041F20D03BDE8104041F20D01074818F05A
S214023F9089B9074B1A781B799A4204D1002200236A
S214023FA0F0E70D23EEE7034AF9E700BF400D0300F2
S214023FB0CF780020488D0100F8B5164E0D463378AE
S214023FC002F0010423B140F2C531134819F0B3F8E8
S214023FD0124B134F1D60134DA4B1134B997801B1C8
S214023FE00121202018F00CF82B783B700F4B1C7820
S214023FF00F4B00211C70042333700E48BDE8F840B6
S21402400018F044BE2146202017F0FAFF2B783B70AA
S214024010EEE700BF3D6F00206879040018620020BA
S2140240203A6F0020027900201C6200203B6F0020BD
S2140240303C6F0020507600202DE9F84318F086FFEA
S214024040DFF8A0810546B8F80030614C13F4807F93
S21402405003D0237873BBFFF7E1FE0021084617F072
S214024060FBFF5C4B1A78FF2A13D01A7802F0FF0681
S21402407032BBFF221A702378052B0AD1002328466A
S214024080237018F05EFF304614F0BBFE18F05EFF99
S21402409005462378504E062B09D13378FF2B06D0DF
S2140240A03378022B15D100214C4818F0EFFDFF2380
S2140240B033702BE000214FF4807017F0A1FFCCE79D
S2140240C01A78012A4FF0FF0214BF33264C261A70C4
S2140240D0D4E7337813B13378012B22D118F030F8B5
S2140240E007463E4896F8009001F0CEFBFF235FFAA3
S2140240F089F9337077B1B9F1010F44D16421374899
S21402410084F8009018F0C2FDFFF752FE284618F019
S21402411018FF06E02846277018F013FF384614F0FA
S21402412070FEB8F800301B0605D50021802017F077
S21402413067FF13F079F901F0E3FA294E308000B3F5
S2140241402778012F42D118F0B5FC054610B301308E
S21402415019F0CFF800F44060B0F5006F1AD10422CF
S2140241603946284618F0E6FB284419F0C2F84FF6FE
S214024170FF7398420ED10020318800F0F1FC002334
S2140241803380BDE8F88300232846237018F0D9FE52
S2140241903F20C4E7114801F077FB00210846217052
S2140241A0012500F08FFC23780BB9FFF737FE0020BD
S2140241B0318800F0D5FC00233380002DE1D0207832
S2140241C00028DED1BDE8F84314F053BF0025EAE725
S2140241D03D6F0020FF780020FE78002050760020F9
S2140241E0066800200868002008B513460A461946E5
S2140241F0064B186814F0D0F930B1BDE8084040F21A
S214024200F441034818F097BF08BD00BF286200209B
S2140242106879040008B513460A461946064B18681C
S21402422014F0B4F930B1BDE8084040F2FB4103484F
S21402423018F081BF08BD00BF28620020687904001C
S214024240024B1878431E5842584170473D6F002073
S21402425008B5064B1B7823B140F22551044818F0E6
S2140242606AFFFFF7DBFD002008BD00BF3D6F0020A0
S2140242706879040008B5054B01EB8101186849000E
S21402428014F0FFF8002818BF212008BD286200207D
S21402429008B5044B1868F9F70FFF0A2390FBF3F0F2
S2140242A040B208BD28620020014B1878704700BF54
S2140242B00179002008B5044B186814F04DF8B0FADE
S2140242C080F0400908BD00BF2862002038B5124DB4
S2140242D00C462B78012B04D940F246510F4818F0B1
S2140242E02AFF21460020FFF7E5FF90B10C4B1C7019
S2140242F02B785BB9FFF792FD0A4B93F900100A4B35
S214024300C901186814F091F8002038BDFFF750FD77
S214024310F2E72120F9E700BF3D6F0020687904002C
S214024320017900203F6F00202862002008B5074B65
S214024330186814F00FF830B1054BB3FBF0F083B2F7
S2140243400BB1184608BD0120FCE700BF286200201A
S21402435040420F002DE9F3475C4E012018F0E8FEBC
S2140243603388990704D440F63F41594818F0E3FED3
S214024370DFF8808198F80030053B012B04D940F61F
S2140243804141534818F0D7FE524F3B6823B940F6D6
S21402439044414F4818F0CFFE348814F0200478D0F9
S2140243A00121222017F058FE4FF47A74FFF7BEFF61
S2140243B03B681B780933434304EBC30498F8003088
S2140243C0A5B2062B0BD118F083FA0446FFF7AEFF10
S2140243D0602358430C2303FB0400284485B2D7F815
S2140243E000903D4B99F800801C7808F1FF381FFAC0
S2140243F088F8002C52D133885A0505D409F10100F9
S21402440018F077FFC0F340143449354A887812789A
S2140244104B7812FB00F2334F93423B70A4BF9B1AB9
S2140244203B703B78CA78BD60934238BF13463B70F8
S2140244300FF093FC002833D00FF08DFC012814BF38
S2140244401025082525430023DFF8ACA00093802220
S21402445043464946DAF8000014F045F820B14FF416
S2140244603B611B4818F067FE1F4BDAF8000019780C
S2140244701E4B197033889B0614D52A461C4B009790
S21402448014F02DFCC0B9002002B0BDE8F04718F0C9
S2140244904FBE2146222017F0DFFD87E70024B3E750
S2140244A02546D0E72A460F4B14F017FC014618B9EA
S2140244B0252017F0D1FDE6E72146262017F0CCFD91
S2140244C040F6F431024818F036FEDCE708680020B1
S2140244D06879040018620020406F0020CF78002020
S2140244E03A6F002000760020017900200079002033
S2140244F01C6200203D6F002028620020184B10B579
S2140245001B889B0704D440F6A661164818F013FED3
S214024510154B1B78053B012B04D940F6A7611148C1
S21402452018F009FE114B1B6823B940F6A9610D4825
S21402453018F001FE00240E4B0E4921201C7017F0C5
S2140245408BFD014618B9BDE81040FFF703BF0228ED
S21402455004D12046BDE8104017F014BE10BD00BFBF
S21402456008680020687904003D6F00201862002069
S214024570386F002015470200F8B55A4C23889A0770
S21402458004D54FF43E71584818F0D5FD574801F04F
S2140245907BF918F0DBFC238805465B070DD54FF048
S2140245A0FF3013F0E7FF524B1B68C01AB0F5717F5D
S2140245B003D90021042017F023FD28464D4D18F09C
S2140245C0C0FC2B78042B32D118F0C0FC2388064698
S2140245D05F0708D54548002118F058FB3046BDE86D
S2140245E0F84018F0AEBC18F0ACFC18F0AFFC424B2A
S2140245F006461B78414F13B9238859050FD5052364
S214024600012102202B7017F0FBFCFFF777FF3046E4
S21402461018F097FC3B68DA78394B1A70F8BD3868A0
S214024620013018F066FE8206E9D50623E8E7062B77
S2140246304DD1344B1B78FF2BF0D1334E0FF08FFB4E
S2140246403378002B3DD018F081FC238805465B07A3
S21402465005D52648002118F019FB2846BFE718F0B2
S21402466070FC3378013B337018F070FC044601216D
S214024670022017F0C5FCFFF741FF20461F4C18F03A
S21402468060FC2068013018F034FE00F44060B0F59B
S214024690006F13D1246801210422204618F04AF93B
S2140246A0204418F026FE0146184B04201A78337868
S2140246B0D21AD2B2BDE8F84018F0E4BD4FF6FF7148
S2140246C0F2E740202B70BDE8F84014F09ABB012BAD
S2140246D0A4D100232B700E4B1868FFF74FFB3F2028
S2140246E0F1E700BF086800206879040050760020D1
S2140246F0146200203D6F0020406F002018620020E8
S214024700396F0020FE7800203A6F002002790020E0
S2140247102862002008B50A4B1A7882B901221028AE
S2140247201A7004D040F69D61064818F004FD002178
S214024730202017F065FCBDE80840FFF70BBE08BD59
S214024740386F00206879040008B5094B1B88DB0621
S21402475004D440F2C351074818F0EDFC10200021A3
S21402476017F04EFC044B1868BDE8084014F0AEBAC9
S214024770086800206879040028620020012208B533
S214024780074B1146186814F08EFA00212C2017F0F9
S21402479063FCBDE8084000210A2017F05DBC00BF9C
S2140247A028620020014B4008185C7047FA78002007
S2140247B008B513460A461946064B186813F0F2FE69
S2140247C030B1BDE8084040F6E941034818F0B3BCF2
S2140247D008BD00BF286200206879040008B5044BB3
S2140247E0186814F05EFA013818BF012008BD00BF31
S2140247F02862002070B5054618F0A8FB0E4B0F4E37
S2140248001B880446DA07357008D50D4B0D4D1B780C
S214024810012B08D90121286814F0EDFA2046BDE8DC
S214024820704018F08EBB1BB10FF08DFAC305F1D4A1
S214024830317881F00101EEE708680020F97800205F
S2140248403E6F0020286200200C4B10B51B880446E1
S214024850DB0711D5FFF78CFB094B84F00102082118
S2140248601868D20013F0E6FD30B1BDE8104040F6FD
S2140248703671044818F05FBC10BD00BF08680020FF
S214024880286200206879040008B5044B01461868BF
S21402489013F093FE003818BF012008BD28620020DE
S2140248A010B50A4C23787BB1FFF768FF002104207D
S2140248B017F0A6FB0021022017F0A2FB00232370AC
S2140248C0BDE81040FFF7AABA10BD00BF3D6F00203A
S2140248D038B5094800F0E8FC0024084D95F8443045
S2140248E0E0B2834200D838BD05EBC000043000F0C9
S2140248F0DBFC0134F2E700BFCC6200202C62002011
S21402490008B5104602494822F8F71CFF002008BDE9
S2140249108462002008B5054818F07DFD014620B9DE
S214024920BDE80840014818F0B1B908BD707600200D
S214024930002238B51C4B15461C461A700132082A4E
S2140249405D609D8043F8085FF8D148220021174831
S214024950F8F768FD4FF6FE73A4F868306FF48033FC
S214024960E365134B00211A88124B1868F8F75AFDB4
S214024970114BC4E91255C4E9283584F8445084F82A
S2140249805050656584F8A850E9F7FEFCFF220B4BF1
S214024990012118700A4B00201A70E0F775F8002003
S2140249A0FFF7B8FF002038BD2C620020846200208A
S2140249B060780020307500200000FFFF416F002065
S2140249C0876F002010B5AC24084B04FB0030836CC4
S2140249D053B990F850403CB931B1C0E912122046A2
S2140249E0FFF798FF204610BD2120FCE72C6200202E
S2140249F0AC2370B503FB00F5094E731993F85040CB
S214024A005CB920460BF022FF735D204643F002039A
S214024A107355FFF77FFF204670BD0120FCE700BFFD
S214024A202C620020AC235843024A135C23F0030393
S214024A30135470472C62002070B516461F4A04466F
S214024A401278C2BBAC211E4D01FB00518A6C92BB90
S214024A5091F850203AB1022B2DD191F84410072933
S214024A6007D91C2026E091F844100729F9D8012B13
S214024A7008D0AC2000FB0450CA00011D0C30F8F729
S214024A8023FD0021AC2303FB04F000249DF8143020
S214024A9000EBC1012944CB71049B8E808B602B18DE
S214024AA093F84420204601328C7183F84420FFF7A5
S214024AB031FF204670BD0120FCE700BF406F00209A
S214024AC02C620020F8B5234B04461B780F46002BB9
S214024AD03ED1AC23204D03FB0053B3F8A03023B9DC
S214024AE040F245311D4818F026FBAC2202FB045268
S214024AF0D2F8A46036B192F8A33039460020B2F854
S214024B00A020B047AC2300216343EA18A2F8A01005
S214024B10C2F8A410482192F8A82001FB02322A44C7
S214024B20D2F89820964213D0EB5C9B070CD5AC22A9
S214024B306243AB5C204623F0020343F00103AB540E
S214024B40BDE8F840FFF7E6BE0BF0A2FE0028EED165
S214024B50F8BD00BF406F00202C620020BF79040021
S214024B602DE9F04F89B0059008460D4617F0A2FFD2
S214024B70044618B9212009B0BDE8F08F284617F080
S214024B80B5FFC0B20838215C221892F802A0049140
S214024B90D1785268277803920022B4F80130ADF833
S214024BA01E20434A029192F800B0BBF1000F08D0D3
S214024BB0404B1B681BB120464FFA8AF298470020EA
S214024BC0D9E703F00703022B70D0013409225946B5
S214024BD0204617F0AFFE023F3F1A3B0606465FFA34
S214024BE087F8C7D4344FD7F89090B9F1000F27D181
S214024BF000210DF11E0B434622460846CDF800B0B2
S214024C000BF05CFDC3B20546002B4BD1BDF81E006F
S214024C1014F03BF9E0B9BDF81E0014F01FFA814605
S214024C20BDF81E0014F031F9F0B906EB08020123B4
S214024C302146584692B200F07BFDD0B119209AE781
S214024C405B465A4601212846C8470028D0D191E73C
S214024C50D7F89430BDF81E00002BDCD0A119984777
S214024C600028D8D1022086E742464846A119F8F71E
S214024C7069FDBDF81E0017F01DFF029B059A037220
S214024C80049B80F809A08372039B1BBAC360AC2303
S214024C9003FB027393F85020BDF81E0022B1DB6CB2
S214024CA003B19847E8B266E7BB6FF9E7012062E70F
S214024CB0406F0020106200202C6200202DE9F8438D
S214024CC008460F46164602F1010914F0CCF9804652
S214024CD0384614F0D3F8042856D1384614F0F2F8C1
S214024CE048F661054FF6FF7248F64103294C90429A
S214024CF008BF1D46B4F85C10301D18F0FCFA3846A2
S214024D0014F0E0F80146B01D18F0F5FAB4F85E109B
S214024D1006F1080018F0EFFA06F10A04384615F014
S214024D2065FE10B145F01005ADB22946484618F0AA
S214024D30E2FA384614F092F9424601462046F8F75F
S214024D4001FD3846012117F0EDFE4444074660B1E6
S214024D5017F0CCFE0546384617F0ACFEEDB201461B
S214024D602A462046F8F7EEFC2C440B4AA41B13787E
S214024D700134591C1170F37034703046BDE8F843A4
S214024D800922012117F0D6BD484618F0B2FA4C4661
S214024D900546C3E72C620020416F0020AC2210B506
S214024DA048245043094B1A1892F8A81004FB010035
S214024DB0034493F87700022806D092F850301BB9C5
S214024DC0032818BF012010BD0020FCE72C6200203B
S214024DD070B508B1012070BD234C94F8A850002D80
S214024DE0F8D12946B4F85C20FFF714FA294628467B
S214024DF0B4F85E20FFF7F8F92946284604F1600267
S214024E00FFF7D6FC94F87730002BE3D0284694F8C8
S214024E105860FFF749FA864215D1002094F95A5095
S214024E20FFF736FA854216D10020FFF7B7FF044691
S214024E30002017F035FD0028CDD02146BDE8704091
S214024E400020FFF705BA284694F85810FFF73EFAF6
S214024E500028E2D0BFE7002094F95A10FFF70AFABA
S214024E600028E1D0B7E700BF2C6200200346AC2042
S214024E7010B51446164A00FB032292F87700022861
S214024E800CD1E07F022809D141B1124909780129E3
S214024E9013D992F85810227891420ED118462178EA
S214024EA0FFF708FA90B1482221460B48F8F74AFC69
S214024EB0002017F0F5FC08B9002010BD044B93F84B
S214024EC0A8000028F8D1FFF783FFF5E72120F4E7D2
S214024ED02C6200207E6E00208462002038B5AC234F
S214024EE00D4C054603FB004300205A6DD86483F838
S214024EF0500012B15865FFF727FCF5F75FFBFF2855
S214024F001EBFAC2303FB054484F8A8000020FFF76D
S214024F105FFF002038BD00BF2C6200207FB51D4C0D
S214024F2094F8A83023B1002084F8A800FFF750FFB9
S214024F3094F85A30B4F8A0608DF80F3026B940F2D3
S214024F40FD21154818F0F7F8144B31461D6800206D
S214024F502A46FFF7B3FEE46F02469CB10DF10F033B
S214024F6001930023294630460093A04702462C7838
S214024F7054B920462146FFF7A5FD2046FFF7CAFC96
S214024F8004B070BD0122F2E729460020FFF714F8AC
S214024F90F6E700BF2C620020BF79040030750020BF
S214024FA038B5494B1C78002C58D1484800F06CFCA8
S214024FB0204617F075FC002850D0454C2378D907B8
S214024FC033D594F850201AB123F00303237045E03A
S214024FD023F0010323700BF043FC237805469A075F
S214024FE001D50BF033FC294600200BF049FA40B9F4
S214024FF02378284643F001032370BDE838400BF0BF
S21402500025BC0023482284F8A33094F8A83084F8FC
S214025010A25002FB0343D3F89830A4F8A000C4F8C9
S214025020A430BDE83840FFF779BF94F84400B0B129
S21402503004F1A003251D95E8030083E80300FFF7AB
S2140250406DFF94F844202846D20004F10C01F8F7CC
S2140250503BFA94F84430013B84F8443038BDA26CE5
S21402506062B99B0711D52378002023F0020343F090
S21402507001032370BDE83840FFF74CBC0123A0644F
S21402508084F85030904723789EE70BF001FC002806
S214025090E9D194F8A83073B1F5F790FA94F8503045
S2140250A0002BDBD1FF2818BF84F8A800BDE83840E3
S2140250B00020FFF78DBED4F88C30002BECD098473A
S2140250C00028CBD1E8E700BF406F002070760020B2
S2140250D02C62002070B50446002017F0E1FBAC23DA
S2140250E05C430B4E351995F850300BB1002070BD5D
S2140250F00028FBD0074818F08EF90028F6D1335D59
S214025100002BF3D195F84400B0FA80F04009EEE7A0
S2140251102C6200207076002010B5084A034613F071
S214025120B0FF14684FF6FF7203EB40039C4218462A
S21402513003D9018802339142F8D010BDE8620020FC
S2140251402DE9F047204F05463B88A3B3B0F902305D
S214025150002B30DBDFF87C801C49D8F80000F8F71B
S214025160B7FB20B94FF4EA71194817F0E4FF00269E
S214025170DFF85CA0DFF860903A88B3B29A4204D8AF
S2140251804FF4EB71504617F0D6FFD9F80030B2B2A2
S21402519053F83200D8F8001003EBC20468B943F89B
S2140251A03210A38828460133A38013F06AFFE388EF
S2140251B003EB4003E380BDE8F087F8F789FB01368E
S2140251C00028D9D1EDE700BF0A6800208C790400D8
S2140251D09679040090760020DC62002038B5094CEF
S2140251E0094D22682B689A4204D94FF48771074802
S2140251F017F0A1FF28682368C01A20F0010080B2C9
S21402520038BD00BFE8620020F062002096790400F4
S21402521038B5124C124D21462846F5F77DF823681C
S2140252200BB12B681BB9DE210E4817F084FF2A68E3
S2140252300D4B0E491A60236823F0010313440B60DA
S2140252400B4B1A602AB9BDE83840F821054817F01A
S21402525072BFFFF7C3FF6428F5D938BDE0620020AD
S214025260E462002096790400EC620020F0620020DE
S214025270E862002038B5094C094D22682B689A422C
S21402528004D34FF48A71074817F055FF286823683D
S214025290C01A20F0010080B238BD00BFEC620020C8
S2140252A0F0620020967904002DE9F0411D4B044679
S2140252B01B78012B24D1008817F0DEFB0546D8B1F7
S2140252C00426DFF864802C4617F040FE0746204688
S2140252D0FFF736FF638843EA08036380A05B17F094
S2140252E0CBFB0446384617F02CFE1CB1B4F902304C
S2140252F0002BE9DA062E01D1BDE8F0810626E2E7A8
S214025300022BF9D117F022FE0246208817F0B4FBD2
S21402531018B10388C3F30E0323801046BDE8F0419C
S21402532017F00FBE426F00200080FFFF2DE9F04FFE
S2140253300024BA4B97B006461C8017F007FE0123DE
S214025340DFF8EC82B64F3B70B8F80030A8F80040A1
S214025350ADF81630B34B1B68019317F0F2FDB24B53
S21402536021461A88B14BD2001868F8F75BF80DF19F
S2140253701600FFF799FF002E3CD1DFF8B8924FF0E7
S214025380000B0125D9F80040019B9C4239D3BBF1A2
S214025390000F39D1002DF2D0D9F80040DFF898A2DC
S2140253A025462246019B9A4273D302230DF116002C
S2140253B03B70FFF779FF002E40F08F80D9F800602F
S2140253C03246AA4280F0A280908817F055FB18B1A8
S2140253D00388C3F30E039380D08817F04DFB18B1F1
S2140253E00388C3F30E03D3801046FFF795FE0246EA
S2140253F0E7E79847E3B256F823300134002BF8D19A
S214025400BBE7BBF1000F3ED00BF1FF335FFA83FB25
S21402541016AB03EB8B0252F8402CB2F9020051880D
S2140254200028B1DA4B04AFD4924641F48040931D73
S2140254302AF8020F02933AF8020F17F01DFBF0B19A
S214025440B0F902E0B0F802C0BEF1000F17DB6FEA57
S2140254504C4C6FEA5C4CA0F802C00390FFF770FE5B
S214025460BBF10F0F8FBF002516AB039A03EB8B0021
S2140254709EBF0BF1010340F8402C5FFA83FB029BB0
S2140254809A45D8D180E72046FFF746FE22460446D4
S214025490C3E7104613F0F5FD8346B2F90200118801
S2140254A000280AEA010108DA204617F0DBFA084368
S2140254B081B204EB4B0402EB4B0510461180FFF75A
S2140254C02BFE02466EE798475FFA8AF356F82330B9
S2140254D00AF1010A002BF6D170E74FF0000AF3E753
S2140254E03046FFF719FE82467EB1B6F90230718861
S2140254F0002B0ADA3088C0F30E0017F0BDFA864297
S21402550003462DD1C1F30D0171805646AE42E7D354
S214025510DFF81CA117F01AFD00210646504613F0CC
S21402552001FE17F0A9FA0546002800F087803046EB
S21402553017F007FD284613F0A4FD0646204617F08E
S21402554091FA81467600324629462046F7F7BCFF96
S214025550002249460DF1160017F035FF3444D9E70C
S2140255601BD9304613F08DFDC1F30D014200718048
S2140255701846314692B2F7F7A7FFC6E75046FFF73E
S214025580CBFDD146854203D9B0F90230002B01DAB1
S214025590824603E0FFF7C0FDF4E7B146554507D95A
S2140255A0BAF80000C0F30E0017F066FA8245E5D39B
S2140255B0B9F1000F30D0B9F80000C0F30E0017F0B2
S2140255C05BFA034638B93346CB46994513D8B145FC
S2140255D09BD0D946ECE7484613F053FDB9F80220B3
S2140255E04946C2F30D02A9F80220420092B21846BA
S2140255F0F7F76AFFE7E718460193FFF78DFD019B71
S2140256009B46854203D9B0F90230002B01DA0346E5
S214025610DBE7FFF781FDF4E7CB46DAE70C6800200C
S214025620426F0020E86200200A680020DC62002048
S2140256300E680020EC6200200080FFFFBDF81630E6
S2140256403870A8F80030044B30461C6017F079FC1E
S21402565017B0BDE8F08F00BFE86200202DE9F041E8
S214025660054617F009FA0F460446D8B117F095FE1C
S21402567020B940F2FB41204817F05DFD284617F09E
S21402568035FA05462046FFF747FDBD42064609D0D5
S21402569004D840F20351184817F04DFD2588ED0B4B
S2140256A002D02781BDE8F0816780204613F0E9FC2E
S2140256B0074604EB400817F049FC104B1A68B24242
S2140256C00AD1C3F8008017F03CFC2A464046BDE8E3
S2140256D0F041FF21F7F7A6BEA6EB0806B5B217F013
S2140256E030FC072DF1D90023083D44F81730C8F8DE
S2140256F00430A8F80250D5E796790400E862002044
S21402570038B517F023FC00210546044813F00AFDBD
S2140257100446284617F015FC204638BD0E680020C1
S214025720024B1888B0FA80F0400970470E680020D5
S2140257302DE9F74F044600881F4617F09DF9884664
S2140257401546064617F029FE20B940F2FE613F488C
S21402575017F0F1FC3388DB0B009306D033892B4419
S2140257603381002003B0BDE8F08F208817F0BEF921
S21402577082463046FFF7D0FC019017F0E7FBDFF8D1
S214025780D0B0019BDBF8002081469A421DD1FFF77C
S21402579025FDA84204D2484617F0D3FB1A20E1E7BB
S2140257A00AEB050373803FB1208817F083F92A4677
S2140257B041465044F7F7C6FF3046FFF7ADFCCBF83C
S2140257C00000484617F0BDFBCBE717F0BAFB20886F
S2140257D017F08CF92844009980B217F0DFF90646D4
S2140257E00028DBD017F066F98146208817F062F9A8
S2140257F08246208817F07AF9514602464846F7F75D
S214025800A1FF3046AFB117F055F90746208817F0CA
S2140258106DF92A4641463844F7F794FF012120885D
S21402582017F080F901210246304617F08FF92680DC
S21402583097E717F03FF98046208817F057F92A466F
S21402584039464044F7F7EEFDE8E700BF96790400D4
S214025850E86200203421014817F06DBCAA790400E2
S214025860036910B55BB18268064B9A4201D10020EB
S21402587010BD446917F058FC201AF9D5F7E74FF027
S214025880FF30F5E75558020082681C4B70B59A4205
S2140258900446056819D117F059FB236923B1A342C0
S2140258A006D100222A601A61BDE8704017F049BB93
S2140258B01A4611461269A242FBD12A68A24208BFC2
S2140258C029600B6100232361EEE7036993B19842D6
S2140258D06E6803D19D210A4817F02DFC2B46B44270
S2140258E009D122699D4218BF1A614FF0000308BF12
S2140258F06A60236170BD33463669F0E75558020088
S214025900AA7904002DE9F047074600254FF0010A60
S214025910154EDFF858808AB0347914B90AB0BDE85B
S214025920F087D6F8009087B900972A46B8F8001094
S214025930234603A817F0D6FD2246484603A9E9F7F0
S214025940E5F92544EDB20836E6E7224603A94846BD
S214025950E9F7B0F9CDF800A023462A46B8F80010B9
S21402596003A817F0BFFDECE7A4C5040010680020EA
S2140259700148FFF799BC00BF106800209C46174BF1
S214025980F7B5054608461988164611B1144B1C7819
S214025990CCB1014662463046BDB103B0BDE8F04028
S2140259A0E9F788B91C44E4B208373B79002BF0D0FB
S2140259B03A689642F6D185F001052246009517F020
S2140259C091FD03B0F0BD074FEFE7E9F79FF9B0B2DC
S2140259D003B0BDE8F04011F02BBD00BF10680020F8
S2140259E003790020A4C5040010B5074C238843B1F0
S2140259F00020FFF787FF0020FF22044B20801A704A
S214025A0010BD0220FCE700BF1068002003790020CA
S214025A10142810B518D8082805D111F072FDC40153
S214025A20E4B2204610BD0E2802D111F06DFDF6E755
S214025A30064B53F82040002CF3D00A282478F0D1E5
S214025A4005F0A0FE0443EBE7FF24EAE7F4C50400F2
S214025A50014BB3F8680070472C620020004870477C
S214025A6096620020014B1878704700BFBC6E00207B
S214025A70014B1870704700BFBC6E0020194B0228FD
S214025A8010B5187002D0043801281BD8164B1B78A4
S214025A90042B03D00021154817F0F8F8144B1B68A6
S214025AA09A001BD513F0805F40F6114418BF4FF4DE
S214025AB04164204612F0BFF890B92046BDE8104077
S214025AC011F0B4BC0948FFF7DFFE0A48FFF7DCFE18
S214025AD0162413F053FD12F0A8F8EAE71524E8E7B7
S214025AE010BD00BFC06E0020C16E0020947600205C
S214025AF0AC54002018540020024B187800F00F0017
S214025B00704700BFC06E0020034B187800F00F00ED
S214025B10831E584258417047C06E002008B513F0E5
S214025B2018FDC0B113F02EFDA8B10AF0A7FF90B978
S214025B300A4813F0C0FA70B1094813F0BCFA50B123
S214025B4011F0E7FC38B112F078F820B9BDE8084049
S214025B50044813F061BB002008BD00BF1268002095
S214025B6044680020F462002030B505460C4693B027
S214025B7081B910B9002013B030BD1023214A6946FE
S214025B800120FFF7FBFE9DF805305A1E052A28D98C
S214025B901720F0E7182200212046F7F743FC002DD5
S214025BA0EBD1FFF7B1FF30B311F07EFB6A46014638
S214025BB00020FEF7A5FEBDF80430204623819DF89E
S214025BC00230A3729DF80030E37213F061FE0023E8
S214025BD004F11401237304F1100003F0CBFDE081FD
S214025BE0C8E7094A9DF8041012789142D0D12B706A
S214025BF0002CD6D1BEE7054B1B78033B022BD3D92C
S214025C00C6E700BF64EE0100DA780020C06E00200E
S214025C1030B593B005460C46FFF776FF20B90C4B1D
S214025C201B78033B022B10D811F03EFB6A46014656
S214025C302846FEF765FE00209DF80230607023704D
S214025C409DF80030A37013B030BD1720FBE700BFED
S214025C50C06E0020054B1878012805D000F0FD0024
S214025C60A0F1310358425841704700BFC06E002071
S214025C701FB50146002201A817F0D8F8064801A968
S214025C8017F0FEFB20B116F015FF4089C0F3400066
S214025C9005B05DF804FB00BF6E78002030B585B015
S214025CA00D460022014601A817F0C0F8084801A9CF
S214025CB017F0E6FB50B116F0FDFE04460146082238
S214025CC02846F7F701FC6089C0F3400005B030BDF6
S214025CD06E780020F8B50546F8B100210F4817F097
S214025CE06CFB0446A8B10D4F204616F0E3FE0646AE
S214025CF017F088F8830705D4082229463046F7F7B6
S214025D00DDFE38B12146384617F07BFB04460028F4
S214025D10EAD10024201E18BF0120F8BD6E780020AC
S214025D2010B50C460146064817F0AAFB30B116F02D
S214025D30C1FE43891C4214BF0120002010BD00BFD3
S214025D406E7800201FB51446024601A817F06EF8BA
S214025D50074801A917F094FB40B134B116F0AAFE29
S214025D60142201462046F7F7AFFB012004B010BD0F
S214025D706E7800201FB50146002201A817F056F8DB
S214025D80094801A917F07CFB58B116F093FE438927
S214025D90024613F0020004D0507B80F00800C0F3E5
S214025DA0C00005B05DF804FB6E780020F7B59DF8DC
S214025DB024400D4601949DF82040064600941F4656
S214025DC014F003FE4FF6FF718842044610D0BB075C
S214025DD011D4284600F056FF204617F078FBFF281D
S214025DE01FBF084A32F8103023F4804322F81030DE
S214025DF0204603B0F0BD02462946304613F0A2FA0A
S214025E00EAE700BFE267002073B50E460146144873
S214025E1017F036FB0546D8B116F04CFE4389044609
S214025E20334012D09B0736B20BD5002E09DAA17B7F
S214025E30437B0289007B0191012100912146FFF7F5
S214025E40B5FF638923EA06036381628912B10120E2
S214025E5002B070BD2946024813F083F9F7E700BF87
S214025E606E7800200148FFF71FBA00BF6E78002048
S214025E7013B53E4C0EF02BFDD4F8FC311020C3F3C4
S214025E8007430193FFF7C4FD000650D50020FFF735
S214025E90BFFD01064BD5019B802B3ED1236A9A0794
S214025EA004D440F61544204602B010BDE3699B07B1
S214025EB0F7D52F4812F0EDF9012012F0BDFF0EF0D3
S214025EC019FD04460028EED100F042F9294813F0E5
S214025ED07DF900F099F9E8F757F80EF0F7FC08F0AC
S214025EE003FF08F055FFF4F761FAF4F7FFFAF4F748
S214025EF019FB03F0DBFD11F006FB11F007FB11F0B6
S214025F009FFE1D4814F06AFD06F08CFA11F05BFE47
S214025F100028C8D011F059FEC5E7019B812BC0D1DD
S214025F20D4F80C315B00BCD5D4F80C31BFE7102096
S214025F30FFF76EFD0006BCD40020FFF769FD0106E0
S214025F40B7D5019B802B05D1084B1A6AD207A8D574
S214025F50DB69ACE7019B812BA3D1044BD3F80C2160
S214025F60002A9EDAD3F80C31A1E700BF0080E00FCA
S214025F70690345ECF4620020715C020010B513F070
S214025F80FAFA70B301F0E0FA80F00104E4B20020FD
S214025F90FEF724FC44EA800424B213F0DAFA10BBBB
S214025FA002200443164817F036FA44EA401415480D
S214025FB017F031FA24B244EA0014134817F02BFA09
S214025FC024B244EA8014114817F025FA24B244EAAF
S214025FD040240F4817F01FFA24B244EAC02080B2C9
S214025FE010BD0124D3E70B4813F065F80028D7D07C
S214025FF0094813F060F880F00100C0B24000D0E714
S214026000D4760020B8770020B054002038770020DD
S21402601098770020126800204468002008B501F036
S2140260207FF8FEF709F8144813F045F808B904F0AB
S21402603025FF124813F03FF808B906F0DDF902F022
S21402604095FF0F4813F0F4F80E4B1B78043B022B17
S21402605009D80D4817F0DFF928B1FFF78FFF10288F
S21402606001D107F0E1FC11F056FA13F07AF9BDE817
S21402607008400648FFF75AB9126800204468002014
S214026080F4620020C16E0020B87700206CC60400BF
S214026090014B1868704700BF286200204FF6F7735E
S2140260A070B5984204460D4686B043D813F067F999
S2140260B0A04207D1082220492846F7F705FA002011
S2140260C006B070BD1D4EB6F86830A3420AD1002253
S2140260D0082106F16A0013F0E0F818B9082206F162
S2140260E06A01E9E784B1002301221946204600939B
S2140260F008F05CFDFF2811D12946204608F000FF73
S21402610080F00100C0B2DBE70D4B1B689B07EAD4A8
S214026110284606F0FBFD0028E5D0D0E702A914F0D9
S214026120FFFA0028E8D1DDF80D302B60DDF81130DB
S2140261306B60C4E70120C3E7436F00202C62002097
S214026140AC540020014B1870704700BFDA7800206C
S21402615010B5054C082221460448E8F7ABFD204658
S21402616013F047F910BD00BF436F002034B608C0D5
S21402617000487047436F0020082208B50349F7F726
S2140261809DFCB0FA80F0400908BD00BF436F0020B6
S214026190014B1870704700BFB46E0020F7B50D466D
S2140261A0044616461F460021284601F061FD0B4BA9
S2140261B0002183F859402A463346204600970AF0C3
S2140261C03FF9014630B10222204603B0BDE8F04056
S2140261D000F006B8012003B0F0BD00BF2C6200201C
S2140261E013B513460C461AB1022A0CBF13460123F6
S2140261F00021044A019100922246FEF71DFC02B0DD
S21402620010BD00BF5996030000B5002093B0FEF7FC
S2140262108FFB1E4B188814F0E2FB1D4B1D491A78A3
S21402622000200AF091F9342200216846F7F7FAF8BE
S2140262300B238DF800306FF4803301934FF6FE7314
S214026240ADF8103003238DF81D30134B134A089314
S214026250134B10680993134B51680D93124B6A4601
S2140262600E93124B0F93124B1093124B119302ABD9
S21402627003C300210846FEF7F9FD6A460121002005
S214026280FEF7F4FD13B05DF804FB00BF5A78002059
S214026290E9780020048A0400B1660200436F0020F9
S2140262A0F59303009993020059680200C5A2020002
S2140262B059960300C98F0200014B1878704700BF39
S2140262C04B6F0020014B1888704700BF7278002081
S2140262D02DE9F74F814610460E46904617F009F80C
S2140262E0DFF840B105469BF8003033B94A4B1B68CD
S2140262F01BB94A4B1B68002B7FD015F4406A05F089
S21402630040071BD19FBBB5F5804F61D24FF4807416
S214026310B9F1400F73D0B9F1800F63D0B9F1100F05
S2140263206BD100239BF800003D4AD9B2884264D95B
S21402633032F8021B0133A142F7D166E008F10300EE
S21402634016F0D7FF4FF6FF73984214BF01240224BB
S21402635087B1052705F44043B3F5004F44F008041F
S21402636025D0B5F5804F24D244F4807421E05446FB
S2140263700327EFE7B5F5804F4FF00507F4D3BAF5DC
S214026380406F14BF022008203844404416F0B1FF84
S214026390019013F011F8019B05F4404598420CBF9A
S2140263A044F0080444F00404B5F5004F01D144F06B
S2140263B08004BAF5006F0FD108EB070016F099FFBC
S2140263C0054612F0DCFFA842A2D144F010049FE773
S2140263D0544603270220D7E7BAF5406F08BF44F0B9
S2140263E0200495E70C4B1B683BB10022D1B233F870
S2140263F0110033F91110002903DA002008E0074BD8
S214026400F1E7A04202F10102F0D106B13480012088
S21402641003B0BDE8F08F00BF0463002008630020CD
S21402642062680020846F0020034B1A78022A04BF99
S21402643009221A70704700BF4C6F00200C22034BD3
S2140264401A211A700320002201F090BD4C6F002022
S2140264500C2208B5054B1A211A700022104601F0CC
S21402646085FD0022024B1A6008BD00BF4C6F00205B
S214026470106300200C2270B50D4B05461E781A706C
S21402648030B93046BDE8704000221A2101F06EBDD8
S214026490084B1C78E1B21A29F3D825FA04F3DB0775
S2140264A003D54422304601F061FD0134F2E700BF15
S2140264B04C6F0020057900200C22024B1A7011F056
S2140264C0B5BB00BF4C6F0020F0B50C8805460E46E3
S2140264D08BB0E4B94FF6FF77ADF8247011F0BBFB32
S2140264E010B902200BB0F0BDCDE90340CDE905445A
S2140264F0134A0294B2F85C306032019300923B4633
S2140265004CF60101FF2009AA14F084FA30802846CE
S21402651013F07BF80B4C70B1237863B1013BDBB20E
S2140265202846237013F071F838B12078B0FA80F05C
S2140265304009C0B2D6E70523F2E70120F9E700BF1B
S2140265402C62002004790020034B11461B6803B11D
S214026550184710F02BBF00BF106300200C22024B1E
S2140265601A7008F039BF00BF4C6F00200148FEF7D2
S2140265709BBE00BF146800207FB505460C46164633
S21402658016F0C2FC00286BD1062D03D85223EB402E
S214026590DB071AD4B4F1006F05D3E30E1C3B032BC2
S2140265A018D94F202EE000222F4B1A602F4B1D7059
S2140265B012F099FE03460A2D54D8DFE805F02D188E
S2140265C03E49182518535341360002F0A3F8B4F199
S2140265D0006FE2D20022244B042D1A60234B1D705A
S2140265E0E6D1022001F0B6F912F07DFE0346012242
S2140265F002921F4A01921F4A00921F4A31462046C3
S2140266000AF078FA04B070BD314620461B4A04B040
S214026610BDE870400AF056BA31462046184B194A71
S21402662004B0BDE870400AF031BA00220292164A5F
S2140266300192104A0092154AE0E702220B4B1A70AA
S21402664000221046124904B0BDE87040FEF7BAB9FF
S214026650002202920F4A0192064A00920E4ACDE7A3
S2140266604D20CFE70120CDE7106300204C6F0020BD
S21402667075640200B1660200459603005D6502007D
S2140266805164020049650200B9640200C96402004E
S214026690296402003D6402000796030008B50AF06A
S2140266A059FA0C22014B00201A7008BD4C6F0020CC
S2140266B0F0B585B0ADF8060018B97621644816F034
S2140266C03AFDBDF8060012F0D9FB0446BDF80600F6
S2140266D012F0D4FB082846D00C2CBDF8060042D196
S2140266E012F0BCFC074616F004FE0DF10F0106463A
S2140266F0BDF8060010F0F8FE002879D00922002125
S214026700384616F017F99DF80F301033C518BDF845
S214026710060016F0EBF9EDB2854269D22946BDF8BD
S21402672006000AF025FB06F44C4416F440660546BD
S21402673014D0F81C16F0DDFD4FF6FF73984208BF22
S21402674044F04004B6F5006F08D1781D16F0D1FD6E
S2140267504FF6FF73984208BF44F010049DF80F30BE
S2140267605BB3072D44D1BDF8060012F07DFB04464C
S214026770BDF8060012F082FB082817D0A30615D52E
S21402678024F0200189B2BDF8060012F058FBBDF8CD
S214026790060012F063FC0021092216F0CBF800F185
S2140267A0100189B20DF1060014F05DFA0022BDF860
S2140267B00610284816F007FE1AE0082D16D8BDB1B6
S2140267C0013D072D14D801A353F825F029680200CD
S2140267D035680200F1670200F5670200F167020001
S2140267E04168020067670200476802007C2D24D0D9
S2140267F005B0F0BD24F48844A4B2B4F5084FF7D12E
S214026800BDF8060012F035FBBDF8061014F0ECF8E1
S2140268100028A8D0BDF8060012F083FB002201462D
S214026820022016F02FFDE3E724F48064A4B2B4F548
S214026830484F97E7B4F54C4F94E7B4F54C4F92D0D7
S2140268404CF6500301E04CF640439C428AE700BFF8
S214026850B8790400126800202DE9F7430F469046E7
S2140268609946064616F026F90446304616F03EF9D4
S214026870C5B2083D2C44E178094BA2781970094B41
S21402688031461A70002043463A46CDF800900EF084
S214026890A9FC003818BF012003B0BDE8F08300BF92
S2140268A0666F0020656F00202DE9F04FDFF840810B
S2140268B0DFF8409198F8002099F8003006469A4290
S2140268C085B004D340F21911424816F034FC304623
S2140268D00DF10F0116F0C2FA20B14FF48E713D4849
S2140268E016F029FC98F800709DF80F403D1B15F035
S2140268F0FF0530D04FF0FF3C374B01211B78A140FB
S214026900184699F800304FF6FF790CFA03FC00237C
S214026910324A01F1FF3E0193C1F1000A9DF80430AC
S214026920984243D8122004FB00002D4BA0F112011E
S21402693005EBC5025200194404F101091844F6F7A2
S214026940C3FD4FEA89092748A9F104010144AA00B8
S2140269504844F6F7B9FD224904EBC40201EB4203B0
S21402696021F81260204A013712784FF6FF71DA7367
S2140269701A745A7412025A801C4A0D2012781A711E
S21402698010225A7100229A73C3F80620C3F80A200E
S214026990144B43F8242088F8007016F073FC0EB9E6
S2140269A013F081FE204605B0BDE8F08F13884B45F4
S2140269B00AD053680AEA030B03EA0E030B4403EBFE
S2140269C04B0343EA0C035360019B083201330193E5
S2140269D0A4E700BFCB790400E67800207C520020B2
S2140269E0AE67002078520020666F00204D6F0020B0
S2140269F0BA6E0020E478002010B5074C2046FEF759
S214026A0043FF04F06BFB02F0DDFE2046BDE81040BB
S214026A104FF47A5116F03AB9947600202DE9F041F7
S214026A20074600250A4B0B4E93F80080ECB2A045B1
S214026A3003D8FF242046BDE8F08108223846B11D5F
S214026A40F7F73CF801350028F4D01236EEE700BF1F
S214026A50BA6E0020AE67002007B50DF1070116F0EA
S214026A60FDF930B19DF80730034803EBC30300EB92
S214026A70430003B05DF804FBAE6700202DE9F8433F
S214026A80294E044633785D1E2D1A8342EDB204D891
S214026A904FF4A171254816F04EFB0123A3404FF098
S214026AA0FF305F1E3B4400214FF6FF7E6FEA03086D
S214026AB01F4A92F800C01F4A127890401E4ACBB274
S214026AC09C4523D8BDB127B204EBC4041B4864001E
S214026AD005EBC50204F11201014452002044F6F708
S214026AE0F3FCBF001648AA00391D014402F0FC025E
S214026AF03844F6F7E9FC33780022013B33704FF650
S214026B00FF71BDE8F8430E2016F0BCBB1388734530
S214026B1007D0536808EA03093B4003EB59030343D3
S214026B20536008320131CAE7BA6E0020CB790400FE
S214026B30E6780020E47800207C520020AE67002031
S214026B407852002010B50A4C207858B9094B1B78A9
S214026B501A2B03D99921084816F0EDFA0322074B9F
S214026B601A7010BD0138C0B2FFF788FFECE700BF0D
S214026B70BA6E0020E4780020CB790400B66E0020BE
S214026B802DE9F047054616F091FCFF28044624D16D
S214026B90DFF884901E4B99F800201B789A422BD27D
S214026BA02846BDE8F047FFF77FBE38883B79504558
S214026BB018D86F2B4FEA131214D85B0710D012376F
S214026BC008F1010899F800105FFA88F6B142ECD88D
S214026BD00023104ADEB28E4214D32046BDE8F08768
S214026BE0022AECD913F0D0FE0028E8D12946304616
S214026BF0BDE8F04712F04ABD4FF000084FF6F77AAC
S214026C00044FDFE7107901338F28EFD81232E1E71D
S214026C10E4780020AE670020BA6E00204FF6F773C5
S214026C20984210B514D8FFF7ABFFFF2810D0134CCC
S214026C3000B200EBC00004EB40040EF0E5FC104985
S214026C4038B962880B7802EB0313A3EB1213638046
S214026C5010BD227C637C09789A42E27323746174C5
S214026C6007D98B4203D213468B4228BF0B461B0220
S214026C70EDE78A42F8D31346F9E700BFAE67002075
S214026C80666F00202DE9F04106460F4600240E4DA1
S214026C90DFF8388098F80030A34201D8BDE8F081CA
S214026CA0082229463046F6F709FF40B935F8063C71
S214026CB0BB4204D02046FFF7E1FE013CE4B20134B9
S214026CC0E4B21235E6E700BFB4670020BA6E0020D1
S214026CD0F8B5054608460E46FFF7A0FEFF2830D058
S214026CE01D4B294653F820703046FFF7CBFF284647
S214026CF0FFF746FFFF28044625D113F060FEFF2863
S214026D000AD1164C207838B110F0D1FA2378B0FBAD
S214026D10F3F202FB1300C0B2294612F0B7FC044697
S214026D2023B20F4D03EBC30305EB4305082231469E
S214026D30A81DF6F7C9FB2B79204603F00F032B712B
S214026D40F8BD0027D3E7074B1B78002B18BF002798
S214026D50014B43F82070E3E778520020E4780020E5
S214026D60AE6700200679002038B50B4B04461B7828
S214026D700D46834204D840F25A21084816F0DBF941
S214026D80074804EBC40400EB44002946BDE838403B
S214026D9008220630F6F798BBE4780020CB79040088
S214026DA0AE67002070B5044608460E4616F07EFB17
S214026DB0FF28054610D02046FFF730FEFF2807D0F2
S214026DC0084B1B7823B9084B53F8202043F825209C
S214026DD021462846FFF7C8FF31462046BDE87040E8
S214026DE0FFF750BF06790020785200202DE9F843BD
S214026DF00024804601272646114DDFF84C9099F86C
S214026E000030A34210D83E430134E4B21A2C4FEAB3
S214026E10470705F11205F2D14FF0FF30094B1B78F8
S214026E2098403043BDE8F8832B884345EBD028468C
S214026E3012F075FC0328E6D82B796F2BE3D8E3E72C
S214026E40AE670020E4780020BA6E002010B5084C29
S214026E5000EBC00004EB400423795B0707D1204611
S214026E6012F05DFC237923F007031843207110BD4E
S214026E70AE6700200022084B1878084BD1B2884231
S214026E8003F1120300D8704713F80D1C013221F0EB
S214026E90100103F80D1CF1E7BA6E0020AE67002061
S214026EA02DE9F04702261227DFF85C90DFF85C80B7
S214026EB099F8004000250CE007FB05F338F803A01C
S214026EC00021504612F040FC10B15CB1013CE4B225
S214026ED0013599F80030EAB29342EDD8A34204D1C4
S214026EE04FF6FF7A5046BDE8F08710F0E0F999F8C1
S214026EF00030012EA3EB040390FBF3F202FB130017
S214026F00C4B2EDD00126D5E7BA6E0020AE670020E7
S214026F10034B00211A7803489200F6F783BA00BFA3
S214026F20E47800207852002010B5134B0C461B78EC
S214026F3086B0834212D9114900EBC00001EB400132
S214026F40082220460631F6F7BFFA0022082120461C
S214026F5012F0A3F980F00100C0B206E0C01A01A93F
S214026F60C0B213F035FD10B1002006B010BD01AB63
S214026F7003CB20606160E8E7E4780020AE6700207B
S214026F8008B5074B024653F820308B4206D9152027
S214026F904FF6FF7116F076F9002008BD0120FCE7D7
S214026FA078520020024B013143F82010704700BF90
S214026FB0785200202DE9F34781460C4600272A4ED8
S214026FC0DFF8ACA09AF80030FDB2AB4210D86946A2
S214026FD0204613F016FDC0B3082269464846F6F767
S214026FE06DFD90B34946204612F054FEFE2537E06A
S214026FF006F10608082241464846F6F75FFD90B9B4
S2140270004FF6FF739C422BD03388A34228D02046EB
S21402701016F05DFAFF2814D14946204602B0BDE8B4
S214027020F047FFF755BE14B912360137CAE7338860
S214027030A342F9D100220821404612F02EF9002878
S214027040F2D12846FFF71AFDCCE74946002016F093
S2140270503CFAFF28054603D0044B1B780344DDB2F6
S214027060284602B0BDE8F087AE670020E47800202C
S214027070BA6E00200F4B1B7883420CD8C01A0E4AF9
S214027080C0B232F81030D90411D443F4805322F837
S214027090103001207047094B00EBC00003EB4003A1
S2140270A05A79D10603D442F010025A71F1E7002051
S2140270B0704700BFE4780020E2670020AE67002039
S2140270C0F0B5134B06461B78FBB100251148DFF8D6
S2140270D04CC090F800E0104807781F44E8B2864596
S2140270E001D80020F0BD7C1B94FBF3F003FB104498
S2140270F00CEBC4003CF83440B44204D1002AF1D16F
S21402710084788C42EED00135E8E71846EAE700BFFD
S214027110E678002098540020B86E00207C520020AA
S21402712070B50DF0C5FB14250F49104E0B7832884A
S21402713030809B1A03449BB2B3FBF5F405FB143371
S2140271400B700B49E2B20B78934292BF00239B1A54
S214027150DBB2032A0B7088BF002306499EBFD2000B
S2140271600B68D3400B6070BD4F6F0020166800207E
S214027170B76E002098540020084B1868084BC2B21D
S2140271801B789A4208D2074BC0F307201B78984216
S21402719034BF002001207047012070479854002019
S2140271A0E67800204E6F0020F8B505461746FFF732
S2140271B0E3FF064610B9184B1A783AB92120012285
S2140271C04FF6FF7116F05EF80020F8BD1348DFF8A0
S2140271D054C003780133B3FBF2F402FB143303709A
S2140271E00F48DCF8002000EBC30420F8335002F10D
S2140271F00132A1703846CCF80020FFF7F7FDE670A2
S214027200606012F0BCF8A84201D10120DDE7E37805
S2140272100133E370F9E700BFE6780020B86E00207D
S2140272207C5200209854002010B50B4C0B4A237851
S214027230063B13700DF03CFB0022094BFF21188021
S214027240084B09481A602278D200F6F7EBF80422B7
S214027250064B1A7010BD00BFE67800204E6F002065
S21402726016680020985400207C520020B76E00203A
S2140272702DE9F843074615F057FF05461A4816F05B
S214027280CAF81A4B48B31C683C1B2C44A4B2002212
S214027290174BDFF864901B78164D99F8006005EBE3
S2140272A003155FFA82F8464509D9AB8805F1100046
S2140272B0A34215D9B21A29461201F6F705F9013684
S2140272C089F80060AC80B8F1000F03D13946064851
S2140272D015F0DCFC2846BDE8F8833C461D60D6E780
S2140272E005460132DDE700BFB476002014630020B5
S2140272F0516F002078510020526F00202DE9F74F81
S21402730015F012FF4FF0000E284D294F2978294C10
S21402731097F800A004EB011303EB0A120092F3465F
S2140273205246DFF898801FFA80FC0646B8F800003E
S214027330ACEB0009A0EB0C001FFA89F9019000984B
S214027340984217D1BEF1000F00D02970524503D2E1
S21402735000203A70FDF7DEFA3B7823B32B78164806
S21402736004EB0314A188C8F8006003B0BDE8F04F30
S21402737015F08CBCB3F804C0CC450FD84FF0010E04
S21402738093F802C001310CF1FF3C013AA3F804B0B5
S21402739083F802C0C9B2D2B21033D0E7019884444F
S2140273A0A3F804C0F8E703B0BDE8F08F516F0020E1
S2140273B0526F002078510020B4760020146300201B
S2140273C07FB56C461E4B1F4D1E78013EF6B21E70F0
S2140273D095E80F0084E80F001B4B28461A7805F143
S2140273E0100132441201F6F76FF89DF8026016F0AB
S2140273F00F0511D1BDF8080009F02CFE360918BF9A
S21402740029464FF00002BDF8000008BF039904B0F9
S214027410BDE8704002F022BDBDF80400FFF728FF69
S2140274200346828804ADADF80420224603CAAA4267
S21402743018605960144603F10803F6D104B070BD13
S214027440516F002078510020526F0020F8B50024BA
S214027450084D094F094E3B783178E2B20B449A4206
S21402746004F1010400DBF8BD2846FDF71DFF1035C8
S214027470F1E700BF78510020526F0020516F0020C4
S21402748070B5134B06460D46104612491A78124B33
S21402749009781B780B44934206DB1F204FF6FF71D8
S2140274A015F0F0FE002070BDFFF7E2FE0135068003
S2140274B08570044615F033FEE08009F0D1FD40F6F3
S2140274C002432081E3600020FDF724FA0120EAE768
S2140274D0E3780020526F0020516F00202DE9F84318
S2140274E086460023144FDFF85C803E7898F80050FA
S2140274F012497219DCB294421CDA4FEA041C31F8C3
S2140275000C900133F14501EB0410F3D1631CD21A3F
S2140275100CF1100C12016144F5F7D6FFA5428BBFA1
S21402752005F1FF3506F1FF3688F800503E700CB9BB
S214027530034B1C70BDE8F883526F00207851002080
S214027540506F0020516F0020044B054A1B781278BA
S214027550D3420CBF01200020704700BF516F0020AD
S214027560526F0020024B1878003818BF012070476F
S214027570516F0020002108B5084B09481970094BC5
S2140275801970094B1970094B1A781201F5F74AFF60
S214027590BDE808400648FEF777B900BF526F0020E4
S2140275A078510020516F0020506F0020E3780020B1
S2140275B0B476002010B50B4C23784BB10A4802F083
S2140275C03BFD58B1084B0121188811F0CAFF08B9D3
S2140275D0002010BD0122054B1A70FAE7FFF7F0FEF5
S2140275E0EAE700BF516F002078510020506F00205C
S2140275F010B50E4B1B78BBB10D4C238883424FF05F
S214027600000311D10B4AE160137049B9A378103315
S214027610A37012F070FA18B9A37823F00F03A370C0
S214027620FFF7CEFE012010BD1846FCE7516F002082
S21402763078510020506F002070B592B00C46064676
S2140276400FF032FEE17A05460020FCF733FE28B33F
S21402765094F90A0011F02CFE10BB134BE27A29466D
S21402766083F85820A27A83F85A206A46FDF748F92A
S2140276704FF6FE739E420CBF4FF6FF7323896A468F
S21402768029460020ADF80660ADF80430FDF7EEFBA3
S21402769040B92289054B5A8012B070BD5520FBE7CF
S2140276A05620F9E72120F7E72C6200201863002015
S2140276B010B50446014608220948F5F705FF237B64
S2140276C0022B0AD8002B14BF3122012205490B7067
S2140276D017234B61044B1A7010BD00230122F5E7F5
S2140276E01C63002018630020C06E00200146102391
S2140276F00120014AFEF742B964EE0100014B5861CF
S214027700704700BF18630020014B1878704700BF0F
S2140277101863002010B5054C2378112B03D0E22104
S214027720034815F008FD4123237010BDC06E0020EB
S214027730D6790400064B01461B78042B04D1054A71
S214027740137E053313767047034815F09FBA00BFC1
S214027750C16E002018630020D476002008B50648C3
S214027760FDF7A2FD0548FDF79FFD0FF0C9FEBDE837
S214027770084000F0EBBF00BF1268002044680020FB
S214027780064B1878332806D000F0EF00A0F143032A
S2140277905842584170470120704700BFC06E002013
S2140277A0002208B5074B4FF6FE701A7011F0F3FD73
S2140277B04FF6FF7011F00CFE034B5869BDE8084007
S2140277C00FF034BEC06E00201863002008B5064BCA
S2140277D0187838B10548FEF743F84FF47A73B0FBD1
S2140277E0F3F0C0B208BD00BFB56E002058540020AA
S2140277F02DE9F0438BB00746154698460E469DF88F
S214027800489049B9104605AC15F061FE214613F0C2
S214027810DFF8172818BF2646B9F1000F0AD1124B17
S2140278201B781BB9284613F0F0F8D0B92846FEF7A5
S214027830A1FA02E0284613F0E8F880F00104E4B268
S2140278409DF850302A4602939DF84C303146CDE9D9
S214027850009338464346039411F0C7FF0BB0BDE8C9
S214027860F0834C46ECE700BFBC6E00200022014BC2
S2140278701A7670471863002008B50020FEF788FCC9
S2140278800023024AC2E90133538008BD1863002070
S21402789010B5144B1B78033B012B16D8124BB3F8CA
S2140278A068204FF6FF739A420FD10320FEF7E6F8E0
S2140278B001F052FFFFF7E0FF002014F0F1FF78B16D
S2140278C0BDE81040002011F0D7BBFEF7C7F804460B
S2140278D0FEF7BEF80146204607F01AF80220E5E752
S2140278E010BD00BFC16E00202C62002008B5114AF0
S2140278F0114B58611378032B1BD0D3B1332B01D015
S214027900432B10D10D4B1B78033B012B05D80323C9
S2140279101370BDE808400FF089BD0FF087FDBDE883
S2140279200840FFF7B5BF21231370BDE8084001F0F9
S2140279307DBD08BDC06E002018630020C16E002009
S21402794008B50348FDF7A0FFFFF796FF022008BD23
S2140279505854002038B5114D04462B78834218BF80
S214027960287010F070F980B124B9204610F06DF935
S21402797002220DE0012010F068F92B781A1F012A66
S21402798005D9062BF4D1032202E0002CF5D1012200
S214027990BDE838400021084611F067BEC16E0020DF
S2140279A030B5044685B068460D46FFF79FFE94B193
S2140279B000212846144A01F0F3FE144B20681B7877
S2140279C061688DF80430124B1B788DF8053002ABD7
S2140279D003C305F071F90F4B93F8582093F85A3009
S2140279E08DF803208DF8023011F0E6FCADF80000A9
S2140279F011F0C5FC1023ADF8060069460020064AC1
S214027A00FDF7BCFF05B030BD00F8FF07DA780020AE
S214027A10C16E00202C62002064EE010010B5104BEF
S214027A2004461A780F4B002083F8582014F038FFCB
S214027A3010B1002011F020FB00210846FFF7B0FF2E
S214027A4010F0F3F82046FDF749FA40F617400FF01B
S214027A50EDFC0023044A1380044A138010BD00BFC5
S214027A60536F00202C620020EC670020EA6700209B
S214027A701FB504466846FFF739FE54B100238DF859
S214027A800530102369460020064AFDF777FF04B04A
S214027A9010BD11F074FCADF8060011F08DFCADF8C7
S214027AA00000EEE764EE010010B501460446002031
S214027AB0FCF700FC90B10C4B1B78023B032B0FD853
S214027AC00A4B1C7015F020FA60B9094A0949FCF7FE
S214027AD079FF003818BF0120800010BD5520FCE752
S214027AE00220FAE74D20F8E7C06E0020536F002010
S214027AF06DA302001D7A0200F8B5064615F004FAD8
S214027B00044668B914F0CCFE50B1064D204695F8EE
S214027B10587085F8586011F0AFFA10B185F85870B1
S214027B204D20F8BD2C6200202DE9F0418046184613
S214027B30033B012B0E46174602D918B1212438E022
S214027B40FFF708FF274B1D78022D08D0032D46D1DC
S214027B50B8F1000F03D1244B1B689B073FD4332098
S214027B60FDF78CFF01F096FAB6F1006F34BF1F4B9B
S214027B70052231464FF0060038BF1A78FEF7FCFCA5
S214027B80044628BB1A4D2873012000F017FE11F098
S214027B9013FC68802846B8F1000F0DD0022300F8C7
S214027BA0043B11F075FE6C732F61394630460FF0B8
S214027BB081FB2046BDE8F081012300F8043B11F06A
S214027BC067FE6C732F61394630460FF072FBF0E7A2
S214027BD02846FDF753FFB8F1000FF4D0E5E702247C
S214027BE0E7E700BFC06E0020AC54002007790020F3
S214027BF018630020034B187818B9034B034A1B7806
S214027C00D05C7047BF6E0020C16E002050C70400D3
S214027C1038B5437B0446DB0703D590F9090010F01C
S214027C2003F800250F4B83F859502079FFF764FFBD
S214027C30FFF7E0FF61882488034622462846FEF7BF
S214027C40ADFA044620B11720FFF750FE204638BD95
S214027C501723054DC82105486B6115F017F8032355
S214027C602B76F3E72C62002018630020D4760020DF
S214027C70F0B51A4D06460C4693B0A5F8680005F115
S214027C806A0729BBC5F86A1079600FF00DFB6A46D1
S214027C9001460020FCF734FED5F86A30ADF81060D5
S214027CA0CDF812307B68CDF816300FF0FDFA6A4632
S214027CB001460020FDF7DAF84FF6FF73B5F86800C4
S214027CC0984203D014B106490FF0F7FA13B0F0BD8C
S214027CD008223846F5F7F8FBD7E700BF2C620020EB
S214027CE0966200202DE9F041DFF8B8801F4698F82A
S214027CF0003005460C4616461BB102252846BDE84E
S214027D00F081531E052BF8D815F0FEF80028F4D1A2
S214027D103B7B032B14D14FF6FE739C4212D1012EED
S214027D2009D0022EE9D111F02AFB4FF6FB739842D6
S214027D3003D811F024FB044604E011F07BFFFAE7B7
S214027D40012EDAD0EDB939462046FFF775FC054616
S214027D500028D3D198F80030332B03D0532B1CBF06
S214027D600E4B18613046FFF7F5FD00214FF6FF7007
S214027D70FFF77EFF0A4B1B78002BBFD012F02BFEBC
S214027D80BCE7397B721ECB1E5942594150425041C4
S214027D9005F07CFF05460028D5D0AFE71863002023
S214027DA008790020C06E00202DE9F04105460F46F6
S214027DB0904611F0E4FA6B7B0446DB0703D595F98F
S214027DC009000FF031FF11F0DAFA384B384E1880FE
S214027DD011F0F2FA374B1880FDF73AFE364B188050
S214027DE0FDF73CFE082201463448F5F76DFB11F01C
S214027DF088FA334B18702879FFF77EFE00216888D0
S214027E00FFF736FFFDF726FF60B14FF6F672631EE8
S214027E109BB2934206D911F00DFFB6F868300446BD
S214027E208342F8D0204611F0B6FA288811F0D0FA2C
S214027E304146B6F86800B847044628B91920FFF745
S214027E4055FD1920BDE8F081B6F8681011F050F81B
S214027E5000231C4D86F859302B7803F0FB03022BC7
S214027E6002D0204611F0B1FC002220461146FFF750
S214027E7007FB0446B0B117236B61134B1B78042B28
S214027E8009D1C821114814F001FF03232B7684F090
S214027E900100C0B2D6E74FF416710C4814F0F6FE95
S214027EA00023F3E71720FFF721FDF0E71C68002008
S214027EB02C6200201A68002018680020546F0020E8
S214027EC05C6F002018630020C16E0020D47600206C
S214027ED0F0B50C461E460B462049074689B004F10B
S214027EE0140053F8045B834241F8045BF9D11B8803
S214027EF002AD0B80D4F80E00D4F81210238803C506
S214027F00ADF8103023798DF812208DF81330002347
S214027F103A468DF814304FF6FE71012002ABFFF799
S214027F20E1FEC8B902A8FFF7C3FB237B4BB10C4D99
S214027F300C4B01AA2946012001930FF053FE2A7822
S214027F401AB92046FFF764FE03E020460199FFF7C0
S214027F502BFF08B9044B1E7009B0F0BD1E68002046
S214027F6018630020A79803005D6F002001232DE907
S214027F70F341304E05460F4600202F4914467373D0
S214027F8000F0EAFB0FF052FEDFF8AC8038B9012DA4
S214027F9001D9042D0FD1214638460FF00BFA1020D6
S214027FA0002112F030FD00283CD0002002B0BDE8CF
S214027FB0F041FCF7AFBC002CF1D1204B1B78212BF3
S214027FC003D0062B01D0532B02D101F02FFAE6E79D
S214027FD0FDF740FE0028E2D000F0EAFB28B9307B2D
S214027FE0C0F11800FFF782FCD9E7154B4146204640
S214027FF0019300F0B1FB20B140F61901114815F0CB
S2140280009AF801AA0B4998F80C000FF0EBFD3278AB
S2140280101AB90948FFF7FCFDC1E701990648FFF7C0
S214028020C3FEBCE7FFF79EFA0028BED102B0BDE849
S214028030F08100BF186300201E680020C06E00207A
S214028040A7980300D67904001FB5144B04461B8874
S214028050DB0707D44FF6FF700021FFF709FE00206A
S21402806004B010BD0A230E4A012001A9FDF786FCC2
S2140280704FF6FF73BDF80C209A42EBD00822FF2180
S21402808001A811F00AF90028E4D10CB90120E7E7AB
S214028090BDF80C0001A9FFF7EBFDF7E736680020F4
S2140280A026E1010038B50C46154611F074F902F0C7
S2140280B053FF29462046FFF7DBFD00F079FB48B167
S2140280C0054BDB790E2B28BF0E230133DBB2034AA6
S2140280D0137038BD0123FAE71E680020696F00207E
S2140280E038B51D46FFF7FEFD0446C8B92B7B284669
S2140280F0032B03D1BDE8384011F0E9BBFFF7D8FAED
S214028100084B25469C8111F0FCF80121064B814064
S2140281101A780620FEF730FA044608B1034B1D70A3
S214028120204638BD1863002007790020C06E002064
S21402813030B5012087B0FFF787FF6B460446144A26
S2140281401068516803C384B904F0C4FD02A8FFF79F
S214028150CDFA4FF6FF752246BDF80E002946FFF708
S214028160A1FF0FF0AEF807B030BD6B46094AD2F851
S2140281706A00D2F86E10B2F8685003C304F0AAFD83
S21402818002A8FFF7B3FA6A46BDF80E00E6E700BF9C
S214028190A60104002C62002037B5324B04461B7839
S2140281A01BB10224204603B030BD14F0ADFE0028F9
S2140281B0F7D100F00DFB14B122882B4B1A80002158
S2140281C00DF10700FDF7D0FC002848D111F051FB55
S2140281D004460028E6D1254D9DF80700FFF7BAFBB6
S2140281E02B78033B012B27D82046FFF72DFF18B329
S2140281F0FFF79EFF00F0FCFEFFF74AFB012011F09E
S2140282004AF848B9184B1B889A0707D52346052211
S21402821001201749FFF788FC0446C3E7154D0223E1
S21402822029460120144AFDF7A9FB2B885B07B9D51E
S214028230204600F0F1FEB5E72B78053B012BB1D8BE
S214028240FFF776FFFFF724FB2B78052B0CBF0420E5
S2140282500520FDF713FC012011F01DF8DCE71724BA
S214028260A0E700BFC06E002036680020C16E002066
S21402827000F8FF07E867002027E101007FB5002429
S214028280184E194D3278E3B29A4201D804B070BD46
S2140282904FF6FF73B5F868209A421AD0134B1B8824
S2140282A0DB0714D5124AB5F8683010685168ADF885
S2140282B00C3001AB03C30F4A0A23002001A9FDF7C5
S2140282C05DFB022300200C4A0C49FDF757FB0134E4
S2140282D0D8E700220821064810F0DFFF0028F6D172
S2140282E0DCE700BFE57800202C620020366800201C
S2140282F09662002026E1010027E10100E8670020DF
S21402830010B500F0C7FE01F013FCD8B10E48FDF719
S214028310BBFA0E480E4C017A0E30FFF741FB23786B
S2140283201BB100F0F7F9002323700022094B1A73E1
S214028330FFF7AEFA07F0B8F900F012FFBDE81040FA
S214028340FFF79CBF10BD00BFD47600201E68002039
S2140283505D6F00201863002010B52548FDF794FADB
S21402836001F0E6FB30B1234B1B781BB9BDE8104089
S214028370FFF7C6BF01F0DCFB78B11F4C237E83B14A
S214028380C8211B4814F082FC0021237E0846013BCC
S2140283902376BDE81040FCF72BBBFDF75BFC0028FC
S2140283A0EBD1FDF757FC154B1B7858B9112B03D0B0
S2140283B003F0FD03412B19D1BDE810400E4B58695E
S2140283C0FFF794BA332BF7D10D4B188810F0E3FF62
S2140283D00C4B188810F0FCFF0B4B0C491888FFF763
S2140283E047FC0B4B1878FFF787FBE5E710BD00BF8D
S2140283F0D4760020BC6E002018630020C06E0020D9
S2140284001C6800201A68002018680020546F00209C
S2140284105C6F00202DE9F04F0F4685B002AD044692
S21402842029463846914612F080FD4FF0000B8246F0
S2140284303846CDF804B010F011FE4678022C80467D
S21402844006F0020609D85CB1FDF704FC04460028D3
S21402845048D1754B01241B7865E0043C022C3AD9BE
S214028460FDF7F8FB384610F072FD00240546A046DC
S214028470DFF8D8A1384610F0F1FD50F809300DF1BA
S2140284800500019314F035FF9DF807B00746B8F1D2
S214028490000F4DD1BBF1000F5BD0DFF88C9199F83D
S2140284A000300BB1002E63D0002C61D05F4B1B78DE
S2140284B0022B5DD1BBF1000F53D1384610F06BFF93
S2140284C058465946FFF76CFA07F0EEF840F60740B2
S2140284D00EF0ACFF34E011F0C0F9FDF7BBFB04462A
S2140284E0F8B15C464EB1524B1B78012B02D0043BCE
S2140284F0012B0BD805B0BDE8F08F4B4B1B782BB188
S2140285004B4B1B7803F0FB03022BF3D0BAF1000FA0
S214028510404608BF002512F0FBFC4FF001088246D9
S214028520A8E7414B1B78002BF0D0002EEED1E1E7F6
S214028530BAF1000FAED05046FDF71EFE0028A9D1B4
S214028540002014F0ADF90028D4D0002010F094FDDD
S214028550D0E74FF6F7739F429FD91720FFF7C6F969
S214028560EEE7FDF777FB48B13248FDF78DF9F4E701
S214028570FDF770FB10B1BBF1000FF5D1FDF76AFBFA
S2140285800028DDD02846FEF749FAFF28DFF89CA02F
S214028590294C03D09AF80030012B04D12946B4F8AE
S2140285A06800FEF795FBFEF751FC2A463846B4F8FB
S2140285B06810FFF777FD214B214A93F906301B021C
S2140285C013809AF80030012B19D0312B14BF4323A5
S2140285D011238AF800301B4B1648196814F056FB14
S2140285E000F006FD0023124C99F80010237641B9DC
S2140285F0104814F04BFB40F61B436361A0E71123BF
S214028600E7E7B8F1000F03D016B1FFF779FEF2E7FD
S2140286100D4B1B78042BEED10521064814F036FBD1
S21402862009232376E7E700BFBC6E0020C06E002059
S21402863018630020D47600202C6200201E680020DA
S21402864034680020F4760020C16E0020436F0020BC
S21402865070B508468CB00D4610F000FD09220021C8
S214028660064614F067F90446284610F070FC052208
S21402867028460DF10F0304A90EF02AFF02281BD08C
S2140286809DF80F3029461C440023E4B204F1100280
S214028690365D01200093D2B20CF0A4FD60B1022E2A
S2140286A00AD1064B1B78012B06D1054B187818B950
S2140286B022462946FFF7AEFE0CB070BDC06E002003
S2140286C01863002008B5084B187050B1074B1B887A
S2140286D03BB14FF47A710648594314F0D7FA00209A
S2140286E008BD0120FCE700BFB36E002074780020AE
S2140286F078530020014B18800020704774780020C1
S21402870008B5FDF7C1F80022014B1A7008BD00BF7C
S214028710B36E002010B50024044B05481C80054BA0
S2140287201C70FDF7B1F8204610BD00BF3868002067
S214028730F87600205E6F002008B50348FDF7A4F81F
S214028740BDE80840FFF7E6BFF87600200148FCF7D0
S214028750ABBD00BF38680020F7B5134B04461B7844
S2140287600E46EBB183421DD90021104814F025FEB7
S214028770002501460D4F09B9012009E0AC4209D196
S2140287800024162322463046009414F0ABFE204600
S21402879003B0F0BD384614F034FE01350146EAE770
S2140287A01820F5E72720F3E75E6F002038680020E0
S2140287B0014B1878704700BF5E6F002025289DBFCA
S2140287C0024B187000202120704700BF0979002054
S2140287D0012307B51846064A0DF10701FDF7CEF844
S2140287E09DF80720034B1A7003B05DF804FB00BF28
S2140287F029E101007678002084B010B502AC84E846
S2140288000F00082224480DF11601089CF5F756F9C8
S21402881038BB9DF815309B0705D4204B1B7803F018
S214028820FD03312B23D11E496378097803F00F022A
S2140288308A4203D0012928D1022A18D12278B2B955
S2140288401B09022B13D194F90230002B21DB154BA6
S214028850B3F86820BDF80A309A4208D1FEF790FFB6
S21402886006E0002208210C4810F017FD20B900206F
S214028870BDE8104004B070470B4BBDF808205B887B
S2140288809A42C6D0002BC4D0F1E70229EFD1012AC2
S214028890D3E70120ECE700BF1C630020C06E002077
S2140288A0DA7800202C6200201863002084B02DE9BC
S2140288B0F0478EB016AC84E80F00DFF868C1564B5E
S2140288C0BCF802009DF85D9010F001049DF962204C
S2140288D0BDF870E09DF875A09DF976709DF8785009
S2140288E09DF97A109DF95E809DF860601B782FD006
S2140288F09DF87D00C0F34004C0F38000002B44D0F6
S214028900464B1B78012B02D1002C00F08280C0B1AE
S2140289109CF800301E335BB2BB42ACBF0027012777
S2140289209845D4BF00230123BB4209D18A4208DB03
S2140289300CD1A81BC0B280288CBF0020012000E00A
S21402894038460EB0BDE8F04704B070470020F8E79E
S21402895010F0020F18D0C3B1490814BF012000203E
S214028960520814BF012300238342EAD1AB1BDBB2B9
S214028970802B0AD9AE42E9D1B84506DB49D1CA45B1
S21402898094BF00200120DCE70BB90120D9E7AE42F4
S21402899016D002AC1CAF0FCF0FC497E8030044F802
S2140289A0040B2180DDE91A0116AB0090ADF8041025
S2140289B00FCB0FF010F90028E7D1AE42B9D1C0E7CD
S2140289C0BDF8583073451ED008AC0DF1700CBCE8EB
S2140289D00F000FC49CE8030044F8040B2180104CDF
S2140289E0638873450FD10822211D0DF12E00F5F77D
S2140289F065F8024638B90821201D10F04EFC10B961
S214028A006388002BC1D1B845BFDBC2D1CA45BCD8EA
S214028A10BFE7204695E700BF5E6F0020C06E0020CD
S214028A20186300207678002084B02DE9F04F8FB0CE
S214028A306A4E18AC08AD84E80F00162200212846BC
S214028A40F4F7F0FC33783BB90024654B32781B7898
S214028A509A4239D2002726E00021624814F0ADFC83
S214028A6000270446B846DFF87C91002C45D13FB17A
S214028A70224639465B4810F074FB3378013B33706C
S214028A803378002BE0D0002156484FF0000914F04E
S214028A9094FC4F468046CA46DFF848B1B8F1000F4C
S214028AA06CD1002FD1D01621002218A810F0F1FAAE
S214028AB0014648B1002F00F08B802246494810F04C
S214028AC008FB337801333370454B32781B789A4271
S214028AD007D944480022018810F043FB3378013B53
S214028AE033703378012B03D13F49404814F0CEF857
S214028AF00FB0BDE8F04F04B070470022214616239F
S214028B002846CDF8008014F0EDFC1622294618A857
S214028B10F4F7D4FF0028EBD09DF864209DF82430AB
S214028B209A4225D1BDF86020BDF820309A421FD166
S214028B3008220DF12E010DF16E00F4F7BFFFB8B951
S214028B4002AF0DF1600CBCE80F000FC79CE80300F3
S214028B5047F8040B39800EAB13E903000090ADF81A
S214028B60041095E80F00FFF7A1FE0028C0D02746A4
S214028B702146484614F045FC044676E716230022B2
S214028B8041462846CDF800A014F0ACFC02AF0DF129
S214028B90600CBCE80F000FC79CE8030047F8040B04
S214028BA039800EAB13E903000090ADF8041095E887
S214028BB00F00FFF77BFE074620B1B9F1000F04BF96
S214028BC0444681464146584614F01BFC804665E7FB
S214028BD03A46044814F0F7FB73E700BF5E6F0020C6
S214028BE0097900203868002020BF0200F8760020AD
S214028BF02DE9F04F002104469FB00DF140081622E1
S214028C0040460E91CDE90C11CDF83B10F4F70AFC64
S214028C10052220460DF11F0316A90EF059FC022864
S214028C20074600F0F280204610F018FA064614F0C6
S214028C3060FB8146F01C14F05CFBADF84000701D32
S214028C4014F057FB012FADF84200204640F0E080BA
S214028C5010F004FA0546204613F02CFF0D350223C9
S214028C602D1A0093214643460820EAB20CF0BAFABF
S214028C70002800F0CA80204610F0F5F9012F83463E
S214028C809DF84D3040F0DC8000252F4643F001036E
S214028C908DF84D3016AE3388022B4DD1F178204632
S214028CA0023108F065F81B2846D1F17820460331D8
S214028CB008F05EF819283FD1F1782046043108F012
S214028CC057F84A2838D14FF0050AF1782046013184
S214028CD0514408F04DF8F17805905144204608F0CA
S214028CE047F8059B00EB032083B200F03F02932B6C
S214028CF0059240F095800023F778214602375744C4
S214028D00FFB23A4600930CA80F2314F0EBFB07F1D0
S214028D100F01204611F0E2FF07F111010546204639
S214028D2011F0DCFFADF84200059B023353445FFAB4
S214028D3083FA33795345C8D806360DF17603B34223
S214028D40A9D19DF84D20C5F3C03363F341022046F6
S214028D508DF84D2010F019F98DF84400204610F0D9
S214028D6009F98DF84500204610F009F99DF83230D1
S214028D70BBF1190FC3F3C3028DF84720DDF8332089
S214028D808DF84600CDF84E20DDF83720CDF852207B
S214028D9094BF00229DF83E208DF8482003F003027F
S214028DA08DF84A209DF84D20DB0963F38202694B59
S214028DB08DF84D201B78022B56D1BDF8406010F07E
S214028DC0FBFA864250D108A810F062FDBBF1190FDB
S214028DD047D908220DF14E0108A8F4F76FFE0028C5
S214028DE03CD1B9F5004F02D0B9F5624F0DD140F62D
S214028DF0FF7325F440459D4207D1002208210DF15C
S214028E004E0010F04AFA00283ED01FB0BDE8F08FA0
S214028E1010F024F90546204613F04CFE07351EE7EF
S214028E20412B81D1F17820460231514407F0A0FF50
S214028E30494B1B78C3F1B30318448DF8490073E716
S214028E406FF30003F01D8DF84D3014F052FA0CA9A2
S214028E500546204610F06EFD0B2772E700F058FD1F
S214028E60BFE700F055FDD0E7B9F5004F02D0B9F5DF
S214028E70624FCAD140F6FF7325F440459D42C4D1E5
S214028E80BBF1190FC1D9B8E7BBF11A0F06D007F12B
S214028E901F0142462046C9B20EF0A3FE2F4C304DAB
S214028EA0637BDBB12B78012B1DD1012323730CAB23
S214028EB0029314AC94E803000090ADF8041098E80E
S214028EC00F00FFF799FC90B194E803000090ADF80C
S214028ED0041098E80F00FFF7A7FD08E0FCF7BAFEBB
S214028EE00028DFD0E1E703F0FD03042BDDD02B786A
S214028EF0012B01D0042B88D11A4BDDF84E001B78CB
S214028F00DDF852108DF82230BDF84030ADF8203032
S214028F109DF84D30C3F340038DF823309DF8313071
S214028F2003F00F038DF82C309DF848308DF82D3065
S214028F3009AB03C30C4B1B681BB1414608A89847F4
S214028F4063E79DF946209DF8451008A80EF030FA12
S214028F505BE700BFC06E0020656F0020186300202C
S214028F604C6F0020646F00200C63002010B514F0D4
S214028F70DBF8114B1B78022B1CD1104A1468A04256
S214028F8018D00F4910600A68121B10440D4A086078
S214028F9012786AB1013A93403C2253434FF47A72F4
S214028FA05343984206D9BDE810400320FCF766BD3D
S214028FB00A23F3E710BD00BFC06E0020A4540020B1
S214028FC0A0540020D6780020064B1B88DB0708D565
S214028FD00022054B43F82020044A135C63F00F037B
S214028FE0135470473A680020F4520020856E002021
S214028FF008B514F099F80022024B1860024B1A606A
S21402900008BD00BFA4540020A0540020014B1868DD
S214029010704700BFA054002008B50C48FCF734FC8B
S214029020FCF772FD80B10A4B0322B3F868100120E8
S2140290300EF0F7FD4FF47A71064B04481B8859432D
S214029040BDE8084013F022BE08BD00BF1877002016
S2140290502C62002058780020014B188000207047B0
S2140290607A780020044A054B1870138823F003030D
S21402907018431080002070473A680020D7780020F6
S214029080034B1888C0F30E00003818BF0120704743
S214029090E867002008B5FFF7F3FF30B10020044967
S2140290A00223044A0880FCF769FC002008BD00BFC2
S2140290B0E867002027E10100024B1888C0F30E0083
S2140290C0704700BFE86700200023084A012013709B
S2140290D0074A08491370084B084A1B7843F00403F2
S2140290E013800223064AFCF749BC00BF616F0020CA
S2140290F0606F0020E8670020D77800203A680020DA
S21402910027E1010030B5012100240B2385B0104D64
S214029110019400918DF80C308DF80D000323B5F8FC
S214029120680003AA8DF80E4011F091FE68B1B5F8FA
S214029130681010F0BCFC40B10522064B64211A7080
S214029140054B06481C7013F0A1FD05B030BD00BFEC
S2140291502C620020606F0020616F002038770020AC
S214029160064B1B78033B012B06D8054B1B781BB915
S214029170044B1878FFF7C6BF704700BFC16E0020C9
S2140291805F6F0020D678002010B51548FCF77CFBF0
S214029190144B1978F9B9144A13787BB1013B137052
S2140291A0124B1B78042B02D10846FBF721FCBDE8C4
S2140291B010404FF496710A4813F068BD0C4A1288A4
S2140291C002F00302022A0AD1BDE81040032201205F
S2140291D00849FEF7A9BCBDE81040FFF7C1BF10BDA5
S2140291E038770020616F0020606F0020C16E00207B
S2140291F0E867002000F8FF07084B1A785AB10223E6
S214029200013A93404EF66022534303210448B3FBCF
S214029210F1F113F03BBD42F21073F6E7D678002068
S2140292203877002070B505461748FCF72DFB01225B
S214029230164B28461A7011F02EFE411C044689B2BF
S214029240284607F095FDA11C064689B2284607F077
S2140292508FFD0F4C02232080214600200D4AFCF78A
S2140292608DFB86B9238803F00303022B03D1FFF795
S214029270BFFEFFF7C1FF23885B0704D5BDE8704039
S2140292800548FFF7C9BE70BD38770020616F002021
S214029290E867002027E10100187700202DE9F04357
S2140292A01F4C0546238889B0002B33D01D4E002163
S2140292B04FF4807011F087FB3378DB0728D5012145
S2140292C0208813F02FFC074620880FF0C7FE0230D6
S2140292D014F00FF805A98046208811F0C3FE3378F3
S2140292E0384613F0020F104B18BF0025B3F8009053
S2140292F013F0FCFB0646384613F0DCFBF6B202908F
S214029300424606212846CDE9009605AB0EF00CF83B
S21402931000232380054809B0BDE8F043FCF7B4BA41
S21402932040680020626F00203E68002058770020C8
S21402933010B5044640F62140FFF7B0FF01214FF476
S214029340807011F040FB78B10022084B1C80084B5D
S2140293501A7007F085FEBDE81040064B1880064BD3
S2140293600648198813F092BC10BD00BF4068002062
S214029370626F00203E6800205A780020587700204E
S214029380044A137818B943F001031370704743F088
S2140293900303FAE7626F0020044B1B781BB9044AEA
S2140293A01380FEF707B90020704700BF506F0020F9
S2140293B03C680020042230B501F0400387B0002B41
S2140293C0054614BF012400248DF80C208DF80D10DC
S2140293D004D004A911F015FB10B304ABCDE9004389
S2140293E001210223284603AA11F031FD0446C8B122
S2140293F00D4BB3F868100FF07BFD4FF6F7739D42E6
S21402940009D9322202212046FEF73AF880F00100FE
S214029410C0B207B030BD2946204610F048FBF5E73B
S2140294200120F6E71920F4E72C62002010B5FFF7BA
S21402943031FE04F031FA10F0C6F9002011F0D9FA24
S21402944013F062FD08B1FDF729F9204C2378532B5F
S21402945012D1032323700023FF2219460120FEF7B0
S21402946063FB002013F01CFA10B100200FF004FE7C
S214029470BDE810400EF0D9BB062B01D0212BF0D14F
S2140294800120FEF7F5FA4FF6FE700FF084FF4FF656
S214029490FF700FF09DFF0020FEF752FA0020FEF745
S2140294A059FAFEF7E9F900F029FB0EF0C1FB237822
S2140294B0212B02D1FEF774F9D3E70020FCF7DEFA7F
S2140294C000214FF4004011F06EF8CAE7C06E00208B
S2140294D010B50A4C0A48FCF7D7F92378062B02D1B6
S2140294E00120FEF7C5FA2378062B01D0532B03D1B1
S2140294F0BDE81040FFF79ABF10BD00BFC06E002047
S214029500787700202DE9F047DFF8C08004460E4643
S2140295101746FFF7BFFD98F8005015B90220BDE8C0
S214029520F087212DFAD0284813F075FF0028F5D1D0
S21402953014F0200439463046DFF894A0DFF8949001
S21402954005F00F051BD00DF0B7FE012D8AF800704E
S214029550A9F8006029D1212388F80030FFF766FFBA
S2140295600020DCE7212388F80030FFF75FFF0021A8
S2140295704FF6FE70FEF77CFBFEF780FEF0E70DF07E
S2140295809AFE012D8AF80070A9F80060EAD0062338
S21402959021464FF6FD7088F80030FFF70BFF40F2C9
S2140295A02621094813F072FBE1E7532321464FF6C2
S2140295B0FD7088F80030FFF7FDFE40F226210248D3
S2140295C013F064FBCCE700BF78770020C06E002063
S2140295D0636F00207C780020F8B50D460646511CC5
S2140295E0284607F0C5FB044628460FF037FD054619
S2140295F0023013F07EFE154B07461B78022B02D074
S214029600043B012B21D8124B1B68580201D5A10638
S2140296101BD5620619D50F4BB3F86830B34214D186
S2140296206B781B070DD5284611F072FCFCF7A4FDDB
S21402963058B1314604F020000122BDE8F840FFF799
S21402964061BF0FF09CFEB842F3D0F8BDC06E00209A
S214029650AC5400202C62002073B504460D4613F06D
S21402966036FFFF28034625D0134A12784AB1134A1A
S21402967032F81020520404D511F0ACF9002002B0E2
S21402968070BD184611F0B7F96946064611F0B9F9E9
S21402969040B1FCF7E7F928B10023022269463046BA
S2140296A005F0DCF8204645F0400102B0BDE8704007
S2140296B0FFF780BE0120E2E7BC6E0020E2670020D2
S2140296C038B505460FF0CAFC0446284611F0E3FBFF
S2140296D0411C89B2284607F04BFB42060DD563783B
S2140296E01B070FD5204611F013FC0146002013F08D
S2140296F0ECFEBDE8384011F06DB90348BDE83840CD
S214029700FFF7E6BE38BD00BF7877002038B54FF6C3
S214029710FF75A842044617D00FF04EFEA04213D0A3
S2140297204FF6FD72094B198891420DD9084A1288E4
S214029730AA4201D0A24207D11C804FF47A71BDE83A
S2140297403840044813F0A2BA38BD00BF6278002041
S2140297507E7800203854002008B50448FCF794F8B8
S2140297604FF6FF72024B1A8008BD00BF3854002025
S2140297706278002037B505460C4608236946012064
S214029780064AFCF7FBF815B19DF806302B700CB1B3
S214029790009B2360BDF8040003B030BD25E1010044
S2140297A007B508238DF80600ADF804100092694646
S2140297B00020034AFCF7E2F803B05DF804FB00BFA2
S2140297C025E10100024A13780BB1013B1370704782
S2140297D0B16E002008B50FF0FBFD00214FF6FF72B8
S2140297E0054B08461A80FEF7DBF8BDE8084040F64F
S2140297F016400DF01BBE00BF6278002008B5FCF7CD
S21402980043F80A4B1B78023B032B08D84FF6FE732D
S214029810074A108898424FF6FF7301D1138008BD9D
S2140298209842FCD0BDE80840FFF7D4BFC06E0020C7
S2140298306278002010B5084B1B78042B0AD00FF074
S2140298409EFD002104460846FFF794FF231A58425D
S214029850584110BD0020FCE7C16E0020F0B500267E
S21402986089B00546CDE90566ADF81C6011F013FB1C
S2140298700A23024604462946009605A813F032FE3D
S2140298809DF815309DF814701F2B27D803A80FF0EB
S214029890FFFF08220DF1160103A8F4F70FF906469A
S2140298A0E0B9092F1CD1FFF7C5FFB8B1144B1B78DE
S2140298B0A3B1144B1A884FF6FD739A420ED9124C76
S2140298C0124A23780433DBB223701278013AB3EBE0
S2140298D0820F03DD58B20BF063FE267009B0F0BDAE
S2140298E00A34E4B22146284607F042FA10F063F83A
S2140298F0611C284611F0F2F9FFF708FFEEE700BFF9
S214029900EA78002062780020B16E0020D578002028
S21402991038B5134B1B78033B012B20D9114B4FF65E
S214029920FF711B78ABB1104D2B888B4217D10FF00D
S21402993043FD4EF6602104460C4813F0A7F94FF695
S214029940FE7322462B800021BDE83840092010F025
S21402995040B8074A13888B421CBF0133138038BDB8
S214029960C16E0020EA780020627800203854002079
S214029970E467002008B50448FBF786FFBDE8084008
S21402998000210846FBF734B89877002010B5044645
S21402999061B1FF210FF003FB002120460FF005FB0B
S2140299A00FF046FA014620460FF005FB2146BDE8B9
S2140299B010400022014813F006BD00BF4468002094
S2140299C02DE9F0410D46174604460FF047FB067890
S2140299D02846FCF74DF92946804620460FF088FABD
S2140299E00FF0CDFCA84206D120460121FFF7CEFF9C
S2140299F00120BDE8F0812846B8F1000F0AD0FCF736
S214029A00B9F950B9144B3A462046BDE8F0411978E8
S214029A10FDF736BD10F0F9FFF3E706F00306012E58
S214029A2008D00FF0ACFC00232246294602F042FA88
S214029A300028D9D120460FF017FA430505D520464F
S214029A40BDE8F04100210FF08CBD204610F0C8FFA3
S214029A50B0FA80F04009CCE7D478002010B586B082
S214029A60044611F018FA104B02461868197902904B
S214029A70D3F805005B7A01328DF8143000238DF896
S214029A800C1004902146009392B2052304A813F00A
S214029A9029FD052204A902A8F4F710F8B0FA80F00E
S214029AA0400906B010BD00BFC8C6040008B511487C
S214029AB00FF091FB104B1B78012B06D8FF2010F0FD
S214029AC062FFFDF7B1FB10F07DFFFDF73BF801F0FA
S214029AD091FCFFF7F9FA11F056FB07F0F1FDFDF7DE
S214029AE049FD07F03DFB0DF0E9FBBDE8084002F03A
S214029AF0D3BC00BFF46200207E6E002008B5F0F7EB
S214029B005DFDFF2803D0094B1B78012B06D90020E8
S214029B1010F039FFFDF788FB10F054FFFDF712F83E
S214029B2001F068FCBDE8084002F0B6BC7E6E00207C
S214029B30064B1878112806D000F0FD00A0F141036C
S214029B405842584170470120704700BFC06E00203F
S214029B502DE9F8430446FDF70FFB18B10026304600
S214029B60BDE8F8834FF6FF78184BB3F86810414506
S214029B70F4D020460FF0BCF9154B022120461A8875
S214029B80FDF77EFC06460028E8D020460FF066FA6F
S214029B9090F807900546043013F0ABFB07460FF02B
S214029BA0EEFB494602463846FDF7FEFAA81C13F0BD
S214029BB0A0FB404502D12046FFF7BAFB2B789B0755
S214029BC0CDD101212046FFF7E1FEC8E72C62002036
S214029BD042680020F8B507460FF040FA0546043002
S214029BE013F087FB0646A81C13F083FB0446304698
S214029BF013F06DFC3046FCF73BF82B789B0701D13F
S214029C000FF0BDFBAB790BB90320F8BD0FF0B7FB25
S214029C10A0420CD10FF0B3FB0446094B214638464E
S214029C201A78FFF7CDFE0028EED00020EDE7054BB0
S214029C301B78052B1CBF044BB3F86840EDE700BF4A
S214029C4042680020C16E00202C6200202DE9F041FF
S214029C50064610460D4611F01EF9A0F11004E7B2B2
S214029C6056FA84F42146EA1B04F10E00F3F72CFCA4
S214029C702823DFF84480F35598F80030637301F028
S214029C80CDFB611C024601200DF0E7FF08220949C0
S214029C90601DF3F719FC98F8000010F0E0FC05F1DF
S214029CA00E0130463B460022C9B201F069FC122082
S214029CB0BDE8F081436F0020BB6E00202DE9F04F17
S214029CC087B004460FF0CAF9064620460FF029F977
S214029CD00746301D13F00DFB8146B01C13F009FB3E
S214029CE0384696F807A013F0FBFB33789A075FD145
S214029CF02146042001F04CFD002859D0204611F0E0
S214029D00CAF80146204607F033F8830750D12046AA
S214029D1011F0C1F80146204607F02AF810F00303B6
S214029D20039345D12046FFF799FE002840D02046EF
S214029D3011F087F9451C204612F0D8FEEDB205F167
S214029D400A0B83455DDA304A04AB1068516803C3D8
S214029D50691C204607F00CF829468046204607F084
S214029D6007F800EB082059461FFA80F8204606F04E
S214029D70FFFF8346039B2146AA1C009304A80823E0
S214029D8013F0B0FB20460FF0CCF85A4641460DF0D1
S214029D9056FF0122404604A90FF097FF88BB022017
S214029DA007F032FC013003D1404604A9F0F7CEFC9E
S214029DB00FF0E5FA48453A46514607D10FF0E7FC60
S214029DC0F8B907B0BDE8F04F0FF033BF48460FF0C2
S214029DD0DEFCB0B90D4B1B781BB9394648460FF06E
S214029DE03EFE3A4651464846FDF7DEF948B131781E
S214029DF011F0030105D1204607B0BDE8F04FFFF78A
S214029E00C5BD07B0BDE8F08FA6010400B76E0020FE
S214029E1038B5114D2B78023B012B18D80DF011FFE7
S214029E200446B0B9FFF7A2F82B78032B07D12346D6
S214029E30FF2221460120FDF777FE012038BD21468C
S214029E402046FAF7D5FD003818BF0120F6E717209E
S214029E50F4E70220F2E700BFC06E00202DE9F743C8
S214029E6005460E4614460FF009F80C2828464AD135
S214029E700FF0F4F80922002112F05CFD00F1100147
S214029E80C9B2284606F074FF042813D07C282BD0CB
S214029E90012840F0AC8046B91321284610F01EFF78
S214029EA003B0BDE8F0430FF093BA03B0BDE8F04349
S214029EB0FDF7DCBC5B4B1B78022B40F0988046B962
S214029EC0FFF7FAF8C3070AD5FFF792F8002C08BF87
S214029ED03F26304603B0BDE8F0430DF00BBAFFF75D
S214029EE0CFF80028F0D0F1E7284612F0FFFD04462E
S214029EF0284612F0DFFD02463046E1B203B0BDE866
S214029F00F0430DF0F5B90FF0A9F88046043013F0CF
S214029F10F0F9074608F1020013F0EBF94FF6F77373
S214029F20984204460CD8404A138801339BB21380E9
S214029F300BB93E4A13801EB13C4A13880133138084
S214029F4098F8009009F00309B9F1010F1DD12846CF
S214029F5010F0A1FF0146284606F00AFF0B2809D09A
S214029F600D2807D0042842D1284603B0BDE8F043A6
S214029F70FFF7A6BB2E4B1B78042B38D100210846D0
S214029F8003B0BDE8F043FAF733BDB9F1000F2ED1A6
S214029F903146284603F05EFD4EB34FF6F7739C42F9
S214029FA025D898F80160204616F0040622D110F053
S214029FB0FAFC054620467DB110F027FD034600BB9D
S214029FC00C220090214638460FF017FF0C22002381
S214029FD039462046009308E010F017FD0346C8B93C
S214029FE0144A00901278214638460FF006FF03B056
S214029FF0BDE8F08310F009FD034678B90B22009005
S21402A000F1E7062233462146384600960FF0F5FE63
S21402A0100622DCE72B4600950622E4E74B46CDF8FF
S21402A0200090F9E7C06E0020EC670020EA67002087
S21402A030C16E00200B7900202DE9F04F05888BB009
S21402A040044628460FF00AF80746043013F051F982
S21402A0508146B81C13F04DF905A98046284610F033
S21402A06064FF284610F017FF01460646284606F00B
S21402A0707FFE3B78824603F00303012B0CBF834628
S21402A0804FF0FF0B13F04BF8E388019002930FF0AA
S21402A09076F9FB7900904846039300F081FF00288A
S21402A0A076D1404600F07CFF002840F08880FDF71D
S21402A0B02BFB8046FBF7CEFD10B9FFF739FD30B11A
S21402A0C0A8F104085FFA88F8B8F1020F1BD90BF062
S21402A0D0FD03042B00F0B380FFF72AFD20B10AF03F
S21402A0E0030ABAF1010F0ED0FBF70EFD28B9714B29
S21402A0F01B7803F00F03062B68D16F4B2846B3F884
S21402A10068100EF0F5FEBBF1010F63D128460EF083
S21402A110D9FE4FF6FF73984240F0918000233146F5
S21402A120284607AA10F047FC0746002842D0427984
S21402A1309DF82530934209D9711D284689B206F04A
S21402A1402BFEA37823F00F030233A3700DF0AFF8B3
S21402A1507E23B0FBF3F202FB130303F58073A380A6
S21402A1609DF8263013F0180F0AD0A3781B0707D1E4
S21402A170009B4B4504D048467A7905A90DF0CCF8E9
S21402A1809DF82700003818BF01200BB0BDE8F08FFD
S21402A19028460EF063FF023013F0ABF84FF6F77363
S21402A1A0984207D9039B2BB92846FFF757FC00288D
S21402A1B07FF477AFA37823F00F03A37008E040463E
S21402A1C013F08EF900287FF472AFF3E72823A380FA
S21402A1D00020DAE7BBF1020F54D10123314607AA69
S21402A1E0284610F0E8FB80460FF0C9F8BDF822308A
S21402A1F098421FD1B8F1000FDCD00122B8F8023025
S21402A2003146284610F0D5FB2C4A13780133DBB2D0
S21402A210FB711370B8F80230BDF81E209A421FBFB9
S21402A220A37823F00F030233A3704FF4C873A380FE
S21402A2300120AAE7184613F053F90028DAD1284677
S21402A2400EF040FE13F0ECF8012808BF1C4BA27873
S21402A25009BF1B78FA2303EB830303EB830302BFD6
S21402A2609B00FA339BB21209A4D1DDE90121521AEE
S21402A27092B293429ED30DF01AF800F01F001030EF
S21402A280A080D5E7BBF1030FD9D1009B4B45D6D1B1
S21402A290711C284689B206F06BFD0C28CFD1FCF75C
S21402A2A0FFFD4FF6FF7398420146C8D028460EF0CF
S21402A2B01FFEC4E7C06E00202C620020BE6E002087
S21402A2C0E37800202DE9F04105460C460EF0D6FD57
S21402A2D0082802D10120BDE8F081201D13F009F8FC
S21402A2E00646284694F807800EF01BFE07462846C8
S21402A2F00EF0BAFD010612D5184B1B78042B0ED1B0
S21402A300174B1B78022B0AD1164BB3F868204FF670
S21402A310FF739A4203D000210846FAF769FB124BF4
S21402A3201B78002BD6D1A01C12F0E3FF4FF6F77372
S21402A330984202D86378DA070DD523789B070AD1AC
S21402A3403A46414630460FF022FA80F00100C0B28B
S21402A35000F00100BFE70120FAE700BFC16E00204F
S21402A360C06E00202C620020686F00202DE9F04F9E
S21402A3709DB004460EF082FD054620460EF07EFD98
S21402A380082869D14FF400432046ADF85030ADF8A6
S21402A3905C4012F0ABFBBDF85C20A0F11005EDB2FC
S21402A3A0104610230021009510F085FC294617A8B8
S21402A3B010F059FC204612F07DFB0BF007F9002343
S21402A3C021461A460C2000930AF00CFF98B320464A
S21402A3D012F070FB14A902461020FBF779FF050164
S21402A3E0204612F067FB14A902464020EDB2FBF7A6
S21402A3F06FFF10B120460CF063FF204612F05AFBA6
S21402A40014A902468020FBF763FFB8B99DB1102558
S21402A41017A805F067FF2046BDF8507012F066FBDD
S21402A4200646204612F046FB29460090F3B238460E
S21402A43017AA0CF0DBFF1DB0BDE8F08FBDF8503058
S21402A44017A8ADF85E40ADF85C300DF0F2FB0028C0
S21402A450DCD145F08005DBE720460EF04FFDB0F577
S21402A460006F40F0058120460EF05BFD0646042D87
S21402A47040F0018120460EF0F7FC80F40060C0F345
S21402A480C02000223146400012F0FCFE944B1A789F
S21402A490022A0DD0FFF74CFB50B902F0FD03312B18
S21402A4A006D0043A012A03D98E4B1B78002BC2D061
S21402A4B02146022001F06CF905900028BBD0204608
S21402A4C0ADF846400EF0CAFD0446BDF846000EF052
S21402A4D028FD0646201D12F00CFFA31C83461846D4
S21402A4E0039312F006FF12A90746BDF8460010F0C5
S21402A4F01CFD63780690BDF8460094F80080089329
S21402A50010F0C9FC6378054608F0030830460C9341
S21402A510FBF7AEFBB8F1010F0CBF032302230E9329
S21402A520714B08BF4FF00B091E80237818BF4FF0FF
S21402A5300A0903F03C03082B0D907FF47CAFBDF8AC
S21402A540460012F0D3FAA8427FF675AFB8F1010FB3
S21402A55003D023789B077FF46EAF644BB3F8683062
S21402A560B3420DD1624A634BB2F9001093F9003040
S21402A570002900F0A58001EB0313A3EB211313803F
S21402A5804FF0010AA5F11003DBB20A938DF84530AD
S21402A59010224846BDF84610CDF800A00DF145033E
S21402A5A00AF020FE00283FF446AF089B13F0020391
S21402A5B0099300F00981504B1B78002B3FF43BAF08
S21402A5C0BDF84690484610F066FC002307904846C1
S21402A5D0CDE917331993ADF868300EF0A2FC079B4D
S21402A5E0039003F10E01484689B210F027FC0028BA
S21402A5F070D000234946079A009317A80E2312F03C
S21402A60071FF50460DF15D010DF035FB9DF8693086
S21402A6100B9004939DF85C30282B5BD10DF1610002
S21402A620FBF7AAFD0F90002854D1049810F017F8F3
S21402A6300F9B002866D1314B049A1B78D31A1C064E
S21402A64048D404F059F950453CD112F06DFD2C4E19
S21402A6500546346824B104F055F92C1B844239D3DC
S21402A6600023FF2219461846FDF75EFA356031E0F0
S21402A6704FF6FD76FBE64FF6FF70301A18BF012044
S21402A68000223146400012F0FDFD0C2D0DD1214670
S21402A690012001F07DF800283FF4CDAE21460020CF
S21402A6A01DB0BDE8F04FFDF7D3BF2DB920461DB053
S21402A6B0BDE8F04FFEF79CBA042D7FF4BCAEE5E68B
S21402A6C01B025CE704F018F9022803D104F0F6F83E
S21402A6D00028BAD000221920039912F0D3FDAAE668
S21402A6E0C06E0020686F0020606800202C62002088
S21402A6F034680020656F0020BC6E0020BB6E002010
S21402A7003C63002010214846079ACDF800A00FF0BF
S21402A710F6FD0028DED0BB4B049A1B78934240F02D
S21402A720AA8003990DF1610214A812F07FFB0121A1
S21402A73014A8FBF7F5FA824648F2030114A8FBF7C1
S21402A74063FBBAF1000F03D0082114A80DF036FA05
S21402A750484610F0BEFB03990DF16100FCF72AFC97
S21402A760FE288246B6D0FF280AD1039812F09EFE33
S21402A770FF28824600F087800DF16101FCF7F4FAAB
S21402A780A04B049A1B78934200F0A38050460B9984
S21402A790FCF7F6FB00283FF44EAE50460B99FCF74A
S21402A7A001FC237898070FD1484610F074FB014647
S21402A7B0484606F0DDFA00F00300012804D10398AB
S21402A7C00DF16101EFF7C2FFBDF846000EF04CFB3B
S21402A7D0010440F18580204612F08BFD40F40071A2
S21402A7E089B2204612F087FD00224FF40041BDF8E0
S21402A7F046000EF02AFBDDF8149001231022009387
S21402A800BDF846100E980DF145030AF0EBFC002841
S21402A8103FF411AE032866D1204612F06AFD40F4DA
S21402A820007189B2204612F066FD304612F058FEDC
S21402A830002840F0B680DDF81490B8F1010F40F021
S21402A840B6800320BDF8461000F0A2FF002840F0B4
S21402A850AE802946BDF8460006F08AFA0F28014661
S21402A8607FF6E9AD4FF6F7739F423FF6E4AD30460A
S21402A8700FF062F9DFE55046049903F085FA0028E6
S21402A8807FF44FAF26E7237803F00303012B08D1AA
S21402A890484610F000FB0146484606F069FA0828CA
S21402A8A092D0594B1A78594B1B789A4209D20DF11D
S21402A8B061010398FCF70CFA039812F0F7FD824642
S21402A8C05EE7A01C12F015FD4FF6F7739842EED91C
S21402A8D000E75046FCF7CEFB00283FF457AF5CE794
S21402A8E04FF0000989E7304612F0FAFD0028A4D09E
S21402A8F0099B002B57D1B9F1000F52D1B8F1010FC5
S21402A900BDF846009DD0294606F032FA8246DFF8A8
S21402A910089199F80030002B54D00EF030FD874293
S21402A9207FF489ADB8F1010F7ED1BAF1070F75D861
S21402A930BAF1050F7FF67FAD354B1B78022B02D09E
S21402A940043B012B03D899F80030002B41D00C9B16
S21402A9509A0640F1B4800D9B002B40F0AC80304646
S21402A96012F0B5FDFF2840F0A6805E457FF463AD89
S21402A970069B002B00F09D8012AB46F204020124D7
S21402A980ADF85C200193214602233046009417AAB4
S21402A99010F05DFA00283FF44EAD21460EF0E1FDC0
S21402A9A049E5DDF81490304610F017F845E72946D9
S21402A9B0BDF8460006F0DCF9099B824613B9B9F1E8
S21402A9C0000FA4D0124B1B78022B02D0043B012BA3
S21402A9D0BDD8304600F0E4FA814600287FF42BAD5D
S21402A9E00EF0CDFC864225D10A4BB3F868400EF035
S21402A9F0C6FC4B4601460D222046CDF800900FF0CD
S21402AA00FCF918E5BB6E0020BA6E0020E478002040
S21402AA10C06E00202C620020BC6E0020AAF10E033D
S21402AA20DBB2012B88D906E50AF00303012B7FF47B
S21402AA3002AD81E7304612F053FD58B90EF0BCFC69
S21402AA404FF6FF73984205D012F05EFA10B9304600
S21402AA50FCF7E4F8304612F043FD88B10EF0ACFC89
S21402AA604FF6FF7398420BD012F04EFA40B9B8F187
S21402AA70010F02D1BAF1060F02D030460FF0ACFF3A
S21402AA80069BA3B91946012258460FF01EF98146C5
S21402AA9000287FF4D0AC204610F03AFA4A46014627
S21402AAA038460FF012F900283FF451AFC3E412A95A
S21402AAB0E9E7069B61E7637823F0200363704FF6AD
S21402AAC0FC739F423FF4B7AC4FF6FD739F4204D12E
S21402AAD0B34B1B78042B3FF4AEACA3790BB1013B0E
S21402AAE0A37163785B0727D50023584617AA14A9D3
S21402AAF017930FF052FF1798F0B10FF047FF8146F9
S21402AB00384612F0E4FC179A0146137903F0300037
S21402AB10102806D003F00C0008281CBF23F00C03F4
S21402AB201371137903F03303202B05D1FF2903D0C9
S21402AB30012248460FF039FF304612F0C8FCFF28C3
S21402AB401EBF0022974B43F82020089B03F0010902
S21402AB504FF6F7739F4200F2F980B9F1000F40F00A
S21402AB600181314658460EF07AFF0EF008FC874205
S21402AB7000F0C680384612F0B3FC002841D0B8F187
S21402AB80010F27D1BAF1010F17D14A462946BDF85F
S21402AB9046000FF00DFF384612F0A2FC824B1B78DF
S21402ABA0002B72D1584612F09BFC002866D138461C
S21402ABB012F096FC002861D13DE4384612F090FC73
S21402ABC050B3BAF1030F27D12946BDF846000FF05D
S21402ABD04CF930E4384612F083FC38460FF015FF85
S21402ABE0002847D0002339465846BDF8462001F0D3
S21402ABF061F900283ED00021BDF84600FEF7C6FEE9
S21402AC0019E4384612F06CFC18B1B8F1010FD8D02E
S21402AC10E3E7B8F1010FE0D1634B1B78002BC1D0FC
S21402AC20BAF1050F31D10EF0AAFB8DF85C000EF0DA
S21402AC30A6FB000A8DF85D000123022217A90DF17A
S21402AC404600FAF775FD00287FF4F5AB691C89B259
S21402AC50BDF8460006F07AF803780133037063788D
S21402AC60590715D40EF08BFB834522D000223946B5
S21402AC701C2032E54C4B1B78002B93D0B8F1010F09
S21402AC80CED063785A0714D502E06378580718D5F1
S21402AC90BDF84640204610F0C0F8411C89B2204656
S21402ACA006F054F80378B8F1010F03F1FF3303708E
S21402ACB004D0BDF84600FEF78DFF09E0BAF1050F95
S21402ACC0D0D0BDF84600FEF785FFBAF1030FCDD00F
S21402ACD00228CBD10021584617AA0FF061FE30B1E8
S21402ACE00379468003F03C0343F0400303710023DC
S21402ACF02E4A00933946584612780FF07EF8B5E78A
S21402AD00B8F1010F7FF477AF0AF1FF330C2B00F294
S21402AD10868001A252F823F079AD020079AD0200D6
S21402AD20C9AB02008FAD0200B1AD020037A402002B
S21402AD30D5AD0200E5AD0200F1AD0200F1AD0200B4
S21402AD4037A4020007AE020013AE0200B8F1010FEC
S21402AD5071D0B9F1000F08D1BDF84600FEF7AEFF7C
S21402AD60FFF769BBB8F1010FCED0237A03F00303D5
S21402AD70012B7FF460ABEFE7AAF102035A422946A1
S21402AD80BDF846005A410FF013FEFFF754BB2A46A1
S21402AD905846BDF84610FEF71FFCFFF74CBB00BF37
S21402ADA0C16E0020F4520020E87800200B790020C3
S21402ADB0691CBDF8460089B205F0DAFF0235EDB22D
S21402ADC00246BDF846305846009512A906F0D4FD54
S21402ADD0FFF731BB01200A9ABDF84610FDF71AFBB1
S21402ADE0FFF729BBBDF846000FF0E8FDFFF723BBCF
S21402ADF0BDF84600FEF732FDFFF71DBBBDF8460064
S21402AE00FEF72CFDA8E7BDF84600FEF70BFAFFF7A3
S21402AE1012BBBDF846000CF006FFFFF70CBB2B4634
S21402AE2022465046BDF846100CF0D3FE00287FF4AA
S21402AE3002AB51461BE50AF1FF330C2B3FF6FBAA89
S21402AE4001A252F823F000BF79AD020079AD0200EC
S21402AE50C9AB02008FAD0200B1AD020037A40200FA
S21402AE60D5AD0200E5AD0200FDAD0200FDAD02006B
S21402AE7037A4020007AE020013AE020010B500218E
S21402AE8011480EF04FF90446E8B10EF073F80F4B76
S21402AE90187020460EF073F80D4B187020460EF010
S21402AEA074F80C4B187020460EF074F80A4B1860B3
S21402AEB0012012F03DF92046FFF758FABDE810408F
S21402AEC0002012F035B910BD12680020666F00200F
S21402AED0656F0020646F00203463002070B5144E46
S21402AEE0044633680D46BBB10DF0C8FF0C2813D1DB
S21402AEF020460EF0B3F809220021044611F01AFD8E
S21402AF00235C042B08D10B4C25B10B4B22781B7803
S21402AF109A4203D300232370002070BD074831688D
S21402AF2011F0B4FE2378012001332370F5E700BF49
S21402AF3038630020676F00200A7900209877002087
S21402AF40014B93F90100704734680020014BB3F8B7
S21402AF50680070472C62002070B500240D4D2C70DE
S21402AF60EFF706FAE6B2B04208D800220A4B1A7089
S21402AF700A4B198801B11A80012070BD304612F0C2
S21402AF80ACFAC30748BF2B7804F1010444BF01336F
S21402AF902B70E5E7B96E0020B26E0020E66700204F
S21402AFA038B50B4B05461B7873B101335C08094B69
S21402AFB0188811F07FFD002330F81320AA4205D02E
S21402AFC00133DAB2A242F7D3002038BD0120FCE7F3
S21402AFD0B26E0020E667002030B5054685B008460A
S21402AFE00C4612F076FAFF280CD00EF023FE012251
S21402AFF000210346CDE90112009221462A46072087
S21402B000FCF7F6FB284612F062FAFF2804460FD039
S21402B01012F063FAC2070DD5204612F05EFA8307D5
S21402B02008D40B4A32F8143043F4806322F8143002
S21402B03005B030BD0EF0FEFD012200210346CDE92B
S21402B0400112009207202A46FCF7D2FBF0E700BF67
S21402B050E26700204FF6FA72431E9BB2934270B527
S21402B06004462AD8FFF79CFF38BB194B1B78042BE3
S21402B07023D0204612F01AFAFF2801D0FBF7FEFC76
S21402B08020460FF085FC08B10FF07CFC2046114EDE
S21402B09003F0ACFE20460CF03DF931780E4D69B156
S21402B0A0288811F007FD054601461E220230F2F7F7
S21402B0B00BFA2C8033781E2B07D970BD202011F096
S21402B0C06DFD28800028EBD1F7E702333370F4E7F2
S21402B0D0C16E0020B26E0020E6670020044A137894
S21402B0E02BB1013BDBB213700BB9024A13807047D7
S21402B0F0B26E0020E66700200148FAF7D5B800BF16
S21402B100E66700202DE9F047804617460D468CB0CC
S21402B11061B903AE00211B4812F04FF94FF0000947
S21402B1200446DFF860A01CB920461DE00E46F1E793
S21402B1300022214624233046CDF8009012F0D2F9A0
S21402B140082241463046F2F7B9FCA8B9337C9BB9CF
S21402B1506FB945B92A4621460A480EF002F80A4A4D
S21402B1601388013B138001200CB0BDE8F0873B88B2
S21402B170B28953405B06ECD52146504612F041F99F
S21402B1800446D0E74868002046680020024B18882C
S21402B190003818BF01207047466800202DE9F043AA
S21402B1A030488DB0FAF770FB11F0BEFF2E4D2B68BB
S21402B1B0C41A4FF47A73B4FBF3F4A4B214B111F0C8
S21402B1C0B3FF2860294F4FF6FF763B88DFF8A08052
S21402B1D0ADF80A3000233B8000210DF10A000DF085
S21402B1E0A1FF054658B9224B1B882BB14FF47A7142
S21402B1F01C48714311F04AFD0DB0BDE8F0834FF0D4
S21402B200000924234A462946CDF8009003A812F0E6
S21402B21069F9BDF81A30A34294BFDB1A1B1B9BB216
S21402B220ADF81A3063B9BDF818301B0602D5089877
S21402B2300CF0DDFAB8F80030013BA8F80030CBE796
S21402B2409E4228BF1E4601234A462946009303A86B
S21402B250242312F047F94A462946384612F0B3F834
S21402B260BAE700BFD8530020406300204868002099
S21402B27046680020F0B504462E4A8DB01068516824
S21402B28001AB03C3A378012B4FD1162200210DF187
S21402B2901A00F2F7C7F8D4F82110D4F81D0003AB51
S21402B2A003C32388190644BF62680892DA050BD5E1
S21402B2B0221D08AE04F1140735461068516808329C
S21402B2C003C5BA422E46F7D1ADF8183013F0040380
S21402B2D018BFA3690593EFF763F80023ADF81A00C9
S21402B2E0082201A903A88DF81C30F2F7E7FB18B173
S21402B2F006A903A80EF039FF0022242103A80DF0A8
S21402B300C8FE044698B10020FFF748FF00222146F7
S21402B310094812F058F8094A0020138801331380AE
S21402B320FFF73CFF00200DB0F0BD0220FBE719201E
S21402B330F9E700BFA601040048680020466800201E
S21402B340F7B5044600200E46FFF728FF104B1B8871
S21402B350A34202D8212003B0F0BD00210D4812F00E
S21402B3602CF8002501460B4F0029F3D0A54208D140
S21402B3700024242322463046009412F0B3F82046D6
S21402B380E9E7384612F03DF801350146ECE700BF22
S21402B39046680020486800200148F9F785BF00BFCC
S21402B3A048680020014B1888704700BF4668002096
S21402B3B070B50C4611460E4A23781278064613F0EC
S21402B3C0200542EA0302227018BF611D0822F2F726
S21402B3D07BF8002D0CBF05200D20D4F80130B36099
S21402B3E02378337303F01803082B08BF013070BDAF
S21402B3F0BC6E0020042307B501200DEB0301054AAD
S21402B400FAF7BCFA019B044A1B03136003B05DF80B
S21402B41004FB00BF63E511009C54002010B5064CE7
S21402B4202368C3F30B0313B90448E3F733FC20681D
S21402B430431C236010BD00BF9C54002063E511002E
S21402B440014B1868704700BF9C54002007B50020C7
S21402B450054B064A186004230DEB03010190FAF728
S21402B4608DFA03B05DF804FB9C54002063E51100DE
S21402B4707FB511230A4A012001A9FAF77FFA094B80
S21402B4809DF814201A70084B1B780BB1052B05D1BA
S21402B4900BF00CFF012007B05DF804FB0020FAE772
S21402B4A079EB0100BB6E0020BC6E00202DE9F04F48
S21402B4B00646CBB0884600880121174611F032FBBB
S21402B4C02E4B3A463188ADF8160006A80EF0ECFE72
S21402B4D00DF1280B5A464146C41930880EF06EFE0E
S21402B4E0E4B208EB0003A34208BF044605464FF049
S21402B4F004091CBFA4EB0804E4B223465A46012101
S21402B500CDE900090BEB050ACDF808B02D1B06A8FD
S21402B510EFF776FBEDB20BEB04030093019523469F
S21402B5205A46414630880EF077FE34883946204621
S21402B53005F01EFC394600F0F802204605F02CFC09
S21402B5400121308811F0EEFA01234A46514680B1B5
S21402B5500DF11600FAF7ECF801210446BDF81620A4
S21402B560308811F0F3FAB4FA84F040094BB0BDE823
S21402B570F08F3046FAF7DCF80446F4E7436F002013
S21402B5802DE9F04FC9B0044688469246C118224AB1
S21402B59004A81F46FFF70CFF4FF00409C519EDB2C9
S21402B5A008AB0293A5EB0A0BA8EB0A035FFA8BFB28
S21402B5B0A8EB0506DBB2F6B204EB0A020093012101
S21402B5C05B46CDF8049004A8EFF71AFB06F59073D5
S21402B5D00DEB03025A44A2F58072136808A844F8D9
S21402B5E00830E35D324623F00703E3552C44214638
S21402B5F0F2F7A8F808ABCDE9019308AA00230121C7
S21402B600009604A8EFF7FCFA3246204608A9F2F79D
S21402B61099F849B0BDE8F08F436F0020F8B50646AA
S21402B6200FF00FFD811C054689B230460FF006FC6E
S21402B630F0B1EDB12946304605F09AFB12280746CE
S21402B64016D80C4B691C1C5C89B2304605F090FB80
S21402B6502C44052FE4B205D1052809D8064B1B5CFD
S21402B6601C44E4B221463046BDE8F8400FF0E6BB83
S21402B6700020F8BD0AC7040004C70400F8B5054652
S21402B6800FF009FC044628460DF0E8FCA11C07460C
S21402B69089B228460FF0D2FB00283ED0002C3CD0C0
S21402B6A02146284605F064FB0646611C284689B2F8
S21402B6B005F05EFB0F2E30D8194B9B5DE118731E0A
S21402B6C089B2092B0ED8DFE803F009050D0D120D1D
S21402B6D00D181E1EC40644BF083189B2820601D563
S21402B6E0083189B22846BDE8F8400FF0A7BB7B7840
S21402B6F0DB0612D501EB4001F3E700F01F0000EB7A
S21402B70040000144EDE71F2805D8092E0ABF400075
S21402B710022080B2F5E7C828E4D00020F8BD00BFBA
S21402B7201DC70400F8B506460DF098FC0922002154
S21402B730054611F0FFF800F11004284611F0D9FD75
S21402B740E4B207462146304605F012FB054630466F
S21402B75011F0CCF9BA05A0EB0403DBB20AD47C2DB7
S21402B7600AD0082D0AD8064A505D98428CBF00209F
S21402B7700120F8BD1220F8E70320F6E7FF20F4E7E1
S21402B7802EC70400014B1878704700BF0C790020C2
S21402B79038B5114B04461B7808469BB9012038BDC4
S21402B7A0A24205F101050FD103EBC1035B6898477E
S21402B7B00028F3D11E2022464FF6FF7111F062FDDB
S21402B7C00020ECE70025054BE9B213F83120002AE9
S21402B7D0E6D11446EEE700BF0C790020D4C604007A
S21402B7E04FF6FF7307B502220DF106010348ADF8C6
S21402B7F00630E3F78BFA03B05DF804FB603202E032
S21402B800002307B5ADF80430134B984221D10B88BC
S21402B810DA0703D5232003B05DF804FB9B0748BF75
S21402B8204FF47F434FF002020C480DF1060148BF69
S21402B830ADF80430E3F73EFA4FF6FF73BDF8062084
S21402B8409A42E7D10222054801A9E3F75FFA0020EF
S21402B850E1E72120DFE700BF1FD1BACA603202E06B
S21402B860002313B50222038004460DF106010F4899
S21402B870E3F720FA2D2801D0112805D14FF6FF73E1
S21402B880ADF80630FFF7ACFF9DF80630BDF806208F
S21402B8901BB1238843F0010323800020FF2A82BFC6
S21402B8A0238843F00203238002B010BD603202E018
S21402B8B0034B1B78002B14BF442056200E307047D3
S21402B8C0BC6E00202DE9F04F8DB0179C06468946C7
S21402B8D0CDE90223BDF85870D588ADF816103CB9EC
S21402B8E0EC0605D500970BF012FE0DB0BDE8F08F02
S21402B8F0C5F380242B054FEA043448BF44F40064A1
S21402B900A80511D544F080040A2E00F26981DFE80A
S21402B91016F09A002F0017003700670167013700FC
S21402B92010009A0037009E00E90548BF44F0400424
S21402B930EAE74FF001084FF0020B4FF0000A14E05E
S21402B94008A95FFA89F00EF0EBFEDDF82500DDF8B7
S21402B950291006AB03C3A44B33F81930ADF81630E2
S21402B9604FF00008C3460DF1180A002F5DD125E0FE
S21402B97006AA0DF116015FFA89F003F017FAEFE74F
S21402B9804FF6F773994540F22B8115F4026F40F09B
S21402B9902781964B1B78022B03D0043B012B00F227
S21402B9A0218147BB032E4FF001080CBF4FF00C0B52
S21402B9B04FF0080BBA4624F4C074A4B28C4B188815
S21402B9C04FF6FF73984206D08A49FAF767FB10B122
S21402B9D024F48054A4B2039B38460093BDF8162084
S21402B9E0534644F4027105F0EBF9ADF82000002846
S21402B9F038D1192079E7384611F078F80246FFF771
S21402BA0057FF032E08BF0138824201DD38206CE75B
S21402BA10032E4FF001080CBF4FF00C0B4FF0080B33
S21402BA204FF0000A24F4C074A4B2029B1B889BB990
S21402BA301A4639460620009309F0F7FB0028BDD1C6
S21402BA4040F6014051E74FF00008C34675E74FF055
S21402BA5001084FF0030B70E7002339461A46072009
S21402BA600093E9E74FF6FF73614A118899421CD0AA
S21402BA700DF0F4FA03465E4A04301188039311F07F
S21402BA803AFC5D49039B097814F4805FD9715949E1
S21402BA90574A1FBF086898604868D8604FF6FF7319
S21402BAA013804FF0FF330B604B605946029A08A88A
S21402BAB005F03AFA00289CD0504C2378002B3CD153
S21402BAC0A7B1384611F012F80746BDF8200011F06B
S21402BAD00DF823780744002B14BF12220022EB1025
S21402BAE003F0040317443B44842B8FDC15F4005701
S21402BAF00AD0BDF8204020460DF0B6F940F4806129
S21402BB0089B220460DF09BF9A6F10803012B05D851
S21402BB1001221021BDF820000DF097F9179BBDF801
S21402BB20204043B32046BDF816100DF0E1F9BDF8EB
S21402BB302030179A00201380D7E6AA06C0D56B01DC
S21402BB4003F020030A2E14BF43F0010363F07E03C2
S21402BB50DBB2B8F1000F08D000215246009108A8C7
S21402BB6000F082FE0028ABD0BFE61A46514608A86F
S21402BB700EF0C5FCF6E720460FF08DF9179B02463D
S21402BB8021460420009309F050FB00283FF458AFEA
S21402BB900A2E18D84FF4D963F340DB0713D5072EC5
S21402BBA00AD00A2E08D0BDF820000DF068FF80F0FB
S21402BBB00100C0B2800098E608A80CF017F800282A
S21402BBC0F1D0042091E617B125F04005ADB22B4620
S21402BBD03146BDF820005FFA89F201F07DFE84E668
S21402BBE0012082E6162080E616670020C06E00203E
S21402BBF0807800200D790020736F0020BC6E002034
S21402BC00F7B50F469DF828100446DDE90B061D46DB
S21402BC10F1B94FF6FF739C421CBF174B1C804FF0C6
S21402BC2000041CBF154B1A70BDF8240005F012FA6A
S21402BC3000232A46CDE90043394606209DF82030E7
S21402BC40FFF740FE10B90EB1AB7A337003B0F0BD09
S21402BC5078B14FF6FF739C421FBF074B1C80074B01
S21402BC601A7000220DF015FA04460028DCD11920BD
S21402BC70ECE72120EAE700BF80780020736F0020FF
S21402BC802DE9F04788469DF82810074616461D46B9
S21402BC909DF820A0BDF824900B9839B158B3002225
S21402BCA00DF0F7F9044610B9192025E00C464FF6B8
S21402BCB0FF739D421FBF114B1D80114B83F800A0DE
S21402BCC04FF6F7739E4208D80E4B4FF6FD761A785B
S21402BCD04FF6FF73002A18BF1E46484605F0BAF90B
S21402BCE000233A46CDE9084331464346BDE8F047CD
S21402BCF00320FFF7E7BD2120BDE8F087807800200B
S21402BD00736F00207D6E00202DE9F04786B09DF807
S21402BD1038600546DDE90FA80C4617469946B6BBBD
S21402BD20374B1B78022B1DD125BB4FF6F7739C426F
S21402BD3014D80026484605F08DF900233A46CDE988
S21402BD4000632146FF232846FFF7BCFD38B9B8F149
S21402BD50000F04D0BB7A88F8003000E0012006B05D
S21402BD60BDE8F087043B012BDED908460BF03BFF0B
S21402BD7010B31DB3022D31D1EEF7F4FAA042EDD97D
S21402BD80204B33F814204FF6FD739A4219E0BAF1AD
S21402BD90000F32D01A4B1B78022B05D1FFF788FD15
S21402BDA0B042E6D23820DAE7043B012BF6D9084641
S21402BDB00BF019FF0028F1D11620D0E74FF6F773E3
S21402BDC09C42CBD8002EB4D03146002250460DF00D
S21402BDD060F906460028ADD11920C0E7012DBDD175
S21402BDE004AA0DF10E01E0B202F0E0FF064B1B784A
S21402BDF0A342B3D9BDF80E20C5E72120AFE700BFA6
S21402BE00C06E002016670020DE78002030B5104B8A
S21402BE1087B005460C461868596803AA03C2986894
S21402BE200C4910609A88DB8852BA23F04003ADF8BA
S21402BE3012300023CDE90043ADF81020FF23098815
S21402BE4003AA0720ADF80E50FFF73CFD07B030BD41
S21402BE50546800206068002038B50C461146124A25
S21402BE60124D108022682A6062686A60A268AA6020
S21402BE70E288500616D5EA88520613D561B100222A
S21402BE8018460DF006F9014650B16088FFF7BEFF6E
S21402BE900522074B1A7038BD08460EF03DFFF2E742
S21402BEA01920F5E70220F6E76068002054680020B3
S21402BEB0836F00202DE9F04F074689B010461546DD
S21402BEC01C468A460EF0E7FF0146284604F050FF5D
S21402BED0064628460DF0C2F8043011F00AFA8046EB
S21402BEE00DF04DFA804550D0B2074ED1DFF8AC8047
S21402BEF0284605A9B8F800B00FF0B4F89DF8193036
S21402BF00A8F8007003BBBDF81430EBB928460DF054
S21402BF10A5F8023011F0EDF94FF6F773984294BF88
S21402BF204FF000094FF0010901230134E4B22A461A
S21402BF303846CDF8009005A9039303F001FC039B55
S21402BF4040B901339C421ED20020A8F800B009B0C6
S21402BF50BDE8F08F022CF8D1012BF6D10C4A0D4B1E
S21402BF60A3F800A01378591C11700B4A7F3B16F0F9
S21402BF700C01137007D1BDF81A305B0603D5BDF865
S21402BF801600FFF743FF0223D1E70020DFE700BFDA
S21402BF90BE6E002080780020736F0020606800204C
S21402BFA02DE9F04FABB00F46ADF81E000DF056F877
S21402BFB000F1020A0646504611F09BF9BDF81E40F3
S21402BFC0054620460EF067FF0146204604F0D0FEE6
S21402BFD0814600F00308301D11F08BF9414C208099
S21402BFE00DF0CDF9A8422DD04FF6F7739D4229D811
S21402BFF07378DA0726D428460EF007FD30B10123FF
S21402C0002946BDF81E202088FFF754FF0DF0B7F929
S21402C010344B1B8883420FD1BDF81E4020460EF0DB
S21402C0203AFF0146204604F0A3FE10F00C0103D1AD
S21402C030BDF81E0001F00EFD00222B4B1A602BB03D
S21402C040BDE8F08F2949BDF81E000FF00BF828490D
S21402C050BDF81E000EF069FF0028254B08BF00231E
S21402C060214ABDF81E0013600CF084FF214B1870A5
S21402C070BDF81E000CF083FF1F4B1870BDF81E00A3
S21402C0800CF088FF1D4B186000238DF82230002F1D
S21402C0903AD0164BDB889B0636D5194B1B689D0794
S21402C0A01ED4B8F1010F14BF082318230DF1220283
S21402C0B0009200220DF11E00114600F0D5FB18B3C7
S21402C0C0B8F1010FA2D10F4B1B78112B9ED10EF0A7
S21402C0D0B5FA00289AD140F61D40FBF70FFB95E70C
S21402C0E00823E3E7606800204863002054680020C5
S21402C0F06B6F0020666F0020656F0020346300209F
S21402C100AC540020C06E0020504611F0F2F8824671
S21402C110BDF81E0010F0EAFCA0F11005EDB22A46AA
S21402C12031460AA8F1F70EFBFF238DF82F304FF6A3
S21402C130F7739A4540F2DF80B8F1010F00F0E7800E
S21402C140B8F1020F00F04681B8F1000F7FF45EAF3F
S21402C150A44DBDF81E00EB88ADF8240004930CF045
S21402C1607DFFBDF82460074630460EF094FE014679
S21402C170304604F0FDFD8DF82300B81C7E7811F0E1
S21402C180B8F807460DF0FBF806F00106B4F8009082
S21402C19003906C88002E7FF439AF4FF6F77A42464A
S21402C1A0494657458CBF0620082011F06BF8BDF8AB
S21402C1B024B058460EF06FFE594602464346042007
S21402C1C0CDF8008009F00EF8574583460AD8B5F92F
S21402C1D00620EB88002A05DB580603D54146204692
S21402C1E0FFF714FEBBF1000F3FF410AF2B88002BB5
S21402C1F05AD16B79002B57D14FF6F7730DF1260102
S21402C2009F42BDF8240094BF4FF0000B4FF0010B85
S21402C2100EF0E5FADFF8D8A100F1FF38BAF80030E0
S21402C2201FFA88F10593EB88BDF82600069304F002
S21402C2309FFD069B04990190009322465B46059853
S21402C240C1F340110BF0DCFC00283FF4DFAE042300
S21402C25006200093BDF82610624B5FFA88F208F0BB
S21402C260C1FF00283FF4D2AE48F202036A889A421F
S21402C27005D1BDF82410BAF8000000F025FF594D8C
S21402C28009AA29460DF123000BF0B8FC0346002844
S21402C2907FF4BCAE2104BAF80000BDF8242060D5B5
S21402C2A0234629460EF0B0FA9DF823304D4D03F092
S21402C2B00C030C2B75D128890EF071FA00283FF476
S21402C2C0A5AE039B002029894B4514BF02260326F0
S21402C2D002F044FC444B18704FF6F7739F42BDF8C9
S21402C2E0240075D8A4F138025342534132463D49E0
S21402C2F004F036F88AE6B8F1020F6BD0394BB3F980
S21402C3000630002B26DAB8F1010F7FF41DAF0DF0D0
S21402C31036F8238883423FF479AE0520BDF81E1016
S21402C320FFF736FA00283FF471AE2E4AD3885B0632
S21402C33007D50023CDE900330A20FF232188FFF723
S21402C340C1FA3A469DF822302188BDF81E0002F056
S21402C3501DF85BE629460AA800F070F80028D2D03D
S21402C36054E60221DFF88C8088F800102946CDF8C2
S21402C37000B003F0E5F9132C96D0EB885D0493D455
S21402C3801A4B1B78D80703D598F80020022A8BD0C0
S21402C39099077FF53BAE98F80030012B7FF436AE56
S21402C3A082E700222B79124800936B7911460088A7
S21402C3B002F0FCFB0C4B18709DF8233003F00C03C4
S21402C3C0082B89D1039B4B4514BF0426052683E719
S21402C3D001238BE74846BDF81E20024901F0AEFA5B
S21402C3E014E600BF54680020826F0020816E002091
S21402C3F060680020746F002010B5002108480CF019
S21402C40091FE044650B101460420FFF7C1F928B157
S21402C4102046BDE810400121FFF7C2BD10BD00BF97
S21402C42044680020034BFF211A7803489200F0F775
S21402C430F9BF00BFDF7800206451002070B54518B0
S21402C44004464FF0FF31AC4212D1104B10481A7816
S21402C45005460023934211DB0E4C2078431CB3FBA7
S21402C460F2F602FB163345F82010237000200CE08B
S21402C47014F8010BE1F79EFD0146E4E750F8044B81
S21402C480A14201D00133E5E7012070BDDF7800202C
S21402C49064510020756F0020042307B501200DEBC0
S21402C4A00301054AF9F76AFA019B044A1B03136063
S21402C4B003B05DF804FB00BF23E1110044630020D3
S21402C4C0014B1868704700BF44630020014B186890
S21402C4D0704700BF4463002010B5064C2368C3F3C0
S21402C4E00B0313B90448E2F7D5FB2068431C23600C
S21402C4F010BD00BF4463002023E111002DE9F04F78
S21402C50093B003930023DDE91C79069399F8003073
S21402C51083460DA804930E4615460AF0FFFF99F8C7
S21402C520003013F003043ED0039B0DF1250A8DF86C
S21402C53024300022082138460CF0AFFE002870D0C6
S21402C54028880CF08BFD99F800301C074CBF04308D
S21402C550023010F0CEFE07A98046F9F79FFB9DF841
S21402C56024300446980633D5288806F10D010EF0CD
S21402C57065FCA8B100230093384608232988721D5B
S21402C58010F0B0FF99F8003003F01803182B4AD1C8
S21402C590B8F1000F47D0A94BB3F86830434542D0F4
S21402C5A040F60A4327E02888711D0EF047FC002853
S21402C5B0F6D0009405233246298809A810F092FF87
S21402C5C09DF824300DF1240A03F018030393B0E714
S21402C5D014BB39464046F9F761FD0028D2D099F8D7
S21402C5E000309907DCD040232246214640460EF012
S21402C5F0B2F940F6094399F8002012F0030440F01D
S21402C600F780288803930CF08CFC224601461A20F9
S21402C61010F038FE039BEBE007AB03CB3860796083
S21402C620B0E74FF6FF780BF0CEFA044620B10421AD
S21402C6303846F9F74FFB04461E9B002B5AD00923B7
S21402C6401E990DA88DF834300BF0E2F8209B0BB142
S21402C650209B0693039B002B40F08E800DA8EEF7DE
S21402C66031FB99F800309A0700F09880FFF734FF04
S21402C6705146024601200BF0F0FA99F800309B076B
S21402C68010D5594628880EF0B3FC0BF1090350FA70
S21402C69083F35FFA83FB594628880EF080FC00EB92
S21402C6A00B06F6B299F8003013F0C20F0AF1040333
S21402C6B00DD09DF82420624942F020028DF82420F5
S21402C6C00A68CAF804204A685A600AF10C03012272
S21402C6D009A800921B1A324629889BB210F002FF64
S21402C6E0324659462846FEF7E1FE002800F0A480AE
S21402C6F000237DE01F9B5BB19E460DF1340CBEE825
S21402C7000F00ACE80F00DEF80030CCF800309DE7F2
S21402C710049B594603F020032888049304F028FB60
S21402C72010F0030F0CBF012300230593049B059A08
S21402C730003B18BF012342EA430300930DAA06AB4F
S21402C74038461F9900F0FEFA049A034682B1002882
S21402C75080D0059B0DAA0093384606AB1F9900F0C1
S21402C760F1FA034699F8002022F0200289F8002008
S21402C770002B3FF46FAF3EE7039B102B06D1BDF8AC
S21402C780363043F00103ADF8363067E7039B182BCB
S21402C7904FD1BDF8363043F00203F4E701200DF125
S21402C7A025010BF068FA99F80030824613F0040F60
S21402C7B0288821D1069B1BB3002C35D00CF0B1FB88
S21402C7C000220146162010F05DFD84B17FB14FF6BF
S21402C7D0FF7398450BD000230DA91A4638460BF076
S21402C7E028F9394640469DF835200BF002FA012317
S21402C7F0184613B0BDE8F08F002CDFD1104F01E0D1
S21402C800002CDBD100233246009359463B460DF0FE
S21402C81076FD00283FF4C4AE002C3FF469AF069ABA
S21402C8200AF10103136063E71B685345C6D8012467
S21402C830E8E740F60A43DBE71923D9E72C62002033
S21402C840436F0020002307B5054A064813600422FA
S21402C8500DEB02010193E2F759FA03B05DF804FB0F
S21402C8604463002023E111002DE9F04F0446B1B0E5
S21402C87000888DF82F3016468A460EF00CFB0146CD
S21402C880814620880EF08BFB00EB090820880EF00C
S21402C890D8FB00239DF82F505FFA88F815F00107A1
S21402C8A00790ADF8363008D101460DF136022088E1
S21402C8B00EF07EFA08B1ADF8367016B9CDE90E66FE
S21402C8C00EAEFEF763FC18B145F020058DF82F502A
S21402C8D00023CDE9033302930DF12F03CDE9006364
S21402C8E02246534641464846FFF708FE05460028BC
S21402C8F000F043819DF82F3013F0010746D1B44A69
S21402C90023F02003106851688DF82F3010AB03C354
S21402C910184600F0FBF90546FEF744FDBBB2984206
S21402C92000F2B7803A9B13B100233A9A1370BDF80F
S21402C9303630CBB10121208810F0F4F8278805465E
S21402C940002800F04F810121384610F0EBF8BDF8C0
S21402C95036700546384610F0C9F8002300903A466D
S21402C960194628460EF0A7F90023CDE903330293B1
S21402C9700DF12F03CDE90063224653464146484651
S21402C980FFF7BCFD0546002800F0F7809DF82F3023
S21402C99003F01103102B40F003818E4B1B78432BC0
S21402C9A040F0FE808C4B1B685B0640F1F9802088C5
S21402C9B008F105010EF042FA8346002800F0F080E6
S21402C9C04146208804F0D4F9844B10F0200F08BFAB
S21402C9D01E4612A800F09AF90822314612A8F1F76C
S21402C9E06DF8002800F00E81314612A80BF0CAF846
S21402C9F0012326AE00933246002314A912A800F0A3
S21402CA00A1F9002840F0CC8012AB0DF12F07CDE93A
S21402CA1003600290009322465346414648460197D9
S21402CA20FFF76CFD002800F0EF80BDF89A3010206A
S21402CA3043F0080318AA14A9ADF89A300DF036FB95
S21402CA40002840F0AD8012ABCDE90360CDE901705D
S21402CA5000932246534641464846FFF74FFD054699
S21402CA60002840F09D8018AB4FF49071002012AA67
S21402CA7000F0D4F84FF0005100200DF094FDBBF109
S21402CA80000F00F08C804FF0805100200DF08BFDDF
S21402CA9085E018AB14AA26A9F8B20BF01FF80028F6
S21402CAA040F09480082210A927A8F1F707F88346D9
S21402CAB0ADB19DF8A53013F0020F08930FD00822EF
S21402CAC012A927A8F0F7FAFF48B9089B590706D516
S21402CAD03A9B13B101233A9A1370089507E03A9BE2
S21402CAE0002B61D1BBF1000F70D1002308930DF12A
S21402CAF0740C14AB0FCB8CE80F00BDF83630CBB1FC
S21402CB000121208810F00EF8B4F800B000284FD0AB
S21402CB100121584610F006F8BDF836208346104626
S21402CB2009920FF0E3FF00231946099A009058462F
S21402CB300EF0C1F82A4B0DF1740B049300230393F5
S21402CB400DF12F03CDE9006322465346414648467F
S21402CB50CDF808B0FFF7D2FC002837D1002D33D02D
S21402CB6012AA5B464FF482714FF4005000F056F85A
S21402CB70089B13B126A80AF0CCFD174B1B689A0730
S21402CB800DD4FEF703FB50B1114A18AB106851687A
S21402CB9003C3002226A918A80DF0ABFA68BB00252D
S21402CBA0284631B0BDE8F08F00233A9A137099E711
S21402CBB0BDF836200A90104609920FF097FFDDE97D
S21402CBC0092307990090B2E72A46CAE70137A3E687
S21402CBD0A6010400C06E0020AC540020966200201D
S21402CBE0A8540020BDF836B058460FF07FFF2B46FB
S21402CBF000905A4638460799B4E626A918A80DF0BA
S21402CC00B4FAC6E78346F3E614AB2DE701461A23C9
S21402CC100120014AF8F7B2BE24E10100F0B516463B
S21402CC2091B0074609A80D461C46FFF7EFFF3EB136
S21402CC30336845F04005CDF826307368CDF82A30C3
S21402CC401B4B1A6822EA070242EA050119604B04E6
S21402CC500DD5BDF824200B0A03F4E243C9B222F430
S21402CC60E3420B4322F07F021343ADF824301A232B
S21402CC700020104A09A9F8F781FEB4B104A80AF008
S21402CC804DFC02236A468DF810301546234604F101
S21402CC901006144618685968083303C4B34222467D
S21402CCA0F7D1294604A80AF0B3FD11B0F0BD00BFC3
S21402CCB0AC54002024E1010047F2FF10044B19682F
S21402CCC041F48042014041F480411A600DF06BBC91
S21402CCD0AC54002000B589B0FEF7CAFB01A8FFF7E6
S21402CCE095FF0948BDF804200168130221F0FF01F0
S21402CCF003F4E2030B43D2B2134343F480430360CC
S21402CD0009B05DF804FB00BFAC54002010B50C4B14
S21402CD100446186888B0830706D54FF0FF332360B1
S21402CD200120636008B010BD10F04000FAD001A8E0
S21402CD30FFF76CFFDDF806302360DDF80A30EFE718
S21402CD40AC5400202DE9F04F99B081460C461E46A1
S21402CD5017469DF88880A2B1154628460AF0DEFBE3
S21402CD6018F0020B0FD004B911AC6B4622462946C6
S21402CD7048460AF091FE0EB10023336019B0BDE8B2
S21402CD80F08F0CADE9E76B462946484604AA0AF03E
S21402CD9050FE6B7808F00108FF2B25D000287AD1C8
S21402CDA054B104AB08AF1A4603CABA4220606160A7
S21402CDB0134604F10804F6D126B16A78374B03EB22
S21402CDC082033360B8F1000F01D10020D6E7BDF828
S21402CDD00030D906F9D418204FF6FF716A7810F0A1
S21402CDE051FA40F60E40C9E7DFF8B8A0DAF800308C
S21402CDF02EB19A0756BF2A4AC6F800B0326003F030
S21402CE003003102B01D0202B1ED111A8FFF7FEFEF7
S21402CE10082248460DF14601F0F750FE28B1DAF82E
S21402CE20003003F04403402B0ED0B8F1000F0ED1B1
S21402CE3008A80DF0BCFB02232B70C4B9002FC4D087
S21402CE40281DFFF763FFC0E740F60A4096E7DAF8C8
S21402CE500030DB03ECD508A80DF0A9FB02232B70EB
S21402CE60BCB9002FB7D0281DFFF750FFB3E7002646
S21402CE7008AB0CAF1A4603CABA422060616013467A
S21402CE8004F10804F6D1281DFFF740FF002E9CD0BF
S21402CE90A1E70126ECE72D2070E700BFC050002076
S21402CEA0A8540020AC54002049B9084B197849B15F
S21402CEB04EF66023594328B105480FF0E7BE41F20B
S21402CEC08831F8E70248F8F7DFBC00BF7F6E002023
S21402CED0F853002070B586B00546F8F7C3FD10B9C2
S21402CEE0022006B070BD01A8FFF710FF0646002814
S21402CEF0F6D08DB92E4B1C6814F0020406D02D4BCA
S21402CF001B78112BECD12C4BB3F868404FF481639D
S21402CF100221ADF80C3023E02846F9F72DF9002857
S21402CF20DED1234B1C6814F0020406D0214B1B787A
S21402CF30112BD5D1204BB3F868400822294601A808
S21402CF40F0F7BCFD0028E1D04FF4027300260A2158
S21402CF50ADF80C302B68CDF80E306B68CDF8123079
S21402CF60002203A80CF095F8024608B91920B8E783
S21402CF700F4B196801F03003102B17D0202B14BF6B
S21402CF8001230323490001F004010B43204600213C
S21402CF9000F0F4FF0028E9D000210120FFF784FF0B
S21402CFA016B10122054B1A7000209AE70323E9E71F
S21402CFB0AC540020C06E00202C6200206A6F002055
S21402CFC030B500251D4C85B0CDE90055F8F75CFC60
S21402CFD023784BB31A491B480A780078904223D923
S21402CFE00132012B0A700ED12A464FF4A071284650
S21402CFF002F0BEFAC0B2B8B941F2883112480FF058
S21402D00045FE05B030BD022B09D1284602A9F9F724
S21402D01045F80028EED102A8FFF75CFFEAE7032BEB
S21402D02002D101F065F9E5E7002108462170FFF715
S21402D0303BFF042168460AF0DFF9E2E7766F00203C
S21402D040776F002015790020F853002070B5194A32
S21402D050194D04465168106886B02E7801AB03C39A
S21402D0601EB10224204606B070BDF8F745FD022820
S21402D070F7D103A800F0E8FD082201A90DF10E0081
S21402D080F0F71CFDA0B10D4B32464FF4A0713046AE
S21402D0901C7002F06DFA04460028E3D10123084A08
S21402D0A041F2883107482B7013700FF0EFFDD9E775
S21402D0B02324D7E737C70400766F002015790020AF
S21402D0C0776F0020F8530020F0B50C4600219BB085
S21402D0D02B4F0646492207A80691F0F7A3F93B789C
S21402D0E0012B34D19EBB0DF10E0120460DF077FBCD
S21402D0F00546BDF80E000FF0F9FC441BE4B2BDF87D
S21402D1000E1023462A46009606A810F0EBF9304683
S21402D11004A9F8F7C3FFD0B9CCB19DF81920B2B96B
S21402D120BDF8233003F47E43B3F5285F1ED3B3F570
S21402D130385F0ED31349BDF80E000B6843F40003A4
S21402D1400B6029460AF038FD18B104233B701BB069
S21402D150F0BD01220C4B04A81A70FFF7BBFE41F289
S21402D16088310A480FF092FD0223EFE711463A7023
S21402D170FFF79AFE1E2104A80AF03EF9E7E700BF71
S21402D180766F0020AC540020776F0020F853002002
S21402D190014B1870704700BF776F0020014B18785C
S21402D1A0704700BF766F0020014B1870704700BFB3
S21402D1B0766F00202DE9F04F0446408891B00E2984
S21402D1C08846ADF81A0074D094F80890A7790BF048
S21402D1D045FF09A90546BDF81A00E6790DF042FF9B
S21402D1E0BDF81A000BF040FE430542BFBDF82A30D8
S21402D1F043F40053ADF82A30E379D80642BFBDF8AF
S21402D2002A3043F48053ADF82A30BDF82A30990606
S21402D21013D5022F52D10CA9207A0DF081FADDF82F
S21402D2203500DDF8391007AB03C307AA0021042333
S21402D23000910DF11A00FFF717FB0121BDF81A0045
S21402D2400FF070FC022F824644D1454B33F819503A
S21402D250B8F1000F79D0BDF82A305A0675D54FF6C8
S21402D260FB72954271D83F4AB2F86820AA426CD047
S21402D270DB0502D528460DF099FBBDF82A30D80406
S21402D28063D5002F33D1BDF81A000BF0EDFDC106B1
S21402D29063D548F23403BDF826209A4209D1324EAD
S21402D2A03078FF2805D003222946FCF72BF9FF2306
S21402D2B033700023236011B0BDE8F08F012F01BF49
S21402D2C0237A2A4A03EB430302EB830314BF0022AA
S21402D2D09A1CABE7012F05D10C2303FB09F3234A63
S21402D2E0D55AB5E7A81C10F004F80546B0E728465C
S21402D2F001F07CFDBDF81A000BF0B6FDC206C8D4DC
S21402D3006389504605930FF0F1FB834650460FF0B3
S21402D310D1FB059B02905FFA8BF04A463946019094
S21402D3200093404609AB09F0FFFFB8F1000F14BFA7
S21402D3300B20092016F0030218BF02F1FF3229461D
S21402D34018BFD2B20FF09EFFA3E7BDF81A000BF08B
S21402D3508BFDC3069DD4002FD2D1A946D0E700BFCD
S21402D360166700202C6200201979002056660020DD
S21402D37038B500240F4B104D2A78A24205D8C2B900
S21402D380BDE838400D48F8F77FBA598869B9013ABE
S21402D390D2B2A2422A70EFD0121B184603F1100135
S21402D3A01201F0F791F80346E6E701341033E4B2CF
S21402D3B0E2E738BDC45000207A6F0020B87700201C
S21402D3C070B51A4B1A4A1D780023DCB2A54200D863
S21402D3D070BD144666880133864202F11002F4D10B
S21402D3E0E379A588E16003F040028DB9CAB123F063
S21402D3F00403E3710BF032FE037803F07F0303703D
S21402D40021880029E4D1BDE870400A480FF03EBCEE
S21402D41000216580A180002AE9D1BDE87040FFF7AF
S21402D420A7BF2046FFF7C6FEF7E700BF7A6F0020C9
S21402D430C4500020B87700202DE9F047044686B095
S21402D44040880F4615460BF009FEA3798046082B46
S21402D45052D8DFE803F0052E1851515151510500FC
S21402D46002300FF046FF002D4ED06946F8F716FE42
S21402D470002841D1684601F063FDB0FA80F0400909
S21402D48006B0BDE8F08702A9207A0DF049F96B468E
S21402D4906E46DDF80D00DDF81110334A03C3237A19
S21402D4A032F81390314AD05C75B131460DF05CF912
S21402D4B0E6E7237A2E4903EB430301EB830231F8B6
S21402D4C02390907A961CEFE74FF6FB7AD14515D952
S21402D4D030460DF093FA4FF6FF739842054615D084
S21402D4E00146304601F09EFC554508D9E379DA0636
S21402D4F00ED440F62243E3600020C1E74D4629469B
S21402D50008F102000FF0F7FE0120B9E74D46EDE7FD
S21402D5104FF6FC78454512D103F00C030C2B1CD1B8
S21402D520DFB130464FF6FD7101F07CFC40F61F413C
S21402D5302046E160FFF73EFEFFF71AFFDCE74FF6F4
S21402D540FD739D4209D10023304619461A4602F061
S21402D550DBF84146304601F065FCE37943F00C0304
S21402D560E37140F62343C6E716670020866E002066
S21402D5705666002073B5044640880E460BF06EFDD4
S21402D58002300FF0B6FE0AF02EFB18B1A11C201DC9
S21402D5900AF02EFBE6B1E5790135EDB2E57115F03C
S21402D5A0400514D0ECF7D8FE01220546002120469D
S21402D5B0FFF742FF18B1394B1B882B449DB2384BFC
S21402D5C01B78042B01BF354B1B885B199DB2258047
S21402D5D0002231462046FFF72FFF20B360880BF06B
S21402D5E03DFDE2792F4922F00C03E3710B780546E4
S21402D5F00133DBB20B70C3712B4BA61C1B780BB32B
S21402D600E37998061ED52949097871B159060CD5D1
S21402D61092070AD500220423114630460092FFF7ED
S21402D62023F910B1E06002B070BD0022012311465A
S21402D63030460092FFF718F920B1E37943F003036E
S21402D640E371EFE730460AF0D1FA0028EAD16088A3
S21402D650FCF7C0FA0328E6D8DFE800F0020D1D1931
S21402D660E37943F00403E3711B06DCD5104B1A780A
S21402D670104B1A70D7E740F62443E360E37943F091
S21402D6800803E3712B7803F07F032B70CBE740F699
S21402D6902543E360C7E740F62643FAE75A780020B8
S21402D6A0C16E0020BE6E0020BC6E002016790020DF
S21402D6B0846E0020796F00202DE9F74F06460FF0A2
S21402D6C02EFD5F4B0546B3F8009018805D4BA0EB2D
S21402D6D009041B78A4B2A34298BF00234FF00008A7
S21402D6E04FF6FF7788BF1B1B564A88BFDBB2137004
S21402D6F0DFF864B1A9EB00030093534B5FFA88F29C
S21402D700197891420ED80EB1FFF732FE4FF6FF732C
S21402D7109F4200F08E8039464C4803B0BDE8F04F79
S21402D7200FF0B4BABBF80220002A3CD0484B9BF854
S21402D73007201878BBF800A0042818D00020BAF1F9
S21402D740000F08BFA2462044504523D2BBF8001063
S21402D750009B1944ABF80010002E4ED002F048028F
S21402D760482A4AD100215846FFF704FF45E00192B5
S21402D770F8F704FC30F01003019ADFD1FBF746FC01
S21402D780344B019AB3F800C08445D7D9ACEB0000FD
S21402D79080B2D4E702F00C00042807D10022ABF8CE
S21402D7A000200BF1100B08F10108A6E7510602F063
S21402D7B0030C02F008000ED528B3BCF1030F25D1E6
S21402D7C0DEB1DBF80C105846002908BF4FF4426160
S21402D7D0FFF7F0FC11E040B3BCF1010F25D11206B1
S21402D7E0EED44FF4C862ABF800209BF8072022F074
S21402D7F0030242F002028BF80720BBF80020974291
S21402D80028BF1746CDE703208445D9D213060ED586
S21402D8100C4B1A780AEB0200844208DA4A44521B7E
S21402D8200AEB0201ABF80010E7E70120ECE7012162
S21402D83099E7064803B0BDE8F04FF8F725B800BFF1
S21402D8404A680020796F00207A6F0020B87700209F
S21402D850C16E00205A780020C4500020F8B500257A
S21402D8600A4E0B4F3378ECB2A34204D8BDE8F84018
S21402D8700848F7F719BD07EB0414A01CF7F714FDC8
S21402D880201DF7F711FD0135ECE700BF7A6F002087
S21402D890C45000204068002070B500240B4D0C4E8A
S21402D8A02B78A34208D81B1BDBB22B706BB9BDE8E2
S21402D8B070400848F7F7E8BF06EB041040F621412F
S21402D8C00134FFF777FCE4B2EAE770BD7A6F002016
S21402D8D0C4500020B8770020F8B5154EDFF858E09F
S21402D8E035789EF800E0134FAE454FEA051C07EB6D
S21402D8F0051419D0002503F4835343EA1323A171B8
S21402D9002272E371608027F80C50A58003F0A8FB12
S21402D91040F60243E3603378608101332846337071
S21402D920FFF7CAFE2846F8BD40F60340FBE700BFF5
S21402D9307A6F0020C4500020DD7800202DE9F04FD9
S21402D940344B0D461C78174685B05CB9B1F9068093
S21402D950DFF8C890DFF8C8A0DFF8C8B099F8003042
S21402D960A34202D805B0BDE8F08F0AEB0416B088D1
S21402D97000B9708801A90DF075FBAA7A9DF80E30E1
S21402D9809A4244D1B8F1000F0FDA297A9DF80C209A
S21402D9902B89914209D8204800780844824236DA18
S21402D9A0521A1B0A1341D90731D538460DF049FBE6
S21402D9B0BDF80A3004469A0602D5EB889B06D1D5F6
S21402D9C0F37903F00C03042B08D17088F9F786FD6F
S21402D9D000237288194618460DF00AF800213046D0
S21402D9E0FFF7E8FBFFF7C4FC38460FF07FF88442E7
S21402D9F008D2337A01228BF80030294600233846B3
S21402DA0002F0AEFCB8F1000FACDA0024A6E701344F
S21402DA10E4B2A3E7786F0020DC7800207A6F00205B
S21402DA20C4500020826F002008B50FF078FB074B29
S21402DA301B88C01A80B2B0F5807F05D9BDE80840C1
S21402DA40002103480FF022B908BD00BF4A68002033
S21402DA50B87700202DE9F04788B004460D460DF051
S21402DA601AFA0146204603F083F910F003035FD149
S21402DA7010F00C0F06D12946204608B0BDE8F04744
S21402DA80FFF79EBC20460BF0EFF9C30638D42046BB
S21402DA900DF001FA0146204603F06AF906462046D2
S21402DAA00BF0DCFA804602300FF023FC05A907468D
S21402DAB020460DF0D7FA06F00C0698F801300C2E28
S21402DAC00CBF4FF003094FF00609012113F0010FB6
S21402DAD0204618BF4FF003090FF024F8174B804674
S21402DAE01B88A3420FD1B5FA85F04009FBF748FC24
S21402DAF020460BF0E7F90022014607200FF0C2FB92
S21402DB0008B0BDE8F08703F0ABFA824640460EF056
S21402DB10EDFF064640460EF0CDFFF6B202903A46BC
S21402DB2049462846CDE900A605AB09F0FDFBDFE72E
S21402DB30012BE5D110F00C0FE2D19CE740680020E3
S21402DB40002210B5094B1C78094BD1B28C4201D881
S21402DB50002010BD197A814202D19979022902D099
S21402DB6010330132F1E70120F3E700BF7A6F00209D
S21402DB70C45000200146002210B5084B1C78084B02
S21402DB80D0B2844201D8002010BD187A884202D151
S21402DB9098790128F8D010330132F1E77A6F002025
S21402DBA0C4500020002210B40A4B1C780A4BD1B293
S21402DBB08C4203D85DF8044BFFF7DABB197A814230
S21402DBC005D19979012902BF0021198059801033A5
S21402DBD00132ECE77A6F0020C4500020024B18781E
S21402DBE0003818BF012070477A6F0020044B1B686C
S21402DBF013F0300F03D0202130200CF0D4BC704735
S21402DC00AC540020002310B5044608491A4601EA1F
S21402DC1000414FF07F60FFF701F8E30703D50021CC
S21402DC2030200CF0C0FC002010BD00BF00007207C0
S21402DC30044B5B8823F4784323F08D030380002093
S21402DC40704700BFAC54002008B500220346C3F854
S21402DC500220C3F806200B4A02301268D1B212F034
S21402DC60200F18BF41F010011980930701D4FFF767
S21402DC704DF8054B1B78023B032B8CBF1720002068
S21402DC8008BD00BFAC540020C06E002038B5054663
S21402DC900C46FDF7EDFB98B10E4B187878B10E4B9B
S21402DCA01B681A040FD58CB113F0420F00D17DB158
S21402DCB003F44073B3F5407F0CBF0020232038BD29
S21402DCC040F60840FBE740F60B40F8E72046F6E74A
S21402DCD02320F4E7BC6E0020AC540020F0B50446C6
S21402DCE08DB007A80D46164609F018FC1022002132
S21402DCF003A8EFF797FB5CB1234603AC03F11007CA
S21402DD00224618685968083303C2BB421446F7D144
S21402DD10012703A986EA070307A88DF81C708DF869
S21402DD201D3009F066FD80EA070401A8E4B2EDF7AB
S21402DD3027F8B6B101A88DF80650EDF74DF864B194
S21402DD40002303A907A88DF81D3009F061FD0C4BCE
S21402DD501B78432B01D1F9F7DBF80A4B1D700DB087
S21402DD60F0BD01A88DF80750EDF736F8002CF6D076
S21402DD7003A907A88DF81D7009F04AFDEFE700BF5A
S21402DD80C06E0020BB6E0020F0B5012593B007469A
S21402DD900DA80C4609F0C2FB05A90DA8ADF8345033
S21402DDA009F051FD01A8ECF7EBFF09A90DA88DF8C3
S21402DDB035509DF8066009F046FD0DA89DF80750FF
S21402DDC009F0D7FC70BB731BDBB2802B28D91FB1BE
S21402DDD0A64225D0A54223D105A90DA809F018FD13
S21402DDE003A8ECF7CDFF03A88DF80F60ECF7F4FF5D
S21402DDF00122294609A8FFF771FF0BF0BAFC0121A0
S21402DE004FF400700CF0DFFDFDF71AFBB0F1004F87
S21402DE1001D9FDF71BFB044B187809F0EBFA012039
S21402DE2013B0F0BD0020FBE7BB6E002070B50E46B7
S21402DE30144605460320FFF7B7F946F004022946C2
S21402DE40204609F03FFD0022014B1A6070BD00BF5C
S21402DE50A8540020F0B587B0078805461022002196
S21402DE6002A8EFF7DFFA3E4B1B78002B76D1BC05F3
S21402DE705ED407F08403842B63D00022394C11460B
S21402DE801046FFF72BFF17F4045F276005F1020622
S21402DE901CD0B9040AD5304602F09CFA00284ED1AE
S21402DEA0236823F4005343F48073236030460CF057
S21402DEB0F6FB002842D109F02FFB18B9236843F479
S21402DEC080332360236843F02003236022680DF129
S21402DED0060042F400432360FFF7AAFE12F4805FB6
S21402DEE0BDF8063031D043F02003ADF80630216885
S21402DEF0334611F0400218BF05F123024FF07F604F
S21402DF00FEF78CFEBDF80630DA0703D50021302076
S21402DF100CF049FB23689B0506D5012295F82210D2
S21402DF2005F11200FFF7DAFE00200F4B186006E03C
S21402DF3005F112000CF0B3FB00289AD0292007B096
S21402DF40F0BDB80799D52320F9E723F02003ADF8F2
S21402DF500630FDF77BFAFEF775FCC8E70220EEE70F
S21402DF60C06E0020AC540020A8540020024B186853
S21402DF70C0F30050704700BFAC5400202DE9F04FAC
S21402DF80064689461046002189B01546984602F094
S21402DF90EFFE102807460AD86A4B0341DB0706D471
S21402DFA0C8F340049DB9002009B0BDE8F08F664B67
S21402DFB01C78002CF6D0FFF7D9FF00280CBF4FF4D0
S21402DFC0F0744FF4D074FC4004F00104EAE74FF01A
S21402DFD0000A18F0010F5346524629464FF0050034
S21402DFE0CDF800A00CBF4FF0080B4FF4027B07F0F1
S21402DFF01CF90028D7D0C823324600935946534608
S21402E000284602F0DDFEADF80E000028CBD018F050
S21402E010080A4AD14FF6F773A7F10F02D2B29E4210
S21402E0208CBF09230123012A01D843F04003474A43
S21402E0308DF810301378591C11708DF81130002CA1
S21402E0404FD09DF81030052F43F020038DF8103086
S21402E05033D03F4B1D78002D5AD04FF6F77300256C
S21402E0609E424FF00F0248D9012304A90DF10E007B
S21402E070F7F75EFB002896D1002C4DD1BAF10001CD
S21402E08033463A4618BF0121BDF80E00CDF800907F
S21402E09009F0B3FDADF80E00002884D018F0040F86
S21402E0A04DD031460BF003FD7EE749460DF10E00DA
S21402E0B00CF0AEFC0028ADD175E70121BDF80E00CC
S21402E0C00EF030FD012102F053FE0123834013F0CF
S21402E0D0620F1CD11E4B1B78E3B14FF6F77318255F
S21402E0E0BEE71B4B25461B780222002BBCD04FF600
S21402E0F0F7739E42B8D8052FB6D0BAF1000FB3D147
S21402E1009DF8103043F040038DF81030ACE7102530
S21402E1100F22A9E71825FBE7BAF1000F0AD002235F
S21402E1204A46009029460DF10E00FEF79DFB002898
S21402E130A4D038E741235246CDF800A0F2E70BF010
S21402E1409EFC31E79FFEFEFFBC6E0020BD6E0020E7
S21402E150B06E00202DE9DF431E46144B80461B6836
S21402E1600F469B0791460A9C1BD4204614B109F021
S21402E1702EFDC0B20622CDE902403B460020CDE984
S21402E18000890B490CF007FE024650B10021002E12
S21402E1900CBF01230323084604B0BDE8D043FFF7B3
S21402E1A0EDBE002004B0BDE8D08300BFAC54002012
S21402E1B0E47904002DE9F04F8DB081468A461F4669
S21402E1C093469DF85C803AB903A8FEF79FFDB0BB64
S21402E1D000200DB0BDE8F08F154600222321104620
S21402E1E00AF057FFADF80A000028F1D00EF062FCE4
S21402E1F00523044618F0100F00F8023B677020D083
S21402E20011220021EFF70EF904F11306032F4FF047
S21402E210080237D159463046EFF756F9C8F380134D
S21402E22006F10905337209F0CEFC00283ED0002321
S21402E2302B706B700123033505F8013C36E003AD05
S21402E240CBE7012610221699EFF73EF906FA07F3F6
S21402E25013F0620F02D104F11206D7E707A809F0FD
S21402E2605DF905A88DF81C60ECF78AFD9DF816206E
S21402E27018F0200F9DF8173008BF134604F1130656
S21402E280A374C3E751463046EFF71EF9012306F1A1
S21402E2900802121B28460093BDF80A10082392B201
S21402E2A00FF020F9042F06F11005BCD02D1BA9B2E1
S21402E2B00DF10A000CF0D7FC002889D118F0040FE3
S21402E2C00BD048460FF003F9FF281FBF074A32F863
S21402E2D0103023F4804322F8103043465146484615
S21402E2E0BDF80A20FFF74AFE73E700BFE267002088
S21402E2F070B5032690B08DF80760F7F7B3FB18B930
S21402E3000224204610B070BD02AD2846FEF7FEFC81
S21402E3100028F5D01B4B1C6814F00204F0D140F222
S21402E3200F43194AADF82430136804A8CDF82630F6
S21402E3305368CDF82A3009F0F1F895E8030005ABEA
S21402E34083E80300062304A88DF81D308DF81060BC
S21402E350ECF7B8FC01210DF12E020DF10700ECF7E7
S21402E36009FC22461A2109A80AF093FE024608B9B9
S21402E3701924C6E7012329462046FFF7FFFD002899
S21402E380BFD1F5E7AC540020436F00202DE9F04FD3
S21402E39004460D46002191B01F2208A89B4607910D
S21402E3A0EFF740F820460CF076FD0146204602F0D4
S21402E3B0DFFC8DF8110020460AF050FE9DF8113061
S21402E3C0467899068146C6F34006204648BF46F080
S21402E3D002060CF036FE804620460EF087FB002230
S21402E3E0A0EB0803DBB2232B28BF2323009221468F
S21402E3F0424607A80FF076F800283AD1A24B9DF8BD
S21402E4001C701B789DF81DA0B3B3FFF7AFFD002864
S21402E4100CBF4FF4F0734FF4D073FB40DA072BD5E2
S21402E420B30729D4082F22D1BAF1040F21D1FBF762
S21402E4307FFBF0B9012342460093214605200DF1E9
S21402E440110306F0CFFEA0B1053F0D2F11D8DFE86D
S21402E45017F024001000AF01BC01C5011000100027
S21402E4601000100010001000CB01F901F901052F71
S21402E47007D011B0BDE8F08F102F05D1BBF1000F09
S21402E480F7D0FBF755FBD5E7FBF752FB0028D1D0B8
S21402E490052FCFD0112FCDD0EBE7BAF1050FE8D874
S21402E4A020460AF03EFD029009F102000EF021FF1E
S21402E4B082460DF11200FFF7BBFB01239DF81D807B
S21402E4C003FA08F313F0620303932DD0BDF812305B
S21402E4D09D0722D5B407CCD5FBF72AFB0DF11E000B
S21402E4E00CF0DDF8B8F1030F04469DF82EB02FD1DC
S21402E4F00DF12F050AF043FF824540F03181032ECD
S21402E500B7D19DF836100DF11E02003918BF012151
S21402E5100DF12E0009F07CFBABE7FBF709FB0028A8
S21402E520DCD1002EA5D0D9E7FBF702FB68B10DF1CE
S21402E5301E000CF0B4F8B8F1030F04464FF0000BBF
S21402E54040F082800DF12E05D4E7002E91D0EEE742
S21402E5504E4B1B6898072AD5FF2208210DF137007B
S21402E5600AF09BFE814610BB034601460DF13702B8
S21402E5700220FEF753FB0AF002FF82450DF1370731
S21402E5800DF12F0523D04FF6F7739A4540F2ED8032
S21402E5900022082128460AF080FE002800F0E580C6
S21402E5A0002259460DF11E00FFF798FB61E70DF1B8
S21402E5B037070DF12F0538460CF01DF8002848D015
S21402E5C00AF0DDFE824540F0CC804FF00009284676
S21402E5D0F7F7D2FD002800F0C480B8F1010F5BD037
S21402E5E0B8F1040F7FF445AF0CF028F810B1032EF3
S21402E5F07FF43FAF002C7FF43CAF3A4602210DF188
S21402E6001E00FFF713FC224B1B7863B1FFF770FE68
S21402E610FEF7C4FD022806D10120FEF7B9FD01214E
S21402E6200846FEF741FC1B4B1B78022B20D1032128
S21402E630384608F0E1FEFEF7B1FD014600287FF4F9
S21402E64018AFFEF731FC14E70DF136070DF12E0573
S21402E650B1E7104B1B78432B7FF40BAFB8F1010FD9
S21402E6607FF407AF0AF08BFE82457AD1C146AEE749
S21402E670412B7FF4FEAE054B1B6859057FF5F9AEBC
S21402E680F9F73EFEF5E600BFBC6E0020AC54002053
S21402E6906A6F0020C06E00206C4D2B78022B22D0B1
S21402E6A02B78412B3FF4E5AE3CB9FBF741FA5946CD
S21402E6B002460DF11E00FFF711FBFBF739FA0028A0
S21402E6C03FF4D7AE0BF0BAFF614C98B123681B0536
S21402E6D002D42B78432B0DD1B0070BD440F61A4048
S21402E6E0F9F70CF8C5E60BF0A9FF0028D8D0B20758
S21402E6F0D6D4BEE6206810F0020002D102990CF0D1
S21402E7005CF92B78112B16D12368590513D50020F6
S21402E710FEF7E0FB044600287FF4ABAE0BF09DF854
S21402E72040F61C40F8F7EAFF21462046FEF7BCFBFF
S21402E730F8F7F0FF9DE6B20701D5FFF757FAB9F1F1
S21402E740000F9DD008F0E8FE18B94FF480310BF0A8
S21402E7502AFF00223F4B38461A600BF043FF8FE732
S21402E7600027039B002B7FF40EAF4FF6FF7328465D
S21402E77005A9ADF814300AF0F5FD20B128460AF0D6
S21402E780D2FDADF814004FF6FF73BDF814009842A0
S21402E7903FF46FAE002C0CBF0423152301930DF13A
S21402E7A01E0300933A4643462946FFF703FD60E6FA
S21402E7B00DF11D00F7F7E0FC00283FF45AAE0222E6
S21402E7C029460020FAF79EFE53E6F3077FF551AE80
S21402E7D03246284607A90CF01AF94AE69DF81D109B
S21402E7E00120FFF7D1FA44E6184B1B78022B20D102
S21402E7F0002D7FF43EAE05A8FEF788FA00283FF407
S21402E80038AE154B1D709DF81D30002B14BF6424C6
S21402E8106524FEF7C3FC032806D128462946FEF7E0
S21402E82043FB2846FEF7C0FC214605A808F0E4FD97
S21402E8301FE6043B012BDBD9284609F0D4F9002851
S21402E840D6D116E6204609F0D0F912E6C06E0020B0
S21402E850AC540020A85400206A6F00202DE9F34132
S21402E86005460E46174698460BF0E8FE044640B1AB
S21402E87001233A4631462846CDF80080FFF76AFC67
S21402E88004460BF0DBFE30B1FFF770FB78B10A4BA3
S21402E8901B689B010BD400233A4631462846CDF826
S21402E8A00080FFF757FC002C0CBF0446012404F03E
S21402E8B0010002B0BDE8F081AC54002070B58AB009
S21402E8C005A808F02BFE022301AA15468DF814307F
S21402E8D0084B03F11006144618685968083303C437
S21402E8E0B3422246F7D1294605A808F082FF0AB0AD
S21402E8F070BD00BF3FC70400014B1878704700BFC9
S21402E90017790020014B1888704700BF82780020D4
S21402E9104FF6FF732DE9F043994280460D4685B0C7
S21402E9200BD000274FF6FD791C4EEBF71BFDFCB211
S21402E930A0420BD84FF6FF701DE0F7F71DFC00282B
S21402E940EFD005B0BDE8F0430AF019BD36F8143032
S21402E9504B4517D8694620460BF0A6FE08224146CC
S21402E9600DF10500EFF7AAF84FF6FF7360B99D4266
S21402E97004D136F8140005B0BDE8F08326F814502A
S21402E9800BF06CFE0137D0E79D42FBD036F8143010
S21402E990AB4208BF26F81490F4E700BF16670020C3
S21402E9A02DE9FF4706460F4600254FF6FD79DFF8AC
S21402E9B03C80DFF83CA0EBF7D5FCECB2A04202D8D4
S21402E9C004B0BDE8F08738F814304B450CD86946D9
S21402E9D020460BF069FE082231460DF10500EFF7DE
S21402E9E06DF808B90AF804700135E4E716670020E6
S21402E9F0866E0020014B33F8100070471667002021
S21402EA00F0B5064600250D4F85B0EBF7ABFCECB231
S21402EA10A04201D805B0F0BD37F81430B3420BD18E
S21402EA20694620460BF07CFE9DF80030022B1CBF88
S21402EA304FF6FD7327F814300135E6E71667002017
S21402EA4030B585B004460D46EBF78CFCA0420FD9D4
S21402EA50084B33F814204FF6FD739A4208D86946DD
S21402EA6020460BF05DFE29460DF10500FFF750FF2C
S21402EA7005B030BD1667002030B585B00446EBF70A
S21402EA8071FCA04219D92046FFF75AF80546B0B9DC
S21402EA90694620460BF008FE9DF800302BB1694609
S21402EAA020468DF800500BF01DFE4FF6FF72002038
S21402EAB0044B23F8142005B030BD2820FBE740F6AF
S21402EAC00440F8E7166700202DE9F0410B7805466A
S21402EAD00E461BB9BDE8F041FFF7CEBFEBF742FC8E
S21402EAE0A84231D92846FFF72BF878BB374617F8E5
S21402EAF0058B4FF6FF713846FFF70AFF0446384685
S21402EB0000F01EFAB0FA80F04009B8F1000F15D0F6
S21402EB10B8F1030F15D04FF6FF724FF6FD7394420D
S21402EB2008BF1C460B4B314623F815400A4B585576
S21402EB3028460BF0D7FD0020BDE8F0814FF6FF74A3
S21402EB40F0E74FF6FE74EDE72820F5E740F60440BE
S21402EB50F2E700BF16670020866E00202DE9FF410F
S21402EB600D4604464FF6FE780F4F0E0AEBF7FAFBF9
S21402EB70A04204D8FF24204604B0BDE8F08137F84E
S21402EB80143043450CD1694620460BF08DFD9DF8A6
S21402EB900520EBB29A4203D19DF80630B342EAD082
S21402EBA00134E4B2E2E700BF166700202DE9F04F19
S21402EBB00C461746984600254FF6FD7B87B09DF813
S21402EBC040A0DFF85C900190EBF7CCFBEEB2B042CF
S21402EBD001D8FF2616E039F816205A451ED83046C8
S21402EBE002A90BF061FD3FB99DF80920424515D1F7
S21402EBF09DF80C20524511D144B939F81620019BD4
S21402EC009A420BD1304607B0BDE8F08F0822204664
S21402EC100DF10D01EEF752FF0028F3D00135D3E7D0
S21402EC201667002010B514460BF03EFD2046BDE8E0
S21402EC30104008220149EEF747BC00BF436F002090
S21402EC402DE9FF47074615460846082224491E4670
S21402EC50EEF734FF044600283FD14FF6FF7ADFF87E
S21402EC608490EBF77FFB5FFA84F880450BD385B37D
S21402EC70384606F078FB01250C9B1870012035708B
S21402EC8004B0BDE8F08739F8183053451FD06946FE
S21402EC9040460BF009FD7A789DF801309A4216D16B
S21402ECA07A88BDF802309A4211D13A799DF804303A
S21402ECB09A420CD108220DF10501781DEEF7FEFEF0
S21402ECC028B9002DD7D1404606F068FBD3E70134B9
S21402ECD0C7E7FF2006F062FBCEE70020D0E700BFC2
S21402ECE0436F002016670020F0B50025154E164F1C
S21402ECF085B0EBF737FBECB2A04201D805B0F0BD09
S21402ED00694620460BF0D0FC9DF80030032B06D94E
S21402ED100023694620468DF800300BF0E3FC9DF890
S21402ED20002062B14FF6FD734FF6FE71032A08BF4C
S21402ED300B4626F81430002301353B55D9E74FF62B
S21402ED40FF73F6E716670020866E0020F8B50E46BB
S21402ED5004464FF6FF770C4B0C4D1B7803EB430330
S21402ED6005EB8305A54202D800242046F8BD238879
S21402ED70BB4206D008223146A01CEEF79FFE0028B2
S21402ED80F3D00C34EEE700BFDE7800205666002093
S21402ED90044BFF211A78044802EB42029200EEF777
S21402EDA041BB00BFDE78002056660020F8B5044658
S21402EDB00C4B0D461B781046A3420DD90C27022198
S21402EDC017FB04117C43084E08223144EEF77CFB05
S21402EDD0335B00202B80F8BD0023136053604FF690
S21402EDE0FF73F6E7DE7800205666002038B5044644
S21402EDF04FF6FD75FFF704FE0022084B1878084B05
S21402EE00D1B2884200D838BD33F80C1C0132A14278
S21402EE1008BF23F80C5C0C33F2E700BFDE78002054
S21402EE206266002070B505460E460846FFF7DEFF0E
S21402EE3031462846FFF76CFD29460648FFF786FF4F
S21402EE4000B970BD044624F80C6B0BF007FC29468B
S21402EE502046F3E75666002010B5082286B02349FE
S21402EE600446EEF72BFE20B906B0BDE810400AF0C5
S21402EE7086BA082220461E49EEF720FE20B91D4B10
S21402EE80B3F8680006B010BD0023012221464FF6F3
S21402EE90FF700093FFF78AFEFF2806D0164B33F862
S21402EEA010004FF6FB739842ECD903A8FEF7CCFE8F
S21402EEB058B9BDF80C305B0607D5082221460DF17D
S21402EEC00E00EEF7FBFD0028DCD021460B48FFF7CC
S21402EED03DFF40B14FF6FB724FF6FF73008890423B
S21402EEE088BF1846CEE74FF6FF70CBE7436F002089
S21402EEF0966200202C6200201667002056660020CC
S21402EF0070B5002204464FF6FB7608460A4B1D787B
S21402EF100A4BD1B28D4201D8002009E01988B142CD
S21402EF2007D8A14205D10822991CEEF7CDFA012096
S21402EF3070BD0C330132ECE7DE7800205666002006
S21402EF4037B5014605460E48FFF700FF044640B1B6
S21402EF50807A29460BF008FC80F00100C0B203B0AC
S21402EF6030BD03460090012229464FF6FF70FFF798
S21402EF701DFEFF2816BF034B2046185CE9E700BFBC
S21402EF8056660020866E00202DE9F341224B044689
S21402EF901B780F468342154638D9FEF7EBFDB8BB01
S21402EFA04FF6FD739D421D4E0ED004EB440326F829
S21402EFB023504FF6FF739D421FD12046FEF7F2FD07
S21402EFC0002002B0BDE8F0810DF1060138460AF0D5
S21402EFD0C9F94FF6FF72BDF806303846934218BF9D
S21402EFE01D460C236343F55206EB0308FFF7A8FF02
S21402EFF0B0FA80F0400988F80A000C2303FB04608C
S21402F000082239460230EEF75FFAD9E72820D8E719
S21402F01040F60540D5E700BFDE78002056660020A1
S21402F02038B504460D46FFF7BBFC21460448FFF7F9
S21402F0308DFE00B938BD857221460C30F7E700BF59
S21402F040566600200023074A1370074A1370074AC1
S21402F050118801B11380064B1A880AB100221A8061
S21402F060704700BF7C6F00207B6F00205068002036
S21402F0704E6800202DE9F04F3C4C1D46238887B091
S21402F0800746884610469DF840605BB952B10BF0C1
S21402F09003FE20804FF4FA61354807B0BDE8F04F12
S21402F0A00DF0F4BDDFF8D890B9F80040002C49D036
S21402F0B020460DF01BFDC0F3470620460DF0FAFC75
S21402F0C0DFF8C0A00296BAF80030DFF8BCB00193B1
S21402F0D0BBF800300446009300222B460120254947
S21402F0E00BF059FEADF81600E8B1012504EB460612
S21402F0F0B4420DD1BDB9BDF81630A3B12A46414679
S21402F100384600F06FF9ABF80050AAF800500AE053
S21402F110012321461A460DF11600F6F709FB0234C2
S21402F12005460028E4D00023134AA9F800301378D5
S21402F130013BDBB21370002BACD107B0BDE8F04F39
S21402F140FFF780BF0D4C237823B90DF0DDFE08B91A
S21402F15001232370324629460520F7F70DFA0028C8
S21402F160EBD1207007B0BDE8F08F00BF50680020DA
S21402F170D8770020EA7904007C6F00207B6F00209D
S21402F1804E680020EA670020EC67002030B5154D77
S21402F19087B02C889CB923464FF4A07248F23801F7
S21402F1A003A80BF0BDFB21462046FAF7E3FA2246F7
S21402F1B00D4B009403A9FFF75DFF07B030BD204654
S21402F1C009F04CFF04300EF094F803A90446288890
S21402F1D00BF048FF0023009320462A8803A900F07C
S21402F1E0AFFAEAE75068002000F8FF0737B50020BC
S21402F1F001A9FAF7BFFA0D4C014623780C4D7BB1F4
S21402F2000C4B019A1878FAF7CBFA2078F8F74CFCF0
S21402F210002323702B700848F6F736FB03B030BD88
S21402F2202B78002BF7D0FFF7B1FFF4E77E6F0020B4
S21402F2307C6F00207D6F0020D877002008B5054837
S21402F240F6F732F80448F6F72FF8BDE80840034808
S21402F250F6F72AB8506800204E6800204C68002056
S21402F2602DE9F04F89B089460446CDE905239DF87D
S21402F2704870139E30B316F801ABBAF1000F23D0D4
S21402F2800AF1FF34A400E4B23146012008F0F3FC90
S21402F290C00E1BD1DFF838B13146012008F0EBFC76
S21402F2A09BF8005034442279BDB1002F47D1802309
S21402F2B04846CDE90277CDE900773E4A059900F047
S21402F2C091F83CE08246DFE75446DDE71B28ECD99E
S21402F2D03146012008F0CFFCE7E7DFF8F880FF2A86
S21402F2E000EA08080BD14246E379A179607901EB7E
S21402F2F0032189B209B0BDE8F04FFAF751BA2E4998
S21402F30009688B070AD5FE2A35D101230135EDB2ED
S21402F310202D4FEA43030AD1FF250AE02946284654
S21402F3200792FAF727FA4845BFD1079AEBE79845BE
S21402F330ECD1224B1B78FF2B04D0AB4204D009B091
S21402F340BDE8F08FFF2DFAD029460020F4F7B2FF71
S21402F3500028F4D09BF800306479002BEFD1FFF739
S21402F36071FE17484FF410510DF090FC154B8BF8B8
S21402F37000501C70E3E7052A97D8BAF1010F94D81B
S21402F380B8F1000F91D0002FD9D17379002BD6D0C7
S21402F3900D49098821B9082B28BF08230B490B7091
S21402F3A0434648461292DDE9051209B0BDE8F04F21
S21402F3B0FFF760BEEA790400AC54002018790020FA
S21402F3C0D87700207D6F0020506800207C6F0020D8
S21402F3D07E6F002000F8FF07014B1880FFF7D6BEAD
S21402F3E04E6800200CB42DE9F04F8BB014AA0E46DE
S21402F3F052F8041B07460992002940F08F80BDF898
S21402F4005400ADF82200002800F0A18033794FF6B0
S21402F410F778002B40F0868047458CBF4FF00908EE
S21402F4204FF008084C4B1C78FF2C40F08380B6F94E
S21402F4300230002BA9BF494B347A1C780134A2BF94
S21402F440E4B21C7044F08004DFF81CB122460021AE
S21402F45001F0A2FC9BF80030BDF82200002B6CD015
S21402F460DFF808A14FF00009BAF8003007930DF054
S21402F4703DFB0546BDF822000DF01CFBEBB2CDE9C4
S21402F4800193FF23CDE9030900932246334639460A
S21402F4900798FCF7B5FB4FF6FF7305468BF800900E
S21402F4A0AAF80030382D33D13246394640460DF19F
S21402F4B0220308F0A0FB00284BD04FF6F7739F42BA
S21402F4C026D8B6F902307088002B21DA48F20402F8
S21402F4D02349244B4FF00008904214BF89469946B0
S21402F4E009F04DFF494603468A220120CDF80080E6
S21402F4F00BF051FC814658B12246414601F04CFCC5
S21402F500FF23324639464046CDE90098FCF7DAF941
S21402F51028460BB0BDE8F04F02B0704701200BF052
S21402F52017FC6EE7002347458CBF4FF00608984647
S21402F530337177E7FF221A7086E7CDE90003324679
S21402F540FF2339464046FCF7BDF90546AAE71925CA
S21402F550DEE70546DCE700BF1A790020806F002050
S21402F560FB790400F07904007F6F002052680020C7
S21402F57070B54FF4003300240546164688B0ADF841
S21402F5801A100DF10F0204A90593ADF81840ADF854
S21402F5901C4004948DF80F4008F00CFB9DF80F30C9
S21402F5A028460193049B044A009305A93346FFF7B5
S21402F5B019FF08B070BD00BFF479040030B54FF4EF
S21402F5C08035002487B00395BDF82850CDE9001297
S21402F5D08DF81030074A034603A9BDF82C008DF8B3
S21402F5E01140ADF81250ADF81440FFF7FBFE07B01D
S21402F5F030BD00BF007A0400B1F1006F2DE9F04380
S21402F60014462CBF392238228BB01D464FF0000319
S21402F610ADF81E204FF480022CBF4FF00109994628
S21402F620FF2C0646ADF81C300892ADF824304FEA9F
S21402F63011471FFA81F80FD10AF0B2F9B9F1000F9B
S21402F64019D1154ACDE9020543463046CDE9007484
S21402F65007A9FFF7C7FE1AE0FE2C0AD10AF0A0F9A6
S21402F6600130C0B20AF0A7F9B9F1000F12D00B4A66
S21402F67002E0E8B2F8E70A4ACDE90305012330467C
S21402F680CDE90174CDF8008007A9FFF7ABFE0BB0F9
S21402F690BDE8F083034AD5E7F8790400FE79040052
S21402F6A0F7790400FF7904004FF498124FF0806354
S21402F6B010B586B0CDE903230023ADF8143009F067
S21402F6C05EFE0446F8F796FA054B01900093054A4B
S21402F6D0234603A94FF6FD70FFF784FE06B010BD61
S21402F6E0436F0020047A040008B5064B1B78022BF1
S21402F6F002D0043B012B03D8FFF7D6FF002008BD3B
S21402F7000220FCE7C06E002030B500244FF480656E
S21402F71087B0CDE900128DF81030084A034603A9D7
S21402F7204FF6FD708DF811400394ADF81250ADF807
S21402F7301440FFF757FE07B030BD00BF087A04003A
S21402F7402DE9F04F99B00E4605460CA91046CDE9B4
S21402F7500A329DF888700BF042F8BDF83090804669
S21402F76048460DF0C3F9B6F902300446002BB6F847
S21402F77006A0B6F802B004DA00228D4B1A700020FA
S21402F78049E048460DF0B2F94045F5D3A4EB08042B
S21402F790E3B2002F18BF4FF4A07A152B099328BFA7
S21402F7A015230024013308F1FF324946DBB292B238
S21402F7B0009412A80DF096FE6FEA4B436FEA53438D
S21402F7C07C499DF8482008684968ADF83E300DAB84
S21402F7D003C3ADF84040ADF83C40ADF842A0ADF8EA
S21402F7E04420BBF1000F24D10DF14900F6F7C4FC0A
S21402F7F0A0B109F0C4FD5C4680460DF151060DF13C
S21402F80049030A9A96F80090012A2CD14FB384F045
S21402F810010404F0010019B0BDE8F08F0DF14900B3
S21402F8200BF0ECF84FF6FF74011B4C4280464C413D
S21402F830E3E7BBF1010F57D1BDF8498009F09FFD00
S21402F84080450AD040460DA90BF0DBF880F0010493
S21402F850E4B20DF14B060DABD3E7574B0DF14B0659
S21402F860CFE70A9CD5E75FB344BBB9F1010F25D8B1
S21402F87030D109F084FD09F082FD22468046717877
S21402F8804D4B029100210120CDE900814B490BF03E
S21402F89082FAADF8320088B124BBB9F1010F0CBF71
S21402F8A00D210C210DF132000BF0DDF9024628B9CC
S21402F8B02846BDF832300FA9FFF794FD0120AAE7CB
S21402F8C0B9F1010F04D1002CD3D081227178D8E788
S21402F8D0002CFAD1B9F1010F94BF002201227178EF
S21402F8E0D201CEE70C21DDE70A9B002B7FF447AF5F
S21402F8F07388342B4BD1099B092B7FF440AF002F22
S21402F9007FF43DAF9DF951603A46B41008210DF1DF
S21402F910490004F0200409F0C0FCA0B1284B1B7873
S21402F920012B3FF42CAF274A274BB2F868201B68FE
S21402F930AA421DD0DA001BD5C8232846234A0FA99F
S21402F940FFF750FD1BE70DF14900F6F715FC0028FE
S21402F950E4D10DF149000BF051F84FF6FF739842CF
S21402F960EAD02146F9F778FE03460028E4D1E4E718
S21402F9705B0201D5002E08DA00232846134A0FA997
S21402F980FFF730FD124B1C70F9E68D23D5E7099B75
S21402F990CDE905A204930DF14903CDE90283314670
S21402F9A02846CDE900790B9B0FAA00F03DF8E6E663
S21402F9B0746F0020A6010400436F00200C7A040036
S21402F9C0C16E00202C620020AC540020E42E0400FD
S21402F9D019790020024B187840F08000704700BF6B
S21402F9E0806F0020014B1880002070478A78002024
S21402F9F04FF6FF71034602881B798A4217BF0749F2
S21402FA0001200A8041881EBF054A00201180FF2B74
S21402FA101EBF044A00201370704700BF867800207D
S21402FA2084780020816F00202DE9F04FA1B099461E
S21402FA30BDF8AC302D9F0D939DF8B03004460E9362
S21402FA40BDF8BC3038460F939DF8C0304E888846C5
S21402FA5015469DF8A8B010930DF04BFC112E824669
S21402FA6071D809F08CFC504576D0062E10D14FF690
S21402FA70FD72924526D0BBF1000F10D100228023E2
S21402FA80CDE900A229462046BC4AFFF7ABFC06E0B9
S21402FA90BBF1000F03D1032E07D8012E09D800228E
S21402FAA0B74B1A7021B0BDE8F08F043E022EF6D88E
S21402FAB0E4E7802329462046B24ACDF800A0FFF7A5
S21402FAC091FCECE7B04B1B785E074CD409F057FC70
S21402FAD00026034632460120A84900960BF05BF941
S21402FAE03B79ADF866000F930028DBD0DDE90E32D5
S21402FAF00D9803EB42090CF0F9FF5FFA89F909F158
S21402FB0005085FFA88F88045CCD241460D9801F088
S21402FB102FF9109008EB40080D980CF0E7FF80458F
S21402FB20C0DADDE90F321343DBB2002B40F0348239
S21402FB30BBF1000FB6D1D84642460421BDF8660096
S21402FB4001F02AF974E1904A3A2E127812D948F254
S21402FB503B039E4207D013E08B4A127850070BD520
S21402FB60321F022A08D8B8F8063043F48043A8F8B1
S21402FB70063097E71B2E1DD8B21E91B213295FD905
S21402FB80109B494602930F9B3046CDE900B30E9A6E
S21402FB90234608F016F80F2884D10122784B1A70F3
S21402FBA0794B1B789B0740F12783BBF1000F7FF44C
S21402FBB079AFD8E7A6F11C011E29E1D801A050F8BA
S21402FBC021F000BF0F02030081FB020081FB02004E
S21402FBD0A5FA020081FB0200FDFF0200FDFF020003
S21402FBE081FB020081FB020081FB020081FB020016
S21402FBF081FB020081FB020081FB020081FB020006
S21402FC0081FB020081FB020081FB020081FB0200F5
S21402FC1081FB020081FB02002F0003002F0003007D
S21402FC20E101030081FB020081FB020003020300E4
S21402FC3081FB02005F0203007502030083020300D9
S21402FC40132A9DD801A151F822F000BF9DFC0200A4
S21402FC502DFD02004BFD020063FE0200CDFA0200FB
S21402FC6081FB020081FB020081FB020081FB020095
S21402FC7081FB020081FB020081FB020081FB020085
S21402FC8081FB020081FB020081FB020081FB020075
S21402FC90A7FF020081FB02003B02030000231A9327
S21402FCA08DF866300DF1660322460E99484600939B
S21402FCB01AAB07F080FF09F062FB0646EAF75EFB26
S21402FCC0162894BF4FF002094FF02209F7F792FF69
S21402FCD02E4B0746B3F800A0FBF7EAFD2C4B8046F6
S21402FCE04FF6FF70B3F800B00AF040FE294B9DF8BD
S21402FCF066201988244B1B7813F002031CBF264B80
S21402FD001B780B921A9ACDE90701CDE909324023F6
S21402FD102946CDE9019320460023CDE9058BCDE99E
S21402FD20037A1E4A0096FFF75DFBBBE609F027FB47
S21402FD301B4B1C4A1B88CDE92A0300232946204672
S21402FD4021B0BDE8F04FFFF74DBBBE781AA9731E6F
S21402FD50DBB2EF2B304627D9F22E25D006F05DFA1D
S21402FD60822609F00CFB00232946CDE90003034A4C
S21402FD7033462046FFF736FB94E600BFF0790400D0
S21402FD80746F0020FB790400816E00208A780020C0
S21402FD908678002084780020816F0020127A040082
S21402FDA0887800201F7A040006F037FA002856D01A
S21402FDB009F0E5FA9DF86C209DF86E100492BDF8E5
S21402FDC06A2049000392BDF86820C9B2CDE90162F3
S21402FDD09DF86D2003465200D2B208320A440092C1
S21402FDE001200022C6490AF0D6FF9DF86D30ADF814
S21402FDF066008DF8633000283FF454AE4FF00008DA
S21402FE0001230DF163011A460DF16600F5F790FC29
S21402FE10074600287FF446AE9DF86330FAB2934256
S21402FE200CD89DF86E308DF86330B8F1000F02D012
S21402FE30BDF8663036E04FF00108E1E7414630464D
S21402FE4006F0EDF90123ADF86400022219A90DF1BE
S21402FE506600F5F76DFC01370028DDD022E6832622
S21402FE607FE709F08CFA064606F0F8F9334600906A
S21402FE7000220120A3490AF08EFF00283FF412AEAA
S21402FE8000273E46ADF8680006F0E8F95FFA87F804
S21402FE9040450DD832460421BDF8680000F07CFFCC
S21402FEA0BDF86830002229462046FFF79BFAF9E59E
S21402FEB0404606F0B0F9FF288DF866000BD0012305
S21402FEC001361A460DF166011AA8F6B2F5F730FCAD
S21402FED000287FF4E7AD0137D6E75046B7F8029020
S21402FEE006F099F9FF288DF8640000F0E2811AA95D
S21402FEF006F093F9BDF868304B4507D04FF6FF720F
S21402FF00914540F0D681190400F1D3819DF86D30F9
S21402FF1012930E9B0533DBB213930F9B14930023AD
S21402FF204FF0000911934B4613E017934900139BB9
S21402FF30C9B219440D9889B20AF0D0FE4FF0000AF1
S21402FF40179B159012995FFA8AF28A4216D309F124
S21402FF500109149A5FFA89F19142E6D39DF86E2060
S21402FF601292169A1392002B40F09581119B002B49
S21402FF7040F09F81109B14930123D1E711999DF8BD
S21402FF806400179306F04BF9159A179B0AF1010ABB
S21402FF90824208BF0123D5E709F106095FFA89F311
S21402FFA0B046169386E1BD1C29465046BC7A07F039
S21402FFB08BF901222946504609F087FE50460AF080
S21402FFC0E9FC28460AF01AFD3A88824207D04FF624
S21402FFD0FF72904203D00DF07AFA0AF0FBFC84F02E
S21402FFE00804C4F3C00421462846FFF719F8214640
S21402FFF0284621B0BDE8F04F07F00CBEBBF1000F5B
S2140300007FF450AD12073FF5AEAD33463A46294668
S214030010204601F08FF900287FF444AD8423294657
S2140300202046394A21B0BDE8F04FFFF7DBB90F98F9
S21403003097F800800AF056FA00210746204601F09A
S214030040E3FC312EA7EB0007FFB240F0D5804FF05C
S214030050000A012053465246CDE9008A2B490AF08E
S2140300609AFEADF8660000283FF41CAD16225146F2
S2140300701AA8EDF7D7F91AA809F00AFC4FF0FF33D0
S214030080DFF894B0CDE91C339BF80090B9F1000F6C
S21403009002D14FF0010A55E01D4E33796F2B02D97A
S2140300A00026324625E050461CA9F6F73DFF0028F9
S2140300B0F6D0184BB6F80090B3F86830B9F1000FD5
S2140300C02CD1003B18BF01235B0143F004038DF8DA
S2140300D07A3002238DF87B3073881B0A49461EA8A4
S2140300E08DF87D300DF007F9B8F1000F65D00026C6
S2140300F001220221BDF8660000F04EFE32461CE5E2
S214030100237A0400F0790400E42E04002B7A04001A
S214030110AE6700202C620020BA6E0020B3EB090302
S21403012018BF01235B0143F005038DF87A300223E1
S2140301308DF87B300F238DF87C30CDE70AF1010A6A
S2140301405FFA8AFA0AF1FF36F6B230460DF0C5F9C1
S214030150C307F3D59BF8003019EB030F04D009F15E
S21403016001095FFA89F9E9E7584B1CA91878304466
S214030170C0B2F6F7D9FE002892D030460AF03BFC10
S214030180814630460DF0A9F9C0070FD416238DF823
S2140301907A304F4B1B780133DBB20F2B28BF0F236C
S2140301A08DF87C304B4B33F8163096E730460DF01F
S2140301B094F98107EAD41223E9E7BDF866000CF048
S2140301C095FC1630B84292DC012316221AA90DF1CB
S2140301D06600F5F7ADFA00287FF464AC012660E705
S2140301E012073FF5C0AC3B46224629460F9801F05E
S2140301F0F9F800287FF456ACBBF1000F7FF452AC3D
S2140302000CE7BBF1000F7FF44DAC802307E709F042
S214030210B6F850457FF446ACB81CF5F7ADFF00289A
S2140302203FF440AC09F0ABF8064609F0A8F82A4BB1
S2140302302A4ACDE92A03334680E538460DF059F8B5
S2140302400AF094FB00283FF42DAC2A90002329469D
S2140302502046234A21B0BDE8F04FFFF7C3B84B460C
S2140302602A4621460020CDE92AB721B0BDE8F04F43
S214030270FEF7F6BF4B462A4621460120CDE92AB7AC
S214030280F3E75B464A46294620462A9721B0BDE84F
S214030290F04F07F0C4BC012319A91A460DF16600F6
S2140302A0F5F746FA00287FF4FDAB08F101085FFA7C
S2140302B088F8013605F0D2FF5FFA86FA50453FF616
S2140302C00CAEB8F1000F3FF433AC35E4E47800200D
S2140302D0696F0020E0670020436F0020307A040037
S2140302E0FB790400F8B5164B04461D88154B20F819
S2140302F0025B196879B10822EDF7E6F8124B0C2079
S2140303001B78124EA372124B19780023DAB291426D
S21403031005D8FF2209E0C4F802104160EEE7013376
S21403032000FB03F7F75BAF42F0D10A4BE2721B7890
S2140303302373094B1B786373084B1B682361F8BD53
S2140303406068002048630020826F00204A66002011
S214030350DE780020666F0020656F0020346300207F
S214030360F0B589B006460C4615460AF06AFE0DF14E
S2140303700A02014630460AF01BFD144F0346F0B945
S21403038001223A702288BDF80A102AB1024600906C
S214030390072004F027FF90B103A8FFF7A3FFBDF8DB
S2140303A00A000CF0A3FB0646BDF80A000CF082FB1D
S2140303B021460090F3B2284603AA06F0AFFF0023B7
S2140303C0034A3B70136009B0F0BD00BF836F002083
S2140303D048630020142230B58BB005460DEB0201AE
S2140303E01548DEF767FC10BBBDF81430DA0720D4D7
S2140303F013F0060FC3F3410208BFC3F341220F4BAA
S2140304000DF116019C5C68462246EDF79BF9BDF894
S214030410263004F128026A4402F8283C02341B0AF8
S21403042002F8273C69462A46E0B209F03FFE0BB0C5
S21403043030BD2320FBE700BF703214E057C704002B
S21403044010B58AB0ADF826200022CDE90522049225
S2140304500CAA02924FF6FF720446AC2101200192C9
S214030460064A039004FB0122603200924CF62001F8
S2140304700DF126020AF0CEFA0AB010BD2C62002057
S21403048010B54FF6FF741E4A8AB0B2F86800B2F889
S2140304905E10A042ADF82600B2F85C304FF6FD7051
S2140304A0ADF8241018D081424FF0000094BF48F6F0
S2140304B060014CF66001CDE90500CDE90300CDE906
S2140304C0010094BF09AA603200920DF126020420AF
S2140304D00AF0A0FA0AB010BD81424FF000008CBFAC
S2140304E0603209AA00928CBF4CF6604148F6604120
S2140304F0CDE90500CDE90300CDE90100014AE6E7B1
S2140305002C6200209662002000B50E4B0022B3F842
S2140305105E308BB0ADF824304FF6FF73CDE905227D
S214030520CDE90322CDE9012209AA00924FF4006126
S2140305300DF126020720ADF826300AF06BFA0BB051
S2140305405DF804FB2C620020202A10B5144614D84C
S214030550012A04D10C88B4F5004418BF01246200B4
S21403056030B10748ECF7B0FF064B00201C7010BDF7
S2140305700548ECF7A9FF054BF7E72120F7E700BF8F
S21403058062680020846F0020A2680020856F002028
S2140305902DE9F047104617460CF0ABFEDFF814A122
S2140305A0DFF814919AF8003099F8002005461343B3
S2140305B002D10020BDE8F08710F4406800F0400642
S2140305C019D186BBB0F5804F5CD24FF480740023FC
S2140305D09AF80000344AD9B288425DD8002399F8C5
S2140305E00000324AD9B28842E3D932F8021B0133FB
S2140305F0A142F7D155E0F81C0CF07BFE4FF6FF73D3
S214030600984214BF0124022486B1052605F440430C
S214030610B3F5004F44F0080424D0B5F5804F23D239
S21403062044F4807420E044460326EFE7B5F5804F94
S2140306304FF00506F4D3B8F5406F14BF0220082028
S214030640304438440CF055FE194B05F44045B3F8D6
S2140306505C3083420CBF44F0080444F00404B5F550
S214030660004F01D144F08004B8F5006F0ED1B819DD
S2140306700CF03FFE0E4BB3F85E308342A7D144F036
S2140306801004A4E7444603260220D9E7B8F5406FD2
S21403069008BF44F020049AE732F8021B0133A14254
S2140306A099D1012086E700BFA26800206268002077
S2140306B02C620020856F0020846F00202DE9F04F08
S2140306C0104685B0164698460CF013FE5D4F00F0B4
S2140306D00803B7F85C10044600F00709F01C029301
S2140306E00391B7F85EB00CF004FE06F1050A054662
S2140306F050460CF0FEFD03464FF6FF70854218D0B9
S2140307000399A1EB050CDCF1000545EB0C056D0028
S2140307104FF6FF718B420ED145F004050CF0F4FB47
S214030720029B6BB1B9F1000F11D0422005B0BDE8B2
S214030730F08F0125ECE79B4508BF45F00805EDE77C
S214030740B9F1030FF1D8DFE809F0021B795D0CF06D
S214030750DBFB08B9A807E8D524F00804A4B2B4F56F
S214030760004F05D0B4F5624F02D0B4F5404FDCD14C
S2140307700025294697F8A820002008F04DFC3CE009
S214030780D7F88030E3B9002132460846FFF700FF6A
S214030790D8B948F6410224F038039BB29342C4D139
S2140307A00A2D49D0062DC0D197F87730023B012B8E
S2140307B0BBD8F3F745FD0028B7D140F6040505E09E
S2140307C04146304698470028DDD00825E20648BF54
S2140307D045F08005A30648BF45F4805505F00C0395
S2140307E0042BC6D1F01D0CF084FD97F8A8303246D2
S2140307F0009341462B4608F0E4FB08B30E9B188093
S214030800002093E7A90705D14FF6FF73B7F85C20DE
S2140308109A428AD104F44063B3F5006F0AD0B3F565
S214030820406F82D1082250460749EDF747F9002862
S2140308307FF47BAF0C25C9E70425C7E7432075E79C
S214030840192073E72C6200208C620020034B1A7871
S2140308501AB1FF2A04BF00221A707047876F002060
S21403086070B5084C084E2378F55C1DB13E21074849
S2140308700CF061FCFF2223782846F25400232370F1
S21403088070BD00BF866F0020876F0020347A040097
S214030890034B044A1B78D05CFF3818BF012070470F
S2140308A0866F0020876F00200023074A07491360DE
S2140308B0074A1360074A1360074A11600121074A73
S2140308C01170074A13607047586300209FAB0300FC
S2140308D05463002050630020F87700201B79002023
S2140308E0606300200E2A70B50C4606461546194668
S2140308F003D9FFF7D9FF502070BD012807D1002088
S214030900F3F7B8FCB0B1FFF7CFFF2120F4E780225E
S2140309100021224B1A70224B1960224B1B684BB1E5
S21403092034200CF03BF9204B188018B9FFF7BCFFB6
S2140309300120E1E724F0FF6323F4FF231BB1FFF755
S214030940B3FF4F20D8E774B92046F3F7ADFC012474
S214030950032510F0800F43B21BBF00F01F039C401B
S2140309609C4044F078440020104B24F078441E70DA
S2140309700F4B10491D70104B1C60104B1870104B1A
S2140309801A68F4F71FF818B1FFF78EFF0420B3E7D1
S2140309909DF810200B4B1A70AEE700BF886F00203F
S2140309A05C63002050630020E26800208D6F002007
S2140309B08B6F0020A90C0300606300208C6F00205F
S2140309C058630020896F00207FB5244B00251A78D2
S2140309D001232348234903FA02F200781A440A60E3
S2140309E0ADF80E5020B3984236D11F4C1F4B2078DB
S2140309F01B680DF10E0198471D4EBDF80E20307092
S214030A0092B11C4B29460093284602230195F4F71E
S214030A1013F83278237822B1012A12BF1B2301333D
S214030A20DBB2237004B070BD013818BF0120F0E7B5
S214030A3078235A43013A0A6008220F490BF0F4FF61
S214030A400B49094A0978137821B1012912BF1B23E0
S214030A500133DBB21370E5E71846E3E78B6F00203C
S214030A608D6F0020646300208C6F0020F8770020D1
S214030A701B790020E50C030095CE0300024B186893
S214030A80003818BF012070475063002037B505466D
S214030A901C460CF039FA68B974B1084B1A60084B57
S214030AA00A461C600123294600930323FFF71AFF17
S214030AB003B030BD4D20FBE72520F9E74C6300204B
S214030AC05463002013B504460CF01EFA58B962B1FD
S214030AD0074B1A6001230A46009321460323FFF7B8
S214030AE001FF02B010BD4D20FBE72520F9E700BF4C
S214030AF0506300202DE9F0410446DDE906861D46D5
S214030B009DF820700CF000FA88B99EB1A2B10B4B89
S214030B1001201A600A4B0A46C3F80080094B214697
S214030B201E602B460697BDE8F041FFF7DBBE4D205F
S214030B30BDE8F0812520FBE72120F9E7F8770020C0
S214030B4058630020546300200148F4F7ADBB00BF90
S214030B50E26800202DE9F0410020F3F7A1FE114BD7
S214030B60114C1E68114B20881D68114B114FD3F88A
S214030B70008010B13978F4F771FD00203870FFF764
S214030B8093FEF4F7ABF90EB14046B0473DB120886B
S214030B90A84700232380BDE8F0410CF047BBBDE81F
S214030BA0F08100BF54630020E268002050630020F9
S214030BB0606300208E6F0020F8B52F48F4F764FEBC
S214030BC02E4B187830BBF3F76FFB2D4F06463B686A
S214030BD003B32C4B2C4D1C6824B195F900301A46F0
S214030BE01946A047294B1B6883B1294C2378312B20
S214030BF00CD8284B18880BF05DFF23785A1C2270FC
S214030C002A78C25423785A1C2270C65480232B7029
S214030C1000233B60204C23781A2B22D81F4A1278D5
S214030C20012A09D100211E4A156825FA03F0C007D8
S214030C30DAB20ED501B122700020F3F735FB217826
S214030C40884212D10022174B1A70FFF7BDFE40B937
S214030C50F8BD0133D8B21A284FF00101E5D90A448A
S214030C602270BDE8F840FFF775BF0020F3F72EFBB0
S214030C700028E7D0F5E700BFFC7700208D6F002043
S214030C805C6300204C630020886F002050630020C4
S214030C908E6F0020E26800208C6F00201B790020F6
S214030CA0606300208A6F002008B50B4B187880B964
S214030CB00221F3F7CDFA094B1B782BB100214FF62F
S214030CC0FF720846F3F7A6FABDE808400448FFF7A4
S214030CD073BF00210846ECE78D6F0020896F002064
S214030CE0FC77002038B5144B0C461D78012D21D116
S214030CF081B90846F3F7D8FA104A05FA00F01368E4
S214030D000F4923EA0003136020462A46BDE838400D
S214030D100BF08ABE0B4A13780133DBB2022B137037
S214030D2004D9BDE838400848FFF746BFFFF74CFE36
S214030D300028F6D138BD00BF8D6F00206063002009
S214030D4095CE03008A6F0020FC77002038B50C464A
S214030D5005460BF0CBFEA04203D82D2103480CF02A
S214030D60EAF928460BF0A6FE204438BD487A04006C
S214030D7070B506460D460BF09DFE044648B1304658
S214030D800BF0B4FEA84203D8352102480CF0D3F981
S214030D90605D70BD487A040070B50C46064615467D
S214030DA00BF0A4FEA04203D83E2104480CF0C3F97E
S214030DB030460BF07FFE00B1055570BD487A04003F
S214030DC02DE9F0438FB007460C4615461E469DF8A0
S214030DD05880F8F755F920B1F4F796FE08B144F4B5
S214030DE000544D4B1B7813B924F40074A4B22005A9
S214030DF009D546B9284604A9F5F750F9002846D080
S214030E0024F40064A4B2ADF81840ADF81A5008F004
S214030E10B6FA424BADF81C00B8F1000F02D01A78B0
S214030E20424501D293F800803D4AE105137848BF56
S214030E300DF1210103F10103DBB2137058BF08A9BA
S214030E4022058DF81E808DF81F3006D533680831CD
S214030E5041F8083C736841F8043CE30407D5314A7B
S214030E600831136841F8083C536841F8043C0DF117
S214030E701808A1EB08005FFA80F9002148460BF03A
S214030E808DFE064628B900200FB0BDE8F08304AEF9
S214030E90B9E70BF00FFE41464A46ECF753FC3046E3
S214030EA00BF024FE804630460BF004FE0023024679
S214030EB000934FF6FF7004235FFA88F108F081F879
S214030EC0ADF80E000028DED040F201131C421AD102
S214030ED04FF6F7739D4216D80BF008FE0DF10E0180
S214030EE00446284600F090FDBDF80E000BF0FEFD0C
S214030EF0E4B2A04207D9BDF80E0008F0AFF8437875
S214030F0043F004034370BDF80E003A4601210BF08C
S214030F101DFEBDF80E00B7E7BC6E0020D878002093
S214030F20BE6E0020436F0020F0B50829D58889B02F
S214030F3028D00C2926D0AE0424D405F040030B4356
S214030F40424C267816B105F0200423432FB2002F17
S214030F50B8BF43F08003032920D11223AC068DF8D3
S214030F600430937A10D48DF805300DF1060401A9E8
S214030F70621A012392B2F4F7DBFBB0FA80F0400961
S214030F8009B0F0BD0B46DBE732228DF805308DF84D
S214030F900420002EE9D00DF11304E8E70C298DF8A0
S214030FA004300ABF138953798DF80530548805BF7A
S214030FB01B0A8DF806308DF805300DF1070318BFB0
S214030FC00DF106031C70240A5C70148802399C70A9
S214030FD0240ADC70147901291C7111D8917A002F28
S214030FE0597131DA022112899971DA71120A03F101
S214030FF009041A72002EBAD0AB06B8D50534B6E784
S214031000A9071AD4002F0CDA117A51B1917A5971C3
S2140310101189127A03F1080492B102229A71D971E6
S214031020E8E70B4C217801F1010C84F800C09172BB
S2140310309C1D002F5971DDDAEAE7917A9C1DF8E7CB
S2140310400122090A9A71EAE79C1DD3E7BC6E0020C9
S214031050BD6E0020014B1880704700BFE468002077
S214031060014B1888704700BFE46800202DE9F84359
S21403107007460CF059F805461B480CF0CCF91B4BF9
S21403108060B31C683C1B2C44A4B20022184BDFF848
S21403109068901B78174D03EB830399F8006005EB04
S2140310A043055FFA82F846450AD9AB8805F10A007C
S2140310B0A34216D90A23B21A29465A43ECF704FA6E
S2140310C0013689F80060AC80B8F1000F03D13946C9
S2140310D005480BF0DBFD2846BDE8F8833C461D605B
S2140310E0D3E705460132DCE71C780020686300205E
S2140310F08F6F00207C670020906F00201FB5154A75
S214031100154C1378013BDBB213706168206801AAA3
S21403111003C221891180114A1278D21805D00A23F6
S21403112020465A43E118ECF7CFF99DF806301B0723
S2140311300DD0BDF80C00FFF799FF03468288ADF883
S214031140082001AA03CA1288186059601A8104B0DD
S21403115010BD00BF8F6F00207C670020906F0020BB
S214031160002108B5084B09481970094B1970094B3B
S2140311701A7802EB82025200ECF754F9BDE80840F5
S2140311800548F4F781BB00BF906F00207C67002002
S2140311908F6F0020E27800201C780020F8B500242A
S2140311A0084D094F094E3B783178E2B20B449A4218
S2140311B004F1010400DBF8BD2846F4F775F80A3598
S2140311C0F1E700BF7C670020906F00208F6F002040
S2140311D010B5064C207828B1054808F06BFC10B112
S2140311E0034B188810BDFFF789FFF3E78F6F0020C6
S2140311F07C67002008B50A4A0346107860B1094A9E
S2140312001088984209D121B99378103323F00F033D
S2140312109370FFF773FF012008BD0020FCE700BFB3
S2140312208F6F00207C6700202DE9F74F00260BF018
S2140312307BFFDFF8F890B24699F80070B3463A465B
S214031240DFF8EC801FFA80FEB8F800C0344CAEEB33
S2140312500C039BB201932378324D009303EB830375
S21403126005EB4303ACEB0E0C5FFA86FEBE4515D3C7
S214031270BAF1000F01D0009B2370BA422AD3002F85
S21403128037D00A222378C8F8000002FB0353264807
S214031290998803B0BDE8F04F0BF0F8BCB3F804E050
S2140312A001998E4512D84FF0010A009993F802E08F
S2140312B001310EF1FF3EC9B2013AA3F804B083F838
S2140312C002E00091D2B20A330136CDE7E644A3F832
S2140312D004E0F8E789F800204AB10A222378C8F820
S2140312E0000002FB0353104899880BF0CFFC2378C9
S2140312F013B903B0BDE8F08FFFF76AFF0646002870
S214031300F5D007F0DFFD0146304608F0D0FB20B1EC
S21403131000212888FFF76EFFE9E740F60241F8E769
S2140313208F6F00207C6700201C780020906F0020C1
S214031330686300202DE9F04192F808801F4608F103
S214031340FF33DBB2EF2B05460E46144688B00BD9A7
S21403135082238DF80E30314628469DF80E30204AFB
S214031360FEF740F8012037E00E22002104A8ECF730
S21403137059F8B4F809308DF81180ADF81230E37AD5
S21403138003F07F02032A08D0012B24D103238DF810
S2140313901030A389ADF815300EE0032B14BF0223DB
S2140313A001238DF81030E368CDF815302369CDF8A6
S2140313B01930237D8DF81430A7F121014A420DF12F
S2140313C00E034A41009321460DF10F0304A8FDF7CF
S2140313D037FC0028BFD1002008B0BDE8F08100BF6D
S2140313E0E42E04002DE9F04F00241D7895B0CDE9D6
S2140313F002010492234622460120CDE900544049C7
S21403140009F0C9FCADF81E00F8B1A34626462746E8
S2140314100DF120090DF1380AE8F7A4FF5FFA84F806
S214031420404516D83A460221BDF81E00FFF7B4FC25
S21403143032460421BDF81E00FFF7AEFCDDE90310BB
S2140314400022BDF81E30FDF7CDFF012015B0BDE824
S214031450F08F4A4640460AA9FDF7E4FB9DF828208C
S21403146022B12DB1013DEDB20137FFB20134D3E70E
S214031470BBF1000FF8D199E803009DF829308AE8FC
S21403148003008DF84030BDF82A30032A8DF841302A
S2140314904FEA13238DF8423017BF032301238DF839
S2140314A043309DF82C30DDF83110DDF82D0014BFE5
S2140314B08DF84C308DF8433011AB03C302980CBF44
S2140314C04FF00E084FF0150809F00CF80590BDF81C
S2140314D01E000BF00BFB059900EB080399420BDB90
S2140314E00123424651460DF11E00F4F721F9002868
S2140314F0ABD10136F6B2B7E74FF0010BB4E700BF46
S2140315002B7A040038B505460D4B0E481C88F4F7B5
S214031510A7F9012D0CD10C4B1C88FA21614358B155
S214031520884209D28408012C204638BF012038BDE2
S214031530022D08BF0224F0E702480BF0A7FBF2E7F0
S214031540786700209853002076670020012208B5AC
S214031550054B06481A7000210BF098FBBDE80840BF
S2140315600020FFF7CFBF00BFA76E002098530020D0
S2140315701E4B73B51A8802F108039BB2012B02D8DF
S2140315801B4B1B7823B902B0BDE87040F4F77CB957
S2140315900024184B184D1C70184B1C702B787BB10D
S2140315A04FF6FC73164E0093224623462146308898
S2140315B009F0BEF94FF6FD732C70338001200FE05F
S2140315C0104B1046197808F070FA0028F6D10C4B29
S2140315D01A884FF6FD739A42F0D0012302202B702F
S2140315E002B0BDE87040FFF78DBF00BF7A670020EA
S2140315F0A76E0020AA6E0020A86E0020A96E002009
S21403160074670020AB6E0020012808B50AD00228B4
S2140316100CD020B9084B18700848F4F735F94FF08A
S214031620FF3008BDBDE80840FFF790BF0020BDE8C7
S2140316300840FFF767BF00BFA76E0020985300203F
S21403164002280CD859B1064A13780133DBB213705B
S214031650044A12789A4202D80220FFF7D5BF704791
S214031660A96E0020AC6E002038B5A0F61343012BFC
S21403167004460D4615D80E4A13780133DBB21370B1
S2140316800C4A12789A420CD84FF6FD720A4B002089
S2140316901988914201BF00221D80084B1A70FFF77C
S2140316A031FF29462046BDE8384005F03BBE00BF63
S2140316B0AA6E0020AD6E002074670020A86E00207E
S2140316C000234FF6FD71054A1370054A1370054A49
S2140316D01180054A1370054A13707047AA6E0020DE
S2140316E0A96E002074670020A86E0020A76E002055
S2140316F030B5094B02461B7833B1084B084C1978B2
S2140317000023D8B2884201D3FF2004E0013334F823
S21403171023509542F5D130BDE1780020AF6E00200E
S214031720546700200022FF21044B05481A70054B1E
S2140317301970054B1A789200EBF774BEAF6E002053
S21403174058670020AE6E0020E1780020F7B58DF8CC
S21403175007100DF10701044603F0B0FD234B1D7877
S214031760002D41D02046FFF7C3FF214EFF283178D6
S214031770204B05D1204A107885422DD9451C15707B
S214031780884219D01C4A1B4D92F800C00022D7B2DB
S214031790BC450CD92F4697F803E00132864505F180
S2140317A00405F4D102B203EB8202D278FA7002B2D5
S2140317B003EB8202D170307002B203EB820123F88E
S2140317C02240FF228A709DF80720FF2A02D003EBEF
S2140317D08203987003B0F0BD0A46104603EB8202FC
S2140317E0D278FF2AF9D1CBE7FF20F3E7E178002090
S2140317F0AE6E002058670020AF6E00202DE9F84338
S214031800FFF776FFFF28044669D04FF6FF72354F81
S21403181003B2DFF8DC80344E27F8232098F8005014
S214031820A54202D10020BDE8F883337820B28100B8
S214031830A34207EB800090F803E010D00023294A68
S2140318405FFA83F94D45944606D99CF80390013315
S214031850A14502F10402F3D18CF803E001E086F817
S21403186000E0013DEDB22A1BD2B2043192003944A6
S214031870EBF72AFE88F800503378FF2B04D0A342F8
S21403188024BF03F1FF33337000214FF6FF70154B6F
S214031890CAB2AA420CD300234FF6FF71134ADCB236
S2140318A0AC42BBD2013332F823008842F7D1B5E706
S2140318B09A78A2420BD11880DA78FF2A04D0A24283
S2140318C024BF02F1FF32DA7001310433E0E7FF2A66
S2140318D0F2D0A24224BF02F1FF329A70ECE72D2029
S2140318E0A1E700BF58670020AE6E002054670020B3
S2140318F0AF6E0020F8B51C4B05461B78084673B33D
S214031900FFF7F6FEFF28044629D02846FFF7F0FE29
S214031910FF2806D0154B164E1A780023D9B29142EB
S21403192018D3FF212846FFF711FFFF28014616D0DC
S2140319300546104F23B207EB830237F82300967849
S214031940FFF704FFA84208BFFF25FF2E214608D154
S2140319502846F8BD013316F823108142DED1FF2551
S214031960F6E73446E6E700BFE1780020AF6E0020D6
S21403197056670020586700202DE9F04180460E4642
S2140319801F46002386B001A814469DF830508DF8F4
S2140319900330FEF7A7FCADF804802EB13368CDF80C
S2140319A006307368CDF80A3038460BF083F80DF12D
S2140319B003034219214601A805F0C0FC9DF8033035
S2140319C093B931464046E8F7C1FE0E4B1B785BB130
S2140319D00B2C09D8FF214046FFF7B8FE064605EB59
S2140319E04404E4B2A54202D106B0BDE8F08129461C
S2140319F0384609F073F93146FFF7A8FE0235064666
S214031A00EDB2EFE7E178002000232DE9F3470DF16F
S214031A1007028DF8073004460E4603F03AFC9DF89D
S214031A200730054663B92046FFF762FE04465EB1FB
S214031A3030880BF05BF85FFA80F8FF2C45D1002561
S214031A40284602B0BDE8F087B046F6E701320C2A16
S214031A50F5D02DB207EB8505AD78FF2DF6D112F044
S214031A60FF0AECD04FEA4A050235EDB2002EE7D066
S214031A70304605EB080109F0F6F80028DFD1524698
S214031A8041463088FFF788F90AF1FF3208F1010171
S214031A9008F102093088D2B2C9B25FFA89F9FFF7B2
S214031AA07BF924B207EB8404A478FF2CC8D023B2B6
S214031AB0494637F82320308809F020F90028BED19C
S214031AC009F102095FFA89F9EBE725460022014F7F
S214031AD0BFE700BF5867002008B5D4F7B5FDD3F7B6
S214031AE001FE00F011FDD6F7A1FABDE80840D3F7D2
S214031AF02DB910B5044601880120D4F763FEE388A8
S214031B000BB9C823E38010BD37B50446D4F768FE87
S214031B10658885420ED8A188E288814205D3431B97
S214031B205343491BB3FBF1F39AB280B240EA024037
S214031B3003B030BD0022F8E770B50C46088800F005
S214031B40EDFB94F84430054683420FD004F11C069F
S214031B50304600F026FC84F8445000F026FC618BE7
S214031B60A0643046BDE8704000F016BC70BD38B5C2
S214031B70044690F844108378826CCB1A5942594134
S214031B80D3F76EF9E37893B1257985B900F00DFCA8
S214031B900346A268218A04F11C009C1A8C4236BFB5
S214031BA052182946D11ABDE8384000F0F5BB38BDB7
S214031BB010B590F89E30CA1802F03F02024492F81D
S214031BC05D404A1C02311A440B4402F03F0203F004
S214031BD03F030244034492F85D2093F85D301B04F0
S214031BE043EA022343EA040010BD0023C0E903339B
S214031BF07047836A0B60C36A4B60036B8B607047E6
S214031C000B4610B504461C2200211846EBF70AFCC7
S214031C10A2880280E288428022898280E26882600B
S214031C20227E027310BD30B50A44914200D130BD06
S214031C3090F89D3090F89E40013303F03F039C429A
S214031C40F5D090F89D4011F8015B044484F85D508C
S214031C5080F89D30E9E7D3F77BBA00B1A030704730
S214031C6038B5044600F083FB204600F07CFB0546AF
S214031C70204600F07AFB204600F078FB284638BD65
S214031C8030B129B1436D0B60836D4B60C36D8B60C0
S214031C90704790B189B1C38D0B80038E4B80438E02
S214031CA08B80436B8B60036C0B61436C4B6190F8CA
S214031CB03C300B7690F83D300B73704738B50446CE
S214031CC038B190F8893013B190F83D3013B9B4F9B0
S214031CD0320038BD00F069FB236AC51AB5F57A7F72
S214031CE0F5D394F9060000F03EFB41F288335843DF
S214031CF047F23053B0FBF5F0984228BF1846E36D21
S214031D00584300F50040000CE3E77047D3F7A2BA48
S214031D10D3F7B0BA10B590F888300446052B0BD12C
S214031D2094F83C30808843B100F0EEFA002384F840
S214031D303C30002384F8883010BD00F0DBFA012322
S214031D40F5E770B5044600285BD090F88930002B81
S214031D5057D000F02AFB064694F90600FFF780FFEB
S214031D60054694F90700FFF77BFF47F2305295428A
S214031D7088BF0025904294BF03460023C82202FB77
S214031D8005F15A436264E26D21646A4302F5004139
S214031D90090C6186A16B1144A163A26BB2F1347F77
S214031DA00FD294F888102565C9B194F88A0094F880
S214031DB03C2068B172B1A26DE3645A43120C2286CA
S214031DC00DE0A2F13472A263626B01326263E4E750
S214031DD0002AF0D0626DA3645A43120CE2850123F5
S214031DE01944204684F8881084F83D302662FFF7AD
S214031DF091FF04F1600041F28831BDE8704000F0C5
S214031E00CBBA70BD10B5044660B10023C0E90D33EC
S214031E1090F90600FFF724FF94F90700BDE8104089
S214031E20FFF71EBF10BDFFF7EDBF28B190F889304E
S214031E300BB18C307047184670477047034690F8CE
S214031E40340028B193F8350083F83A10D4F7C8BEA7
S214031E5018889B7811B11BB900F056BA002BFBD13A
S214031E6000F048BA38B590F83A3090F83B1004467C
S214031E708B422DD01422058F132DB5FBF2F203D817
S214031E80BDE83840FFF7DABFC81A90FBF2F2002A23
S214031E901BD1002804DC013B9942B8BF194603E076
S214031EA001339942A8BF19462046C9B2FFF7C6FFB9
S214031EB094F83A2094F83B309A4209D004F13C0057
S214031EC01421BDE8384000F067BA1344E4DDE8E7C0
S214031ED038BD38B58388044633B3C37800F10C05A0
S214031EE08BB10021C170FFF7A9FF4FF6FF72A388DD
S214031EF0218993421CBF03F1FF33A3802846BDE824
S214031F00384000F049BA0123C37090F834304BB11F
S214031F1090F83610002908BFFF212046FFF78EFFF2
S214031F20E188EBE7FF21F8E738BD0122C270002203
S214031F30828090F8342003461AB190F83610D3F70F
S214031F40BBB99B7800880BB100F0D4B900F0DCB9BC
S214031F50002190F834200346C17081800AB1D3F77C
S214031F60ABB99B7800880BB900F0C4B900F0CCB9C4
S214031F7010B590F834300446A3B190F8363013B950
S214031F80FF2380F83630A1782088B1FA81F1490919
S214031F90D4F78AFD00230028B2BF84F8343084F8CF
S214031FA0350063872046BDE81040FFF7D1BF90F8A1
S214031FB0342080F836101AB1C3780BB1D3F77CB946
S214031FC0704701877047F8B5044607460025012683
S214031FD03B4657F8040B10B11B1B0C2B00DDF8BD5A
S214031FE0227C8580002AF3D0627C42B1A27C9B10BF
S214031FF006FA03F3134202D0FFF797FFE8E7FFF76B
S214032000A7FFE5E7FFF7DFBFF8B504460546012659
S2140320104FF6FF772B4655F8040B10B11B1B0C2B02
S21403202000DDF8BDA27C9B1006FA03F3134202D12F
S214032030FFF78EFFEEE78388BB42EBD04FF4FA72CE
S2140320404FF6FF731146D3F75BF9E3E788B139B16F
S214032050E623418059434FF47A73B1FBF3F10180D1
S2140320603AB1E623C2815A434FF47A73B2FBF3F2D2
S21403207082817047F0B5059E9DF818409DF81C5068
S214032080002858D0477C002F35D0002C33D00024AE
S214032090C0E90444846184890CB1B4424DDDC4892B
S2140320A00CB19C4249D90488002C61D14688002E85
S2140320B071D00CB99E4270D8436923B901290B46E7
S2140320C038BF01234361C4F1020404744FF47A74E5
S2140320D04369CA1A838863439A422CD30123437401
S2140320E000234361C37C042B2ED8002D45D043899F
S2140320F004FB031338E090F812C0BCF1000F05D0C0
S21403210006230374201E18BF0120F0BD7FB1002CE8
S214032110C1D185B1836973B1CB1A002B0BDBC37CAA
S214032120C0E905440133C37444740220EDE7002C70
S214032130B1D1446104740020E7E70123437400230C
S2140321404361C37C042B07D90123837406230374DA
S214032150002383610120D8E7032303746DB14FF492
S2140321607A72438902FB0313012B38BF0123F0E77E
S214032170B442CCBF0024012498E78561EAE70389CB
S2140321803BB141F288318A4203D9934201D90523F0
S2140321900BE0002309E0002C8ED100234361C388A3
S2140321A0002BECD09342EAD204230374C3E709B1AD
S2140321B000F0A0B800F0A8B810B50446C060083018
S2140321C0D4F728FD21792088B1FA81F14909FFF770
S2140321D0EEFFA37943B121796088B1FA81F1BDE8B6
S2140321E010404909FFF7E3BF10BD00F0CBB8034624
S2140321F0184613F8012B8A4201D0002AF8D17047FB
S21403220038B50D46044669212846FFF7F0FF0378E4
S21403221028465B1A18BF01237021A370FFF7E7FF58
S21403222003788B4201BF012384F83430FF2384F8FC
S214032230363038BD10B53B2104460068FFF7D7FF9C
S2140322400022034603F8012B2068236010BD10B557
S21403225040B1421E0A24002012F8013F303BD9B297
S214032260092900D910BD04FB0030F5E708B500F0D6
S21403227086F808B540F2BA4200211020D4F720FAB7
S21403228041F2E823584340F6FF7300F2FF70B0FBB9
S214032290F3F080B208BD50F80C3C23B150F8041C90
S2140322A030F80E0C18477047084619B1FF21103056
S2140322B002F016BF704773B505460E466DBA144650
S2140322C0D4F728FBADF804507EB1012C04D0032CC0
S2140322D009D00022012101E02246022101A8D7F7F6
S2140322E0C3FB02B070BD0022F7E7042132460DEBB4
S2140322F00100F4E707B540BAADF8040001A8D7F724
S214032300E7FB03B05DF804FB07B540BAADF804007D
S21403231001A8D7F709FC03B05DF804FB002307B553
S21403232040BAADF804000DF1030101A88DF803309F
S214032330D7F726FC9DF8030003B05DF804FB00788E
S21403234000F0DF03552B07D0642807D0663818BF84
S2140323504FF0FF30C0B2704701207047032070472C
S2140323604FF0FF3070470020704770477047704744
S21403237018B12D280CBF012002207047704708B5FE
S21403238002F0A0FA08B500F0A0F8BDE8084004F093
S214032390A3BF50E9023018470A460830FF2102F06F
S2140323A096BEFF21083002F0A3BE08B50AF01BFF55
S2140323B0BDE8084009F032BCD4F73ABC13B5002494
S2140323C00DF107008DF8074003F038FF40B99DF87C
S2140323D00700033803288CBF0020012002B010BD7D
S2140323E02046FBE72DE9F041044600274FF00C0E8C
S2140323F08F4202DB0020BDE8F0812078904204D1B2
S214032400002594F80780454502DB01370C34EFE7D7
S2140324100EFB05F6D4F808C00CEB06003CF8066085
S2140324209E42E8D00135EEE7F8B50446BDF81850ED
S21403243040B1FFF7D7FF80B100230C27C6789E4232
S21403244002DC00242046F8BD07FB03F241688C1823
S2140324508A5AAA42F6D00133F1E70446F2E7F0B50A
S21403246085B005460E461746D4F7D4FC0446A0B1FD
S21403247031462846D4F786FC83783A46002BA36871
S21403248031460293A378284601934FF00003009346
S2140324900CBF80234023E4F7F5FB05B0F0BD08B579
S2140324A01288D4F7B7FC50B10279BDF80C309A42C3
S2140324B007D881680298EBF707F8002008BD862046
S2140324C0FCE78920FAE7D4F7ADBD002004F080BF0F
S2140324D008B504F0E5FF002814BF0320002008BD5C
S2140324E010B50446FFF76AFF20B12046BDE810404A
S2140324F0DFF70EBB10BD08B5FFF760FF18B1BDE8E8
S2140325000840DFF7F7BA08BD704708B502F0C4FC09
S214032510FFF7E2FAD4F722FE6420DFF709FB642014
S214032520DFF7F6FA02F0BAFCD2F73EFC08F0D0FF6B
S214032530F8E7F8B5D0E90176437B04460D4613B1B8
S21403254033463E461F46FFF730FF012D20643846CC
S2140325500ED1D2F75DFF3046D2F77EFF2573607843
S2140325604FF47F42BDE8F8404FF48171FFF777BF21
S214032570022D05D1D2F770FF3046D2F749FFEDE7BB
S214032580D2F76AFF3046D2F767FF0025E6E738B58D
S214032590037B04468B420D4607D190F844305BB369
S2140325A0BDE838404830FFF7FCBEFFF7FEFE216C5F
S2140325B0431AC72B0CD80123C83184F8455084F836
S2140325C04430091A04F14800BDE83840FFF7E4BE7A
S2140325D00DB1237B2BB929462046BDE83840FFF7CB
S2140325E0A8BF00212046FFF7A4FF0123C82184F8D3
S2140325F0455084F84430E5E738BD90F84510FFF7BA
S214032600C6BF0121FFF7C3BF0221FFF7C0BF0021EA
S214032610FFF7BDBF4FF60173994210B5044602D1CA
S2140326200021FFF7B4FF2046BDE81040D4F7C2BF31
S214032630032910B504462BD0007B30B9012903D0FB
S21403264002290CBF0120FF2010BD032A07D8DFE8AC
S21403265002F00208101401291CD002291FD0FF2003
S214032660F2E70029FBD1B4F85C20012A12D0022A33
S214032670F4E704290ED00529F0E7042914D0052928
S21403268014D00029EBD1B4F85C20111F0129ECD833
S2140326900220D9E75A1E534253415800D4E7022B6F
S2140326A00CBF02200120CFE70020CDE70120CBE7B7
S2140326B030B587B005460C46D4F7A2FC012820D1D6
S2140326C01CB1611E4B424B4158006B784FF480722D
S2140326D08DF804304FF48273ADF806304FF48173EF
S2140326E0ADF8083001238DF80B30002385F89000F1
S2140326F001A8CDE903238DF80A408DF81430D4F7EA
S214032700B7FC07B030BD41680346C978027B99B968
S2140327108168C97899B9002A08BF0321D5F70EB88E
S2140327209B7B002B0CBF01210221F7E79B7B002B31
S2140327300CBF02210121F1E7012AF1D17047012ADA
S214032740F4D17047042910B5044604D831B1BDE866
S2140327501040D5F777B805290DD010BD037B552259
S214032760002B08BF0321A0F85C1040781221FFF766
S21403277076FE2046EBE743681A8A83681A82E6E702
S214032780012303730378013343734FF44073C38108
S214032790032303740023A0F85C3080F8903070475E
S2140327A028B103681BB1DB680BB1406818474FF0CC
S2140327B0FF30704728B103681BB11B690BB1406833
S2140327C01847704710B440B1046834B1646924B143
S2140327D0A44640685DF8044B60475DF8044B7047B9
S2140327E0F0B5002305460A2785B01C46B2FBF7F66C
S2140327F004F110000DEB000407FB1620303004F83C
S2140328000C0C1046013309283246DBB2EDD81944C6
S214032810C8B2C11AC9B20BB905B0F0BD5A1E04AC92
S214032820D3B254FA82F212F80C2C6A54F1E730B59C
S214032830044685B001A94068FFF7BCFF254656232A
S21403284005F8353F019A01212846FFF7C9FF4123C2
S214032850411C2044029A80F83530C9B22846FFF757
S214032860BFFF5723411C204480F83530039A28467F
S214032870C9B2FFF7B5FF84F8340005B030BD8289CE
S214032880C389002A08BF4FF46662002B08BF4FF4C3
S2140328907A530188914288BF028042889A4288BF51
S2140328A043804389042B9CBF05234381704700B1B3
S2140328B08167704770B5044692B000285DD04368C0
S2140328C0002B5AD01A6822B1126812B1586804A9AC
S2140328D090479DF81C50D5B1089BBDF81000636265
S2140328E0099BBDF81210A3629DF82830BDF9142089
S2140328F084F82C3004F11603A081E181228201932F
S21403290004F11403009304F11203D5F79BF8A66FA2
S214032910002E32D08DB36368002B3DD01D6825B1E1
S214032920AA6962B3586890470546FFF73EFDB37839
S21403293001460293F36CBDF810205B7904F15C004A
S214032940CDE90053BDF81230FFF794FB012825D1DB
S214032950F36C5B7913B1304600F02AF994F86C30C7
S21403296094F888209A4208D04FF6367240F604311F
S214032970207884F88830FFF772FD12B070BD2D689A
S214032980002DD2D058680BA9A8479DF83850002DC3
S214032990CBD0BDF93050C8E71D46C6E70228DDD1C7
S2140329A0F36C5B79002BD9D1304600F0F7F8D5E706
S2140329B07047F8B5057B044683787DB9A378EEB2F5
S2140329C0B34200D8F8BD04EB8606218A7068FFF789
S2140329D0F8FA7068FFF7BCFA0135EFE7012B406899
S2140329E0218A0AD1FFF7EDFA6068617BFFF7DFFA09
S2140329F06068BDE8F840FFF798BA40F24D13E589E2
S214032A004FF47A779D4228BF1D46A72D38BFA725CA
S214032A10A623A73D7D43B5FBF3F5667BFFF7D1FA07
S214032A207543B5FBF7F7FFB2F61B218AA068F6B22B
S214032A30FFF7C7FA31466068FFF7B9FAA068394668
S214032A40FFF7B5FA60684EB1FFF76FFAB5F57A7F10
S214032A50A068CED2BDE8F840FFF77ABAFFF778FA57
S214032A60F4E713B50446FFF7A4FF002206216078B7
S214032A70FFF7F5FC002208216078FFF7F0FCA37847
S214032A80012B05D907224FF440716078FFF7E7FC66
S214032A90A37C20788DF80030637B34308DF80130CA
S214032AA0E3896A46ADF80230238A0621C0B2ADF840
S214032AB00430D3F7B3FF02B010BD01230373FFF74F
S214032AC0D0BF00220273FFF7CCBF037BB3FA83F3B6
S214032AD05B090373FFF7C5BFFE2928BFFE21012943
S214032AE038BF01214173FFF7BCBF012908B504D0E5
S214032AF0022909D029B1012008BDFFF7DEFF002017
S214032B00FAE7FFF7DEFFFAE7FFF7DFFFF7E738B589
S214032B100D46044660B159B198220021EAF782FCBB
S214032B204FF47A730122C4E905232B2365602377C8
S214032B3038BD704738B504460D4601B945890123AB
S214032B40E373FFF732FCFA2202FB050020612089BB
S214032B50BDE838405043FFF7C3BC10B50446006DCC
S214032B60D8B1E278022A04D0E36C5B7972B984F8B0
S214032B70543094F854306BB1FFF7D7F960784FF6BA
S214032B800272BDE810400621FFF769BCB3FA83F36F
S214032B905B09ECE7FFF7DCF9F0E710BD10B5044678
S214032BA0C06CD2F735FC2046BDE81040FFF7D5BF12
S214032BB010B50446C06CD2F74FFC2046BDE8104063
S214032BC0FFF7CBBF10B50446C06CD2F76BFC2046AC
S214032BD0BDE81040FFF7C1BF13B5044600780421D3
S214032BE02D3001AAC0B2D3F709FF38B99DF80430D7
S214032BF084F85530BDF80630A4F8563002B010BD40
S214032C0007B590F8553004218DF80430B0F85630E7
S214032C10007801AA2D30C0B2ADF80630D3F7FEFE19
S214032C2003B05DF804FB10B5044600220621407885
S214032C30FFF715FCA378022B01D0FF2B04D1204607
S214032C40BDE81040D5F732BF10BD38B54FF6027356
S214032C50994204460D4601D1FFF77FFFE378022B26
S214032C6002D02046FFF779FF206D68B190F8343024
S214032C7053B14FF603739D420BD194F85510FFF7EB
S214032C8096F92046FFF7BCFF2046BDE83840D5F747
S214032C900DBF4FF604739D42F6D1B4F85610FFF7F6
S214032CA090F9EEE710B5D0F8A44074B1037913B1E8
S214032CB0D6F762F848B9A3883BB932222046BDE866
S214032CC0104001231146D2F71BBB10BD10B50446B6
S214032CD0D6F752F830B1E378012B0AD003D9023B7A
S214032CE0022B08D910BD01212046BDE81040D5F7B8
S214032CF0D7BF0021F8E72046BDE81040D6F71EB838
S214032D0010B50446D6F738F830B1E178012905D076
S214032D1003D90239022906D910BD00212046BDE891
S214032D201040D5F7BDBF2046BDE81040D6F706B81D
S214032D3030B587B00446D4F763F901282CD1E5787B
S214032D40042D29D8DFE805F00F2A2C0303002046BC
S214032D50D6F712F820B32046D5F7CCFF032D02D0C2
S214032D6080F00100C0B263784FF480728DF80430AF
S214032D704FF48273ADF806300623ADF8083001230E
S214032D808DF80B3000238DF80A0001A8CDE9032344
S214032D908DF81430D4F76CF907B030BD0020E2E7A5
S214032DA00220E0E710B50446FFF77CFFA2782379FC
S214032DB082B913B12046FFF789FF2046FFF7B8FF15
S214032DC003236078A4F86C305522BDE81040122126
S214032DD0FFF745BB012B02D12046FFF777FFA37908
S214032DE0012B02D12046FFF7A3FF0123E9E730B505
S214032DF087B00546D4F704F901282DD1EC78042CC6
S214032E002AD8DFE804F010102B0303002846D5F772
S214032E10B3FF18B32846D5F76DFF032C0EBF044641
S214032E2080F00100C4B26B784FF480728DF80430E2
S214032E304FF48273ADF806300623ADF8083001234D
S214032E408DF80B30002301A8CDE903238DF80A4043
S214032E508DF81430D4F70CF907B030BD0224E2E73E
S214032E6010B583780446ABB9FFF71CFFA3788BB97C
S214032E70237913B12046FFF743FF2046FFF7B7FF3A
S214032E8004236078A4F86C305522BDE81040122164
S214032E90FFF7E5BAB4F86C30022B0DD02379032B79
S214032EA002D12046FFF712FFA379032B02D1204657
S214032EB0FFF73EFF0023E4E72046D5F78DFFF9E74B
S214032EC0827883685AB9DB78002B14BF0323042364
S214032ED0A0F86C30552212214078FFF7C0BA1A7951
S214032EE022B9DB78003B18BF0123F1E70223EFE7A3
S214032EF07FB500239E6A0446B6F5804F0D460CD276
S214032F0001A8D6F735F9039B5B0506D52946204667
S214032F10336C04B0BDE87040184704B070BD00239E
S214032F209B6AB3F5804F05D21B6BB3F5804F01D276
S214032F309B6818474FF4817070471FB500239A6A41
S214032F40B2F5804F04D340F2011005B05DF804FBE0
S214032F50126BB2F5804FF6D2012201A8CDE90233F7
S214032F608DF80420D6F704F9039BDB03EBD5029B0D
S214032F701A0EE8D0012A03D1C3F307430A2BE2D97A
S214032F8000239B6A1B6B1B6C9847DEE708B50AF0A9
S214032F90E3FAB0FA80F0400908BD134610B542B113
S214032FA003439B0707D10AF0DBFAB0FA80F0400927
S214032FB010BD0120FCE70020FAE7002303607047FA
S214032FC003680B600160704710B538B132B129B1A0
S214032FD000230139D45C14B90023037010BD8B425F
S214032FE0FAD200F8014B0133F4E7034638B1002068
S214032FF0814204D01A5C02B970470130F8E7704783
S2140330004FF0FF31FFF7F1BF70B50C461646054685
S21403301060B15AB151B1FFF7F3FF844206D9211AC2
S21403302032462844BDE87040FFF7CEBF70BDFEE7CA
S214033030FEE700239A4200D1704710B550F82340AC
S21403304041F8234001339A42F8D110BDD6F7F0BCBD
S2140330504369426CD91C143AB1FBF2F103EBC1008D
S2140330600330B0FBF2F00230704738B505460C4625
S214033070FFF7EEFF6A6CE31D143AB3FBF2F301337A
S21403308004EBC30402FB004038BD38B5054644696B
S2140330902146FFF7EAFF6A6CE31D143AB3FBF2F32B
S2140330A0013304EBC304204438BDF7B507460E4688
S2140330B000257C6CA819644280EA06031C4003D0F2
S2140330C02C46204603B0F0BDFB6B01225B6901A9C9
S2140330D09847019B0133F4D10435EAE770B50546FA
S2140330E00C46D8F77BFAEB6B2046BDE87040DB68EE
S2140330F0184770B50025044686B00562E369AB42FF
S21403310002D8206A06B070BD666C2068E36B0522A1
S2140331105B6901A906FB0500984701A800F023FC9C
S21403312000F046FC10B1236A013323620135E5E75C
S21403313038B50446456C006804F1400305FB0101FD
S214033140E06B00F042FC05462046FFF7D2FF284618
S21403315038BDF0B50546002687B0EC69013CB4429D
S21403316003D80C46204607B0F0BD01B14C1E6F6C69
S2140331702868EB6B05225B6901A907FB04009847E7
S21403318001A800F0F0FB00F013FC0028EAD121466A
S2140331900136E2E7F0B504460D46466CE36B00687D
S2140331A087B005225B6901A906FB0500984701A8BD
S2140331B000F0D9FB00F0FCFB20B101A800F0AAFB4D
S2140331C007B0F0BD29462046FFF7C3FF0646676CE7
S2140331D02068E36B05225B6901A907FB0600984795
S2140331E001A800F097FB431CEAD0B54238BF013074
S2140331F0E6E72DE9F0434FF6FF79D0F8248004463E
S2140332000E46C84514BF45460025002787B0E36928
S214033210BB4202D807B0BDE8F083E26B2368606C5C
S214033220D2F814C000FB0530052201A9E04701A827
S21403323000F099FB022806D0C8450CD1721C29461B
S2140332402046FFF775FFE3690135B5FBF3F2013757
S21403325003FB1255DBE729462046FFF79BFFB0F139
S214033260FF3F14BF024632460132E8E70368F0B573
S214033270CC1A436C0646B4FBF3F4002587B0F36917
S21403328037685A1E9542706C08D3706C336800FB1F
S214033290043007B0BDE8F04000F095BB0134B4FB42
S2140332A0F3F203FB1244F36B05225B6901A900FBEF
S2140332B00470984701A800F056FB00F079FB00283D
S2140332C0E3D10135DBE710B423F0030422449B0764
S2140332D00A44436C18BF04325B4281EA0204234269
S2140332E003D05DF8044BFFF7C1BF10465DF8044BEF
S2140332F070472DE9F041D0E90A369E42044686B06F
S21403330028D11422C369456802FB1355284606B024
S214033310BDE8F0812068676C331AB3FBF7F3E26B02
S21403332007FB0300D2F8148001A90522C04701A8B1
S21403333000F019FB012804D0636C1D44013B3340A5
S214033340ED1A31462046FFF791FF0646A36AB342BD
S214033350E0D1DBE70025F9E708B508301346D1E9E5
S2140333600012D8F7C1F8012008BD13B50C4600219A
S21403337021760093616813462246D6F7AFFC18B150
S214033380E37D03B1A07EA075A07D02B010BD73B52A
S214033390164600F108050C46284609680DF1070293
S2140333A000F098F9032E06D16368834203D12846BA
S2140333B0216800F076F9012002B070BDD01E009B94
S2140333C042424241187E824211D11A688A420ED87E
S2140333D05A688A420BD35A6901325A61D3E9030207
S2140333E082423FBF986840F8221001321A610120DA
S2140333F0704710B5032A029C07D1A26A5340626C39
S2140334005242134201D100F04CF9012010BD08B519
S214033410C36800209847BDE80840D8F7E7B80128F6
S21403342014BF0420022070B5002442431C70CC7DD8
S214033430101D02F002024CB91AB1012220F003005B
S2140334401A7000F108034868184470BD1AB10122C7
S21403345020F003001A7000230C7E01F12005DAB277
S214033460A24201D30020F0E735F833205E1C8242E7
S21403347006D901EBC30300F10802D8691044E4E758
S2140334803346801AEBE773B5054690F842601C4650
S21403349030460DF10303FFF7C2FFEB6B012E5B69AA
S2140334A00DD1324601A998479DF8033013B1BDF8F4
S2140334B006300193BDF80430236002B070BD0122CC
S2140334C0214602B0BDE870401847F0B50546002413
S2140334D04868EB6B87B00E4601225B69029402A92B
S2140334E008309847274695F84230012B40F0AC80C9
S2140334F0632C00F2AB80612C08D805AB224631461C
S2140335002846FFF7C0FF9DF814305BB305AB224691
S214033510314628468DF81070FFF7B5FF95F8423010
S214033520012B059B7FD14FF6FF72934256D008229C
S21403353005A904A800F063FA059B9DF81010C3F3D1
S214033540072291424AD1DBB2029A1A44029245E01C
S214033550DCD005AB224631462846FFF794FFBDF87C
S2140335601430D2E795F84230012B39D1612C2ED88E
S21403357022463146284603ABFFF785FF31462846E9
S21403358004AB621CFFF77FFF3146284605ABA21C3F
S214033590FFF779FF102208230DEB02010DF1070058
S2140335A08DF8073000F02BFA102205A90DF107005D
S2140335B000F025FA039BDAB24AB99DF80720B2EB6E
S2140335C0132F04D1DDE9043203EB0243029395F88B
S2140335D04230012B14BF012302231C44013482E72B
S2140335E0302CF4D822463146284603ABFFF74BFF70
S2140335F03146284604AB621CFFF745FF1023202202
S2140336000DEB03010DF107008DF8073000F0F7F915
S214033610039B9AB2002ADAD19DF80720B2EB134F28
S214033620D5D1049BD2E70133D8D0102205A90DEBE0
S214033630020000F0E4F9059B9DF81010C3F307425F
S2140336409142CBD19BB27FE7312C81D9029807B048
S214033650F0BD13B500240194049C0094D7F71AF820
S21403366002B010BD13B501240194049C0094D7F74F
S21403367011F802B010BD00234FF0FF3230B5446896
S2140336809C4202D10023037230BD016801EBC305DF
S21403369041F833206A600133F2E7C0E90012FFF70E
S2140336A0EABF0023F0B545689D4210D00468DF00EA
S2140336B054F8332004EBC306B2F1FF3F08D0C2F33D
S2140336C01302914204D14FF0FF33E3517360F0BD10
S2140336D00133E9E70023F0B545689D4202D14FF078
S2140336E0FF300EE00468DE0054F83340671C09D050
S2140336F0C4F31307B94205D1240D14700368334489
S2140337005868F0BD0133E8E7704770B59400224669
S21403371005460E4609F024FF431C0AD058B9224634
S21403372031462846EAF7CAF9002814BF3D20002090
S21403373070BD6E20FCE77120FAE713B5044601A8B6
S214033740D8F7D2FF9DF8063023804FF4807363804A
S214033750D8F7D8FF6060002002B010BDD8F748BF86
S21403376008B5D8F739FF002008BD10B5044644EA6B
S214033770010313F00303084609D1934201D1002045
S21403378010BD54F8231040F823100133F5E7214603
S2140337909200E9F7D7FFF2E710B5044609F0DCFE1E
S2140337A0431C10D088B9D8F7ADFF234620F003009A
S2140337B02044984201D1002010BD53F8042B013257
S2140337C0F7D03E20F8E76E20F6E77120F4E770475F
S2140337D013B50023044601461B220DF107008DF89E
S2140337E0073000F00CF922689DF80730B3EBD26F70
S2140337F00CBF0120002002B010BD13B50023044601
S214033800014620220DF107008DF8073000F0F7F887
S2140338100DF107001A22211D00F0F1F862689DF8E9
S2140338200730B3EB926F0CBF0120002002B010BD2F
S2140338300068431C584258417047006810F07E0FDA
S2140338400CBFC0F3C160002070470068C0F3D310FC
S2140338507047006800F07F0001288CBF002001201D
S2140338607047036813F07E0F14BF042008207047C8
S214033870036813F07E0F03D1406820F07C40704746
S21403388013F078001CBF03F07F03D81F704700684F
S21403389000F07F007047032809D0022803D1C1F146
S2140338A00201C8B2704700290CBF072000207047EA
S2140338B037B5054601F10C044369694601222046E3
S2140338C09847BDF80030012201932046AB6901A951
S2140338D0984703B030BD37B501F10C0443690122A4
S2140338E069460546204698474FF6FF72009B99B2F5
S2140338F091420DD16FF30F0343F4254343F0A50321
S214033900019301222046AB6901A9984703B030BD55
S2140339100020FBE737B5044600251B22011D0DF1E9
S21403392007008DF8075000F06AF860689DF80720D6
S214033930B2EBD06F03D120F0784003B030BD0DF169
S21403394007001B2204F108018DF8075000F057F812
S214033950A0689DF80730B3EBD06F01D1C043EAE708
S2140339604FF0FF30E9E74BF29A22036810B5B2EB4B
S214033970134F044613D19BB2012B13D1FFF7CAFF93
S21403398001300CD04FF6FF72E068B2EB104F4FEAEF
S214033990104309D180B2C01A18BF012010BD236896
S2140339A0013303D00420F9E70220F7E70320F5E705
S2140339B001288CBF002001207047033801288CBFE4
S2140339C0002001207047143070472DE9F04105466A
S2140339D09846036908460E4617469847044638B97C
S2140339E043463A4631462846D7F770FE044618B192
S2140339F031462846FFF75CFF2046BDE8F0811F2AC4
S214033A000B689EBF4FF0FF3191408B43590801F07E
S214033A1055315B1A03F033319B0803F033330B4401
S214033A20017803EB13130A444FF0013103F00F330D
S214033A304B43A2EB13620270704708B507F0F0FB26
S214033A40BDE808400021D7F74BBF02210320D8F773
S214033A5045B9704770477047704770B505461446BA
S214033A600E4609F066FA2B685C4034405C402C60D6
S214033A70BDE8704009F058BA10B5002422B1032AF5
S214033A800CD00360047110BD11F4000218BF4FF090
S214033A907F4221F07F4313430C0EF2E721F0FF032E
S214033AA0CCB2EEE730B5012400F5805345685C6080
S214033AB0CB784A785B0443EA02230A7813438A786E
S214033AC0120402F480321343C0F89830EB075CBF4D
S214033AD000F50050446030BD70B501260C4605461F
S214033AE000F500535E600B78497803F0070343EA5A
S214033AF0C103E17843EA0123A178090101F030010B
S214033B000B430367C36AA17923F48B3323F48073CF
S214033B1043EA01432179090201F4E0610B43617929
S214033B20090301F480510B43C3621146FFF7BAFF42
S214033B3005F580535E60E37903B1EE6070BD08B5AA
S214033B400A6FC96F02F00702FFF796FF08BD13B5A9
S214033B50044601A8D8F7C8FD042C04D8DFE804F00F
S214033B60061603101300002002B010BD40F29C405E
S214033B7040F2BA439DF80520012A08BF1846F3E72A
S214033B8040F6B830F0E74FF41660EDE740F2E24057
S214033B90EAE74FF050234FF400321A6770474FF0AE
S214033BA0B0435A6812B19A6A002AFAD17047036B77
S214033BB0DA0702D503695B06F9D4704710B5FFF739
S214033BC0F6FF0122044600F500531A630B79488872
S214033BD01B0243EA8043887A0343487843EA801308
S214033BE0C87A43EAC013087B43EA4013487B43EA98
S214033BF00013887B43EAC003C87B43EAC023887963
S214033C0043EA0043C87943EA4043636004F58053BC
S214033C101A630A780AB90223E360002363624B79C6
S214033C20087A1B01497A43EA80030B43A3600AB16F
S214033C300123E36010BD70B51446FFF7B8FF0122F9
S214033C4000F500531A63637AE2791B0143EA0253D1
S214033C50A27900EB41151343E27A064643EAC243D0
S214033C602B66237A0BB3237B2A6E42EA43422A66E9
S214033C70013B18BF0123A278D8F74EFD012306F5B2
S214033C8080563363637822781B0643EA8263E278BE
S214033C9043EA0233227943EA8223627943EA022320
S214033CA0A27A43EA82036B6670BD2B6E2B66E5E74A
S214033CB0012200F580535A60CB43934003F00A0376
S214033CC04361416111B900F5005042607047836952
S214033CD05B06FCD5C163704770B5054614460E46B1
S214033CE009F027F92B685C4034405C402C60BDE843
S214033CF0704009F019B90122417803788A403021CF
S214033D004B4342F2100103F1A04303F570335A50BC
S214033D10704721FA00F2D20730B5034600F0FC04E0
S214033D200FD500220132D2B2042A02D14FF0FF305F
S214033D3008E0831803F00303234421FA03F5ED0791
S214033D40F0D4184630BD002070470020704700208E
S214033D5070470020704701207047012070470F20EE
S214033D607047EAF7C5BB002307B5CDE90033012347
S214033D7069464FF0FF308DF8023004F058FB03B06D
S214033D805DF804FB0020704710B508B9212010BD6C
S214033D900029FBD0036813F0704205D1C3F30E036A
S214033DA00B607BB10020F2E703F05044B4F1004F00
S214033DB005D0B2F1304F02D0B2F1404FE6D103F056
S214033DC07F03EDE74368002BE0D00B60EAE737B5E7
S214033DD00C46054610B9212003B030BD0029FAD0A1
S214033DE0002301A90193FFF7CFFF0028F4D1296828
S214033DF0019A11F0704102F1030222F0030201D18D
S214033E002260E9E7AD68B1F1004FC5F38033C5F32F
S214033E10403504D103EB450353432360DCE7B1F19C
S214033E20204F01D12B44F7E7B1F1304FFAD0B1F16F
S214033E30404FF7D0CFE737B50C460546002800F0CD
S214033E408780002900F0848000230B60036803F05A
S214033E5070430B60C26822B1032A79D143F08063B2
S214033E600B60AB689A0149D403F08073EA680AB919
S214033E70002B6DD1226822F0407213432360EA6858
S214033E80032A05D12A69F62A62D962F31743236007
S214033E90AB681B0442BF236843F400432360EB680C
S214033EA0032B1FBF23682A6862F30E0323602B6865
S214033EB0AA68002B2ADB12F4C84F49D12B6803F0FB
S214033EC0704303F10043B3F1804F05D2530542BF5D
S214033ED0236843F4806323600023284601A90193E3
S214033EE0FFF752FF40B92B6813F070421FD12368C7
S214033EF0019A62F30E03236003B030BD03F04073F0
S214033F00B3F1407F18BF4FF00073AFE7500402F4DD
S214033F10005105D4E1B1236843F400532360CDE791
S214033F20236843F4804323600029C7D0F3E703F0F4
S214033F305043B3F1004F05D0B2F1304F02D0B2F187
S214033F40404F05D1019B5A1E236862F30603D2E74E
S214033F502120D1E738B131B101234B604FF0005334
S214033F6000208B6070472120704737B50C46054606
S214033F7008B9212016E00029FBD001234B60C36853
S214033F80A3B901A90193FFF722FF58B9019B6A69F8
S214033F909A4209D32A69002AEBD0226043F00053E1
S214033FA00020A36003B030BD1D20FBE7032BE0D148
S214033FB00023F5E7436813B9416070475B685A68A6
S214033FC0012AFBD159607047FFF7DCBE08B5FFF73F
S214033FD0D9FE002814BF6FF09200002008BD1346D8
S214033FE0428870B50732072A0C464FEAD20101D041
S214033FF0A14222D146680588202218460021E9F707
S21403400011FA360A0346DEB9BCB141F20102954203
S21403401005D0B5F5885F02D0B5F5905F02D10020D4
S2140340205C6070BDB5F5105F0DD1182C03D0202C45
S21403403001D0102C01D11C60F1E76FF08600F0E789
S2140340406FF08B00EDE76FF08500EAE7F0B51C46EE
S214034050436806461B0A0F46154689B035D12246E5
S2140340602946FFF7BCFF68B9EB1C23F00303C4E93A
S2140340700307636145B9202200212046E9F7D2F9F8
S2140340806FF0860009B0F0BD014620226846E9F7C6
S214034090C9F96A4629463046FFF7A1FF0028EAD148
S2140340A02368009A9A42E6D16368019A9A42E2D15B
S2140340B0A368029A9A42DED1A369069A9A42DAD193
S2140340C0E369079A9A42DDD0D5E76FF08B00D9E70C
S2140340D0D8F778BFD9F792B870470020704700200A
S2140340E07047C3681944836853F8210030F8023BCD
S2140340F013607047012310B580F8883003780446B0
S21403410053B100F061FA21462046D9F769F92046F3
S214034110BDE8104000F04DBA10BD38B50D46044654
S214034120D9F746F96B682046C4F8B032A96800F0A0
S21403413096F94FF0FF332046C4F8B432FFF7CDFFAD
S21403414038BDD0F8B43210B50133044601D0002090
S21403415010BD00F0BCFAC4F8B4020130F7D194F8ED
S214034160B80280F00100F3E708B5D9F75DF908BD9A
S2140341700A7801382D2A0ABF012200228918D9F7A6
S214034180AFB907281BD8DFE800F0060A0D10131591
S21403419004170120704700220820D9F7A1B900228E
S2140341A01020FAE700222020F7E70820FFF7E0BFF9
S2140341B01020FBE72020F9E70846D9F7F3B90020DB
S2140341C070472DE9F74307280C46DDE90A76904643
S2140341D01D4608D8013806280AD8DFE800F01D2750
S2140341E0303A44574A00212850D003B0BDE8F08344
S2140341F0002220461146E9F7E1F83368C0B205EB22
S21403420083013A6845F82300013348F822103360E7
S2140342103B6801333B60E8E7002220461146E9F796
S214034220CDF8336880B205EB8301EAE70022204627
S2140342301146E9F7C3F8336805EB8301E1E700228B
S21403424020461146E9F768FA336840B205EB830166
S214034250D7E7002220461146E9F75EFA336800B234
S21403426005EB8301CDE7002220461146E9F754FA11
S214034270E1E7002389461E461D468DF8063019F8E9
S214034280013F7D2B06D125702D0A65703B6848F8E3
S2140342902340BDE7202BF2D006F00102013612B907
S2140342A08DF80430EBE71022002101A88DF80530C5
S2140342B0E9F732FA631901359870ADB2DFE72DE9F5
S2140342C0F04F9B46002385B08B4581468846924631
S2140342D0CDE902336BDC1A461E4619F80340212C3F
S2140342E009D81F2C04D8103C072C98BF012200E0E5
S2140342F001260133F1E7FF2CFBD15B4436B1013BCA
S21403430043450ADD2B2005B0BDE8F08F62B1013BC3
S2140343104345F7DC3546374602E000252F462E4652
S214034320454504DB0020EEE79845F3D0EAE75D4514
S2140343303BDB19F80730202B18D109EB07035B7812
S214034340FF2BDFD1CEB920465AF82510FFF719FF09
S21403435078B303AB019302AB00932046DDE90E234B
S2140343605AF82510FFF72DFF0135D9E7212B0ED17B
S21403437009EB07035B78FF2BC4D1029B5AF8252071
S2140343800E99012641F8232001330293ECE7A3F1AB
S2140343901004072C02D91C460137D3E709EB0703A1
S2140343A05B78FF2BAED1E4B2CCE70624CAE7212024
S2140343B0A9E72620A7E72DE9F04F07460E46154640
S2140343C09846044685B0DDF84490DDE90FAB2068D7
S2140343D008B3DAF80020D8F800108A421BDA0E9BDE
S2140343E053F82210D5F758FA48BBDAF80020013202
S2140343F0CAF800206268117BFE291BD10E9B106849
S214034400012100932A464346CDE902B9CDF804A01C
S214034410FFF7D1FF04462B7843B999F800302BB940
S2140344207EB101233C4689F800302B70204605B048
S214034430BDE8F08F01238BF800302B70EBE70C34CC
S214034440C5E73446F2E710B50446236803B910BD42
S214034450237A13B92046D9F7DBF80C34F5E710B501
S21403446041B10A7932B901249C300C71FEF7A8FDDC
S214034470204610BD0020FCE72DE9F041BAB0054602
S2140344800AAA084603A900F05FF90446B0B90DF17D
S2140344900A0301930DF10B038DF80A0000930AAA91
S2140344A0284604AB03A9D9F763FA9DF80A20B2B1EC
S2140344B09DF80B2048B12AB1D9F7AAF820463AB09E
S2140344C0BDE8F081FFF7BFFFF8E7D5F89C50002D55
S2140344D0F4D0A86808B1FFF7B6FF2D68F7E700B376
S2140344E046681AAB06F10C082AAF01934046049BB4
S2140344F0039900970AAAFFF7E2FE04460028DDD1D7
S214034500039B05A8CDE90637049B0595CDE9083836
S214034510DAF7F6FC05A83368984705A800F03FFDD0
S214034520CCE72D24CAE710B50446AC30E8F776FE90
S21403453004F1AB031A180020934200D110BD13F800
S214034540011F0029FAD00A2908BF0130F4E7002327
S214034550F0B50B6013600646D0F8AC0278B196F857
S214034560AC0060B1012406F1AC07D6F8AC02844275
S21403457010D306F1AC00B3F5007F10D30120F0BDD5
S2140345800D6801350D60156801351560F85C01335B
S2140345900A2802D0B3F5007FF2D30134E5E7C15C05
S2140345A00A29EBD00029E9D01168013301311160E3
S2140345B0E1E710B50021D0F88C200446E8F732FF77
S2140345C00023C4E9243310BD73B5044600F1AC05DB
S2140345D080212046FEF709FD4FF400710646284663
S2140345E0FEF703FD0136C0F50070864220461FD84D
S2140345F0E8F714FE06462846E8F710FE0136294675
S214034600421CA819E8F760FF2046E8F707FE214694
S21403461002462846E9F796F82046E8F7FFFD0A2300
S214034620204480F8AC300023C4F8AC3202B070BD2E
S214034630FFF779FF01AAC4F8AC0269462046FFF7E4
S21403464086FF0022009B234483F8AC20C0E773B5A3
S2140346500D460446FFF767FF6B1C19D1D4F8AC323E
S21403466013B1013BC4F8AC3200252046E8F7D6FD6B
S214034670A84215D82046FFF79CFFD4F8AC322BB1DE
S2140346806946204601AAFFF762FFA0B902B070BDD3
S214034690012DFBD1D4F8AC328342F7D20133E1E7E4
S2140346A0082000F023F8202000F020F8082000F06F
S2140346B01DF80135D9E7009D04F1AC06019BAB421A
S2140346C0E4D9715D2046D9F781FA0135F6E707B5D7
S2140346D000200DF1070100F0E7F820B99DF8070068
S2140346E003B05DF804FB4FF0FF30F9E710B5C1B235
S2140346F00446002000F0C8F800280CBF20464FF000
S214034700FF3010BD0FB407B504AA52F8041B0020EF
S2140347100192D9F7F7FB002003B05DF804EB04B071
S214034720704710B54C1C0B460119045D222C03D0B0
S2140347307B2C01D05C2C05D1D21A1844E8F7C4FEB2
S214034740012010BD0020FCE72DE9F0470546914601
S2140347508846E8F763FD2A4606461346197801326B
S2140347602029FAD0C9F800305C1B01236FF0404AB9
S214034770C8F80030A64201D8002014E02F5D29199E
S2140347807B2F12D0222F2ED1D8F80030621C534430
S2140347902A4449F82320012C09D911F8013C13F0C7
S2140347A0DF0F04D02120BDE8F0877D27F3E701342F
S2140347B02B5DBB4209D12B195B7813F0DF03F1D1D4
S2140347C0222F00D12B550134D4E75C2B07D1324678
S2140347D021462846FFF7A5FF0028E3D0013E013413
S2140347E0A642E5D8DEE75C2F08D1324621462846A6
S2140347F0FFF797FF0028D5D0013EE4E7202FE2D14C
S2140348000022631CB3420A70DDD2EA18EB5C202B4D
S214034810D9D0D8F800300F2B05DC49F82320013314
S214034820C8F80030CFE71E20BDE700F000B8002030
S2140348307047D5F71FB870B50C46154610B9D9F7AB
S21403484055FB38B143682BB12A462146BDE8704074
S21403485000681847232070BDF7B50D4616461C465C
S21403486038B9D9F743FB04B901AC20B9232003B008
S214034870F0BD03B901ACC768002FF7D02346324614
S21403488029460068B847F2E707B501228DF80710F6
S2140348900DF10701FFF7CFFF03B05DF804FB0B46EE
S2140348A001461846FFF7F0BF00230122FFF7D4BFE7
S2140348B008B508F039FCFA23B0FBF3F080B208BD64
S2140348C00420704740F20160D9F706BC7047012008
S2140348D070470020704749BA89B280EA0103C3F3E0
S2140348E003125340180380B258405B0103F4FF538E
S2140348F05840704708B5D9F7BBFF58B1A0F1590324
S214034900042B06D8042B04D8DFE803F004040403BE
S21403491004005C2008BDDAF703B97047F8B50C4607
S2140349208D18073552421540A5F108070646384646
S21403493000F0DFF9A188381B628801EBE00189B239
S214034940A2EBE00225F8041C25F8062CA288C31067
S214034950AAB1A4EBC202B2F802C0D18003EB0C01E9
S2140349605180E28892B1D31A9BB204EBC20425F8B5
S214034970023CA380B3680344B3603846F8BD15F819
S214034980082C42F0020205F8082CEAE725F8022C68
S214034990F0E72DE9F04F4FF0000887B09946531C17
S2140349A0109B0546174614BF14460824CDF81480FA
S2140349B0002B00F0C580C3F80080002900F0C280F9
S2140349C042688A4240F2BE80073121F0070608F0AB
S2140349D0BDFA05AACDE9008282463A464B463146E1
S2140349E0284600F08AF9059F834607B130B950463A
S2140349F008F0A7FA192007B0BDE8F08FB7F80280D1
S214034A0029694FEAC802C0EBC8080139B8F1270F75
S214034A1029617AD9B9F1000F51D1864206F1080807
S214034A2048D0224639462846FFF778FF04460590C5
S214034A30059B9844404600F05CF9059906F10F0083
S214034A404A88C308A2EBD002A8F80220CA88A8F8AE
S214034A500430002A30D0D31A9BB201EBC202A8F866
S214034A60063093808B88F608A380B8F804303A465D
S214034A70E380414600232846668000F0A6F9AB682B
S214034A800833AB60237843F0010323702B690133AB
S214034A902B616288AB68504603EBC203EA68AB60DF
S214034AA0934288BFEB6008F04CFA109B0834002052
S214034AB01C60A0E73C46BBE7A8F80620D2E707EB56
S214034AC008042046039200F014F90BF10703DB08F1
S214034AD00599638008F10703DB08A380CB8893B1AD
S214034AE0DB00039AD81D821A5A44C2F3CF020B4442
S214034AF0E2809A80A38808F1FF384FEAD808A1F825
S214034B000280CB80BBE7E380F4E7B9F1010F1BD14A
S214034B1007F10803B3FBF4F204FB1233B3B12246E6
S214034B2039462846FFF7FAFE044623783A4643F00A
S214034B300103237021460123284600F046F9A8E71F
S214034B40222058E7212056E78642E8D13C46ECE788
S214034B5007B500224FF0FF3101AB0192D9F740FCB5
S214034B60019803B05DF804FB2DE9F74F04460D46A4
S214034B70002900F0AB80D0E9056808F0E7F915F8DE
S214034B80087C35F8061CFB07009000D531B9009861
S214034B9008F0D7F9012003B0BDE8F08FA368D4F876
S214034BA0109035F804ECA3EBC10B09F10103A5F152
S214034BB0080C4A1CC4F808B02361BEF1000F7BD072
S214034BC0ACEBCE03D888B3F802A00190187807F0B0
S214034BD00207C00765D4002F64D10198A0EB0A072B
S214034BE0012F69D18A1CABF108075244C4F8109010
S214034BF0A76035F802ECBEF1000F61D0D4E900706F
S214034C000CEBCE0A07EB0009CA4559D21CF83EC086
S214034C1057461CF0010C15D1AEEB0101012911D149
S214034C20BAF80210AAF802C001310A44BAF806100C
S214034C30002943D00AEBC107216901392161A16824
S214034C400839A16015F8081C013A21F0010105F89E
S214034C50081C002125F8061C5A801A7861F3000206
S214034C601A707FB3C3F107023A44C2F3CF02DA8065
S214034C70BA804EB3B34227D37288002A08BF1E46B3
S214034C80B8F1000F06D0434504D8B8F80220002A2E
S214034C9018BF43460098C4E9056308F052F900209C
S214034CA079E74FB115F8087C724427F0020705F838
S214034CB0087C00279F809CE763469AE70F46BBE77E
S214034CC00027BFE7DF80D4E71E46D9E7222062E746
S214034CD010B50446D9F79CFB2146BDE81040FFF704
S214034CE043BFFFF7F5BF0846FFF732BF0846FFF797
S214034CF0F8BF0023036043607047F0B5D0E905545E
S214034D00561C08BF0822002B4FF0000008BF2C4695
S214034D10DDF818C0CCF80000002C37D09DF81470CE
S214034D206588FF0007EBC505C2F1000E2078C007B3
S214034D3008D51BBBE088A0B104EBC004658807EB6D
S214034D40C505F3E78D42F4D363B904F10806B6FB51
S214034D50F2F002FB106670180EB1A842EAD8CCF83F
S214034D600040F0BD082A0FD06088013004EBC00075
S214034D70461A06EA0E06801B8542F0D2A088002853
S214034D80EFD0A4EBC004D9E70846E8E72046E8E7F7
S214034D9003460069C0B10AB951B91A6810460378C8
S214034DA0DB0711D531B9C3885BB100EBC300F6E767
S214034DB09A69F3E7012904D1838823B1A0EBC300E2
S214034DC0EDE700207047184670472DE9F041D0E91B
S214034DD00554074688461646ABB1954200D00ABB33
S214034DE0424600213846FFF7D3FFB442054600D0BB
S214034DF02EB9424601213846FFF7CAFF0446C7E9E3
S214034E000554BDE8F081954208D08D4228BF0D4673
S214034E10B44205D0444538BF4446F0E70D46F7E7AD
S214034E204446ECE79442EAD1E3E770B500261C4615
S214034E30C3E90001C3E90266C3E905001E611A77E8
S214034E405E62FFF756FF23690139C90801334180C3
S214034E502361A36830460833A360E3680833E3603E
S214034E6070BD002307B5684600938DF80430D7F766
S214034E7025F903B05DF804FB10B508F05AF80446AC
S214034E8006F060FA2046BDE8104008F04DB87047BB
S214034E904FF4C870D9F71CBBD9F7CEBB00F01CB8CB
S214034EA07047704708B503F001F903F009F903F0FA
S214034EB010F903F01FF9BDE8084003F02EB9704758
S214034EC008B503F0EEF803F0EDF803F0ECF803F0A2
S214034ED0ECF8FFF7F4FF08BD08B503F01FF903F07D
S214034EE01EF903F01EF9BDE8084003F021B9704728
S214034EF0012070472DE9F34112F001050446884668
S214034F0022D110F0030525D12F465208BA4209D103
S214034F10D7F762FB0026B74204EB860008D1D7F723
S214034F2067FB11E054F8273001330CD10137EDE766
S214034F30042258F826300DEB0201019308F010FB0B
S214034F4030B1D7F755FB3D25284602B0BDE8F081C2
S214034F500136E0E70125F7E77047B0F1006F0FD39E
S214034F6000F07843B3F1006F0CD000F06040B0F16E
S214034F70404F09D0B0F1604F14BF042003207047A0
S214034F8000207047012070470220704700207047BA
S214034F901AB111B180B2D9F7C3BD2120704701F011
S214034FA056BEE2F7EDBEFFF78DBCD0E9023253F8EA
S214034FB0223000211878E2F735BB704702F08CB92F
S214034FC001F0DABDC3688268013BDBB252F82330D6
S214034FD05B78652B02D10020E4F774BE6E2B01D1FB
S214034FE00120F9E7662B01D10220F5E7704710B5DB
S214034FF0D0E90232044653F82230187802F046FA13
S214035000E368A268013352F82330BDE810401878ED
S21403501002F03ABA10B50446C0B2DAF74FFF200AD8
S214035020BDE81040DAF74ABFD0E9023253F822301F
S2140350301878DBF74BB802F0E1B9E3F741BB08B5E4
S21403504001F0B8FEBDE80840E4F72ABDD0E9023215
S21403505053F82230186801F0ABBE0020E4F726BEF2
S2140350600120E4F723BE0221DAF7C6BF0321DAF7ED
S214035070C3BF0521DAF7C0BF08B501460C20DAF72F
S21403508097FFBDE80840DAF725BF08B501460020BC
S214035090DAF78EFFBDE80840DAF71CBF07B5C2682B
S2140350A08368043253F8223001211B880DF106026F
S2140350B0ADF806300023DBF723FD03B05DF804FBF1
S2140350C008B508F045F8BDE80840F0F7A7BF10B5E7
S2140350D01446DCF731F82146BDE8104007F0D6BD8C
S2140350E008B5DCF729F8BDE80840002107F0CEBD77
S2140350F008B5DCF721F8BDE80840F0F7C5BB08B5EE
S214035100DCF71AF8BDE8084008F085B908B5DCF7FF
S21403511013F8BDE80840F0F7A3BB7047704708B51F
S21403512008F016F8FFF7FAFF03F065F8BDE8084045
S214035130DCF74EB87047012070470120704708B56A
S214035140DCF7E2F800280CBF0420012008BD7047F6
S2140351502DE9F34104460D4616461F46DDF820802A
S21403516008F08EF83B46324629462046CDF80080A6
S21403517003F043F83B46324629462046CDF80080E6
S214035180FFF7E5FF02B0BDE8F04101F060BD2DE991
S214035190FF4704460D4616461F46BDF830809DF869
S2140351A03490DDF838A008F06BF83B4632462946C3
S2140351B02046CDE9019ACDF8008000F0FDFF04B04B
S2140351C0BDE8F04701F043BD704708B508F058F84E
S2140351D003F016F8FFF7F8FFBDE8084001F037BD07
S2140351E0012070472DE9F74304460D4616461F4631
S2140351F09DF8289008F044F83B4632462946204658
S214035200CDF80090FFF7ECFF80463B463246294632
S2140352102046CDF8009002F0F4FF01F018FD40465A
S21403522003B0BDE8F083012070472DE9F743044639
S2140352300D4616461F469DF8289008F021F83B4673
S214035240324629462046CDF80090FFF7ECFF80460D
S2140352503B46324629462046CDF8009002F0D2FF60
S21403526001F0F5FC404603B0BDE8F083F8B504460C
S2140352700D4616461F4608F003F83B4632462946B7
S214035280204602F0C0FFBDE8F84001F0E0BC002075
S2140352907047F8B504460D46164607F0F1FF32464A
S2140352A029462046FFF7F3FF07463246294620469F
S2140352B002F0AAFF01F0CBFC3846F8BD38B5044629
S2140352C00D4607F0DDFF2946204602F09EFFBDE8A7
S2140352D0384001F0BCBC10B5044607F0D1FF2046A9
S2140352E002F094FF2046FDF7EEF8BDE8104001F00B
S2140352F0AEBC704738B504460D4607F0C1FF2946D5
S214035300204602F095FF29462046FFF7F2FFBDE848
S214035310384001F09CBC704770B504460D461646EF
S21403532007F0AEFF32462946204602F083FF324698
S21403533029462046FFF7EFFFBDE8704001F087BC23
S214035340704738B504460D4607F09AFF29462046AF
S21403535002F072FF29462046FFF7F2FFBDE8384009
S21403536001F075BC704738B5054607F089FF284637
S21403537000F0EFFE04460146284601F0ABFF01F0BD
S21403538066FC204638BD38B504460D4602F056FF87
S21403539029462046FFF7E6FF38BD704738B5054671
S2140353A007F06EFF2846E2F797FC044601462846B8
S2140353B001F08EFF01F04BFC204638BD38B504469D
S2140353C00D4602F03CFF29462046FFF7E6FF38BDB0
S2140353D0704710B5044607F053FF204602F030FF2F
S2140353E02046FFF7F5FFBDE8104001F030BC7047DC
S2140353F038B504460D4607F043FF2946204602F01B
S21403540021FF29462046FFF7F2FFBDE8384001F0AA
S2140354101EBC704770B504460D46164607F030FFAF
S21403542032462946204602F00EFF324629462046DB
S214035430FFF7EFFFBDE8704001F009BC704738B5D1
S21403544004460D4607F01CFF2946204602F0FCFEE4
S21403545029462046FFF7F2FFBDE8384001F0F7BBC8
S214035460704738B504460D4607F00AFF294620461E
S21403547002F0EBFE29462046FFF7F2FFBDE8384070
S21403548001F0E5BB704710B5044607F0F9FE204669
S21403549002F0DCFE2046FFF7F5FFBDE8104001F002
S2140354A0D6BB704710B5044607F0EAFE204602F066
S2140354B0CEFE2046FFF7F5FFBDE8104001F0C7BB60
S2140354C07047704770B504460D46164607F0D8FE7B
S2140354D032462946204602F0BDFE3246294620467D
S2140354E0FFF7EFFFBDE8704001F0B1BB704710B5A2
S2140354F0044607F0C5FE204602F0ADFE2046FFF741
S214035500F5FFBDE8104001F0A2BB704738B504466E
S2140355100D4607F0B5FE2946204602F09DFE2946B5
S2140355202046FFF7F2FFBDE8384001F090BB704716
S21403553070B504460D46164607F0A2FE32462946C7
S214035540204602F08BFE324629462046FFF7EFFF41
S214035550BDE8704001F07BBB70472DE9F34104467C
S2140355600D4616461F46DDF8208007F089FE3B46AB
S214035570324629462046CDF8008002F070FE3B46B0
S214035580324629462046CDF80080FFF7E5FF02B0F5
S214035590BDE8F04101F05BBB0E2070470E2070475C
S2140355A038B5044607F06CFE2046FFF7F7FF0546BE
S2140355B0204602F055FE2046FFF7EEFF01F047FBBC
S2140355C0284638BD002070470020704738B504468B
S2140355D007F056FE2046FFF7F7FF0546204602F083
S2140355E040FE2046FFF7EEFF01F031FB284638BDAC
S2140355F0704708B507F044FE02F034FEFFF7F8FFE5
S214035600BDE8084001F023BB002070477047704791
S21403561008B5DBF74BFF00280CBF0420012008BDAC
S21403562070470B68DA7B1AB9DB7C0BB9DBF762BF12
S2140356308120704708B5DBF775FFBDE80840DBF748
S2140356407FBF7047DBF76EBFDBF77ABF082808D843
S2140356504FF48B73C34013F0010F0CBF21200020BF
S2140356607047212070470121DCF75CB80221DCF784
S21403567059B80421DCF756B80821DCF753B81021D3
S214035680DCF750B808B500F026F808B1002008BDCE
S214035690DCF798F80028F9D1DCF7A6F80120F6E73E
S2140356A0152808B503D1BDE80840DCF791B801F02A
S2140356B089FE60B9E1F764FE032806D100F009F815
S2140356C028B9BDE80840FFF7DDBF0028EBD008BDCA
S2140356D07047002070470020704708B5DCF76AFA69
S2140356E0FA23B0FBF3F008BD0321DCF793BA0120DD
S2140356F07047D0E9023253F822301878DCF792BCB0
S2140357000868C37B1BB9C37C0BB9DCF7BBBC812021
S2140357107047D0E9023253F822301878DCF7F4BC2D
S214035720704730B50546044615F8100B85B002954C
S21403573065691D44CDE900250B46A21D618801F06D
S21403574023FE05B030BD704710B492F80A4192F8B4
S214035750053103EB04230B8100235DF8044B1A4643
S21403576001F010BE1FB50446084671B12178FF2923
S2140357700BD0238B029363690193237C0093628887
S214035780A31DE2F7C5FAFF23237004B010BD086813
S214035790C37B73B9C37C032B0BD8DFE803F0020883
S2140357A00406DCF7B1BFDCF7E1BFDDF711B8DCF7C1
S2140357B0BFBF81207047704770470020704713783B
S2140357C010B5032B0CD15479CBB29C4208D19379F4
S2140357D0B3EB112F04D153781B1A5842584110BD0E
S2140357E00020FCE77FB505460E4600246946E0B276
S2140357F001F076FD28B96A4631462846FFF7DFFFF3
S21403580018B90134202CF1D1002004B070BDFFF785
S214035810E9BF0868C37B9BB9C37C052B10D8DFE8B8
S21403582003F0030D070B0905DDF776B8DDF7B2BA0B
S214035830DDF70CB9DDF75EBADDF7DCB9DDF7AEB838
S214035840812070470020704730B5102587B001AA25
S21403585000210195FEF745FC04462A46002102A8CE
S214035860E7F7E0FD2A46214602A8E7F72DFE0121C9
S21403587002A8DDF76DFC07B030BDDDF7FBBB704754
S214035880FFF7FDBF0B68DA7B5AB9DB7C012B04D02C
S214035890022B04D02BB9DEF77FB8DEF789B8DEF724
S2140358A093B881207047002307B5012101A801930F
S2140358B0D3F738FE08B9D3F771FC012003B05DF8BF
S2140358C004FB08B502F030FA052803D0003818BFE9
S2140358D0012008BD0220FCE77047D0E9023253F8E6
S2140358E022301878003818BF0120DFF7EDBBDFF74A
S2140358F0F1BB00207047002070477047FF207047B9
S214035900FF20704700207047002070470020704734
S214035910704706207047DEF795BE0868DFF76EBB54
S21403592070B50D46044600212846164601F074F964
S214035930324620800221284601F06EF93246608006
S2140359400421284601F065F90023A360E360606044
S214035950082070BD034641B181424FF0640005D96B
S2140359604343B3FBF1F0C0B2704708467047DFF716
S214035970BFBBE0F7B5B9E0F7BDBAB0F5807F05D099
S214035980A0F50073584258414001704708207047FD
S21403599030B599B00D4669461446E0F70FFA30B9AC
S2140359A015B1BDF802302B600CB10D9B236019B006
S2140359B030BD2DE9F04788B00E46904604A905AAE7
S2140359C007461D46FFF7E4FF044638BB28800DF163
S2140359D00C09DDE904A39A4520D20622514638462F
S2140359E0CDF8009006ABE0F705FAD8B9039B062B73
S2140359F018D12A88DDF81A3042450ED2BDF81810A1
S214035A0026F832102A8806EBC20253602A885344CB
S214035A10013206332A800493DBE7F7D9204608B021
S214035A20BDE8F0870124F9E72DE9F0438FB00F4670
S214035A30904601A9002204469946FFF7A9FF18B12C
S214035A4001200FB0BDE8F083062220460DF10203C5
S214035A5002A9FFF7AEFF0028F2D105460246BDF8BD
S214035A600210019CEEB28E42EAD20EAB03EBC606E0
S214035A7056F82C3C36F8306C0634BE4217BFE41892
S214035A80012213460022013522B1C8F80040C9F8A6
S214035A900030D6E71A46E5E770B50024012602F083
S214035AA01DF9E5B2C26806FA05F59542234604F1E8
S214035AB00104F4D3D8B270BD70B586B0DFF7CCFF5F
S214035AC000F11006E5F738FB00240546142201A969
S214035AD0301902F00AF91CB99DF80430FF2B16D0D2
S214035AE0002303F118026A4412F8142CFF2A06D185
S214035AF01C44601E90FBF5F080B206B070BD2B44CC
S214035B00DBB2132BEDD91434B4F5826FDED14FF02C
S214035B10FF30F2E7DFF7D6BD07B504220DEB02012F
S214035B2002F0E3F8019803B05DF804FB37B50546C9
S214035B3008460C46FFF7F0FFA84206D0042220468C
S214035B400DEB02010195E5F749FB03B030BD07B540
S214035B500B460092002102460120DFF745FE03B004
S214035B605DF804FB08B50121DFF776FDBDE80840C4
S214035B70E5F7E0BCE0F7B4B808B5FFF7F3FF00209D
S214035B8008BD08B513460A4601461846DFF7C0FEA9
S214035B9080F00100C0B208BD00207047704708B10E
S214035BA0E0F7BEB9704730B4DDE902451DB1029493
S214035BB030BC00F0C6B930BC70471F2804D8142286
S214035BC000F5A030D9F776B870471F2804D81422FA
S214035BD000F5A030D9F79AB87047152808B505D14F
S214035BE0FFF7DCFFBDE80840E0F7E0BA08BD10B5F4
S214035BF0142486B02246002101A8E7F713FC2023CD
S214035C00224601A94FF4A03001F078FC06B010BD7F
S214035C100020704713B500230C461A460146CDE90B
S214035C200033E0B2E1F786F802B010BD13B50023E7
S214035C301446019001220093E0B2E1F77BF802B02C
S214035C4010BDD0E9023253F822301868E1F7EAB9FA
S214035C50194491420ADC4218002003B9704712F82F
S214035C60011D013B01EB0020DBB2F6E70020704785
S214035C702DE9F04F4FF0000A85B0019381460F4699
S214035C8015465346019A11785FFA8AF2914203D871
S214035C90002005B0BDE8F08F019909EB050801EB7C
S214035CA04202517892F802B011F04004009101F0DC
S214035CB03F061BD0AC19BC42D4BF00240124334694
S214035CC06400A20740F18880009B1B0640F1928087
S214035CD00E9B324603EB0B000021E7F7A3FB3D4682
S214035CE000231D44ADB20AF1010ACBE7042E07D800
S214035CF066B1B31E022B0BD8DFE803F01221300087
S214035D003E2E37D03F2E5BD03D2E4BD00320C0E730
S214035D10BD4234BF00240124012664003346D0E785
S214035D20AB1CBB4250DC02233A4629464846FFF7E3
S214035D308FFFADF80A0002230DF10A08C1E7EB1C3A
S214035D40BB4243DC03233A4629464846FFF780FF17
S214035D500390042603230DF10C08B2E72B1DBB4268
S214035D6036DC04233A4629464846FFF771FF03907C
S214035D700423F0E77A1E95422CDA02233A46294694
S214035D804846FFF765FF4FF6FF7380B298420EBF93
S214035D900223023083B25C19A742B4BF0324012452
S214035DA004268EE7BD4215D298F80030FF2B0CBFB1
S214035DB001230133EC18BC42CCBF03240124EFE7D4
S214035DC00124042600237CE73446B4E70224C0E714
S214035DD00224CDE70324E3E70E9A02EB0B0014B18B
S214035DE042F80B807DE7324641460093E7F7AAFC6C
S214035DF0009B76E702204CE710B5144686B0188160
S214035E001A460A9B0291CDE9034301230193099B9A
S214035E10014600930320BDF82030E1F7C7F906B02A
S214035E2010BD1FB500240294079C0194BDF81840CA
S214035E300094FFF7E1FF04B010BD2DE9F0410E46D4
S214035E401746054686B098B391B38AB34FF0000859
S214035E5002A95FFA88F001F043FA044640B99DF8B8
S214035E600830032B08D008F10108B8F1200FEFD152
S214035E70204606B0BDE8F0819DF809202B799A42AA
S214035E80F1D1BDF80A206B889A42ECD19DF80C300C
S214035E90BDF80D006B7128812B4622464FF6FF7125
S214035EA0CDE90067FFF7BDFF0028DCD00446DFE737
S214035EB02124DDE710B586B00A9C04949DF824409F
S214035EC00394BDF8204002940124CDE90034134620
S214035ED00A4601460620E1F769F906B010BD1FB56C
S214035EE004460846194600230094CDE90123079B80
S214035EF0BDF81820FFF7DEFF04B010BDF0B502288A
S214035F0005460E4614461F468BB00AD106A9F0B2C4
S214035F1001F0E6F998B99DF8193023719DF81C3005
S214035F206371119B224604930023CDE90233019348
S214035F30109B3146009328463B46E1F737F90BB0F2
S214035F40F0BD13B500240194049C0094FFF7D6FF1C
S214035F5002B010BD2DE9F0450646884614469A461B
S214035F60002701258BB006A9F8B201F0B9F920BBCA
S214035F709DF81830012B19D19DF8192033799A42D0
S214035F8014D1BDF81A2073889A420FD19DF81C309D
S214035F9032467371B9B2CDE9030ACDE9010043462F
S214035FA002200094E1F702F9054610B90137202FC5
S214035FB0D9D128460BB0BDE8F0850546F9E700239E
S214035FC0FFF7C8BF10B50446E1F7CEFE0021631EF7
S214035FD004F10F0213F8010FFF2808BF197093424C
S214035FE0F8D10023237410BD0020704770B5064611
S214035FF01D46E1F72DFD044608B9212070BD304645
S214036000E1F7F4FF0028F8D0A0682A46FF21FFF73F
S2140360105EF89DF81030002063719DF81430A3716C
S214036020ECE713B59DF81040CDE900341346012282
S214036030FFF7DCFF02B010BD08B5E1F709FD28B194
S2140360408068FF21FFF754F8002008BD2120FCE7F5
S2140360500122FFF7F1BF1FB50B466A4601461846F5
S21403606001F034F96A460823002032F8021B013B8C
S21403607013F0FF0380EA0100F7D1012838BF01209F
S21403608080B205B05DF804FB2DE9F04F87B0DDE97B
S214036090109B05468846484619461F461446BDF8D3
S2140360A048609DF84CA0FFF7D6FF042D0346ABF8D7
S2140360B000001AD8022D1DD9042D07D04FF2F22264
S2140360C0A188914222D1E28891071FD5E17A002266
S2140360D0CDE9013720463346CDE90392CDF800A03B
S2140360E001F043F907B0BDE8F08F6A1F012A11D902
S2140360F02120F7E700224146CDE9119228462246A1
S214036100109707B0BDE8F04F01F03EB94FF6FF76A3
S2140361100C21DCE7052D0ED10023E17A0022CDE920
S2140361200137CDE903920091234652464146304655
S21403613001F00EF9D6E74FF2F222A188914204D17C
S214036140E288920701D5E17AE8E74FF6FF760C215D
S214036150E4E7F0B585B00546E1F73AF948B16B8850
S214036160B3F5006F05D1681D05B0BDE8F04000F03B
S214036170EEBC284600F004FD0446C8B9E7B26946FB
S214036180384601F0ADF878B99DF8006066B929463F
S214036190384601F0A9F820B140F60443984207D0E8
S2140361A08C26304605B0F0BD0134202CE6D1F7E747
S2140361B08D26F6E7E1F7F2BA2DE9FF4704460D46CA
S2140361C00146184617461E46BDF830809DF83490A3
S2140361D0DDF838A0DCF7D8F8D0B92146284601F018
S2140361E021F933463A4629462046CDE9019ACDF8A9
S2140361F00080E1F777FB33463A4629462046CDE949
S2140362000D9ACDF8308004B0BDE8F04701F0F7BF33
S21403621004B0BDE8F087E1F70FBDE1F7C7BCE1F7CF
S214036220EBBC10B5044601F009F9082201462046E6
S214036230BDE81040E7F748B901F002B9002101F0C4
S214036240FFB801F011B90020704720207047EEF721
S214036250C5BFEFF70FB8F1F7B9BA7047E1F738BE25
S21403626070B506460C46154600F04CF850B13CB1E6
S21403627035B1204600F0D6FC013080B2A84200D9E2
S214036280002070BD304600F043F840B1002CF7D034
S214036290012DF5D9204600F0CAFC0230EDE7304662
S2140362A0E1F776FDEAE7F8B5BDF8185010B396782F
S2140362B055B9D478A6F14107012F07D8621ED2B28A
S2140362C000F0CFFD0020F8BD2C46F3E7433E012E39
S2140362D004D8A21E92B200F0DCFDF3E7D27813B91D
S2140362E00DB1AA4206D811B9E7F79CF8EAE7E7F733
S2140362F0EBF8E7E78920E6E7413803288CBF002060
S21403630001207047413801288CBF002001207047C8
S214036310433801288CBF00200120704700207047B7
S214036320002070470388B3F57C4F01D3FFF7F8BF0F
S2140363300846FFF7F3BF10B54A880488A2420DD17A
S214036340037B0C79234009D0B2F57C4F08D3FFF7C3
S214036350E7FF0B891B1A5842584110BD0020FCE783
S2140363600120FAE738B50D88D488A5420AD10388F8
S214036370B3F57C4F08D2FFF7D5FF13891B1A584293
S214036380584138BD0020FCE70120FAE72DE9F04725
S21403639015460446B8B149B1EAB100264FF0140ACF
S2140363A0B04690F80490F3B2994501D800240AE069
S2140363B027680AFB06773846FFF7BDFF013628B184
S2140363C03C46A5F800802046BDE8F0877B89434419
S2140363D01FFA83F8E7E71446F5E72DE9F0470E467C
S2140363E015460446B8B149B112B300274FF00C0A5C
S2140363F0B846B0F80890BBB2994501D800240AE025
S2140364006368324620460AFB0731FFF7ABFF28B125
S2140364100C46A5F800802046BDE8F0870B790137C7
S21403642013F0300F02BFCB7843441FFA83F8E2E73A
S2140364301446F0E72DE9F04186B00D46144698461B
S21403644004AA05AB03A90646E1F778FD40B30DB1F0
S214036450049B2B6034B3049D03982946FFF762FF21
S2140364602B88074602467188307800F04FFBD8B178
S214036470297911F010030BD0EB782A46CDE90043B7
S2140364803B4671883078FCF70AF806B0BDE8F08121
S2140364902A4620460599CDF80080FFF704FFF4E767
S2140364A08620F2E72046F0E77E20EEE71FB51C467F
S2140364B00023ADF80A20BDF818208DF80400ADF8C7
S2140364C00610ADF80C2069461A4601A800938DF80D
S2140364D00840FFF7AFFF009804B010BDF0B587B0D3
S2140364E00E4605AB04AA03A90446E1F727FD08B345
S2140364F0049D03982946FFF715FF2B880746024697
S2140365006188207800F004FBB0B1297911F01001FE
S21403651008D000963B462A4661882078D0F754FD7B
S21403652007B0F0BD009101232A4631460598FFF7D0
S214036530BAFEF5E78620F3E77E20F1E72DE9F04182
S214036540064600254FF014080779E8B2874201D8BB
S21403655000241AE008FB05F0D6F800C00CEB000494
S2140365603CF8000081421AD132B1802A10D194F946
S2140365700CC0BCF1000F12DAB0F57C4F05D32046F1
S214036580FFF7CEFE834200D04BB92046BDE8F0812C
S214036590402A04D194F80CC01CF0400FECD101350E
S2140365A0D3E70121E1F706BC08B513460022E1F75D
S2140365B02FFD003818BF012008BD08B5134640223A
S2140365C0E1F726FD003818BF012008BD08B51346BD
S2140365D08022E1F71DFD003818BF012008BD08B56D
S2140365E040220023E1F714FD003818BF012008BD40
S2140365F008B580220023E1F70BFD003818BF012001
S21403660008BD0023E1F704BD0021E1F771BD10B515
S21403661004460121E1F76CFD2046BDE8104001F079
S21403662022BE7047F8B516461F469DF81820BDF8DB
S2140366301C300546E1F7ECFC78B10421E1F7D6FD02
S214036640044650B1284600F00EFB3A46314628462B
S214036650A047BDE8F84000F0FABAF8BD2DE9F74FB9
S2140366601E46DDE90C9B074688461446BDF83830BF
S2140366702AB3B9F1000F22D00EB392F804A099F80A
S2140366800020504612F0080F0CBF8022402261887B
S214036690E1F7BEFC98B10821E1F7A8FD054670B105
S2140366A0504600F0E0FA3346224641463846CDE9E6
S2140366B0009BA84703B0BDE8F04F00F0C8BA03B08C
S2140366C0BDE8F08FF8B5BDF8187016461A463B4677
S2140366D00446E1F79DFCE0B177B90221E1F786FDB8
S2140366E00546B0B1204600F0BEFA31462046A8471C
S2140366F0BDE8F84000F0ABBA1021E1F777FD054698
S21403670038B1204600F0AFFA3A4631462046A8474D
S214036710EEE7F8BD73B5BDF8184016461A4623468D
S2140367200546E1F775FCB8B1C4B92021E1F75EFD73
S214036730044670B1284600F096FA099B314600934A
S21403674028469DF820309DF81C20A047044600F0FC
S2140367507EFA204602B070BD8624FAE70024F8E7E6
S2140367602DE9F04186680446007800F07CFA00259F
S21403677014273279EBB29A4203D8BDE8F04100F011
S21403678066BA7B4332682078D15A02EB030800F0DE
S214036790C1F901214046E1F729FD034608B12078F7
S2140367A098470135E5E72DE9F04F1C4689B09DF87B
S2140367B04C30BDF8488001939DF8503092460293C2
S2140367C02246434607460D46E1F722FC8DF8147031
S2140367D00646ADF816508DF81840ADF81AA0ADF879
S2140367E01C8018B9012009B0BDE8F08F05A9FFF792
S2140367F0A2FD0028F6D000252F46A8462C4634E0F6
S2140368000C231FFA85F903FB09F931887368B1F580
S2140368107C4F33F8092003EB090B1AD333F809002E
S21403682050452CD3019BA3422DD900F0B8F99BF811
S2140368300200E2F787F9029B43B19BF8043013F09A
S214036840010F0CBF05200720E2F77CF90134A4B240
S21403685019E0ADF81A205946304605AA0393FFF708
S21403686081FD039B0028D9D101353289ABB29A4208
S214036870C6D804EB0800C31B58425841B3E708F1D7
S21403688001081FFA88F80137BFB2EDE710B50124F7
S21403689088B006949DF83C4005949DF838400494CF
S2140368A09DF8344003949DF8304002940B9C019469
S2140368B0BDF828400094E1F7DDFD08B010BD2DE9D2
S2140368C0F04786B0BDF83880DDF83C909DF840A0D0
S2140368D0CDF80080CDE9019A04460D4616461F46BC
S2140368E000F012F9B8B1431EDBB2012B10D8002317
S2140368F00122811E48424841CDE90432CDE902A077
S2140369003B46324629462046CDE90089FFF7BEFFBF
S21403691006B0BDE8F0870120FAE730B5002401256C
S21403692087B0CDE9044503959DF82C5002950A9D42
S214036930CDE90045FFF7AAFF07B030BD30B5002408
S214036940012587B0CDE9044503959DF828500094AA
S214036950CDE901354023FFF799FF07B030BD10B5E9
S214036960012486B0CDE90444002403949DF828400E
S2140369700294099C0194BDF820400094FFF786FF1B
S21403698006B010BD1FB5089C03949DF81C400294E6
S214036990069C019400240094E1F768FE04B010BD41
S2140369A070472DE9F84F0229074688460C9D04D800
S2140369B04FF0000A5046BDE8F88F1BB10429F7D9FB
S2140369C042F004023A702BB303247B701B0ABB709D
S2140369D0E3F762F94FF000099DF82830385504F1C3
S2140369E0020A01343B550B9A5FFA89F3D45C002CF8
S2140369F0E0D0732C10D82E464C2C56F804BB3DD052
S214036A00532C15D0622C45D1AC8805F1080600231B
S214036A101A4616E00124DBE7A4F17503032BC7D857
S214036A20763C2E1D022C52D8DFE804F0565A580046
S214036A306A6805F1080694B2D2B2B2F1FF0318BF32
S214036A4001230AEB040119448845B1DB5046194675
S214036A50002947D153441FFA83FA5CB1BBF1000FF8
S214036A60A6D0224607EB0A005946E6F76BFE5444C7
S214036A701FFA84FA354609F10109B4E74FF6FF73A6
S214036A806A6805F1080694B222469C4214BF0223A4
S214036A900023D6E76C2C05D1584600F0C8F8841CB2
S214036AA0A4B2B4E7732C04D1584600F0BBF8441CD8
S214036AB0F6E7A4F13003DAB2092A01D89CB2A6E7B6
S214036AC0A4F14103062B3FF673AF373CE8E70123F7
S214036AD000242A68A346B4E70223F9E70323F7E76B
S214036AE00423F5E700F1010C01393A54C9B2120A3E
S214036AF01FFA8CF0ACE70020E1F7ACBF0022E1F709
S214036B00C9BF0023E1F7DCBF0120704701207047AF
S214036B100120704770470020704700207047002010
S214036B20704700207047002070470020704770476A
S214036B300E207047002070470020704700207047E3
S214036B40002070477047FF2070470E207047842050
S214036B50704770470020704770470020704700203A
S214036B6070470020704700207047002070470020C1
S214036B7070470020704770470E207047002070470C
S214036B800020704700207047704770470E207047FC
S214036B90704700207047812070477047704738B5AC
S214036BA00546C0B2E1F7CEFF0446280AE1F7CAFF5E
S214036BB014B1002808BF0024204638BDF8B50546A2
S214036BC0C0B2E1F7BFFF0446C5F30720E1F7BAFFFB
S214036BD00746C5F30740E1F7B5FF0646280EE1F77B
S214036BE0B1FF24B12FB136B1002808BF00242046D8
S214036BF0F8BD3C46FBE73446F9E710B4CC1894429C
S214036C0003DC5DF8044BFFF723B800205DF8044B64
S214036C1070470423FFF7F1BF08B50223FFF7EDFF24
S214036C2080B208BD0078FF2808BF0020704708B56B
S214036C3002220021FFF7F0FF4FF6FF73984208BFCA
S214036C40002008BD003818BF012040007047002010
S214036C50704708B5FFF7A5FCFF284FF0FF3018BFB5
S214036C600020C0B208BD08B5FFF7F3FFFF280CBF2E
S214036C702120002008BDF8B506460C4615461F46DB
S214036C8000F011F810B12544AC4200D1F8BD3946E6
S214036C90304614F8012BE2F747F8F5E701460022E1
S214036CA00220E1F7D1BF0120704737B50546E0F76C
S214036CB05BFA044601950CB981201CE0237823B1C6
S214036CC02046E0F759FA0446F5E72B6862685B88C6
S214036CD09A42F5D1A368EA7B99B272B12A8A9142A5
S214036CE0EED16A7DB2EB134FEAD10020E36801A927
S214036CF098478128E4D003B030BD4FF6FF72EEE725
S214036D002DE9F84304460F46904699460BB3012AED
S214036D101FD80C20E6F78CFD064610B91920BDE8EF
S214036D20F8831020E6F784FD18B93046E6F788FDA9
S214036D30F4E70123002547EA084770600570C0F8AA
S214036D400C904460876033803046E0F705FA2846A7
S214036D50E5E72120E3E738B50446436808460D46D1
S214036D609847B4F90830002B02DB2B78042B06D1A6
S214036D70002320466360BDE83840E2F767BB38BDB2
S214036D8030B54FF48A5587B0ADF816200DF11604CA
S214036D901A46029543B100230122CDE90033234668
S214036DA000F01EFA07B030BD019401240094F7E703
S214036DB0FFF7EBBEFFF7BEBE0020704708B500F036
S214036DC001FB20B900F048FB08B9DFF7BDFBFFF76E
S214036DD0D2FEBDE80840FFF7DBBE0020E2F79EBF09
S214036DE00021E3F73BB80022E2F7FABF1FB5D288CB
S214036DF00B4612F0200F4FF6FD7114BF49245224A0
S214036E00ADF80610510544BF083CE4B2110544BF73
S214036E10083CE4B2120444BF023CE4B2032805D89B
S214036E20DFE800F0020F161CADF80630BDF80600CA
S214036E30FFF789FEFF281CBF241AE4B2204604B0DD
S214036E4010BD02AA0DF10601D8B200F079FAEDE7FB
S214036E50D8B200F047FAADF80600E7E7013CE4B223
S214036E60E4E7F8B5064617460D4681B10C78FF2CC5
S214036E700BD00846FFF7D6FEB84228BF3846C4B242
S214036E802246691C701CE6F71FFB3470F8BD0C46DF
S214036E90FBE770B5044615460E4611B941700170FE
S214036EA070BD0B78FF2B05D14B78FF2B02D10370F7
S214036EB04370F5E73046FFF7BAFEA84228BF2846D8
S214036EC085B22A46B11CA01CE6F7FEFA25702D0AE9
S214036ED06570E5E7F0B523B9013A531C2FD10020BE
S214036EE020E0042AFBD800231C46551E6E1C1AD12C
S214036EF0042A10D00121D200501E01FA00F02042CD
S214036F001EBF914049420C4318421EBF4FF0FF314B
S214036F1001FA02F213439C421EDCB4BF4FF0FF306B
S214036F20002040B2F0BD40B1465DEF00BE403443A2
S214036F304E5D013DBE403343D8E70646F5E78C5C1D
S214036F4038B90346A34202F1FF32C6D24FF0FF30F0
S214036F50E8E7835CA342F5D90120E3E7283807284E
S214036F608CBF0020012070471D2810D004D840B1E4
S214036F701C2804D0552070471E380128FAD81A2931
S214036F8001E00B390F298CBF5520002070470829D4
S214036F90F9E7002000217047F7B59DF82040054625
S214036FA0082C104619469DF8246036D8002213464E
S214036FB02C44AC4208D106F0FD04382C0ED10096C2
S214036FC0FFF7E7FF03B0F0BD14F8017D1B0243EAA9
S214036FD012631202BA1843F10003EAE7392E10D1FE
S214036FE007EE100A07EE902AB4EEE77AF1EE10FAEF
S214036FF0CCBF77EE677A77EEC77A002117EE900A52
S214037000E0E7824273EB010403D2801A61EB0301CB
S214037010D8E7101A63EB0101D4E700200146D1E755
S21403702038B5C36814461944836853F821501AB117
S2140370302846E6F7F3F82070284638BD2DE9F341D5
S2140370401C4616460DF107029DF82050FFF7E8FF91
S2140370509DF807308046A34288BF8DF807409DF809
S21403706007700DB1E41BE5B22A4600213046E6F769
S214037070D9F93A4641467019E6F726FA384602B079
S214037080BDE8F0812DE9F3411D46164601AA9DF899
S2140370902040FDF726F8019B80469D4238BF0195A8
S2140370A0019F04B1EC1B224600213046E6F7BAF9ED
S2140370B03A4641463019E6F707FAF8B202B0BDE899
S2140370C0F08173B50024154601AA1E460194FDF708
S2140370D008F8019B072B0AD92146CCB216B1C4F196
S2140370E00704E4B2425C013108292A55F5D1D8B227
S2140370F002B070BD1FB5030A8DF80E30032300934C
S21403710003AB8DF80D0000F0BBF805B05DF804FB8B
S2140371101FB58DF80F100421030A8DF80E30009169
S21403712003AB8DF80D0000F0ABF805B05DF804FB7B
S214037130F0B589B016689DF83C50CDF809608DF817
S21403714011305668BDF83830012D109FBDF8444005
S214037150CDF80D60ADF812308DF8145014D0032D11
S21403716019D13B68CDF815307B68CDF819309DF8FA
S21403717048308DF81D3016230093BDF84C2002AB23
S21403718000F07EF809B0F0BD8DF81540240A0F23F1
S2140371908DF81640F0E70120F4E71FB504460846CD
S2140371A011461A4602238DF80D100093214603ABB1
S2140371B000F066F804B010BD10B514461A460B6806
S2140371C086B0CDF80D304B683421CDF811300A2344
S2140371D0009303AB8DF8154000F052F806B010BDCF
S2140371E02DE9F041B6B014461D4606460F469DF8F7
S2140371F0F080E3F757F803AA8DF80C001046330A1D
S2140372008DF80F703F0A8DF80E308DF80D602B4603
S2140372108DF810708DF8114005EB4405AB4202F172
S21403722002021FD16200D2B2931DDBB23D99D8335E
S2140372306B44073203F8CC8C01EB4805D3B250FA03
S21403724082F2A94202F1020212D103EB4803009034
S21403725006213046BDF8F820DBB2E3F72DF836B04A
S214037260BDE8F08133F8021B1171090A5171D5E7A5
S21403727031F8024B02F8024C240A02F8014CE0E70C
S2140372802DE9F0411C4605460E4617469DF8188024
S214037290E3F708F8207043463A46314628460694F4
S2140372A0BDE8F041E3F708B8002070477047D7F70A
S2140372B06BB8704770477047704770470020704739
S2140372C070477047002070477047704702F0EEBE65
S2140372D0FEF774B8FEF757B803F031BAF7F7CCBB2E
S2140372E003F01EBAF7F786BBF7F7EEBBF7F7A8BBB4
S2140372F0FEF71EB9FEF76DB8FEF77AB8F3F720BEB1
S214037300F3F724BEF2F784BDF1F7A6BEF1F7AABEE3
S214037310EEF77EBBFEF7B7B8FEF77CB8FDF718BFEF
S214037320FEF79FB8FEF78BB830B4BDF808409DF85B
S2140373300C50CDE9024530BCFDF729BFFDF796BFDB
S214037340F7F734BDE3F708B8F7F7FABDF6F746BC28
S21403735070B49DF80C40BDF810509DF8146003946B
S214037360CDE9045670BCF4F74BBC70B49DF80C40E2
S214037370BDF810509DF814600394CDE9045670BC14
S214037380F4F77EBCF4F768BD10B49DF8044001948E
S2140373905DF8044BF4F7B8BC10B49DF804400194B0
S2140373A05DF8044B01F073BF01F073BFFDF7A2BF96
S2140373B0FDF7B2BFFDF7C5BFF0F7B6BBF1F7F8B9F7
S2140373C0F1F7CAB9F0F7DCB902F09FBAF0F780BD5F
S2140373D002F0E1BAF0F7E0BEF0F7B2BAF1F7EEB9B1
S2140373E0F1F770B9F1F786B9EFF7C6B8FEF7B5B897
S2140373F0FEF768B8FEF77BB8FEF788B800F00BBC5C
S21403740000F004BCF6F720BCF4F72ABAF6F7FABB8A
S214037410F6F720BDF4F7F4B9EEF7E6BAF5F716BEBD
S214037420FFF745BFFAF70CB9FEF7E3B8FDF753BF0E
S214037430FEF738B801F001BDE2F7ECBEEEF798BEF2
S214037440EEF792BB01F09BBF01F06BBFEEF7E0BB1C
S214037450EEF71EBEEEF722BEEEF74EBBE2F7F6BE23
S214037460E2F708BFE2F7E0BEEEF7FCBAE2F7E6BEE5
S214037470F8F7BEBA01F053BF01F01ABFEEF7F8BA39
S214037480EEF760BEEEF740BBE2F784BFE2F77CBFE1
S214037490F8F7B2B8F8F79EBA03F05DBA03F063BA2A
S2140374A0F8F722B9F8F79EBA00F063B900F0A1B96D
S2140374B000F0C9B900F0A0BA00F010BB00F079BA2A
S2140374C0E3F75EBC00F0E6B900F013BA00F026B8A6
S2140374D010B51C4601F0C2FD05F00BFF0023C0F3F8
S2140374E040202370400010BD002208B50B4611460D
S2140374F0FFF7EEFF023818BF012008BD00207047D3
S21403750070470020704770470020704770470E2072
S21403751070470120704770470120704714220021EE
S214037520E5F780BF704770B505460C468AB025223E
S21403753000210DF10300E5F775FF6B68CDF81D30EC
S214037540AB68CDF82130234601AC03F11006224682
S21403755018685968083303C2B3421446F7D10123A7
S2140375606A7B8DF8023012F0040F0CBF4FF4807361
S2140375704FF4A073110748BF43F48063ADF800309F
S214037580930748BFBDF80030684644BF43F008037E
S214037590ADF80030F3F76EFE0AB070BD30B5427B2F
S2140375A00D46D10704468BB007D5407801A9F3F7FB
S2140375B0C7FED8B12D200BB030BD9307FAD5C2F362
S2140375C0800310074FEA8313ADF8023044BF43F439
S2140375D08063ADF80230BDF80220201D0AB10DF11C
S2140375E0020201A902F07FFD0028E3D001AB03CB22
S2140375F09DF81430A1602373BDF8103060605906FF
S21403760042BF627B42F0040262735A0542BF627B4A
S21403761042F0080262731B0742BF637B43F0020318
S21403762063732B4606AC0AAD224603CAAA42186009
S2140376305960144603F10803F6D10020BBE7F0B502
S21403764004460D4693B0252200210DF12300E5F7ED
S214037650E9FE636804F1040CCDF83D30A36809AE77
S214037660CDF841302B4605F11007324618685968A5
S214037670083303C2BB421646F7D105238DF82230E2
S214037680637B5B0103F40073ADF820306378FF2B54
S2140376901AD1002360461A4601A900F0CAF99DF8DC
S2140376A00530FF2B0DD1002301A91A46184600F01A
S2140376B0C0F99DF80530FF2B03D11C26304613B0C6
S2140376C0F0BD9DF8053063700020617808AA00F0CD
S2140376D09BFA06460028F1D1607801A900F02FFA3C
S2140376E02B4603AD2A4618685968083303C2BB42C3
S2140376F01546F7D1637B6078DB0648BF9DF81C30E0
S21403770001A944BF63F07F038DF81C3000F02EFA06
S214037710D4E710B504468AB02422002101A8E5F771
S21403772081FE637B590744BF4022ADF810201A0739
S21403773042BFBDF8102042F48062ADF81020DB078C
S2140377400FD5607801A9F3F7FBFD10B12D200AB021
S21403775010BD01AB03CB637B606043F00203A16003
S214037760637304A9201D02F0C0FC0028EED000209D
S214037770EDE71FB5694600F066F8002818BF2D2010
S21403778005B05DF804FB73B50D4614460646E2F7EE
S21403779025FF6B881A071AD522463146102002F0B9
S2140377A085FC2046E2F71AFF6B88D90717D5002316
S2140377B0224601210DF107008DF80730E3F7DAF9C9
S2140377C06B88002B0CBF2120002002B070BDDE06A4
S2140377D0EAD522460821281DE3F7CCF9E1E79A0704
S2140377E001D50223E4E75B07EAD50323E0E70F208E
S2140377F070471FB50C46694600F025F8102221464F
S2140378006846E6F75BF9B0FA80F0400904B010BDAD
S214037810B8B1B1B14388A3B90378013B082B10D89C
S214037820DFE803F00507090B0F0F0F0F0D00E3F753
S214037830A3B8E3F7FDB8FFF776BEFFF700BFE3F79D
S2140378408BBA2120704738B50D4609B300B30378C9
S214037850013B082B1AD8DFE803F0050D101319199E
S21403786019191600E3F7C0F80446284602F01EFE70
S214037870204638BDE3F7FCF8F6E7FFF78FFEF3E79D
S214037880E3F72CF9F0E7E3F771FAEDE72124ECE7E9
S2140378902124EDE770B586B0064601A80C461546CA
S2140378A0FFF73CFE04238DF804301CB120686168A2
S2140378B002AB03C3294601A88DF80560FFF7A8FFAE
S2140378C006B070BD70B586B0044601A80D461646D0
S2140378D0FFF724FE0323206861688DF8043002ABAB
S2140378E08DF8116003C3294601A8FFF791FF06B080
S2140378F070BD0022FFF7E6BF30B5437B044613F0A6
S21403790001020D468BB007D0407801A9F3F718FDA6
S21403791070B12D200BB030BD9B07FAD5ADF8022011
S21403792001A90DF10202043002F0DDFB0028F0D0BD
S21403793000210E22A81CE5F775FDBDF810302B803C
S214037940039BAB60BDF81230AB819DF814302373F4
S21403795001AB03CB6060A1600020DBE770B5437B1F
S2140379600446DB070E468AB003D42D2528460AB004
S21403797070BD6946407800F045F905460028F4D105
S214037980DDF81D300E226360DDF821300146A3606A
S214037990637BB01C43F002036373E5F743FDBDF856
S2140379A00030069A43F004033380059BB26073608D
S2140379B0DCE70B4610B50446102200211846E5F70F
S2140379C031FD2278032A09D0042A0DD0022A11D1C8
S2140379D001462046BDE81040E3F72EBA014620468E
S2140379E0BDE81040FFF788BF01462046BDE81040BB
S2140379F0FFF7B4BF262010BDF8B5074608460C4669
S214037A0016461D46FFF78AFD04232370637B314623
S214037A1043F00103204667706373FFF714FF08B152
S214037A202D20F8BD29462046FFF7C3FF0028F8D0CF
S214037A30F6E7F8B5054608460C461F461646FFF712
S214037A406DFD0423237025B108222946E018E5F7C7
S214037A503BFD637B43F0020363734EB93246012159
S214037A60284600F0DAF8FF28607007D12D20F8BD0D
S214037A7031462046FFF7E7FE0028F7D1637B43F045
S214037A80010363730DB90020F1E7002FFBD03946DD
S214037A902046FFF78EFFF6E7F8B50C46074608467E
S214037AA016461D46FFF73AFD03232046394600F8DF
S214037AB0043B0822E5F708FD637B314643F00203E7
S214037AC020466373FFF7BFFE08B12D20F8BD294695
S214037AD02046FFF76EFF0028F8D0F6E7F8B507460E
S214037AE008460C4616461D46FFF718FD032323706B
S214037AF0637B314643F00103204667706373FFF7E9
S214037B00A2FE08B12D20F8BD29462046FFF751FFF7
S214037B100028F8D0F6E718B18022012100F07DB8DE
S214037B20FF207047002307B51A4619460093F5F75A
S214037B3009F9B0FA80F0400903B05DF804FB0B4680
S214037B4010B519220446FF211846E5F76BFC7E2C78
S214037B5001468CBF04F5C43004F583304FF0190298
S214037B60BDE8104088BFAD30D7F7A4B87E2888BFDD
S214037B7000F5C4304FF0190294BF00F58330AD30E2
S214037B80D7F7C4B830B589B00D46FFF7C4FFFF2852
S214037B9004460DD001A9FFF7D2FF2868696801AB38
S214037BA003C3204601A9FFF7E1FF002009B030BD5B
S214037BB02D20FBE7704770470020704770470F2063
S214037BC070470F207047002070470F207047002033
S214037BD070470020704784B08DE80F00002004B083
S214037BE07047704770470020704770470020704703
S214037BF07047002070470120704770470020704789
S214037C00012070470E2070470E2070470E207047E5
S214037C100020704770470E207047FF20704770475C
S214037C2070470020704770477047704700207047C2
S214037C307047002070470020704700207047704749
S214037C407047002070470020704770470020704739
S214037C500020704770470020704710B50024E3B239
S214037C6010B9C3F10303DBB20134042CCA544FEA40
S214037C701222F4D110BD10B50B784C788A78C978E7
S214037C8028B910462246044608461946034642EAE1
S214037C90012043EA042343EA004010BD7047E3F79C
S214037CA07FB908B5D1F77CFB002814BF86200020D7
S214037CB008BD08B5D1F744FD003818BF012008BD3C
S214037CC008B5D1F7FDFC003818BF012008BD08B57C
S214037CD0D1F782FD003818BF012008BD08B5E3F7C9
S214037CE03FFABDE80840E3F7EDB970B504460D4624
S214037CF01646E3F735FA0420E3F7D6F93246294663
S214037D002046FFF7DDFF04460220E3F7CDF92046C1
S214037D1070BD08B5E3F724FABDE80840D1F7B4BC54
S214037D20E3F756BDE3F736BD08B5E3F733FD20B1F9
S214037D30BDE808400020E3F76BBE112008BD10B570
S214037D40044608B1E3F746FF2046BDE81040FCF7BB
S214037D50C8BF10B50446006A10B1616AFFF7EFFFAB
S214037D600020C4E9080010BD38B50546FFF7F1FF4B
S214037D702B7E0446012B0ED0023B012B0ED8EB695B
S214037D80012B18BF6FF09604282200212846E5F73A
S214037D9049FB204638BDEB69002BF2E76FF09604EB
S214037DA0F2E718220021E5F73DBB70472DE9F84FAF
S214037DB09846DDE90B490D9B15469A0706460F467E
S214037DC023D02A460A9B03EB040A1444A24220D17A
S214037DD00D9B9B0705D5A2EB050AD14505EB0A04C7
S214037DE020D82046BDE8F88F434639462020B047C2
S214037DF00AF1010ACA450AEB0B02F5D3A9EB040202
S214037E004C4588BF00222A44DCE7A246A5EB040BB8
S214037E10F0E702F1010B434639461AF8010DB04765
S214037E205A46D3E74346224639462020B0470AF14E
S214037E30010AD2E72DE9F047DDE90D7616F0020FC9
S214037E409DF82880DDE90854DDE90BCE1FD106F046
S214037E5001094FB1B9F1000F06D0B8F1000F02D1F6
S214037E6016F00C0F00D0013F4FF0300A04E0202C30
S214037E7004D005F804A001347445F8D3B9F1000F13
S214037E8005D04FF03009A74201D9202C2DD116F08A
S214037E90100F1FD016F4806F2CD15CB3744501D03D
S214037EA0BC4227D1B4F1010E23D0BCF1100F46D14A
S214037EB0023C16F0200F28D1202C28D04FF0780C47
S214037EC005F804C00134202C21D04FF0300C05F8FF
S214037ED004C00134202C1AD0B8F1000F23D04FF081
S214037EE02D0C05F804C0013412E005F804900134A3
S214037EF0C9E77446BCF1100FDBD0BCF1020FE2D128
S214037F00202C04D04FF0620CDAE7202C08D1202472
S214037F10CDE90A76CDE90854BDE8F047FFF746BF3A
S214037F204FF0580CCCE716F0040F02D04FF02B0C92
S214037F30D7E716F0080FEBD04FF0200CD1E7BCF1D3
S214037F40020F7446C1D1DDE72DE9F04391B0189DC9
S214037F501A9E1D9F0DB927F010077C0500D515B393
S214037F6017F0200F14BF4FF0410E4FF0610EAC46D2
S214037F7000250DF12008AEF10A0EBCFBF6F906FB50
S214037F8019C95FFA89F4B9F1090F94BF3034744400
S214037F90E4B2B44508F8014B05F10105BCFBF6F461
S214037FA001D3202D10D11C9C069705941B9CCDE96C
S214037FB003649DF86440CDE9015408AC0094FFF7D0
S214037FC039FF11B0BDE8F083A446D6E72DE9F04F9C
S214037FD095B0269ECDE90A23DDE91E74DDE9229BD2
S214037FE057EA040308BF26F010067205CDE9080118
S214037FF002D557EA040337D016F0200F14BF4123E7
S214038000612300250DF1300AA3F10A0821464A46EA
S2140380105B463846E4F79AFED2B2092A94BF30325A
S21403802042444F45D2B274EB0B0405F101050AF83E
S214038030012B01D3202D14D1259B06960593249B53
S214038040DDE90801CDE903939DF88030CDE90153BE
S2140380500CAB0093DDE90A23FFF7ECFE15B0BDE891
S214038060F08F07460C46D1E70025E5E708B100F098
S21403807014B8704710B1D1E900311847704738B5C6
S214038080441E14F8015F25B90A2000F006F82846B6
S21403809038BD284600F001F8F3E701460020FCF758
S2140380A0F3BB70477047EDF7B3B8704708B5FCF7F6
S2140380B0BCFBD1F775F9BDE80840D3F785BA70471E
S2140380C008B5D1F7B5FCFAF7C1FFBDE80840E3F7FA
S2140380D047B808B5FBF778FFE3F7B0FDFBF752FEAA
S2140380E0E4F74EF9E4F73AF9E4F7BCF8BDE80840DC
S2140380F0D6F7BABD08B5D4F7D1FDFBF732FED4F7F1
S214038100D9FDFBF730FED8F7C1FFD9F767F8D9F7E3
S2140381106FF9BDE80840D9F78DB870477047E4F7A4
S214038120C7B808B5FCF7CCFFBDE80840FCF7F7BFB7
S214038130704707B500220346114601200092D8F780
S2140381401FF903B05DF804FB07B500920B46027DEA
S21403815081898068FDF78CFD003818BF0120C001B7
S21403816003B05DF804FB08B50020DFF791FC0020A0
S214038170E1F722FA0020D9F71BFB0020D9F7B2FD5E
S2140381800020D9F7B1FF0020DAF79EFA0020DAF7CD
S214038190C7FF0020DDF7F6FA0020DEF761F80020BF
S2140381A0DEF756FEBDE808400020DEF741BF08B5FF
S2140381B00120FDF73FFA0120D9F75AFCBDE8084035
S2140381C00120DAF781BA08B50220DFF755FD022051
S2140381D0DEF748FF0220E1F7FDFC0220FFF7A2FDD1
S2140381E00220FDF7C7FC0220DEF73AF8BDE8084098
S2140381F00220DFF7E1B9D9F77FBDFDF7DBBF704794
S21403820070477047704770477047704710B504460D
S214038210DFF7ECF82046FDF743FA2046DBF792FA41
S2140382202046DCF7E5F92046BDE81040FDF7D5BC4F
S214038230FDF7F0BCFDF7FABCDEF714BE70477047D7
S214038240FDF752BA704770477047704770477047DC
S21403825005F015B870477047DEF79EBE7047704747
S2140382607047704770477047CEF7FABDFEF77DBC80
S214038270704700207047FEF77ABCFEF783BC704752
S214038280431E012B03D9031F584258417047012050
S214038290704700F021BC4FF4D0720021E5F7C2B856
S2140382A070B50446E7F796F90546A8B9A169F1B192
S2140382B0238AD3B1204604F11002E7F739F838BB16
S2140382C0E16919B3638AA3B1204604F1120200F0F0
S2140382D0CAFA78B1054603E00023A3612361E3618C
S2140382E0002328466361236270BDA061E8E720820D
S2140382F0E6E7E361216A0029F2D0A28A002AEFD0DA
S2140383002046E38ABDE8704000F06FBA6182F1E769
S2140383106582E561DEE711B9D0F8DC1021B1CB68E0
S21403832013B18B68D88970474FF6FF707047E6F72E
S21403833035BA10B50C461146E6F756FAE7F784FC4D
S214038340012801D1002010BD002CF7D10520FAE743
S21403835000F0CFB900F0E3B970B500232425D0F8B8
S214038360DC00C4689C4201D1212070BD826805FBF5
S2140383700322D6898E4202D8128A8A4201D2013358
S214038380F0E70020F1E7F8B506460D46E5F7A2FC50
S214038390D8B94FF6FF734FF0240CEF68C1B28F4283
S2140383A008D81C4621463046E5F74AFE00F09AFBFD
S2140383B02046F8BDAA680CFB0122D4899C4202D24F
S2140383C0002CEFD023460130E8E70024F0E7C08D09
S2140383D070470A7838B505461046FFF751FF60B177
S2140383E04C782046FFF74CFF38B12243530704D49A
S2140383F02846BDE83840E6F743BC212038BD10B513
S21403840004460878FFF73CFF58B14A781046FFF752
S21403841037FF30B1042A04D02046BDE81040E6F703
S2140384204DBC212010BD00F0E8B8E6F7AFBF084604
S21403843000F008BBE6F7EEBA38B504460D4600F082
S2140384408EF850B129462046E5F7FAFD30B929469D
S2140384502046BDE83840E6F7A5BA0E2038BD70B50D
S21403846016460C4604F065FD314605462046E9F7F8
S21403847087FC0446284604F057FD204670BD00F0EE
S21403848032B970B5044600200E4600F027FBD4F838
S214038490F0503DB1002331462046AC46BDE870405F
S2140384A01A4660472B46012231462046E6F712FD60
S2140384B0284670BD38B5044648880D4600F00EFBC6
S2140384C0D4F8F0302BB929462046BDE83840E6F705
S2140384D00FBC022038BD00F003BB00F03CB9E6F742
S2140384E02FB9E8F727BC70B5BDF81060054606B18E
S2140384F06BB1334428469BB200F077F9044620B9A3
S2140385001EB13146284600F0ABF9204670BD212443
S214038510FBE7E7F795BFC0F8EC1000207047E6F7D7
S21403852021BE00F05EB910B4BDF8044001945DF8B6
S214038530044B00F09FB80B4610B514461846A168C6
S2140385409288E5F7FFF8E168034631B1A0886288B0
S214038550121A92B21844E5F7F5F8002010BD034648
S214038560408A18B1188A003818BF01207047084699
S214038570E8F7ECBC00F0ECBA00F0EABAE8F7F8BEAD
S214038580084708B5E6F724F9C0B208BD022A01D8A1
S21403859000F0E2B921207047022A01D800F0EDB9B5
S2140385A021207047022A01D800F0F9B9212070472C
S2140385B0E7F738BC0846E7F753BC00F018BA0020C4
S2140385C07047002070477047D0F8943003F060037C
S2140385D0402B0DD0602B03D0203B584258417047A8
S2140385E049B10B68012B06D9486940F00100704772
S2140385F040F20110704700207047F7B50446104656
S214038600D4E954C7DDE908268CEA020587EA0601A1
S2140386100540194085EA0C057940C4E95451002504
S21403862023F4004106EA010320F0010043F400733B
S214038630024043F00203CDE90055EAF76BFA94F8DB
S21403864024309A0713D5D4F854319B050FD54FF42D
S2140386508811204600F058FB94F82430024665F350
S214038660410384F8243020460B46E6F785F80020BD
S21403867003B0F0BDF0B587B01C461746BDF83060B2
S2140386801AB90024204607B0F0BD002BF9D0002904
S214038690F7D001AAE7F7D4FE0028F2D0BDF80630DB
S2140386A0A2199A42BDF80850C4BF9B1B9CB2B542A0
S2140386B012D90399AD1BADB23144A5420391ADF86F
S2140386C008500DD22A463846E5F73CF80499621B53
S2140386D07819E5F737F8D5E70499761B3144049102
S2140386E022463846F5E70846E9F7EABA0220E8F7ED
S2140386F035BE08B5D0F8E4304BB11A68022A06D95D
S21403870093F825204AB1186AB0FBF2F008BD4FF47F
S21403871046624C210020E5F7F5FC0020F6E7D0F88A
S214038720E42008B57AB11368022B0CD9536A13F404
S2140387307F4FC3F3072106D0126ADBB253438B4243
S214038740B3FBF1F006D2002040F67F424C21E5F75A
S214038750D9FC002008BD0346D0F830010860B3F802
S214038760343100208B80704790F830310C2B14BFC7
S21403877090F82B00FF20704738B50C464FF4006185
S2140387800546EBF76BFA70B17CB195F81E3173B9F9
S2140387904FF480724FF480712846EBF74BFA00389B
S2140387A018BF012038BD2202F4E72246F2E7002074
S2140387B0F8E74FF48071EBF751BA08B54A024FF465
S2140387C00071EBF737FA002008BD08B58A024FF4AC
S2140387D08061EBF72FFA002008BD4FF40071EBF72A
S2140387E03DBA062300208B717047B2F5805FF8B55B
S2140387F00F460646154619462ED89A422CD33F2ACC
S21403880026D9B2FA82F40122C4F11F03DBB29A40DE
S21403881092B2AA422CBFC4F11904C4F11A04E2B2FC
S2140388200124931DDBB29C40A4B2AC4212D096F84E
S214038830F5309BB9012096F8243060F3C71386F809
S21403884024303846E7F710FC00203762B582F8BDBF
S2140388500022ECE70020EEE72120F8E70E20F6E7FB
S2140388600846E7F721BC70B505460E46144602B324
S21403887013883F2B1DD9B3FA83F3C3F11901C9B289
S214038880062901D8192B12D0062928BF0621012351
S2140388908A1DD2B2934030462380E7F70DFC238827
S2140388A02846EE616B82E7F791FC002070BD00213D
S2140388B0EDE72120FAE710B5144608460121E9F74B
S2140388C0D5F82046BDE810400121E9F7CFB8F8B542
S2140388D004460E46174604F02CFB3A460546314638
S2140388E02046E9F781FB0446284604F01DFB204694
S2140388F0F8BD0220704703207047E8F727BD10B580
S2140389000023E6F7A7FF044608B9EAF721FB20464B
S21403891010BD704770B505460E46144600F0E3F8E2
S21403892031462846FFF72FFD00F0DDF8230704D570
S2140389300B2C9CBF24F00804A4B221462846E5F776
S2140389404DFF00224FF400312846EBF773F9002061
S21403895070BD8021EBF782B97FB5531C05AAADF82D
S2140389601410029202210022DBB2CDE90021114647
S214038970EBF77EF907B05DF804FB7FB5531C05AA39
S214038980ADF81410029204210222DBB2CDE90021D5
S21403899000220121EBF76CF907B05DF804FB1FB565
S2140389A0531C029100220821CDE900210122DBB2EB
S2140389B01146EBF75DF905B05DF804FB07B591F8D2
S2140389C02830009391F82B3091F8292091F82A103B
S2140389D0E7F7EEF903B05DF804FB10B50446E5F7D8
S2140389E0F7FE01462046BDE81040E5F7F7BE00292E
S2140389F014BF21200020704738B5054610460C46A4
S214038A00E7F75CFAD5B1D5F8E030BBB15B69ABB13B
S214038A10421ED2B2FD2A13D90A68013204BF6FF090
S214038A2001020A600A68FF281A6007D162680132E9
S214038A3002D16FF00102626062685A60002038BD9E
S214038A400128F2E738B50546E9F7F6FA04460021A9
S214038A50A878E7F79BFA204638BD2DE9F74F01259E
S214038A601C469DF83030064601930368174603F00C
S214038A70070306339D4005F1FF380B46A1B1416855
S214038A8004EA080BA5EB0B0A41F00059524509EB23
S214038A900B0114D952461846E4F754FE49467A1B8E
S214038AA05A445044E4F74EFE019B2BB13C4448EA3B
S214038AB0050804EA0804F46003B0BDE8F08F18461E
S214038AC0F0E737B5002514460095FFF7C6FF2046A6
S214038AD003B030BDE7F76EB800207047002070473C
S214038AE0002070477047704730B549000446056854
S214038AF012B102291FD90339C90395B9E1B1B1FAF5
S214038B0081F3C3F12003C3F10F00012838BF01200E
S214038B1003F01F03D940A94201D90138490821604F
S214038B2030BDB5FA85F339B1B1FA81F29B1A002B41
S214038B30E9DC0F20EFE700210F20F0E7012805D935
S214038B40023818BF4FF0FF30C0B27047012070479D
S214038B5008B5E8F755FDBDE80840E8F779BD38B530
S214038B600446FFF7F5FF0546FFF7F2FF431BA34254
S214038B70FAD338BD38B50D460446E8F741FD35B19E
S214038B80844200D90139204601F0030138BD8442EE
S214038B9038BF0131F7E708B50121FFF7EBFFBDE862
S214038BA00840E8F755BD0B0C23F48053B3F5284F64
S214038BB0F7B50D468FB2064699B216D04AF60103AC
S214038BC0994214D04AF60203994212D0B1F5204FC7
S214038BD014BF04240324D6F8E0300BB1196851B946
S214038BE0D6F8DC3093B928680EE00024F3E70124B6
S214038BF0F1E70224EFE7234668463A46E8F784FDA2
S214038C00DDE90003002BEBD103B0F0BD19680029A2
S214038C10E9D0234668463A46E8F776FDDDE90003E1
S214038C20002BE0D1F0E702F003BB0204C0F3891384
S214038C3007D56FEA83536FEA935313F5007F18B291
S214038C4006D0A3F1C8006FF4FF739842B8BF184666
S214038C5070474FF0384359699A6903F500530A4041
S214038C605A6170470E207047EAF766BBEAF764BBA3
S214038C70EAF762BBEAF760BB08B50846EAF782FF85
S214038C8008BDEAF759BB0220704702207047002050
S214038C90704701207047002070470E207047002061
S214038CA07047E6F7D1BF084611460122FFF741BBDE
S214038CB070B505460C4611461A46EBF715F80668D6
S214038CC02B462046B446BDE87040604710B5EBF728
S214038CD00BF8BDE8104083681847FFF710BEE6F7A9
S214038CE0DBBEFFF7A9BBE6F7E5BB70B504460D464A
S214038CF016464FF4881100F01CF8324629462046E3
S214038D00BDE87040E7F7FAB838B505460C4604F0F8
S214038D1010F9D5F890301C40D5F88C302343C5F8AD
S214038D208C3004F001F9211E18BF012100204902EE
S214038D3038BD38B504460D4604F0FBF8D4F8903039
S214038D401D40D4F88C3023EA0505C4F88C5004F093
S214038D50EBF8284638BD38B504460D464FF488115F
S214038D60FFF7E7FF29462046BDE83840E7F7EEB8A9
S214038D7073B50D7806460C4635B304238DF80430D8
S214038D802379304601A98DF80530FFF738FB0546F1
S214038D90B8B92278A37952BB8DF80430E37930460C
S214038DA001A98DF80530FFF714FB054648B923786B
S214038DB03BB161883046E6F79BF901213046FFF761
S214038DC0DBFC284602B070BD2946FFF7D5FC2946D2
S214038DD03046FFF7F2FC29463046FFF7F6FC2378C9
S214038DE0002BCAD123798DF804306379C9E70222B0
S214038DF08DF80420D3E7FFF7E0BCFFF7EEBC0020B6
S214038E00704710B50446EBF709F821460020EBF748
S214038E1059FEBDE81040002000F02BB97047012032
S214038E20704708B5ECF77CFC80F00100C0B208BDC3
S214038E304FF0FF30FFF79EBB70470020704710B51A
S214038E400C4603F037FE048010BD38B50C461546B5
S214038E5003F030FE03881DB11C43A1B2018038BD68
S214038E6023EA040189B2F9E708B503F023FE008874
S214038E7008BD08B503F01EFEC07808BD08B503F0AC
S214038E8019FE008800F00C0008BD08B503F012FEBA
S214038E90008800F00C00031F5842584108BD38B53F
S214038EA0054603F007FE04462846FFF7EEFF30B9F3
S214038EB004F1100004F01DFA00F4406038BD4FF4CE
S214038EC00060FBE738B5054603F0F4FD0446284684
S214038ED0FFF7DBFF014648B910342046042203F0AF
S214038EE029FD2044BDE8384004F003BAA08838BD05
S214038EF010B50C4603F0DEFD848010BD38B505467C
S214038F0003F0D8FD04462846FFF7BFFF30B904F147
S214038F10100004F0EEF900F4404038BD4FF4006052
S214038F20FBE738B5054603F0C5FD04462846FFF7BC
S214038F30ACFF014648B910342046062203F0FAFC7B
S214038F402044BDE8384004F0D4B9A08838BD38B50D
S214038F50054603F0AFFD04462846FFF796FF014695
S214038F6008B1201D38BD10340622204603F0E2FC6B
S214038F702044F7E708B503F09DFD007A08BD08B561
S214038F8003F098FD90F9090008BD08B503F092FDBB
S214038F90807A08BD08B503F08DFDC06808BD10B51E
S214038FA00C4603F087FD047210BD10B50C4603F0A3
S214038FB081FD447210BD10B50C4603F07BFDC46002
S214038FC010BD2DE9F8430F468046002107F1100037
S214038FD01646994603F0E2FD0446D0B103F06AFD57
S214038FE00546204603F082FD002102462846E4F7A4
S214038FF019FA00232046AB7049F00401FFF71FFF60
S214039000A5F804802EB13A46314605F11000E4F780
S21403901099FB2046BDE8F883F8B505460F461020B1
S214039020002103F0BBFD0446B0B103F043FD064642
S214039030204603F05BFD002102463046E4F7F2F9D2
S214039040002339462046B370FFF7F9FE25B12A46BA
S2140390500121204603F07AFD2046F8BD08B503F04B
S21403906029FD103008BD08B503F040FD1038C0B226
S21403907008BD0020EBF74EBC08B5EBF7A9FE0020B1
S21403908008BD4088C0F30C0003308008400004305D
S214039090704770B50E4605461146304603F07EFD12
S2140390A0044635B128B103F005FD32462946E4F7F8
S2140390B00BFA204670BD0088B0FA80F0400970476E
S2140390C038B505880022044604F07DF905B12580ED
S2140390D038BDF8B507460D4600880021164603F04E
S2140390E021FDB042044605D129463846BDE8F8407E
S2140390F0FFF7E6BF0021204603F014FDB04205D07B
S2140391002046002103F00EFD0446F3E72A462046D8
S214039110002103F01BFD32462846BDE8F840002137
S21403912003F014BDF8B5058807467DB1CCB22146D9
S214039130284603F0F7FC8542064609D100233B8008
S21403914000222146304603F001FD35462846F8BD89
S214039150214603F0E7FC21460246284603F0F6FCC8
S214039160EEE72DE9F04707888246884614465FB344
S214039170384603F0BBFC3D460646E4B22146284685
S21403918003F0D0FC4045814616D1214603F0CAFCC5
S21403919021460246284603F0D9FC474504D14545F7
S2140391A008BF0025AAF8005000222146404603F0D7
S2140391B0CDFC3046BDE8F0878742FAD003F096FC34
S2140391C030444D4686B2D9E73E46F2E700220123F5
S2140391D0C0E900237047F8B504460127002603F0CC
S2140391E0B5FE23683BB903F0ACFE00226368012B8F
S2140391F00ED16360F8BD1D691F61266003F0A1FEF2
S214039200012DF2D02B462D691E61012DFAD1E6E71A
S21403921019691A610B46EAE7036823B9406801280F
S21403922003D0ECF71DBB002070474FF0FF307047AC
S214039230F8B5054603F078FF012306460027A86025
S2140392402B7303F083FE2B6802467BB11C692169EE
S214039250A1420CBF2F6019612761104603F071FE0F
S214039260012C08D0204663689847EAE76C68012C0F
S21403927004D103F066FE00232B73F8BD6169711AEF
S214039280B1F1004FF5D8216969602361E5E7022053
S214039290704702207047002070470144884201D17E
S2140392A00120704710F8013B9342F7D00020704727
S2140392B070B50146064692B00020EAF7DBFF044687
S2140392C070B9FDF7F1FF054601466A462046EBF7FF
S2140392D017FB6A46294620468DF80260EBF7C6FD63
S2140392E0204612B070BD00B593B0FDF7DDFF6A46A9
S2140392F001460020EBF704FB9DF9020013B05DF86E
S21403930004FB00B593B0FDF7CFFF6A460146002085
S214039310EBF7F6FA9DF8000013B05DF804FBEBF7E5
S214039320B3BA012070477FB54FF6FF7101AAECF779
S21403933009FD20B1BDF80C0007B05DF804FB4FF63D
S214039340FF70F9E708B51046EDF7C2FCBDE8084024
S214039350EDF77CBD7047704770477047704770479E
S2140393607047704738B54FF6FF750D800C46F5F716
S21403937073FD2080A8420CBF2D20002038BD00219D
S21403938000B593B06A460846EBF7BAFABDF806008E
S21403939013B05DF804FB002110B592B004466A468C
S2140393A00846EBF7ADFA00216A460846ADF80640D4
S2140393B0EBF75CFD12B010BD002100B593B06A4612
S2140393C00846EBF79DFABDF8040013B05DF804FBFE
S2140393D0002110B592B004466A460846EBF790FAA9
S2140393E000216A460846ADF80440EBF73FFD12B08D
S2140393F010BD70472DE9F04F87B00C4691460746DF
S214039400FFF73CFD0546661C304603F072FF042D4D
S21403941040F090803846FFF721FE0378092203F0D8
S2140394200303012B14BF02230323012120460393C6
S21403943003F080FA092200210546204603F07AFA53
S21403944021788DF8170001390022204689B2FFF7EC
S21403945020FE04EB09088346F0B14FF0010A2A46C2
S2140394600146CDF800A003980DF11703FBF7DDFEC8
S2140394700228054626D1584603F038FB0022207002
S214039480C0B2431E00929BB252465946304604F081
S21403949029F82378534423703846FFF7E5FC020483
S2140394A024D498F8013021789B071FD50139A1EB06
S2140394B009013A464046C9B2F0F7C8FB2378184478
S2140394C0207013E020B92070284607B0BDE8F08F5F
S2140394D0032809D1404603F00CFF20F4007189B23B
S2140394E0404603F008FFD7E70428D5D1012500221C
S2140394F020462178FFF7CDFD07460028E4D04FF03D
S21403950000080146434601224046CDF80080FBF79B
S2140395108CFE022819D1384603F0E8FAC2B2013AA3
S214039520207093B2394601223046CDF8008003F00E
S214039530D9FFC9E780F0800520F0800081B230466D
S214039540C5F3C01503F0D7FED1E70028BCD12070C1
S214039550BAE708B50020FFF764FC80F00100C0B24C
S21403956008BD0A4608B501460020ECF739FEB0FAF6
S21403957080F0400908BD0020EBF7ACBD002108468B
S214039580EBF750BA0020FFF74ABC70B5044603F069
S214039590B0FE042200210646204603F0CBF9204401
S2140395A003F0A7FE032205460021204603F0C2F976
S2140395B0204403F09EFE4FF6FF730540ADB29D4276
S2140395C014D1F30712D506220021204603F0B2F980
S2140395D0204403F08EFE0446ECF774FE844214BF68
S2140395E002240624ECF768FE204070BD2046FBF7F5
S2140395F0EDFFC400E4B2F5E708B5FFF7C6FF003891
S21403960018BF012008BD0120704710B50446FEF7B9
S2140396101DFB08B9FEF71CFB03050FD40C231B2BFD
S21403962001D1002009E020FA03F1C90703F1010282
S21403963006D5DBB2E31A5842584110BD0B23F9E7AF
S2140396401346ECE710B50C46098819B90846F6F731
S2140396505BFF2080012010BD08B510461A4600F0B7
S2140396608CFABDE8084003F0E2BD70B504460D462B
S214039670164692B06A46EBF743F96A4629462046F1
S2140396808DF81F60EBF7F2FB12B070BD10B50C46F9
S214039690EDF7F4F92046BDE81040EDF705B90129CA
S2140396A0F8B505460C461DD003291ED0052920D043
S2140396B0072922D00026002400270120EBF772F8A2
S2140396C0304485421DDA0320EBF76CF820448542CC
S2140396D019DA0520EBF766F838448542B4BF07204D
S2140396E00520F8BD6FF00406E5E76FF004040526D1
S2140396F0E2E700266FF00407DFE700240527264687
S214039700DBE70120EDE70320EBE738B143794900B7
S21403971023F00C0301F00C010B434371704710B5A3
S214039720044678B141794088490801F006010131C1
S214039730000AFFF7B4FF024601462046FFF7E5FF9F
S214039740104610BD0722FBE738B50D46EDF784F942
S214039750044608B9002038BDFFF7E1FF002DFAD113
S214039760237913F00703F5D0984238BF1846C0B2E2
S214039770F1E7EDF77FBB0022EDF7A2BC0021012243
S21403978008B5EDF79DFC401A18BF012008BD38B593
S2140397901546FFF7F0FF0446284603F087FE84B11C
S2140397A0FF2804D0626822FA00F3DB0701D5012004
S2140397B038BD0123834013436360E3780133E370CA
S2140397C0F5E72046F4E7EDF7D5BE10B503F072F9DA
S2140397D000F11004204603F08CFD20F4007189B2DA
S2140397E02046BDE8104003F086BD2DE9FF4115462F
S2140397F0019101218DF80D301B0A8DF80E309DF86E
S2140398002C308DF80C008DF80F3028460423009179
S21403981003AA9DF828809DF830709DF8346001F007
S21403982016FB044670B12946FFF762FBB8F1000F3A
S21403983002D12046FFF7C9FF2FB146B9314620466D
S21403984001F0D0F80024204604B0BDE8F0810022E1
S21403985020461146EDF714FEF4E74FF47A70EDF761
S21403986069BF08B5ECF710F8BDE808400020EEF72E
S21403987067B800B58BB06846EDF738FF009BBDF8B8
S214039880060004A90693EDF7D7FE0BB05DF804FBBC
S2140398901FB504466846EDF729FF02AB03CB2060ED
S2140398A0616004B010BD1FB5062304468DF80C3066
S2140398B0EEF7A0F900238DF80D00CDE90033012162
S2140398C00223204603AA01F0C2FA04B010BD38B53D
S2140398D0002208210546FFF7E0FC044698B9FFF787
S2140398E04EFD22464FF6FF71EEF7DCFB2846297C39
S2140398F0EEF756F8287C6A69E989EFF751FFEDF72A
S214039900C7FF204638BD0120FCE770B50C46054668
S2140399100120EEF753FF237B4BB1FFF730FD0146E3
S21403992023462A46BDE870400120EEF7D9BB4FF622
S214039930FE71F5E7F8B50E460746FFF78FFB0546BB
S21403994003F0D7FC00F44040B0F5404F14BF0022AC
S214039950062202F10A03EB5C0B325C0004F00E04F1
S2140399605B08144403F0380338461C44FFF77BFBBC
S214039970844208D2001BC2B20F2A28BF0F223046E9
S2140399802919E3F7DFFE2046F8BDEBF77DBF40F667
S2140399902740EFF783BCFF224FF6FF71EFF7B2BD08
S2140399A007B500210DF10700EFF7E4FE9DF8070069
S2140399B003B05DF804FB13B5044601A90020EFF7D6
S2140399C0D9FE019A01462046EFF7EAFE204602B08A
S2140399D010BDF0B50F46002187B00446084616466C
S2140399E0EFF7C8FE012305460DF10A008DF808407F
S2140399F08DF80930FFF74CFF092C1DD131460DF1C8
S214039A00120003F078FC05AB002102AA9B1A284635
S214039A10CDE90011DBB2642101F019FA0546E0B185
S214039A20092C15D1EFF706FF044688B12846EFF751
S214039A3015FF204607B0F0BD31460DF113008DF833
S214039A4012704FF6FF7503F056FC0DF11503DBE7B6
S214039A50284600F014F80446EBE70446E9E738B571
S214039A6004460D4603F03CFD40B1AC4206D020460A
S214039A7003F02DFDBDE8384000F0ACBF38BD10B58F
S214039A800446FFF7EBFA023003F033FC4FF6F773A6
S214039A909842204603D9BDE81040F0F759B8F0F7CE
S214039AA099F8B0FA80F0400910BD012070470022F3
S214039AB0EFF786BF70B504460088FFF7CFFA054672
S214039AC0043003F016FC0646A81C03F012FC0546F9
S214039AD003F025FB3046F1F763FA30B92846F1F771
S214039AE05FFA10B1284603F0FBFCA378002023F0AE
S214039AF00F03A37070BD70B50546FFF7AFFA0646B1
S214039B00284601F0C8F901462846F7F731F9044616
S214039B102846FFF7D7F94FF6F773984208D83378F5
S214039B2003F00303012B05D1A31E5842584170BD11
S214039B300120FCE70020FAE741F2033330B585B095
S214039B400D46ADF808300446FFF719FC8DF80A00F9
S214039B50FFF715FC0021000A8DF80B0005232046AD
S214039B60CDE9001102AA8DF80C5001F070F910B17E
S214039B702146FFF79CFF05B030BD2DE9F0410446B2
S214039B8017460D46E1B13F294FF0000600D1354692
S214039B902046FFF773F9082814D10121204602F066
S214039BA0C1FF064602F0A2FF0446304602F082FFDB
S214039BB03B4601462A46E0B2BDE8F041FDF718BC35
S214039BC00126E5E72046FFF759F9024630B9BDE816
S214039BD0F0414FF6FF71012003F054BB2046FFF718
S214039BE05EF9B0F5006F0ED12046FFF76BF94FF61E
S214039BF0FF739842014617D0002D0CBF03200520A3
S214039C00002203F03FFB29462046EDF7F1FC68B936
S214039C1029462046F1F762F940B9324629462046DE
S214039C20BDE8F041F0F71AB90120E9E7BDE8F08195
S214039C307047704737B54FF6F675FDF738FB431E8A
S214039C409BB2AB420446F8D8ECF706FF0028F4D1E3
S214039C5069462046ECF722FA0028EED0204600F0AC
S214039C609AFE0028E9D12046FFF788FD0028E4D1B4
S214039C702046F1F795F90028DFD1204603F030FCA3
S214039C800028DAD12046FDF71DFB0028D5D1204653
S214039C9003B030BD73B504460E46F1F781F90546A9
S214039CA088B92046F1F7D6F921462B460D224FF602
S214039CB0FD70009500F0A1F83146204602B0BDE8DD
S214039CC07040F1F789B902B070BDF7B504460D468A
S214039CD01746FFF754FB0646002D3FD04FF6FB739F
S214039CE09C423BD82046F1F75BF908B1A64235D033
S214039CF02046F1F755F910B1012003B0F0BD204618
S214039D00FDF7E0FAC0B1A642F6D0F4B169462046A4
S214039D10ECF7C4F90246C0B908216846FFF7BDFA56
S214039D2098B9082269462846E3F7C8FE68B129466B
S214039D302046FFF7AFFFDFE7A642E6D12846ECF75B
S214039D401BFA10B900F03DFED6E73FB12146284680
S214039D50EDF728F821462846F5F764F80020CCE707
S214039D6037B5054614460C2914D8DFE801F02C1342
S214039D702C13131307131313132424006946ECF749
S214039D808DF918B901216846F5F74AF941202946A5
S214039D90F7F76AFCD4B12046FFF760F9023003F008
S214039DA0A8FA4FF6F773984210D9204603B0BDE8D9
S214039DB03040EFF783BF40F6144040F613430B29B9
S214039DC008BF1846E3E700F0EDFDE3E703B030BD58
S214039DD01FB50346084603218DF80D308DF80C1089
S214039DE001230021ADF80E20CDE9003103AA042398
S214039DF001F02DF805B05DF804FB2DE9F3410646A6
S214039E000F4614461D469DF82080FFF7B8FAB04269
S214039E1007D100222146384602B0BDE8F041FFF7DD
S214039E209FBF3A4631462046FFF7D2FFADF80600FD
S214039E3060B10D2C05D100224FF6FF71282003F0E8
S214039E4021FA35B9BDF80600FFF719FE02B0BDE8E2
S214039E50F0810123424629460DF10600EBF768FC24
S214039E60BDF80630002BEDD1F0E7F7B50C460546F6
S214039E70FFF7F4F8611C06462846F6F779FFA11C9F
S214039E800746284600F02AFF014604463846FDF7F3
S214039E9047FA0D2F34D12046F1F782F878B1301DFA
S214039EA003F027FA04462846F679FFF73AF83146D0
S214039EB00246204603B0BDE8F040FFF768BCB01C7E
S214039EC003F017FA4FF6F773984202D92846EFF7CE
S214039ED0F5FE2046F1F7BEF8FFF751FAA04205D18A
S214039EE0002003B0BDE8F040FFF7A2BE6B46B068A3
S214039EF0F16803C369462046F1F76EF803B0F0BD78
S214039F002A463946204603B0BDE8F040FFF728BF8F
S214039F1014220021E3F786BA2DE9F04F11F00F075C
S214039F2004460E4615468FB05CD10120E0F7F8FED6
S214039F3009A8FDF7F3FA092309A88DF82430FDF7DD
S214039F40F1FA09A8E0F7BEFE01A909A8FDF77BFC14
S214039F5026F00F08A84404F1100904F10F0A45453A
S214039F6011D1236901A93344236109A8FDF750FCE5
S214039F700020E0F7D5FEB6F1005F28BF2727384656
S214039F800FB0BDE8F08F05AA234696469446186898
S214039F9059680833ACE803004B456246F6D12B46B6
S214039FA0224605F1100B53F8041B5B4542F8041BCD
S214039FB0F9D1714609A8FDF72BFC09A8E0F782FE44
S214039FC0224621460120E0F767FE013D631E13F893
S214039FD0012F15F8011F534582EA01021A70F6D1C4
S214039FE05D46BCE70227CAE7F0B5174685B00546C7
S214039FF00C46102200216846E3F714FABFB3C4B335
S21403A0000F2C04F00F0608D924F00F043A46214615
S21403A0102846FFF781FF40BB274432463946684649
S21403A020E3F790FB80222F6906F1100337446B4455
S21403A030B7F5005F03F8102C2F61C6F110061AD38C
S21403A040062E1FDDFB001A0E8DF80A201A0C5BBACB
S21403A0508DF80B20ADF80C306A4610212846FFF722
S21403A0605BFF00202B69103B2B6105B0F0BD3E461D
S21403A070D8E72646D6E7022E04DDFB005BBAADF82A
S21403A0800E30E9E76A4610212846FFF745FF2B699D
S21403A0901022A3F11004002168462C61E3F7C2F9ED
S21403A0A0B7F5005F4FEAC403CDD2E7E770B50E46B7
S21403A0B0054686B001A81446FFF72AFF324629460E
S21403A0C001A8FFF791FF2246054601AB05AE1C46E5
S21403A0D003CCB44210605160234602F10802F6D165
S21403A0E0284606B070BDF1F70DB80A460021F1F711
S21403A0F009B8F0B58BB00C4601A9F1F703F805468D
S21403A10080B325220021E01CE3F78CF90123A3701A
S21403A1100E23BDF810702380FA0510D523464FF49E
S21403A120877206AE23F8042B0DF1280C324603CAB9
S21403A130624518605960164603F10803F6D13B06DC
S21403A14005D5238843F080032380069B636001AB19
S21403A15003CB039BC4F81D00C4F82110A361F2F7D8
S21403A160B5F9606128460BB0F0BD30B505460C4620
S21403A17087B001A8FDF7D2F92868696802AB03C364
S21403A1809DF8113043F002028DF8112074B1228835
S21403A190510644BF43F006038DF81130530542BF02
S21403A1A09DF8113043F008038DF8113001A8FDF730
S21403A1B0B0FAB0FA80F0400907B030BD2DE9F3419C
S21403A1C00F460546164602F091FC4FF00008C41BE6
S21403A1D0E4B2294623463A463046CDF8008003F0DB
S21403A1E081F90121284602F09DFC88B10121284609
S21403A1F002F098FC074602F079FC0546C3B24246D5
S21403A20030193946CDF8008003F06CF92544ECB2DA
S21403A210204602B0BDE8F0812DE9F04F85B00C462C
S21403A220054691461F464FF0010ADDF838809DF833
S21403A2303CB002F05BFC22463B4629460646CDF878
S21403A24000A0484603F04EF95146284602F06AFC41
S21403A2503C4418B35146284602F064FCF6B2B442B6
S21403A260814610DAE7B2F31BDBB2404622462946A4
S21403A270CDF800A003935F4403F034F9039BBF1BA0
S21403A280984407F0FF0B012300220E9349465B46D2
S21403A290404605B0BDE8F04F03F024B95B462246BE
S21403A2A02946CDF838A0F3E72DE9F041002686B01D
S21403A2B0074608460C4615469846CDE902660496B8
S21403A2C08DF8146002F012FC411BCBB20D2B28BF95
S21403A2D00D232A462146009602A803F003F94246B8
S21403A2E002A93846F1F764F80646294620469DF843
S21403A2F00820F6F751FD304606B0BDE8F0812DE99B
S21403A300F04F0E46CBB00121054617461C4602F019
S21403A31009FC23463A462946814606A8FFF7C4FFAA
S21403A3200DF1280A00EB070B5246314628465FFA22
S21403A3308BFBFFF743FFB34503D200204BB0BDE8CA
S21403A340F08FABEB06085FFA88F808F1040398422F
S21403A350F3DB331F18440423C4B20193A31BDBB2FD
S21403A3600093524643460021CDF808A006A8E0F71E
S21403A37047FC0028E1D1A4EB0B040AEB0803E4B284
S21403A380524628463146009301944346FFF744FF5E
S21403A39039462846F6F7ECFC394600F0F80228461C
S21403A3A0F6F7FAFC0121284602F0BCFB002818BF8A
S21403A3B04D462846ADF8165002F098FB011FC9B269
S21403A3C00DF1160000F04FFC0120B7E72DE9D84148
S21403A3D0064600F060FD411C044689B2304600F094
S21403A3E02DFD98B394B321463046F6F7C1FC00F032
S21403A3F00C03042B074629D000F00308B8F1020F1C
S21403A40000D11BBB384600F0B0FD3B060444A4B2A3
S21403A41016D5611C304689B200F010FDB0B1214656
S21403A4203046F6F7A5FCB8F1010F014600F003032A
S21403A4300CD0032B0AD0384600F0A6FD03199CB2B5
S21403A44021463046BDE8D84100F0F8BC0020BDE800
S21403A450D881F8B5064600F0E0FC054604463046CB
S21403A460FEF7FCFD43785B0718D5AC1CA4B2214667
S21403A470304600F0E3FCB8B129463046F6F778FCE0
S21403A4800746691C304689B2F6F772FC1FB187424D
S21403A49001D8FF2808D104EB4704A4B2214630466E
S21403A4A0BDE8F84000F0CABC0020F8BD13B504466A
S21403A4B001A8F1F7D5F9BDF80430DA0710D49B07E5
S21403A4C007D410220021204602B0BDE81040E2F770
S21403A4D0A9BF224621461020FFF7E8FD0028F0D149
S21403A4E002B010BD024608B5F1F7E2F9510544BFC4
S21403A4F00838C0B2130544BF0838C0B208BDF0B56B
S21403A500D30705460C468BB04AD5008800F0C3FC3B
S21403A51000230646029314B9CDE9034403AC002294
S21403A52008212046FEF7B9FEA8B12888FEF796FD57
S21403A530023002F0DEFE21460746EBF7AFFD50B1D0
S21403A540002240231146384600F005FA40F6094536
S21403A55028460BB0F0BD31462888F6F709FC10F004
S21403A560030F0CBF01260026F0F710FE46EA400054
S21403A570C0B200900021204602AB05AAF2F7E2FB28
S21403A5800546F0F703FE0028E2D0002DE0D00021B8
S21403A5902046009602AB05AAF2F7D4FB0546D7E79A
S21403A5A040F60A45D4E700231A46F2F737BB30B520
S21403A5B08BB005AD04462846FCF7B0FF02232846B9
S21403A5C001A98DF81430FDF73EF9234601AA144677
S21403A5D003CCAC4218605960224603F10803F6D157
S21403A5E00BB030BD08B50023024619461846F2F7ED
S21403A5F015FB012008BD37B504466846F2F786FB0F
S21403A600054648B1082221466846E3F757FAB0FAEA
S21403A61080F0400903B030BDFF2208212046FEF734
S21403A6203CFE034628B106212846FFF7BCFF01205F
S21403A630F0E722460146F2F7F1FAF8E707B568466F
S21403A640F2F764FB10B16846FDF76CFA00F0010000
S21403A65003B05DF804FB0120F3F72EB8704730B55E
S21403A6600124054689B003A8FCF758FF01A88DF816
S21403A6700C40E0F785FB9DF806209DF80730AA42BC
S21403A68009D0AB4209D103A88DF80D40E0F71AFBB9
S21403A690012009B030BD0024F5E70020F9E70022C9
S21403A6A01021FEF7FABD70477FB50D4600F58230E0
S21403A6B00D22694600F58070D4F7FCFA6B462A46ED
S21403A6C002AE1C4603CCB44210605160234602F12E
S21403A6D00802F6D1206810602379137100236B7388
S21403A6E004B070BDF0B585B06A4605460B461646FF
S21403A6F001F10807144618685968083303C4BB42B7
S21403A7002246F7D118680D2220601B7905F58230A2
S21403A7103146237100F58070D4F7F8FA05B0F0BD22
S21403A72038B504460D46DFF71DFEA04205D9204680
S21403A7302946FFF7B9FF002038BD2820FCE730B5CF
S21403A740002485B08DF80040DFF70CFEE5B2A84282
S21403A75004D8F4F7C9FA002005B030BD6946284688
S21403A760FFF7C0FF0134EFE738B50446002002F0D8
S21403A770ACFEFF2805460FD002F0AFFE10F0010036
S21403A78009D0284602F0A9FE400840EAC17080F0CE
S21403A790010000F0010038BD04F00100FBE70146AC
S21403A7A0F8B506460020F4F7D9F9FF2801D00120B2
S21403A7B0F8BDDFF7C7FD00240546871CDFF7C6FD97
S21403A7C0E3B2984201D80020F2E735F82430B342CA
S21403A7D003D117F82430002BE9D10134EEE738B55E
S21403A7E00D460121044602F09DF930B101212046B1
S21403A7F002F098F92880012038BD20462C8000F00E
S21403A80020FC0130C0B2F7E72DE9F04788B00746D1
S21403A810894610460DF10A011D469046FFF7DFFFF5
S21403A8204FF0000ABDF80A6004463046CDE905AA93
S21403A830CDF81BA002F05AF9031BDBB20B2B28BF83
S21403A8400B2322463146CDF800A005A802F04AFEA7
S21403A85048F21F039D4243D00BD885F40043012BD7
S21403A86015D923464246494628460097FDF7A7F9D9
S21403A87033E048F23A039D42F3D1FEF780FDB84237
S21403A8802BD02246414605A8FDF7CAF925E09DF8D8
S21403A890143013BBBDF81D40DDF81500DDF81910A4
S21403A8A003AB03C3204603A9DFF750FF012220466C
S21403A8B003A9FFF70AFAA74206460ED0012103A80A
S21403A8C0F4F7AEFB48F201039D4206D12EB9334698
S21403A8D032463946204600F058FC08B0BDE8F087FB
S21403A8E09DF81450002DF8D12F469DF8158002349C
S21403A8F0EAB24245F1D2D200D2B22244082331460C
S21403A90092B2009703A8CDE9037702F0EBFD03A804
S21403A91000F074F802F0DBFD00F05CF80135E7E7C1
S21403A92010B50024418084800480C280038110BD5A
S21403A93013B5BDF81040CDE900340023F4F73EFE0E
S21403A94002B010BD13B5BDF8104001900094F4F7A3
S21403A95035FE02B010BD07B500930123FFF7F2FFE3
S21403A96003B05DF804FB0123F4F7CEBE38B5054605
S21403A970EEF760FF0446DFF701FDA40144EA40203A
S21403A980284038BD7047704700207047FF20704747
S21403A990002070477047002070474FF6FF707047DF
S21403A9A000207047704700207047704700207047AC
S21403A9B0704700207047002070477047704700209C
S21403A9C0704770477047002070474FF6FF70704718
S21403A9D01720704770477047704770477047704737
S21403A9E00120704701207047002070470020704701
S21403A9F07047704770474FF6FF7070474FF6FF700B
S21403AA00704700207047002070470020704770474B
S21403AA10002070472DE9F04F002785B081460C468D
S21403AA207E2039469846BDF83CB09DF844A0BDF854
S21403AA304C500192ADF80E7002F0B0F806460028AE
S21403AA4000F0AA8002F036F839467E22E2F7EAFCE6
S21403AA50304602F02FF80090304602F02BF8B9F19A
S21403AA60FF0F0CBF274644F003073B0A14F440626B
S21403AA70077043705FD14FF00808C31C1846424660
S21403AA800199E2F721FD034604F44044434484B1AC
S21403AA90790606D419464FEA1B2201F802BB5A7000
S21403AAA00B46B4F5004F56D0A4F5404254425441E9
S21403AAB0E400224618460E99E2F706FD009A03467E
S21403AAC02044A0EB02085FFA88F89DB14FF47C524D
S21403AAD01A53841C284601F0EDFF8346284602F0ED
S21403AAE005F8C5B22A4659462046E2F72BFE6019FA
S21403AAF00235EDB2B9F1FF0F2FD05246109900F888
S21403AB00019BE2F71FFE08F101015AFA81F129447D
S21403AB103046EAF7A3FD0C210022FF0007F080076A
S21403AB2010463943FEF778FAADF80E00E8B9002070
S21403AB3005B0BDE8F08FB2F5006F80F803804FEAEA
S21403AB40182880F8048000F1050314BF4FF00808A6
S21403AB504FF0020892E70224ABE708EB0A01294408
S21403AB603046EAF77BFD0821D6E7304601F0A2FF20
S21403AB700446304601F0BAFF0123024621460DF192
S21403AB800E00EAF7D5FD0028D1D10121BDF84820F3
S21403AB90BDF80E0001F0DAFFBDF80E00C8E710B5E9
S21403ABA00C46098821B90846F5F7AEFC208008B1A3
S21403ABB0012010BD0220FCE72DE9F04780460F4632
S21403ABC00646002402F1FF39BC4202D219F8015F9F
S21403ABD025B9A6EB080080B2BDE8F0879A46A5F132
S21403ABE03102012A5AF8041B10D83246322D02F8D5
S21403ABF0011B06D10134A4B2A74232D30912B21CF8
S21403AC007170013453461646A4B2DDE7342D0CD1D9
S21403AC100334BC42DDDA0B0A317073700B0C090E79
S21403AC20B370321DF170A4B2EBE7A5F13302062A26
S21403AC300DD8303DADB22B19BB42CADA2A46304690
S21403AC40013CE2F741FC15FA84F47219EBE7A5F12F
S21403AC504102062A01D8373DECE79D8803F1080A2E
S21403AC60E9E71646B5E770B5054600880C4601F0D9
S21403AC703DFFA04228880AD201F038FF0023221A9B
S21403AC8019462846BDE8704092B2EAF751BD214600
S21403AC90EAF7E4FC002070BD38B5054601F00AFF6C
S21403ACA00446284601F022FF002201462046BDE85E
S21403ACB03840FEF7EEB9F8B516460C461D46BDF805
S21403ACC0187001F0F7FE0444304601F0F3FE3A46EE
S21403ACD041192046BDE8F840E2F7F6BB70B50C46CE
S21403ACE0013189B20646F6F743F821460546304653
S21403ACF0F6F73EF800EB052080B270BD1FB50123C2
S21403AD00ADF80C2000930A460223014603A802F07E
S21403AD10E9FB05B05DF804FB0FB437B5069D0021CB
S21403AD20A8B201F03BFF044601F0C4FE2CB100229A
S21403AD3007AB0193D1B28D4205D8204603B0BDE8D8
S21403AD40304004B0704753F8041B81540132F1E7D6
S21403AD5073B504460D4640200021164601F01EFF3B
S21403AD60ADF8060001F0A6FEBDF8063013B90020C4
S21403AD7002B070BD402133462A462044FFF71CFF2D
S21403AD80211889B20DF10600FFF76DFF0028EED1FA
S21403AD90BDF80600ECE70EB403B503AA52F8041B8D
S21403ADA00192FFF7D5FF02B05DF804EB03B07047DE
S21403ADB02DE9F7430F4601218146164601F0B2FE00
S21403ADC0054658B1FFF768FF308088B9284601F07A
S21403ADD08DFE68B1192003B0BDE8F083484601F044
S21403ADE085FEFF2FA0EB0704E4B214D014B9348019
S21403ADF00020F0E72A4621462846FEF74AF9804611
S21403AE000028E7D03B464A4629460094FFF753FFFF
S21403AE10A6F80080ECE70120DDE708B5FEF71EF98B
S21403AE20437803F001001A074CBF10300830DB06E6
S21403AE3044BF0830C0B21030C0B208BD10B50C46CF
S21403AE4001F054FEA04234BF0020012010BD7FB5A0
S21403AE5014460091024641F2092141F609209DF865
S21403AE6020601D46002E18BF0146099B0020F5F7FB
S21403AE70A7FFADF80E0010B9002004B070BD012383
S21403AE802A4621460DF10E00EAF752FC0028F3D1BC
S21403AE90BDF80E00F1E738B50546FFF7BEFF0446DA
S21403AEA0284601F023FE631C9BB283420FD8284634
S21403AEB0FEF7D4F843785B0707D521462846F5F70F
S21403AEC057FF013004EB4004E4B2204638BD0024AB
S21403AED0FBE71FB5ADF80E0001F008FE0446BDF80B
S21403AEE00E00FFF7D8FF00F10E03DBB2BDF80E200D
S21403AEF00146E01A80B200901046FFF7DCFEA4F18C
S21403AF000E0189B20DF10E00FFF7ADFE04B010BDC1
S21403AF104278034612F0080006D0D20702D403F1A3
S21403AF200800704703F10900704737B505460C461D
S21403AF30FEF794F8437813F0100212D09CB103F096
S21403AF4001021B074FF000032946009320464FF0EB
S21403AF50080354BF1832203202F0C4FA012003B0AB
S21403AF6030BD1046FBE72046F9E700F00303012B4C
S21403AF7008D0C30606D400F00C000C2814BF082023
S21403AF800920704702207047034611F0030005D0DE
S21403AF9003F00303022B14BF022003207047F8B507
S21403AFA00C46064601F0A2FD631C834202D9002527
S21403AFB02846F8BD21463046F5F7DAFE0746FFF782
S21403AFC0D4FF3B060546F3D50444304601F08EFD18
S21403AFD0A4B2631C9BB28342E9D821463046F5F7F8
S21403AFE0C7FE01463846FFF7CFFF2844C5B2DFE762
S21403AFF070B506460D46FFF7D2FF044610B9002487
S21403B000204670BD29463046F5F7B2FE8206F7D5D0
S21403B010304601F06BFD2544ADB26B1C9BB28342F8
S21403B020EDD829463046F5F7A3FE00F01803082BA3
S21403B03014BF05340634E4B2830644BF0834E4B2CE
S21403B040DEE738B50546FFF726FF044608B90020B5
S21403B05038BD01462846FFF7CBFF0028F7D020442B
S21403B060C0B2F5E72DE9F04387B005460C46FDF779
S21403B070F5FF804602F03DF907462846FFF70BFF2B
S21403B080064601462846FFF78AFF0022034600923B
S21403B0902946324602A802F025FA9DF8086006F013
S21403B0A00C030C2B06F003090BD0B9F1010F59D092
S21403B0B0F10657D49DF809300DF10A050020637197
S21403B0C007E0FF230DF10900637102F012F90DF199
S21403B0D00B05208198F80130DA0704D508F1020041
S21403B0E002F007F92081B9F1010F5FFA89F83DD024
S21403B0F0F3063BD4284602F0FCF86080A81C02F056
S21403B100F8F8053515F8013C208023712B78B00636
S21403B110A37206F0400348BF43F02003390627D541
S21403B12043F40073F80448BF43F48063390548BF0B
S21403B13043F400633206E38011D56A7812F0030203
S21403B1400DD06FEA43436FEA5343A978B8F1020F71
S21403B150E3800B4611D1EB7841EA0321218107B046
S21403B160BDE8F083FF230DF10905A7E7FF23CCE72E
S21403B1707A0648BF43F48073D4E7012A04BF0B0260
S21403B1809BB22381EBE7F6F7CDBA0BB1F6F736BBE6
S21403B1900AB9F6F7AFBBFF21F6F7D8BA431C08BFC8
S21403B1A00020E3F7F5BB0000034B5868C0F3080024
S21403B1B0003818BF0120704700ED00E0014B186807
S21403B1C0704700BF20730020084B1B6F03F0070374
S21403B1D0022B04D0032B05D0012B05D0FEE7044B2E
S21403B1E018687047034BFBE703487047008000501E
S21403B1F02073002028730020002D310108B5FFF7C7
S21403B200E3FF054B1B6FC3F301330133B0FBF3F0CE
S21403B210024B186008BD00BF008000501C7300205E
S21403B2200048704700B4C40400487047002D31013D
S21403B230014B1868704700BF28730020174A9368AD
S21403B240C3F304430C2B0AD8DFE803F00B09090900
S21403B2500909072119091B1D1F0011487047002003
S21403B2607047936803F04073B3F1807F11D0B3F156
S21403B270007F10D0002B0B4818BF002070470A48E9
S21403B28070470A4870470A4870470A4870470A4892
S21403B29070470A4870470A48704700BF0040015A83
S21403B2A0405DC60000093D00C0EA210180BA8C015A
S21403B2B00048E801005A62020024F40080841E005D
S21403B2C040420F00014B1868704700BF24730020EC
S21403B2D007B500F065FC6A4600F0C2FC18B14721CA
S21403B2E0034801F028FFDDE9000103B05DF804FB25
S21403B2F0BDE203000229F8B596BF104B00245C5C40
S21403B300012805460E4608D0022809D008B944F09D
S21403B31002040B4B1F6837B9F8BD44F00804F8E77E
S21403B32044F02004F5E77B681A68144203D03146DC
S21403B33028465B6898473F68EDE700BFFE7E04003B
S21403B340544A002038B5104D2B78ABB10F4C2378F8
S21403B3501BB100F031FA00232370002001F0FEFE3B
S21403B3600B4C50B100F07AFA0023012120782B70A1
S21403B370FFF7C0FF0123237038BD0122054B1A7067
S21403B3802278054B1A70F7E71F6900201D69002015
S21403B3902469002020690020216900200E490B78CB
S21403B3A0FF2B01D198B170470BB990B970470028AD
S21403B3B014BF0122FF2213440B7060B1074B1B78A6
S21403B3C0012B08D9064B1B782BB9FFF7BBBF1A46D0
S21403B3D0F1E70122EFE77047236900202469002084
S21403B3E02069002010B501F0A4FD064B04461B7827
S21403B3F01BB1BDE8104001F097BDFFF7A3FF204641
S21403B400F7E700BF1C69002002282DE9F04147D06A
S21403B41029480378FF2B41D1002941D11A4613440A
S21403B420DBB2037000293BD0244E3278012A37D989
S21403B430002B3ED001F07DFD214F04463B780BB335
S21403B440204D2B781BB901222A701F4A1370DFF890
S21403B4507C8098F8003023B100F0AEF9002388F81A
S21403B4600030204601F060FD012001F077FE01F078
S21403B47060FD2B7804461BB100F0F0F900232B7017
S21403B48000233B70204601F04FFD01243078A04294
S21403B49006D02146FFF72EFF347001E013B931B909
S21403B4A0BDE8F081002914BF0122FF22B7E701227D
S21403B4B0B5E70224EAE700BF2369002024690020D9
S21403B4C01F6900201C690020206900201D690020D8
S21403B4D02DE9F04385B0EFF3108572B6AFF3008025
S21403B4E001F011FF002800F09280624E624F33781D
S21403B4F023B10020FFF752FF00233370387878B962
S21403B50003A900F01DFB044650B95C4B039A1B6865
S21403B5109A4200F284800120FFF740FF0123337034
S21403B5203B78002B40F09980554B1B78002B00F09E
S21403B53091804FF00208534CDFF86891207840451D
S21403B54007D099F8003013B94146FFF7D3FE84F8C5
S21403B5500080B8F1020F0FD1DFF8248198F800308D
S21403B56053B9494B1B7823B900F020F90122474B06
S21403B5701A70012388F80030207800F0F7F899F85D
S21403B580003013B1424B1B782370AFF3008028467C
S21403B59001F0DFFDEFF3108572B63E4B1A7852B119
S21403B5A000221A703A4B20781B78984203D1012167
S21403B5B02170FFF79FFE384800F082FA01F0B7FECD
S21403B5C08046002893D12E4F3B789BB189F8000024
S21403B5D0DFF8B89099F800301BB100F0EDF889F861
S21403B5E00080002001F0BAFD002839D000F036F9BB
S21403B5F000233B70337823B10020FFF7CFFE0023F0
S21403B600337000212078FFF775FE00232370AFF315
S21403B6100080284605B0BDE8F04301F09ABD1F4BF5
S21403B620D3F8008000F048F9039B80449845BFF4A4
S21403B63072AF00F03BF98200039942F0020292B225
S21403B640CDE900422346164AA1EB0801124801F051
S21403B65087FD65E700F09CF86BE74FF001086AE7A3
S21403B660012000F083F8284601F073FDEFF3108500
S21403B67072B6B6E71E690020236900205C4A0020E4
S21403B6801F69002024690020226900201D6900200C
S21403B690216900201A690020604A0020584A0020C9
S21403B6A0E5B303002069002010B501F042FC002238
S21403B6B0054B1C781A7001F037FC00F005FBE4B26A
S21403B6C02043C0B210BD00BF1B69002038B501F08F
S21403B6D030FC094B05461B78012B04D801F024FCEB
S21403B6E00024204638BD054B1C6800F0E5F80444EA
S21403B6F0284601F019FCF4E724690020584A002084
S21403B7001549164A0B6F10B503F007031360144A66
S21403B710144C9269032B02F00200C2F3400222701B
S21403B72017D0D1F8203103F00703022B11D0D1F83C
S21403B730803203F001030C4A137048B143B9064B39
S21403B740D3F8003103F00303591E4B424B411370E9
S21403B75010BD0123EFE700BF00800050BC4A002065
S21403B76000C00150296900202A690020012805D05D
S21403B7700238012808D80020D0F780BC034A136992
S21403B78023F00403136130BF704700BF00ED00E0F1
S21403B790044B054AD3F8203103F007031360F8F788
S21403B7A05AB900BF00800050C44A00200122014B52
S21403B7B01A70704728690020F8B51F4B1B78002BBA
S21403B7C039D01E4C2378B3B91D4B9A6DD10302D5DD
S21403B7D0DA6D92072FD49B6DDB072CD401F003FDA3
S21403B7E0184B194A1860136F23F0070343F003033B
S21403B7F01367FFF703FD01F0F6FC124B134D1B68AE
S21403B800134EC01A2B78134F56F8232046F82300FE
S21403B810111A3A681048521A0A213A600932B2FBE2
S21403B820F1F20133DBB20260B3FBF1F201FB123338
S21403B8302B7000232370F8BD2A6900202769002097
S21403B84000C00050B44A0020008000502669002043
S21403B8508C4A0020884A0020844A002008B5F8F75E
S21403B860FBF80D4A0D49136F096823F007030B43D2
S21403B87013670B49D2F82031096823F007030B43FB
S21403B880C2F82031074B1B7813B10122064B9A628C
S21403B890BDE80840FFF7B2BC00800050BC4A002059
S21403B8A0C44A00202A69002000E00050014B1878A3
S21403B8B0704700BF2A690020054B187818B1054B5E
S21403B8C0186800EBD000044B1B681844704700BF91
S21403B8D02A690020844A0020B84A002008B50D4B88
S21403B8E01A7892B100221A700B4A136F23F00703DB
S21403B8F043F001031367D2F8203123F0070343F024
S21403B9000403C2F82031FFF779FC0122034B5A6780
S21403B91008BD00BF286900200080005000E00050EA
S21403B9200D490B68A0B10022A3B1834203D18368FB
S21403B93022B90B6003E01A469B68F5E793608368B9
S21403B9400BB9002070475A6941690A445A61F8E7FF
S21403B9502220704702207047D04A002010B501F01D
S21403B9605EFC0A4C0A4B19682368C31A09B920609F
S21403B97010BD002BFBD04A699A423ABF9B1A00229D
S21403B980D21A4A6128BF00238968EFE7CC4A002011
S21403B990D04A002038B5154D2B682BB35B69B3B17D
S21403B9A0134A022014681C4400F088FA204600F06C
S21403B9B047FA00220F492B680A70012A05D823B1DB
S21403B9C0D88880070AD501230B70002038BD0220D3
S21403B9D000F074FA022000F093FAEAE79B68002B63
S21403B9E0F3D058690244E8E72220EFE7D04A002064
S21403B9F0CC4A00202C690020C38870B504460D4647
S21403BA003BB9FFF763FE8542064602D2F9F734FADE
S21403BA1035460E4A656113689BB91460A3600FE050
S21403BA202D1A986819466561034618B15869A842E5
S21403BA30F6D941B18C60A36013B15A69521B5A619F
S21403BA4070BD0021F2E71460F5E700BFD04A00207E
S21403BA5070B516469DF81420C0E903360271049AA1
S21403BA60BDF818300260002204460D468260C3808B
S21403BA7006BB01F0D4FB2844A0613DB9E3686561C9
S21403BA8013B120462168984796B1354601F051FA1E
S21403BA900646FFF763FF29462046FFF7ADFF074B31
S21403BAA01B68A34201D1FFF775FF304601F03CFA4D
S21403BAB0002070BD01F0B3FB3044DDE7D04A002020
S21403BAC0F8B50546D0B101F034FA0646FFF746FF4F
S21403BAD00B4B28461F68FFF723FF044620B130466A
S21403BAE001F022FA2046F8BDAF42F8D1FFF752FF25
S21403BAF02228F4D1022000F0EDF9F0E72224F1E742
S21403BB00D04A002038B50C460546A8B1A1B100239B
S21403BB100B7001F01BFA0121084B1B6833B901F0C7
S21403BB2010FA002038BD9D4204D121702278002AE5
S21403BB30F9D0F4E79B68F1E72220F3E7D04A002028
S21403BB40F8B506460F4601F001FA00250446124BE7
S21403BB501B6823B9204601F0F4F91B2011E05A694B
S21403BB601544DA88B2420DD101F059FB0B4E336807
S21403BB70C01AA8420AD3002320463B6001F0E1F92D
S21403BB800020F8BDFF2EEFD09B68E2E701F047FBED
S21403BB9033682B441B1AEFE7D04A0020CC4A002018
S21403BBA070B501F0D3F9064601F039FB084B04469D
S21403BBB001201D6801F023FB18B101F030FB044699
S21403BBC00135304601F0BDF92046294670BD00BF59
S21403BBD0D84A0020014B1868704700BFD44A00209B
S21403BBE0F8B50C4B05461B680E4683420FD300245C
S21403BBF040F2E7302146084B4FF47A721F68002361
S21403BC00E5FB0701E1F7A2F830602046F8BD2120E6
S21403BC10FCE700BFC84A0020D44A00200F4B10B5EB
S21403BC201A689AB14FF47A71531E1342A0FB0101AE
S21403BC300ED1B2FA82F2C2F11F04531CD243E04083
S21403BC4001FA03F3184321FA02F20243104610BD29
S21403BC500023E1F77BF80246F8E700BFD44A00204A
S21403BC6038B5164B14468342154B8B4123D3154BDD
S21403BC701A6802B34FF47A75A0FB050305FB01317E
S21403BC80531E134211D1B2FA82F3C3F11F055A1C95
S21403BC90DB4301FA02F2E84021FA03F310431843A8
S21403BCA0E940C4E90001002038BD0023E1F74EF85F
S21403BCB0C4E90001F7E72120F6E700BFEFA7C64B6C
S21403BCC037894100D44A002010B501F03FF9034BF1
S21403BCD01C7801F036F9E4B2204610BD2B6900202B
S21403BCE008B5084B1B7803F0FF004BB101F07BFA55
S21403BCF0054B1B689B69C01A02288CBF00200120D5
S21403BD0008BD00BF2C690020D04A0020C2072DE9D9
S21403BD10F843044607D5474A136801331360FFF711
S21403BD201DFEFFF737FEA30740F1818001F00EF9F1
S21403BD304FF0000805464646FFF710FE3E4F3C68A8
S21403BD400CB16369A3B100223C4B012E1A7003D1D8
S21403BD5018F0020F18BF1E70FFF71CFE222802D130
S21403BD60022000F0B7F82846BDE8F84301F0E9B82A
S21403BD7023465A693AB91A792179914288BF1C46F3
S21403BD809B68002BF5D1284601F0DBF8D4F8108029
S21403BD90B8F1000F3FD001F042FAA269851AEB17FB
S21403BDA0454573F1000337DB23691344A36101237D
S21403BDB02269CAB1C3B9A38BB8EB050833B1E28BCA
S21403BDC013449BB2B3F57A7F1CD2E38301F0BEF82B
S21403BDD0054641462046FFF70FFEA369226928461B
S21403BDE01344A36101F0ADF8E36813B1204621685C
S21403BDF09847B4F8068001F0A9F801360546FFF720
S21403BE00ADFD9CE7A3F57A73E383A36918F1FF38C6
S21403BE10013BA361DAE7454601F098F881462046E0
S21403BE20FFF77EFD484601F08CF80023C0E7BDE827
S21403BE30F88300BFD84A0020D04A00202B69002090
S21403BE4010B5044601F075F84FF0B042936A19072F
S21403BE50FCD4136A116C5269120704D4CA1A032A53
S21403BE6001D899420ED1E21A022A98BFDC1CB4F11B
S21403BE70FF3F38BF013C4FF0B04308221C6403F574
S21403BE8080539A6101F050F8054A13783BB14FF09E
S21403BE90B041CB6B43F00203CB630023137010BD9A
S21403BEA0A178002007B5044B01A9187901F0E7F83B
S21403BEB0019803B05DF804FB3C7D040000F0010329
S21403BEC08207034A48BF43F008039361704700BFE5
S21403BED000100058820700F001030AD50121064A24
S21403BEE043F0080311704FF0B041CA6B22F003020F
S21403BEF0CA63024A93617047A17800200020005865
S21403BF00830742BF0822014B5A617047001000584E
S21403BF1073B502AB164603E90600044600F052FF6B
S21403BF200546204600F05EFF9DF800208DB1202CCC
S21403BF3033780ED8012B2ED84FF6FF752D4803EB1A
S21403BF404313234430F81310A94202D0013120F8DA
S21403BF501310294B294E33F8141036F81400814277
S21403BF6032D34FF6FF75A9424FF0010502D00131D7
S21403BF7023F8141004F0FD01092927D1998AB68AFB
S21403BF800A44B242B4BF9A829E8233F81430834284
S21403BF9027D202B070BD022BDBD14FF6FF704FF6EF
S21403BFA0FF75144B33F81410814218BF013104F1A6
S21403BFB0210018BF23F8141033F81010A9421CBF31
S21403BFC0013123F81010C4E70025D0E71D2CDCD17F
S21403BFD0598F8E18864203DA01390A445A87D4E702
S21403BFE05887002DD5D1204602B0BDE8704001F039
S21403BFF031B900BF2A65002002660020AE65002026
S21403C00038B50D46044600F0A1FF064A13889BB2D6
S21403C0102DB123431380BDE8384000F092BF23EAD6
S21403C0200403F7E7086800200022034B01214FF4BE
S21403C03080701A70FFF7E4BF3D6F002008B5054B0C
S21403C0401868FCF72EFE00F00300C31E5842584142
S21403C05008BD00BF2862002038B5044601F098F9F1
S21403C0600C4B05461978187981420FD0631E082BAE
S21403C0700CD8DFE803F0050D0B0D0B0D0D0D0D00B1
S21403C08000220146044B1868FCF709FE284638BD13
S21403C0900022F7E7CF7800202862002038B54FF05B
S21403C0A0FF300C46FFF77AF80A4B05461868FFF789
S21403C0B075F8641B241A20B210F1630F06DB10F127
S21403C0C0240F05DA64308000C0B238BD0020FCE7D8
S21403C0D0FF20FAE72862002008B5134B1B78062BCF
S21403C0E004D040F62101114801F025F8104B1B88B7
S21403C0F01B0704D440F622010C4801F01CF80D4B34
S21403C1002A201978FFF7A8FF00210820FFF778FFF9
S21403C1100222094B1A70094B1868E7F72FFEBDE891
S21403C120084001F084B800BF3D6F00206879040022
S21403C130086800203A6F0020FE780020286200205E
S21403C14010B50E4C236823B940F6A3410C4800F003
S21403C150F2FF2068013001F0CCF800F00700032856
S21403C1600AD1246809220121204600F0E3FB205C63
S21403C170031F5842584110BD0020FCE718620020F8
S21403C1806879040038B50C4640B100210420FFF757
S21403C19037FF01F04CF8012C1DD038BD244B1B880B
S21403C1A09B07F6D50129234A2FD1117869B30139A4
S21403C1B0C9B2117011B92020FFF722FF0021022017
S21403C1C0FFF71EFF04221C4B00211C481A7000F0C8
S21403C1D05DFD01F02CF81A4C2068013001F089F857
S21403C1E000F44060B0F5006F1FD1246801210422DB
S21403C1F0204600F09FFB204401F07BF80146BDE893
S21403C20038400022202001F03DB800210D4D0220C9
S21403C2101170FFF7F5FE2B78FF2B04D040F29961DF
S21403C220094800F088FF2C70B3E74FF6FF71E6E786
S21403C230086800203C6F00203D6F00203076002009
S21403C24018620020FF7800206879040038B5134C84
S21403C25005462388580709D5FFF7F0FE0146072051
S21403C260FFF7FAFEFF210120FFF78CFF23889907CB
S21403C2700BD50B4B284619788A1F51425141FFF7BD
S21403C280EBFE01210020FFF77DFF23881B0703D564
S21403C290BDE83840FFF720BF38BD00BF0868002060
S21403C2A03D6F0020F7B5124CD4E9006586EA020C10
S21403C2B085EA03070CEA000C0F405CEA070E15D06C
S21403C2C086EA0C067D40C4E90065CDE900230B46EB
S21403C2D0084902460868FCF7A6F838B14FF4FD7122
S21403C2E0054803B0BDE8F04000F025BF03B0F0BD3D
S21403C2F040160020286200206879040008B50A4B1F
S21403C3001B88DB0604D440F64701084800F013FFF9
S21403C31000211020FFF774FE002000F06BFBBDE841
S21403C320084000F084BF00BF086800206879040056
S21403C3302DE9F04F5706804614461D4691B005D5A5
S21403C340FFF77CFE01460120FFF786FEEE0403D5C9
S21403C35000212D20FFF780FEA00224D54046FCF7DF
S21403C3604CFD0146F8B94020FFF74AFE40460AA9AD
S21403C370FCF720F9B8B99DF83030022B40F0D9808D
S21403C380BDF8280001F0A3F8FF2808D14046FCF7C3
S21403C3900FF940B901214020FFF732FE03E001F018
S21403C3A09AF80028F2D1A10305D5FFF747FE014608
S21403C3B00320FFF751FEE20104F0807640F1C080CF
S21403C3C0854B1B889B072DD5844E3068FCF787F872
S21403C3D040BB834B834F18703B78FF2B04D040F24F
S21403C3E05761814800F0A7FE4FF0000900210220A4
S21403C3F0FFF706FE87F800907C4F3B78062B07D1A5
S21403C40001210820FFF7FCFD49462820FFF724FEFC
S21403C4103B78052B06D100212B20FFF71DFE306845
S21403C420E7F7ACFC00F003FF220717D56B4F032199
S21403C430386805AAFCF76DF8064620B940F2C961CC
S21403C440694800F078FE9DF81430072B00F0D08082
S21403C450FFF7F4FD01460420FFF7FEFDE10505D5D1
S21403C460FFF7ECFD01460420FFF7F6FD14F4863FC4
S21403C47005D0FFF7E3FD01460220FFF7EDFDA2011D
S21403C48013D5FFF7DBFD01460820FFF7E5FD002186
S21403C4900420FFF7B5FD554B1B78012B03D14F4BFB
S21403C4A01868E7F76BFC00F0C2FE14F0084F09D0DB
S21403C4B0FFF7C4FD01460720FFF7CEFDFF2101204D
S21403C4C0FFF760FEA30009D5FFF7B8FD0146062077
S21403C4D0FFF7C2FDFF210120FFF754FEA70705D58E
S21403C4E03D4B1B881E0701D5FFF7F6FD6C0603D5EB
S21403C4F000210A20FFF7B0FD280602D50120FCF72D
S21403C5008DFCE90540F1858140460AAA05A9FCF79A
S21403C510C4FB9DF81430222B00F06D8100F282815B
S21403C520152B40F26A8140F60A112F4800F003FEED
S21403C5306FE1032B7FF437AF0AA800F0C4FF30E7A0
S21403C54005F0020756EA07030DD0284B2620197874
S21403C550A1F1060EDEF1000141EB0E01FFF77CFDB3
S21403C5600121304611E004F0805656EA07030FD047
S21403C5701E4B26201978A1F1060CDCF1000141EBD5
S21403C5800C01FFF769FD02213846FFF7FBFD4BE779
S21403C59004F0884151EA060309D0144B2720197882
S21403C5A08F1F79427941FFF757FD0221D9E705F03E
S21403C5B008030B4302D02320FFF74EFD680703D57D
S21403C5C000212420FFF748FDE9077FF52DAF002162
S21403C5D02520FFF741FD27E7086800202862002092
S21403C5E03C6F0020FF780020687904003D6F002030
S21403C5F0314638680AAAFBF792FF20B14FF4DA6196
S21403C6009E4800F098FDBDF81630386802330AA934
S21403C610ADF82C30FBF785FF20B140F2DF61974879
S21403C62000F089FD0023009331460423386804AAEA
S21403C630FBF779FF042804D040F2E4618F4800F04A
S21403C6407AFDDFF8589299F80030C3BB0DF111005C
S21403C65000F04FFE00F00700022830D1FFF7EEFC93
S21403C66001460920FFF7F8FC854B1B78062B23D1E0
S21403C670844B9DF813201B789A421DD19DF83530C4
S21403C68023B940F2FA617D4800F055FD0DF1110023
S21403C69000F02FFEC0F3001631462920FFF7DCFC1E
S21403C6A000210820FFF7ACFC774B1E70FFF748FD10
S21403C6B010B93868E7F762FB00F0B9FDCEE6BDF8BF
S21403C6C016000121083080B200F068FA039030B9F2
S21403C6D0FFF7B4FC01460420FFF7BEFCECE700F0CE
S21403C6E0E9F905AA014606463868FBF724FF99F8D8
S21403C6F000A0BAF1000F22D106F1010B584600F054
S21403C700F8FD83065AD53868FCF777FB0746FFF72C
S21403C71095FC05370146F8B2FFF79EFC584600F035
S21403C720E8FD00F007000328584F2DD00121042010
S21403C730FFF766FC4FF0FF30FBF71CFF3860002264
S21403C7405349BDF816300978F718F1549DF836307A
S21403C750BB709DF83730FB700A9B190E3971190CA4
S21403C7607971FB71190A99F80030B97123B9737896
S21403C77092B343F020037370002000F069F97870D9
S21403C780039800F071FA97E701210922304600F07A
S21403C790D1F8305C01210428C9D1FFF731FC4FF0F2
S21403C7A0FF30FBF7E7FE3B4B38601B885806C6D5C1
S21403C7B051464020FFF724FC0122C1E7FFF73EFC69
S21403C7C001460920FFF748FC2D4B1B78012BB6D1F9
S21403C7D03868E7F7D3FAB2E723F02003CBE7012262
S21403C7E07E33DBB202FA03F313F00A1F31D113F0E0
S21403C7F0011F3FF498AE27202CE0012202FA03F330
S21403C800254A1A402ABB13F0041FF4D1DA077FF532
S21403C8108AAEAB052FD50121802011B0BDE8F04FBD
S21403C820FFF7EEBB652B1AD8622B12D8452B0CD814
S21403C830422B0ED8352B06D8322B0AD8252B08D9EF
S21403C840322BD8D06FE6422BFBE7552B05D8522B5D
S21403C850F7D92620FFF7FAFCDBE7622BF1E7952BE7
S21403C8603FF661AE812BBAD8722BC4D0733B022B32
S21403C8703FF659AEEDE711B0BDE8F08F68790400D6
S21403C8803D6F0020396F0020FE78002014620020E0
S21403C89000790020086800203A003800406F002026
S21403C8A0024B1878B0FA80F0400970473D6F0020BD
S21403C8B008B5064B4FF0FF311868FCF714FA00284A
S21403C8C0B8BF033040F3870008BD00BF28620020CE
S21403C8D008B5074B1868FBF73BFD30B1054BB3FBB8
S21403C8E0F0F083B20BB1184608BD0120FCE700BF89
S21403C8F02862002040420F0038B510200C46012164
S21403C900FFF77EFB064B1D68FFF7E2FF012200FBE5
S21403C91004F1044B2846FCF7CBF9002038BD00BFD2
S21403C92028620020FDC20300014800F004BC00BFDB
S21403C93082790400032A70B5144602D82C4B985CFF
S21403C94070BD81F0010519B90D2A07D1FF20F7E75D
S21403C9500D2A03D100780538C0B2F1E7084400F089
S21403C960C8FCC5F1040110F440660246C9B209D1F9
S21403C970042C0846E4D0052C16D112F0400F18BF3D
S21403C9800846DDE7C5F10603042CD8B2D8D0B6F5C1
S21403C990006F03D1C5F10805E8B2ECE7B6F5406FC2
S21403C9A0E9D1C5F10E05F7E712F4404107D1062C8D
S21403C9B0C6D0072CC4D0082C13D10130CCE75506BB
S21403C9C05CBF831CD8B2062CBAD0B1F5004F02D197
S21403C9D0831CD8B2EDE7B1F5404FEAD100F1080366
S21403C9E0F7E7130744BF0530C0B20C2CA8D9ADE750
S21403C9F0A0C50400AC2370B5094C054603FB0043F1
S21403CA005E6D26B940F2FD31064800F094FBAC2378
S21403CA1003FB0544002363653346BDE870401847AF
S21403CA202C620020BF79040010B40C461146AC22D9
S21403CA30064B02FB0033586D20B95C655DF8044B6A
S21403CA40FFF75ABF02205DF8044B70472C620020A4
S21403CA50AC22034B02FB003393F8A800704700BFD9
S21403CA602C62002028B1034B1B68C01A401001300B
S21403CA7080B27047EC62002030B1044B00F10040F6
S21403CA801B68013803EB4000704700BFEC620020D0
S21403CA90064B1B68834206D8054B1B68834294BF2C
S21403CAA00020012070470020704700BFEC62002082
S21403CAB0E862002010B5044608B9002010BD00F057
S21403CAC075FC20B940F2CD41074800F034FB204600
S21403CAD0FFF7D2FF0028F0D00388DB0B14BFD0F893
S21403CAE00A000830EAE700BF9679040010B508B9D3
S21403CAF0002010BDFFF7C0FF044600F04EFC20B92F
S21403CB004FF49D61064800F016FB002CF0D02388F6
S21403CB10DB0B0ABF60882089C0F30C00E9E700BF7F
S21403CB209679040038B5FFF7A7FF0D46044650B1C3
S21403CB3000F033FC20B940F24151034800F0FBFA01
S21403CB40023534F8150038BD9679040070B5FFF742
S21403CB5093FF0C4616460546B0B100F01EFC20B9FE
S21403CB6040F24D510C4800F0E6FA3046FFF784FFDA
S21403CB7000F013FC20B940F24E51074800F0DBFAF0
S21403CB80023425F8146070BD40F25251BDE870407F
S21403CB90014800F0D0BA00BF967904002DE9F843A7
S21403CBA00746884600F069FB20B940F28E512A48B2
S21403CBB000F0C1FAFC1CA408284B64000434B7F543
S21403CBC0005F1E68A4B204D340F29551224800F0D9
S21403CBD0B2FA00F0BBF9224981460B687BB9214BB8
S21403CBE01D68761BC6F34F06B44227D90025484670
S21403CBF000F0A7F92846BDE8F843FFF733BFB8F1BE
S21403CC00000F11D0174A15685A1BC2F34F029442FD
S21403CC10ECD81448620005EB44040460B8F1000F36
S21403CC200FD113440B600CE0F61AC6F34F0676B921
S21403CC3040F2A651084800F07EFAD7E705EB440415
S21403CC401C6000236F80AB80EB802B80CFE7B44261
S21403CC50CCD8044A1568DCE796790400F062002015
S21403CC60D8620020E862002038B5054600F06EF969
S21403CC70044629460448002200F0A5FB2046BDE8EA
S21403CC80384000F05EB900BF0E68002082684B4B48
S21403CC902DE9F0419A4204460E46056815D121B1A6
S21403CCA040F21311464800F046FA00F04FF92369A4
S21403CCB01BB92B682BB924612C60BDE8F04100F04A
S21403CCC040B91A6922611C61F6E700F02DFA804626
S21403CCD0FEF76AFA20B14FF49571394800F02BFA43
S21403CCE06FF000439E4221694BD22B7B08EB060272
S21403CCF0002B4DD0AB6893424AD1531C002949D030
S21403CD006169994242D01EB9521AB2F1004F3DD919
S21403CD10636123696E689C4203D19D21284800F015
S21403CD200AFA2F460023B4420BD0002B41D1726976
S21403CD306169891AB1F1004F32D832693746944295
S21403CD402CD12269BD420CBF6A603A617BB9266961
S21403CD50B44203D1B8211A4800F0EDF93B46012E40
S21403CD6005D062697169521AB2F1004F23D99D4208
S21403CD700BBF6B681A69236122610CBF6C601C6170
S21403CD8004E0434431B162699342C1D1BDE8F08106
S21403CD901346B3E76A6822616C60B9E71646C6E7CE
S21403CDA0A8EB0202B2F1004FC7D93B4637463669B5
S21403CDB0B9E71F46F9E733463669D0E75558020008
S21403CDC0AA7904000823064A12F8011B814205D0FB
S21403CDD0013B13F0FF03F7D1184670470120704755
S21403CDE051C604000823064A12F8011B814205D0E7
S21403CDF0013B13F0FF03F7D1184670470120704735
S21403CE0049C6040010B5082207490446E0F756FE53
S21403CE10B0FA80F04FF6FF732289400940009A4229
S21403CE2008BF40F0010010BD62C6040030B50446DA
S21403CE300D4685B002B9084A1068516801AB03C3B2
S21403CE4001AB03CB20602046ADF80C501B88616015
S21403CE50238105B030BD00BFA6010400002270B5D3
S21403CE600A4B1C780A4BD5B2AC4202D800200C7091
S21403CE7008E01E880132864205D30D701B881B1AF4
S21403CE805842584170BD1233EDE700BFBA6E00201A
S21403CE90AE67002010B5164B187860B1154C2368A2
S21403CEA0CBB14FF4707200201349FFF7BDFD236822
S21403CEB0013B236010BDFFF7FBFC1049104A91F9B4
S21403CEC00040136884420B4C03F10103136023688C
S21403CED0B8BF087053B90B4800F09DFA0028E9D193
S21403CEE0BDE8104001460748FFF7D0BE0822DAE740
S21403CEF08D6F00206463002095CE0300886F0020AA
S21403CF005C630020FC770020054B1B682BB9054BA0
S21403CF101868003818BF012070470120704700BF0B
S21403CF20546300205063002010B962B6BFF36F8FBE
S21403CF307047EFF3108072B67047302383F311887F
S21403CF40704780F31188BFF36F8F7047EFF311803C
S21403CF50302383F311887047002070474FF4004056
S21403CF6070474FF47A7070470122417803788A40FD
S21403CF7030214B4341F2100103F1A04303F5703314
S21403CF805A507047B0F5802F24D010D8B0F5003F24
S21403CF9022D006D828B3B0F5803F14BF012048201E
S21403CFA07047B0F5403F14BF01202C207047B0F502
S21403CFB0302F13D008D8B0F5E02F11D0B0F5202FBE
S21403CFC014BF012010207047B0F57F0F14BF012057
S21403CFD0062070474B2070472A2070471120704761
S21403CFE02120704708B570B100F022F84FF098433F
S21403CFF05A6CD202FCD5586D10F4702004D0BDE8EC
S21403D0000840FFF7BFBF212008BD08B528B1282276
S21403D0100021E0F707FA002008BD2120FCE7036A99
S21403D020042B9FBF00EB83020133D160036270477A
S21403D030036A052B14D84FF09842116CC902FCD52D
S21403D04004339B0013650168103B1160416811604F
S21403D05050F8081F11604FF098420344984200D1DD
S21403D060704750F8041F1160F8E7836813B98160AE
S21403D07070475B685A68012AFBD15960704709B14B
S21403D08000F008B822207047012100F046B80021BE
S21403D09000F043B870B506460D46FFF757FF044643
S21403D0A01D2E37D8DFE806F00F18361C1E20362252
S21403D0B0243636362628362A2C2E3036363636345E
S21403D0C0363636363632FEF77FF800262860204698
S21403D0D0FFF737FF304670BD0120CEF769FDF4E752
S21403D0E00320FAE70420F8E70C20F6E70220F4E72B
S21403D0F00620F2E70720F0E70820EEE70520ECE736
S21403D1000920EAE70A20E8E70D20E6E71020E4E72F
S21403D1100B20E2E700202126D8E70020704708B559
S21403D120FEF7D6F880B208BD08B5FEF7D1F808BDFD
S21403D130704742DE704738B504460D4600F008F8DF
S21403D140FFF7FBFE29462046BDE83840FFF7F1BF50
S21403D150704710B962B6BFF36F8F704701207047F0
S21403D1602DE9FF410D4616461F460446A8B14FF06B
S21403D1700008C0F81C80FEF7A3FCBDF82C3042461E
S21403D18002939DF828302946CDE90073204633469E
S21403D190FEF75EFC04B0BDE8F0812220FAE7F0B5A6
S21403D1A01F46002387B00D46164604468DF81730F3
S21403D1B0A8B1C3610DF11701FEF7A4FC9DF8172073
S21403D1C07AB9BDF83430294602939DF830302046AC
S21403D1D0CDE900733346FEF73BFC07B0F0BD2220D3
S21403D1E0FBE70320F9E738B5FFF7B0FE054600F086
S21403D1F016F804462846FFF7A4FE204638BD4FF02F
S21403D200B04301285B6904D0022805D1C3F3C000EC
S21403D210704703F0010070470020704770474FF0D7
S21403D220B0439A6A1207FCD4186A7047704708B569
S21403D230FFF7FCFF00F01DF808BD10B5FFF779FEF9
S21403D240012104460846FEF7DFF82046BDE81040F5
S21403D250FFF76ABE10B5044600F012F82046FAF748
S21403D260F7FF2046F8F72CF9BDE81040F9F7EFBCB6
S21403D270704708B5FFF7FCFF08BD012070477047ED
S21403D2800020704730B589B00446ADF806108DF817
S21403D2901020FFF797FD05462046FFF7A3FD03463C
S21403D2A09DB1BDF80600ABB900F0BAF8FF2808BF79
S21403D2B000200DF10F038DF80F001A46204604993F
S21403D2C00593FEF725FE09B030BD0028F5D00DF115
S21403D2D00603F2E700F0A4F8FF2808BF0020BDF815
S21403D2E006308DF80F00ADF81A308DF8180006AB2F
S21403D2F0E3E7008870470170090A41707047012010
S21403D30070470120704738B5DEF7CCFF0446D3F7E5
S21403D310FBFF051E18BF2546D4F7C8F8041E18BF22
S21403D3202C46FFF7ECFF002818BF204638BD38B55B
S21403D330FEF7BAF90446F7F7C3FA04281ED0022804
S21403D3404FF0000508BF0124F8F762F9042817D048
S21403D350022808BF0124F7F7F2FE042812D0022899
S21403D36008BF0124FFF7CDFF04280DD0022808BF0D
S21403D3700124002D18BF0024204638BD0125E3E70D
S21403D3800125E8E70125EDE70024F5E7FF207047D0
S21403D39008B5FFF7FBFF002008BD08B520B1FFF76F
S21403D3A077FB00F0010008BD0120FAE708B5FFF798
S21403D3B063FBBDE80840FFF7F0BF008810B1C9B2B1
S21403D3C0FFF7B0BB70472DE9F041B0F80080064682
S21403D3D00C46D5B2B8F1000F11D029464046FFF7E8
S21403D3E0A1FB2246074629464046FFF7AFFB3A46CF
S21403D3F029462046FFF7AAFB3480BDE8F0810F4696
S21403D400F5E703461B8808468B4202D00021FFF748
S21403D41089BB002070470069003818BF0120704799
S21403D42000207047F8B506460D46FFF7EBFC0328C9
S21403D430044621D02846FFF7E5FC032807461BD001
S21403D44010F0020318D1A0070DD5F90716D401234F
S21403D4503C43E20704D431892A89914218BF00234A
S21403D46003F00100F8BD082229463046E0F726FB04
S21403D470B0FA80F35B09EBE70020F3E71846F1E721
S21403D48070B50D4600210646FFF797FF044630B1F8
S21403D490FFF710FB01462846FFF7C4FF08B12046F6
S21403D4A070BD21463046FFF7ACFFEFE707B50DF139
S21403D4B00701FFF7D3FC20B19DF8070003B05DF822
S21403D4C004FBFF20FAE700207047FF207047FF2089
S21403D4D07047FF20704700207047002000217047E8
S21403D4E0002070472DE9F843074608461546884648
S21403D4F01C469DF82090FFF7DDFA4619A4B19EB1AD
S21403D5004046FFF7F3FA254485420FDC2246B9F17D
S21403D510000F06D131463846DFF7D6FF0020BDE8B8
S21403D520F88339463046F7E72120F8E71D20F6E76B
S21403D53000000000000000000000000000000000E3
S21403D540F8B500BFF8BC08BC9E467047F8B500BFE8
S21403D550F8BC08BC9E4670475FF800F0C170002018
S21403D5605FF800F05D71002044657669636520749A
S21403D570797065206368616E6765206465746563AA
S21403D5807465643A202564202D3E2025640D0A0028
S21403D59050726573732064657465637465640D0AFD
S21403D5A0004D756C746920707265737320646574BE
S21403D5B065637465643A2025640D0A0052656C65DC
S21403D5C06173652064657465637465640D0A004C55
S21403D5D06F6E672070726573732064657465637419
S21403D5E065640D0A00424C303934323A2063616C6C
S21403D5F06962726174656420636820257520746FA0
S21403D6002072656620257520287261772025752986
S21403D610203D3E206D756C742025750D0A00424C26
S21403D620303934323A205541525420696E69742099
S21403D6306661696C6564202854583D25303478202B
S21403D64052583D25303478290D0A00424C3039347F
S21403D650323A20496E697469616C697A6564206F31
S21403D6606E2054583D253034782052583D253034AA
S21403D6707820626175642025750D0A00424C3039A6
S21403D68034323A2063616C6962726174696F6E202A
S21403D690563D257520413D257520573D25750D0AB8
S21403D6A000484C57383031323A20496E6974696104
S21403D6B06C697A6564206F6E2043463D2530347866
S21403D6C0204346313D253034782053454C3D2530A4
S21403D6D034780D0A00696E76657274656420284294
S21403D6E04C3039333729006E6F726D616C202848D1
S21403D6F04C57383031322900484C57383031323A9B
S21403D7002053454C20706F6C6172697479202573C1
S21403D7100D0A00484C57383031323A2063616C6941
S21403D72062726174696F6E20563D257520413D25F2
S21403D7307520573D25750D0A00484C573830313251
S21403D7403A2063616C696272617465642063682061
S21403D750257520746F20726566202575202825752B
S21403D7602070756C73657329203D3E206D756C744F
S21403D7702025750D0A0072656C61795F737461729A
S21403D780745F6C61746368696E675F70756C7365EC
S21403D7903A20616E6F746865722070756C736520CD
S21403D7A06973206163746976650D0A0072656C613E
S21403D7B0795F6F6E0D0A0072656C61795F6F6666DE
S21403D7C00D0A0072656C61795F746F67676C650D2F
S21403D7D00A0057726974696E6720636F6E666967BD
S21403D7E020746F206E763A2025730D0A0053697AEB
S21403D7F0653A2025640D0A004661696C65642074E9
S21403D8006F207772697465204445564943455F43E4
S21403D8104F4E4649475F4441544120746F204E564D
S21403D8202C207374617475733A2025642E20286245
S21403D830797465733A202564290D0A00737563634A
S21403D840657373210D0A004661696C656420746F05
S21403D8502072656164204E565F4954454D5F4445CA
S21403D860564943455F434F4E4649472C20757369D7
S21403D8706E672064656661756C7420636F6E666997
S21403D8806720696E73746561642C207374617475A4
S21403D890733A2025642E202862797465733A20250E
S21403D8A064290D0A005573696E6720636F6E666997
S21403D8B0673A2025642063686172732066726F6D11
S21403D8C00D0A25730D0A00786162636B7131763B2E
S21403D8D05453303034462D545559413B53413064EC
S21403D8E03B494331693B534133643B494332693BCC
S21403D8F0534134643B494330693B534230643B49AC
S21403D9004430693B425441303B4D3B00436F6E66A7
S21403D9106967206E65656473206D6F726520746831
S21403D920616E2025642025732C20726573657474DC
S21403D930696E6720746F2064656661756C740D0A82
S21403D940004E6574776F726B207374617475732001
S21403D9506368616E67656420746F2025640D0A0032
S21403D9604D616E75666163747572657220746F6F50
S21403D970206269670D0A004D6F64656C20746F6FD3
S21403D980206269670D0A00627574746F6E73006CAB
S21403D9906564730072656C61797300636F76657294
S21403D9A0207377697463686573006C69676874735A
S21403D9B0006C69676874206368616E6E656C7300DB
S21403D9C0636F7665727300436F6E6669673A2046C7
S21403D9D06F756E6420656E65726779206D6F6E690C
S21403D9E0746F72696E6720656E7472793A202725A4
S21403D9F073270D0A00436F6E6669673A20484C57D3
S21403DA0038303132206F6E2043463D25303478203F
S21403DA104346313D253034782053454C3D2530343C
S21403DA20780D0A00436F6E6669673A20424C3039B8
S21403DA303432206F6E2054583D25303478205258A7
S21403DA403D253034780D0A00436F6E6669673A20C9
S21403DA506F7665726C6F6164206C696D6974732090
S21403DA60736F66743D25756D41207065616B3D254A
S21403DA70756D410D0A00496E697469616C697A694E
S21403DA806E67205A69676265652077697468202522
S21403DA90642073776974636865732C202564207229
S21403DAA0656C6179732C20256420636F766572201C
S21403DAB073776974636865732C20256420636F76B7
S21403DAC06572730D0A00436F6E666967206E65653F
S21403DAD0647320256420656E64706F696E74732C9E
S21403DAE0206D61782069732025642C207265736528
S21403DAF07474696E6720746F2064656661756C74F0
S21403DB000D0A00436F6E6669672070617273656401
S21403DB10207375636365737366756C6C790D0A00A1
S21403DB20726561642076657273696F6E20666F72C4
S21403DB306D206E6577206C6F636174696F6E0D0A76
S21403DB40004661696C656420746F2077726974653A
S21403DB50206C6173745365656E56657273696F6E78
S21403DB6020746F204E562C2073743A2025640D0AB9
S21403DB70004F6C642076657273696F6E3A20256475
S21403DB800D0A0043757272656E742076657273694A
S21403DB906F6E3A2025640D0A0052455345542041C2
S21403DBA04C4C210D0A0068616C5F6770696F5F6398
S21403DBB0616C6C6261636B3A2065787469206C698A
S21403DBC06E6520256C642073746174757320256CF0
S21403DBD0750D0A0068616C5F6770696F5F63616CDF
S21403DBE06C6261636B3A206E6F20667265652045D2
S21403DBF0585449206C696E65730D0A002F686F6D63
S21403DC00652F72756E6E65722F776F726B2F7475D4
S21403DC1079612D7A69676265652D737769746368C0
S21403DC202D776974682D6D65746572696E672F74D8
S21403DC307579612D7A69676265652D737769746393
S21403DC40682D776974682D6D65746572696E672FC4
S21403DC5073696C6162735F746F6F6C732F73696D36
S21403DC60706C69636974795F73646B2F2E2E2F2E25
S21403DC702E2F7372632F73696C6162732F68616CE6
S21403DC802F7A69676265652E630044726F707069E8
S21403DC906E67206F6C64204F544120696D61676521
S21403DCA02C2063757272656E74206F666673657476
S21403DCB03A20256C750A00456E657267792064699B
S21403DCC061673A20452563204D25630D0A00556E8E
S21403DCD06B6E6F776E20636F76657220636F6D6D04
S21403DCE0616E643A2025640D0A00556E6B6E6F777D
S21403DCF06E20636D642025640D0A00427574746F8C
S21403DD006E207072657373206465746563746564EE
S21403DD102C20627574206E6F20627574746F6E208B
S21403DD20697320707265737365640D0A00427574B7
S21403DD30746F6E206C6F6E672070726573732064E9
S21403DD40657465637465642C20627574206E6F2039
S21403DD50627574746F6E206973206C6F6E672070C3
S21403DD607265737365640D0A004E6F20636F766584
S21403DD70722073776974636820636F6E66696720C1
S21403DD80696E204E562C207573696E67206465662F
S21403DD9061756C74730D0A00456C65634D6561733C
S21403DDA03A20726573746F7265642063616C69628E
S21403DDB0726174696F6E20563D257520413D257549
S21403DDC020573D25750D0A00417474726962757497
S21403DDD065206368616E6765642C2065703A20254C
S21403DDE0642C20636C75737465723A2025642C204A
S21403DDF0617474723A2025640D0A00556E68616E6C
S21403DE00646C6564204C6576656C4374726C206341
S21403DE106F6D6D616E643A2025640D0A00556E6859
S21403DE20616E646C656420436F6C6F724374726CCE
S21403DE3020636F6D6D616E643A2025640D0A004D94
S21403DE4065746572696E673A204C6F616465642019
S21403DE50656E6572677920256C6C75205768206639
S21403DE60726F6D204E564D0D0A004D6574657269CE
S21403DE706E673A204E6F20656E6572677920696E0D
S21403DE80204E564D2C207374617274696E6720663B
S21403DE90726F6D20300D0A004D65746572696E678A
S21403DEA03A20416464656420746F20656E64706F05
S21403DEB0696E742025642C20656E657267793D252E
S21403DEC06C6C752057680D0A004D65746572696E33
S21403DED0673A20536176656420656E6572677920BC
S21403DEE0256C6C7520576820746F204E564D0D0AAE
S21403DEF0004D65746572696E673A20456E65726794
S21403DF007920636F756E7465722072657365740D20
S21403DF100A00506F6C6C20636F6E74726F6C3A20DD
S21403DF2073656E64696E6720636865636B2D696EDF
S21403DF300D0A005A434C2061637469766974792C20
S21403DF4020656E746572696E6720666173742070EF
S21403DF506F6C6C0D0A00506F6C6C20636F6E74727E
S21403DF606F6C3A20636865636B2D696E2072657308
S21403DF70706F6E73652C20666173743D25642C2068
S21403DF8074696D656F75743D25640D0A00506F6C7A
S21403DF906C20636F6E74726F6C3A206661737420C4
S21403DFA0706F6C6C2073746F700D0A00506F6C6C1E
S21403DFB020636F6E74726F6C3A20736574206C6F97
S21403DFC06E6720706F6C6C20696E74657276616C18
S21403DFD03D256C750D0A00506F6C6C20636F6E7474
S21403DFE0726F6C3A207365742073686F7274207056
S21403DFF06F6C6C20696E74657276616C3D25640D7A
S21403E0000A00506F6C6C20636F6E74726F6C3A20EC
S21403E010636865636B2D696E20696E7465727661DD
S21403E0206C207772697474656E3D256C750D0A00F5
S21403E030506F6C6C20636F6E74726F6C3A20696EEF
S21403E04076616C696420636865636B2D696E20690D
S21403E0506E74657276616C2C20726576657274696F
S21403E0606E670D0A00506F6C6C20636F6E74726F70
S21403E0706C3A206661737420706F6C6C2074696DE3
S21403E080656F7574207772697474656E3D25640DCB
S21403E0900A00506F6C6C20636F6E74726F6C3A205C
S21403E0A06661737420706F6C6C2074696D656F7530
S21403E0B0742C20737769746368696E6720746F20A5
S21403E0C06C6F6E6720706F6C6C0D0A00556E6B6E0E
S21403E0D06F776E204C6576656C4374726C20636F45
S21403E0E06D6D616E643A2025640D0A00556E6B6E85
S21403E0F06F776E204F6E4F666620636F6D6D616E31
S21403E100643A2025640D0A00496E646578206174BC
S21403E11020777269746520617474723A2025640DE1
S21403E1200A004E6F2073776974636820636F6E66A8
S21403E130696720696E204E562C207573696E6720BA
S21403E14064656661756C74730D0A00496E76616C5E
S21403E15069642072656C61795F696E6465782025F1
S21403E1606420696E204E562C20726573657474693C
S21403E1706E6720746F2064656661756C740D0A00A3
S21403E1803E2000556E6B6E6F776E206572726F72EF
S21403E19000496E70757420627566666572206973D1
S21403E1A02046554C4C004D6178696D756D206E7533
S21403E1B06D626572206F6620617267756D656E7439
S21403E1C073206578636565646564005468652061DB
S21403E1D07267756D656E74206973206E6F74206642
S21403E1E06F726D617474656420636F7272656374B5
S21403E1F06C7900496E636F7272656374206172672F
S21403E200756D656E74207479706500496E636F7200
S21403E21072656374206E756D626572206F66206129
S21403E2207267756D656E7473004E6F20636F6D6DE8
S21403E230616E6420666F756E640075696E7438006F
S21403E2406164646974696F6E616C002A00756E6B35
S21403E2506E6F776E0077696C6463617264006865DD
S21403E260786F707400737472696E676F707400757C
S21403E270696E7433326F70740075696E7431366FFD
S21403E28070740075696E74386F7074006865780012
S21403E290737472696E670075696E743136007569DA
S21403E2A06E743332002E2E2E200068656C70000AC2
S21403E2B025730A257325730025732008002F686FBE
S21403E2C06D652F72756E6E65722F776F726B2F7416
S21403E2D07579612D7A69676265652D7377697463ED
S21403E2E0682D776974682D6D65746572696E672F1E
S21403E2F0747579612D7A69676265652D73776974BC
S21403E30063682D776974682D6D65746572696E67C9
S21403E3102F73696C6162735F746F6F6C732F7369AD
S21403E3206D706C69636974795F73646B2F706C616D
S21403E33074666F726D2F736572766963652F6C658D
S21403E340676163795F68616C2F7372632F626173B1
S21403E350652D7265706C6163656D656E742E630002
S21403E3602F686F6D652F72756E6E65722F776F727D
S21403E3706B2F747579612D7A69676265652D73777E
S21403E380697463682D776974682D6D657465726941
S21403E3906E672F747579612D7A69676265652D736B
S21403E3A077697463682D776974682D6D6574657213
S21403E3B0696E672F73696C6162735F746F6F6C73DA
S21403E3C02F73696D706C69636974795F73646B2FFF
S21403E3D0706C6174666F726D2F73657276696365B0
S21403E3E02F746F6B656E5F6D616E616765722F6C00
S21403E3F065676163792F7372632F736C5F746F6BDA
S21403E400656E5F6D616E616765722E63002F686F60
S21403E4106D652F72756E6E65722F776F726B2F74C4
S21403E4207579612D7A69676265652D73776974639B
S21403E430682D776974682D6D65746572696E672FCC
S21403E440747579612D7A69676265652D737769746A
S21403E45063682D776974682D6D65746572696E6778
S21403E4602F73696C6162735F746F6F6C732F73695C
S21403E4706D706C69636974795F73646B2F706C611C
S21403E48074666F726D2F736572766963652F746F2A
S21403E4906B656E5F6D616E616765722F6C65676134
S21403E4A063792F7372632F736C5F746F6B656E5F24
S21403E4B06D616E75666163747572696E672E63004F
S21403E4C043757272656E7420436F6E6669673A2091
S21403E4D02530780053657420434341206D6F64658F
S21403E4E020746F2025643A2025307800656E6162BB
S21403E4F06C65640064697361626C6564006F75744F
S21403E50028636C69656E742900696E2028736572CA
S21403E51076657229004D464720537472696E673AD2
S21403E520202573004170704275696C646572204DD6
S21403E530464720436F64653A2030782530345800C8
S21403E5406E6F6465205B004164646974696F6E6115
S21403E5506C20696E7465726661636573002020259E
S21403E560643A200070616765205B25645D206368FC
S21403E570616E205B25645D20707772205B25645D89
S21403E580006E6F7420616374697665006572726FDE
S21403E59072203078253038580070616E4944205B0D
S21403E5A03078253034585D206E6F64654944205BAF
S21403E5B03078253034585D20007870616E205B30EB
S21403E5C07800706172656E744944205B307825303C
S21403E5D034585D20706172656E7452737369205B84
S21403E5E025645D006E6F646554797065205B005327
S21403E5F065637572697479206C6576656C205B2536
S21403E6003032585D006E6574776F726B2073746179
S21403E6107465205B253032585D200042756666655A
S21403E620722062797465733A202564202F2025644E
S21403E63000457020636E743A2025640065702025BB
S21403E64064205B656E64706F696E742025732C207E
S21403E6506465766963652025735D20006E776B209D
S21403E6605B25645D2070726F66696C65205B30782D
S21403E670253034585D206465764964205B30782500
S21403E6803034585D20766572205B307825303258FA
S21403E6905D0020202020257320636C7573746572DB
S21403E6A03A2030782530345820004E776B20636E3E
S21403E6B0743A202564006E776B202564205B2573EF
S21403E6C05D005072696D617279202870726F29003F
S21403E6D020206E6F646554797065205B3078253032
S21403E6E032585D00202073656375726974795072C1
S21403E6F06F66696C65205B3078253032585D00455F
S21403E700502025643A20257320004572726F723AB2
S21403E7102020556E6B6E6F776E20656E64706F6922
S21403E7206E742E00456E61626C65206576656E7448
S21403E73020646562756720696E666F20696E204384
S21403E7406F726520434C4920636F6D706F6E656E04
S21403E75074006F6E6C7920636F6F7264696E617498
S21403E7606F72732063616E20666F726D0A006A6F44
S21403E770696E203078253038580A006C65617665F6
S21403E780002573203078253032580A0072656A6F88
S21403E790696E0072656A6F696E446966664465767B
S21403E7A069636554797065006578742E2050414E10
S21403E7B02049443A20004E574B206F70656E3A202E
S21403E7C0257520736563004E574B20636C6F736526
S21403E7D0640066696E64206A6F696E61626C653A8E
S21403E7E0203078253032580066696E6420756E7561
S21403E7F07365643A20307825303258004368616E7A
S21403E80067696E6720746F206368616E6E656C203F
S21403E81025643A2030782530325800696E76616C6C
S21403E8206964206E6574776F726B20696E646578B1
S21403E8300053686F72742049443A20307825303488
S21403E840582C2045554936343A20002C2050616E0A
S21403E8502049443A20307825303458005374617286
S21403E860746564206D756C74692D70687920696EA3
S21403E87074657266616365004661696C65642074DD
S21403E8806F202573202573203078253032580054A6
S21403E89065726D696E617465642025732030782512
S21403E8A0303258004B65657020616C69766520735D
S21403E8B07570706F727420656E61626C65642E008D
S21403E8C06661696C656420746F20736574206B657C
S21403E8D0657020616C697665206D6F64652E0073C4
S21403E8E075636365737366756C6C792073657420E2
S21403E8F0746865206368696C642074696D656F75F8
S21403E90074206F7074696F6E206D61736B2E006672
S21403E91061696C656420746F207365742074686520
S21403E920206368696C642074696D656F7574206F05
S21403E9307074696F6E206D61736B2E006469736308
S21403E9406F766572004D617463682025737920665F
S21403E950726F6D203078253034582C206570202552
S21403E96064004E574B20416464726573732072656E
S21403E97073706F6E73653A203078253034580049CB
S21403E98045454520416464726573732072657370F0
S21403E9906F6E73653A20005365727669636520254A
S21403E9A0737920646F6E652E00232020747970655A
S21403E9B02020206E776B20206C6F632020207265EA
S21403E9C06D202020636C75732020206E6F64652095
S21403E9D020206575690020202564202020203078BB
S21403E9E0253034582020307825303458202030788D
S21403E9F025303458203078253034582000736C5F27
S21403EA007A69676265655F6765745F62696E646984
S21403EA106E67204572726F723A2030782530385808
S21403EA200A002564206F662025642062696E646987
S21403EA306E6773207573656400656E61626C6564EA
S21403EA40207072696E740064697361626C65642019
S21403EA507072696E7400616464206C696E6B206BFF
S21403EA606579004552523A2043616C63756C617454
S21403EA7065642043524320646F6573206E6F742071
S21403EA806D61746368004552523A20496E7374612F
S21403EA906C6C20436F6465206D757374206265200B
S21403EAA0382C2031302C2031342C206F7220313812
S21403EAB020627974657320696E206C656E6774686E
S21403EAC0004552523A204145532D4D4D4F20686123
S21403EAD07368206661696C65643A20307825303245
S21403EAE05800536574206A6F696E696E67206C6997
S21403EAF06E6B206B6579007365742062696E6420A3
S21403EB0025643A2030782530327800454D505459E4
S21403EB1000554E494341004D324F4E45004D554C2E
S21403EB205449003F2020202000496E646578204920
S21403EB304545452041646472657373202020202078
S21403EB40202020204E574B496E6465782020496E5E
S21403EB50204643202020202054544C287329204646
S21403EB606C6167202020204B65792020202000251B
S21403EB706420202020200020202564202020202020
S21403EB8020200020202530385820200020307825EB
S21403EB90303458202000496E646578204945454541
S21403EBA02041646472657373202020202020202077
S21403EBB020496E204643202020202054797065206B
S21403EBC0204175746820204B6579002D2020202075
S21403EBD020002563202020202025632020202020BD
S21403EBE000696573005741524E494E473A202052FA
S21403EBF0454144494E47204F46204B4559205641F0
S21403EC004C5545532044495341424C4544204259B0
S21403EC10204D464720544F4B454E004E574B204BF6
S21403EC206579002573206F75742046433A20253096
S21403EC30385800257320736571206E756D3A203041
S21403EC407825303258002573206F75742046433A72
S21403EC502025303878005443202573200025732060
S21403EC605461626C650025642F256420656E74729A
S21403EC7069657320757365642E005472616E7369DB
S21403EC80656E74204B657900256420656E74722565
S21403EC907320636F6E73756D696E672025642070CD
S21403ECA061636B65742062756666657225732E00F4
S21403ECB057494C4C0057494C4C204E4F5400547205
S21403ECC07573742043656E74657220257320616CBA
S21403ECD06C6F772074727573742063656E746572D7
S21403ECE02072656A6F696E73207573696E67207725
S21403ECF0656C6C2D6B6E6F776E206B65792E00538B
S21403ED0065742074696D656F757420666F72205420
S21403ED10727573742043656E7465722072656A6FCC
S21403ED20696E73207573696E672077656C6C2D6BDF
S21403ED306E6F776E206C696E6B206B657920746FCF
S21403ED40202564207365636F6E64732E00455252EC
S21403ED504F523A20002573737461636B206D75738D
S21403ED607420626520646F776E2E00526561646955
S21403ED706E6720416C6C6F776564004861736869E1
S21403ED806E67206F6E6C7900736C5F7A6967626575
S21403ED90655F6B65795F73657474696E67735F74BB
S21403EDA03A203078253034580020205065726D693B
S21403EDB07373696F6E733A202573004572726F72B0
S21403EDC03A204661696C656420746F206765742019
S21403EDD0636F6E6669672C207374617475733A206B
S21403EDE0307825303858004661696C65643A2030BF
S21403EDF07825303858004D73673A20636C75732056
S21403EE003078253034582C20636D642030782530D4
S21403EE1032582C206C656E20256400627566666524
S21403EE20723A2000454D4245525F002573534543D1
S21403EE3055524954595F4C4556454C3A2025303275
S21403EE40580025736572617365206B6579202564A8
S21403EE503A2030782530385800636D64206E6F741E
S21403EE60206275696C7400737263206570202530A8
S21403EE7032782C20636C75732025303478007365E4
S21403EE806E64696E6720746F206D756C7469636158
S21403EE9073742062696E640025733A2065703A20A5
S21403EEA025642C20636C3A203078253034582C2087
S21403EEB0617474723A20307825303458002C2073ED
S21403EEC076723A2025630025733A20726561643AA8
S21403EED020307825303278002C207376723A20253D
S21403EEE0632C2064747970653A2030782530325864
S21403EEF000417267756D656E7420617420696E6477
S21403EF0065783A202564206973206F7574206F66D0
S21403EF102072616E676500436F6D6D616E6420617C
S21403EF206C7265616479206275696C742E20204367
S21403EF30616E6E6F7420736574204D464720737040
S21403EF4065636966696320636F646520666F722014
S21403EF50636F6D6D616E642E004D464720436F648C
S21403EF60652053657420666F72206E65787420631F
S21403EF706F6D6D616E643A203078253034580055D5
S21403EF807365204E6578742053657175656E636589
S21403EF902053657420666F72206E65787420636FE5
S21403EFA06D6D616E643A20307825303258004469BE
S21403EFB07361626C652044656661756C7420526586
S21403EFC073706F6E73652053657420666F72206E60
S21403EFD065787420636F6D6D616E643A20307825B2
S21403EFE0303258004552523A2072656164696E6742
S21403EFF020617474726962757465202530327800F6
S21403F0004552523A2061747472696275746520734E
S21403F010697A6520256420746F6F206C617267655A
S21403F02020666F7220627566666572004572726F3F
S21403F030723A20617474726962757465204944205B
S21403F040307825303458207265706F727461626C44
S21403F05065206368616E67652069732073697A65E6
S21403F060202564422C206275742025644220656E38
S21403F07074657265640A006E6F20636D6400457282
S21403F080726F723A20434C492053656E6420666162
S21403F090696C65642C207374617475733A203078D8
S21403F0A025303858004572726F723A20204555490C
S21403F0B0363420617267756D656E742069732065DA
S21403F0C06D70747920616E64206C6F6F6B75702041
S21403F0D06279206E6F6465204944206661696C65B9
S21403F0E0642E0047726F757000556E6963617374A2
S21403F0F000556E62696E642025732025733078256B
S21403F10030325800526571756573743A20005A445C
S21403F1104F2073696D706C65206465736320726538
S21403F120712025303278005A444F206E6F64652074
S21403F13064657363207265712025303278005A4403
S21403F1404F206D6174636820646573632072657114
S21403F1502025303258005573696E67206D79206C10
S21403F1606F63616C20455549363420666F722064A0
S21403F17065737420455549363420696E2062696E7E
S21403F18064696E67005A444F2062696E6420726534
S21403F19071202530327800636C7573746572206C49
S21403F1A0696D6974207265616368656400696E766B
S21403F1B0616C696420706167653A202564206F720C
S21403F1C0206368616E6E656C3A202564004368614F
S21403F1D06E6765206368616E6E656C207374617418
S21403F1E075733A203078253032780064757261740E
S21403F1F0696F6E206D75737420626520696E207268
S21403F200616E67652030202D203500636F756E7440
S21403F210206D75737420626520696E2072616E6757
S21403F220652031202D2038007363616E207374616E
S21403F23074757320307825303258006E6574776F96
S21403F240726B2075706461746520736574207374C3
S21403F25061747573203078253032580041637469C1
S21403F26076652045502072657175657374207374D6
S21403F270617475733A20307825303258004C514902
S21403F280205461626C6520726571756573743A20EB
S21403F2903078253032580042696E64696E672054B0
S21403F2A061626C6520726571756573743A20307897
S21403F2B025303258004C65617665202573307825F5
S21403F2C030325800506F77657220446573637269F5
S21403F2D070746F722025733078253032580055735A
S21403F2E0696E67206D79206C6F63616C20455549A4
S21403F2F0363420666F72206465737420455549362C
S21403F3003420696E20756E62696E64696E6700529A
S21403F3106F757465205461626C652025733078259B
S21403F320303258002F686F6D652F72756E6E65727A
S21403F3302F776F726B2F747579612D7A69676265A3
S21403F340652D7377697463682D776974682D6D65A9
S21403F350746572696E672F747579612D7A69676251
S21403F36065652D7377697463682D776974682D6D89
S21403F37065746572696E672F73696C6162735F7417
S21403F3806F6F6C732F73696D706C69636974795FE3
S21403F39073646B2F70726F746F636F6C2F7A696709
S21403F3A06265652F6170702F6672616D65776F7227
S21403F3B06B2F636F6D6D6F6E2F736C5F7A69676209
S21403F3C065655F73797374656D5F636F6D6D6F6E7F
S21403F3D02E6300457874656E6465642052657365B4
S21403F3E07420696E666F3A203078253034582028AA
S21403F3F0257329002F686F6D652F72756E6E6572A3
S21403F4002F776F726B2F747579612D7A69676265D2
S21403F410652D7377697463682D776974682D6D65D8
S21403F420746572696E672F747579612D7A69676280
S21403F43065652D7377697463682D776974682D6DB8
S21403F44065746572696E672F73696C6162735F7446
S21403F4506F6F6C732F73696D706C69636974795F12
S21403F46073646B2F70726F746F636F6C2F7A696738
S21403F4706265652F6170702F6672616D65776F7256
S21403F4806B2F636F6D6D6F6E2F7A69676265655F4D
S21403F4906170705F6672616D65776F726B5F736CB8
S21403F4A06565702E630053746179206177616B65BF
S21403F4B0207768656E206E6F74206A6F696E656468
S21403F4C03A20257300466F7263656420737461790E
S21403F4D0206177616B653A202020202020202020A1
S21403F4E020257300466F7263696E672064657669CC
S21403F4F0636520746F2073746179206177616B652F
S21403F50000416C6C6F77696E672064657669636526
S21403F51020746F20676F20746F20736C65657000AE
S21403F5202F686F6D652F72756E6E65722F776F72AB
S21403F5306B2F747579612D7A69676265652D7377AC
S21403F540697463682D776974682D6D65746572696F
S21403F5506E672F747579612D7A69676265652D7399
S21403F56077697463682D776974682D6D6574657241
S21403F570696E672F73696C6162735F746F6F6C7308
S21403F5802F73696D706C69636974795F73646B2F2D
S21403F59070726F746F636F6C2F7A69676265652F1D
S21403F5A06170702F6672616D65776F726B2F636F14
S21403F5B06D6D6F6E2F7A69676265655F73746163DD
S21403F5C06B5F736C6565702E630052583A20526504
S21403F5D0736574546F466163746F727944656661CC
S21403F5E0756C747343616C6C6261636B00657A73EC
S21403F5F07020636F756E74657273206661696C65DF
S21403F6006420257500657A737020526573657420CF
S21403F6105468726573686F6C64206572726F7220CB
S21403F620257500657A737020536574205468726577
S21403F63073686F6C64206572726F7220257500257F
S21403F64075292025733A2025750053657474696EF1
S21403F65067205468726573686F6C6420636F6D6DA2
S21403F660616E64003F3F3F004D6163205278204245
S21403F67063617374004D6163205478204263617341
S21403F68074004D6163205278205563617374004D96
S21403F6906163205478205563617374004D61632061
S21403F6A05478205563617374205265747279004DE3
S21403F6B06163205478205563617374204661696CD6
S21403F6C000415053205278204263617374004150C6
S21403F6D05320547820426361737400415053205280
S21403F6E07820556361737400415053205478205535
S21403F6F0636173742053756363657373004150537A
S21403F70020547820556361737420526574727900AF
S21403F71041505320547820556361737420466169C1
S21403F7206C00526F757465204469736320496E6973
S21403F730746961746564004E65696768626F7220F8
S21403F7404164646564004E65696768626F7220523F
S21403F750656D6F766564004E65696768626F7220D3
S21403F7605374616C65004A6F696E20496E64696301
S21403F7706174696F6E004368696C64204D6F7665CB
S21403F7806400415348204F766572666C6F7700417C
S21403F7905348204672616D65204572726F72004150
S21403F7A05348204F76657272756E204572726F727B
S21403F7B0004E574B204643204661696C75726500C0
S21403F7C0415053204643204661696C75726500417B
S21403F7D0534820584F66660041505320556E617556
S21403F7E074686F72697A6564204B6579004E574B6F
S21403F7F02044656372797074204661696C7572651E
S21403F80073004150532044656372797074204661D7
S21403F810696C75726573005061636B65742042751D
S21403F8206666657220416C6C6F6361746520466121
S21403F830696C757265730052656C617965642055F1
S21403F840636173740050687920746F204D414320C0
S21403F8507175657565206C696D6974207265616381
S21403F860686564005061636B65742056616C6964F7
S21403F8706174652064726F7020636F756E74004EDA
S21403F880574B207265747279206F766572666C6F5B
S21403F8907700434341204661696C75726573004285
S21403F8A0726F616463617374207461626C65206651
S21403F8B0756C6C00505441204C6F20507269205276
S21403F8C06571005054412048692050726920526582
S21403F8D07100505441204C6F205072692044656E6D
S21403F8E06965640050544120486920507269204479
S21403F8F0656E69656400505441204C6F20507269F0
S21403F9002054782041627274005054412048692084
S21403F91050726920547820416272740041646472A4
S21403F92065737320436F6E666C6963742053656EEC
S21403F930740043534C205278207363686564756C77
S21403F94065206661696C6564000D004465627567D1
S21403F950207072696E742067726F75702025730A43
S21403F9600057726F6E6720706172616D65746572A1
S21403F9700A005363686564756C65206D6F76652051
S21403F9806E776B0025732025643A202564004D614D
S21403F99078206D6F7665206C696D69742072656179
S21403F9A063686564206E776B2025643A20256400BF
S21403F9B0456E642044657669636520506F6C6C20E1
S21403F9C0496E666F726D6174696F6E00454D424590
S21403F9D0525F454E445F4445564943455F54494D3F
S21403F9E0454F55543A2020202020202025640050DF
S21403F9F06F6C6C20636F6D706C65746564206361F7
S21403FA006C6C6261636B3A20257300202043757229
S21403FA1072656E7420506F6C6C20496E74657276D6
S21403FA20616C20287173293A202020256C640020FD
S21403FA30204C6F6E6720506F6C6C20496E74657235
S21403FA4076616C20287173293A20202020202025F7
S21403FA506C6400202053686F727420506F6C6C20A7
S21403FA60496E74657276616C20287173293A20207A
S21403FA70202020256C6400202057616B6520546984
S21403FA806D656F757420287173293A202020202015
S21403FA9020202020202020256C6400202057616B26
S21403FAA0652054696D656F7574204269746D617362
S21403FAB06B3A202020202020202020307825303844
S21403FAC05800202043757272656E74204170702052
S21403FAD05461736B733A202020202020202020209E
S21403FAE02020307825303858002020437572726500
S21403FAF06E7420506F6C6C20436F6E74726F6C2044
S21403FB00202020202020202020257300202044654C
S21403FB106661756C7420506F6C6C20436F6E7472E4
S21403FB206F6C2020202020202020202025730046D4
S21403FB306F7263696E672064657669636520746FA8
S21403FB402073686F727420706F6C6C00416C6C6FFE
S21403FB5077696E672064657669636520746F206CC9
S21403FB606F6E6720706F6C6C00534C5F5A49474248
S21403FB7045455F41465F4C4F4E475F504F4C4C00E8
S21403FB80534C5F5A49474245455F41465F53484F8A
S21403FB9052545F504F4C4C00706F6C6C206E776BFA
S21403FBA02025643A203078253032580046696E6442
S21403FBB020616E642042696E6420496E69746961CF
S21403FBC0746F723A20436F6D706C6574653A2030BB
S21403FBD078253032580053746172742074617267EA
S21403FBE065740046696E6420616E642042696E64C3
S21403FBF0205461726765740025733A2025733A2092
S21403FC0030782530325800467261676D656E7461D0
S21403FC1074696F6E2052582077696E646F7720730D
S21403FC20697A652073657420746F202564002F68D5
S21403FC306F6D652F72756E6E65722F776F726B2F91
S21403FC40747579612D7A69676265652D7377697452
S21403FC5063682D776974682D6D65746572696E6760
S21403FC602F747579612D7A69676265652D73776977
S21403FC707463682D776974682D6D65746572696E33
S21403FC80672F73696C6162735F746F6F6C732F7326
S21403FC90696D706C69636974795F73646B2F7072D6
S21403FCA06F746F636F6C2F7A69676265652F617017
S21403FCB0702F6672616D65776F726B2F706C7567E8
S21403FCC0696E2F667261676D656E746174696F6EB7
S21403FCD02F667261676D656E746174696F6E2E63ED
S21403FCE00052583A2041646447726F7570526573C8
S21403FCF0706F6E7365203078253032582C2030783C
S21403FD00253034580052583A205669657747726F43
S21403FD107570526573706F6E736520307825303258
S21403FD20582C203078253034582C20220052583A4C
S21403FD302047657447726F75704D656D62657273A3
S21403FD40686970526573706F6E73652030782530FE
S21403FD5032582C203078253032582C00205B3078EF
S21403FD60253034585D0052583A2052656D6F7665DB
S21403FD7047726F7570526573706F6E736520307857
S21403FD80253032582C203078253034580065705B87
S21403FD90253032585D2069645B253034585D004356
S21403FDA06C656172696E6720616C6C2067726F7533
S21403FDB070732E004552523A204661696C65642082
S21403FDC0746F206372656174652062696E64696E20
S21403FDD067202830782530325829004552523A2079
S21403FDE042696E64696E67207461626C652069732C
S21403FDF02066756C6C004552523A207772697469B6
S21403FE006E67206E616D6520737570706F727420F7
S21403FE10253032580052583A2041646447726F7551
S21403FE2070203078253034582C2022007576005206
S21403FE30583A205669657747726F75702030782573
S21403FE403034580075767300766965775F67726F2E
S21403FE5075700047726F7570733A206661696C65DA
S21403FE606420746F2073656E642025732072657337
S21403FE70706F6E73653A20307825303258006765A8
S21403FE80745F67726F75705F6D656D6265727368B8
S21403FE90697020726573706F6E7365006465666162
S21403FEA0756C745F726573706F6E73650052583A43
S21403FEB02047657447726F75704D656D6265727322
S21403FEC0686970203078253032582C0075756200CA
S21403FED047726F7570733A206661696C6564207447
S21403FEE06F2073656E642025733A20307825303290
S21403FEF0580052583A2052656D6F766547726F7593
S21403FF007020307825303458004552523A204661E6
S21403FF10696C656420746F2064656C657465206223
S21403FF20696E64696E672028307825303258290058
S21403FF3072656D6F76655F67726F75700052583ABB
S21403FF402052656D6F7665416C6C47726F75707382
S21403FF500052583A2041646447726F757049664987
S21403FF6064656E74696679696E6720307825303407
S21403FF70582C202200616464004368616E6E656CD1
S21403FF80206E6F742076616C69643A202564005095
S21403FF9072696D617279002573206D61736B206ED3
S21403FFA06F7720307825303858005365636F6E645A
S21403FFB0617279004D61736B206E6F742076616C8D
S21403FFC069643A202564007072696D617279007302
S21403FFD065636F6E646172790025733A20536574A6
S21403FFE0202573206D61736B20746F203078253065
S21403FFF03858005374617475730025733A2025735B
S2140400003A004368616E6E656C206D61736B3A00EE
S2140400102020202028312920307825303858205BAD
S21404002000202020202832292030782530385820F7
S2140400305B0053746174653A20307825303258205A
S214040040282573290043757272656E74206368618F
S2140400506E6E656C3A20256400546F74616C206281
S2140400606561636F6E733A202564004A6F696E207B
S214040070617474656D7074733A202564004E6574FB
S214040080776F726B2073746174653A20307825300C
S21404009032580053746F700025732053746F702E9B
S2140400A02020436C65616E696E672075702E004271
S2140400B0726F616463617374696E67207065726DD4
S2140400C06974206A6F696E00547275737420636570
S2140400D06E746572206C696E6B206B657920757022
S2140400E064617465207374617475730025733A20B3
S2140400F05741524E494E473A20736C5F7A6967629D
S21404010065655F7365745F696E697469616C5F7356
S214040110656375726974795F73746174652066616A
S214040120696C65642E20436F6E74696E75696E67BC
S21404013020776974686F757420696E7374616C6C6B
S21404014020636F64652E004572726F723A20696E82
S2140401507374616C6C20636F64652073657475706A
S214040160206661696C65642E20497320616E20697F
S2140401706E7374616C6C20636F646520666C617367
S214040180686564206F6E746F207468652064657695
S2140401906963653F00D0D1D2D3D4D5D6D7D8D9DABF
S2140401A0DBDCDDDEDF00FFFFFFFFFFFFFFFF005AA3
S2140401B06967426565416C6C69616E6365303900D8
S2140401C025733A2069737375696E67207363616E6D
S2140401D0206F6E202573206368616E6E656C7320D5
S2140401E0286D61736B2030782530385829002573C4
S2140401F020697320616C726561647920696E207071
S214040200726F677265737300537461727400457815
S214040210616D696E696E6720626561636F6E206FDB
S2140402206E206368616E6E656C2025642077697441
S214040230682070616E496420307825303458005444
S21404024068697320626561636F6E206973206E6FE0
S214040250742070617274206F6620746865206375FC
S2140402607272656E74206368616E6E656C206D6173
S214040270736B2028307825303858292E204765742B
S21404028074696E67206E65787420626561636F6E4C
S2140402902077686F7365206368616E6E656C206294
S2140402A069746D61736B206973207365742E0045E1
S2140402B072726F723A20257320636F756C64206EB9
S2140402C06F7420617474656D7074206A6F696E3A19
S2140402D020307825303258004E6F20626561636F97
S2140402E06E73206C656674206F6E2063757272651B
S2140402F06E74206D61736B2E204D6F76696E672069
S214040300746F206E65787420737461746500257349
S214040310206A6F696E696E672030782530345820FD
S2140403206F6E206368616E6E656C202564002573AD
S2140403302053746174653A202573004572726F7297
S2140403403A20257320636F756C64206E6F74207377
S214040350657475702073656375726974793A2030B4
S2140403607825303258004572726F723A20536361B2
S2140403706E20636F6D706C6574652068616E646C66
S21404038065722072657475726E65642030782530E7
S2140403903258002573207363616E20636F6D706C32
S2140403A06574652E20426561636F6E7320686561AF
S2140403B072643A20256400257320737461636B208D
S2140403C07374617475732030782530325800257341
S2140403D0206E6574776F726B206A6F696E65642E23
S2140403E000257320747279696E67206E65787420B0
S2140403F06E6574776F726B2E004E6F6E6500536376
S214040400616E205072696D617279204368616E6E08
S214040410656C7320616E642075736520436F6E6629
S214040420696775726564204B6579005363616E2055
S2140404305072696D617279204368616E6E656C7383
S21404044020616E642075736520496E7374616C6CEC
S21404045020436F6465005363616E205072696D615A
S2140404607279204368616E6E656C7320616E6420D9
S2140404705573652043656E7472616C697A65642091
S2140404804B6579005363616E205072696D617279B1
S214040490204368616E6E656C7320616E64205573CC
S2140404A065204469737472696275746564204B656B
S2140404B079005363616E205365636F6E646172796D
S2140404C0204368616E6E656C7320616E642075737C
S2140404D06520436F6E66696775726564204B65793F
S2140404E0005363616E205365636F6E646172792096
S2140404F04368616E6E656C7320616E642075736507
S21404050020496E7374616C6C20436F64650053639A
S214040510616E205365636F6E64617279204368610F
S2140405206E6E656C7320616E64205573652043653A
S2140405306E7472616C697A6564204B6579005363E6
S214040540616E205365636F6E6461727920436861DF
S2140405506E6E656C7320616E642055736520446905
S214040560737472696275746564204B6579005363AD
S214040570616E205072696D617279204368616E6E97
S214040580656C7320616E642055736520416C6C2025
S2140405904B6579732028696E7374616C6C20636F85
S2140405A064652C2063656E7472616C697A65642C6C
S2140405B02064697374726962757465642900536390
S2140405C0616E205365636F6E64617279204368615F
S2140405D06E6E656C7320616E642055736520416C85
S2140405E06C204B6579732028696E7374616C6C207B
S2140405F0636F64652C2063656E7472616C697A65DA
S214040600642C206469737472696275746564290065
S2140406104F6E2F4F6666207365742076616C756521
S2140406203A20253032582025303258004552523A66
S2140406302072656164696E67206F6E2F6F66662030
S21404064025303258004F6E2F6F666620616C7265D7
S2140406506164792073657420746F206E65772076E4
S214040660616C756500546F67676C65206F6E2F6FDD
S21404067066662066726F6D202530325820746F20AF
S21404068025303258004552523A2077726974696EA2
S21404069067206F6E2F6F6666202530325800496ECD
S2140406A07374616C6C6564205479706520284261AB
S2140406B07365293A2020307825303258004361701B
S2140406C06162696C69746965733A20202020202071
S2140406D0202020202030782530345800426F6F7454
S2140406E06C6F616465722056657273696F6E3A202A
S2140406F020202020307825303458005365637572E6
S2140407006520426F6F746C6F61646572204B657907
S2140407103A20202020202000426F6F746C6F6164A2
S214040720696E67206661696C65642100446F776E44
S2140407306C6F6164206661696C65642E0044656C48
S2140407406574696E67206661696C656420646F779A
S2140407506E6C6F61642C207374617475733A203008
S214040760782530325800496D61676520646F65737B
S214040770206E6F7420636F6E7461696E20616E20E4
S2140407805570677261646520496D616765205461C0
S214040790672028307825303458292E20536B69700A
S2140407A070696E6720757067726164652E0045789F
S2140407B065637574696E6720626F6F746C6F6164CD
S2140407C02063616C6C6261636B2E00537461727497
S2140407D0696E672045424C20766572696669636176
S2140407E074696F6E0045424C206661696C656420CE
S2140407F0766572696669636174696F6E2E00454238
S2140408004C207061737365642076657269666963EB
S2140408106174696F6E2E002573696E67204F5441AC
S21404082020636C69656E74207374617465206D61F1
S2140408306368696E650073746F7070004572726FDA
S214040840723A204E6F20696D616765206174206975
S2140408506E646578202564004E6F7420737570701E
S2140408606F727465642E00436C69656E7420696DDE
S21404087061676520717565727920696E666F004DD3
S214040880616E75662049443A2020202020202020CE
S2140408902030782530345800496D616765205479D6
S2140408A070652049443A202020203078253034587A
S2140408B00043757272656E742056657273696F6E46
S2140408C03A202030782530385800486172647761C1
S2140408D072652056657273696F6E3A20004E410049
S2140408E051756572792044656C6179206D733A2080
S2140408F02020202020202020202020256C64005347
S214040900657276657220446973636F7665727920C2
S21404091044656C6179206D733A20256C6400446FDD
S214040920776E6C6F61642044656C6179206D733AF0
S214040930202020202020202020256C640052756E64
S21404094020557067726164652044656C6179206D1A
S214040950733A202020202020256C64005665726996
S21404096066792044656C6179206D733A20202020D6
S21404097020202020202020256C6400446F776E6C95
S2140409806F6164204572726F722054687265736872
S2140409906F6C643A20202564005570677261646544
S2140409A02057616974205468726573686F6C643A82
S2140409B0202020202564004F544120446F776E6722
S2140409C072616465733A2044697361626C6564009D
S2140409D04F544120446F776E6772616465733A20A2
S2140409E0456E61626C656400426F6F746C6F61641F
S2140409F02073746174653A20257300496E76616CC1
S214040A006964204550202564207768656E207472DA
S214040A1079696E6720746F2073656E64204F544145
S214040A20206D6573736167652E0053656E64696E29
S214040A3067205570677261646520456E6420726530
S214040A4071756573742E0025733A20696E76616C31
S214040A50696420636D644964203078253032580018
S214040A604572726F723A20204661696C6564207420
S214040A706F2073656E64204F544120636F6D6D6103
S214040A806E64203078253032582C20737461747567
S214040A90733A203078253032580053657276657282
S214040AA020756E6B6E6F776E2C2066616C6C696E4B
S214040AB067206261636B20746F20646973636F766A
S214040AC06572792E004D6178696D756D2071756556
S214040AD07279206572726F72732068697420282593
S214040AE064292C207374617274696E67207365615F
S214040AF072636820666F72206E6577204F544120BB
S214040B007365727665722E0A004170706C79696E30
S214040B106720757067726164650025733A20696E94
S214040B2076616C6964206F6666736574206375729B
S214040B3072656E7454696D65283078253038582986
S214040B40203E207570677261646554696D6528304F
S214040B50782530385829004F544120436C757374F7
S214040B6065723A207761697420666F722025642066
S214040B707300525865642074696D654F757420302F
S214040B80782530385820732C204D41582074696DD0
S214040B90654F7574203078253038582073004D61C1
S214040BA078696D756D20757067726164652072650D
S214040BB0717565737473206D6164652028256429D6
S214040BC020776974686F757420726573706F6E73BE
S214040BD0652066726F6D207365727665722E005599
S214040BE07067726164696E6720616E7977617900F7
S214040BF04F54412053657276696365206469736354
S214040C006F766572792070726576656E7465642099
S214040C102D20616E6F7468657220697320616C7232
S214040C206561647920696E2070726F67726573738C
S214040C30004661696C656420746F20696E69746926
S214040C40617465207365727669636520646973638D
S214040C506F766572792E004F54412053657276691B
S214040C60636520446973636F7665727920696E20C4
S214040C7070726F677265737300436C69656E742077
S214040C80766572696669636174696F6E2066616908
S214040C906C65642E005369676E61747572650043F3
S214040CA07573746F6D0070617373656400464149B3
S214040CB04C4544004E6F207369676E6174757265A7
S214040CC020766572696669636174696F6E207375F0
S214040CD070706F72742C20617373756D696E672003
S214040CE0696D616765206973206F6B61792E0025D5
S214040CF07320766572696669636174696F6E202510
S214040D00733A20307825303258004D6178696D7515
S214040D106D206E756D626572206F6620646F776EE7
S214040D206C6F6164206572726F72732072656163A2
S214040D306820282564292C2061626F7274696E67A6
S214040D402E004F544120436C75737465723A2073B9
S214040D50657474696E67204945454520616464720C
S214040D60657373206F66204F544120636C757374EB
S214040D706572005061727469616C2066696C6520E6
S214040D80646F776E6C6F616420666F756E642C207A
S214040D90636F6E74696E75696E672066726F6D2018
S214040DA06F66667365742030782530385800466F51
S214040DB0756E642066756C6C7920646F776E6C6FE4
S214040DC0616465642066696C6520696E2073746F5F
S214040DD072616765202876657273696F6E20307855
S214040DE025303858292E00466F756E642066696C67
S214040DF06520696E2073746F726167652077697405
S214040E006820646966666572656E742076657273BA
S214040E10696F6E2028307825303858292074686128
S214040E206E2063757272656E742076657273696F70
S214040E306E2028307825303858290046696C65209D
S214040E40696E2073746F72616765206973207361BD
S214040E506D652061732063757272656E7420727599
S214040E606E6E696E672076657273696F6E202830C1
S214040E70782530385829004E6F20696D61676520E3
S214040E80666F756E6420696E2073746F7261676531
S214040E902E004F5441205365727669636520446979
S214040EA073636F7665727920756E626C6F636B65BB
S214040EB0640049676E6F72696E6720736572766543
S214040EC0722066726F6D206C6F6F706261636B2048
S214040ED0616464726573730049676E6F72696E67E6
S214040EE020307825303458204F544120736572766C
S214040EF0657220696E20736561726368206F662070
S214040F0054430053657474696E67204F54412053EC
S214040F10657276657220746F2030782530345800F8
S214040F2044656C6179696E67202564207365636F18
S214040F306E6473206265666F726520737461727482
S214040F40696E67204F544120636C69656E74005463
S214040F50696D656F75742077616974696E6720665C
S214040F606F72206D6573736167652E00426164203D
S214040F704F544120636F6D6D616E643A203078255E
S214040F80303258004F544120636F6D6D616E64209B
S214040F9030782530325820746F6F2073686F7274FF
S214040FA020286C656E202564203C206D696E202503
S214040FB06429004F544120636F6D6D616E64206632
S214040FC0726F6D20756E7265636F676E697A65649D
S214040FD020736572766572203078253034582E205A
S214040FE0204D79204F5441207365727665723A20FD
S214040FF030782530345800496D616765204E6F742B
S21404100069667900476F7420756E657870656374D9
S21404101065642025732E20205374617274206469DD
S21404102073636F766572792E0064656661756C7499
S214041030004F54413A206661696C656420746F20E1
S21404104073656E6420257320726573706F6E7365A6
S2140410503A2030782530325800496D616765206E35
S2140410606F7469667900476F7420756E657870656D
S214041070637465642025732E202049676E6F72653D
S214041080642E004F54413A2044656661756C7420A2
S214041090726573706F6E736520666F7220496D613A
S2140410A06765206E6F746966792C20737461747535
S2140410B0732030782530325800496D616765206E9C
S2140410C06F7469667920636F6D6D616E6400257355
S2140410D020756E69636173742C2071756572796905
S2140410E06E6700496E76616C69640025732025730B
S2140410F0207061796C6F6164207479706520307833
S214041100253032580025732025733A206F757420D5
S2140411106F662072616E6765206A697474657220F2
S21404112025640025732025733A207061796C6F61FD
S21404113064206C656E67746820646F65736E2774CC
S214041140206D61746368207479706520307825306A
S214041150325820282564203C202564290025732045
S21404116025732064756520746F206E6F6E2D6D6117
S214041170746368696E67206D616E75666163747505
S21404118072657220494400257320257320647565B2
S21404119020746F206E6F6E2D6D61746368696E6760
S2140411A020696D616765207479706520494400255F
S2140411B0732025732064756520746F206D617463D5
S2140411C068696E67206669726D77617265207665F8
S2140411D07273696F6E0025732025732C205278274E
S2140411E064204A6974746572202830782530325831
S2140411F0292C205069636B6564204A69747465728F
S21404120020283078253032582900517565727920A7
S2140412106E65787420696D61676520726573706F9A
S2140412206E73650025732072657475726E6564202E
S2140412303078253032582E20204E6F206E65772069
S214041240696D61676520746F20646F776E6C6F617B
S214041250642E00257320746F6F2073686F72742079
S214041260282564203C202564290025733A204E65F1
S2140412707720696D61676520697320617661696CA2
S21404128061626C6520666F7220646F776E6C6F6146
S214041290642E002573206973206E6F74207573693D
S2140412A06E67206D7920696D61676520696E666F6B
S2140412B02E004552524F523A204E65787420496D9E
S2140412C061676520697320746F6F20626967207494
S2140412D06F2073746F726520283078253038582054
S2140412E03E203078253038582900257320726574DE
S2140412F075726E65642073616D652046696C65560B
S214041300657273696F6E2061732063757272656EA1
S214041310746C7920696E7374616C6C65642E004F0E
S214041320544120446F776E67726164657320446924
S2140413307361626C65643A2046696C6556657273BF
S214041340696F6E20626568696E6420637572726583
S2140413506E7420696E7374616C6C6174696F6E0070
S2140413605374617274696E6720646F776E6C6F6114
S214041370642C2056657273696F6E20307825303879
S21404138058004572726F723A204661696C65642033
S214041390746F2064656C65746520696D6167652E7D
S2140413A0004572726F723A204661696C65642074F7
S2140413B06F206572617365206F6C642074656D7050
S2140413C020646174612E00496D61676520626C6FEC
S2140413D0636B20726573706F6E7365004F54413A89
S2140413E020496D616765426C6F636B5265706F6E02
S2140413F0736520636F6E7461696E7320696E7661BF
S2140414006C6964206F7220696E636F6D706C6574AE
S214041410652064617461005570646174696E672048
S2140414204D696E20426C6F636B20526571756573EF
S2140414307420506572696F6420746F202564206D73
S2140414407300446F776E6C6F61642064656C6179B9
S21404145020627920736572766572202564206D7328
S21404146000446F776E6C6F61642061626F7274659E
S21404147064206279207365727665722E00536572F5
S21404148076657220646F65736E277420737570704A
S2140414906F72742070616765207265717565737408
S2140414A02C206F6E6C79207573696E6720626C6F82
S2140414B0636B20726571756573742E00536572765E
S2140414C065722072657475726E65642027756E7316
S2140414D07570706F7274656420636C75737465726E
S2140414E020636F6D6D616E64272E00556E6B6E6F94
S2140414F0776E2025732073746174757320636F642C
S21404150065203078253032580025732068617320B2
S214041510646174612073697A6520282564292073C0
S2140415206D616C6C6572207468616E20616374759D
S214041530616C207061636B65742073697A6520281A
S2140415402564292E002573206572726F723A204531
S21404155078706563746564206F666673657420309E
S21404156078253038582C2062757420676F742030C4
S21404157078253038582E202049676E6F72696E675A
S21404158000257320696E666F20646964206E6F742C
S214041590206D61746368206D792065787065637466
S2140415A0656420696E666F2E202044726F707069C1
S2140415B06E672E004661696C656420746F207772CE
S2140415C069746520746F2073746F72616765206434
S2140415D065766963652100446F776E6C6F6164009D
S2140415E05570677261646520656E642072657370F9
S2140415F06F6E7365005365727665722061626F72F2
S21404160074656420757067726164652C20737461F8
S2140416107475733A20307825303258004572726FEC
S214041620723A2025732068616420696E76616C695D
S214041630642025733A200066696C652076657273AB
S214041640696F6E00416464696E67202564206D735B
S2140416502E2064656C617920666F7220696D6D65F5
S214041660646961746520757067726164652E0043F1
S2140416706F756E74646F776E20746F207570677202
S2140416806164653A202564206D7300205374617488
S214041690653A2020202573002057616974696E67B7
S2140416A020666F7220726573706F6E73653A2025BC
S2140416B07300204E657874204576656E74205469F0
S2140416C06D65723A202564206D730020437572722E
S2140416D0656E7420446F776E6C6F6164204F666627
S2140416E07365743A203078253038582028256425C8
S2140416F025290025733A206661696C65642070614B
S2140417007273696E67204F544120636D642030788D
S21404171025303258004F54412044656661756C7418
S21404172020726573706F6E736520746F20636F6DBF
S2140417306D616E64204944203078253032582C2060
S2140417407374617475732030782530325800496D8F
S21404175061676520626C6F636B2072657175657373
S214041760742074657374206F6E6C7920776F726B57
S21404177073207768656E20737461746520697320BE
S214041780424F4F544C4F41445F53544154455F4E6F
S2140417904F4E450052616E646F6D2044656C6179EE
S2140417A0206265666F7265207374617274004469A2
S2140417B073636F766572696E67204F544120536574
S2140417C07276657200476574204F544120536572E3
S2140417D076657220455549004F627461696E206CC7
S2140417E0696E6B206B6579005175657279696E67F1
S2140417F0204E65787420496D61676500446F776E86
S2140418006C6F6164696E6720496D61676500566533
S21404181072696679696E6720496D6167650057610C
S2140418206974696E6720666F7220557067726164AA
S21404183065206D65737361676500436F756E7464C8
S2140418406F776E20746F20557067726164650057F9
S214041850616974696E6720746F207570677261645D
S2140418606520766961206F75742D6F662D62616ED2
S21404187064206D656368616E69736D0025733A2034
S2140418802564252520636F6D706C65746500496D4D
S2140418906167652025640020204552524F523A2045
S2140418A0436F756C64206E6F74206765742066756C
S2140418B06C6C20686561646572210020204865614F
S2140418C06465722056657273696F6E3A20307825A7
S2140418D0303458002020486561646572204C656E7B
S2140418E06774683A20202564206279746573002042
S2140418F0204669656C6420436F6E74726F6C3A2080
S214041900203078253034580020204D616E756620CE
S21404191049443A202020202020203078253034588E
S214041920002020496D61676520547970653A20204F
S21404193020202030782530345800202056657273D5
S214041940696F6E3A20202020202020203078253011
S21404195038580020205A6967626565205665727398
S214041960696F6E3A20307825303458002020486558
S2140419706164657220537472696E673A2020257319
S214041980002020496D6167652053697A653A2020F6
S214041990202020256C64206279746573002020530F
S2140419A06563757269747920437265643A202030E1
S2140419B0782530325800202055706772616465209F
S2140419C0446573743A2020200020204D696E2E2032
S2140419D04857205665723A20202020307825303427
S2140419E0580020204D61782E204857205665723ABC
S2140419F020202020307825303458002020546F745E
S214041A00616C20546167733A2025640020202020EE
S214041A105461673A2030782530345800202020203E
S214041A2020204C656E6774683A20256C6400457205
S214041A30726F723A20436F756C64206E6F74206FF9
S214041A40627461696E2074616720696E666F2066D1
S214041A50726F6D20696D6167652E000A25642069C2
S214041A606D6167657320696E204F54412073746FEF
S214041A70726167652E00496D6167652064656C65F3
S214041A80746525732E004572726F723A2020436F78
S214041A90756C64206E6F74207265616420626C6F6E
S214041AA0636B3A203078253032582E0A005374611E
S214041AB07274696E672065726173652066726F6DF5
S214041AC0206F666673657420307825303858207425
S214041AD06F2030782530385800436F756C64206E5C
S214041AE06F742073746172742045524153452120EB
S214041AF0283078253032582900454550524F4D201D
S214041B00457261736520636F6D706C657465002F34
S214041B10686F6D652F72756E6E65722F776F726B58
S214041B202F747579612D7A69676265652D73776997
S214041B307463682D776974682D6D65746572696E53
S214041B40672F747579612D7A69676265652D737779
S214041B50697463682D776974682D6D657465726938
S214041B606E672F73696C6162735F746F6F6C732F2B
S214041B7073696D706C69636974795F73646B2F70D5
S214041B80726F746F636F6C2F7A69676265652F6115
S214041B9070702F6672616D65776F726B2F706C75DF
S214041BA067696E2F6F74612D73746F726167652D2C
S214041BB073696D706C652D656570726F6D2F6F74CB
S214041BC0612D73746F726167652D656570726F6DD4
S214041BD02D706167652D65726173652E63002F68CD
S214041BE06F6D652F72756E6E65722F776F726B2FC1
S214041BF0747579612D7A69676265652D7377697482
S214041C0063682D776974682D6D65746572696E678F
S214041C102F747579612D7A69676265652D737769A6
S214041C207463682D776974682D6D65746572696E62
S214041C30672F73696C6162735F746F6F6C732F7355
S214041C40696D706C69636974795F73646B2F707205
S214041C506F746F636F6C2F7A69676265652F617046
S214041C60702F6672616D65776F726B2F706C756717
S214041C70696E2F6F74612D73746F726167652D734F
S214041C80696D706C652D656570726F6D2F6F74610C
S214041C902D73746F726167652D656570726F6D2E36
S214041CA063004F54412053696D706C652053746F04
S214041CB07261676520454550524F4D207761726EBC
S214041CC0696E673A20636F756C64206E6F74206764
S214041CD0657420736C6F7420696E666F20666F720D
S214041CE020736C6F7420256420286572726F7220CE
S214041CF0307825303258292E2044656661756C7418
S214041D00696E6720746F20737065636966696564BD
S214041D102061646472657373206F6666736574739A
S214041D200053746F72616765204472697665723A0F
S214041D30202020202020202020202020204F544116
S214041D402053696D706C652053746F7261676520EB
S214041D50454550524F4D20506C7567696E0052656C
S214041D606164204D6F6469667920577269746520D2
S214041D70537570706F72743A20206E6F00534F4321
S214041D8020426F6F746C6F6164696E672053757060
S214041D90706F72743A2020202079657300426F6F4A
S214041DA0746C6F616465722053746F72616765202A
S214041DB0537570706F72743A205573652066697235
S214041DC0737420736C6F7400536C6F7420746F207C
S214041DD07573653A202020202020202020202020F3
S214041DE02020202025640043757272656E7420449A
S214041DF06F776E6C6F6164204F66667365743A2005
S214041E002020203078253038580045424C20537422
S214041E10617274204F66667365743A202020202011
S214041E202020202020203078253038580045455082
S214041E30524F4D2053746172743A20202020202083
S214041E4020202020202020202030782530385800DC
S214041E50454550524F4D20456E643A2020202020A0
S214041E6020202020202020202020202030782530EC
S214041E70385800496D61676520496E666F20537453
S214041E806172743A20202020202020202020203038
S214041E907825303858005361766520526174652081
S214041EA02862797465732920202020202020202091
S214041EB02020307825303858004F666673657420C5
S214041EC06F6620646F776E6C6F6164206F666673EE
S214041ED06574202020307825303858004F666673A5
S214041EE06574206F662045424C206F666673657481
S214041EF03A20202020202020307825303858004FE3
S214041F006666736574206F6620696D616765207305
S214041F10746172743A2020202020203078253038CE
S214041F205800736C5F7A69676265655F61665F6FA8
S214041F3074615F73746F726167655F6472697665F6
S214041F40725F726561645F63622829206661696CEA
S214041F5065642100426164206D61676963206E7563
S214041F606D62657220696E2066696C653A20307809
S214041F7025303258203078253032582030782530B5
S214041F803258203078253032580042616420766515
S214041F907273696F6E20696E2066696C652030788E
S214041FA025303458004572726F723A207265616447
S214041FB0416E6456616C696461746553746F7265CE
S214041FC064496D61676528292074726965642074A4
S214041FD06F2072656164206D6F7265206461746140
S214041FE0207468616E20697420636F756C64206861
S214041FF06F6C642E00736C5F7A69676265655F61F7
S214042000665F6F74615F73746F726167655F647235
S214042010697665725F726561645F6362282920462B
S21404202041494C454421004C617374206F666673C5
S214042030657420646F776E6C6F616465643A2030F3
S21404204078253038580053746F72616765204D6F79
S21404205064756C653A204F54412053696D706C6505
S2140420602053746F7261676520506C7567696E00E3
S214042070496D616765732053746F7265643A2020F6
S2140420802564206F6620310A00253032583A0065F0
S21404209070202530325820636C75732025303458F0
S2140420A0206174747220253034582073767220258B
S2140420B06300206D666720253032580020726570F4
S2140420C06F7274206D696E2025303458206D6178E7
S2140420D02025303458207270742D636867202530AC
S2140420E038580020726563656976652066726F6D80
S2140420F020253034582065702025303258207469E5
S2140421006D656F7574202530345800636C65617294
S2140421100072656D6F766500636C656172696E67E3
S214042120206C617374207265706F72742074696DAC
S21404213065206F6620616C6C2061747472696275C8
S2140421407465730074657374696E672074696D6969
S2140421506E67206F6620766172696F75732072658C
S214042160706F7274696E67206F7065726174696FE0
S2140421706E73002D2D2D2D2D2D2D2D2D2D2D2D2D2C
S2140421802D2D2D2D2D2D2D2D2D2D2D2D2D2D2D2D76
S2140421902D2D2D2D2D2D2D2D2D2D2D2D2D2D2D2D66
S2140421A02D2D002D2D7461626C652072656164733B
S2140421B0202D2066756C6C207461626C652D2D0074
S2140421C0726573756C74203D202564206D73002D34
S2140421D02D696E6974202F207363686564756C6559
S2140421E0207469636B2D2D2D002D2D6C6F6164207A
S2140421F0636F6E66696775726174696F6E20646575
S2140422006661756C74732D2D002F686F6D652F7263
S214042210756E6E65722F776F726B2F747579612D7C
S2140422207A69676265652D7377697463682D776963
S21404223074682D6D65746572696E672F747579613F
S2140422402D7A69676265652D7377697463682D777F
S2140422506974682D6D65746572696E672F73696C31
S2140422606162735F746F6F6C732F73696D706C69E2
S214042270636974795F73646B2F70726F746F636FC6
S2140422806C2F7A69676265652F6170702F6672615C
S2140422906D65776F726B2F706C7567696E2F7265DC
S2140422A0706F7274696E672F7265706F7274696E80
S2140422B0672E6300524541445F5250545F4346477D
S2140422C000726561645F7265706F7274696E675FD1
S2140422D0636F6E66696775726174696F6E005265C6
S2140422E0706F7274696E673A206661696C65642003
S2140422F0746F2073656E6420257320726573706F27
S2140423006E73653A20307825303258004552523A7A
S2140423102072656164696E6720636C757374657298
S214042320203078253034582061747472696275746C
S21404233065203078253034583A20307825303258A5
S214042340004552523A207265706F7274696E672047
S2140423506F66204C4F4E4720737472696E67206117
S21404236074747269627574652074797065206E6F12
S2140423707420737570706F727465643A20636C753C
S2140423807374657220307825303458206174747202
S214042390696275746520307825303458005265704B
S2140423A06F7274696E6720456E7472792046756C18
S2140423B06C202D206372656174696E67206E657784
S2140423C0207265706F7274004346475F5250540023
S2140423D0202D20646972656374696F6E3A25303205
S2140423E0582C20617474723A25303458002020200A
S2140423F0747970653A253032582C206D696E3A250A
S2140424003034582C206D61783A253034580020201A
S214042410206368616E67653A0020202074696D65E4
S2140424206F75743A2530345800636F6E6669677545
S21404243072655F7265706F7274696E6700205443CC
S2140424404C4B2075706461746520616C72656164C0
S2140424507920696E2070726F6772657373004D61C0
S2140424606E75616C2054434C4B20757064617465C2
S214042470206661696C65642E2573005374617274FA
S214042480696E672075706461746520747275737400
S2140424902063656E746572206C696E6B206B65795B
S2140424A02070726F63657373005570646174652081
S2140424B05443204C696E6B204B657900204E65773B
S2140424C0206B65792065737461626C6973686564F2
S2140424D03A00204572726F723A00506172746E65EB
S2140424E0723A20005A434C20676C6F62616C20631A
S2140424F06C757374657220636F6D6D616E647300C2
S214042500646972656374696F6E00646973632D63CE
S2140425106F6D2D67656E00646973632D636F6D2D33
S214042520726563006578706563742D7265706F728A
S214042530742D66726F6D2D6D65007577726974659E
S214042540006E7772697465007265706F72742D72AE
S2140425506561640073656E642D6D652D612D72650D
S214042560706F7274004372656174657320612067CE
S2140425706C6F62616C20646973636F766572206346
S2140425806F6D6D616E6420666F722074686520617D
S21404259073736F6369617465642076616C756573C3
S2140425A02E00636C757374657249641F617474726B
S2140425B0696275746549641F6D61784E756D6265F0
S2140425C072546F5265706F72741F00437265617443
S2140425D06573206120676C6F62616C2073656E643E
S2140425E0206D652061207265706F727420636F6D54
S2140425F06D616E6420666F72207468652061737303
S2140426006F6369617465642076616C7565732E000A
S214042610636C757374657249641F6174747269625D
S21404262075746549641F64617461547970651F6DBF
S214042630696E5265706F727454696D651F6D61784A
S2140426405265706F727454696D651F7265706F722F
S2140426507461626C654368616E67651F00437265EA
S21404266061746573206120676C6F62616C207265AB
S2140426706164207265706F7274696E6720636F6D33
S2140426806D616E6420666F72207468652061737372
S2140426906F63696174656420636C75737465722C0A
S2140426A02061747472696275746520616E64207347
S2140426B065727665722F636C69656E7420646972E0
S2140426C0656374696F6E2E00636C75737465724906
S2140426D0641F61747472696275746549641F646901
S2140426E072656374696F6E1F00476C6F62616C205D
S2140426F07265706F7274696E6720636F6D6D616E5C
S2140427006400656E64706F696E741F636C757374B1
S214042710657249641F61747472696275746549648C
S2140427201F6D61736B1F004372656174657320616E
S21404273020676C6F62616C207265616420636F6DE4
S2140427406D616E64206D65737361676520746F20B8
S214042750726561642066726F6D2074686520636CB0
S214042760757374657220616E642061747472696234
S214042770757465207370656369666965642E0063A5
S2140427806C757374657249641F61747472696275DA
S214042790746549641F004372656174657320612023
S2140427A0676C6F62616C20777269746520636F6D05
S2140427B06D616E64206D65737361676520746F2048
S2140427C0777269746520746F2074686520636C750D
S2140427D07374657220616E642061747472696275C4
S2140427E074652073706563696669656400636C75F7
S2140427F07374657249641F61747472696275746572
S21404280049641F747970651F646174611F004372A4
S214042810656174652061206578706563742D7265E2
S214042820706F72742D66726F6D2D6D65206D657395
S214042830736167652077697468206173736F636971
S214042840617465642076616C7565732E00636C75BF
S2140428507374657249641F61747472696275746511
S21404286049641F74696D656F75741F0043726561F2
S2140428707465206120446973636F76657220436FC4
S2140428806D6D616E64732047656E65726174656410
S21404289020636F6D6D616E64207769746820617360
S2140428A0736F6369617465642076616C7565732EF5
S2140428B000636C757374657249641F737461727413
S2140428C0436F6D6D616E6449641F6D6178436F6D0F
S2140428D06D616E6449641F00536574732074686583
S2140428E020646972656374696F6E20666F72206710
S2140428F06C6F62616C20636F6D6D616E64732C2007
S21404290065697468657220636C69656E7420746F9B
S21404291020736572766572206F72207365727665B1
S2140429207220746F20636C69656E742E0053657430
S21404293073206120666C616720736F20746861740D
S21404294020746865206170706C69636174696F6E69
S214042950206672616D65776F726B2057494C4C2008
S2140429604E4F5420726573706F6E6420746F2074BB
S2140429706865206E657874205A434C206D657373C1
S214042980616765207468617420636F6D6573206980
S2140429906E206F76657220746865206169722E00F9
S2140429A053657473206120666C616720736F2074AE
S2140429B068617420746865206170706C6963617402
S2140429C0696F6E206672616D65776F726B2057490A
S2140429D04C4C20726573706F6E6420746F2074683C
S2140429E065206E657874205A434C206D6573736158
S2140429F06765207468617420636F6D657320696E03
S214042A00206F76657220746865206169722E0053A3
S214042A10657473207468652044697361626C65200C
S214042A2044656661756C7420526573706F6E736569
S214042A30204672616D6520436F6E74726F6C2062FF
S214042A40697420746F2075736520666F72207468CD
S214042A5065206E65787420636F6D6D616E642069A1
S214042A60662074686520636F6D6D616E642069739B
S214042A70206E6F7420616C7265616479206275697A
S214042A806C742E0064697361626C65446566617576
S214042A906C74526573706F6E73651F005365747340
S214042AA02074686520666C616720746F2075736592
S214042AB02074686520696E6372656D656E746564FE
S214042AC02073657175656E6365206E756D626572DB
S214042AD02066726F6D20746865206672616D657716
S214042AE06F726B20666F7220746865206E657874EA
S214042AF02072617720636F6D6D616E642E0075734E
S214042B00654E65787453657175656E63651F00431D
S214042B106C6920636F6D6D616E6420746F206361F1
S214042B206C6C20736C5F7A69676265655F61665F6B
S214042B307365745F74696D652066756E6374696F1A
S214042B406E20646F63756D656E74656420696E20AF
S214042B5061662E680075746354696D651F0053655D
S214042B607473207468652074776F206279746520A6
S214042B706D616E75666163747572657220737065D7
S214042B806369666963206964656E746966696572FB
S214042B9020746F2075736520666F722074686520D4
S214042BA06E65787420636F6D6D616E64206966204F
S214042BB074686520636F6D6D616E64206973206E42
S214042BC06F7420616C7265616479206275696C74D7
S214042BD02E006D6667537065636966696349641F92
S214042BE0006E6F742000534C5F5354415455535F2A
S214042BF04E4554574F524B5F55502030782530344D
S214042C00580054727573742043656E74657220455B
S214042C105549206861732025736368616E6765642F
S214042C202E00534C5F5354415455535F4E455457EE
S214042C304F524B5F444F574E00534C5F53544154CE
S214042C4055535F4E4F545F4A4F494E454400534CCC
S214042C505F5354415455535F5A49474245455F4E66
S214042C604554574F524B5F4F50454E45443A2025E6
S214042C70642073656300534C5F5354415455535F4B
S214042C805A49474245455F4E4554574F524B5F435A
S214042C904C4F5345440025733A20257300646973EA
S214042CA074726962757465640063656E7472616CCF
S214042CB0697A656400466F726D002573696E6720D5
S214042CC06F6E2063682025642C2070616E49642032
S214042CD0307825303458004572726F723A20446555
S214042CE07669636520646F6573206E6F74207375F0
S214042CF070706F7274202573206E6574776F726BB4
S214042D0020666F726D6174696F6E004A6F696E003B
S214042D10496E76616C69642053656375726974796B
S214042D202050726F66696C653A20307825303258C8
S214042D3000704A6F696E20666F7220256420736582
S214042D40633A20307825303258004C696D697469CE
S214042D506E67206475726174696F6E206F6620708A
S214042D6065726D6974206A6F696E2066726F6D2075
S214042D70666F726576657220283235352920746F41
S214042D80203235340052583A205A444F2C20636F70
S214042D906D6D616E64203078253034582C20737441
S214042DA0617475733A203078253032580053696D53
S214042DB0706C650052583A2025732044657363206E
S214042DC052657370004D61746368002C204D617405
S214042DD0636865733A2025640044657669636520F4
S214042DE0416E6E6F756E63653A20307825303458C0
S214042DF00052583A2049454545204164647265733B
S214042E007320526573706F6E73650052583A204192
S214042E10637469766520455020526573706F6E73CF
S214042E20652C20436F756E743A202564004E6F64DB
S214042E3065002C204D6174636865733A20307825EC
S214042E4030345800737461636B207665722E205B91
S214042E5025642E25642E256400202573206275695A
S214042E606C642025645D005A444F00534500484175
S214042E7000436C757374657200476C6F62616C0016
S214042E8025737478203078253038582C20005072FA
S214042E906F66696C653A20257320283078253034AF
S214042EA058292C20436C75737465723A2030782543
S214042EB03034582C2025642062797465732C0020E5
S214042EC05A434C20257320436D642049443A2025F8
S214042ED064005072652D52656C6561736500416CC3
S214042EE0706861203100416C706861203200416C6A
S214042EF07068612033004265746120310042657455
S214042F0061203200426574612033004741005265F7
S214042F1073657420696E666F3A20307825303258AF
S214042F2020282573290064656C6574652062696EC3
S214042F3064696E673A2025303258202530325800AE
S214042F400102030405060708090A0B0C0001010127
S214042F5001010101010101010100575249544520B4
S214042F604552523A20002573657020253032582089
S214042F70636C757320253034582061747472202570
S214042F80303458206E6F7420737570706F72746569
S214042F9064002573696E76616C696420646174618B
S214042FA0207479706500257361747472206E6F7472
S214042FB0207772697461626C650057524954453AC9
S214042FC0206E6F2077726974652C206A757374207E
S214042FD061207465737400524541443A20617474E8
S214042FE07269627574652073697A6520746F6F20E0
S214042FF06C6172676520666F722063616C6C6572C3
S21404300000636C6E74007372767200525700524FEF
S21404301000202052414D20200020746F6B656E20E6
S2140430200065787465726E2000454E44504F494ED4
S21404303054202530325800636C7573202F20736932
S2140430406465202F2061747472202F206D666720BB
S214043050202F74797065286C656E292F207277206E
S2140430602F2073746F72616765202F20646174610A
S2140430702028726177290025303458202F202573A4
S214043080202F2025303458202F2000202F202530B4
S214043090325820282530325829202F202573202FF7
S2140430A0202573202F2000556E737570706F727410
S2140430B06564004F544120524541443A2065703AB5
S2140430C025303258206369643A25303458206174B8
S2140430D07469643A25303458206D736B3A2530325F
S2140430E058206D66636F64653A253034580052453F
S2140430F041443A20636C757320253034582C206183
S2140431007474722025303458206661696C656420B6
S2140431102530325800524541443A20636C7573207A
S214043120253034582C206174747220253034582C81
S21404313020646174614C656E3A20253032582C2028
S2140431404F4B002825632925303258253032582520
S21404315030325825303258253032582530325825EA
S214043160303258253032580064697361626C6500E9
S2140431702573642C2064726F7070696E67206570A6
S2140431802030782530325820636C757320307825CB
S21404319030345820636D6420307825303258004728
S2140431A0656E65726174656400526563656976650B
S2140431B06400446973636F76657220436F6D6D6156
S2140431C06E647320726573706F6E73652028636F08
S2140431D06D706C6574653A202563292C2025732050
S2140431E04944733A200030782530325820005F4531
S2140431F0585400524541445F415454520057524972
S21404320054453A20636C7573202530345820617415
S2140432107472202530345820004641494C2025300D
S21404322032580057524954453A20746F6F207368D9
S2140432306F727400444953435F41545452002573DB
S21404324025733A20636C7573202530345800537602
S2140432506320446973633A2000257357616974696F
S2140432606E672025642073656320666F7220646928
S21404327073636F7665727920746F20636F6D706CFC
S21404328065746500537461746520636F7272657348
S214043290706F6E64696E6720746F2074686520743E
S2140432A068652072657175657374206E6F74206628
S2140432B06F756E640A002573636F6D706C65746554
S2140432C02E0A002573536572766963652044697314
S2140432D0636F76657279205374617465206C696DCA
S2140432E069747320726561636865640A00257349AE
S2140432F06C6C6567616C2062726F61646361737481
S21404330020616464726573732C2072656D617070DD
S214043310696E6720746F2076616C6964206F6E65D1
S2140433202E0025734661696C656420746F2073658E
S2140433306E64206D6174636820646973636F766578
S21404334072793A20307825303258002573537461E8
S2140433507274696E6720646973636F766572792028
S214043360666F7220636C75737465722030782530CE
S21404337034580025734661696C656420746F207345
S214043380656E642073696D706C6520646573637222
S2140433906970746F7220726571756573743A203043
S2140433A078253032580025734661696C656420744C
S2140433B06F2073656E6420494545452061646472D8
S2140433C065737320726571756573743A2030782559
S2140433D03032580025734661696C656420746F202A
S2140433E073656E64204E574B206164647265737314
S2140433F020726571756573743A20307825303258BA
S214043400004572726F723A202573206261642073DD
S214043410696D706C652064657363726970746F722D
S214043420206C656E6774682E0025734D6573736132
S214043430676520746F6F2073686F72740025734D10
S21404344065737361676520746F6F2073686F727439
S21404345020666F72206E756D2E20656E64706F69BF
S2140434606E74730025734D61746368257320666FEC
S214043470756E642066726F6D203078253034582E51
S214043480004572726F723A20257320696E76616CFD
S2140434906964206C656E6774682028256420213D65
S2140434A02025642920666F7220416374697665203E
S2140434B0456E64706F696E7420726573706F6E7398
S2140434C065002573676F74206163746976652045AB
S2140434D05020726573706F6E736500555443207484
S2140434E0696D653A2025642F25642F25642025649C
S2140434F03A25643A2564202825303858290028556A
S2140435006E6B6E6F776E20636C75732E205B3078EF
S214043510253034585D29000D0A54253038583A00B1
S2140435205258206C656E2025642C2065702025304A
S21404353032582C20636C757320307825303458202C
S21404354000206D66674964202530345800204643C1
S2140435502025303258207365712025303258206378
S2140435606D642025303258207061796C6F61645B1D
S214043570004261736963004F766572207468652043
S21404358041697220426F6F746C6F6164696E670084
S2140435902573525820706B7420746F6F2073686F95
S2140435A072743A202564203C202564002573525802
S2140435B020706B74206D616C666F726D65643A2062
S2140435C02564203C2025640020204861766520522E
S2140435D06F7574657220537570706F727400202056
S2140435E0456E6420446576696365204F6E6C790089
S2140435F02020456E61626C65640020204469736116
S214043600626C6564004572726F72207265747269CA
S2140436106576696E6720696E666F20666F72206CC9
S21404362069627261727920494420256400257320FA
S2140436306C69627261727925732070726573656E47
S21404364074005A69676265652050726F0042696E3D
S21404365064696E6700536563757269747920436F95
S2140436607265005365637572697479204C696E6B74
S214043670204B6579730043424B45203136334B313A
S2140436800043424B4520445341205369676E00452E
S21404369043430043424B45204453412056657269D8
S2140436A06679005061636B65742056616C69646169
S2140436B07465005A4C4C0043424B45203238334B19
S2140436C03100454343203238334B310043424B45A7
S2140436D020636F7265004E4350004D756C7469200C
S2140436E06E6574776F726B00456E68616E636564B1
S2140436F020426561636F6E205265710043424B45FC
S214043700203238334B312044534120566572696663
S21404371079004D756C74692D50414E002F686F6D9D
S214043720652F72756E6E65722F776F726B2F747558
S21404373079612D7A69676265652D73776974636844
S2140437402D776974682D6D65746572696E672F745C
S2140437507579612D7A69676265652D737769746317
S214043760682D776974682D6D65746572696E672F48
S21404377073696C6162735F746F6F6C732F73696DBA
S214043780706C69636974795F73646B2F70726F749D
S2140437906F636F6C2F7A69676265652F73746163F4
S2140437A06B2F636F6E6669672F736C5F7A696762E7
S2140437B065655F636F6E66696775726174696F6E5F
S2140437C02E63002F686F6D652F72756E6E65722F8F
S2140437D0776F726B2F747579612D7A696762656588
S2140437E02D7377697463682D776974682D6D6574B5
S2140437F06572696E672F747579612D7A696762657B
S214043800652D7377697463682D776974682D6D65A3
S214043810746572696E672F73696C6162735F746F27
S2140438206F6C732F73696D706C69636974795F73F9
S214043830646B2F70726F746F636F6C2F7A69676234
S21404384065652F737461636B2F6672616D65776F40
S214043850726B2F6165732D6563622E63002F686F2C
S2140438606D652F72756E6E65722F776F726B2F741F
S2140438707579612D7A69676265652D7377697463F6
S214043880682D776974682D6D65746572696E672F27
S214043890747579612D7A69676265652D73776974C5
S2140438A063682D776974682D6D65746572696E67D3
S2140438B02F73696C6162735F746F6F6C732F7369B7
S2140438C06D706C69636974795F73646B2F70726F63
S2140438D0746F636F6C2F7A69676265652F737461A2
S2140438E0636B2F73656375726974792F7A6967627F
S2140438F065652D73656375726974792D6D616E6186
S2140439006765722D6E6F2D7661756C742E63004537
S21404391072726F723A20204661696C656420746F17
S21404392020726561642066726F6D20454550524F63
S2140439304D2061742030782534582C2073746174BB
S21404394075733A20256400454550524F4D20496E04
S214043950697469616C697A65643A20256300454533
S21404396050524F4D20427573793A202563005061BA
S214043970727469616C20576F72642053746F72613D
S214043980676520436F756E743A202564004164644D
S214043990726573733A2030782534582C205061723F
S2140439A07469616C20576F72643A20307825580029
S2140439B0636F6E6669726D656400617373756D65B9
S2140439C064000A454550524F4D20496E666F004EBE
S2140439D06F7420617661696C61626C6520286F6C17
S2140439E064657220626F6F746C6F6164657229001F
S2140439F050617274204465736372697074696F6E83
S214043A003A202020202020202020202573004361F7
S214043A10706162696C69746965733A20202020209D
S214043A2020202020202020202030782532580050C6
S214043A306167652045726173652074696D65202829
S214043A4073293A20202020202025640050617274B7
S214043A502045726173652074696D65202873293A60
S214043A602020202020202564005061727420457296
S214043A706173652074696D6520286D73293A20206A
S214043A8020202020256400506167652073697A65CC
S214043A9020286279746573293A202020202020206B
S214043AA02020256C00506172742073697A65202882
S214043AB06279746573293A20202020202020202053
S214043AC0256C00576F72642073697A6520286279C2
S214043AD0746573293A202020202020202020256485
S214043AE0202825702900454550524F4D20696E699F
S214043AF0743A2030782558002F686F6D652F7275DC
S214043B006E6E65722F776F726B2F747579612D7A6E
S214043B1069676265652D7377697463682D77697460
S214043B20682D6D65746572696E672F747579612D7D
S214043B307A69676265652D7377697463682D77693A
S214043B4074682D6D65746572696E672F73696C6130
S214043B5062735F746F6F6C732F73696D706C6963D7
S214043B606974795F73646B2F7574696C2F706C75E8
S214043B7067696E2F706C7567696E2D636F6D6D6FF8
S214043B806E2F656570726F6D2F656570726F6D2E22
S214043B906300556E61626C6520746F20626F6F748B
S214043BA020696D61676520617420736C6F742025CD
S214043BB06C640A00536C6F74204D616E61676572A5
S214043BC0206661696C656420746F20657261736534
S214043BD020736C6F740A004D6178207265616420EE
S214043BE06C696D69742073657420746F2025642075
S214043BF062797465730A0041646472657373202085
S214043C002020202020202020446174610A0030787F
S214043C1025346C7820202020202020307825780A2F
S214043C20004661696C656420746F20726561642067
S214043C3066726F6D20666C6173680A00536C6F74ED
S214043C4020256C640A202041646472657373202006
S214043C502020203A20307825346C580A20204C65E1
S214043C606E6774682020202020203A20307825347F
S214043C706C582028256C64206279746573290A00C0
S214043C8020205479706520202020202020203A20EF
S214043C90004E6F2047424C2070726573656E740A3E
S214043CA0005A69674265650A005468726561640A69
S214043CB000436F6E6E6563740A00426C7565746FBC
S214043CC06F74680A00426C7565746F6F746820615F
S214043CD070706C69636174696F6E0A004D43550AAF
S214043CE0004F7468657220283078256C58290A00BD
S214043CF0202056657273696F6E20202020203A209B
S214043D003078256C580A0020204361706162696C23
S214043D1069746965733A20307825346C580A002033
S214043D202050726F6475637420494420203A200042
S214043D30307825582000536C6F74204D616E61678F
S214043D4065723A206661696C656420746F20696EDA
S214043D50697469616C697A6520626F6F746C6F61EF
S214043D6064657220286572726F7220307825347804
S214043D70290A0056657273696F6E20202020203A47
S214043D802025640A00506172742020202020202000
S214043D90203A2025730A004361706162696C697475
S214043DA06965733A20307825780A00506172742069
S214043DB073697A652020203A20256420420A005040
S214043DC06167652073697A652020203A202564207F
S214043DD0420A00576F72642073697A652020203A7D
S214043DE020256420420A00536C6F74732020202020
S214043DF02020203A2025640A004661696C65642008
S214043E00746F20726561642066726F6D2073746FC0
S214043E107261676520666C61736820286572726FCC
S214043E2072202564290A00496E76616C69642073E1
S214043E306C6F7420256420286D617820736C6F7411
S214043E40202564290A004661696C656420746F2025
S214043E5067657420696E666F20666F7220736C6F78
S214043E60742025640A00536C6F74204D616E61677C
S214043E7065723A20736C6F74207772697465206675
S214043E8061696C7572652E20416464726573732073
S214043E906F66667365742028256429202B20777244
S214043EA0697465206C656E6774682028256429200B
S214043EB067726561746572207468616E20746F74CD
S214043EC0616C20736C6F74206C656E677468202850
S214043ED02564290A00536C6F74204D616E61676512
S214043EE072207761726E696E673A20736C6F742005
S214043EF02564206C656E6774682028256429206E06
S214043F006F7420616C69676E656420746F207061DD
S214043F1067652073697A6520282564292E205468ED
S214043F206520656E7469726520736C6F742077699A
S214043F306C6C206E6F7420626520657261736564B4
S214043F402E0A00536C6F74204D616E616765723A79
S214043F50206661696C656420746F206572617365A0
S214043F6020256420627974657320696E20736C6FF3
S214043F707420256420617420616464726573732000
S214043F80307825347820286572726F722030782550
S214043F9078290A0045726173656420256420627975
S214043FA074657320696E20736C6F742025640A0030
S214043FB04661696C656420746F2073657420736C45
S214043FC06F7420746F20626F6F7420286572726F2E
S214043FD072203078253478290A004661696C656455
S214043FE020746F20736574206C697374206F662068
S214043FF0736C6F747320746F20626F6F74202865FF
S21404400072726F72203078253478290A0046616906
S2140440106C656420746F20676574206E6577206C09
S214044020697374206F6620736C6F747320746F20CA
S214044030626F6F7420286572726F72203078253430
S21404404078290A00426567696E6E696E6720696D35
S21404405061676520766572696669636174696F6E07
S2140440602E2E2E002E6661696C656421202845720A
S214044070726F72203078253478290A002E706173A6
S2140440807365642120426F6F74696E6720736C6F6A
S214044090742025640A00666E692B00666E69006EDD
S2140440A0616E00666E692D006C69627300627365EA
S2140440B06E64007265736574007261770073656E72
S2140440C0645F6D756C7469636173740073656E64A4
S2140440D02D7573696E672D6D756C74696361737481
S2140440E02D62696E64696E670074696D6573796EB6
S2140440F063006765742D7074692D726164696F2D31
S214044100636F6E66696700636F6E6669672D6363C7
S214044110612D6D6F6465006576656E7473007365F6
S214044120637572697479007A69676265655F70722F
S214044130696E7400706C7567696E006E6574006BEA
S214044140657973006F7074696F6E00706C756700C4
S2140441506368616E67656B6579006368616E676541
S2140441606B007A646F007072696E742072656C619D
S21404417074656420636F6D6D616E64732E00617484
S2140441807472005A646F2072656C6174656420638F
S2140441906F6D6D616E64732E00726F75746500705A
S2140441A06F776572006D676D742D6C7169006D674D
S2140441B06D742D62696E64006E6F64650073696D5C
S2140441C0706C65006965656500756E62696E64008D
S2140441D06E776B2D757064006F75742D636C2D6C23
S2140441E069737400696E2D636C2D6C697374005A60
S2140441F0646F20696E2D636C2D6C69737420726510
S2140442006C6174656420636F6D6D616E64732E00FB
S2140442105A646F206F75742D636C2D6C69737420EB
S21404422072656C6174656420636F6D6D616E647332
S2140442302E005A646F206E776B2D7570642072653D
S2140442406C6174656420636F6D6D616E64732E00BB
S2140442507363616E2D6368616E2D6D61736B00739D
S21404426063616E006368616E5067006368616E0028
S2140442705A646F20756E62696E642072656C617430
S214044280656420636F6D6D616E64732E00756E6970
S21404429063617374006368616E67656B6579207229
S2140442A0656C6174656420636F6D6D616E64732EF6
S2140442B0006C696E6B004F7074696F6E2072656C6B
S2140442C06174656420636F6D6D616E64732E007235
S2140442D065676973746572006469736300696E73F5
S2140442E074616C6C2D636F64650062696E64696EDC
S2140442F0672D7461626C65007072696E742D7278D5
S2140443002D6D736773006170737265747279004102
S214044310505320726574727920666C616720666FEC
S21404432072636520636F6D6D616E647300456E61C4
S214044330626C65732F44697361626C657320707276
S214044340696E74696E67206F66205278206D657397
S21404435073616765732E00656E61626C6500426901
S2140443606E64696E67207461626C652072656C6148
S21404437074656420636F6D6D616E64732E0053659F
S214044380637572697479206B6579732072656C61E4
S21404439074656420636F6D6D616E64732E0064656E
S2140443A06C657465004E6574776F726B2072656C0D
S2140443B06174656420636F6D6D616E64732E006650
S2140443C06F726D0072656A6F696E2D646966662D1C
S2140443D06465766963652D747970650065787470B4
S2140443E0616E69640069736F70656E0062726F61F6
S2140443F0642D706A6F696E006368616E67652D630D
S21404440068616E6E656C00696E6974006368616EDF
S21404441067652D6B6565702D616C6976652D6D6FAE
S21404442064650074696D656F75742D6F7074696F5B
S2140444306E2D6D61736B006D756C74692D70687983
S2140444402D7374617274006D756C74692D7068795F
S2140444502D73746F700066696E64006E6574776F92
S214044460726B2066696E6420636F6D6D616E647333
S2140444702E006A6F696E61626C6500756E75736591
S2140444806400736C6F742D6D616E61676572006392
S2140444906F756E7465727300656E642D64657669F7
S2140444A063652D737570706F72740066696E642D23
S2140444B0616E642D62696E6400667261676D656E16
S2140444C0746174696F6E0067726F7570732D7365AF
S2140444D072766572006E6574776F726B2D73746591
S2140444E06572696E67006F74612D626F6F746C6FAE
S2140444F06164006F74612D636C69656E74006F741B
S214044500612D73746F726167652D636F6D6D6F6E69
S214044510006F74612D73746F726167652D656570C5
S214044520726F6D0069646C652D736C6565700075DB
S21404453070646174652D74632D6C696E6B2D6B6588
S21404454079007570646174652D74632D6C696E6B87
S2140445502D6B65792072656C6174656420636F6D7C
S2140445606D616E64730074696D6572006E6F7700BA
S214044570436F6D6D616E647320746F20636F6E7429
S214044580726F6C2069646C696E672F736C656570F6
S214044590696E67206F662074686520646576696353
S2140445A06500666F7263652D6177616B6500617780
S2140445B0616B652D7768656E2D6E6F742D6A6F69F5
S2140445C06E6564007265706F7274696E67207265DA
S2140445D06C6174656420636F6D6D616E64732E0028
S2140445E0636C6561722D6C6173742D7265706F7285
S2140445F0742D74696D6500746573742D74696D69C2
S2140446006E67006F74612D73746F726167652D65D4
S2140446106570726F6D2072656C6174656420636F7B
S2140446206D6D616E64732E0077697065006F7461DA
S2140446302D73746F726167652D636F6D6D6F6E2079
S21404464072656C6174656420636F6D6D616E64730E
S214044650007072696E74496D616765730072656C8B
S2140446606F61640073746F726167652D696E666F3F
S21404467000646174612D7072696E74006F74612DCC
S214044680636C69656E742072656C6174656420631E
S2140446906F6D6D616E64732E00766572696679005F
S2140446A0626C6F636B2D7465737400706167652D3F
S2140446B07265717565737400757067726164652DD3
S2140446C0726571756573740064697361626C652DD7
S2140446D0646F776E67726164657300656E61626CA1
S2140446E0652D646F776E677261646573006F7461BD
S2140446F02D626F6F746C6F61642072656C61746593
S2140447006420636F6D6D616E6473006E6574776F9D
S214044710726B2D7374656572696E672072656C6161
S21404472074656420636F6D6D616E64732E007072C1
S214044730652D636F6E666967757265642D6B657942
S2140447402D736574006D61736B2072656C6174659E
S2140447506420636F6D6D616E642E0073756274728F
S2140447606163740067726F7570732D736572766516
S214044770722072656C6174656420636F6D6D616E22
S21404478064732E00667261676D656E746174696F1A
S2140447906E2072656C6174656420636F6D6D616E06
S2140447A064732E007365742D72782D77696E646F4A
S2140447B0772D73697A6500617274696669636961E5
S2140447C06C2D626C6F636B2D64726F700046696E3D
S2140447D06420616E642062696E642072656C617424
S2140447E0656420636F6D6D616E64732E00696E6917
S2140447F0746961746F7200656E642D6465766963AE
S214044800652D737570706F72742072656C61746553
S2140448106420636F6D6D616E64732E00706F6C6CD4
S2140448202D636F6D706C657465642D63616C6C626A
S21404483061636B00666F7263652D73686F72742DA7
S214044840706F6C6C00656E61626C655F7479706520
S21404485000737461636B00617070007A636C006C43
S21404486065676163795F61665F6465627567006347
S2140448706F756E746572732072656C6174656420FE
S214044880636F6D6D616E64732E007072696E742D45
S214044890636F756E7465722D747970650073696DD7
S2140448A0706C652D7072696E74007072696E742D0A
S2140448B07468726573686F6C6473007365742D74C2
S2140448C068726573686F6C640072657365742D74C2
S2140448D068726573686F6C64730073656E642D72BA
S2140448E06571756573740073656375726974792090
S2140448F072656C6174656420636F6D6D616E64735C
S214044900007365742D616C6C6F772D747275737497
S2140449102D63656E7465722D72656A6F696E2D758A
S21404492073696E672D77656C6C2D6B6E6F776E2D65
S2140449306B6579007365742D616C6C6F772D74727A
S2140449407573742D63656E7465722D72656A6F690E
S2140449506E2D7573696E672D77656C6C2D6B6E6F37
S214044960776E2D6B65792D74696D656F757400733C
S21404497065742D6B65792D726571756573742D700C
S2140449806F6C696379006D66672D746F6B656E0076
S214044990617073005365637572697479206170730E
S2140449A02072656C6174656420636F6D6D616E64FE
S2140449B0732E004765742F736574204D4647207424
S2140449C06F6B656E2E00656E64706F696E74207210
S2140449D0656C6174656420636F6D6D616E64732EBF
S2140449E000656570726F6D207574696C69747920E2
S2140449F072656C6174656420636F6D6D616E64735B
S214044A0000536C6F74204D616E6167657220726529
S214044A106C6174656420636F6D6D616E64730062AF
S214044A206F6F742D736C6F740065726173652D738C
S214044A306C6F74006578742D666C6173682D696E8E
S214044A40666F00736C6F74732D696E666F005072B8
S214044A50696E74732074696D652E005072696E7485
S214044A6073206174747269627574652E00436C6594
S214044A7061727320746865205A444F206C6973749D
S214044A80206F6620636C69656E742028696E292021
S214044A90636C7573746572732E004164647320636B
S214044AA06C75737465727320746F20746865206BFC
S214044AB06E6F776E20636C69656E742028696E2944
S214044AC020636C757374657273206F6E20746869E6
S214044AD073206465766963652E00436C6561727342
S214044AE020746865205A444F206C697374206F667E
S214044AF020636C69656E7420286F75742920636C56
S214044B007573746572732E004164647320636C75E8
S214044B10737465727320746F20746865206B6E6F8F
S214044B20776E20636C69656E7420286F757429200F
S214044B30636C757374657273206F6E207468697322
S214044B40206465766963652E0053656E6473206120
S214044B506E20757064617465206368616E6E656C42
S214044B6020726571756573742E006368616E6E6578
S214044B706C1F0053656E647320616E2075706461EB
S214044B807465206368616E6E656C2070616765206D
S214044B907265712E2054686520737461636B20738C
S214044BA0656E6473206E776B20656E68616E6365F0
S214044BB064207570646174652072657120666F7216
S214044BC0206E6F6E2D7A65726F20706167652E0099
S214044BD06368616E6E656C1F706167651F00506563
S214044BE072666F726D7320616E20656E657267798A
S214044BF0207363616E2E007461726765744E6F6411
S214044C006549641F7363616E4475726174696F6E7F
S214044C101F7363616E436F756E741F0042726F611B
S214044C2064636173747320746865204944206F66F6
S214044C3020746865206E6577206E6574776F726B76
S214044C40206D616E6167657220616E6420616374B5
S214044C50697665206368616E6E656C732E006E7788
S214044C606B4D676549641F6368616E6E656C4D6164
S214044C70736B1F00506572666F726D7320616E20D1
S214044C80656E65726779207363616E206F6E206748
S214044C906976656E206368616E6E656C206D6173FF
S214044CA06B2E007461726765744E6F646549641F89
S214044CB07363616E4475726174696F6E1F736361AA
S214044CC06E436F756E741F6368616E6E656C4D61BE
S214044CD0736B1F0053656E64732061206E65747772
S214044CE06F726B206164647265737320726571758C
S214044CF065737420666F72207468652067697665CC
S214044D006E204945454520616464726573732E00C0
S214044D10696565651F0052657175657374732061F6
S214044D206E2049454545206164647265737320624C
S214044D3061736564206F6E206120676976656E20F6
S214044D406E6F64652049442E006E6F646549641F67
S214044D500053656E647320612073696D706C652002
S214044D6064657363726970746F72207265717565B9
S214044D70737420666F72207468652073686F72742B
S214044D80206164647265737320616E6420656E646A
S214044D90706F696E74207370656369666965642EE6
S214044DA000646573741F746172676574456E64701D
S214044DB06F696E741F0053656E64732061206D61A5
S214044DC074636844657363726970746F7273526552
S214044DD0717565737420746F2074686520676976CE
S214044DE0656E2064657374696E6174696F6E20778E
S214044DF06974682074686520676976656E207072C9
S214044E006F66696C652E006E6F646549641F707208
S214044E106F66696C651F0053656E64732061206E4F
S214044E206F64652064657363726970746F72207250
S214044E3065717565737420746F2061206769766583
S214044E406E20746172676574206465766963652E86
S214044E50007461726765741F0053656E6473206125
S214044E60205A444F2042696E6420636F6D6D616EF4
S214044E706420746F206120646576696365207370AE
S214044E806563696669656420696E20746865206375
S214044E906F6D6D616E6420617267756D656E747397
S214044EA02E0044657374696E6174696F6E1F536F68
S214044EB07572636520656E64706F696E741F4465F1
S214044EC07374696E6174696F6E20656E64706F6961
S214044ED06E741F636C757374657249441F72656DD6
S214044EE06F746545554936341F6465737445554972
S214044EF036341F0053656E647320616E20616374DC
S214044F0069766520656E64706F696E74207265716B
S214044F107565737420746F2074686520646576699B
S214044F2063652077697468207468652067697665A8
S214044F306E2073686F72742049442E0053656E6445
S214044F407320616E20756E62696E64207265717579
S214044F5065737420666F72206120756E6963617371
S214044F60742062696E64696E6720746F2074686565
S214044F7020746172676574206465766963652E00C3
S214044F807461726765741F736F75726365206575E7
S214044F906936341F736F7572636520656E64706F4F
S214044FA0696E741F636C757374657249441F646517
S214044FB07374696E6174696F6E45554936341F643F
S214044FC0657374696E6174696F6E20656E64706F64
S214044FD0696E741F0053656E647320616E20756E6F
S214044FE062696E64207265717565737420666F728B
S214044FF02061206D756C7469636173742062696ED8
S21404500064696E6720746F207468652074617267C3
S2140450106574206465766963652E007461726765DD
S214045020741F736F757263652065756936341F73F4
S2140450306F7572636520656E64706F696E741F6346
S2140450406C757374657249441F67726F757041643A
S21404505064726573731F0053656E64732061205A0F
S214045060444F204D616E6167656D656E74204C65B6
S21404507061766520636F6D6D616E6420746F207455
S2140450806865207461726765742064657669636513
S2140450902E007461726765741F72656D6F76654362
S2140450A068696C6472656E1F72656A6F696E1F004C
S2140450B053656E64732061205A444F204D474D5407
S2140450C02D42696E64202842696E64696E672054B6
S2140450D061626C6529205265717565737420746FFE
S2140450E020746865207461726765742064657669E7
S2140450F063652E007461726765741F7374617274DD
S214045100496E6465781F0053656E64732061205A87
S214045110444F204D474D542D4C514920284C51495D
S214045120205461626C65292052657175657374201C
S214045130746F207468652074617267657420646592
S214045140766963652E0053656E64732061205A4445
S2140451504F20506F7765722044657363726970746C
S2140451606F72205265717565737420746F2074684D
S2140451706520746172676574206465766963652E5C
S2140451800053656E64732061205A444F20726F7515
S2140451907465207265717565737420636F6D6D61D7
S2140451A06E6420746F207468652074617267657419
S2140451B02E007461726765741F696E6465781F00DB
S2140451C0696E6465781F65756936341F696E737415
S2140451D0616C6C436F64651F00696E6465781F6557
S2140451E0756936341F6B65791F005443206C696EED
S2140451F06B206B6579207265717565737420706FAA
S2140452006C6963791F417070206C696E6B206B65E6
S21404521079207265717565737420706F6C69637933
S2140452201F00426F6F6C3A20616C6C6F772074724B
S2140452307573742063656E7465722072656A6F692F
S2140452406E207573696E672077656C6C2D6B6E6F58
S214045250776E206B65791F0070726F66696C65499E
S214045260641F636C757374657249641F007461729D
S21404527067657449641F00456E61626C65732070CF
S21404528072696E74696E67206F66205278206D6549
S2140452907373616765732E00536574732074686551
S2140452A02062696E64696E67207461626C65006969
S2140452B06E6465781F636C75737465721F6C6F63B8
S2140452C0616C45701F72656D6F746545701F6575FA
S2140452D06936341F00436C656172732074686520F8
S2140452E062696E64696E67207461626C652E005034
S2140452F072696E7473207468652062696E64696E80
S21404530067207461626C6520746F2074686520631E
S2140453106F6D6D616E64206C696E652E00436C65FE
S21404532061727320616C6C2073656375726974793D
S214045330206B6579732E0044656C6574652074680B
S2140453406520737065636966696564206C696E6B55
S214045350206B657920696E6465782E005072696EDC
S214045360747320616C6C207365637572697479203C
S2140453706B6579732E005465726D696E617465731E
S21404538020746865206D756C74692D5048592069C1
S2140453906E74657266616365005573656420746F28
S2140453A0207374617274206D756C74692D5048593D
S2140453B020696E74657266616365206F74686572D1
S2140453C0207468616E206E617469766520616E640F
S2140453D020666F726D20746865206E6574776F72D0
S2140453E06B2E2054686520737461636B2075736537
S2140453F0732073616D652050616E4964206173206B
S2140454006E617469766520726164696F206E657476
S214045410776F726B2E00706167651F6368616E6ECE
S214045420656C1F706F7765721F6F7074696F6E732B
S2140454304D61736B20284269742030203D20526FE2
S214045440757465727320616C6C6F7765642C20428A
S21404545069742031203D2042726F61646361737405
S21404546020616C6C6F776564291F00417474656DE8
S21404547070747320746F206368616E676520746847
S21404548065206368696C642074696D656F75742043
S2140454906F7074696F6E206D61736B20746F206615
S2140454A0696C746572206F757420756E64657369B3
S2140454B07261626C652076616C7565732028652E52
S2140454C0672E206E6F206D6F7265207468616E2083
S2140454D0332064617973292E0074696D656F757461
S2140454E0206F7074696F6E206D61736B1F00537745
S2140454F0697463686573206265747765656E206495
S2140455006966666572656E74206B65657020616C8D
S214045510697665206D6F64657320737570706F723D
S214045520746564206279206120726F757465722ECA
S214045530004B65657020616C697665206D6F6465E7
S2140455401F005072696E74732074686520637572E8
S21404555072656E74204E6F64652049442C20455550
S2140455604936342C20616E642050616E2049442EE6
S21404557000496E697469616C697A65732061206E8E
S2140455806574776F726B3B20746869732069732047
S21404559061207465737420636F6D6D616E6420752D
S2140455A073656420666F722074632D737761702D43
S2140455B06F75742074657374696E672E0053657412
S2140455C07320746865206E6574776F726B20696EDD
S2140455D0646578207573656420627920616C6C203C
S2140455E066757475726520434C4920636F6D6D61F2
S2140455F06E64732E20204265666F7265206578653A
S214045600637574696E67206120434C4920636F6D2F
S2140456106D616E642C20746865206672616D6577B2
S2140456206F726B20737769746368657320746F2078
S21404563074686973206E6574776F726B2E202041D0
S214045640667465722074686520636F6D6D616E6440
S2140456502066696E6973686573206578656375741A
S214045660696E672C20746865206672616D65776F55
S214045670726B207377697463686573206261636B09
S21404568020746F207468652070726576696F757310
S214045690206E6574776F726B2E20205468652043E5
S2140456A04C492075736573207468652073616D6555
S2140456B0206E6574776F726B20696E6465782075EA
S2140456C06E74696C20746865206465766963652009
S2140456D0726573657473206F722069742069732011
S2140456E06368616E676564207468726F75676820A6
S2140456F07468697320636F6D6D616E642E00417407
S21404570074656D70747320746F206368616E67656A
S21404571020646576696365206F76657220746F20F1
S2140457206120646966666572656E74206368616E7E
S2140457306E656C20676976656E20696E2074686590
S214045740206368616E6E656C20617267756D656E48
S214045750742E00546865206368616E6E656C2074F0
S2140457606F206368616E676520746F1F0066696EDC
S21404577064556E7573656450616E49640066696E3F
S214045780644A6F696E61626C654E6574776F726B9E
S214045790005065726D697473206A6F696E696E670E
S2140457A0206F6E20746865206E6574776F726B2048
S2140457B0666F72206120676976656E206E756D620D
S2140457C06572206F66207365636F6E647320414E46
S2140457D0442062726F616463617374732061205A3B
S2140457E0444F204D676D74205065726D6974204A6D
S2140457F06F696E696E67207265717565737420745F
S2140458006F20616C6C20726F75746572732E004124
S2140458102073696E676C65206279746520696E64AE
S21404582069636174696E6720686F77206C6F6E6752
S21404583020746865206465766963652073686F758F
S2140458406C642068617665207065726D6974206A80
S2140458506F696E696E67207475726E6564206F6E0C
S21404586020666F722E20412076616C7565206F6607
S2140458702030786666207475726E73206F6E2070A2
S21404588065726D6974206A6F696E20696E646566F8
S214045890696E6974656C792E1F00436865636B7363
S2140458A0206E6574776F726B20706A6F696E2073F2
S2140458B074617475732E0057726974657320746806
S2140458C06520657874656E6465642070616E204931
S2140458D04420666F72207468652064657669636523
S2140458E02E0065787470616E69641F0052656A6F75
S2140458F0696E7320616E206578697374696E6720BB
S2140459006E6574776F726B20696E206120736563B1
S214045910757265206F7220696E7365637572652093
S2140459206D616E6E657220776974682061206469A3
S21404593066666572656E7420646576696365207450
S2140459407970652E00426F6F6C65616E206E6574AB
S214045950776F726B206B657920617661696C616222
S214045960696C6974791F4368616E6E656C206D613D
S214045970736B1F416E20656E756D65726174696F19
S2140459806E20696E6469636174696E672074686505
S21404599020646576696365207479706520746F2069
S2140459A072656A6F696E2061732E5468652073741D
S2140459B061636B206F6E6C792061636365707473CA
S2140459C020534C5F5A49474245455F454E445F4421
S2140459D0455649434520616E6420534C5F5A4947F7
S2140459E04245455F534C454550595F454E445F44D8
S2140459F045564943452E1F0052654A6F696E73200B
S214045A0061206E6574776F726B2E00426F6F6C65E3
S214045A10616E206E6574776F726B206B657920619A
S214045A207661696C6162696C6974791F4368616E3A
S214045A306E656C206D61736B1F004C6561766573D3
S214045A402061206E6574776F726B2E005475726ECB
S214045A5073207065726D6974206A6F696E696E670B
S214045A60206F6E20666F722074686520616D6F7596
S214045A706E74206F662074696D6520696E64696350
S214045A80617465642E00412073696E676C652062DC
S214045A9079746520696E6469636174696E672068E9
S214045AA06F77206C6F6E672074686520646576690E
S214045AB063652073686F756C642068617665207012
S214045AC065726D6974206A6F696E696E6720747595
S214045AD0726E206F6E20666F722E20412076616C87
S214045AE07565206F662030786666207475726E73EE
S214045AF0207065726D6974206A6F696E20696E64C1
S214045B006566696E6974656C792E1F004A6F696EE6
S214045B10732061206E6574776F726B206F6E2061E0
S214045B2020676976656E206368616E6E656C2C20EE
S214045B3077697468206120676976656E20545820FA
S214045B40506F77657220616E642050414E20494440
S214045B502E00546865206368616E6E656C206F6EF7
S214045B6020776869636820746F206A6F696E207492
S214045B706865206E6574776F726B1F4F6E652D6255
S214045B80797465207369676E65642076616C7565E3
S214045B9020696E6469636174696E67207468652041
S214045BA0545820506F776572207468617420746846
S214045BB06520726164696F2073686F756C64206217
S214045BC0652073657420746F1F5468652050414EB9
S214045BD0204944206F6E20776869636820746F20BC
S214045BE06A6F696E20746865206E6574776F726B71
S214045BF01F00466F726D732061206E6574776F7236
S214045C006B206F6E206120676976656E206368611D
S214045C106E6E656C2C2077697468206120676976DF
S214045C20656E20545820506F77657220616E64202C
S214045C3050414E2049442E00546865206368616EC6
S214045C406E656C206F6E20776869636820746F20B9
S214045C50666F726D20746865206E6574776F726BFC
S214045C601F4F6E652D62797465207369676E65646F
S214045C702076616C756520696E6469636174696E0B
S214045C80672074686520545820506F7765722074B6
S214045C906861742074686520726164696F20736833
S214045CA06F756C642062652073657420746F1F546E
S214045CB068652050414E204944206F6E20776869FD
S214045CC0636820746F20666F726D20746865206E3A
S214045CD06574776F726B1F005468697320696E6908
S214045CE074696174657320612054434C4B2075704D
S214045CF0646174652070726F6365647572652E00E6
S214045D00537065636966792074686520616D6F7584
S214045D106E74206F662074696D6520746F207761D9
S214045D206974206166746572206F6E652054434CF6
S214045D304B20757064617465206F70657261746958
S214045D406F6E20636F6D706C657465732062656634
S214045D506F726520626567696E6E696E6720612082
S214045D606E65772054434C4B2075706461746520CF
S214045D706F7065726174696F6E2E00546865206179
S214045D806D6F756E74206F662074696D652062652C
S214045D90747765656E2073756273657175656E7468
S214045DA02074727573742063656E746572206C69F2
S214045DB06E6B206B657920757064617465732069F9
S214045DC06E206D696C6C697365636F6E64731F0017
S214045DD0536574206F7220636C65617220737461FE
S214045DE079206177616B65207768656E206E6F74C5
S214045DF0206A6F696E656400536574206F72206351
S214045E006C65617220666F726365206177616B658D
S214045E1000446973706C61792074686520736C65DE
S214045E2065702073746174757300464F5220544530
S214045E305354494E4720505552504F534553202DE6
S214045E40206761746865722074696D696E67206D79
S214045E5065747269637320666F72207265706F7200
S214045E6074696E67207461626C65206F7065726118
S214045E7074696F6E732E00436C6561727320746868
S214045E8065206C617374207265706F727420746917
S214045E906D65206F662061747472696275746573CB
S214045EA02E00416464732061206E657720656E74ED
S214045EB0727920746F20746865207265706F7274CE
S214045EC0207461626C652E00546865206C6F636193
S214045ED06C20656E64706F696E742066726F6D20D8
S214045EE0776869636820746865206174747269628F
S214045EF0757465206973207265706F727465641FAB
S214045F0054686520636C757374657220776865726F
S214045F10652074686520617474726962757465209E
S214045F206973206C6F63617465641F5468652049E7
S214045F3044206F66207468652061747472696275A3
S214045F407465206265696E67207265706F72746529
S214045F50641F3020666F7220636C69656E742D73DF
S214045F606964652061747472696275746573206F00
S214045F7072203120666F72207365727665722D7397
S214045F8069646520617474726962757465731F54FC
S214045F906865206D696E696D756D207265706F72C7
S214045FA074696E6720696E74657276616C2C206DF8
S214045FB06561737572656420696E207365636F6EC0
S214045FC064732E1F546865206D6178696D756D2045
S214045FD07265706F7274696E6720696E7465727626
S214045FE0616C2C206D6561737572656420696E2022
S214045FF07365636F6E64732E1F546865206D696ED7
S214046000696D756D206368616E676520746F2074B2
S2140460106865206174747269627574652074686159
S214046020742077696C6C20726573756C7420696E65
S2140460302061207265706F7274206265696E6720D5
S21404604073656E742E1F0052656D6F7665732061DE
S2140460506E20656E7472792066726F6D2074686542
S214046060207265706F7274207461626C652E0054C1
S214046070686520696E646578206F6620746865209C
S2140460807265706F727420746F2062652072656D1D
S2140460906F7665641F00436C6561727320616C6C77
S2140460A020656E74726965732066726F6D207468FD
S2140460B065207265706F7274207461626C652E0060
S2140460C05072696E747320746865207265706F729E
S2140460D074207461626C652E005769706573206164
S2140460E06C6C206461746120696E2074686520732A
S2140460F0746F72616765206465766963652E005007
S21404610072696E7473206172626974726172792046
S2140461106279746573206F6620746865204F5441F5
S21404612020696D616765206F6E206469736B2E004D
S21404613054686520696E646578206F6620746865A7
S21404614020696D61676520746F207072696E7420B3
S21404615069747320646174611F546865206F666691
S21404616073657420696E746F20746865204F54419B
S21404617020696D61676520746861742077696C6C4A
S214046180206265207072696E7465641F00507269BF
S2140461906E747320696E666F726D6174696F6E20BB
S2140461A061626F7574207468652073746F726167BA
S2140461B065206465766963652E0052656C6F61645C
S2140461C0207468652073746F7261676520646576F1
S2140461D06963652E0044656C657465732074686530
S2140461E020696D616765206174207468652073702A
S2140461F06563696669656420696E6465782E005413
S214046200686520696E6465782061742077686963C0
S2140462106820746F20626567696E2064656C6574B7
S214046220696E672074686520696D6167651F005034
S21404623072696E74732074686520696D616765732E
S2140462402E00456E61626C6573204F544120646F66
S214046250776E6772616465732E0044697361626C5D
S2140462606573204F544120646F776E67726164656E
S214046270732E0053656E647320616E2055706772CA
S214046280616465456E645265717565737420746FD8
S21404629020616E204F5441207365727665722E001D
S2140462A043616E206265207573656420746F206494
S2140462B0796E616D6963616C6C79207475726E2099
S2140462C06F66662073656E64696E672070616765C5
S2140462D0207265717565737473206F6E20746865BB
S2140462E020636C69656E7420736964652C20696626
S2140462F0207468652073657276657220646F6573B2
S2140463006E277420737570706F7274207468697366
S21404631020666561747572652E00426F6F6C6561E8
S2140463206E2076616C7565207475726E696E672072
S2140463306F6E20283129206F72206F666620283001
S21404634029207468652070616765207265717565BB
S214046350737420666C61671F0053656E64732061F6
S2140463606E20696D61676520626C6F636B20726571
S214046370717565737420666F7220612066696C653A
S21404638020746865207365727665722073686F750D
S2140463906C64206E6F7420686176652E20205465C8
S2140463A07374206861726E657373206F6E6C7920E7
S2140463B02874657374206361736520392E352E3610
S2140463C0202D204D697373696E672046696C6529B4
S2140463D0005072696E747320696E666F726D6174B4
S2140463E0696F6E206F6E20746865206375727265BF
S2140463F06E74207374617465206F662074686520FB
S2140464004F544120636C69656E7420646F776E6CBC
S2140464106F61642E0053746F707320746865204F28
S2140464205441207374617465206D616368696E6598
S2140464302E0053746172747320746865204F54413F
S21404644020636C69656E74207374617465206D6175
S2140464506368696E652E205468652073746174657C
S214046460206D616368696E6520646973636F766521
S214046470727320746865204F544120736572766584
S214046480722C207175657269657320666F72206E52
S214046490657720696D616765732C20646F776E6C11
S2140464A06F6164732074686520696D616765732025
S2140464B0616E6420776169747320666F72207468F5
S2140464C0652073657276657220636F6D6D616E64A8
S2140464D020746F20757067726164652E005072694F
S2140464E06E747320746865206D616E75666163747E
S2140464F0757265722049442C20496D616765205485
S2140465007970652049442C20616E64205665727348
S214046510696F6E20696E666F726D6174696F6E2046
S2140465207468617420617265207573656420776889
S214046530656E2061207175657279206E65787420A9
S214046540696D6167652069732073656E7420746F66
S214046550207468652073657276657220627920748B
S214046560686520636C69656E742E00506572666F8C
S214046570726D73207369676E6174757265207665D3
S21404658072696669636174696F6E206F6E207468E1
S2140465906520696D61676520617420746865207381
S2140465A0706563696669656420696E6465782E0043
S2140465B054686520696E646578206174207768691C
S2140465C0636820746F20626567696E2076657269F9
S2140465D06669636174696F6E206F662074686520EF
S2140465E0696D6167651F00426F6F746C6F616473D9
S2140465F02074686520696D6167652061742074681D
S214046600652073706563696669656420696E646590
S214046610782062792063616C6C696E6720746865A3
S214046620204F544120626F6F746C6F616420636105
S2140466306C6C6261636B2E0054686520696E6465D9
S2140466407820617420776869636820746F206265B7
S21404665067696E20626F6F746C6F6164696E672021
S21404666074686520696D6167651F005072696E7491
S2140466707320696E666F2061626F75742074686536
S21404668020696E7374616C6C656420626F6F746CE1
S2140466906F616465722E00537562747261637473FD
S2140466A02061206368616E6E656C2066726F6D2073
S2140466B065697468657220746865207072696D61B6
S2140466C07279206F72207365636F6E6461727920CD
S2140466D06368616E6E656C206D61736B206F6620F7
S2140466E0746865206E6574776F726B2D7374656558
S2140466F072696E6720636F6D706F6E656E742E00C0
S214046700546865206368616E6E656C206D61736B9A
S21404671020746F2073756274726163742074686584
S214046720206368616E6E656C2066726F6D1F5468B8
S21404673065206368616E6E656C20746F2073756285
S214046740747261637420746865206D61736B20666F
S214046750726F6D1F00416464732061206368616E0C
S2140467606E656C20746F2065697468657220746841
S21404677065207072696D617279206F72207365632B
S2140467806F6E64617279206368616E6E656C206DED
S21404679061736B206F6620746865206E6574776F0E
S2140467A0726B2D7374656572696E6720636F6D70A6
S2140467B06F6E656E742E00546865206368616E6E35
S2140467C0656C206D61736B20746F20616464206156
S2140467D0206368616E6E656C20746F1F5468652054
S2140467E06368616E6E656C20746F206164642074E7
S2140467F06F20746865206D61736B1F005365747336
S2140468002065697468657220746865207072696DA5
S214046810617279206F72207365636F6E646172793A
S214046820206368616E6E656C206D61736B2E005418
S2140468306865206368616E6E656C206D61736B209D
S214046840746F207375627472616374207468652053
S2140468506368616E6E656C2066726F6D1F54686542
S2140468602076616C756520746F2073657420746877
S21404687065206368616E6E656C206D61736B207451
S2140468806F2E1F00536574732074686520707265DC
S2140468902D636F6E66696775726564206B65792013
S2140468A0736F207468617420746865206A6F696EFB
S2140468B0696E67206465766963652063616E20652A
S2140468C06E74657220746865206E6574776F726B7B
S2140468D02E00536574732074686520707265636F48
S2140468E06E66696775726564206B65791F005374FC
S2140468F06F707320746865206E6574776F726B2092
S2140469007374656572696E672070726F63657373FE
S2140469102E0053746172747320746865206E6574F7
S214046920776F726B207374656572696E6720707218
S2140469306F636573732E0041206D61736B206F6601
S214046940206F7074696F6E7320666F7220696E6450
S21404695069636174696E67207370656369666963E9
S214046960206265686176696F722077697468696EFB
S21404697020746865206E6574776F726B2D7374650A
S2140469806572696E672070726F636573732E1F007D
S214046990446973706C6179732074686520637572DA
S2140469A072656E7420737461747573206F662074D8
S2140469B06865206E6574776F726B20737465657294
S2140469C0696E672070726F636573732E00436C651F
S2140469D0617273207468652067726F7570732074B3
S2140469E061626C65206F6E20657665727920656ECF
S2140469F064706F696E74005072696E747320696E89
S214046A00666F726D6174696F6E2061626F75742053
S214046A1074686520636F6E74656E7473206F662089
S214046A207468652067726F757073207461626C6534
S214046A302E004172746966696369616C6C792064BE
S214046A40726F70732074686520626C6F636B206E5F
S214046A50756D62657220646566696E656420627928
S214046A60207468652070617373656420617267754D
S214046A706D656E74206F6E6C79206F6E63652C2066
S214046A80616E64207468656E20616C6C6F77732029
S214046A9069742075706F6E20612072657472792E29
S214046AA00054686520626C6F636B206E756D62655A
S214046AB07220746F206172746966696369616C6CB4
S214046AC0792064726F7020746F20666F726365201D
S214046AD061207265747279202D2073657420746F3A
S214046AE0203078464620746F2064697361626C6552
S214046AF01F00536574732074686520726563656946
S214046B0076652077696E646F772073697A652E20C0
S214046B1020427920646566696E6974696F6E2069BF
S214046B206E2074686520536D61727420456E6572BC
S214046B3067792070726F66696C65206974206D755C
S214046B4073742062652073657420746F203120622C
S214046B507574207468697320616C6C6F7773206930
S214046B607420746F206265206368616E6765642EA6
S214046B7000546865206D6178206E756D62657220BC
S214046B806F662074686520626C6F636B7320726531
S214046B90636569766564206265666F726520616EFA
S214046BA0204150532061636B2069732067656E65CE
S214046BB072617465641F004D616B65732074686947
S214046BC073206E6F646520737461727420696465E3
S214046BD06E74696679696E672061732061207461DA
S214046BE07267657420666F722062696E64696E6788
S214046BF0207769746820616E20696E6974696174AF
S214046C006F72206E6F64652E0054686520656E642E
S214046C10706F696E74206F6E20776869636820747D
S214046C206F20626567696E207468652046696E64C5
S214046C30696E6720616E642042696E64696E6720BF
S214046C407461726765742070726F636573731F0076
S214046C504D616B65732074686973206E6F6465207C
S214046C6073746172742074686520696E69746961EE
S214046C70746F722070617274206F66207468652069
S214046C8066696E64696E6720616E642062696E640C
S214046C90696E672070726F636573732E005468653F
S214046CA020656E64706F696E74206F6E20776869F5
S214046CB0636820746F20626567696E207468652057
S214046CC046696E64696E6720616E642042696E640C
S214046CD0696E6720696E69746961746F7220707278
S214046CE06F636573731F00536574732077686574E8
S214046CF06865722074686520434C4920666F726329
S214046D006573207468652064657669636520746FAE
S214046D102073686F727420706F6C6C2E00546865F4
S214046D202076616C756520696E6469636174696E4A
S214046D306720776865746865722074686520646582
S214046D40766963652073686F756C642073686F7208
S214046D507420706F6C6C1F005365747320776865BD
S214046D607468657220746865206465766963657303
S214046D7020706F6C6C20636F6D706C657465642036
S214046D8063616C6C6261636B2066756E6374696FB5
S214046D906E20697320656E61626C65642E005468AB
S214046DA0652076616C756520696E646963617469D3
S214046DB06E672077686574686572207468652064F9
S214046DC065766963657320706F6C6C20636F6D7095
S214046DD06C657465642063616C6C6261636B2066C9
S214046DE0756E6374696F6E20697320656E61626C7C
S214046DF065641F00446973706C61797320746865F8
S214046E0020737461747573206F66207468652045FA
S214046E106E64204465766963657320706F6C6C6974
S214046E206E672E00456E61626C652F6469736162DD
S214046E306C6520646562756720606C65676163795C
S214046E4020617070206672616D65776F726B206466
S214046E506562756760207072696E742074797065F7
S214046E602E00456E61626C652F64697361626C65A1
S214046E701F00456E61626C652F64697361626C65A0
S214046E8020646562756720607A636C60207072693E
S214046E906E7420747970652E00456E61626C652F81
S214046EA064697361626C65206465627567206061FD
S214046EB0707060207072696E7420747970652E002C
S214046EC0456E61626C652F64697361626C652064EB
S214046ED0656275672060636F726560207072696EA4
S214046EE07420747970652E00456E61626C652F643B
S214046EF0697361626C65206465627567206073748B
S214046F0061636B60207072696E7420747970652E8C
S214046F100053656E647320612072657175657374C1
S214046F2020666F72204F544120636F756E746572CD
S214046F30732E0052657365747320616C6C207468DC
S214046F40726573686F6C64732076616C7565732004
S214046F50746F203078464646462E00536574732078
S214046F6061207468726573686F6C642076616C75F2
S214046F706520666F72206120706172746963756C37
S214046F8061722074797065206F6620636F756E7405
S214046F9065722E0054797065206F6620636F756E77
S214046FA07465721F5468726573686F6C64205661EA
S214046FB06C75651F005072696E7473207468652062
S214046FC07468726573686F6C6473206F6620616C96
S214046FD06C2074686520636F756E746572732E001A
S214046FE0436C6561727320616C6C20636F756E749C
S214046FF065722076616C7565732E005072696E74C6
S2140470007320616C6C20636F756E74657220766194
S2140470106C7565732E005072696E7473207468659F
S2140470202076616C7565206F6620746869732070BD
S2140470306172746963756C617220636F756E7465D2
S214047040722E0054686520636F756E7465722074C2
S21404705079706520746F207072696E741F005072A8
S214047060696E747320616C6C20636F756E746572E0
S2140470702076616C75657320616E6420636C65614F
S2140470807273207468656D2E00536574204D4647F0
S21404709020746F6B656E2C2043414E4E4F54204235
S2140470A04520554E53455420425920434C492E0002
S2140470B05072696E74204D464720746F6B656E2E51
S2140470C0005072696E742061637469766520657613
S2140470D0656E74732E0044697361626C652074680F
S2140470E06520656E64706F696E7420666F72205AD0
S2140470F0434C206D657373616765732E00456E643B
S214047100706F696E7420696E6465781F00456E61E1
S214047110626C65732074686520656E64706F696E52
S2140471207420666F72205A434C206D6573736167D2
S21404713065732E005072696E74207374617475736F
S214047140206F6620656E64706F696E74732E0053CC
S214047150686F7773207468652076657273696F6EDE
S214047160206F662074686520736F66747761726535
S2140471702E005365742074686520636F6E666967B5
S21404718075726564203830322E31352E34204343F0
S21404719041206D6F646520696E2074686520726195
S2140471A064696F2E2053656520646F63756D656E24
S2140471B0746174696F6E20726567617264696E6764
S2140471C0205241494C5F49454545383032313534C3
S2140471D05F4363614D6F64655F742E0041205241C6
S2140471E0494C5F494545453830323135345F436351
S2140471F0614D6F64655F742076616C75651F00521F
S214047200657475726E732050544920726164696F98
S21404721020636F6E66696720696E666F726D61744F
S214047220696F6E20746F2064657465726D696E652F
S214047230207468652050485920747970652062650A
S214047240696E672075736564206279205241494CE3
S2140472502E2072657475726E2076616C7565206971
S2140472607320656E756D205241494C5F494545450E
S2140472703830323135345F507469526164696F4313
S2140472806F6E6669675F7420652E672020524149D9
S2140472904C5F494545453830323135345F505449A2
S2140472A05F524144494F5F434F4E4649475F325011
S2140472B03447485A203D20307830305520524149D2
S2140472C04C5F494545453830323135345F50544972
S2140472D05F524144494F5F434F4E4649475F3250E1
S2140472E03447485A5F414E54444956203D2030782E
S2140472F0303155205241494C5F4945454538303276
S2140473003135345F5054495F524144494F5F434FCF
S2140473104E4649475F32503447485A5F434F4558B4
S214047320203D203078303255205241494C5F494543
S21404733045453830323135345F5054495F52414404
S214047340494F5F434F4E4649475F32503447485A89
S2140473505F414E544449565F434F4558203D2030C4
S214047360783033550053656E64732061207265610E
S21404737064206174747220666F7220746865207469
S214047380696D65206F662074686520646576696338
S21404739065207370656369666965642E2049742088
S2140473A073657473206120666C616720736F207741
S2140473B068656E2069742067657473207468652038
S2140473C0726573706F6E7365206974207772697462
S2140473D06573207468652074696D6520746F206910
S2140473E07473206F776E2074696D6520617474728F
S2140473F02E0049641F737263456E64706F696E7401
S2140474001F64657374456E64706F696E741F0057ED
S21404741068656E2073656E64696E67207573696E41
S2140474206720612062696E64696E672C20737065DC
S2140474306369666965732077686574686572206138
S214047440206D756C7469636173742062696E646917
S2140474506E672073686F756C64206265207573654B
S214047460642E007573654D756C746963617374423C
S214047470696E64696E671F0053656E6473206120CD
S2140474807072652D6275666665726564206D756CCE
S214047490746963617374206D6573736167652074C2
S2140474A06F206120676976656E2067726F7570203D
S2140474B049442066726F6D206120676976656E2088
S2140474C0656E64706F696E742E0067726F757049AE
S2140474D0641F7372632D656E64706F696E741F002B
S2140474E0437265617465732061206D6573736167AB
S2140474F0652062792073706563696679696E6720B2
S214047500746865207261772062797465732E2055DD
S2140475107365207468652073656E6420636F6D6D93
S214047520616E6420746F2073656E642074686520D1
S2140475306D657373616765206F6E6365206974207B
S214047540686173206265656E206372656174656444
S2140475502E2045783A2072617720307830303046D5
S214047560207B303020304120303020313120323200
S2140475702033332034342035357D2073656E6473B0
S2140475802061206D65737361676520746F20636C7A
S2140475907573746572203135202830783030304663
S2140475A029206F66206C656E6774682038207768BB
S2140475B069636820696E636C7564657320746865B6
S2140475C0205A434C206865616465722E00436C75CE
S2140475D07374657249641F446174611F0052657355
S2140475E065747320746865206E6F64652E00577228
S2140475F0697465732061206D6573736167652E0019
S214047600456E64706F696E741F436C75737465722F
S2140476102049441F41747472696275746520494434
S2140476201F4D61736B1F4461746120747970651F0C
S2140476304461746120627974651F005265616473E5
S2140476402061206D6573736167652E00456E6470F6
S2140476506F696E741F436C75737465722049441F9A
S2140476604174747269627574652049441F312069D7
S21404767066207365727665722064697265637469E0
S2140476806F6E2C203020696620636C69656E7420EA
S214047690646972656374696F6E1F0053656E647304
S2140476A02061206D6573736167652E00446573748D
S2140476B0696E6174696F6E1F536F757263652065BA
S2140476C06E64706F696E741F44657374696E61745A
S2140476D0696F6E20656E64706F696E741F00536FF9
S2140476E07572636520656E64706F696E741F004CF6
S2140476F069737473207768696368206F7074696F40
S2140477006E616C206C6962726172696573206F6663
S2140477102074686520737461636B206172652069E8
S2140477206D706C656D656E746564206F6E2074682C
S2140477306973206465766963652E005072696E7499
S2140477407320696E666F726D6174696F6E20616214
S2140477506F757420746865206E6574776F726B201D
S21404776073746174652C20636C7573746572732C02
S21404777020616E6420656E64706F696E74732E008B
S2140477806F66667365741F005072696E7473206941
S2140477906E666F726D6174696F6E20666F722061BB
S2140477A06C6C20617661696C61626C6520736C6FC9
S2140477B074732E005265616473207261772064616D
S2140477C074612066726F6D20666C617368207374D2
S2140477D06F726167652E004164647265737320740A
S2140477E06F20726561641F4E756D626572206F66E8
S2140477F020627974657320746F20726561641F005B
S2140478005072696E747320666C6173682073746F4B
S2140478107261676520696E666F726D6174696F6EFA
S2140478202E004572617365732074686520737065F5
S21404783063696669656420736C6F742049442E001E
S21404784053746F7261676520736C6F74206E756D08
S2140478506265721F00426F6F7473207468652069D6
S2140478606D61676520696E20746865207370656352
S214047870696669656420736C6F742049442E0043FE
S2140478804C4920696E7374616E6365206578616D1A
S214047890706C650064756D6D795F696E7374005AFB
S2140478A0434C20636F6D6D616E647300626173692F
S2140478B06300676C6F62616C006D66672D636F644E
S2140478C065007573652D6E6578742D7365717565C1
S2140478D06E636500782D64656661756C742D7265DB
S2140478E0737000746573742D726573706F6E736550
S2140478F02D6F6E00746573742D726573706F6E737E
S214047900652D6F6666005A434C2062617369632076
S214047910636C757374657220636F6D6D616E6473EA
S214047920007274666400436F6D6D616E64207468E3
S21404793061742072657365747320616C6C20617465
S214047940747269627574652076616C7565732074EB
S2140479506F20666163746F72792064656661756C06
S214047960742E005241494C006C6F7765722D6D6120
S214047970632D7261696C2D3830322E31352E342EDB
S21404798063006C69627261696C2E6100756E636C6B
S21404799061696D6564006275666665722D6D616EFB
S2140479A06167656D656E742E63006576656E742D0D
S2140479B071756575652E63007A69676265652D75F0
S2140479C0707065722D6D61632E63006E65696768FD
S2140479D0626F722E63006173736F63696174696F9B
S2140479E06E2E630031383231730031343232310056
S2140479F031323100327300313232313132003132B9
S214047A0032313100323831003831310031383231D8
S214047A103100313231313132313232323173003168
S214047A2032320031323131323231003131313100CB
S214047A30323238006D61632D6D756C74692D6E6518
S214047A4074776F726B2E63006C65676163792D7053
S214047A5061636B65742D6275666665722E63005885
S214047A60AA000000011C0300EB1B0300000000003A
S214047A70094F0000F31B0300571C0300000000001E
S214047A80931C0300271E03000B1D0300111D030097
S214047A90811C03000D1D0300BD1C03000000020032
S214047AA00000000000000000BA040000000002000D
S214047AB00000000000000000BA04000000010203F9
S214047AC0050000000000000000C2010000050000E0
S214047AD0001000000000000000000000010000028A
S214047AE0030301000600000000000300000000007D
S214047AF013B779FAC925DDB7ADF3CFE0F1B614B8FC
S214047B000102000000000000FFFFFFFF010000006C
S214047B10010000000000000000000000000000005B
S214047B20000000000000000000000000000000004C
S214047B30000000000000000000000000000000003C
S214047B40033F1F00613703005D3703003B37030024
S214047B5009370300993703006B3703000B3703001C
S214047B602C000000020202030000000001020000D4
S214047B70000801B4187C04000008015AD47B0400F1
S214047B8000080040907B0400000000000000000095
S214047B900000FCFEFFFF000000000000FFFF0000E6
S214047BA000000000FFFF000000000000FFFF0000D0
S214047BB00000000040001806F4D200002C00B002BA
S214047BC03DBE00001700F2000C7C00000C004100D3
S214047BD09E4200006400FCFEFFFF00000000000060
S214047BE0FFFF0000000000005A00F306A554FEFF45
S214047BF02100A301A1FEFFFF1100A60083270000B9
S214047C000A006100DC26000006003B00F8200000A5
S214047C1003001500AD130000C800FCFEB4008B087A
S214047C207BC0FBFF4D00E402E756FFFF2C00A201D9
S214047C3083EBFFFF1A000301B31A00001100A30030
S214047C40552900000A005E005A28000006003A0083
S214047C50212200000400180073160000592F0400A7
S214047C6083E1030083E1030083E1030083E103006F
S214047C7083E1030083E1030083E1030083E103005F
S214047C8083E1030083E1030083E1030083E103004F
S214047C9083E1030083E1030083E1030083E103003F
S214047CA083E1030083E1030083E1030083E103002F
S214047CB083E1030083E1030083E1030083E103001F
S214047CC083E1030083E1030083E1030091E1030001
S214047CD083E10300A6E1030083E1030083E10300DC
S214047CE0CBE1030083E1030083E1030083E10300A7
S214047CF083E10300F3E1030083E1030083E103006F
S214047D0083E1030083E103000BE2030083E1030045
S214047D1029E203000B0000000B0000000200000034
S214047D200000202000000000030000008C8C3C00B3
S214047D3000000000000000000000000000000058E2
S214047D401200000000000000FFFFFFFFFFFFFFFF20
S214047D50FFFFFFFF554E4B00474F200042544C0098
S214047D60474F3200474F3300474F3400474F3500E4
S214047D70474F3600474F3700474F3800474F3900C4
S214047D80474F4100474F4200474F4300474F440088
S214047D90474F4500474F46004A4D50004244520064
S214047DA05550520042544D004D534D0046544C001D
S214047DB0554E4B00474F200042544C00424144006D
S214047DC046544C00465243004F54410044534C0022
S214047DD04241500055504700544D45004641550019
S214047DE0545A4600554E4B0050494E00454D3400FB
S214047DF0554E4B0048562000554E4B0045585000F3
S214047E004C574D00554E4B005242540044534C00C0
S214047E10454D3400554E4B0041535400554E4B00CF
S214047E2056465900494E4800554E4B004C434B00AD
S214047E3058544C004F424600554E4B00485244009E
S214047E404D454D00425553005553470044424700A4
S214047E50444D410056435400554E4B0055502000A7
S214047E605250200041503000415031004150200013
S214047E704450200044454300547D0400587D0400CB
S214047E80B07D0400E47D0400F07D0400F87D040069
S214047E90047E0400147E04001C7E0400287E040075
S214047EA0387E0400587E0400554E4B004649420076
S214047EB042544C004558540050575200574447000B
S214047EC0205357004352530046534800424144004F
S214047ED0464C540042524F000104010303060105B8
S214047EE0010501090600060B0000070B050B000040
S214047EF000000000000000000400E40C0A00010476
S214047F001001000000050002000003009481040034
S214047F10908104007C81040078810400748104004C
S214047F20708104005E8104004E81040034810400E4
S214047F302C810400228104002081040008810400AE
S214047F4005810400FD800400EC800400DC8004004D
S214047F50CA800400B0800400A88004009C8004004A
S214047F609880040094800400868004007B800400CB
S214047F706280040049800400ED7F0400EC7F040066
S214047F80DC7F0400B47F0400A97F0400A87F0400FB
S214047F90947F0400000000000000000000000000C1
S214047FA000000000000000000F00000000000000B9
S214047FB000000000000000000000000000000000B8
S214047FC000000000000000000000000000000000A8
S214047FD00000000000000000000000000100000097
S214047FE00000000000000000000000000F00000079
S214047FF00000000000000000000000000000000078
S2140480000000000000000000000000000000000067
S2140480100000000000000000000000000000000057
S2140480200000000000000000000000000000000047
S2140480300000000000000000000000000000000037
S2140480400000000000000000000000000000000027
S2140480500000000000000000000000000000000017
S2140480600000000000000000000000000000000007
S21404807000000000000000000000000000000000F7
S21404808000000000000000000000000000000000E7
S214048090000000000000000000000000FFFFFFFFDB
S2140480A0FFFFFFFFFFFF00000000000000000000CD
S2140480B000000000000000000000000000000000B7
S2140480C000000000000000000000000000000000A7
S2140480D00000000000000000000000000000000097
S2140480E00000000000000000000000000000000087
S2140480F000000000000000000000000000FFFFFF7A
S214048100FFFFFFFFFF9C0000FF00000000000000D0
S21404811000000000000000000000000080000000D6
S2140481200000FFFFFFFFFFFFFFFFFFFF0000000050
S214048130FFFF000000000000000000000000000038
S2140481400000000000000000000000000000FFFF28
S214048150FF00000000000000000000000000000017
S2140481600000000000000000000000000000000006
S21404817000000000000000000000000000000000F6
S21404818000000000000000000000000000000000E6
S21404819000000000FC0301010101010101010101CD
S2140481A001010101010000000000000100200000A0
S2140481B00000000101000020020411040402111052
S2140481C01A080A021801081110111A080A04020DE6
S2140481D00B19195C0110280B0114000000000000A4
S2140481E00000000000000000000101010101010080
S2140481F0010101010101010000010101000100016A
S2140482000100000000000000000000000000000064
S2140482100001000000000000000000000000000054
S21404822001FF010023E1010075E4010063E201009F
S21404823063E5010062E1010079EB010064EE0100F0
S21404824024E1010025E1010026E1010027E1010007
S21404825028E1010029E101002AE1010000000100F3
S21404826080000100000101008001010000020100FD
S2140482708002010020E20100000301000005010065
S21404828080050100000601002C890100800601001B
S2140482900007010001E5010002E5010000080100F5
S2140482A0800801000040010086321010FFFFFFFF27
S2140482B0FFFFFFFF0BEB030011EB030017EB0300BC
S2140482C01DEB030023EB03005677777777777777F2
S2140482D077777777777777775A6967426565416CFA
S2140482E06C69616E636530395A6967426565416CCD
S2140482F06C69616E636530394E574B2053746565FF
S21404830072696E67000095969595950507090D00A8
S214048310000000000001020304060000F903040044
S21404832094170400AE170400C5170400D8170400F9
S214048330E8170400FC1704000E1804001E180400B6
S2140483403A1804004F1804000208010D0D0101013B
S21404835012010000FFFFFFFFFFFFFFFF0000000009
S21404836000000000010905010002000000000003EF
S2140483701EF1EE0B84830400E4240400592F040049
S214048380FE00000000250400E48404000000000051
S2140483900A250400D4840400000000001725040005
S2140483A0C48404000000000024250400B4840400EF
S2140483B00000000042250400A08404000000000021
S2140483C03A2504008C8404000000000041250400C3
S2140483D078840400000000004F250400688404002C
S2140483E000000000C12304005484040000000000C0
S2140483F048250400448404000000000054250400BA
S21404840030840400000000003CE9030020840400DB
S2140484100000000000000000000000000000000053
S2140484207950030065250400A2250400010100FF1D
S21404843069080100CB250400102604000101000190
S2140484400107FF00250801005D260400C826040075
S214048450010100FF65070100E92604000227040065
S21404846000010100FF0000008B50030027270400D2
S2140484707F2704000101FF007350030096270400C1
S214048480ED27040001010207FF0000006D50030001
S21404849096270400ED27040001010207FF000000F0
S2140484A06750030096270400ED2704000101020725
S2140484B0FF000000190701000E2804004D280400E0
S2140484C0010101FFB90601006C280400B12804006C
S2140484D0010000FF750601006C280400B1280400A2
S2140484E0010000FFFD060100D8280400DE26040073
S2140484F000FF0000615003002D29040069540400A5
S214048500FF0000005B500300A02904006954040027
S214048510FF000000550601000F2A0400842A040008
S21404852000FF00002D0601009C2A0400FE2A040019
S21404853000FF00004D5003000F2B0400552B0400D1
S21404854002FF0000F50501005E2B0400D22B040098
S21404855001FF000000000000D22E040011000000FD
S214048560DE2E040012000000E62E040013000000B5
S214048570EE2E040021000000F62E04002200000067
S214048580FD2E040023000000042F0400AA000000AF
S2140485900B2F0400FF00000000000000FFFFFFFF99
S2140485A0FFFFFFFF000000000000000000000108BD
S2140485B00109020A030B040C050D060E070F08102A
S2140485C001180119021A031B041C051D061E071FA9
S2140485D00820012102220323042405250626072752
S2140485E008280129022A032B042C052D062E072F02
S2140485F008300131023203380239043A08E004E153
S21404860004E204E802E902EA04F008F110000000BB
S21404861000000000040500007886040002000F0035
S214048620A086040002000F00C886040002000F00A3
S214048630F086040002000F001887040002000F00F2
S2140486404087040002000F006887040002000F0041
S2140486509087040002000F00B887040002000F0091
S214048660E087040002000F000888040002000F00E0
S2140486703088040002000F00000000005888040040
S2140486800300000040000000000000001900000085
S2140486907C88040004000F00800000000000000036
S2140486A0000000005888040003000000400000009A
S2140486B000000000190000007C88040004000F007D
S2140486C0800000000000000000000000588804003D
S2140486D00300000040000000000000001900000035
S2140486E07C88040004000F008000000000000000E6
S2140486F0000000005888040003000000400000004A
S21404870000000000190000007C88040004000F002C
S21404871080000000000000000000000058880400EC
S21404872003000000400000000000000019000000E4
S2140487307C88040004000F00800000000000000095
S21404874000000000588804000300000040000000F9
S21404875000000000190000007C88040004000F00DC
S214048760800000000000000000000000588804009C
S2140487700300000040000000000000001900000094
S2140487807C88040004000F00800000000000000045
S21404879000000000588804000300000040000000A9
S2140487A000000000190000007C88040004000F008C
S2140487B0800000000000000000000000588804004C
S2140487C00300000040000000000000001900000044
S2140487D07C88040004000F008000000000000000F5
S2140487E00000000058880400030000004000000059
S2140487F000000000190000007C88040004000F003C
S21404880080000000000000000000000058880400FB
S21404881003000000400000000000000019000000F3
S2140488207C88040004000F008000000000000000A4
S2140488300000000058880400030000004000000008
S21404884000000000190000007C88040004000F00EB
S214048850800000000000000000002001200000004E
S214048860080000000400422130000000F0880400E4
S21404887000FF420030000000000000000000F00886
S2140488804000000011890400010023044000000099
S21404889019890400060030014000000000000000B2
S2140488A0FDFF210240000000010000001900000442
S2140488B01900010119000204190003011900050436
S2140488C0190006011900070404004100D12801001C
S2140488D0060041008158030019008100C1450100CB
S2140488E0190084004D5001000080000000000000C4
S2140488F006435553544F4D0000000000000000008E
S214048900000000000000000000000000000000005E
S21404891000FFFFFFFFFFFFFFFFFFFFFFFF00040155
S2140489200401040104010401040104010401040116
S214048930040104010401FFFFFFFFFFFFFFFFFFFF29
S214048940FFFFFFFFFFFFFFFFFFFFFFFFFFFF00012B
S21404895002030405060708090A0B1F1C1F1E1F1E18
S2140489601F1F1E1F1E1F07021F012F0037013F0077
S2140489705701DF02E700FF020000000000000000CD
S21404898000000000000000000000000000000000DE
S2140489900000000000000000000000007135040024
S2140489A01900000077350400FFFF000000000000F7
S2140489B0423604004D360400592F04005536040090
S2140489C063360400592F040076360400813604000A
S2140489D08F36040093360400A33604000105040011
S2140489E0B3360400B7360400C2360400CC3604009E
S2140489F0D6360400DA360400E8360400FC360400F2
S214048A001237040000800000000000000000000090
S214048A1000000000FFFFFFFFFF0000000000000052
S214048A2025D4010000000000000000000000F03F14
S214048A300000000000002440000000000000594030
S214048A400000000000408F40000000000088C34083
S214048A5000000000006AF8400000000080842E41F8
S214048A6000000000D01263410000000084D7974144
S214048A700000000065CDCD417A080400E4A004009F
S214048A8000000000A8400400D4A004000000000079
S214048A90AD400400C4A0040000000000AE40040082
S214048AA0B4A00400000000004F250400A0A00400A9
S214048AB000000000422504008CA004000000000012
S214048AC0B34004007CA0040000000000B940040089
S214048AD06CA0040000000000BD4004005CA004007C
S214048AE000000000CC4004004CA00400000000007D
S214048AF0E94004003CA0040000000000F24004002A
S214048B002CA0040000000000074104001CA0040080
S214048B10000000003C1604000CA004000000000046
S214048B2017410400CC9F0400000000001D4504000B
S214048B3028970400000000005A340400E896040055
S214048B40000000001E4104002896040000000000F7
S214048B50274104002C950400000000003441040062
S214048B60D490040000000000E0360400AC8F04003B
S214048B70000000003B410400AC8F0400010000002C
S214048B803F4104006C8F04000000000044410400D0
S214048B90308E04000000000075E20300308E0400EE
S214048BA00100000034410400D490040000000000DA
S214048BB04B410400D490040001000000504104001E
S214048BC0FC8D0400000000005A410400FC8D0400E3
S214048BD001000000624104002C8C04000000000028
S214048BE041EA0300F88B04000000000000000000C7
S214048BF00000000000000000088C04006641040029
S214048C00592F0400FE0000007E410400D0970400A3
S214048C1000000000F2450400C097040000000000B5
S214048C200000000000000000000000003C8C04006F
S214048C3083410400592F0400FE00000099410400FB
S214048C4050990400000000009F410400409904006D
S214048C5000000000A5410400309904000000000054
S214048C60AE41040020990400000000007BE70300E6
S214048C70109904000000000085E50300D89804005D
S214048C800000000093EE0300C498040000000000F7
S214048C90B8410400B49804000000000080EA030011
S214048CA0A498040000000000BD4104009498040049
S214048CB000000000C4410400849804000000000082
S214048CC080F903007498040000000000C941040001
S214048CD0C88D040000000000D0410400708D04001C
S214048CE000000000D84104003C8D04000000000091
S214048CF0E4410400088D04000000000000000000A9
S214048D000000000000000000188D0400EF4104007D
S214048D10592F0400FE00000075FF0300F0970400BE
S214048D20000000000B210400E0970400000000008F
S214048D300000000000000000000000004C8D04004D
S214048D4010420400592F0400FE00000075FF0300C3
S214048D5010980400000000000B2104000098040092
S214048D6000000000000000000000000000000000FA
S214048D70808D040032420400592F0400FE000000D7
S214048D8050420400609804000000000041470400BC
S214048D9050980400000000005F420400409804005D
S214048DA00000000064420400309804000000000044
S214048DB06B4204002098040000000000000000003D
S214048DC00000000000000000D88D0400704204007B
S214048DD0592F0400FE00000037FF0300FC9804002F
S214048DE0000000008D420400E89804000000000023
S214048DF00000000000000000000000000C8E0400CC
S214048E0095420400592F0400FE000000B1420400FD
S214048E109099040000000000E036040080990400E5
S214048E200000000000000000000000000000000039
S214048E30408E0400B6420400592F0400FE000000D1
S214048E40CF420400409A040000000000DCFB03004C
S214048E50309A040000000000D8420400209A04005F
S214048E6000000000B14204007099040000000000F5
S214048E70DD4204006099040000000000EA42040099
S214048E802C8F040000000000F8420400F88E040052
S214048E900000000006430400B88E04000000000032
S214048EA01E41040028960400000000000000000094
S214048EB00000000000000000C88E04000F430400F9
S214048EC0592F0400FE000000F1780400109A0400F4
S214048ED00000000002790400009A0400000000006C
S214048EE029100400F09904000000000000000000AF
S214048EF00000000000000000088F04002D4304005A
S214048F00592F0400FE00000057430400609A040032
S214048F100000000068310400509A040000000000BD
S214048F200000000000000000000000003C8F040069
S214048F305E430400592F0400FE00000041EA0300CB
S214048F40949A0400000000000B210400849A040094
S214048F500000000041470400709A0400000000006E
S214048F600000000000000000000000007C8F0400E9
S214048F707E430400592F0400FE00000041EA03006B
S214048F80C49A0400000000009E430400B49A04003F
S214048F90000000000B210400A49A04000000000056
S214048FA0000000000000000000000000BC8F040069
S214048FB0A5430400592F0400FE000000BF4304002C
S214048FC0F89B040000000000C3000400E89B0400B3
S214048FD000000000F2430400D89B040000000000D8
S214048FE07BE70300C89B0400000000008CE7030036
S214048FF0B89B040000000000C4430400A89B0400BF
S21404900000000000DC430400989B040000000000FD
S214049010E5430400889B040000000000EC430400C1
S214049020789B040000000000F8430400489B0400FA
S2140490300000000041470400389B040000000000C4
S21404904007440400289B040000000000E810040005
S214049050189B0400000000000C440400089B040055
S2140490600000000023440400F89A040000000000F6
S21404907037440400E49A0400000000004744040057
S214049080D49A04000000000056440400A090040093
S21404909000000000000000000000000000000000C7
S2140490A0B09004005B440400592F0400FE00000046
S2140490B072440400689B0400000000007B44040023
S2140490C0589B0400000000000000000000000000A0
S2140490D000000000E4900400592F0400592F0400F7
S2140490E0FE000000824404006897040000000000AC
S2140490F08F440400AC95040000000000984404006B
S214049100EC94040000000000AB440400B89404008F
S21404911000000000B9440400849404000000000029
S214049120C74404005094040000000000D544040022
S214049130B893040000000000E64404009093040082
S21404914000000000F3440400F09204000000000055
S214049150FE44040098920400000000001145040038
S2140491607092040000000000332404000C920400F3
S2140491700000000024450400CC9104000000000018
S2140491802F45040098910400000000000000000031
S2140491900000000000000000A891040042450400FE
S2140491A0592F0400FE00000066450400189C0400C5
S2140491B0000000006C450400089C04000000000049
S2140491C0000000000000000000000000DC91040025
S2140491D070450400592F0400FE000000E50004005A
S2140491E0489C040000000000A2450400389C0400CB
S2140491F000000000AE450400289C040000000000A7
S2140492000000000000000000000000001C920400A3
S214049210C4450400592F0400FE00000041EA030080
S214049220AC9C0400000000000B2104009C9C04007D
S21404923000000000112104008C9C040000000000C3
S21404924075FF0300789C040000000000E04504005D
S214049250689C040000000000F7450400589C0400C5
S21404926000000000000000000000000000000000F5
S2140492708092040003460400592F0400FE000000F8
S21404928028460400BC9C0400000000000000000007
S2140492900000000000000000A89204002D46040010
S2140492A0592F0400FE000000514604000C9D0400E3
S2140492B0000000009E430400FC9C04000000000024
S2140492C05D460400EC9C04000000000064460400B4
S2140492D0DC9C04000000000071460400CC9C0400E2
S2140492E00000000000000000000000000000000075
S2140492F0009304007C460400592F0400FE0000007E
S214049300EA440400BC9D04000000000099460400E2
S214049310AC9D0400000000007A0804009C9D040034
S21404932000000000A81704008C9D04000000000044
S214049330514404007C9D040000000000E500040085
S2140493406C9D040000000000A04604005C9D040020
S21404935000000000AB4604004C9D04000000000022
S214049360B84604003C9D040000000000C846040003
S2140493702C9D040000000000DB4604001C9D040035
S21404938000000000000000000000000000000000D4
S214049390A0930400ED460400592F0400FE000000CC
S2140493A07A080400CC9D04000000000000000000C1
S2140493B00000000000000000C89304000B470400EF
S2140493C0592F0400FE000000E50004003C9E040043
S2140493D000000000A81704002C9E040000000000F3
S2140493E0514404001C9E0400000000002E470400A4
S2140493F00C9E0400000000005A420400109404006E
S2140494000000000000000000000000000000000053
S2140494102094040045470400592F0400FE00000071
S21404942041470400FC9D04000000000075FF030093
S214049430EC9D0400000000005B470400DC9D040073
S2140494400000000000000000000000000000000013
S2140494506094040064470400592F0400FE000000D2
S21404946041EA03005C9E0400000000000B21040097
S2140494704C9E0400000000000000000000000000F5
S214049480000000009494040084470400592F04004C
S214049490FE000000A44704007C9E040000000000B8
S2140494A0B74704006C9E04000000000000000000A3
S2140494B00000000000000000C8940400CD4704002B
S2140494C0592F0400FE000000ED4704009C9E040093
S2140494D000000000DCFB03008C9E0400000000007B
S2140494E0000000000000000000000000FC940400DF
S2140494F0F7470400592F0400FE000000E5000400AE
S214049500CC9E0400000000001C480400BC9E04001E
S2140495100000000034480400AC9E04000000000074
S2140495200000000000000000000000003C9504005D
S214049530592F0400592F0400FE000000454804007B
S2140495405495040000000000000000000000000025
S2140495500000000064950400592F0400592F0400ED
S214049560FE000000514804001C9F04000000000098
S214049570D13604000C9F0400000000005748040085
S214049580FC9E0400000000005B480400EC9E0400FF
S214049590000000005F480400DC9E04000000000099
S2140495A0000000000000000000000000BC9504005D
S2140495B06F480400592F0400FE00000041EA03002F
S2140495C09C9F0400000000008A4804008C9F04004E
S2140495D0000000009D4804007C9F0400000000007A
S2140495E00B2104006C9F040000000000AA4804003D
S2140495F05C9F040000000000BB4804004C9F04006D
S21404960000000000C94804003C9F0400000000005D
S214049610DA4804002C9F040000000000000000004C
S214049620000000000000000038960400E74804002C
S214049630592F0400FE00000001490400C0990400EC
S2140496400000000034490400B09904000000000043
S2140496506F490400A0990400000000008649040035
S214049660B4960400000000009049040080960400AC
S21404967000000000000000000000000000000000E1
S2140496809096040094490400592F0400FE0000003C
S214049690F1780400E0990400000000000279040058
S2140496A0D099040000000000000000000000000044
S2140496B000000000C4960400B3490400592F0400B7
S2140496C0FE000000F4FB0300BC9F04000000000042
S2140496D041470400AC9F04000000000000000000A6
S2140496E00000000000000000F8960400C6490400CC
S2140496F0592F0400FE00000041EA0300FC9F04000A
S2140497000000000057430400EC9F04000000000023
S21404971068310400DC9F0400000000000000000024
S214049720000000000000000038970400E14904002F
S214049730592F0400FE0000007146040014A1040022
S21404974000000000E500040004A10400000000007E
S2140497507A080400F4A004000000000000000000E2
S214049760000000000000000078970400014A04008E
S214049770592F0400FE0000001F4A040064A10400E0
S21404978000000000294A040054A104000000000060
S214049790344A040044A10400000000004F250400DD
S2140497A034A1040000000000434A040024A104007D
S2140497B000000000000000000000000000000000A0
S2140497C03F5003004E4A0400592F0400FF000000D7
S2140497D03B5003005B4A0400592F0400FF000000BE
S2140497E0690D01006D4A0400592F0400FF000000B3
S2140497F0050D01009A4A04006252040001FF0000AD
S214049800690D0100DA4A0400592F0400FF00000025
S214049810050D0100084B04006252040001FF00001D
S2140498209D0D0100494B04006A4B040000FF000034
S2140498309D0D0100734B0400D04B04000000FF0094
S214049840190E0100DE4B0400F74B0400010001FF73
S214049850850E01001C4C04005E4C04000102FF004F
S214049860190E0100744C0400A34C0400010001020C
S214049870FF000000950B0100D44C0400104D0400BA
S21404988007FF0000B50B0100164D0400494D040007
S21404989001FF0000C90B0100514D0400A14D040056
S2140498A00100FF00250C0100B64D0400074E04001D
S2140498B00101FF00F90B0100174E0400514E04008D
S2140498C001FF0000790C0100594E0400A24E04006A
S2140498D0010000010707FF00B50E0100F44E040066
S2140498E0494D040001FF0000B50F01003C4F040081
S2140498F0804F0400010700010700FF009D5003008D
S214049900D54F04001B5004000107000101FF0000AE
S2140499103D0F01005750040092500400010000FF60
S2140499200D0F0100B0500400F45004000100FF00C5
S214049930DD0E010007510400F45004000100FF008E
S214049940850F010046510400514E040001FF00003B
S214049950F50F010081510400B25104000100FF001C
S21404996025F90000592F0400C0510400000707FF22
S214049970C9F80000592F0400D9510400000707FF56
S214049980D5FD0000592F0400E551040007FF000030
S214049990D5FD0000592F0400E551040007FF000020
S2140499A0EF4F0300592F0400EA5104000000FF00A3
S2140499B0B1FD0000592F04006328040001FF0000D5
S2140499C079FD0000592F04002252040000FF000015
S2140499D0A9F80000592F0400592F0400FF000000C6
S2140499E0A9F80000592F0400592F0400FF000000B6
S2140499F0C54F0300592F0400592F0400FF00000030
S214049A00C54F0300592F0400592F0400FF0000001F
S214049A10C54F0300592F0400592F0400FF0000000F
S214049A2079F80000592F0400585204000101FF0081
S214049A3065F80000592F04006D52040001FF000071
S214049A40C14F0300592F0400592F0400FF000000E3
S214049A502DF8000035430400592F0400FF000000D1
S214049A602DF8000077520400592F0400FF00000070
S214049A70ADF9000098520400AF5204000001000043
S214049A8007FF0000BD4F0300D5520400592F040001
S214049A90FF00000029F70000EF520400592F0400CD
S214049AA0FF000000375003001D530400592F040024
S214049AB0FF0000002950030037530400B951040086
S214049AC000FF0000A90001005C530400592F0400A5
S214049AD0FF000000FDF5000076530400592F040033
S214049AE0FF00000091F5000099530400165404008A
S214049AF000000310FF0000006DF600006B54040025
S214049B00D954040001FF000041F60000EE5404009E
S214049B103155040000FF000055F5000042550400CE
S214049B20592F0400FF000000BB4F030071550400CA
S214049B30592F0400FF00000031F50000BD55040055
S214049B40B951040000FF0000FDF40000FE560400B6
S214049B505357040000FF0000E1F400006D570400B2
S214049B60592F0400FF000000C5F400007D570400D0
S214049B70592F0400FF000000AB4F03009157040068
S214049B800F58040000FF000095F400009A580400E3
S214049B90592F0400FF00000051F40000B7580400D9
S214049BA0E258040007FF000011F40000EC5804001B
S214049BB045590400000500FFC9F30000F8590400E5
S214049BC00B5A04000002FF00A5F300003A5A0400F2
S214049BD0592F0400FF000000AB4F03004C5A04004A
S214049BE0865A040000FF000039F300000C5B0400F2
S214049BF0525B0400000301FF29F30000F25B04003B
S214049C00385C0400000301FFC56E0100D85C040044
S214049C10592F0400FF000000435C0300005D0400AD
S214049C207B5D040002FF0000D5130100D05D040034
S214049C306954040000FF0000A1130100F85D04004D
S214049C406954040000FF000051130100115E040073
S214049C50592F0400FF000000D16001002A5E0400B2
S214049C60592F0400FF000000A9600100775E04007D
S214049C70592F0400FF00000035600100A25E0400B6
S214049C80C85E040000010100010102FF0D6001002E
S214049C90476004006F60040000FF0000ED5F0100F1
S214049CA096600400592F0400FF000000355F010091
S214049CB0C0600400592F0400FF000000155B030079
S214049CC0D9600400592F0400FF0000000554010069
S214049CD0FF600400306104000002FF0077590300AF
S214049CE08D610400592F0400FF000000735903001F
S214049CF0BA610400592F0400FF000000B9530100A4
S214049D00D5610400FF61040000FF000079510100E2
S214049D102F620400592F0400FF000000F53C0100E8
S214049D2042620400592F0400FF000000DD3C0100DD
S214049D305A620400592F0400FF000000EF58030085
S214049D4073620400592F0400FF000000DB58030070
S214049D50A06204001A63040000FF0000855001009E
S214049D6059630400592F0400FF000000754F0100DA
S214049D70D1630400592F0400FF000000993B010042
S214049D8015640400592F0400FF0000007D3B010009
S214049D9032640400592F0400FF000000F53B010064
S214049DA0DD640400592F0400FF000000E93B0100B5
S214049DB06B650400B065040000FF0000B53B0100BD
S214049DC0E76504003866040000FF0000E13901007E
S214049DD06B660400592F0400FF000000792E010072
S214049DE097660400006704000000FF00792E010057
S214049DF055670400B76704000000FF00192F010030
S214049E00FC6704002F6804000002FF0049580300A2
S214049E1084680400D268040007FF00004D30010087
S214049E20EE680400592F0400FF000000612E0100B4
S214049E30126904003769040000FF00006D2F01005A
S214049E4090690400592F0400FF0000003128010027
S214049E50CD690400592F0400FF000000F927010013
S214049E60F7690400592F0400FF000000215703007F
S214049E70326A0400A16A040000FF000055210100B4
S214049E80F26A0400716B040000FF0000135703001D
S214049E90B76B0400096C040000FF0000F3560300CF
S214049EA0506C04009D6C040000FF00001D1A0100A5
S214049EB0E76C04001D6D040003FF0000551A010042
S214049EC0586D04009E6D040003FF00000519010090
S214049ED0F46D0400592F0400FF0000007F560300B1
S214049EE0246E0400626E040000FF0000795603002E
S214049EF0726E0400626E040000FF000073560300D6
S214049F00996E0400626E040000FF00006D560300A4
S214049F10C06E0400626E040000FF00006756030073
S214049F20E86E0400626E040000FF0000435603005F
S214049F30116F0400592F0400FF0000004956030067
S214049F40336F0400592F0400FF000000551601006B
S214049F505B6F0400946F04000001FF00811601008B
S214049F60B56F0400592F0400FF0000004556030097
S214049F70E06F0400592F0400FF0000003D160100A6
S214049F80FB6F0400592F0400FF000000F9150100C0
S214049F90167004004370040000FF0000E115010081
S214049FA05E700400592F0400FF00000029FE000024
S214049FB089700400592F0400FF00000029FE0000E9
S214049FC0B0700400592F0400FF00000019F30000CD
S214049FD0C1700400592F0400FF000000E5F20000E1
S214049FE0D6700400FD70040000FF0000E5F20000D7
S214049FF00D710400FD70040000FF00007DF20000F7
S21404A00034710400592F0400FF000000A34F03001E
S21404A0104F710400592F0400FF000000D9EE000021
S21404A02072710400DC71040000FF0000B9EE000049
S21404A030FF710400592F0400FF000000A10A01006C
S21404A04065730400F2730400010000FF8509010033
S21404A0500F7404006374040000FF0000B9090100D3
S21404A06078740400CA7404000100FF002509010086
S21404A070E0740400CD7504000107FF00A74F030039
S21404A080DD750400592F0400FF000000850201005E
S21404A090EE75040000760400000101000007FF00CE
S21404A0A07D0101003B7604004C76040000010100AB
S21404A0B0FF000000B90901009B760400AC7604009A
S21404A0C0010000FFF50001009B760400DE76040024
S21404A0D000FF000065A10100EF760400592F04007C
S21404A0E0FF0000000DEF00003B770400592F04002A
S21404A0F0FF0000009F7C0300592F0400592F040022
S21404A100FF0000002DAF0100592F0400592F040052
S21404A110FF000000F1AE0100592F04008077040010
S21404A12002FF00009DB6010088770400592F040042
S21404A130FF00000029B60100B4770400D7770400B6
S21404A1400200FF00217D030000780400592F04005C
S21404A150FF00000005B601002278040040780400E1
S21404A16002FF0000DDB501005578040040780400C5
S21404A17002FF000001000000145A00200000000046
S21404A18000000000FFFF000023560300000000004C
S21404A19003000000FFFF0100015703000000000059
S21404A1A004000000FFFF01008F57030000000000BA
S21404A1B004000000FFFF0000135803000000000026
S21404A1C006000000FFFF00008558030000000000A2
S21404A1D019000000FFFF01001B5903005B48040040
S21404A1E0647500200000000000000000000000006D
S21404A1F000000000AC78040060A204000000000028
S21404A200B27804007483040000000000B9780400E7
S21404A2104485040000000000F24504003485040070
S21404A22000000000C278040024850400000000003A
S21404A230D47804001485040000000000E3780400C9
S21404A2400485040000000000F4780400F48404008C
S21404A25000000000000000000000000000000000F5
S21404A26070A2040006790400592F0400FE000000C2
S21404A2702179040088A20400000000000000000009
S21404A280000000000000000033810300267904006B
S21404A290592F0400FF03010001013F040201003F9F
S21404A2A0040202003D040202003D04010200010211
S21404A2B00003010002023D04020100020202010042
S21404A2C00202000000202020202020202020282811
S21404A2D0282828202020202020202020202020205D
S21404A2E0202020202088101010101010101010109D
S21404A2F010101010100404040404040404040410CD
S21404A300101010101010414141414141010101015A
S21404A3100101010101010101010101010101010124
S21404A3201010101010104242424242420202020230
S21404A33002020202020202020202020202020202F4
S21404A34010101010200000000000000000000000A4
S21404A35000000000000000000000000000000000F4
S21404A36000000000000000000000000000000000E4
S21404A37000000000000000000000000000000000D4
S21404A38000000000000000000000000000000000C4
S21404A39000000000000000000000000000000000B4
S21404A3A000000000000000000000000000000000A4
S21404A3B00000000000000000000000000000000094
S21404A3C0000000000000000000000000A0010000E3
S21404A3D01814002000021000B05E0020B8150020FB
S21404A3E00000020800000000FFFFFFFFFFFFFFFF62
S21404A3F0FFFFFFFF00000000000000000000000058
S21404A4000000000000000000000000002000000023
S21404A41075E201001000000055E301000000000191
S21404A420000001010001010120C001B80000000085
S21404A43000000000FFFFFFFFFFFFFFFFFFFFFFFF1F
S21404A440FFFFFFFFFFFFFFFFFFFFFFFFFFFFFFFF13
S21404A450FFFFFFFF000102020303040506080C0CBD
S21404A4600C00010203040707C8C8C8C8C8C8C8C87F
S21404A470C8C8C8C8030404080808080800B801B80F
S21404A48002B800B068C0040050C004000304040806
S21404A49008050000000000000000000000000000A6
S21404A4A000000000EA06000048704C0F44700E0ED0
S21404A4B030707E1302989A173870340F34705A0F1F
S21404A4C0307048102C7048102870D0112470E81191
S21404A4D020703E0F1C70901218700C1314703A0FF4
S21404A4E0B110086001D80A7104B87F78020C7E782F
S21404A4F0641000C6881F00A01DB8707803B01860EA
S21404A5000F3027B30F330111C04806987C0229B0D8
S21404A510086001D8087109DD047109BB11101660C2
S21404A520A048086004100112FF3221500860D04889
S21404A530086000880698381400C4441F00A000BAB7
S21404A54003DF107109DF0672029836031DB85078CF
S21404A55000A04413281441158110086002D8147111
S21404A56010880698201900C014C000B80698861BE8
S21404A5700091069892020160B83020D806711EBC7D
S21404A580637C784D5412F03240DE0472404804DB9B
S21404A59008720DDD0C72044BEF3014480698F20472
S21404A5A000C4E04000544412086201322140087C92
S21404A5B0811140D91C72B1123032CF4A013AB1DA55
S21404A5C0107208D8067104D80871804C237C567023
S21404A5D0684C441200C4A41E00A04414413AF32458
S21404A5E00164415C412A047580B800C4604000548C
S21404A5F081D8367140D90472237C084B0698F2043D
S21404A60004BA1CB9767900C1204001B835797F2197
S21404A6106121007906B906A901D8067102981002CC
S21404A620804C307C0298640208D86A7100C1544099
S21404A63000B8141110D95E71584C441280BDA26D36
S21404A640FF25784C4412FC22513A2814104C00C2C0
S21404A6500CC101B8241228140862281408622814AD
S21404A66008622814304C304C00C11C4000B8141149
S21404A6701814086100C5284001B85415FF35047144
S21404A68010491814B04C441208620132067102983C
S21404A6900401804C08D80C7107BA24D8047106BA91
S21404A6A0187004D80C7101BA40D80E7102BA0A7038
S21404A6B005BA20D8047203BA204C4411C04C1814AE
S21404A6C0086118149111383111429111186110D98A
S21404A6D00472EF3200C1084001B8141110311E6133
S21404A6E011422814A1110861181406986C1B18143A
S21404A6F000C1084001B814111861FF31181400C1D4
S21404A700448001B8141118140861181430880248DB
S21404A71006989403009308DB047101F800A027B0A0
S21404A7200F3000A01088B111186180D90A7100C1D9
S21404A730884000B80811009100A000C4684000B822
S21404A740441000A000C08840005004118261041028
S21404A75082601050F07200A054155045127106988D
S21404A76002050698920407B8707802B841781EBAB3
S21404A7705B7A5C7A5D7A00C220C001B8241206981F
S21404A7802A1900C5481F00A05415511400C3FF0120
S21404A7900000313D09647F3406989C020158512814
S21404A7A00475015841280E758111086102D9047296
S21404A7B0FF0FCC7007B8727800F8EBBD00C0441FDA
S21404A7C000A00411113D10D91271FF33186300C1A3
S21404A7D0781002B8381107B97479581000A0069892
S21404A7E092020D300472044809DC0472084800C161
S21404A7F01CC101B8141100C3D01E00A09115043565
S21404A8001A7218131CBB08D804716C7B04D8047124
S21404A8106A7B1DBB2F7C5B7B1670044B18131CBB1A
S21404A82008D804716F7B04D804716D7B217C0C30CE
S21404A830026006987E040698C40B00B8B11118612D
S21404A84040D906720298580401BC00C2084001B8F8
S21404A85000DC0A7124150265604A0A702C4A241525
S21404A86008654C4A043508D90471202400C13C1FED
S21404A87000A0141200DC327120D8067101B80C70E6
S21404A880F0DA0C720CDB087102B8069886044824C9
S21404A89000C3384101B834138F7B0E7102B991138B
S21404A8A008DB047203B928707C4914111110FD30BA
S21404A8B00DDC1C7200C0A01E00A0041080D810710D
S21404A8C000C0448001B80410E5200475804900C324
S21404A8D0884000B8FFB801201141087101411813DF
S21404A8E00824014200C1284000B8141101411C6527
S21404A8F05141911520351E655141181328134813EC
S21404A90000C3844000B8341003D81671073005DC41
S21404A9101071B1108F780A7200C384C40350217B6F
S21404A9201DB8507800B800C13C1F00A014121C606B
S21404A9302150F0300152281100A04024076400C0C2
S21404A940FFFF0100013C17B002200158402806759D
S21404A95018AC01EC00A0208800C020C001B8041286
S21404A96017B4211304123052F8711964402400C33A
S21404A9705C1F00A0341014110698F60D196100929D
S21404A98011592129067600BB11590698D60D8762FF
S21404A990313B0472215A412A00A000C2686000B804
S21404A9A0B8B91F610D49181200A0308801B91161A9
S21404A9B000C30000C0FF3110312800BC002D0C7508
S21404A9C0115418AC01EC312DF4701964511341552F
S21404A9D0312C009300A000C3C00FFEFF50B2313AE2
S21404A9E0014250AA00A006983E07FFB08678087178
S21404A9F05CB86B786E7800C2548001B800C0D81F6B
S21404AA0000A004100812B822217A237A52B841789A
S21404AA1001B80C6021A809B819604CA800C0FFD181
S21404AA20C1FF4FB2013A00C0002E300001424FAAC7
S21404AA3024B86E78ACB9FFB004D804714CB923A915
S21404AA400698A80500C01390010006982E0500A0DD
S21404AA500698020519B81460FFB28C620F32826A37
S21404AA60214006982E0549BC21B952B849B207DEE2
S21404AA702A7105DE0871627C607C1D0C617967783A
S21404AA8064786B786278657863786078617C010CAA
S21404AA90010C6878020C69786C78020C00C22C8071
S21404AAA001B8277A287A267A6A78050C41790A0C3E
S21404AAB0B11040D806710298BA06784A2B7A327AD0
S21404AAC0584A247A00C400011100404A00C0108489
S21404AAD000000812508800C584100100FBAD10BDAC
S21404AAE001BB8A6B21B9FAA9C44A1812217A227AC0
S21404AAF000C0341F00A00410FCA88264411030304B
S21404AB000129F9A9F8ADFBB08260FBA80330A06563
S21404AB102110044820EC237A0410037A184A2411DE
S21404AB20DC4A01580029241004753150F8B111503C
S21404AB3081632A71514031400812FCB18461FCA93A
S21404AB400F310E7117B0112817B111591028FA7663
S21404AB50C44AF9B11812217A227AA0700095081214
S21404AB60F8A800C20C8001B8207A844A00B80812FB
S21404AB70020CA44A087A020C21B84178784A0B7A67
S21404AB80127A00C2C81F00A0FFB008D80472184A80
S21404AB90241000DC0A7140A80422241041A8069858
S21404ABA09C0200C2481F00A02410015100C4FF01EB
S21404ABB0000041391150081200A006983E0700BC58
S21404ABC000C20C8001B8217A52B84978020C487841
S21404ABD0020C49B8417852AC21AC204A087A067A6D
S21404ABE0077A49AC00A059B840785AB101D9FC722A
S21404ABF0427857B8407858B101D9FC72427800A020
S21404AC0000C20C8001B8217A227A21B8547852B84E
S21404AC10BC4A24119979127107B915614CA9617857
S21404AC2000BB03BC0C64147009B919614CA94178C3
S21404AC3001BB126300C4002E300000C0FFD1C1FF68
S21404AC404FB1013941414FA9E44AC8B8081224ABB0
S21404AC504CB823A80698A80500C004900100FFB1CC
S21404AC6086790471084806982E0500C080090040BD
S21404AC7040A809B8FFB108D9047103B853A8B110A5
S21404AC8004D80C7156BB607B57BA627A607A02D8D5
S21404AC900C7156BB607B59BA627A607A04B86E78D7
S21404ACA03DB8607800C05638000000C1B08001B8D6
S21404ACB014119979087200C0D604000000C124C09B
S21404ACC000B814119F79047208484CA82EB8FFB136
S21404ACD008D906714AA804704BA80FB834A800C057
S21404ACE00C5E000046B2014246AA00C12C4001B8E0
S21404ACF0141108610631087100B9069850110698B7
S21404AD003E14B11101D90E710698921B02D906722F
S21404AD100698A00C069838145114069892040698BF
S21404AD202A110698641700A006984E1701D80A71CF
S21404AD301CB85B7807B8757800B84CA84AA84BA826
S21404AD4000C0F321FFFF46B1013946A904B86F7865
S21404AD5000A0FABC1964415C512C00C0581F00A026
S21404AD600410012C0675069892040698780FB11004
S21404AD70186005D8327140BA06980E1404B865787F
S21404AD80911004D816711CB86E7800C0684000B8DC
S21404AD9021780698781101400A721DB84278069800
S21404ADA04A1402985E0B1DB8717804B86C7841B8E2
S21404ADB0427863784478FFB104D906720298CA09C7
S21404ADC000C004900100FFB1867904710848069813
S21404ADD02E0500C32C1F00A000C274C000B82414A3
S21404ADE0481300BC48121C4B1C4A2414481300BCCD
S21404ADF04812084B584A2414481301BC48124ABA4D
S21404AE00447A427A4BBA447A427AFFB0867804721D
S21404AE10617A4CBA647A657A3DBA607A4DB942B8BA
S21404AE203FBB5B7966796179020C6479050C6379BA
S21404AE306079050C627965795A7900C2340102B8E2
S21404AE40241305B819603140081242B86A78020C17
S21404AE504A78020C40BCFFB208DA06714ABA067099
S21404AE604BBA627A657A677A667A6A79667B0298FA
S21404AE70A40A00C32C1F00A000C274C000B8241487
S21404AE8048131C4B1C4A241448133FBC48121C4A43
S21404AE9000BC4812084B444A2414481301BC481208
S21404AEA04ABA647A627A4BBA647A627AFFB3867B69
S21404AEB00472617A4CBA647A657A3DBA607A01D9CA
S21404AEC04E71647800C1708001B800C0800008002C
S21404AED008110698860B42B861784DB97F797E7959
S21404AEE06A7868786278020C7B790F0C7A79140C8D
S21404AEF07479417860787579050CFFB208DA0671C2
S21404AF004AB804704BB8657801BC1664407002D920
S21404AF103C710698860B42B84DB9687840784178FB
S21404AF207F797E797B790F0C7A79140CFFB208DA74
S21404AF30087171794ABA067070794BBA7279657A73
S21404AF406A78020C4A78050C01BC1664020C417936
S21404AF5040790C0C00C04C0102B848100698F20464
S21404AF6000C4784000B8007C00C0A01E00A00411F5
S21404AF7080D93271911104D92C727F2021200411BA
S21404AF80FD310DDD207200C0448001B80411E521B6
S21404AF90147600C0244001B804118A790871207C14
S21404AFA0104C207C2AB86278511400C0581F00A0A8
S21404AFB00410012C17B001118768015841280E7639
S21404AFC005218769415C412D112D0670069892046F
S21404AFD042B84DBB7C7B6478020C29B8687851145F
S21404AFE0404406750698920442B844782AB84278D3
S21404AFF0FFB101D90C7100C1548001B8CBB8081157
S21404B000911004D8147100C0A01E00A0041080D8AB
S21404B010067107B8537800F807B800C1CC1E00A024
S21404B02000C220C001B824122811777800F8B110A5
S21404B0309478387106989C02E4B91159112806765A
S21404B04000B80C70A0B9115901290475A0B8826023
S21404B05000C3C01F00A03413012B341000C3FFFF2D
S21404B06000FF42B13139114042A800A01DB09178CA
S21404B070FA7142B86478020C00BA29AA00C4548053
S21404B08001B842B84DB900C3C04001B83413977B29
S21404B090047240EC020C44785C7953AA0A0C281417
S21404B0A042B84DB9FFB301DB2671244C00C3FF0F31
S21404B0B0FF0138145479407841785579020C5B794D
S21404B0C05A79140C5F795E794A784278347002DBD8
S21404B0D01471527951795079020C5B795A795F79F7
S21404B0E05E791E7004DB1A7100C4FF07000000C3FB
S21404B0F0342102B848133FBB467B020C5B795A796D
S21404B1003DBB407B4CBB447B457B00C3301F00A04B
S21404B1103414403C207100C068C000B8481028139E
S21404B1201C4B1C48341448102813144B444834143D
S21404B130481028134AAA4BAA04B86D781DB851784B
S21404B1405CB84B784E7800A000C074C000B80411F8
S21404B150108800B9181068480411108801B90B61EA
S21404B16018102C4804111088008800C1231C000005
S21404B17018104AB864784BB86478260C28B000C116
S21404B180FFFF0FF0113871B90B61114028A828B9D8
S21404B1907379747900C21010303045AA54790E0CB5
S21404B1A000C0E84001B8041100C23030101045AAAF
S21404B1B00E0C0410008810880698620D009100900A
S21404B1C020888F618F600698620D0090886A2140FF
S21404B1D00112906A035800C13F3F00001138FFBCBB
S21404B1E0022441281138014245AA28B953794AB89D
S21404B1F044784BB8447800900091181000912C487D
S21404B200181000916848181000A09168436091696E
S21404B2104361115B012B112841603128315B00BA70
S21404B220302806763128204A4163302806763128AD
S21404B230104A4163302806763128084A416330288C
S21404B24006763128044A4163302806763128024AB5
S21404B250416330280476014A00A0115910D90671BA
S21404B2600860086008D90471086004D90471046091
S21404B27002D90471026001D90471016000A000BA09
S21404B28001D806710148112A1F61016001D8F672BF
S21404B2900138F67200A000C220C001B82412115969
S21404B2A02129127300210E7100C238C001B824127D
S21404B2B00121212900A002B020D8147100C0B01EBC
S21404B2C000A0041002B9457906987613EA7003B014
S21404B2D09F78087200B806A800F806983E0700C5CE
S21404B2E0641F00A05088044D1CBC00C0B41E00A0FF
S21404B2F0811101D91E71407C009501150C4D5088B2
S21404B300044DFFBB1863315B04110698EE0D31291A
S21404B310F8750698681A54150698921B01D908728F
S21404B3200698580706700698F4071CBB547B0698C4
S21404B3304E1701D8067202981A0FFFB90121103869
S21404B340F67281129B7AF07100C2448001B824140C
S21404B35000C0C01E00A004100113002004104050BA
S21404B3600C7200B90698280F18B90A7018B906980E
S21404B370280F00B900B806981E0F704A08B8069839
S21404B3801E0F00C2284000B814B806981E0F00C24C
S21404B390EC4001B80CB806981E0F202210B8069888
S21404B3A01E0F108830880698580700930091069858
S21404B3B0280F00C0C41E00A00412FFB901212141B9
S21404B3C01810009500F8312811280410081200A05F
S21404B3D004B831281128F8B1181000A0069880087F
S21404B3E00E700698C40B0698800806987212069883
S21404B3F012079112211900C02C4001B80A78097866
S21404B40000F810B901BA0698041406982A1106988A
S21404B410641700C5641F00A081109D78FC7200F8B4
S21404B420911203321CB900C3A01E00A0341300C43A
S21404B430B04000541DB84278707903DE0671447833
S21404B4403A707179A11020D806710298541080DBE6
S21404B4501C7102D8187205B80814A11010300248DE
S21404B460081400B808149110086008141DB862780F
S21404B470A11000DC0676517900BA06984E1701D85A
S21404B4802272911120311D61911004D80E7200C1F0
S21404B490501F00A0141101D90A7120880698501173
S21404B4A0009200C1204000B801DB1871084C03DE8E
S21404B4B00471904C441400C3FF1F0000413BFF235B
S21404B4C03811944900C3384101B83413086380DB4B
S21404B4D00C7103BA186206983C1008701862069835
S21404B4E03C100C490879097914102140081100A071
S21404B4F000BD0698760210B903DC047100B901BADF
S21404B5000698041402D9067100404E7203B11861FD
S21404B5100F3106987811FFD82872811008D8187150
S21404B52006DD0A710698760203DC0C720698BC11D6
S21404B53006984A140C7006DD10710698C2114870FD
S21404B54020B804A806DD107206988008069812072C
S21404B55001F840B804A800F800C0A01E00A0041318
S21404B560086301DB227191100111186111381DB9AD
S21404B57010D8087144790298541002DBFA72A113A9
S21404B58028DBF47203BD06981E11069880081DBABF
S21404B5907F7A0698F20400C5681F00A00698760213
S21404B5A000BA03DC1672044DA11002D804711C4DB7
S21404B5B000C10CC101B80698AE045415212D069896
S21404B5C03E050298AA0891100155033551500119F9
S21404B5D000A000C14C1F00A0141001D842710148FD
S21404B5E00860FE200E75811020D8087100C1501F17
S21404B5F000A0141101D9287100C02C4001B804120F
S21404B600215108610F3118611152281000C00840FA
S21404B61001B804119112215120311152211900A0B0
S21404B620811380DB067201B800A000C314C001B801
S21404B630341006302E726C4B34121C4B34101860C7
S21404B64002302072811080D8DE713410014A0862FC
S21404B6500460803021508C480A717F234D233410B7
S21404B660013000A000BD06981E111CB84778457826
S21404B670437802B8447800A0069880080698BC115F
S21404B68000C5741F00A0541506983E050298AA0823
S21404B690B1138F7B0A7200C384C40350017B0698DF
S21404B6A03E1400C1384101B814118F790E7100C1DF
S21404B6B0B84000B800BA06983C1050BA06980E1463
S21404B6C006987811FFD84A71911004D848728110F0
S21404B6D008601CD8407220D938721112FF322151EA
S21404B6E0347180218021111400C0D81E00A00413D8
S21404B6F0FFBA3151113A215111531DB938107B79D3
S21404B70040440E7200B900C2AC1E00A018120670A7
S21404B71004B860780698381400F800B900C2A4404B
S21404B72000541812644A0AB918121CBA507A517A8C
S21404B7301DB942795F7900A00698760207DC10727C
S21404B740911000200A75069872120298660F0698E1
S21404B750120701B9911004D8047100B910BA0698FA
S21404B760041400BA0040347100C0A01E00A00411E6
S21404B770086101D9127104D9E2728110086001D8F7
S21404B780DA711DB8647800C11CC101B80698AE040D
S21404B79001B81160002A047600BA00C5781F00A01C
S21404B7A05415212D069872120698580700C57C1F5A
S21404B7B000A000F800BC811108D9167280D9207246
S21404B7C001B910BA0698041400400E7101BC10703A
S21404B7D00698BC1106984A1420B804A800F80698DF
S21404B7E0721281110231127100B900C21440005461
S21404B7F01812244A02B918120698BC1100C5801FF4
S21404B80000A054150698F01A0298AA0804110121FB
S21404B81014711CBA737A042004122811042004112B
S21404B8200121F47200A00698F20401F806984E1757
S21404B83001D81671FFB9012110380E7281109B7859
S21404B840087104B9677900F8911010D8287100C5FA
S21404B8501CC101B854110698EE0D00C5C81E00A000
S21404B86054155129EA7507B876781DB8447801B896
S21404B87004A800F8B110186010D82E7100C050400B
S21404B880005400C3084000B83114984C44113411D5
S21404B890086101D9FA714412281008622810086257
S21404B8A0281008622810E8700298B00206989202DF
S21404B8B0113804721E6202BB00C1D81E00A0141107
S21404B8C020390C72911210DA0672417B00A0069899
S21404B8D03E1400C2A01E00A0241220DA0472617B6B
S21404B8E01CBA527A00A01CBA727A811204DAFC726C
S21404B8F000A01CB86B7800C0684000B82F7800A081
S21404B90006984E1701D83A7100C22C4001B824108C
S21404B9100360911120310151383111501D60081215
S21404B9201DB9457900C2448001B8241200C0C01E67
S21404B93000A004101820002004102050047165791B
S21404B94010631EB9637900B902EC00CD114502EC10
S21404B95000CC01DB087100BB0298D61803B841116D
S21404B9600731FA211C760621911210DA087102DDDD
S21404B97010721E7020B80698B20D3038147208B8CB
S21404B98006987E0400C02C4000B82978207800F879
S21404B990056020D8067102980C1602EC00CA05B899
S21404B9A023DA187104DBDA7120DAD67110DAD2726F
S21404B9B01EB8617800B801DA067202EC00C891116C
S21404B9C010D9267100C1B81E00A014111150FF3002
S21404B9D00C720761A110115002300A7180DB0A72E2
S21404B9E00AB89E701DB97C79186091111140211116
S21404B9F0C031114001191EB8411108D90471667886
S21404BA0020D904726578A11002D80672C0DA1E71B5
S21404BA101EB8273123DD087210DB1072607825DD2E
S21404BA200A7121DD087208DB0471627803B84111DB
S21404BA3007310872A1152035AA7102DD2072A11102
S21404BA4020D9A07102D91672CCDA9872411140D965
S21404BA50927206B8054D5A720298AE1421114049E6
S21404BA60C0D94C71A031411540350265514104617D
S21404BA70086308DA1E7204DA36721049A115023514
S21404BA80067110DB0E7201340A7108DB22711EB8CF
S21404BA906778CC3211101A300ADC0872CCDE0471D6
S21404BAA0FD3100C00D0F0C0D216001D85C7207B883
S21404BAB00298D81400BA411108D90C7102EC00CAD5
S21404BAC005B830DAEC720734F031036101DA047138
S21404BAD0014900C0F300A3E3216001D8D27100C07D
S21404BAE09814406821604030014440DA0471204CC8
S21404BAF004320262204A111006301F6001421831D7
S21404BB001D6111420298F614204A00C00517085019
S21404BB102160113001422088FFBB0DDA507100C14C
S21404BB20DE1B250180BC04DA107208DA0A7200C132
S21404BB3020841000E024A02408634143026401DA50
S21404BB4006711E49024B00C0201F00A0086338106F
S21404BB50BC2002DA127101B91159A11380DB0871F5
S21404BB6000C100FCFF0118100298621800C4A01E51
S21404BB7000A0441080D87C710092D0DA06710DDAE9
S21404BB800C711EBD437DEFBD0698140304620DDAE6
S21404BB908672A11105D95C7100C24040005424127B
S21404BBA01424281401D9067202D9327140D91E71A0
S21404BBB002EC00CA211018320471FA2220D804724A
S21404BBC00822FE22087502EC00C8F87001D90E712E
S21404BBD002EC00C802D9067204DC187200C0A01E6B
S21404BBE000A004101D6001D806711EB8647807B85A
S21404BBF073780298D61800C0A01E00A004108030E7
S21404BC000A7100C0C41E00A0041000A006984E17B7
S21404BC1001D82E71911010D828728110A0D82272E3
S21404BC2003B084781C7200C12C4001B814100DBAFD
S21404BC30487A697A6B7A08111CB87B7807B87578E5
S21404BC4000A0641000C6881F00A0C3B806987C0233
S21404BC5000C4441F00A014BA281400B8011AB11076
S21404BC608F780A7200C084C4035001789110103093
S21404BC70011905BA06980E1402D9067101B804A86B
S21404BC8000C0A01E00A004130698641180DB067191
S21404BC90029858141DBA7C7A01DB6A7100C2241F0C
S21404BCA000A024111114FF3402EC00C8FF24FA7615
S21404BCB008610698C20D046111380F30046111142E
S21404BCC0011141100698C20D01D8087203B80298F3
S21404BCD0D8140C4A01DB22712410112811280412EE
S21404BCE002300471106200C0FFFF0000213800C259
S21404BCF0204000B8FF200812411008600698C20DC4
S21404BD0001D87C7120BC1033767100BB00C1201FA3
S21404BD1000A01415C021112C511218620F320E7196
S21404BD20408851140698FA18414300945112086545
S21404BD301C620F320E71411151140698FA181C64D5
S21404BD4041430865513B00C1DC1E00A014111112CA
S21404BD5031100F30127100BA056101D80471114216
S21404BD6001600FD8F472311003601E30047201B8FB
S21404BD70003A087204B80298D8140298C41600C090
S21404BD80384101B804118F7914717F206920041199
S21404BD900861303110DD06711DBA637A0698120305
S21404BDA000F830885088FF34087102ECFF24F870DD
S21404BDB002EC00CD1410595001440421FF22F27203
S21404BDC00F4C0095009300A000C1A81E00A01411FB
S21404BDD000A030880698421B8111086102D90672B9
S21404BDE00298061A1CBB557B086120D90671029876
S21404BDF0F6190088A1101860069820190821141551
S21404BE00FC251EBB5C7B5D7B00C1084001B8141199
S21404BE100731FE21307608D82A725113FC233413D6
S21404BE2004DB20711863FF33315B00C110C000B817
S21404BE301411086180490C71FF31302954751EBBFA
S21404BE407B7B10707B7B7C7B00DD04717D7B01BB80
S21404BE503815EC25541300DF5471042505DF54719E
S21404BE605415211120880698EE0D009251293E752E
S21404BE7000C1084001B8141102DB0C710731315BB4
S21404BE8031292A760C7004DF0872016180D91E728B
S21404BE900698201900C010C000B80698861B06989D
S21404BEA020191411FFD9607202984C1A009000935E
S21404BEB000A05415A111186110D9A672082508D837
S21404BEC0A071082510D89A71208821110698EE0DC5
S21404BED0FC255412112AF82554110C2520D8087173
S21404BEE0F02554111025202904762159181500929E
S21404BEF00298B81907B97179811010D80A711CB85C
S21404BF00447802B841781CB9747904B9677900F8A2
S21404BF108110A0D808711CB9497900A0086002D81D
S21404BF20FA7106982019108806983E14106210DAE2
S21404BF30087108211415F025541100C20020FEFFD4
S21404BF40202912750698921B01D90A720698800851
S21404BF500698120700941CBB41100C200698641324
S21404BF604111082114100698641331284411111243
S21404BF700861FF31FF320122105210721861181442
S21404BF8004244413042438140C7018612141181432
S21404BF9008240814029838144044147100C1AC1ED6
S21404BFA000A0141551131C630FDB0C721965069858
S21404BFB00205411500A000C3784000B83413807B06
S21404BFC006720698120706983E1408BB5114069883
S21404BFD0B01A4415FC25541500C3784000B8341331
S21404BFE0807B047100A002983E051CB900C3A01E05
S21404BFF000A03413086308DB1A718113A0DB0671F2
S21404C000497910706979086302DB087204B96779A4
S21404C01000F800A08111086102D910711CB9757965
S21404C020069820191411FF3100A0FFB900A00410CF
S21404C03008211411F421081100A081111061103197
S21404C0400E710698201908211411F821141100A065
S21404C050A8C204000000000080C004000100000024
S21404C0600000000000F04902A8C20400000000001E
S21404C070A4C00400010000000000000000F0490213
S21404C080C8C004004063598F404B4C000B000B00A3
S21404C0901A00FF7FF8750020000000004AC504005F
S21404C0A000000000B8C104004063598F404B4C00A8
S21404C0B00B000B001A00FF7FF8750020000000003C
S21404C0C048C5040000000000FC1F0103A8C40400C7
S21404C0D01CC0011000F807001CC001301402080040
S21404C0E050C0010087413004244006010700620066
S21404C0F03870000000000000000000030068010F14
S21404C10040B8244058400101FC0069008040050105
S21404C1102363E0119BC34A74F0030000038000000D
S21404C120BE0A0000E040010133000000F0400401B4
S21404C130590B0000640483078813C83A90200A0049
S21404C14028410101001E00003C410B0100148C0034
S21404C150141A21282E343B42495043557698BA0C7B
S21404C16028690000010000000721286414171A003B
S21404C1702004C869A1203A093C42010129000000B4
S21404C180A080020170780300D5C00000A8800111C9
S21404C190F0010000A88001310542CB01AC800111FA
S21404C1A0F0010000AC80013105228D00B080010151
S21404C1B000030002FFFFFFFFFC1F0103F8C4040096
S21404C1C01CC0011000F807001CC00130F50208006E
S21404C1D050C001008741300C2440060107C05200BD
S21404C1E00000000000000000000000030000000043
S21404C1F000000000584001016402FF008040050171
S21404C2004B01A0089BC34A74F00300000000000022
S21404C21000000000E040010133000000F04004018B
S21404C22000000000640483078813C83A9C200A00B0
S21404C23028410101031000003C410B0100000000EE
S21404C24000000000000000000000000000000000E5
S21404C25000000000010000000000000000000000D4
S21404C26000000000000000003C4201010000000045
S21404C270A080020170780300D5C00000A8800111D8
S21404C280F0010000A88001310542CB01AC80011109
S21404C290F0010000AC80013105228D00B080010160
S21404C2A000030002FFFFFFFF0C40020001801400A1
S21404C2B07F40000020400200000000000000000054
S21404C2C030400700000000000000000000000000EE
S21404C2D0000000000000000000000000A0070000AE
S21404C2E050400100000000005C4002000000000016
S21404C2F000000000A840010007000000B44004004D
S21404C30000400000FF4C000000410000FF4D00000C
S21404C31008C001000000000020C00110FF0000005B
S21404C32020C001300043000024C00400EC80B303A6
S21404C3304375A802000000002E02000054C003004B
S21404C3400E2D09E654060708D1B6020064C008009C
S21404C3500430000040201006C8F248181FE8F60013
S21404C360BD4B721511A3180510325476980A0000B6
S21404C37088C0010000000000080001010407000056
S21404C38018000101000000002000010108840000DC
S21404C3901C4002011000000020F913045C40050153
S21404C3A04108000001000000B0070800A7000000D4
S21404C3B000000000944007010101103050707F7F98
S21404C3C00000000000000000000000000000000064
S21404C3D000000000E440010100000000EC40010100
S21404C3E07DA8D98B0041020100612000B7563512A2
S21404C3F00C410301F95412002030042988BB400084
S21404C4002441010100000000304103016406660C6B
S21404C4100C010000E853FA00684103016404830732
S21404C4208813820000000000304203010000000070
S21404C4300000000E0000000044420101000000005D
S21404C4401080010103000000388002011149100029
S21404C4500100000088800101000000009C800101AA
S21404C460EB400200B480010137000001880002029C
S21404C470000C00044C0000009400010200040000BC
S21404C480D00002020E00000090029608E4000102AA
S21404C4903D094204F40001020000000018010102F4
S21404C4A060005102FFFFFFFF120000006666660090
S21404C4B0000000005CC504004CC504000000000039
S21404C4C0001A9A00005A620280841E000420FE00AD
S21404C4D011495002000000000000000000000000A7
S21404C4E00000000000000000B1841E0000000000F0
S21404C4F000000000000000001200000066666600EF
S21404C500000000005CC504004CC50400000C0000DC
S21404C510001A9A00005A620280841E00042000005A
S21404C5201149500200000000000000000000000056
S21404C5300000000000000000B1841E00000000009F
S21404C540000000000000000005040000E1190000DF
S21404C550E11900000000000000000000193F010679
S21404C5600410010000010106001027000009000065
S21404C5700000000000000000B9EB010069EB0100B8
S21404C58075EB010065EC0100ED860300878C030063
S21404C5908B8C03008F8C0300938C0300978C030012
S21404C5A00001030464EE01001000000024E1010011
S21404C5B01A00000079EB01001100000075E4010088
S21404C5C01100000063E511000400000023E11100DF
S21404C5D00400000025E101000800000026E1010037
S21404C5E00A00000027E1010002000000000000002D
S21404C5F00000000055C704004FC7040000000000F8
S21404C60056C704000F8A040000000000098A0400CC
S21404C6100B8A0400000000000D8A04002DC70400E5
S21404C6205BC70400108A04000A8A040000000000A5
S21404C6300E8A040048C60400078A0400088A040018
S21404C6400C8A0400068A0400000203040508090A8A
S21404C6500B0001020304051D2000B40108020200B9
S21404C660AA00FFFFFFFFFFFFFFFFFFFFF5A9030080
S21404C670D14802004D7402009D1103005D7702004C
S21404C6805B9303005D9303005F93030061930300D1
S21404C6905DD80200F9B002003DF20200490B030027
S21404C6A06D6502005593030099B302005793030087
S21404C6B07159020059930300557C0300655E02001D
S21404C6C0CB5103000000000000130000000000002F
S21404C6D0000000000100000025B702000200000070
S21404C6E053A40300030000007DB60200040000000B
S21404C6F0CDA30300050000001DB6020000000000E4
S21404C700000000000023001B2200FF0000000000C1
S21404C7100C090202000000001C1A0B0303FF0608A3
S21404C7200402020204020A0B030302030480FF024B
S21404C73004FF010101010800000000000000005A87
S21404C7406967426565416C6C69616E636530398002
S21004C750008F8E8C80808006080C108001
S20C04C75C8085FB7F010000004C
S21004C76470C70400D0710020D50100004E
S21404C7700000000000000000FFFF000001000000B1
S21404C78000000000000000000000000000000000A0
S21404C7900000000000000000000000000000000090
S21404C7A00000000000000000000000000000000080
S21404C7B00000000000000000000000000000000070
S21404C7C00000000000000000000000000000000060
S21404C7D00000000000000000000000000000000050
S21404C7E00000000000000000000000000000000040
S21404C7F00000000000000000000000000000000030
S21404C800000000000000000000000000000000001F
S21404C810000000000000000000000000000000000F
S21404C82000000000000000000000000000000000FF
S21404C83000000000000000000000000000000000EF
S21404C84000000000000000000000000000000000DF
S21404C85000000000000000000000000000000000CF
S21404C86000000000000000000000000000000000BF
S21404C87000000000000000000000000000000000AF
S21404C880000000000000000000000000000000009F
S21404C89000010F000000F00108000000A0100020B6
S21404C8A00100230104000000A81000200600300147
S21404C8B001000000AC100020FFFFFFFFC0EA2101CA
S21404C8C0C0EA21010080000000F049023073002015
S21404C8D000600B000080000004430020C800000035
S21404C8E0FE00000000000000447B0400B01000209E
S21404C8F0FFFFFFFFF87E0400330000002112010052
S21404C900330000000D56030064F6030068F60300C7
S21404C91075F6030082F603008FF603009CF6030008
S21404C920AFF60300C1F60300CEF60300DBF6030001
S21404C930E8F60300FDF6030010F7030022F70300F1
S21404C94037F7030046F7030057F7030066F70300BC
S21404C95076F7030082F703008FF703009FF70300C0
S21404C960B1F70300C0F70300CFF70300D8F70300BE
S21404C970EDF7030002F8030017F8030037F8030086
S21404C98045F8030064F803007FF8030092F80300F8
S21404C9909FF80300B4F80300C3F80300D2F80300BA
S21404C9A0E4F80300F6F8030009F903001CF9030091
S21404C9B032F90300000000000F00000069FB0300CA
S21404C9C080FB0300FF0000000000000000000000E1
S21404C9D0000000000000000000000000000000004E
S21404C9E0000000000030E70400C81803F903040040
S21404C9F0FE0304002B04040056040400840404000C
S21404CA00B2040400E10404000E0504003E0504001C
S21404CA106E050400BE050400FFFFFFFF00F80300D8
S21404CA20FFFFFFFF0000040000000400005C260572
S21404CA3094740020060000007CA10400000000009E
S21404CA400100190001000000EC4E0020010019004E
S21404CA5001000000EC4E0020010019000100000057
S21404CA60EC4E00200100190001000000EC4E0020EE
S21404CA700100190001000000EC4E0020010019001E
S21404CA8001000000EC4E0020010019000100000027
S21404CA90EC4E00200100190001000000EC4E0020BE
S21404CAA00100190001000000EC4E002001001900EE
S21404CAB001000000EC4E00200100190001000000F7
S21404CAC0EC4E00200100190001000000EC4E00208E
S21404CAD0F85200200000000000000000788A0400DD
S21404CAE0145A002048750020D45C00209478040072
S21404CAF00600000000000000000000000000000027
S21404CB00DCA10400F4A104009F780400592F04005B
S21404CB10FE0000007875002000000000E45C0020A1
S21404CB204C5D0020B45D0020000000000000000002
S21404CB3000000000000000000000000000000000EC
S21404CB4000000000000000000000000000000000DC
S21404CB5000000000000000000000000000000000CC
S21404CB60000000007F820300C8A30400FFFFFFFF4D
S21404CB70C3850300BF850300FFFFFFFFC7850300CF
S21404CB80FFFFFFFFE5160200FFFFFFFFFFFFFFFFAB
S21404CB90FFFFFFFFFFFFFFFFFFFFFFFFFFFFFFFF9C
S21404CBA00000000020A107000000000031C30300BD
S21404CBB0000000000000000000000000000000006C
S21404CBC0000000000000000000000000000000005C
S21404CBD0F4620020E13E020055580200592F04007A
S21404CBE0000000000000000000000000000000003C
S21404CBF0F46200207945020000000000592F04006A
S21404CC00000000000000000000000000000000001B
S21404CC10F4620020A14F020055580200592F040068
S21404CC2000000000000000000000000000000000FB
S21404CC308C790400F4620020F96902000000000008
S21404CC40592F04000000000000000000000000004F
S21404CC5000000000F4620020FD72020000000000E4
S21404CC60592F04000000000000000000000000002F
S21404CC7000000000F4620020598302000000000057
S21404CC80592F04000000000000000000000000000F
S21404CC9000000000B80B0000F46200203987020090
S21404CCA000000000592F04000000000000000000EF
S21404CCB00000000000000000F4620020199002004A
S21404CCC000000000592F04000000000000000000CF
S21404CCD00000000000000000F462002089910200B9
S21404CCE000000000592F04000000000000000000AF
S21404CCF00000000000000000F46200208F9903008A
S21404CD0000000000592F040000000000000000008E
S21404CD100000000000000000F4620020D19402002D
S21404CD2000000000592F040000000000000000006E
S21404CD300000000000000000F46200207599020064
S21404CD4000000000592F040000000000000000004E
S21404CD500000000000000000F462002057A6030054
S21404CD6000000000592F040000000000000000002E
S21404CD700000000000000000F4620020EDF1020054
S21404CD8000000000592F040000000000000000000E
S21404CD9000000000000000009FAB0300F4620020C7
S21404CDA0B90B030055580200592F04000000000078
S21404CDB0000000000000000000000000F4620020F4
S21404CDC02912030000000000592F04000000000090
S21404CDD0000000000000000000000000FFFFD00775
S21404CDE0B80B0000FFFF4D01A700FFFFCEFAEFBE11
S21404CDF0FFFFFDFFFDFF0C002C01001E2C0140066A
S21404CE008000FFFF04F8FFFF0C0000000000000095
S21404CE104000FDFF2C019C000000FFFFFDFFFFFF0C
S21404CE20FFFF60EA8000800010C1CDAB010A0F311D
S21404CE302E322E312D663162383737343739013287
S21404CE400201FFFFFFFFFFFFFFFFFFFFFFFFFFFFE4
S21404CE50FFFFFFFFFFFFFFFFFFFFFFFFFFFFFFFFD9
S21404CE60FFFF01FF05FFFFFF0101FFFF0201FFFFB8
S21404CE70640250FF0F0208031E050216010A0C0581
S21404CE802007051001010F080101010104FF030139
S21404CE9001FF0C01FF405AB47F0150403000FFFFF1
S21404CEA0FF0B03FF050B01030105020201FFFFFF51
S21404CEB0FFFFFFFFFF010102FFFFFF01BD4C000063
S20804CEC0954C000084
S8040098F96A
